sample,gene,log2cpm,label,group
TARGET.20.PATJVL.09A,CD96,7.98472265816668,CD96,lead
TARGET.20.PAWWEE.09A,CD96,7.646354148212291,CD96,lead
TARGET.20.PARCEV.09A,CD96,7.96492828779512,CD96,lead
TARGET.20.PASCCS.09A,CD96,2.805888192592566,CD96,lead
TARGET.20.PAEIKD.09A,CD96,5.279343486911292,CD96,lead
TARGET.20.PAWNBB.09A,CD96,5.004921585950841,CD96,lead
TARGET.20.PARTYV.09A,CD96,7.609955303125314,CD96,lead
TARGET.20.PAVAGA.09A,CD96,5.698686550241212,CD96,lead
TARGET.20.PAWJGZ.09A,CD96,1.8007211035335262,CD96,lead
TARGET.20.PARERV.09A,CD96,7.0435279617573725,CD96,lead
TARGET.20.PAUYIB.09A,CD96,2.2463326882954657,CD96,lead
TARGET.20.PAUZJJ.09A,CD96,7.637218069398485,CD96,lead
TARGET.20.PAVHFP.09A,CD96,9.629422949611468,CD96,lead
TARGET.20.PANTRL.09A,CD96,1.472771252917752,CD96,lead
TARGET.20.PAURYA.09A,CD96,8.058296093448178,CD96,lead
TARGET.20.PASBHI.09A,CD96,5.25937339813517,CD96,lead
TARGET.20.PAWVVR.09A,CD96,8.869607562317949,CD96,lead
TARGET.20.PAWZWN.09A,CD96,8.859816964713879,CD96,lead
TARGET.20.PASVYL.09A,CD96,2.2259963571262373,CD96,lead
TARGET.20.PARJCR.09A,CD96,3.0254055559783417,CD96,lead
TARGET.20.PATAPC.09A,CD96,7.176572974059979,CD96,lead
TARGET.20.PAVNVF.09A,CD96,5.418393825767486,CD96,lead
TARGET.20.PAXAAA.09A,CD96,7.445145650681248,CD96,lead
TARGET.20.PAXDSN.09A,CD96,4.125924650076125,CD96,lead
TARGET.20.PASSPT.09A,CD96,2.6388762510719004,CD96,lead
TARGET.20.PAVACZ.09A,CD96,3.437934218460819,CD96,lead
TARGET.20.PAWGTG.09A,CD96,4.257192177797509,CD96,lead
TARGET.20.PASGGK.09A,CD96,3.061333204447309,CD96,lead
TARGET.20.PANGJY.09A,CD96,0.2541795377697982,CD96,lead
TARGET.20.PAXLHS.09A,CD96,3.500991797737498,CD96,lead
TARGET.20.PAXETC.09A,CD96,1.2485444839838902,CD96,lead
TARGET.20.PARMZF.09A,CD96,3.239138986439916,CD96,lead
TARGET.20.PASBPW.09A,CD96,5.1549206832913175,CD96,lead
TARGET.20.PAVZNG.09A,CD96,6.444978516216486,CD96,lead
TARGET.20.PAVPMJ.09A,CD96,3.186324167411635,CD96,lead
TARGET.20.PAWSKR.09A,CD96,6.117870947771688,CD96,lead
TARGET.20.PAULWG.09A,CD96,6.06521872455309,CD96,lead
TARGET.20.PAWNGI.09A,CD96,6.589371803994721,CD96,lead
TARGET.20.PAVTRU.09A,CD96,6.414340784765959,CD96,lead
TARGET.21.PATISD.09A,CD96,8.888709147771577,CD96,lead
TARGET.20.PAWTWW.09A,CD96,5.850581274163074,CD96,lead
TARGET.20.PAVSIZ.09A,CD96,5.511259072790095,CD96,lead
TARGET.20.PARUWX.09A,CD96,8.223742823038446,CD96,lead
TARGET.21.PAMYMA.09A,CD96,6.655982172553703,CD96,lead
TARGET.20.PAWFBA.09A,CD96,5.37834797473097,CD96,lead
TARGET.20.PARDDA.09A,CD96,6.581932397012417,CD96,lead
TARGET.20.PABLDZ.09A,CD96,6.472040042417919,CD96,lead
TARGET.20.PARENB.09A,CD96,7.7307719880531165,CD96,lead
TARGET.20.PARXZP.09A,CD96,3.459129046182523,CD96,lead
TARGET.20.PAUSMT.09A,CD96,2.469882221751858,CD96,lead
TARGET.20.PAXJNP.09A,CD96,2.699197968420589,CD96,lead
TARGET.20.PAULIY.09A,CD96,6.7627524039520654,CD96,lead
TARGET.20.PAUVSU.09A,CD96,8.5608575724315,CD96,lead
TARGET.20.PANVBP.09A,CD96,2.340735058377408,CD96,lead
TARGET.20.PAWRNZ.09A,CD96,2.4891952129560746,CD96,lead
TARGET.20.PARBIU.09A,CD96,0.6047748594309773,CD96,lead
TARGET.20.PAEAFC.09A,CD96,6.439266019198269,CD96,lead
TARGET.20.PAWVNC.09A,CD96,1.5251858342925304,CD96,lead
TARGET.20.PAUWEW.09A,CD96,4.169917091075157,CD96,lead
TARGET.20.PAWYEK.09A,CD96,2.1466459027153997,CD96,lead
TARGET.20.PAXMPW.09A,CD96,0.8622347435265756,CD96,lead
TARGET.20.PAUVWF.09A,CD96,8.331857596279944,CD96,lead
TARGET.20.PAXGPE.09A,CD96,3.5069441406362696,CD96,lead
TARGET.20.PAWDTX.09A,CD96,8.706601167889684,CD96,lead
TARGET.20.PAVUAP.09A,CD96,5.497719712079719,CD96,lead
TARGET.20.PAXKAL.09A,CD96,2.7641600602650063,CD96,lead
TARGET.20.PAVDBD.09A,CD96,7.343845368648669,CD96,lead
TARGET.20.PAUSZL.09A,CD96,2.1833529024119094,CD96,lead
TARGET.20.PAVPJM.09A,CD96,2.6023722881665043,CD96,lead
TARGET.20.PAVKEX.09A,CD96,2.7954015351388146,CD96,lead
TARGET.20.PARYEB.09A,CD96,9.256565294723035,CD96,lead
TARGET.20.PAWXSL.09A,CD96,1.2837187756626836,CD96,lead
TARGET.20.PAWVCG.09A,CD96,3.5463239666605104,CD96,lead
TARGET.20.PAVTWM.09A,CD96,4.404523377507141,CD96,lead
TARGET.20.PAVHWT.09A,CD96,6.453365983472721,CD96,lead
TARGET.20.PARUUB.09A,CD96,7.158842360384761,CD96,lead
TARGET.20.PAURPD.09A,CD96,8.184815754679029,CD96,lead
TARGET.20.PARUNX.09A,CD96,3.4026083623030705,CD96,lead
TARGET.20.PASDGX.09A,CD96,2.1027774140318596,CD96,lead
TARGET.20.PAVDZK.09A,CD96,4.249150914744856,CD96,lead
TARGET.20.PANUTB.09A,CD96,4.05577640654572,CD96,lead
TARGET.20.PAXMKU.09A,CD96,1.8191477102478424,CD96,lead
TARGET.20.PAERAH.09A,CD96,8.442917145913018,CD96,lead
TARGET.20.PAUDNA.09A,CD96,7.556391259919856,CD96,lead
TARGET.20.PAVMED.09A,CD96,2.150829413526857,CD96,lead
TARGET.20.PANTIV.09A,CD96,7.205993410741789,CD96,lead
TARGET.20.PAWVGN.09A,CD96,1.718749945255475,CD96,lead
TARGET.20.PAWKUR.09A,CD96,5.008841439253783,CD96,lead
TARGET.20.PAWPMA.09A,CD96,5.43942288372137,CD96,lead
TARGET.20.PAVGXF.09A,CD96,3.449608454062411,CD96,lead
TARGET.20.PAXKKE.09A,CD96,6.568216630397042,CD96,lead
TARGET.20.PARHVK.09A,CD96,2.3288751282677738,CD96,lead
TARGET.20.PAVFYL.09A,CD96,5.724310936416381,CD96,lead
TARGET.21.PANZLR.09A,CD96,8.510364265112575,CD96,lead
TARGET.20.PAWIHN.09A,CD96,4.454409436921668,CD96,lead
TARGET.20.PAWSWR.09A,CD96,8.040005454072201,CD96,lead
TARGET.20.PAXMLN.09A,CD96,6.89514800835459,CD96,lead
TARGET.20.PAWJPN.09A,CD96,6.5781520475138,CD96,lead
TARGET.20.PAVVAB.09A,CD96,2.3855018902722875,CD96,lead
TARGET.20.PAWHJI.09A,CD96,3.5298359863538806,CD96,lead
TARGET.20.PAVXUR.09A,CD96,3.496729371544244,CD96,lead
TARGET.20.PAVUHF.09A,CD96,4.814350625884439,CD96,lead
TARGET.20.PANLIZ.09A,CD96,4.274829748663666,CD96,lead
TARGET.20.PAVHXU.09A,CD96,2.162140408257421,CD96,lead
TARGET.20.PAXBSE.09A,CD96,5.748121736070217,CD96,lead
TARGET.20.PARBXE.09A,CD96,3.8513859096799488,CD96,lead
TARGET.20.PAWUWJ.09A,CD96,9.34232273142743,CD96,lead
TARGET.20.PAVDHJ.09A,CD96,4.80069668216845,CD96,lead
TARGET.20.PANINI.09A,CD96,5.6609254902791895,CD96,lead
TARGET.20.PATMXW.09A,CD96,7.228661922959117,CD96,lead
TARGET.20.PAXCZX.09A,CD96,2.439290938226664,CD96,lead
TARGET.20.PAXCVR.09A,CD96,2.499928781493071,CD96,lead
TARGET.20.PAVDBK.09A,CD96,7.28859954384104,CD96,lead
TARGET.20.PAUJCF.09A,CD96,4.813840070219659,CD96,lead
TARGET.20.PAXGIX.09A,CD96,4.029475340575604,CD96,lead
TARGET.20.PASIZX.09A,CD96,2.0813013089418053,CD96,lead
TARGET.20.PAWLEB.09A,CD96,3.402783540621745,CD96,lead
TARGET.20.PAVNIX.09A,CD96,6.992854691793076,CD96,lead
TARGET.20.PAWWLI.09A,CD96,1.3248985222576286,CD96,lead
TARGET.20.PAVULK.09A,CD96,3.593977343499126,CD96,lead
TARGET.20.PAWIXW.09A,CD96,2.6081255613854584,CD96,lead
TARGET.20.PAXIFA.09A,CD96,2.5318749631294355,CD96,lead
TARGET.20.PAUMTZ.09A,CD96,3.4453794073567963,CD96,lead
TARGET.20.PAXDBF.09A,CD96,1.531946474726139,CD96,lead
TARGET.20.PAVKVT.09A,CD96,6.059793112051459,CD96,lead
TARGET.20.PANFMG.09A,CD96,2.076775000489961,CD96,lead
TARGET.20.PARZUU.09A,CD96,8.563397128204063,CD96,lead
TARGET.20.PAVANX.09A,CD96,4.939652738246675,CD96,lead
TARGET.20.PAWPVX.09A,CD96,0.962964022477226,CD96,lead
TARGET.20.PAVDYE.09A,CD96,3.0633296215097197,CD96,lead
TARGET.20.PAXLXJ.09A,CD96,7.622965650383084,CD96,lead
TARGET.20.PAUYHR.09A,CD96,6.479823984369356,CD96,lead
TARGET.20.PARDDY.09A,CD96,1.9641595103326932,CD96,lead
TARGET.20.PANXPU.09A,CD96,5.699072528748871,CD96,lead
TARGET.20.PAVJCJ.09A,CD96,3.2213981582961955,CD96,lead
TARGET.20.PAXGHE.09A,CD96,3.797918770271562,CD96,lead
TARGET.20.PAWBYK.09A,CD96,6.919875037449999,CD96,lead
TARGET.20.PAWRKX.09A,CD96,7.078874637580432,CD96,lead
TARGET.20.PATDNN.09A,CD96,0.9325886451560478,CD96,lead
TARGET.20.PAVZIB.09A,CD96,9.039860713232647,CD96,lead
TARGET.20.PAUVGD.09A,CD96,7.572345899551701,CD96,lead
TARGET.20.PAXEHH.09A,CD96,5.0819538021705775,CD96,lead
TARGET.20.PANGTF.09A,CD96,2.790840302466406,CD96,lead
TARGET.20.PAVNHN.09A,CD96,1.2215325487997148,CD96,lead
TARGET.20.PANGDN.09A,CD96,1.8892017315985017,CD96,lead
TARGET.20.PAVPMH.09A,CD96,5.591952603009504,CD96,lead
TARGET.20.PAVDNF.09A,CD96,4.058060437864339,CD96,lead
TARGET.20.PARCHW.09A,CD96,5.935058437348345,CD96,lead
TARGET.20.PAXACY.09A,CD96,8.21391909247856,CD96,lead
TARGET.20.PAWYNR.09A,CD96,5.870037753842901,CD96,lead
TARGET.20.PAXLJV.09A,CD96,9.03197761350627,CD96,lead
TARGET.20.PAUYAE.09A,CD96,4.768159482734677,CD96,lead
TARGET.20.PAWBDK.09A,CD96,4.387842291683821,CD96,lead
TARGET.20.PASTTW.09A,CD96,6.296928271931177,CD96,lead
TARGET.20.PARXVI.09A,CD96,8.953591144670638,CD96,lead
TARGET.20.PAWKYG.09A,CD96,7.833751684779337,CD96,lead
TARGET.20.PAVPLM.09A,CD96,7.46000863551373,CD96,lead
TARGET.20.PANXWX.09A,CD96,0.9720023151183372,CD96,lead
TARGET.20.PAUNBR.09A,CD96,1.568511446413028,CD96,lead
TARGET.20.PAVANE.09A,CD96,6.487064265920763,CD96,lead
TARGET.20.PARKCX.09A,CD96,3.320060228952388,CD96,lead
TARGET.20.PARJWH.09A,CD96,1.5333963247302331,CD96,lead
TARGET.20.PATSSY.09A,CD96,6.47869564449182,CD96,lead
TARGET.20.PAWMII.09A,CD96,2.0001109329446995,CD96,lead
TARGET.20.PAVDBT.09A,CD96,2.911149335118535,CD96,lead
TARGET.20.PAEFHC.09A,CD96,6.908270116634182,CD96,lead
TARGET.20.PAXGSJ.09A,CD96,6.408295309057908,CD96,lead
TARGET.20.PAVNAZ.09A,CD96,5.727589095908568,CD96,lead
TARGET.20.PAUHGM.09A,CD96,5.87201308190157,CD96,lead
TARGET.20.PAUJBK.09A,CD96,7.654624088164382,CD96,lead
TARGET.20.PALBYP.09A,CD96,0.5496857952888381,CD96,lead
TARGET.20.PAXFAG.09A,CD96,2.3360390556988517,CD96,lead
TARGET.20.PANJFJ.09A,CD96,7.160920692280691,CD96,lead
TARGET.20.PAXLMN.09A,CD96,4.083991422629066,CD96,lead
TARGET.20.PAPXWI.09A,CD96,2.7364436641108463,CD96,lead
TARGET.20.PAVDXS.09A,CD96,8.181254427194284,CD96,lead
TARGET.20.PAUYHB.09A,CD96,8.134540800810354,CD96,lead
TARGET.20.PASPGA.09A,CD96,3.2756834841951266,CD96,lead
TARGET.20.PAUSLS.09A,CD96,4.047786930305308,CD96,lead
TARGET.20.PAXISI.09A,CD96,8.83939129016111,CD96,lead
TARGET.20.PAWNIX.09A,CD96,6.13837209917013,CD96,lead
TARGET.20.PAXHYG.09A,CD96,4.5093241218980635,CD96,lead
TARGET.20.PAUPIY.09A,CD96,6.035490449752545,CD96,lead
TARGET.20.PAWCII.09A,CD96,4.3352837863068965,CD96,lead
TARGET.20.PAUUYP.09A,CD96,6.7208239146839395,CD96,lead
TARGET.20.PASMGW.09A,CD96,2.6563403305598894,CD96,lead
TARGET.20.PAXEWD.09A,CD96,7.754288072435957,CD96,lead
TARGET.20.PAVTKK.09A,CD96,6.226322522107103,CD96,lead
TARGET.20.PANTWV.09A,CD96,0.6840306536295039,CD96,lead
TARGET.20.PARZWH.09A,CD96,8.283833456941359,CD96,lead
TARGET.20.PAWLTL.09A,CD96,8.247978820410585,CD96,lead
TARGET.20.PANBZH.09A,CD96,6.301971858316955,CD96,lead
TARGET.20.PAVKNA.09A,CD96,4.842492205960117,CD96,lead
TARGET.20.PAXGDG.09A,CD96,5.467678061385697,CD96,lead
TARGET.20.PAXBAP.09A,CD96,6.594519497258274,CD96,lead
TARGET.20.PAXGNZ.09A,CD96,6.332104215062305,CD96,lead
TARGET.20.PAVGYA.09A,CD96,2.4385602235835244,CD96,lead
TARGET.20.PARUBT.09A,CD96,1.778590864340844,CD96,lead
TARGET.20.PAWXCK.09A,CD96,2.688342200371438,CD96,lead
TARGET.20.PARLSW.09A,CD96,4.012289872426155,CD96,lead
TARGET.20.PASARK.09A,CD96,7.003982234408036,CD96,lead
TARGET.20.PAWWPA.09A,CD96,2.6137455720654006,CD96,lead
TARGET.20.PAWIEM.09A,CD96,4.299871080588142,CD96,lead
TARGET.20.PAUVBS.09A,CD96,3.092648507148609,CD96,lead
TARGET.20.PAPZLT.09A,CD96,0.2978908312911041,CD96,lead
TARGET.21.PARNAW.09A,CD96,5.532671849118971,CD96,lead
TARGET.20.PAVFHT.09A,CD96,3.058153653365915,CD96,lead
TARGET.20.PAURJZ.09A,CD96,6.300925900339072,CD96,lead
TARGET.20.PAXFDN.09A,CD96,7.7817376591086,CD96,lead
TARGET.20.PAWUCG.09A,CD96,3.8096071113013257,CD96,lead
TARGET.20.PAURMH.09A,CD96,7.513077141839568,CD96,lead
TARGET.20.PANTPW.09A,CD96,8.33746684743206,CD96,lead
TARGET.20.PAUNBY.09A,CD96,8.01078189727804,CD96,lead
TARGET.20.PASLTF.09A,CD96,6.814109543225754,CD96,lead
TARGET.21.PARBTV.09A,CD96,0.7644157487809481,CD96,lead
TARGET.20.PAEAKL.09A,CD96,0.8247880706922208,CD96,lead
TARGET.20.PAVZJM.09A,CD96,2.2558185749424093,CD96,lead
TARGET.20.PAUWCF.09A,CD96,5.000228861252178,CD96,lead
TARGET.20.PAVNWF.09A,CD96,8.904729703716054,CD96,lead
TARGET.20.PAVWRN.09A,CD96,8.220242550907498,CD96,lead
TARGET.20.PAWNHU.09A,CD96,2.053860528045075,CD96,lead
TARGET.20.PASGCE.09A,CD96,2.5694302142232375,CD96,lead
TARGET.20.PANUTX.09A,CD96,6.221716310802458,CD96,lead
TARGET.20.PAVSSE.09A,CD96,4.7636046014339195,CD96,lead
TARGET.20.PAXJPP.09A,CD96,6.41546199999588,CD96,lead
TARGET.20.PAKERZ.09A,CD96,7.535008597525276,CD96,lead
TARGET.20.PASFEW.09A,CD96,7.908899446382993,CD96,lead
TARGET.20.PARBFJ.09A,CD96,5.534621175662807,CD96,lead
TARGET.20.PAVUPX.09A,CD96,2.0785735748031393,CD96,lead
TARGET.20.PASILA.09A,CD96,4.908327628983904,CD96,lead
TARGET.20.PAWRGZ.09A,CD96,2.017103154569036,CD96,lead
TARGET.20.PAVEDT.09A,CD96,1.91097040360908,CD96,lead
TARGET.20.PAXFHW.09A,CD96,8.449711785147858,CD96,lead
TARGET.20.PATJCR.09A,CD96,4.573484317126676,CD96,lead
TARGET.20.PAVAKA.09A,CD96,3.092587822857608,CD96,lead
TARGET.20.PANLJN.09A,CD96,1.6225550873365604,CD96,lead
TARGET.20.PAUUTI.09A,CD96,8.867307230889862,CD96,lead
TARGET.20.PAXBEF.09A,CD96,5.399773206178921,CD96,lead
TARGET.20.PAWRSU.09A,CD96,1.8081998590598105,CD96,lead
TARGET.20.PAWPBT.09A,CD96,2.6437620894198153,CD96,lead
TARGET.20.PATZVF.09A,CD96,7.449983226280246,CD96,lead
TARGET.20.PAWFMF.09A,CD96,9.002588525000936,CD96,lead
TARGET.20.PAUUXA.09A,CD96,3.3099928248402084,CD96,lead
TARGET.20.PAVUBN.09A,CD96,3.091019506184635,CD96,lead
TARGET.20.PASPFE.09A,CD96,1.8546170507586912,CD96,lead
TARGET.20.PARYVW.09A,CD96,5.566072865218155,CD96,lead
TARGET.20.PAXCYN.09A,CD96,1.7331879445478957,CD96,lead
TARGET.20.PAVALI.09A,CD96,4.059343884654705,CD96,lead
TARGET.20.PAWEBG.09A,CD96,3.1180074529633703,CD96,lead
TARGET.20.PAPAPD.09A,CD96,1.741902792574905,CD96,lead
TARGET.20.PAUWUZ.09A,CD96,3.120437032999428,CD96,lead
TARGET.20.PAUWRZ.09A,CD96,6.386651376514848,CD96,lead
TARGET.21.PASDXR.09A,CD96,7.999162913425102,CD96,lead
TARGET.20.PAUYCB.09A,CD96,3.9986498902673744,CD96,lead
TARGET.20.PAVWBB.09A,CD96,1.2004160324105095,CD96,lead
TARGET.20.PASPSV.09A,CD96,7.991331907147961,CD96,lead
TARGET.20.PAXGTM.09A,CD96,7.273858758277356,CD96,lead
TARGET.20.PAUYCA.09A,CD96,1.3662002220801983,CD96,lead
TARGET.20.PAXBXI.09A,CD96,5.369514800438781,CD96,lead
TARGET.20.PAWMKP.09A,CD96,5.901908851300673,CD96,lead
TARGET.21.PASFJJ.09A,CD96,9.012943550557004,CD96,lead
TARGET.20.PASWAJ.09A,CD96,2.3468385211252323,CD96,lead
TARGET.20.PAWUUE.09A,CD96,5.16669719622213,CD96,lead
TARGET.20.PAPZIZ.09A,CD96,0.9919071475354158,CD96,lead
TARGET.20.PAWLYM.09A,CD96,7.805862199154415,CD96,lead
TARGET.20.PAWHFW.09A,CD96,7.574981465544319,CD96,lead
TARGET.20.PAWMNN.09A,CD96,2.088863725094923,CD96,lead
TARGET.20.PAUWYR.09A,CD96,3.54390013151787,CD96,lead
TARGET.20.PAWJJY.09A,CD96,7.045422101137374,CD96,lead
TARGET.20.PAWMGT.09A,CD96,3.048728571580441,CD96,lead
TARGET.20.PAVSVU.09A,CD96,3.6963080093309175,CD96,lead
TARGET.20.PAVBFN.09A,CD96,2.0196041222731904,CD96,lead
TARGET.20.PASELF.09A,CD96,6.680899156254402,CD96,lead
TARGET.21.PASFHK.09A,CD96,6.239226295636688,CD96,lead
TARGET.20.PAXDDY.09A,CD96,5.066041883803432,CD96,lead
TARGET.20.PARXEC.09A,CD96,2.585625978268645,CD96,lead
TARGET.20.PAVTLN.09A,CD96,6.665292381020727,CD96,lead
TARGET.20.PAVAYD.09A,CD96,6.309087967096534,CD96,lead
TARGET.20.PAVBZM.09A,CD96,3.1848810200472957,CD96,lead
TARGET.20.PASEYM.09A,CD96,2.9534961403456887,CD96,lead
TARGET.20.PAPAJE.09A,CD96,1.4864602022966025,CD96,lead
TARGET.20.PAWEVC.09A,CD96,7.388766099632301,CD96,lead
TARGET.20.PASFVP.09A,CD96,6.3674589588235,CD96,lead
TARGET.20.PASLMR.09A,CD96,7.4652538924327185,CD96,lead
TARGET.20.PAUYNI.09A,CD96,7.205948104627056,CD96,lead
TARGET.20.PAVDFC.09A,CD96,6.432104482766503,CD96,lead
TARGET.20.PAVTMY.09A,CD96,6.791416899718973,CD96,lead
TARGET.20.PASWLN.09A,CD96,0.6511782565645075,CD96,lead
TARGET.20.PAULSL.09A,CD96,4.109854855983142,CD96,lead
TARGET.20.PATBFL.09A,CD96,7.308110919251869,CD96,lead
TARGET.20.PASGZS.09A,CD96,2.1317901308368796,CD96,lead
TARGET.20.PAVTDW.09A,CD96,4.229798510977045,CD96,lead
TARGET.20.PAXCWR.09A,CD96,5.019439135351825,CD96,lead
TARGET.20.PAUBKI.09A,CD96,8.016497378838805,CD96,lead
TARGET.20.PAXKAI.09A,CD96,3.2934469584340635,CD96,lead
TARGET.20.PAPVZK.09A,CD96,4.009483323040776,CD96,lead
TARGET.20.PAUMGZ.09A,CD96,2.3209049636666244,CD96,lead
TARGET.20.PASWTY.09A,CD96,2.582064520111228,CD96,lead
TARGET.20.PANJTK.09A,CD96,7.819659756361934,CD96,lead
TARGET.20.PAXARD.09A,CD96,4.211836826211971,CD96,lead
TARGET.20.PAVPFR.09A,CD96,6.933668777900885,CD96,lead
TARGET.20.PAVYPX.09A,CD96,5.8527438082505245,CD96,lead
TARGET.20.PAXMFG.09A,CD96,7.075524012148259,CD96,lead
TARGET.20.PALNAT.09A,CD96,0.5911622669245464,CD96,lead
TARGET.20.PANDER.09A,CD96,7.137290283150253,CD96,lead
TARGET.20.PAXLDI.09A,CD96,5.59574781759413,CD96,lead
TARGET.20.PASSLT.09A,CD96,5.332550185679497,CD96,lead
TARGET.20.PAWMDY.09A,CD96,3.440557666189287,CD96,lead
TARGET.20.PAWYRT.09A,CD96,7.969112687668732,CD96,lead
TARGET.20.PAWGKS.09A,CD96,4.586843253590828,CD96,lead
TARGET.20.PATGRR.09A,CD96,7.095867838697528,CD96,lead
TARGET.20.PAVJRF.09A,CD96,7.305520964979342,CD96,lead
TARGET.20.PAXIHA.09A,CD96,2.768125481920891,CD96,lead
TARGET.20.PAUWFM.09A,CD96,5.316272030420388,CD96,lead
TARGET.20.PARCUK.09A,CD96,0.3452390694288179,CD96,lead
TARGET.20.PAVKAH.09A,CD96,8.206893588770576,CD96,lead
TARGET.20.PAUYZY.09A,CD96,6.203546276072039,CD96,lead
TARGET.20.PARMME.09A,CD96,8.760534068219142,CD96,lead
TARGET.20.PASVVS.09A,CD96,2.485462120940545,CD96,lead
TARGET.20.PAXGXR.09A,CD96,6.955294005041478,CD96,lead
TARGET.20.PAXANS.09A,CD96,7.114181490051911,CD96,lead
TARGET.20.PAWHAX.09A,CD96,1.7622218952592097,CD96,lead
TARGET.20.PAVXZL.09A,CD96,1.5956855974374766,CD96,lead
TARGET.20.PASPLU.09A,CD96,6.8887347035257696,CD96,lead
TARGET.20.PAUXKD.09A,CD96,6.5874760771612735,CD96,lead
TARGET.20.PAVWZV.09A,CD96,7.656681855632596,CD96,lead
TARGET.20.PANKNB.09A,CD96,0.857537405926472,CD96,lead
TARGET.20.PAVTXM.09A,CD96,6.46092264721339,CD96,lead
TARGET.20.PAXBNE.09A,CD96,2.870827781318265,CD96,lead
TARGET.20.PAXBLW.09A,CD96,4.1596258022973265,CD96,lead
TARGET.20.PAWZZN.09A,CD96,7.51032671869201,CD96,lead
TARGET.20.PAVLAE.09A,CD96,1.4484060260974343,CD96,lead
TARGET.20.PAWIVB.09A,CD96,4.360249545023929,CD96,lead
TARGET.20.PAWPCN.09A,CD96,2.955962640571883,CD96,lead
TARGET.20.PAXCPM.09A,CD96,2.5797465939851505,CD96,lead
TARGET.20.PAUXLK.09A,CD96,8.612400448197175,CD96,lead
TARGET.20.PAVZBG.09A,CD96,8.213466312959797,CD96,lead
TARGET.20.PAVPCA.09A,CD96,7.453306200654891,CD96,lead
TARGET.20.PAUHTE.09A,CD96,7.701099806396102,CD96,lead
TARGET.21.PARLSL.09A,CD96,3.4254202186946547,CD96,lead
TARGET.20.PAVGIX.09A,CD96,1.7428954177114573,CD96,lead
TARGET.20.PAWMIP.09A,CD96,4.5776809652337755,CD96,lead
TARGET.20.PAEEYP.09A,CD96,0.3523808585137213,CD96,lead
TARGET.20.PAUVBZ.09A,CD96,6.011086315559298,CD96,lead
TARGET.20.PAXIIP.09A,CD96,2.0766615157710397,CD96,lead
TARGET.20.PANZKA.09A,CD96,1.1320620133272457,CD96,lead
TARGET.20.PAXARX.09A,CD96,6.10901174703475,CD96,lead
TARGET.20.PAUMJB.09A,CD96,9.408203200721008,CD96,lead
TARGET.20.PATBUK.09A,CD96,7.440718071970128,CD96,lead
TARGET.20.PAUZSY.09A,CD96,6.783563911793299,CD96,lead
TARGET.20.PASFNP.09A,CD96,2.567455696768737,CD96,lead
TARGET.20.PAVIDK.09A,CD96,3.3510889962858648,CD96,lead
TARGET.20.PAXMLW.09A,CD96,7.335888698408048,CD96,lead
TARGET.20.PATWYU.09A,CD96,7.998649241021634,CD96,lead
TARGET.20.PASFJB.09A,CD96,5.90304660616336,CD96,lead
TARGET.20.PAWUAE.09A,CD96,5.547619658784848,CD96,lead
TARGET.21.PASSLT.09A,CD96,4.760733220710272,CD96,lead
TARGET.20.PAUJNJ.09A,CD96,7.650395129924547,CD96,lead
TARGET.20.PAXEMU.09A,CD96,4.25586483766991,CD96,lead
TARGET.20.PAVIXV.09A,CD96,1.9718309101475953,CD96,lead
TARGET.20.PAVNKI.09A,CD96,6.177396720155457,CD96,lead
TARGET.20.PAVAAM.09A,CD96,2.2167787116602815,CD96,lead
TARGET.20.PANSBH.09A,CD96,3.373228005919936,CD96,lead
TARGET.20.PAWFFJ.09A,CD96,2.435475249274931,CD96,lead
TARGET.20.PAUVEF.09A,CD96,7.61134764108834,CD96,lead
TARGET.20.PAWEYY.09A,CD96,2.920107751071736,CD96,lead
TARGET.20.PAWNAP.09A,CD96,6.235224731682781,CD96,lead
TARGET.20.PAXFWY.09A,CD96,3.874683346977343,CD96,lead
TARGET.20.PAWLKE.09A,CD96,2.4692622703951534,CD96,lead
TARGET.20.PASZZE.09A,CD96,8.438813399801472,CD96,lead
TARGET.21.PASYWA.09A,CD96,8.722103183371226,CD96,lead
TARGET.20.PAUBLN.09A,CD96,7.924639207728118,CD96,lead
TARGET.20.PAWPDC.09A,CD96,4.4494927256586765,CD96,lead
TARGET.20.PASRTP.09A,CD96,8.009328076515661,CD96,lead
TARGET.20.PAWLHJ.09A,CD96,2.0745368416058576,CD96,lead
TARGET.20.PARWXS.09A,CD96,2.3382291598061027,CD96,lead
TARGET.20.PAXLEE.09A,CD96,6.167963403924705,CD96,lead
TARGET.20.PATVRA.09A,CD96,7.637591888726039,CD96,lead
TARGET.20.PASSSI.09A,CD96,0.811062560470779,CD96,lead
TARGET.20.PAUMZV.09A,CD96,8.575353744192023,CD96,lead
TARGET.20.PAXFEE.09A,CD96,6.287920585353258,CD96,lead
TARGET.20.PAWNPU.09A,CD96,6.015459175257874,CD96,lead
TARGET.20.PAECCE.09A,CD96,2.463363150830723,CD96,lead
TARGET.20.PAVSHX.09A,CD96,1.463405215696666,CD96,lead
TARGET.20.PAVDDU.09A,CD96,7.8237797182613935,CD96,lead
TARGET.20.PAUPSX.09A,CD96,9.054230057342108,CD96,lead
TARGET.20.PARKFB.09A,CD96,2.07421836695177,CD96,lead
TARGET.20.PAUIPM.09A,CD96,2.400461022745753,CD96,lead
TARGET.20.PAXEES.09A,CD96,6.494625279206892,CD96,lead
TARGET.21.PANVPB.09A,CD96,5.939232970501673,CD96,lead
TARGET.20.PAUVMN.09A,CD96,9.113736985787448,CD96,lead
TARGET.20.PATPAC.09A,CD96,6.455383833213411,CD96,lead
TARGET.20.PAVMPA.09A,CD96,2.290317239598307,CD96,lead
TARGET.20.PAWGCN.09A,CD96,7.8675828184756655,CD96,lead
TARGET.20.PAUEAN.09A,CD96,7.7825963482624925,CD96,lead
TARGET.21.PARHRS.09A,CD96,7.397462640570235,CD96,lead
TARGET.20.PAVWVT.09A,CD96,8.588844307160237,CD96,lead
TARGET.20.PAVJXG.09A,CD96,0.6989125496597431,CD96,lead
TARGET.20.PAVKBW.09A,CD96,4.894865398606284,CD96,lead
TARGET.20.PAXIAZ.09A,CD96,1.6674556681956183,CD96,lead
TARGET.20.PASBPK.09A,CD96,2.9485641921046604,CD96,lead
TARGET.20.PAWUMM.09A,CD96,1.1744149971225653,CD96,lead
TARGET.20.PATDHA.09A,CD96,2.869288346789234,CD96,lead
TARGET.20.PAVHTL.09A,CD96,1.8448058781094965,CD96,lead
TARGET.20.PAUZAM.09A,CD96,1.1201081076655497,CD96,lead
TARGET.20.PAXHWI.09A,CD96,2.465530881463654,CD96,lead
TARGET.20.PAUUHV.09A,CD96,1.4098357664194674,CD96,lead
TARGET.20.PAUTKL.09A,CD96,7.356231951531066,CD96,lead
TARGET.20.PAXBLX.09A,CD96,4.940304066921309,CD96,lead
TARGET.20.PAWYTW.09A,CD96,5.88200367382231,CD96,lead
TARGET.20.PAWLAJ.09A,CD96,4.580564006894512,CD96,lead
TARGET.20.PAUVYC.09A,CD96,7.416634465129582,CD96,lead
TARGET.20.PARFVC.09A,CD96,6.27419580847378,CD96,lead
TARGET.20.PASZLJ.09A,CD96,0.6337535033656312,CD96,lead
TARGET.20.PAXDVZ.09A,CD96,1.5390151254046456,CD96,lead
TARGET.20.PAWDEG.09A,CD96,3.196724389413266,CD96,lead
TARGET.20.PAVALK.09A,CD96,2.350413566677223,CD96,lead
TARGET.20.PAVZYI.09A,CD96,2.352238283044148,CD96,lead
TARGET.20.PAXKTY.09A,CD96,5.937097731407269,CD96,lead
TARGET.20.PAUUKK.09A,CD96,2.7194703229360866,CD96,lead
TARGET.20.PAUFUB.09A,CD96,7.197370998092439,CD96,lead
TARGET.20.PAUMUZ.09A,CD96,2.8110899100568516,CD96,lead
TARGET.20.PAXLXI.09A,CD96,5.958514550884888,CD96,lead
TARGET.20.PARTYK.09A,CD96,4.093731529182277,CD96,lead
TARGET.20.PANZXI.09A,CD96,8.060213528743555,CD96,lead
TARGET.20.PANVGE.09A,CD96,5.210491824633408,CD96,lead
TARGET.20.PAUZMH.09A,CD96,2.664865952402387,CD96,lead
TARGET.20.PAWKRF.09A,CD96,8.376516365746689,CD96,lead
TARGET.20.PAWUTL.09A,CD96,1.7234879664810725,CD96,lead
TARGET.20.PAVYYR.09A,CD96,2.3361588072420463,CD96,lead
TARGET.20.PAKKBK.09A,CD96,7.181381254918528,CD96,lead
TARGET.20.PAVBNV.09A,CD96,6.31445151182034,CD96,lead
TARGET.20.PAVDPF.09A,CD96,7.501160869224147,CD96,lead
TARGET.20.PARHJV.09A,CD96,2.3790269311376284,CD96,lead
TARGET.20.PAVZEC.09A,CD96,3.9716956746623127,CD96,lead
TARGET.20.PAUHFI.09A,CD96,3.874626749058678,CD96,lead
TARGET.20.PAUMAD.09A,CD96,2.550943143477493,CD96,lead
TARGET.20.PAXGVH.09A,CD96,7.39775610633628,CD96,lead
TARGET.20.PAVIYS.09A,CD96,4.928049256570494,CD96,lead
TARGET.20.PAVXME.09A,CD96,6.249696670536143,CD96,lead
TARGET.20.PAVRTN.09A,CD96,7.739597854601058,CD96,lead
TARGET.20.PAUVAT.09A,CD96,6.768970332971626,CD96,lead
TARGET.20.PAWACC.09A,CD96,3.0595470672192904,CD96,lead
TARGET.20.PAVWXI.09A,CD96,2.3410190300253166,CD96,lead
TARGET.20.PAXMPG.09A,CD96,1.3509994348384098,CD96,lead
TARGET.20.PAVUZN.09A,CD96,2.1685200272178267,CD96,lead
TARGET.20.PAUWNT.09A,CD96,7.953050035928217,CD96,lead
TARGET.20.PASIEP.09A,CD96,8.504791037032188,CD96,lead
TARGET.20.PAVDVV.09A,CD96,3.862545794806053,CD96,lead
TARGET.20.PATDDA.09A,CD96,6.701578471124775,CD96,lead
TARGET.20.PAUULL.09A,CD96,3.1299806095300715,CD96,lead
TARGET.20.PAXIDA.09A,CD96,2.825824453756558,CD96,lead
TARGET.20.PAWKPU.09A,CD96,7.419241905404939,CD96,lead
TARGET.20.PAXKES.09A,CD96,4.693734008756559,CD96,lead
TARGET.20.PAVFPR.09A,CD96,7.17757431885492,CD96,lead
TARGET.20.PAVPVK.09A,CD96,2.162029446804157,CD96,lead
TARGET.20.PAXMNG.09A,CD96,2.411272939181518,CD96,lead
TARGET.20.PAXKXS.09A,CD96,3.4093078705100455,CD96,lead
TARGET.20.PAVKJV.09A,CD96,7.112098026025411,CD96,lead
TARGET.20.PAULCA.09A,CD96,5.934832933341917,CD96,lead
TARGET.20.PAXLFG.09A,CD96,6.7193652932792745,CD96,lead
TARGET.20.PASEGC.09A,CD96,1.9243736017263235,CD96,lead
TARGET.20.PAUPXH.09A,CD96,7.20256496942554,CD96,lead
TARGET.20.PAUTDY.09A,CD96,7.306599687211716,CD96,lead
TARGET.20.PAWTSD.09A,CD96,1.0422359947193518,CD96,lead
TARGET.20.PAVUVI.09A,CD96,2.7677616712705553,CD96,lead
TARGET.20.PASAFM.09A,CD96,8.701425914986192,CD96,lead
TARGET.20.PASFHK.09A,CD96,5.297802711031223,CD96,lead
TARGET.20.PAVLWY.09A,CD96,3.1624046973608855,CD96,lead
TARGET.20.PAVCNU.09A,CD96,6.376997851379885,CD96,lead
TARGET.20.PAVHUF.09A,CD96,7.442428485620547,CD96,lead
TARGET.20.PARLVL.09A,CD96,2.505855296545296,CD96,lead
TARGET.20.PAUSBP.09A,CD96,3.4560086058345907,CD96,lead
TARGET.20.PAWTPD.09A,CD96,1.5782882655256896,CD96,lead
TARGET.20.PAVJVS.09A,CD96,7.362136881174512,CD96,lead
TARGET.20.PATJVL.09A,CD9,6.263501204782318,CD9,lead
TARGET.20.PAWWEE.09A,CD9,4.4744118399707125,CD9,lead
TARGET.20.PARCEV.09A,CD9,5.5510044534562795,CD9,lead
TARGET.20.PASCCS.09A,CD9,4.119016809345962,CD9,lead
TARGET.20.PAEIKD.09A,CD9,7.36657533986671,CD9,lead
TARGET.20.PAWNBB.09A,CD9,3.0019027235103533,CD9,lead
TARGET.20.PARTYV.09A,CD9,1.7097202762696018,CD9,lead
TARGET.20.PAVAGA.09A,CD9,3.303708592062307,CD9,lead
TARGET.20.PAWJGZ.09A,CD9,5.182710594479676,CD9,lead
TARGET.20.PARERV.09A,CD9,3.7960075117889738,CD9,lead
TARGET.20.PAUYIB.09A,CD9,2.2658319359367836,CD9,lead
TARGET.20.PAUZJJ.09A,CD9,1.3117189658500452,CD9,lead
TARGET.20.PAVHFP.09A,CD9,1.5776102488641084,CD9,lead
TARGET.20.PANTRL.09A,CD9,5.835321186830669,CD9,lead
TARGET.20.PAURYA.09A,CD9,6.240130325963952,CD9,lead
TARGET.20.PASBHI.09A,CD9,2.0599920836980665,CD9,lead
TARGET.20.PAWVVR.09A,CD9,3.125204082127174,CD9,lead
TARGET.20.PAWZWN.09A,CD9,1.2781213384656749,CD9,lead
TARGET.20.PASVYL.09A,CD9,3.4209962945574723,CD9,lead
TARGET.20.PARJCR.09A,CD9,7.525514562920602,CD9,lead
TARGET.20.PATAPC.09A,CD9,5.339107653609109,CD9,lead
TARGET.20.PAVNVF.09A,CD9,0.7637832673515859,CD9,lead
TARGET.20.PAXAAA.09A,CD9,3.2346038105407513,CD9,lead
TARGET.20.PAXDSN.09A,CD9,6.263071373438239,CD9,lead
TARGET.20.PASSPT.09A,CD9,5.177806068642868,CD9,lead
TARGET.20.PAVACZ.09A,CD9,4.814107346948158,CD9,lead
TARGET.20.PAWGTG.09A,CD9,4.672918354304805,CD9,lead
TARGET.20.PASGGK.09A,CD9,5.867357239440325,CD9,lead
TARGET.20.PANGJY.09A,CD9,6.664195188935245,CD9,lead
TARGET.20.PAXLHS.09A,CD9,4.4891467707254575,CD9,lead
TARGET.20.PAXETC.09A,CD9,6.142631676575317,CD9,lead
TARGET.20.PARMZF.09A,CD9,8.438223790527934,CD9,lead
TARGET.20.PASBPW.09A,CD9,2.748167096936428,CD9,lead
TARGET.20.PAVZNG.09A,CD9,4.9507117883394525,CD9,lead
TARGET.20.PAVPMJ.09A,CD9,2.78687815562632,CD9,lead
TARGET.20.PAWSKR.09A,CD9,5.787181170575046,CD9,lead
TARGET.20.PAULWG.09A,CD9,3.5493583885070015,CD9,lead
TARGET.20.PAWNGI.09A,CD9,3.2512596402892013,CD9,lead
TARGET.20.PAVTRU.09A,CD9,3.0562679917051216,CD9,lead
TARGET.21.PATISD.09A,CD9,5.38107491468045,CD9,lead
TARGET.20.PAWTWW.09A,CD9,3.84234800137207,CD9,lead
TARGET.20.PAVSIZ.09A,CD9,3.537185557601106,CD9,lead
TARGET.20.PARUWX.09A,CD9,6.623547519974986,CD9,lead
TARGET.21.PAMYMA.09A,CD9,3.629821475324828,CD9,lead
TARGET.20.PAWFBA.09A,CD9,2.462205961713065,CD9,lead
TARGET.20.PARDDA.09A,CD9,0.3515494166830042,CD9,lead
TARGET.20.PABLDZ.09A,CD9,3.655225884182344,CD9,lead
TARGET.20.PARENB.09A,CD9,2.887464922559872,CD9,lead
TARGET.20.PARXZP.09A,CD9,5.236308093388075,CD9,lead
TARGET.20.PAUSMT.09A,CD9,4.925828878449744,CD9,lead
TARGET.20.PAXJNP.09A,CD9,1.1387500617717177,CD9,lead
TARGET.20.PAULIY.09A,CD9,2.831625829969422,CD9,lead
TARGET.20.PAUVSU.09A,CD9,6.923209120899892,CD9,lead
TARGET.20.PANVBP.09A,CD9,0.9606713626919235,CD9,lead
TARGET.20.PAWRNZ.09A,CD9,4.187875548947788,CD9,lead
TARGET.20.PARBIU.09A,CD9,3.996341798175147,CD9,lead
TARGET.20.PAEAFC.09A,CD9,4.37275251483044,CD9,lead
TARGET.20.PAWVNC.09A,CD9,3.9997301096482,CD9,lead
TARGET.20.PAUWEW.09A,CD9,6.158497387742531,CD9,lead
TARGET.20.PAWYEK.09A,CD9,6.661059833305237,CD9,lead
TARGET.20.PAXMPW.09A,CD9,2.471774589656172,CD9,lead
TARGET.20.PAUVWF.09A,CD9,6.271640858868157,CD9,lead
TARGET.20.PAXGPE.09A,CD9,2.368925264607156,CD9,lead
TARGET.20.PAWDTX.09A,CD9,3.2122839884920795,CD9,lead
TARGET.20.PAVUAP.09A,CD9,7.124099032435164,CD9,lead
TARGET.20.PAXKAL.09A,CD9,2.888550810566257,CD9,lead
TARGET.20.PAVDBD.09A,CD9,6.61671550334699,CD9,lead
TARGET.20.PAUSZL.09A,CD9,5.771500918932361,CD9,lead
TARGET.20.PAVPJM.09A,CD9,6.495913744916729,CD9,lead
TARGET.20.PAVKEX.09A,CD9,3.709942870908288,CD9,lead
TARGET.20.PARYEB.09A,CD9,5.926659256948622,CD9,lead
TARGET.20.PAWXSL.09A,CD9,1.999905575271408,CD9,lead
TARGET.20.PAWVCG.09A,CD9,6.720159623089291,CD9,lead
TARGET.20.PAVTWM.09A,CD9,4.443665968860058,CD9,lead
TARGET.20.PAVHWT.09A,CD9,3.0855054780595497,CD9,lead
TARGET.20.PARUUB.09A,CD9,2.431725689415322,CD9,lead
TARGET.20.PAURPD.09A,CD9,5.708811593811781,CD9,lead
TARGET.20.PARUNX.09A,CD9,5.15698885099674,CD9,lead
TARGET.20.PASDGX.09A,CD9,6.452748179519427,CD9,lead
TARGET.20.PAVDZK.09A,CD9,1.134286066506052,CD9,lead
TARGET.20.PANUTB.09A,CD9,7.281288158096972,CD9,lead
TARGET.20.PAXMKU.09A,CD9,3.757567311868812,CD9,lead
TARGET.20.PAERAH.09A,CD9,3.3603001837904305,CD9,lead
TARGET.20.PAUDNA.09A,CD9,6.542178741401735,CD9,lead
TARGET.20.PAVMED.09A,CD9,4.968218241912786,CD9,lead
TARGET.20.PANTIV.09A,CD9,6.955109469843285,CD9,lead
TARGET.20.PAWVGN.09A,CD9,5.062607166618788,CD9,lead
TARGET.20.PAWKUR.09A,CD9,5.172640975249475,CD9,lead
TARGET.20.PAWPMA.09A,CD9,3.4947923073725984,CD9,lead
TARGET.20.PAVGXF.09A,CD9,6.1061857970492746,CD9,lead
TARGET.20.PAXKKE.09A,CD9,6.133999607254198,CD9,lead
TARGET.20.PARHVK.09A,CD9,6.774575753474228,CD9,lead
TARGET.20.PAVFYL.09A,CD9,3.779975984406089,CD9,lead
TARGET.21.PANZLR.09A,CD9,5.921933402943346,CD9,lead
TARGET.20.PAWIHN.09A,CD9,1.8118104325364937,CD9,lead
TARGET.20.PAWSWR.09A,CD9,0.6346294335654112,CD9,lead
TARGET.20.PAXMLN.09A,CD9,6.356951180829986,CD9,lead
TARGET.20.PAWJPN.09A,CD9,4.669340550871491,CD9,lead
TARGET.20.PAVVAB.09A,CD9,6.7738127241580885,CD9,lead
TARGET.20.PAWHJI.09A,CD9,5.644943114219063,CD9,lead
TARGET.20.PAVXUR.09A,CD9,5.63951926451547,CD9,lead
TARGET.20.PAVUHF.09A,CD9,4.055570217649836,CD9,lead
TARGET.20.PANLIZ.09A,CD9,5.675571611246041,CD9,lead
TARGET.20.PAVHXU.09A,CD9,4.2427994715441155,CD9,lead
TARGET.20.PAXBSE.09A,CD9,1.2968407497800103,CD9,lead
TARGET.20.PARBXE.09A,CD9,5.772473120951292,CD9,lead
TARGET.20.PAWUWJ.09A,CD9,0.9851460925844496,CD9,lead
TARGET.20.PAVDHJ.09A,CD9,4.3219100003537285,CD9,lead
TARGET.20.PANINI.09A,CD9,0.6920549496260578,CD9,lead
TARGET.20.PATMXW.09A,CD9,6.067889597085609,CD9,lead
TARGET.20.PAXCZX.09A,CD9,3.388133304501588,CD9,lead
TARGET.20.PAXCVR.09A,CD9,4.366063008413292,CD9,lead
TARGET.20.PAVDBK.09A,CD9,5.306099524002043,CD9,lead
TARGET.20.PAUJCF.09A,CD9,7.17410579308525,CD9,lead
TARGET.20.PAXGIX.09A,CD9,3.716826681612491,CD9,lead
TARGET.20.PASIZX.09A,CD9,5.3237316905284064,CD9,lead
TARGET.20.PAWLEB.09A,CD9,6.103154950742337,CD9,lead
TARGET.20.PAVNIX.09A,CD9,2.3634051376427014,CD9,lead
TARGET.20.PAWWLI.09A,CD9,4.171108264366902,CD9,lead
TARGET.20.PAVULK.09A,CD9,2.8178339706008195,CD9,lead
TARGET.20.PAWIXW.09A,CD9,1.675225586827588,CD9,lead
TARGET.20.PAXIFA.09A,CD9,4.919533360665903,CD9,lead
TARGET.20.PAUMTZ.09A,CD9,5.26926350582136,CD9,lead
TARGET.20.PAXDBF.09A,CD9,5.108405306900979,CD9,lead
TARGET.20.PAVKVT.09A,CD9,3.5822674914164465,CD9,lead
TARGET.20.PANFMG.09A,CD9,6.6449160997153305,CD9,lead
TARGET.20.PARZUU.09A,CD9,6.177432243702179,CD9,lead
TARGET.20.PAVANX.09A,CD9,2.7806396437659653,CD9,lead
TARGET.20.PAWPVX.09A,CD9,1.6345900996374114,CD9,lead
TARGET.20.PAVDYE.09A,CD9,4.652702105601093,CD9,lead
TARGET.20.PAXLXJ.09A,CD9,3.3818339258263683,CD9,lead
TARGET.20.PAUYHR.09A,CD9,6.420508360145476,CD9,lead
TARGET.20.PARDDY.09A,CD9,4.6659734680806,CD9,lead
TARGET.20.PANXPU.09A,CD9,4.764381166023835,CD9,lead
TARGET.20.PAVJCJ.09A,CD9,6.451913104564761,CD9,lead
TARGET.20.PAXGHE.09A,CD9,4.371568430657324,CD9,lead
TARGET.20.PAWBYK.09A,CD9,4.145152336545301,CD9,lead
TARGET.20.PAWRKX.09A,CD9,4.1668096881897085,CD9,lead
TARGET.20.PATDNN.09A,CD9,6.445256008568216,CD9,lead
TARGET.20.PAVZIB.09A,CD9,2.237502788192657,CD9,lead
TARGET.20.PAUVGD.09A,CD9,2.3817302445574176,CD9,lead
TARGET.20.PAXEHH.09A,CD9,6.820653730689136,CD9,lead
TARGET.20.PANGTF.09A,CD9,5.605516239797272,CD9,lead
TARGET.20.PAVNHN.09A,CD9,5.259061720571165,CD9,lead
TARGET.20.PANGDN.09A,CD9,7.7239594229757085,CD9,lead
TARGET.20.PAVPMH.09A,CD9,3.7056370770780473,CD9,lead
TARGET.20.PAVDNF.09A,CD9,3.936874504027608,CD9,lead
TARGET.20.PARCHW.09A,CD9,6.723232451325175,CD9,lead
TARGET.20.PAXACY.09A,CD9,3.161536188915502,CD9,lead
TARGET.20.PAWYNR.09A,CD9,3.496118249509293,CD9,lead
TARGET.20.PAXLJV.09A,CD9,2.4392943208438376,CD9,lead
TARGET.20.PAUYAE.09A,CD9,3.905107603768807,CD9,lead
TARGET.20.PAWBDK.09A,CD9,3.5684497127035315,CD9,lead
TARGET.20.PASTTW.09A,CD9,3.9384522674618783,CD9,lead
TARGET.20.PARXVI.09A,CD9,4.287842521650212,CD9,lead
TARGET.20.PAWKYG.09A,CD9,6.039387548932536,CD9,lead
TARGET.20.PAVPLM.09A,CD9,3.2451159194657486,CD9,lead
TARGET.20.PANXWX.09A,CD9,4.9736249760601305,CD9,lead
TARGET.20.PAUNBR.09A,CD9,4.570531272789396,CD9,lead
TARGET.20.PAVANE.09A,CD9,3.5096635282964805,CD9,lead
TARGET.20.PARKCX.09A,CD9,7.1608793690168175,CD9,lead
TARGET.20.PARJWH.09A,CD9,6.799049572043721,CD9,lead
TARGET.20.PATSSY.09A,CD9,6.776892491054099,CD9,lead
TARGET.20.PAWMII.09A,CD9,3.796792299050278,CD9,lead
TARGET.20.PAVDBT.09A,CD9,7.183700558079262,CD9,lead
TARGET.20.PAEFHC.09A,CD9,3.662911519105799,CD9,lead
TARGET.20.PAXGSJ.09A,CD9,1.9076531825002911,CD9,lead
TARGET.20.PAVNAZ.09A,CD9,1.8784085018381549,CD9,lead
TARGET.20.PAUHGM.09A,CD9,5.0349579511596145,CD9,lead
TARGET.20.PAUJBK.09A,CD9,5.948806387929332,CD9,lead
TARGET.20.PALBYP.09A,CD9,3.52507273175435,CD9,lead
TARGET.20.PAXFAG.09A,CD9,4.074970451548509,CD9,lead
TARGET.20.PANJFJ.09A,CD9,3.9584792984328314,CD9,lead
TARGET.20.PAXLMN.09A,CD9,3.862813189310412,CD9,lead
TARGET.20.PAPXWI.09A,CD9,8.16650175192913,CD9,lead
TARGET.20.PAVDXS.09A,CD9,4.86604223582396,CD9,lead
TARGET.20.PAUYHB.09A,CD9,2.071023226407208,CD9,lead
TARGET.20.PASPGA.09A,CD9,5.817784919166976,CD9,lead
TARGET.20.PAUSLS.09A,CD9,5.87870202505633,CD9,lead
TARGET.20.PAXISI.09A,CD9,1.9446448296213217,CD9,lead
TARGET.20.PAWNIX.09A,CD9,6.299405956032057,CD9,lead
TARGET.20.PAXHYG.09A,CD9,4.29745125040192,CD9,lead
TARGET.20.PAUPIY.09A,CD9,3.7584761101831328,CD9,lead
TARGET.20.PAWCII.09A,CD9,2.6306318305918546,CD9,lead
TARGET.20.PAUUYP.09A,CD9,6.345336847894668,CD9,lead
TARGET.20.PASMGW.09A,CD9,5.135947923156974,CD9,lead
TARGET.20.PAXEWD.09A,CD9,0.0,CD9,lead
TARGET.20.PAVTKK.09A,CD9,4.756640782311619,CD9,lead
TARGET.20.PANTWV.09A,CD9,4.407402901978389,CD9,lead
TARGET.20.PARZWH.09A,CD9,1.9943498255353824,CD9,lead
TARGET.20.PAWLTL.09A,CD9,5.75334805839224,CD9,lead
TARGET.20.PANBZH.09A,CD9,6.6421574166887085,CD9,lead
TARGET.20.PAVKNA.09A,CD9,3.643051811066767,CD9,lead
TARGET.20.PAXGDG.09A,CD9,7.1105481031837146,CD9,lead
TARGET.20.PAXBAP.09A,CD9,2.4357150467216555,CD9,lead
TARGET.20.PAXGNZ.09A,CD9,4.184357936121255,CD9,lead
TARGET.20.PAVGYA.09A,CD9,2.161451245178323,CD9,lead
TARGET.20.PARUBT.09A,CD9,4.747322652721016,CD9,lead
TARGET.20.PAWXCK.09A,CD9,3.627712464576839,CD9,lead
TARGET.20.PARLSW.09A,CD9,6.751309695669373,CD9,lead
TARGET.20.PASARK.09A,CD9,3.0931553772682054,CD9,lead
TARGET.20.PAWWPA.09A,CD9,5.887476208070609,CD9,lead
TARGET.20.PAWIEM.09A,CD9,0.975511745079768,CD9,lead
TARGET.20.PAUVBS.09A,CD9,1.688881038354875,CD9,lead
TARGET.20.PAPZLT.09A,CD9,7.395599050791409,CD9,lead
TARGET.21.PARNAW.09A,CD9,3.08563259260712,CD9,lead
TARGET.20.PAVFHT.09A,CD9,2.739010517920648,CD9,lead
TARGET.20.PAURJZ.09A,CD9,5.277117752001195,CD9,lead
TARGET.20.PAXFDN.09A,CD9,3.877979357601064,CD9,lead
TARGET.20.PAWUCG.09A,CD9,4.268283337764312,CD9,lead
TARGET.20.PAURMH.09A,CD9,5.124963304075999,CD9,lead
TARGET.20.PANTPW.09A,CD9,2.410015317187931,CD9,lead
TARGET.20.PAUNBY.09A,CD9,4.43067830339328,CD9,lead
TARGET.20.PASLTF.09A,CD9,2.6352714047539805,CD9,lead
TARGET.21.PARBTV.09A,CD9,7.33098280587689,CD9,lead
TARGET.20.PAEAKL.09A,CD9,4.309480317683926,CD9,lead
TARGET.20.PAVZJM.09A,CD9,5.778503736719507,CD9,lead
TARGET.20.PAUWCF.09A,CD9,4.019454230122887,CD9,lead
TARGET.20.PAVNWF.09A,CD9,1.6970514740576148,CD9,lead
TARGET.20.PAVWRN.09A,CD9,3.790079137490219,CD9,lead
TARGET.20.PAWNHU.09A,CD9,6.475028706641026,CD9,lead
TARGET.20.PASGCE.09A,CD9,5.2854916738729765,CD9,lead
TARGET.20.PANUTX.09A,CD9,4.391541494228576,CD9,lead
TARGET.20.PAVSSE.09A,CD9,3.987098498112001,CD9,lead
TARGET.20.PAXJPP.09A,CD9,2.760854470595125,CD9,lead
TARGET.20.PAKERZ.09A,CD9,1.40817126771816,CD9,lead
TARGET.20.PASFEW.09A,CD9,2.259167304457353,CD9,lead
TARGET.20.PARBFJ.09A,CD9,6.459318928412586,CD9,lead
TARGET.20.PAVUPX.09A,CD9,7.842803922445803,CD9,lead
TARGET.20.PASILA.09A,CD9,1.8915778700292036,CD9,lead
TARGET.20.PAWRGZ.09A,CD9,5.147555918675652,CD9,lead
TARGET.20.PAVEDT.09A,CD9,2.3520626925337216,CD9,lead
TARGET.20.PAXFHW.09A,CD9,3.1007257859711506,CD9,lead
TARGET.20.PATJCR.09A,CD9,3.8819729214738974,CD9,lead
TARGET.20.PAVAKA.09A,CD9,6.896538727194329,CD9,lead
TARGET.20.PANLJN.09A,CD9,4.219972914312985,CD9,lead
TARGET.20.PAUUTI.09A,CD9,1.9843747296977048,CD9,lead
TARGET.20.PAXBEF.09A,CD9,1.913808374563852,CD9,lead
TARGET.20.PAWRSU.09A,CD9,4.314704066789124,CD9,lead
TARGET.20.PAWPBT.09A,CD9,3.868889630304688,CD9,lead
TARGET.20.PATZVF.09A,CD9,6.897718185088499,CD9,lead
TARGET.20.PAWFMF.09A,CD9,2.4086213494274995,CD9,lead
TARGET.20.PAUUXA.09A,CD9,0.2514605505995928,CD9,lead
TARGET.20.PAVUBN.09A,CD9,3.946606978274515,CD9,lead
TARGET.20.PASPFE.09A,CD9,6.156989059839901,CD9,lead
TARGET.20.PARYVW.09A,CD9,2.425834407821992,CD9,lead
TARGET.20.PAXCYN.09A,CD9,4.1492574963714555,CD9,lead
TARGET.20.PAVALI.09A,CD9,1.9557073646094671,CD9,lead
TARGET.20.PAWEBG.09A,CD9,6.703304634586125,CD9,lead
TARGET.20.PAPAPD.09A,CD9,5.541704976082595,CD9,lead
TARGET.20.PAUWUZ.09A,CD9,3.4515600650225364,CD9,lead
TARGET.20.PAUWRZ.09A,CD9,7.17724514093928,CD9,lead
TARGET.21.PASDXR.09A,CD9,5.44594982485081,CD9,lead
TARGET.20.PAUYCB.09A,CD9,2.235561116079382,CD9,lead
TARGET.20.PAVWBB.09A,CD9,1.2932363736517292,CD9,lead
TARGET.20.PASPSV.09A,CD9,1.020717480379816,CD9,lead
TARGET.20.PAXGTM.09A,CD9,1.93295021486426,CD9,lead
TARGET.20.PAUYCA.09A,CD9,4.529239885262624,CD9,lead
TARGET.20.PAXBXI.09A,CD9,3.4073013866766564,CD9,lead
TARGET.20.PAWMKP.09A,CD9,4.858974747733234,CD9,lead
TARGET.21.PASFJJ.09A,CD9,4.5333079401139535,CD9,lead
TARGET.20.PASWAJ.09A,CD9,6.703761118103798,CD9,lead
TARGET.20.PAWUUE.09A,CD9,4.644851023857174,CD9,lead
TARGET.20.PAPZIZ.09A,CD9,6.263732990735152,CD9,lead
TARGET.20.PAWLYM.09A,CD9,4.689704244880686,CD9,lead
TARGET.20.PAWHFW.09A,CD9,4.391600362426311,CD9,lead
TARGET.20.PAWMNN.09A,CD9,4.893491706088639,CD9,lead
TARGET.20.PAUWYR.09A,CD9,5.555326555365435,CD9,lead
TARGET.20.PAWJJY.09A,CD9,3.018566629779666,CD9,lead
TARGET.20.PAWMGT.09A,CD9,3.799239914753749,CD9,lead
TARGET.20.PAVSVU.09A,CD9,2.633237252347431,CD9,lead
TARGET.20.PAVBFN.09A,CD9,3.420995743774178,CD9,lead
TARGET.20.PASELF.09A,CD9,6.369527885155366,CD9,lead
TARGET.21.PASFHK.09A,CD9,8.775599194577918,CD9,lead
TARGET.20.PAXDDY.09A,CD9,7.3338522765356755,CD9,lead
TARGET.20.PARXEC.09A,CD9,6.504613103985642,CD9,lead
TARGET.20.PAVTLN.09A,CD9,3.5312916222052926,CD9,lead
TARGET.20.PAVAYD.09A,CD9,6.859369752335337,CD9,lead
TARGET.20.PAVBZM.09A,CD9,2.7460247373098237,CD9,lead
TARGET.20.PASEYM.09A,CD9,6.067248075043687,CD9,lead
TARGET.20.PAPAJE.09A,CD9,6.641566123684869,CD9,lead
TARGET.20.PAWEVC.09A,CD9,3.9621746654043433,CD9,lead
TARGET.20.PASFVP.09A,CD9,0.6081403599848154,CD9,lead
TARGET.20.PASLMR.09A,CD9,2.838856187458594,CD9,lead
TARGET.20.PAUYNI.09A,CD9,4.968738453225239,CD9,lead
TARGET.20.PAVDFC.09A,CD9,4.857574316042123,CD9,lead
TARGET.20.PAVTMY.09A,CD9,3.597094285395316,CD9,lead
TARGET.20.PASWLN.09A,CD9,6.253863529265631,CD9,lead
TARGET.20.PAULSL.09A,CD9,3.696674194314824,CD9,lead
TARGET.20.PATBFL.09A,CD9,4.764882786804657,CD9,lead
TARGET.20.PASGZS.09A,CD9,4.984755900945574,CD9,lead
TARGET.20.PAVTDW.09A,CD9,5.9562074950542465,CD9,lead
TARGET.20.PAXCWR.09A,CD9,4.725374111194318,CD9,lead
TARGET.20.PAUBKI.09A,CD9,5.500135502894313,CD9,lead
TARGET.20.PAXKAI.09A,CD9,2.7854566692463623,CD9,lead
TARGET.20.PAPVZK.09A,CD9,7.9922825613651405,CD9,lead
TARGET.20.PAUMGZ.09A,CD9,4.098120362364329,CD9,lead
TARGET.20.PASWTY.09A,CD9,6.450183422849127,CD9,lead
TARGET.20.PANJTK.09A,CD9,3.40622619588257,CD9,lead
TARGET.20.PAXARD.09A,CD9,2.625479309828242,CD9,lead
TARGET.20.PAVPFR.09A,CD9,3.497180557455658,CD9,lead
TARGET.20.PAVYPX.09A,CD9,5.2349091958831995,CD9,lead
TARGET.20.PAXMFG.09A,CD9,0.5397176276655902,CD9,lead
TARGET.20.PALNAT.09A,CD9,4.398458176685393,CD9,lead
TARGET.20.PANDER.09A,CD9,6.10473066994735,CD9,lead
TARGET.20.PAXLDI.09A,CD9,4.298338304118932,CD9,lead
TARGET.20.PASSLT.09A,CD9,3.781116032751683,CD9,lead
TARGET.20.PAWMDY.09A,CD9,3.898770208753064,CD9,lead
TARGET.20.PAWYRT.09A,CD9,3.5087753014865384,CD9,lead
TARGET.20.PAWGKS.09A,CD9,1.3810841463804182,CD9,lead
TARGET.20.PATGRR.09A,CD9,4.875633938646837,CD9,lead
TARGET.20.PAVJRF.09A,CD9,5.339398788454736,CD9,lead
TARGET.20.PAXIHA.09A,CD9,2.768125481920891,CD9,lead
TARGET.20.PAUWFM.09A,CD9,3.2174854873201726,CD9,lead
TARGET.20.PARCUK.09A,CD9,4.732062698684086,CD9,lead
TARGET.20.PAVKAH.09A,CD9,3.2915112382668075,CD9,lead
TARGET.20.PAUYZY.09A,CD9,4.501039362544528,CD9,lead
TARGET.20.PARMME.09A,CD9,3.901885846132446,CD9,lead
TARGET.20.PASVVS.09A,CD9,5.83336214705511,CD9,lead
TARGET.20.PAXGXR.09A,CD9,3.9912999973843624,CD9,lead
TARGET.20.PAXANS.09A,CD9,4.0600008367652745,CD9,lead
TARGET.20.PAWHAX.09A,CD9,4.262870515915544,CD9,lead
TARGET.20.PAVXZL.09A,CD9,6.902957796793406,CD9,lead
TARGET.20.PASPLU.09A,CD9,3.881168091072168,CD9,lead
TARGET.20.PAUXKD.09A,CD9,6.454127260871489,CD9,lead
TARGET.20.PAVWZV.09A,CD9,5.962437878345495,CD9,lead
TARGET.20.PANKNB.09A,CD9,7.459087767856762,CD9,lead
TARGET.20.PAVTXM.09A,CD9,2.842448843121185,CD9,lead
TARGET.20.PAXBNE.09A,CD9,6.247477250950229,CD9,lead
TARGET.20.PAXBLW.09A,CD9,6.320477363266392,CD9,lead
TARGET.20.PAWZZN.09A,CD9,2.444549594588316,CD9,lead
TARGET.20.PAVLAE.09A,CD9,5.888551922007399,CD9,lead
TARGET.20.PAWIVB.09A,CD9,3.760198135748838,CD9,lead
TARGET.20.PAWPCN.09A,CD9,5.886164034181372,CD9,lead
TARGET.20.PAXCPM.09A,CD9,3.205563728320324,CD9,lead
TARGET.20.PAUXLK.09A,CD9,2.2402307393775347,CD9,lead
TARGET.20.PAVZBG.09A,CD9,4.828845236500456,CD9,lead
TARGET.20.PAVPCA.09A,CD9,2.0759101914531244,CD9,lead
TARGET.20.PAUHTE.09A,CD9,5.36172695776367,CD9,lead
TARGET.21.PARLSL.09A,CD9,3.662342544812181,CD9,lead
TARGET.20.PAVGIX.09A,CD9,2.830805970427999,CD9,lead
TARGET.20.PAWMIP.09A,CD9,3.926436432963583,CD9,lead
TARGET.20.PAEEYP.09A,CD9,5.65707662509749,CD9,lead
TARGET.20.PAUVBZ.09A,CD9,5.047744613464982,CD9,lead
TARGET.20.PAXIIP.09A,CD9,2.3026048165120647,CD9,lead
TARGET.20.PANZKA.09A,CD9,3.381562799835667,CD9,lead
TARGET.20.PAXARX.09A,CD9,5.409089114496866,CD9,lead
TARGET.20.PAUMJB.09A,CD9,3.786676055223337,CD9,lead
TARGET.20.PATBUK.09A,CD9,4.836916972970042,CD9,lead
TARGET.20.PAUZSY.09A,CD9,1.566250190515899,CD9,lead
TARGET.20.PASFNP.09A,CD9,3.9689135556448463,CD9,lead
TARGET.20.PAVIDK.09A,CD9,3.8467846187600294,CD9,lead
TARGET.20.PAXMLW.09A,CD9,4.777999234215063,CD9,lead
TARGET.20.PATWYU.09A,CD9,7.778710367931332,CD9,lead
TARGET.20.PASFJB.09A,CD9,5.704938294990438,CD9,lead
TARGET.20.PAWUAE.09A,CD9,2.3205859577770593,CD9,lead
TARGET.21.PASSLT.09A,CD9,5.167206091738845,CD9,lead
TARGET.20.PAUJNJ.09A,CD9,3.182291669627749,CD9,lead
TARGET.20.PAXEMU.09A,CD9,0.683911140005911,CD9,lead
TARGET.20.PAVIXV.09A,CD9,1.5053699979792408,CD9,lead
TARGET.20.PAVNKI.09A,CD9,6.407771660408357,CD9,lead
TARGET.20.PAVAAM.09A,CD9,6.02471441967247,CD9,lead
TARGET.20.PANSBH.09A,CD9,4.507143049151662,CD9,lead
TARGET.20.PAWFFJ.09A,CD9,6.028363823898727,CD9,lead
TARGET.20.PAUVEF.09A,CD9,4.173095558587022,CD9,lead
TARGET.20.PAWEYY.09A,CD9,3.3287860407354377,CD9,lead
TARGET.20.PAWNAP.09A,CD9,4.21395884406324,CD9,lead
TARGET.20.PAXFWY.09A,CD9,6.931761458875476,CD9,lead
TARGET.20.PAWLKE.09A,CD9,4.704663993806438,CD9,lead
TARGET.20.PASZZE.09A,CD9,5.201692287377086,CD9,lead
TARGET.21.PASYWA.09A,CD9,7.185860468243537,CD9,lead
TARGET.20.PAUBLN.09A,CD9,5.345199249007055,CD9,lead
TARGET.20.PAWPDC.09A,CD9,2.0198623919435468,CD9,lead
TARGET.20.PASRTP.09A,CD9,5.753734223269492,CD9,lead
TARGET.20.PAWLHJ.09A,CD9,7.001529080192951,CD9,lead
TARGET.20.PARWXS.09A,CD9,4.373266576939371,CD9,lead
TARGET.20.PAXLEE.09A,CD9,4.243377622586288,CD9,lead
TARGET.20.PATVRA.09A,CD9,6.502099717746588,CD9,lead
TARGET.20.PASSSI.09A,CD9,6.894365112640622,CD9,lead
TARGET.20.PAUMZV.09A,CD9,6.597362495771183,CD9,lead
TARGET.20.PAXFEE.09A,CD9,1.8530275222031216,CD9,lead
TARGET.20.PAWNPU.09A,CD9,3.079926367650739,CD9,lead
TARGET.20.PAECCE.09A,CD9,7.550637636617549,CD9,lead
TARGET.20.PAVSHX.09A,CD9,2.367598309528012,CD9,lead
TARGET.20.PAVDDU.09A,CD9,6.171921662232622,CD9,lead
TARGET.20.PAUPSX.09A,CD9,4.549469499956936,CD9,lead
TARGET.20.PARKFB.09A,CD9,6.881789737063684,CD9,lead
TARGET.20.PAUIPM.09A,CD9,6.107701328034443,CD9,lead
TARGET.20.PAXEES.09A,CD9,4.6899488878073585,CD9,lead
TARGET.21.PANVPB.09A,CD9,0.3605493919647906,CD9,lead
TARGET.20.PAUVMN.09A,CD9,2.4406805932099354,CD9,lead
TARGET.20.PATPAC.09A,CD9,7.897871174505374,CD9,lead
TARGET.20.PAVMPA.09A,CD9,5.2779310470107355,CD9,lead
TARGET.20.PAWGCN.09A,CD9,2.5870654835121965,CD9,lead
TARGET.20.PAUEAN.09A,CD9,5.645642188510752,CD9,lead
TARGET.21.PARHRS.09A,CD9,3.907546783966481,CD9,lead
TARGET.20.PAVWVT.09A,CD9,4.953384171338783,CD9,lead
TARGET.20.PAVJXG.09A,CD9,2.3563067727813585,CD9,lead
TARGET.20.PAVKBW.09A,CD9,5.718719890142551,CD9,lead
TARGET.20.PAXIAZ.09A,CD9,4.685746031849814,CD9,lead
TARGET.20.PASBPK.09A,CD9,6.506904872553898,CD9,lead
TARGET.20.PAWUMM.09A,CD9,5.923818007054827,CD9,lead
TARGET.20.PATDHA.09A,CD9,5.082216721066623,CD9,lead
TARGET.20.PAVHTL.09A,CD9,3.767354547283965,CD9,lead
TARGET.20.PAUZAM.09A,CD9,7.115118705726427,CD9,lead
TARGET.20.PAXHWI.09A,CD9,2.438631430333178,CD9,lead
TARGET.20.PAUUHV.09A,CD9,6.495376833199141,CD9,lead
TARGET.20.PAUTKL.09A,CD9,7.512649528222582,CD9,lead
TARGET.20.PAXBLX.09A,CD9,4.893894527241233,CD9,lead
TARGET.20.PAWYTW.09A,CD9,6.8757498128219945,CD9,lead
TARGET.20.PAWLAJ.09A,CD9,7.243606870348492,CD9,lead
TARGET.20.PAUVYC.09A,CD9,7.833144924084409,CD9,lead
TARGET.20.PARFVC.09A,CD9,4.137111108870382,CD9,lead
TARGET.20.PASZLJ.09A,CD9,6.298519697016892,CD9,lead
TARGET.20.PAXDVZ.09A,CD9,4.570558107025074,CD9,lead
TARGET.20.PAWDEG.09A,CD9,3.9381204817483257,CD9,lead
TARGET.20.PAVALK.09A,CD9,4.612719159172823,CD9,lead
TARGET.20.PAVZYI.09A,CD9,5.334629500092475,CD9,lead
TARGET.20.PAXKTY.09A,CD9,2.6669527699777973,CD9,lead
TARGET.20.PAUUKK.09A,CD9,3.8038217199688105,CD9,lead
TARGET.20.PAUFUB.09A,CD9,7.0152878806844,CD9,lead
TARGET.20.PAUMUZ.09A,CD9,2.446838395915715,CD9,lead
TARGET.20.PAXLXI.09A,CD9,3.267057283440164,CD9,lead
TARGET.20.PARTYK.09A,CD9,3.4366474471092037,CD9,lead
TARGET.20.PANZXI.09A,CD9,0.5781017444383847,CD9,lead
TARGET.20.PANVGE.09A,CD9,9.00413688973498,CD9,lead
TARGET.20.PAUZMH.09A,CD9,5.569739160404437,CD9,lead
TARGET.20.PAWKRF.09A,CD9,1.045784979938354,CD9,lead
TARGET.20.PAWUTL.09A,CD9,6.3457848882276515,CD9,lead
TARGET.20.PAVYYR.09A,CD9,6.167644786308123,CD9,lead
TARGET.20.PAKKBK.09A,CD9,5.5433118995498,CD9,lead
TARGET.20.PAVBNV.09A,CD9,2.339685885139384,CD9,lead
TARGET.20.PAVDPF.09A,CD9,3.6548419895921422,CD9,lead
TARGET.20.PARHJV.09A,CD9,6.779575692415645,CD9,lead
TARGET.20.PAVZEC.09A,CD9,4.565513159016523,CD9,lead
TARGET.20.PAUHFI.09A,CD9,6.999132174120506,CD9,lead
TARGET.20.PAUMAD.09A,CD9,4.68579470402704,CD9,lead
TARGET.20.PAXGVH.09A,CD9,2.6607750955322462,CD9,lead
TARGET.20.PAVIYS.09A,CD9,4.389541956037602,CD9,lead
TARGET.20.PAVXME.09A,CD9,6.865763744860451,CD9,lead
TARGET.20.PAVRTN.09A,CD9,4.457239009899481,CD9,lead
TARGET.20.PAUVAT.09A,CD9,3.4859916005806992,CD9,lead
TARGET.20.PAWACC.09A,CD9,5.5845015841527355,CD9,lead
TARGET.20.PAVWXI.09A,CD9,2.272425108024279,CD9,lead
TARGET.20.PAXMPG.09A,CD9,7.1627431463270925,CD9,lead
TARGET.20.PAVUZN.09A,CD9,2.53971011888926,CD9,lead
TARGET.20.PAUWNT.09A,CD9,3.5272549775656725,CD9,lead
TARGET.20.PASIEP.09A,CD9,1.7239655355099404,CD9,lead
TARGET.20.PAVDVV.09A,CD9,5.606496572832676,CD9,lead
TARGET.20.PATDDA.09A,CD9,5.0834730193344715,CD9,lead
TARGET.20.PAUULL.09A,CD9,6.5969508337170915,CD9,lead
TARGET.20.PAXIDA.09A,CD9,1.529872407932905,CD9,lead
TARGET.20.PAWKPU.09A,CD9,4.4686853971763805,CD9,lead
TARGET.20.PAXKES.09A,CD9,4.999960131725915,CD9,lead
TARGET.20.PAVFPR.09A,CD9,4.056028399178043,CD9,lead
TARGET.20.PAVPVK.09A,CD9,4.758399026733943,CD9,lead
TARGET.20.PAXMNG.09A,CD9,5.819196615390651,CD9,lead
TARGET.20.PAXKXS.09A,CD9,0.954546269691404,CD9,lead
TARGET.20.PAVKJV.09A,CD9,0.6673157789074666,CD9,lead
TARGET.20.PAULCA.09A,CD9,4.699419283580299,CD9,lead
TARGET.20.PAXLFG.09A,CD9,4.915579797374501,CD9,lead
TARGET.20.PASEGC.09A,CD9,2.8819397303255734,CD9,lead
TARGET.20.PAUPXH.09A,CD9,6.104154535116319,CD9,lead
TARGET.20.PAUTDY.09A,CD9,5.038014431597323,CD9,lead
TARGET.20.PAWTSD.09A,CD9,5.446919857873462,CD9,lead
TARGET.20.PAVUVI.09A,CD9,4.319732677935466,CD9,lead
TARGET.20.PASAFM.09A,CD9,1.772679660634097,CD9,lead
TARGET.20.PASFHK.09A,CD9,7.849163063405181,CD9,lead
TARGET.20.PAVLWY.09A,CD9,5.634360229390324,CD9,lead
TARGET.20.PAVCNU.09A,CD9,1.477193024306214,CD9,lead
TARGET.20.PAVHUF.09A,CD9,2.942500088903896,CD9,lead
TARGET.20.PARLVL.09A,CD9,0.9194559127574568,CD9,lead
TARGET.20.PAUSBP.09A,CD9,5.856539649641468,CD9,lead
TARGET.20.PAWTPD.09A,CD9,2.0934055695140525,CD9,lead
TARGET.20.PAVJVS.09A,CD9,3.930295447286013,CD9,lead
TARGET.20.PATJVL.09A,SUCNR1,4.226336458983712,SUCNR1,lead
TARGET.20.PAWWEE.09A,SUCNR1,4.298580057426382,SUCNR1,lead
TARGET.20.PARCEV.09A,SUCNR1,3.929934274056232,SUCNR1,lead
TARGET.20.PASCCS.09A,SUCNR1,3.7961487132992304,SUCNR1,lead
TARGET.20.PAEIKD.09A,SUCNR1,0.8650886730785065,SUCNR1,lead
TARGET.20.PAWNBB.09A,SUCNR1,2.705052145462135,SUCNR1,lead
TARGET.20.PARTYV.09A,SUCNR1,4.861506957237372,SUCNR1,lead
TARGET.20.PAVAGA.09A,SUCNR1,4.516673820194865,SUCNR1,lead
TARGET.20.PAWJGZ.09A,SUCNR1,1.8378702663942057,SUCNR1,lead
TARGET.20.PARERV.09A,SUCNR1,0.0,SUCNR1,lead
TARGET.20.PAUYIB.09A,SUCNR1,1.472762754266947,SUCNR1,lead
TARGET.20.PAUZJJ.09A,SUCNR1,1.6157607127248186,SUCNR1,lead
TARGET.20.PAVHFP.09A,SUCNR1,7.545139239543293,SUCNR1,lead
TARGET.20.PANTRL.09A,SUCNR1,0.0,SUCNR1,lead
TARGET.20.PAURYA.09A,SUCNR1,2.6073837475395076,SUCNR1,lead
TARGET.20.PASBHI.09A,SUCNR1,0.3691875998348046,SUCNR1,lead
TARGET.20.PAWVVR.09A,SUCNR1,6.306863786493776,SUCNR1,lead
TARGET.20.PAWZWN.09A,SUCNR1,7.040214105927415,SUCNR1,lead
TARGET.20.PASVYL.09A,SUCNR1,1.3052909010291989,SUCNR1,lead
TARGET.20.PARJCR.09A,SUCNR1,3.5852241856252203,SUCNR1,lead
TARGET.20.PATAPC.09A,SUCNR1,3.675876561338544,SUCNR1,lead
TARGET.20.PAVNVF.09A,SUCNR1,2.464204623364096,SUCNR1,lead
TARGET.20.PAXAAA.09A,SUCNR1,5.154533995352104,SUCNR1,lead
TARGET.20.PAXDSN.09A,SUCNR1,2.7161860997918867,SUCNR1,lead
TARGET.20.PASSPT.09A,SUCNR1,1.8242417471544152,SUCNR1,lead
TARGET.20.PAVACZ.09A,SUCNR1,2.1245887566286967,SUCNR1,lead
TARGET.20.PAWGTG.09A,SUCNR1,0.4161498292170571,SUCNR1,lead
TARGET.20.PASGGK.09A,SUCNR1,1.8381006565157196,SUCNR1,lead
TARGET.20.PANGJY.09A,SUCNR1,0.7089692020298248,SUCNR1,lead
TARGET.20.PAXLHS.09A,SUCNR1,0.2674921684135412,SUCNR1,lead
TARGET.20.PAXETC.09A,SUCNR1,2.3354562598995727,SUCNR1,lead
TARGET.20.PARMZF.09A,SUCNR1,2.9782595175112148,SUCNR1,lead
TARGET.20.PASBPW.09A,SUCNR1,5.224260814777341,SUCNR1,lead
TARGET.20.PAVZNG.09A,SUCNR1,0.9359958638062938,SUCNR1,lead
TARGET.20.PAVPMJ.09A,SUCNR1,5.146884306799034,SUCNR1,lead
TARGET.20.PAWSKR.09A,SUCNR1,1.3964345030258645,SUCNR1,lead
TARGET.20.PAULWG.09A,SUCNR1,2.4281595035876298,SUCNR1,lead
TARGET.20.PAWNGI.09A,SUCNR1,5.297133305410774,SUCNR1,lead
TARGET.20.PAVTRU.09A,SUCNR1,5.78749438021339,SUCNR1,lead
TARGET.21.PATISD.09A,SUCNR1,4.2384934463738695,SUCNR1,lead
TARGET.20.PAWTWW.09A,SUCNR1,2.538787325932152,SUCNR1,lead
TARGET.20.PAVSIZ.09A,SUCNR1,3.2537498280929444,SUCNR1,lead
TARGET.20.PARUWX.09A,SUCNR1,3.603701535105905,SUCNR1,lead
TARGET.21.PAMYMA.09A,SUCNR1,4.749037270328643,SUCNR1,lead
TARGET.20.PAWFBA.09A,SUCNR1,5.0058986352261075,SUCNR1,lead
TARGET.20.PARDDA.09A,SUCNR1,0.4597097245600737,SUCNR1,lead
TARGET.20.PABLDZ.09A,SUCNR1,6.878262296517076,SUCNR1,lead
TARGET.20.PARENB.09A,SUCNR1,5.6585940929118355,SUCNR1,lead
TARGET.20.PARXZP.09A,SUCNR1,1.0213896900418509,SUCNR1,lead
TARGET.20.PAUSMT.09A,SUCNR1,7.282975729838859,SUCNR1,lead
TARGET.20.PAXJNP.09A,SUCNR1,0.4978224198117129,SUCNR1,lead
TARGET.20.PAULIY.09A,SUCNR1,5.135001255367179,SUCNR1,lead
TARGET.20.PAUVSU.09A,SUCNR1,4.489293501035116,SUCNR1,lead
TARGET.20.PANVBP.09A,SUCNR1,0.6714603688040891,SUCNR1,lead
TARGET.20.PAWRNZ.09A,SUCNR1,3.895663363411283,SUCNR1,lead
TARGET.20.PARBIU.09A,SUCNR1,2.0021977735905083,SUCNR1,lead
TARGET.20.PAEAFC.09A,SUCNR1,5.156407002473406,SUCNR1,lead
TARGET.20.PAWVNC.09A,SUCNR1,0.1946920465158741,SUCNR1,lead
TARGET.20.PAUWEW.09A,SUCNR1,6.314722079323503,SUCNR1,lead
TARGET.20.PAWYEK.09A,SUCNR1,0.4970825189663138,SUCNR1,lead
TARGET.20.PAXMPW.09A,SUCNR1,6.895606955874027,SUCNR1,lead
TARGET.20.PAUVWF.09A,SUCNR1,3.348023277166394,SUCNR1,lead
TARGET.20.PAXGPE.09A,SUCNR1,5.628378859274032,SUCNR1,lead
TARGET.20.PAWDTX.09A,SUCNR1,4.730653878489077,SUCNR1,lead
TARGET.20.PAVUAP.09A,SUCNR1,4.505125847505968,SUCNR1,lead
TARGET.20.PAXKAL.09A,SUCNR1,5.123563832178127,SUCNR1,lead
TARGET.20.PAVDBD.09A,SUCNR1,3.252085200411468,SUCNR1,lead
TARGET.20.PAUSZL.09A,SUCNR1,5.928035142637886,SUCNR1,lead
TARGET.20.PAVPJM.09A,SUCNR1,3.0667233288913387,SUCNR1,lead
TARGET.20.PAVKEX.09A,SUCNR1,2.7529218544863596,SUCNR1,lead
TARGET.20.PARYEB.09A,SUCNR1,5.2373173221411795,SUCNR1,lead
TARGET.20.PAWXSL.09A,SUCNR1,2.2278830774047576,SUCNR1,lead
TARGET.20.PAWVCG.09A,SUCNR1,1.8231403502145425,SUCNR1,lead
TARGET.20.PAVTWM.09A,SUCNR1,0.998931999894133,SUCNR1,lead
TARGET.20.PAVHWT.09A,SUCNR1,2.6307828995395983,SUCNR1,lead
TARGET.20.PARUUB.09A,SUCNR1,1.4034482384852842,SUCNR1,lead
TARGET.20.PAURPD.09A,SUCNR1,1.887019737665741,SUCNR1,lead
TARGET.20.PARUNX.09A,SUCNR1,0.5496383770326616,SUCNR1,lead
TARGET.20.PASDGX.09A,SUCNR1,1.1234216431756314,SUCNR1,lead
TARGET.20.PAVDZK.09A,SUCNR1,4.2239990902570685,SUCNR1,lead
TARGET.20.PANUTB.09A,SUCNR1,3.9214305131634006,SUCNR1,lead
TARGET.20.PAXMKU.09A,SUCNR1,0.6714476692074821,SUCNR1,lead
TARGET.20.PAERAH.09A,SUCNR1,6.69459090364234,SUCNR1,lead
TARGET.20.PAUDNA.09A,SUCNR1,2.6697124425093124,SUCNR1,lead
TARGET.20.PAVMED.09A,SUCNR1,0.8335028959754762,SUCNR1,lead
TARGET.20.PANTIV.09A,SUCNR1,2.7218441858701516,SUCNR1,lead
TARGET.20.PAWVGN.09A,SUCNR1,0.8084386192175568,SUCNR1,lead
TARGET.20.PAWKUR.09A,SUCNR1,5.039131865641595,SUCNR1,lead
TARGET.20.PAWPMA.09A,SUCNR1,1.9341171741385397,SUCNR1,lead
TARGET.20.PAVGXF.09A,SUCNR1,0.9924327693729932,SUCNR1,lead
TARGET.20.PAXKKE.09A,SUCNR1,4.811405412064186,SUCNR1,lead
TARGET.20.PARHVK.09A,SUCNR1,0.141672051280368,SUCNR1,lead
TARGET.20.PAVFYL.09A,SUCNR1,2.3877307689290728,SUCNR1,lead
TARGET.21.PANZLR.09A,SUCNR1,2.506827314566396,SUCNR1,lead
TARGET.20.PAWIHN.09A,SUCNR1,4.15450091396904,SUCNR1,lead
TARGET.20.PAWSWR.09A,SUCNR1,5.217607516954752,SUCNR1,lead
TARGET.20.PAXMLN.09A,SUCNR1,4.333011841799423,SUCNR1,lead
TARGET.20.PAWJPN.09A,SUCNR1,5.615551694031053,SUCNR1,lead
TARGET.20.PAVVAB.09A,SUCNR1,2.917267180043287,SUCNR1,lead
TARGET.20.PAWHJI.09A,SUCNR1,1.1522133707213018,SUCNR1,lead
TARGET.20.PAVXUR.09A,SUCNR1,4.496678432916805,SUCNR1,lead
TARGET.20.PAVUHF.09A,SUCNR1,0.8613056105946014,SUCNR1,lead
TARGET.20.PANLIZ.09A,SUCNR1,0.2660500747963875,SUCNR1,lead
TARGET.20.PAVHXU.09A,SUCNR1,4.357643579857053,SUCNR1,lead
TARGET.20.PAXBSE.09A,SUCNR1,3.7840763841805214,SUCNR1,lead
TARGET.20.PARBXE.09A,SUCNR1,4.6211685808372645,SUCNR1,lead
TARGET.20.PAWUWJ.09A,SUCNR1,9.02491175576784,SUCNR1,lead
TARGET.20.PAVDHJ.09A,SUCNR1,0.4456207577271193,SUCNR1,lead
TARGET.20.PANINI.09A,SUCNR1,1.8346567474682456,SUCNR1,lead
TARGET.20.PATMXW.09A,SUCNR1,2.4801535320259873,SUCNR1,lead
TARGET.20.PAXCZX.09A,SUCNR1,2.1669133592856538,SUCNR1,lead
TARGET.20.PAXCVR.09A,SUCNR1,4.608943713952931,SUCNR1,lead
TARGET.20.PAVDBK.09A,SUCNR1,6.650403352875835,SUCNR1,lead
TARGET.20.PAUJCF.09A,SUCNR1,5.067856520118906,SUCNR1,lead
TARGET.20.PAXGIX.09A,SUCNR1,0.3665321335770776,SUCNR1,lead
TARGET.20.PASIZX.09A,SUCNR1,3.4220868105823667,SUCNR1,lead
TARGET.20.PAWLEB.09A,SUCNR1,1.6650613705912425,SUCNR1,lead
TARGET.20.PAVNIX.09A,SUCNR1,3.2889112256824173,SUCNR1,lead
TARGET.20.PAWWLI.09A,SUCNR1,0.4083935094966276,SUCNR1,lead
TARGET.20.PAVULK.09A,SUCNR1,2.1409685204640536,SUCNR1,lead
TARGET.20.PAWIXW.09A,SUCNR1,0.6605484452164804,SUCNR1,lead
TARGET.20.PAXIFA.09A,SUCNR1,1.1347512430605973,SUCNR1,lead
TARGET.20.PAUMTZ.09A,SUCNR1,1.5359609708161028,SUCNR1,lead
TARGET.20.PAXDBF.09A,SUCNR1,2.6886182188511634,SUCNR1,lead
TARGET.20.PAVKVT.09A,SUCNR1,6.005162540680319,SUCNR1,lead
TARGET.20.PANFMG.09A,SUCNR1,0.087956860842931,SUCNR1,lead
TARGET.20.PARZUU.09A,SUCNR1,4.088533671056016,SUCNR1,lead
TARGET.20.PAVANX.09A,SUCNR1,6.483251156202011,SUCNR1,lead
TARGET.20.PAWPVX.09A,SUCNR1,3.082474735579355,SUCNR1,lead
TARGET.20.PAVDYE.09A,SUCNR1,6.336645311736667,SUCNR1,lead
TARGET.20.PAXLXJ.09A,SUCNR1,5.7686331187455515,SUCNR1,lead
TARGET.20.PAUYHR.09A,SUCNR1,4.787710880644549,SUCNR1,lead
TARGET.20.PARDDY.09A,SUCNR1,0.7701917323690916,SUCNR1,lead
TARGET.20.PANXPU.09A,SUCNR1,4.8405945636316,SUCNR1,lead
TARGET.20.PAVJCJ.09A,SUCNR1,3.7229376947101542,SUCNR1,lead
TARGET.20.PAXGHE.09A,SUCNR1,1.1788163369544509,SUCNR1,lead
TARGET.20.PAWBYK.09A,SUCNR1,3.7102211407892742,SUCNR1,lead
TARGET.20.PAWRKX.09A,SUCNR1,4.837473372777793,SUCNR1,lead
TARGET.20.PATDNN.09A,SUCNR1,0.1039171895767547,SUCNR1,lead
TARGET.20.PAVZIB.09A,SUCNR1,6.426321246467461,SUCNR1,lead
TARGET.20.PAUVGD.09A,SUCNR1,4.304356322195474,SUCNR1,lead
TARGET.20.PAXEHH.09A,SUCNR1,5.399299663368434,SUCNR1,lead
TARGET.20.PANGTF.09A,SUCNR1,2.1937004698152145,SUCNR1,lead
TARGET.20.PAVNHN.09A,SUCNR1,0.6803654631873016,SUCNR1,lead
TARGET.20.PANGDN.09A,SUCNR1,4.4686896761860355,SUCNR1,lead
TARGET.20.PAVPMH.09A,SUCNR1,2.8389757622917804,SUCNR1,lead
TARGET.20.PAVDNF.09A,SUCNR1,2.1471888252306592,SUCNR1,lead
TARGET.20.PARCHW.09A,SUCNR1,4.5698986338252485,SUCNR1,lead
TARGET.20.PAXACY.09A,SUCNR1,4.513949415031353,SUCNR1,lead
TARGET.20.PAWYNR.09A,SUCNR1,0.6618171409807491,SUCNR1,lead
TARGET.20.PAXLJV.09A,SUCNR1,7.480628256885781,SUCNR1,lead
TARGET.20.PAUYAE.09A,SUCNR1,3.303852930673297,SUCNR1,lead
TARGET.20.PAWBDK.09A,SUCNR1,4.5575422820715925,SUCNR1,lead
TARGET.20.PASTTW.09A,SUCNR1,2.6011041020703294,SUCNR1,lead
TARGET.20.PARXVI.09A,SUCNR1,5.3625300373917995,SUCNR1,lead
TARGET.20.PAWKYG.09A,SUCNR1,4.430701125236264,SUCNR1,lead
TARGET.20.PAVPLM.09A,SUCNR1,6.455736692421348,SUCNR1,lead
TARGET.20.PANXWX.09A,SUCNR1,0.0,SUCNR1,lead
TARGET.20.PAUNBR.09A,SUCNR1,3.765420160588367,SUCNR1,lead
TARGET.20.PAVANE.09A,SUCNR1,4.969741424420236,SUCNR1,lead
TARGET.20.PARKCX.09A,SUCNR1,1.7462983577139413,SUCNR1,lead
TARGET.20.PARJWH.09A,SUCNR1,0.4853021478405854,SUCNR1,lead
TARGET.20.PATSSY.09A,SUCNR1,3.225191583696801,SUCNR1,lead
TARGET.20.PAWMII.09A,SUCNR1,2.331962094531921,SUCNR1,lead
TARGET.20.PAVDBT.09A,SUCNR1,2.8496273714402243,SUCNR1,lead
TARGET.20.PAEFHC.09A,SUCNR1,3.980957498834013,SUCNR1,lead
TARGET.20.PAXGSJ.09A,SUCNR1,5.7994929166361935,SUCNR1,lead
TARGET.20.PAVNAZ.09A,SUCNR1,4.8249611767227165,SUCNR1,lead
TARGET.20.PAUHGM.09A,SUCNR1,0.739314379837038,SUCNR1,lead
TARGET.20.PAUJBK.09A,SUCNR1,6.289121766001825,SUCNR1,lead
TARGET.20.PALBYP.09A,SUCNR1,3.335566656642801,SUCNR1,lead
TARGET.20.PAXFAG.09A,SUCNR1,0.4975126711793181,SUCNR1,lead
TARGET.20.PANJFJ.09A,SUCNR1,4.484395094145773,SUCNR1,lead
TARGET.20.PAXLMN.09A,SUCNR1,2.786922154521474,SUCNR1,lead
TARGET.20.PAPXWI.09A,SUCNR1,0.4513795157695995,SUCNR1,lead
TARGET.20.PAVDXS.09A,SUCNR1,2.216438223057722,SUCNR1,lead
TARGET.20.PAUYHB.09A,SUCNR1,6.284453200753104,SUCNR1,lead
TARGET.20.PASPGA.09A,SUCNR1,0.7909651364980365,SUCNR1,lead
TARGET.20.PAUSLS.09A,SUCNR1,0.6443194170206228,SUCNR1,lead
TARGET.20.PAXISI.09A,SUCNR1,8.02614552875844,SUCNR1,lead
TARGET.20.PAWNIX.09A,SUCNR1,1.4396834686826612,SUCNR1,lead
TARGET.20.PAXHYG.09A,SUCNR1,0.6978788053212207,SUCNR1,lead
TARGET.20.PAUPIY.09A,SUCNR1,5.883307948474376,SUCNR1,lead
TARGET.20.PAWCII.09A,SUCNR1,0.6122353341473483,SUCNR1,lead
TARGET.20.PAUUYP.09A,SUCNR1,1.57672988405543,SUCNR1,lead
TARGET.20.PASMGW.09A,SUCNR1,1.4230842057360478,SUCNR1,lead
TARGET.20.PAXEWD.09A,SUCNR1,5.6584435957419545,SUCNR1,lead
TARGET.20.PAVTKK.09A,SUCNR1,2.641895079080235,SUCNR1,lead
TARGET.20.PANTWV.09A,SUCNR1,2.0476131868953384,SUCNR1,lead
TARGET.20.PARZWH.09A,SUCNR1,6.374261469183243,SUCNR1,lead
TARGET.20.PAWLTL.09A,SUCNR1,0.6311281821952087,SUCNR1,lead
TARGET.20.PANBZH.09A,SUCNR1,4.907370600062583,SUCNR1,lead
TARGET.20.PAVKNA.09A,SUCNR1,3.418217465456451,SUCNR1,lead
TARGET.20.PAXGDG.09A,SUCNR1,6.127022817430471,SUCNR1,lead
TARGET.20.PAXBAP.09A,SUCNR1,3.380037680950907,SUCNR1,lead
TARGET.20.PAXGNZ.09A,SUCNR1,2.901505632587197,SUCNR1,lead
TARGET.20.PAVGYA.09A,SUCNR1,2.882278458311384,SUCNR1,lead
TARGET.20.PARUBT.09A,SUCNR1,0.8399962005392859,SUCNR1,lead
TARGET.20.PAWXCK.09A,SUCNR1,1.9323459384513657,SUCNR1,lead
TARGET.20.PARLSW.09A,SUCNR1,3.0735752816722424,SUCNR1,lead
TARGET.20.PASARK.09A,SUCNR1,2.700601213396782,SUCNR1,lead
TARGET.20.PAWWPA.09A,SUCNR1,1.5834381449023185,SUCNR1,lead
TARGET.20.PAWIEM.09A,SUCNR1,1.7633431760276084,SUCNR1,lead
TARGET.20.PAUVBS.09A,SUCNR1,0.4752788799304923,SUCNR1,lead
TARGET.20.PAPZLT.09A,SUCNR1,1.5531060039813225,SUCNR1,lead
TARGET.21.PARNAW.09A,SUCNR1,1.442990283750576,SUCNR1,lead
TARGET.20.PAVFHT.09A,SUCNR1,0.952799222493026,SUCNR1,lead
TARGET.20.PAURJZ.09A,SUCNR1,1.77228732292152,SUCNR1,lead
TARGET.20.PAXFDN.09A,SUCNR1,1.5496050817713996,SUCNR1,lead
TARGET.20.PAWUCG.09A,SUCNR1,0.889721051940407,SUCNR1,lead
TARGET.20.PAURMH.09A,SUCNR1,3.309807465971207,SUCNR1,lead
TARGET.20.PANTPW.09A,SUCNR1,5.983942551070139,SUCNR1,lead
TARGET.20.PAUNBY.09A,SUCNR1,6.981840757695651,SUCNR1,lead
TARGET.20.PASLTF.09A,SUCNR1,5.220661595442865,SUCNR1,lead
TARGET.21.PARBTV.09A,SUCNR1,3.3495327835117914,SUCNR1,lead
TARGET.20.PAEAKL.09A,SUCNR1,0.896863173554608,SUCNR1,lead
TARGET.20.PAVZJM.09A,SUCNR1,0.3295540725812717,SUCNR1,lead
TARGET.20.PAUWCF.09A,SUCNR1,4.654464372916792,SUCNR1,lead
TARGET.20.PAVNWF.09A,SUCNR1,7.281248169760172,SUCNR1,lead
TARGET.20.PAVWRN.09A,SUCNR1,6.498840356485217,SUCNR1,lead
TARGET.20.PAWNHU.09A,SUCNR1,5.837164559141174,SUCNR1,lead
TARGET.20.PASGCE.09A,SUCNR1,5.481555884417028,SUCNR1,lead
TARGET.20.PANUTX.09A,SUCNR1,5.544661289812095,SUCNR1,lead
TARGET.20.PAVSSE.09A,SUCNR1,2.1550141116318335,SUCNR1,lead
TARGET.20.PAXJPP.09A,SUCNR1,0.3765327780949812,SUCNR1,lead
TARGET.20.PAKERZ.09A,SUCNR1,0.1651642432414556,SUCNR1,lead
TARGET.20.PASFEW.09A,SUCNR1,0.1125710150459835,SUCNR1,lead
TARGET.20.PARBFJ.09A,SUCNR1,3.004697211235796,SUCNR1,lead
TARGET.20.PAVUPX.09A,SUCNR1,0.3414940983538018,SUCNR1,lead
TARGET.20.PASILA.09A,SUCNR1,1.2358520537835491,SUCNR1,lead
TARGET.20.PAWRGZ.09A,SUCNR1,4.3594197664384495,SUCNR1,lead
TARGET.20.PAVEDT.09A,SUCNR1,3.3706714754815503,SUCNR1,lead
TARGET.20.PAXFHW.09A,SUCNR1,8.412205301197208,SUCNR1,lead
TARGET.20.PATJCR.09A,SUCNR1,1.9674916373309508,SUCNR1,lead
TARGET.20.PAVAKA.09A,SUCNR1,5.450599601457581,SUCNR1,lead
TARGET.20.PANLJN.09A,SUCNR1,2.125823642080724,SUCNR1,lead
TARGET.20.PAUUTI.09A,SUCNR1,8.160977338312168,SUCNR1,lead
TARGET.20.PAXBEF.09A,SUCNR1,2.7645906297670115,SUCNR1,lead
TARGET.20.PAWRSU.09A,SUCNR1,1.3877537740473438,SUCNR1,lead
TARGET.20.PAWPBT.09A,SUCNR1,1.3717482336961215,SUCNR1,lead
TARGET.20.PATZVF.09A,SUCNR1,5.0370261256858075,SUCNR1,lead
TARGET.20.PAWFMF.09A,SUCNR1,5.796432183252006,SUCNR1,lead
TARGET.20.PAUUXA.09A,SUCNR1,5.06322037458971,SUCNR1,lead
TARGET.20.PAVUBN.09A,SUCNR1,0.5013360094252715,SUCNR1,lead
TARGET.20.PASPFE.09A,SUCNR1,0.6990256031281691,SUCNR1,lead
TARGET.20.PARYVW.09A,SUCNR1,1.033423544594016,SUCNR1,lead
TARGET.20.PAXCYN.09A,SUCNR1,3.0953474271014554,SUCNR1,lead
TARGET.20.PAVALI.09A,SUCNR1,2.1089044219928743,SUCNR1,lead
TARGET.20.PAWEBG.09A,SUCNR1,3.349266446532982,SUCNR1,lead
TARGET.20.PAPAPD.09A,SUCNR1,0.5547872988984345,SUCNR1,lead
TARGET.20.PAUWUZ.09A,SUCNR1,1.659208359992714,SUCNR1,lead
TARGET.20.PAUWRZ.09A,SUCNR1,3.6123672406689575,SUCNR1,lead
TARGET.21.PASDXR.09A,SUCNR1,5.965807134596928,SUCNR1,lead
TARGET.20.PAUYCB.09A,SUCNR1,2.688499714217708,SUCNR1,lead
TARGET.20.PAVWBB.09A,SUCNR1,1.0220565513465396,SUCNR1,lead
TARGET.20.PASPSV.09A,SUCNR1,5.0024286566838425,SUCNR1,lead
TARGET.20.PAXGTM.09A,SUCNR1,5.234140285732423,SUCNR1,lead
TARGET.20.PAUYCA.09A,SUCNR1,5.928953080971842,SUCNR1,lead
TARGET.20.PAXBXI.09A,SUCNR1,4.436056281555606,SUCNR1,lead
TARGET.20.PAWMKP.09A,SUCNR1,5.365193363985905,SUCNR1,lead
TARGET.21.PASFJJ.09A,SUCNR1,7.286652986360317,SUCNR1,lead
TARGET.20.PASWAJ.09A,SUCNR1,1.1161903232019024,SUCNR1,lead
TARGET.20.PAWUUE.09A,SUCNR1,1.2435571606554274,SUCNR1,lead
TARGET.20.PAPZIZ.09A,SUCNR1,0.6110463592999553,SUCNR1,lead
TARGET.20.PAWLYM.09A,SUCNR1,5.529142776400795,SUCNR1,lead
TARGET.20.PAWHFW.09A,SUCNR1,5.743754850991361,SUCNR1,lead
TARGET.20.PAWMNN.09A,SUCNR1,5.645135877689544,SUCNR1,lead
TARGET.20.PAUWYR.09A,SUCNR1,3.5353652616934794,SUCNR1,lead
TARGET.20.PAWJJY.09A,SUCNR1,0.5698194211204318,SUCNR1,lead
TARGET.20.PAWMGT.09A,SUCNR1,1.4681885844550169,SUCNR1,lead
TARGET.20.PAVSVU.09A,SUCNR1,3.84620652854635,SUCNR1,lead
TARGET.20.PAVBFN.09A,SUCNR1,6.380535591903946,SUCNR1,lead
TARGET.20.PASELF.09A,SUCNR1,6.664018000105946,SUCNR1,lead
TARGET.21.PASFHK.09A,SUCNR1,6.1571744859879605,SUCNR1,lead
TARGET.20.PAXDDY.09A,SUCNR1,4.156458457788108,SUCNR1,lead
TARGET.20.PARXEC.09A,SUCNR1,0.0875096849698394,SUCNR1,lead
TARGET.20.PAVTLN.09A,SUCNR1,4.8087339499039325,SUCNR1,lead
TARGET.20.PAVAYD.09A,SUCNR1,5.148923504890594,SUCNR1,lead
TARGET.20.PAVBZM.09A,SUCNR1,2.60942499581107,SUCNR1,lead
TARGET.20.PASEYM.09A,SUCNR1,2.8534564139013576,SUCNR1,lead
TARGET.20.PAPAJE.09A,SUCNR1,5.729822293277638,SUCNR1,lead
TARGET.20.PAWEVC.09A,SUCNR1,4.539951216868291,SUCNR1,lead
TARGET.20.PASFVP.09A,SUCNR1,1.6654252925300226,SUCNR1,lead
TARGET.20.PASLMR.09A,SUCNR1,2.8542864650153756,SUCNR1,lead
TARGET.20.PAUYNI.09A,SUCNR1,1.3409434736370165,SUCNR1,lead
TARGET.20.PAVDFC.09A,SUCNR1,5.676007180643473,SUCNR1,lead
TARGET.20.PAVTMY.09A,SUCNR1,1.2247414206131046,SUCNR1,lead
TARGET.20.PASWLN.09A,SUCNR1,2.089410199647218,SUCNR1,lead
TARGET.20.PAULSL.09A,SUCNR1,3.2579566041796753,SUCNR1,lead
TARGET.20.PATBFL.09A,SUCNR1,5.00877711818692,SUCNR1,lead
TARGET.20.PASGZS.09A,SUCNR1,4.472250663477294,SUCNR1,lead
TARGET.20.PAVTDW.09A,SUCNR1,2.158951014381117,SUCNR1,lead
TARGET.20.PAXCWR.09A,SUCNR1,4.384720761852055,SUCNR1,lead
TARGET.20.PAUBKI.09A,SUCNR1,5.9424386831403995,SUCNR1,lead
TARGET.20.PAXKAI.09A,SUCNR1,5.666905056366563,SUCNR1,lead
TARGET.20.PAPVZK.09A,SUCNR1,3.689593289571064,SUCNR1,lead
TARGET.20.PAUMGZ.09A,SUCNR1,3.134643326862568,SUCNR1,lead
TARGET.20.PASWTY.09A,SUCNR1,1.0918116961593405,SUCNR1,lead
TARGET.20.PANJTK.09A,SUCNR1,5.459040884978216,SUCNR1,lead
TARGET.20.PAXARD.09A,SUCNR1,1.400292803897204,SUCNR1,lead
TARGET.20.PAVPFR.09A,SUCNR1,3.4601844445834216,SUCNR1,lead
TARGET.20.PAVYPX.09A,SUCNR1,2.32709901810537,SUCNR1,lead
TARGET.20.PAXMFG.09A,SUCNR1,2.2108575470923153,SUCNR1,lead
TARGET.20.PALNAT.09A,SUCNR1,5.620530698478848,SUCNR1,lead
TARGET.20.PANDER.09A,SUCNR1,5.959862716927492,SUCNR1,lead
TARGET.20.PAXLDI.09A,SUCNR1,3.2499502044051938,SUCNR1,lead
TARGET.20.PASSLT.09A,SUCNR1,4.40422718686329,SUCNR1,lead
TARGET.20.PAWMDY.09A,SUCNR1,5.196105661754917,SUCNR1,lead
TARGET.20.PAWYRT.09A,SUCNR1,6.835392668644103,SUCNR1,lead
TARGET.20.PAWGKS.09A,SUCNR1,0.4946981890534008,SUCNR1,lead
TARGET.20.PATGRR.09A,SUCNR1,2.2242150582399685,SUCNR1,lead
TARGET.20.PAVJRF.09A,SUCNR1,7.115362675722176,SUCNR1,lead
TARGET.20.PAXIHA.09A,SUCNR1,1.0184107463509475,SUCNR1,lead
TARGET.20.PAUWFM.09A,SUCNR1,4.888923880852724,SUCNR1,lead
TARGET.20.PARCUK.09A,SUCNR1,0.5003475221826028,SUCNR1,lead
TARGET.20.PAVKAH.09A,SUCNR1,6.3112054591423,SUCNR1,lead
TARGET.20.PAUYZY.09A,SUCNR1,1.663291187710405,SUCNR1,lead
TARGET.20.PARMME.09A,SUCNR1,3.396341150979914,SUCNR1,lead
TARGET.20.PASVVS.09A,SUCNR1,7.13310848415312,SUCNR1,lead
TARGET.20.PAXGXR.09A,SUCNR1,4.344810478519419,SUCNR1,lead
TARGET.20.PAXANS.09A,SUCNR1,5.179674263118896,SUCNR1,lead
TARGET.20.PAWHAX.09A,SUCNR1,6.789019912375916,SUCNR1,lead
TARGET.20.PAVXZL.09A,SUCNR1,0.6961691331253896,SUCNR1,lead
TARGET.20.PASPLU.09A,SUCNR1,5.1575694623272135,SUCNR1,lead
TARGET.20.PAUXKD.09A,SUCNR1,3.53559565510483,SUCNR1,lead
TARGET.20.PAVWZV.09A,SUCNR1,5.375929209354735,SUCNR1,lead
TARGET.20.PANKNB.09A,SUCNR1,0.2666194906426235,SUCNR1,lead
TARGET.20.PAVTXM.09A,SUCNR1,5.234260859893128,SUCNR1,lead
TARGET.20.PAXBNE.09A,SUCNR1,1.3239666891741126,SUCNR1,lead
TARGET.20.PAXBLW.09A,SUCNR1,2.2365128053527816,SUCNR1,lead
TARGET.20.PAWZZN.09A,SUCNR1,5.5938771809807335,SUCNR1,lead
TARGET.20.PAVLAE.09A,SUCNR1,5.120707621169249,SUCNR1,lead
TARGET.20.PAWIVB.09A,SUCNR1,1.8682288423615268,SUCNR1,lead
TARGET.20.PAWPCN.09A,SUCNR1,1.3762857818188448,SUCNR1,lead
TARGET.20.PAXCPM.09A,SUCNR1,0.6945933421202702,SUCNR1,lead
TARGET.20.PAUXLK.09A,SUCNR1,7.960849483056338,SUCNR1,lead
TARGET.20.PAVZBG.09A,SUCNR1,5.963208833763065,SUCNR1,lead
TARGET.20.PAVPCA.09A,SUCNR1,2.4203771430573453,SUCNR1,lead
TARGET.20.PAUHTE.09A,SUCNR1,3.6357131522909056,SUCNR1,lead
TARGET.21.PARLSL.09A,SUCNR1,0.3446802315917693,SUCNR1,lead
TARGET.20.PAVGIX.09A,SUCNR1,0.3538218994921749,SUCNR1,lead
TARGET.20.PAWMIP.09A,SUCNR1,1.647313566861751,SUCNR1,lead
TARGET.20.PAEEYP.09A,SUCNR1,0.0708054017485896,SUCNR1,lead
TARGET.20.PAUVBZ.09A,SUCNR1,2.415634845515298,SUCNR1,lead
TARGET.20.PAXIIP.09A,SUCNR1,1.3389580601987616,SUCNR1,lead
TARGET.20.PANZKA.09A,SUCNR1,0.5079891338301523,SUCNR1,lead
TARGET.20.PAXARX.09A,SUCNR1,3.640348946478029,SUCNR1,lead
TARGET.20.PAUMJB.09A,SUCNR1,2.328259669222355,SUCNR1,lead
TARGET.20.PATBUK.09A,SUCNR1,4.527553946231082,SUCNR1,lead
TARGET.20.PAUZSY.09A,SUCNR1,6.119547566774782,SUCNR1,lead
TARGET.20.PASFNP.09A,SUCNR1,0.1552765906313677,SUCNR1,lead
TARGET.20.PAVIDK.09A,SUCNR1,0.7925647410189355,SUCNR1,lead
TARGET.20.PAXMLW.09A,SUCNR1,5.513342526581043,SUCNR1,lead
TARGET.20.PATWYU.09A,SUCNR1,4.16569197037933,SUCNR1,lead
TARGET.20.PASFJB.09A,SUCNR1,2.607558253952907,SUCNR1,lead
TARGET.20.PAWUAE.09A,SUCNR1,2.539356487539506,SUCNR1,lead
TARGET.21.PASSLT.09A,SUCNR1,3.9243855314624136,SUCNR1,lead
TARGET.20.PAUJNJ.09A,SUCNR1,8.58826289825993,SUCNR1,lead
TARGET.20.PAXEMU.09A,SUCNR1,1.203406854757081,SUCNR1,lead
TARGET.20.PAVIXV.09A,SUCNR1,4.861816603723836,SUCNR1,lead
TARGET.20.PAVNKI.09A,SUCNR1,5.890600560964841,SUCNR1,lead
TARGET.20.PAVAAM.09A,SUCNR1,5.181074855048689,SUCNR1,lead
TARGET.20.PANSBH.09A,SUCNR1,2.502808889192302,SUCNR1,lead
TARGET.20.PAWFFJ.09A,SUCNR1,1.3617810110169344,SUCNR1,lead
TARGET.20.PAUVEF.09A,SUCNR1,4.699225634003489,SUCNR1,lead
TARGET.20.PAWEYY.09A,SUCNR1,0.5729845588159824,SUCNR1,lead
TARGET.20.PAWNAP.09A,SUCNR1,5.384633914910101,SUCNR1,lead
TARGET.20.PAXFWY.09A,SUCNR1,4.440312460100266,SUCNR1,lead
TARGET.20.PAWLKE.09A,SUCNR1,0.9451826923774352,SUCNR1,lead
TARGET.20.PASZZE.09A,SUCNR1,8.41819739682351,SUCNR1,lead
TARGET.21.PASYWA.09A,SUCNR1,8.351174961458629,SUCNR1,lead
TARGET.20.PAUBLN.09A,SUCNR1,4.494342479407713,SUCNR1,lead
TARGET.20.PAWPDC.09A,SUCNR1,2.8589135890867636,SUCNR1,lead
TARGET.20.PASRTP.09A,SUCNR1,4.519408820662019,SUCNR1,lead
TARGET.20.PAWLHJ.09A,SUCNR1,1.5608120401375636,SUCNR1,lead
TARGET.20.PARWXS.09A,SUCNR1,1.756226240659505,SUCNR1,lead
TARGET.20.PAXLEE.09A,SUCNR1,3.995497577872194,SUCNR1,lead
TARGET.20.PATVRA.09A,SUCNR1,5.171643483877147,SUCNR1,lead
TARGET.20.PASSSI.09A,SUCNR1,0.1257314041284628,SUCNR1,lead
TARGET.20.PAUMZV.09A,SUCNR1,2.1610211467757425,SUCNR1,lead
TARGET.20.PAXFEE.09A,SUCNR1,1.483439322568231,SUCNR1,lead
TARGET.20.PAWNPU.09A,SUCNR1,4.070045924721278,SUCNR1,lead
TARGET.20.PAECCE.09A,SUCNR1,0.7121964297713893,SUCNR1,lead
TARGET.20.PAVSHX.09A,SUCNR1,0.4036186013030102,SUCNR1,lead
TARGET.20.PAVDDU.09A,SUCNR1,3.7862964056641704,SUCNR1,lead
TARGET.20.PAUPSX.09A,SUCNR1,4.0275210262360055,SUCNR1,lead
TARGET.20.PARKFB.09A,SUCNR1,0.3110097163241094,SUCNR1,lead
TARGET.20.PAUIPM.09A,SUCNR1,1.5980007211290976,SUCNR1,lead
TARGET.20.PAXEES.09A,SUCNR1,4.225963480184891,SUCNR1,lead
TARGET.21.PANVPB.09A,SUCNR1,0.1551869286285936,SUCNR1,lead
TARGET.20.PAUVMN.09A,SUCNR1,7.985905595409625,SUCNR1,lead
TARGET.20.PATPAC.09A,SUCNR1,5.544960497656103,SUCNR1,lead
TARGET.20.PAVMPA.09A,SUCNR1,1.618247812453993,SUCNR1,lead
TARGET.20.PAWGCN.09A,SUCNR1,5.349924477950023,SUCNR1,lead
TARGET.20.PAUEAN.09A,SUCNR1,5.234730867702421,SUCNR1,lead
TARGET.21.PARHRS.09A,SUCNR1,6.154347996814958,SUCNR1,lead
TARGET.20.PAVWVT.09A,SUCNR1,7.396184773777455,SUCNR1,lead
TARGET.20.PAVJXG.09A,SUCNR1,1.1453088707695205,SUCNR1,lead
TARGET.20.PAVKBW.09A,SUCNR1,4.411988134714324,SUCNR1,lead
TARGET.20.PAXIAZ.09A,SUCNR1,0.390595188919814,SUCNR1,lead
TARGET.20.PASBPK.09A,SUCNR1,0.8011750187637814,SUCNR1,lead
TARGET.20.PAWUMM.09A,SUCNR1,4.895712986500808,SUCNR1,lead
TARGET.20.PATDHA.09A,SUCNR1,4.438884212936259,SUCNR1,lead
TARGET.20.PAVHTL.09A,SUCNR1,4.535111447049692,SUCNR1,lead
TARGET.20.PAUZAM.09A,SUCNR1,1.5688238362908622,SUCNR1,lead
TARGET.20.PAXHWI.09A,SUCNR1,4.614754709539165,SUCNR1,lead
TARGET.20.PAUUHV.09A,SUCNR1,2.341984144529901,SUCNR1,lead
TARGET.20.PAUTKL.09A,SUCNR1,4.342565914911503,SUCNR1,lead
TARGET.20.PAXBLX.09A,SUCNR1,3.939794973656619,SUCNR1,lead
TARGET.20.PAWYTW.09A,SUCNR1,3.750119566006143,SUCNR1,lead
TARGET.20.PAWLAJ.09A,SUCNR1,2.9542656133190626,SUCNR1,lead
TARGET.20.PAUVYC.09A,SUCNR1,4.637140046168327,SUCNR1,lead
TARGET.20.PARFVC.09A,SUCNR1,0.9086438508916476,SUCNR1,lead
TARGET.20.PASZLJ.09A,SUCNR1,5.464747736600361,SUCNR1,lead
TARGET.20.PAXDVZ.09A,SUCNR1,4.3393420202290764,SUCNR1,lead
TARGET.20.PAWDEG.09A,SUCNR1,5.065113512106295,SUCNR1,lead
TARGET.20.PAVALK.09A,SUCNR1,0.9847962797068364,SUCNR1,lead
TARGET.20.PAVZYI.09A,SUCNR1,1.911371002769104,SUCNR1,lead
TARGET.20.PAXKTY.09A,SUCNR1,1.5967687181560903,SUCNR1,lead
TARGET.20.PAUUKK.09A,SUCNR1,0.949386711482948,SUCNR1,lead
TARGET.20.PAUFUB.09A,SUCNR1,6.358764859994363,SUCNR1,lead
TARGET.20.PAUMUZ.09A,SUCNR1,0.3863124025580699,SUCNR1,lead
TARGET.20.PAXLXI.09A,SUCNR1,5.505365320715188,SUCNR1,lead
TARGET.20.PARTYK.09A,SUCNR1,3.6334383240772543,SUCNR1,lead
TARGET.20.PANZXI.09A,SUCNR1,2.442532974899892,SUCNR1,lead
TARGET.20.PANVGE.09A,SUCNR1,2.5021199474418716,SUCNR1,lead
TARGET.20.PAUZMH.09A,SUCNR1,0.3811276993175198,SUCNR1,lead
TARGET.20.PAWKRF.09A,SUCNR1,5.429040529357964,SUCNR1,lead
TARGET.20.PAWUTL.09A,SUCNR1,0.359931236276374,SUCNR1,lead
TARGET.20.PAVYYR.09A,SUCNR1,4.5204792841818495,SUCNR1,lead
TARGET.20.PAKKBK.09A,SUCNR1,4.684030548033782,SUCNR1,lead
TARGET.20.PAVBNV.09A,SUCNR1,2.485178989319802,SUCNR1,lead
TARGET.20.PAVDPF.09A,SUCNR1,0.925331094244356,SUCNR1,lead
TARGET.20.PARHJV.09A,SUCNR1,1.1551606275340889,SUCNR1,lead
TARGET.20.PAVZEC.09A,SUCNR1,0.8951885425553953,SUCNR1,lead
TARGET.20.PAUHFI.09A,SUCNR1,3.308430646124913,SUCNR1,lead
TARGET.20.PAUMAD.09A,SUCNR1,1.832302289605648,SUCNR1,lead
TARGET.20.PAXGVH.09A,SUCNR1,0.4618135027149565,SUCNR1,lead
TARGET.20.PAVIYS.09A,SUCNR1,3.3013971168634777,SUCNR1,lead
TARGET.20.PAVXME.09A,SUCNR1,2.7250447785782077,SUCNR1,lead
TARGET.20.PAVRTN.09A,SUCNR1,5.5860993051722465,SUCNR1,lead
TARGET.20.PAUVAT.09A,SUCNR1,4.178060774552527,SUCNR1,lead
TARGET.20.PAWACC.09A,SUCNR1,3.105821032754678,SUCNR1,lead
TARGET.20.PAVWXI.09A,SUCNR1,1.788019798548972,SUCNR1,lead
TARGET.20.PAXMPG.09A,SUCNR1,2.192398912158514,SUCNR1,lead
TARGET.20.PAVUZN.09A,SUCNR1,1.5423559373229168,SUCNR1,lead
TARGET.20.PAUWNT.09A,SUCNR1,3.8724028217827096,SUCNR1,lead
TARGET.20.PASIEP.09A,SUCNR1,6.321862819398941,SUCNR1,lead
TARGET.20.PAVDVV.09A,SUCNR1,1.635947496333305,SUCNR1,lead
TARGET.20.PATDDA.09A,SUCNR1,2.844050920002075,SUCNR1,lead
TARGET.20.PAUULL.09A,SUCNR1,0.6881096130986593,SUCNR1,lead
TARGET.20.PAXIDA.09A,SUCNR1,1.6656311723628123,SUCNR1,lead
TARGET.20.PAWKPU.09A,SUCNR1,4.5415450111503315,SUCNR1,lead
TARGET.20.PAXKES.09A,SUCNR1,4.946424958165917,SUCNR1,lead
TARGET.20.PAVFPR.09A,SUCNR1,5.592384266648398,SUCNR1,lead
TARGET.20.PAVPVK.09A,SUCNR1,4.4643072270919095,SUCNR1,lead
TARGET.20.PAXMNG.09A,SUCNR1,1.5363271207768057,SUCNR1,lead
TARGET.20.PAXKXS.09A,SUCNR1,0.1665148271638658,SUCNR1,lead
TARGET.20.PAVKJV.09A,SUCNR1,4.154873375079542,SUCNR1,lead
TARGET.20.PAULCA.09A,SUCNR1,2.597522055676484,SUCNR1,lead
TARGET.20.PAXLFG.09A,SUCNR1,4.913794941859828,SUCNR1,lead
TARGET.20.PASEGC.09A,SUCNR1,3.3994505250467433,SUCNR1,lead
TARGET.20.PAUPXH.09A,SUCNR1,4.228526734139362,SUCNR1,lead
TARGET.20.PAUTDY.09A,SUCNR1,0.9218225975779728,SUCNR1,lead
TARGET.20.PAWTSD.09A,SUCNR1,2.955566237541404,SUCNR1,lead
TARGET.20.PAVUVI.09A,SUCNR1,1.4148107687074565,SUCNR1,lead
TARGET.20.PASAFM.09A,SUCNR1,5.095579365338466,SUCNR1,lead
TARGET.20.PASFHK.09A,SUCNR1,5.702841486379755,SUCNR1,lead
TARGET.20.PAVLWY.09A,SUCNR1,0.803733954716896,SUCNR1,lead
TARGET.20.PAVCNU.09A,SUCNR1,4.4859923949708085,SUCNR1,lead
TARGET.20.PAVHUF.09A,SUCNR1,7.892796410759154,SUCNR1,lead
TARGET.20.PARLVL.09A,SUCNR1,1.2247211783557563,SUCNR1,lead
TARGET.20.PAUSBP.09A,SUCNR1,2.8712174487793365,SUCNR1,lead
TARGET.20.PAWTPD.09A,SUCNR1,2.276248845029524,SUCNR1,lead
TARGET.20.PAVJVS.09A,SUCNR1,5.872332892707383,SUCNR1,lead
TARGET.20.PATJVL.09A,IL1RAP,6.279541416656935,IL1RAP,lead
TARGET.20.PAWWEE.09A,IL1RAP,6.797901260087975,IL1RAP,lead
TARGET.20.PARCEV.09A,IL1RAP,5.5510044534562795,IL1RAP,lead
TARGET.20.PASCCS.09A,IL1RAP,4.8580629960369714,IL1RAP,lead
TARGET.20.PAEIKD.09A,IL1RAP,6.104485473537771,IL1RAP,lead
TARGET.20.PAWNBB.09A,IL1RAP,3.904705645467803,IL1RAP,lead
TARGET.20.PARTYV.09A,IL1RAP,6.10460939086738,IL1RAP,lead
TARGET.20.PAVAGA.09A,IL1RAP,6.838609112781304,IL1RAP,lead
TARGET.20.PAWJGZ.09A,IL1RAP,4.179110869114318,IL1RAP,lead
TARGET.20.PARERV.09A,IL1RAP,4.365671417815932,IL1RAP,lead
TARGET.20.PAUYIB.09A,IL1RAP,3.72276397710566,IL1RAP,lead
TARGET.20.PAUZJJ.09A,IL1RAP,4.5546060287075365,IL1RAP,lead
TARGET.20.PAVHFP.09A,IL1RAP,7.708350045059675,IL1RAP,lead
TARGET.20.PANTRL.09A,IL1RAP,1.6102154367170296,IL1RAP,lead
TARGET.20.PAURYA.09A,IL1RAP,6.3329148919003515,IL1RAP,lead
TARGET.20.PASBHI.09A,IL1RAP,5.630422729532363,IL1RAP,lead
TARGET.20.PAWVVR.09A,IL1RAP,6.64420599091862,IL1RAP,lead
TARGET.20.PAWZWN.09A,IL1RAP,5.228705430501255,IL1RAP,lead
TARGET.20.PASVYL.09A,IL1RAP,5.651867481322213,IL1RAP,lead
TARGET.20.PARJCR.09A,IL1RAP,4.416366535900172,IL1RAP,lead
TARGET.20.PATAPC.09A,IL1RAP,5.98594165512251,IL1RAP,lead
TARGET.20.PAVNVF.09A,IL1RAP,6.876296880640933,IL1RAP,lead
TARGET.20.PAXAAA.09A,IL1RAP,7.417707451707416,IL1RAP,lead
TARGET.20.PAXDSN.09A,IL1RAP,6.456956024932424,IL1RAP,lead
TARGET.20.PASSPT.09A,IL1RAP,5.868525477539602,IL1RAP,lead
TARGET.20.PAVACZ.09A,IL1RAP,4.975315538815048,IL1RAP,lead
TARGET.20.PAWGTG.09A,IL1RAP,3.715600321533123,IL1RAP,lead
TARGET.20.PASGGK.09A,IL1RAP,5.9633066103390115,IL1RAP,lead
TARGET.20.PANGJY.09A,IL1RAP,5.127344927433628,IL1RAP,lead
TARGET.20.PAXLHS.09A,IL1RAP,3.668292962649821,IL1RAP,lead
TARGET.20.PAXETC.09A,IL1RAP,6.961144090830482,IL1RAP,lead
TARGET.20.PARMZF.09A,IL1RAP,5.510541916071266,IL1RAP,lead
TARGET.20.PASBPW.09A,IL1RAP,7.834164612851316,IL1RAP,lead
TARGET.20.PAVZNG.09A,IL1RAP,5.777270191865296,IL1RAP,lead
TARGET.20.PAVPMJ.09A,IL1RAP,5.344391924743464,IL1RAP,lead
TARGET.20.PAWSKR.09A,IL1RAP,5.946605700391723,IL1RAP,lead
TARGET.20.PAULWG.09A,IL1RAP,5.739641468798934,IL1RAP,lead
TARGET.20.PAWNGI.09A,IL1RAP,5.415026178872041,IL1RAP,lead
TARGET.20.PAVTRU.09A,IL1RAP,7.383729737197541,IL1RAP,lead
TARGET.21.PATISD.09A,IL1RAP,7.304751192041735,IL1RAP,lead
TARGET.20.PAWTWW.09A,IL1RAP,5.571885585981212,IL1RAP,lead
TARGET.20.PAVSIZ.09A,IL1RAP,7.033352092106496,IL1RAP,lead
TARGET.20.PARUWX.09A,IL1RAP,6.648400044973429,IL1RAP,lead
TARGET.21.PAMYMA.09A,IL1RAP,5.104728969949733,IL1RAP,lead
TARGET.20.PAWFBA.09A,IL1RAP,7.477040604286209,IL1RAP,lead
TARGET.20.PARDDA.09A,IL1RAP,5.094523690103736,IL1RAP,lead
TARGET.20.PABLDZ.09A,IL1RAP,3.910404662721658,IL1RAP,lead
TARGET.20.PARENB.09A,IL1RAP,6.079597210153763,IL1RAP,lead
TARGET.20.PARXZP.09A,IL1RAP,4.412539455756133,IL1RAP,lead
TARGET.20.PAUSMT.09A,IL1RAP,7.11122851570661,IL1RAP,lead
TARGET.20.PAXJNP.09A,IL1RAP,7.574599186314749,IL1RAP,lead
TARGET.20.PAULIY.09A,IL1RAP,7.187345764113442,IL1RAP,lead
TARGET.20.PAUVSU.09A,IL1RAP,6.642188172701348,IL1RAP,lead
TARGET.20.PANVBP.09A,IL1RAP,2.918599894944753,IL1RAP,lead
TARGET.20.PAWRNZ.09A,IL1RAP,7.158062490258007,IL1RAP,lead
TARGET.20.PARBIU.09A,IL1RAP,4.83432110455761,IL1RAP,lead
TARGET.20.PAEAFC.09A,IL1RAP,6.495721942947459,IL1RAP,lead
TARGET.20.PAWVNC.09A,IL1RAP,3.5615817563989864,IL1RAP,lead
TARGET.20.PAUWEW.09A,IL1RAP,6.6592025092603,IL1RAP,lead
TARGET.20.PAWYEK.09A,IL1RAP,4.362730537387412,IL1RAP,lead
TARGET.20.PAXMPW.09A,IL1RAP,5.5054374877243895,IL1RAP,lead
TARGET.20.PAUVWF.09A,IL1RAP,6.183076469159116,IL1RAP,lead
TARGET.20.PAXGPE.09A,IL1RAP,5.685750428445035,IL1RAP,lead
TARGET.20.PAWDTX.09A,IL1RAP,8.306742634338546,IL1RAP,lead
TARGET.20.PAVUAP.09A,IL1RAP,7.967586917709109,IL1RAP,lead
TARGET.20.PAXKAL.09A,IL1RAP,7.434982293748946,IL1RAP,lead
TARGET.20.PAVDBD.09A,IL1RAP,6.239916830044784,IL1RAP,lead
TARGET.20.PAUSZL.09A,IL1RAP,7.048910642954963,IL1RAP,lead
TARGET.20.PAVPJM.09A,IL1RAP,6.476503892647975,IL1RAP,lead
TARGET.20.PAVKEX.09A,IL1RAP,3.792654485578754,IL1RAP,lead
TARGET.20.PARYEB.09A,IL1RAP,6.242889736433284,IL1RAP,lead
TARGET.20.PAWXSL.09A,IL1RAP,4.750694972552347,IL1RAP,lead
TARGET.20.PAWVCG.09A,IL1RAP,5.6511684535789275,IL1RAP,lead
TARGET.20.PAVTWM.09A,IL1RAP,2.583182061058065,IL1RAP,lead
TARGET.20.PAVHWT.09A,IL1RAP,3.9366521466445823,IL1RAP,lead
TARGET.20.PARUUB.09A,IL1RAP,7.020473479810173,IL1RAP,lead
TARGET.20.PAURPD.09A,IL1RAP,6.09849771669305,IL1RAP,lead
TARGET.20.PARUNX.09A,IL1RAP,3.7108655457878608,IL1RAP,lead
TARGET.20.PASDGX.09A,IL1RAP,4.793045113790417,IL1RAP,lead
TARGET.20.PAVDZK.09A,IL1RAP,7.742852909725535,IL1RAP,lead
TARGET.20.PANUTB.09A,IL1RAP,5.6711054040520805,IL1RAP,lead
TARGET.20.PAXMKU.09A,IL1RAP,3.5782921178947387,IL1RAP,lead
TARGET.20.PAERAH.09A,IL1RAP,7.965101242583219,IL1RAP,lead
TARGET.20.PAUDNA.09A,IL1RAP,6.175424624527486,IL1RAP,lead
TARGET.20.PAVMED.09A,IL1RAP,4.626135850148008,IL1RAP,lead
TARGET.20.PANTIV.09A,IL1RAP,5.53867025691155,IL1RAP,lead
TARGET.20.PAWVGN.09A,IL1RAP,4.836593816210471,IL1RAP,lead
TARGET.20.PAWKUR.09A,IL1RAP,7.329273692700141,IL1RAP,lead
TARGET.20.PAWPMA.09A,IL1RAP,3.3124570407954717,IL1RAP,lead
TARGET.20.PAVGXF.09A,IL1RAP,4.242725268884084,IL1RAP,lead
TARGET.20.PAXKKE.09A,IL1RAP,6.892364952377028,IL1RAP,lead
TARGET.20.PARHVK.09A,IL1RAP,2.139154139290366,IL1RAP,lead
TARGET.20.PAVFYL.09A,IL1RAP,5.569645050761184,IL1RAP,lead
TARGET.21.PANZLR.09A,IL1RAP,7.399947808811103,IL1RAP,lead
TARGET.20.PAWIHN.09A,IL1RAP,8.204964662623599,IL1RAP,lead
TARGET.20.PAWSWR.09A,IL1RAP,3.848825992268557,IL1RAP,lead
TARGET.20.PAXMLN.09A,IL1RAP,6.906728936509627,IL1RAP,lead
TARGET.20.PAWJPN.09A,IL1RAP,6.932186798946119,IL1RAP,lead
TARGET.20.PAVVAB.09A,IL1RAP,4.373575421479571,IL1RAP,lead
TARGET.20.PAWHJI.09A,IL1RAP,5.579511731765191,IL1RAP,lead
TARGET.20.PAVXUR.09A,IL1RAP,6.3120830091422375,IL1RAP,lead
TARGET.20.PAVUHF.09A,IL1RAP,4.087423423812517,IL1RAP,lead
TARGET.20.PANLIZ.09A,IL1RAP,4.648382392468495,IL1RAP,lead
TARGET.20.PAVHXU.09A,IL1RAP,6.614015441882478,IL1RAP,lead
TARGET.20.PAXBSE.09A,IL1RAP,4.076944194801122,IL1RAP,lead
TARGET.20.PARBXE.09A,IL1RAP,5.970744524300229,IL1RAP,lead
TARGET.20.PAWUWJ.09A,IL1RAP,5.236146359026445,IL1RAP,lead
TARGET.20.PAVDHJ.09A,IL1RAP,4.107709775715205,IL1RAP,lead
TARGET.20.PANINI.09A,IL1RAP,2.4458482266840647,IL1RAP,lead
TARGET.20.PATMXW.09A,IL1RAP,5.922614039378266,IL1RAP,lead
TARGET.20.PAXCZX.09A,IL1RAP,4.565092857590613,IL1RAP,lead
TARGET.20.PAXCVR.09A,IL1RAP,6.13118671868314,IL1RAP,lead
TARGET.20.PAVDBK.09A,IL1RAP,7.784345879642448,IL1RAP,lead
TARGET.20.PAUJCF.09A,IL1RAP,7.699039343144264,IL1RAP,lead
TARGET.20.PAXGIX.09A,IL1RAP,4.104169264419194,IL1RAP,lead
TARGET.20.PASIZX.09A,IL1RAP,5.570268777191464,IL1RAP,lead
TARGET.20.PAWLEB.09A,IL1RAP,5.520050689618787,IL1RAP,lead
TARGET.20.PAVNIX.09A,IL1RAP,7.085893209349885,IL1RAP,lead
TARGET.20.PAWWLI.09A,IL1RAP,6.132142082626167,IL1RAP,lead
TARGET.20.PAVULK.09A,IL1RAP,7.107861890291351,IL1RAP,lead
TARGET.20.PAWIXW.09A,IL1RAP,4.8435569402180745,IL1RAP,lead
TARGET.20.PAXIFA.09A,IL1RAP,5.5649122380043865,IL1RAP,lead
TARGET.20.PAUMTZ.09A,IL1RAP,7.766820452971087,IL1RAP,lead
TARGET.20.PAXDBF.09A,IL1RAP,4.6995651225441515,IL1RAP,lead
TARGET.20.PAVKVT.09A,IL1RAP,6.209972735355746,IL1RAP,lead
TARGET.20.PANFMG.09A,IL1RAP,5.444894130496965,IL1RAP,lead
TARGET.20.PARZUU.09A,IL1RAP,6.136327189597267,IL1RAP,lead
TARGET.20.PAVANX.09A,IL1RAP,6.1596482355982785,IL1RAP,lead
TARGET.20.PAWPVX.09A,IL1RAP,5.985627531589046,IL1RAP,lead
TARGET.20.PAVDYE.09A,IL1RAP,6.534755184339432,IL1RAP,lead
TARGET.20.PAXLXJ.09A,IL1RAP,8.070071603051227,IL1RAP,lead
TARGET.20.PAUYHR.09A,IL1RAP,6.34883406566887,IL1RAP,lead
TARGET.20.PARDDY.09A,IL1RAP,4.970377781233896,IL1RAP,lead
TARGET.20.PANXPU.09A,IL1RAP,7.450282686552637,IL1RAP,lead
TARGET.20.PAVJCJ.09A,IL1RAP,6.710623083630862,IL1RAP,lead
TARGET.20.PAXGHE.09A,IL1RAP,4.772934773339801,IL1RAP,lead
TARGET.20.PAWBYK.09A,IL1RAP,5.709508342667942,IL1RAP,lead
TARGET.20.PAWRKX.09A,IL1RAP,6.245402092934456,IL1RAP,lead
TARGET.20.PATDNN.09A,IL1RAP,4.247903496054236,IL1RAP,lead
TARGET.20.PAVZIB.09A,IL1RAP,6.135990912269089,IL1RAP,lead
TARGET.20.PAUVGD.09A,IL1RAP,7.119058894668349,IL1RAP,lead
TARGET.20.PAXEHH.09A,IL1RAP,8.824371499916154,IL1RAP,lead
TARGET.20.PANGTF.09A,IL1RAP,6.854011337393431,IL1RAP,lead
TARGET.20.PAVNHN.09A,IL1RAP,5.092050877637897,IL1RAP,lead
TARGET.20.PANGDN.09A,IL1RAP,5.8833351789347335,IL1RAP,lead
TARGET.20.PAVPMH.09A,IL1RAP,7.315499165426254,IL1RAP,lead
TARGET.20.PAVDNF.09A,IL1RAP,4.903436090698874,IL1RAP,lead
TARGET.20.PARCHW.09A,IL1RAP,6.661475923612911,IL1RAP,lead
TARGET.20.PAXACY.09A,IL1RAP,7.8694558709546,IL1RAP,lead
TARGET.20.PAWYNR.09A,IL1RAP,4.84108635234538,IL1RAP,lead
TARGET.20.PAXLJV.09A,IL1RAP,8.145301364714204,IL1RAP,lead
TARGET.20.PAUYAE.09A,IL1RAP,6.474638857849932,IL1RAP,lead
TARGET.20.PAWBDK.09A,IL1RAP,6.175982578990487,IL1RAP,lead
TARGET.20.PASTTW.09A,IL1RAP,5.005345253709877,IL1RAP,lead
TARGET.20.PARXVI.09A,IL1RAP,6.033657653927979,IL1RAP,lead
TARGET.20.PAWKYG.09A,IL1RAP,8.299894004006733,IL1RAP,lead
TARGET.20.PAVPLM.09A,IL1RAP,5.610223073441856,IL1RAP,lead
TARGET.20.PANXWX.09A,IL1RAP,2.1966072553830664,IL1RAP,lead
TARGET.20.PAUNBR.09A,IL1RAP,7.494415699181947,IL1RAP,lead
TARGET.20.PAVANE.09A,IL1RAP,6.277792191718586,IL1RAP,lead
TARGET.20.PARKCX.09A,IL1RAP,6.291295564727643,IL1RAP,lead
TARGET.20.PARJWH.09A,IL1RAP,4.20941183095093,IL1RAP,lead
TARGET.20.PATSSY.09A,IL1RAP,5.402674134121005,IL1RAP,lead
TARGET.20.PAWMII.09A,IL1RAP,3.4595660817161344,IL1RAP,lead
TARGET.20.PAVDBT.09A,IL1RAP,6.88751430136163,IL1RAP,lead
TARGET.20.PAEFHC.09A,IL1RAP,6.747985563595625,IL1RAP,lead
TARGET.20.PAXGSJ.09A,IL1RAP,7.425987313939617,IL1RAP,lead
TARGET.20.PAVNAZ.09A,IL1RAP,7.6822767320034275,IL1RAP,lead
TARGET.20.PAUHGM.09A,IL1RAP,5.175196195933882,IL1RAP,lead
TARGET.20.PAUJBK.09A,IL1RAP,5.688304217227645,IL1RAP,lead
TARGET.20.PALBYP.09A,IL1RAP,4.663052983265956,IL1RAP,lead
TARGET.20.PAXFAG.09A,IL1RAP,4.154959469073025,IL1RAP,lead
TARGET.20.PANJFJ.09A,IL1RAP,2.4199143767743188,IL1RAP,lead
TARGET.20.PAXLMN.09A,IL1RAP,5.094451254947742,IL1RAP,lead
TARGET.20.PAPXWI.09A,IL1RAP,3.869431473918279,IL1RAP,lead
TARGET.20.PAVDXS.09A,IL1RAP,3.1580431543072187,IL1RAP,lead
TARGET.20.PAUYHB.09A,IL1RAP,6.446359109233107,IL1RAP,lead
TARGET.20.PASPGA.09A,IL1RAP,4.499531512567463,IL1RAP,lead
TARGET.20.PAUSLS.09A,IL1RAP,4.594437458471772,IL1RAP,lead
TARGET.20.PAXISI.09A,IL1RAP,6.875817557040143,IL1RAP,lead
TARGET.20.PAWNIX.09A,IL1RAP,5.262736067347882,IL1RAP,lead
TARGET.20.PAXHYG.09A,IL1RAP,3.3249130503851503,IL1RAP,lead
TARGET.20.PAUPIY.09A,IL1RAP,8.229916595451032,IL1RAP,lead
TARGET.20.PAWCII.09A,IL1RAP,5.230255862208097,IL1RAP,lead
TARGET.20.PAUUYP.09A,IL1RAP,5.8905799206893565,IL1RAP,lead
TARGET.20.PASMGW.09A,IL1RAP,6.168091930160752,IL1RAP,lead
TARGET.20.PAXEWD.09A,IL1RAP,7.093652632268442,IL1RAP,lead
TARGET.20.PAVTKK.09A,IL1RAP,6.473829916564753,IL1RAP,lead
TARGET.20.PANTWV.09A,IL1RAP,3.009343993584617,IL1RAP,lead
TARGET.20.PARZWH.09A,IL1RAP,4.394355037368448,IL1RAP,lead
TARGET.20.PAWLTL.09A,IL1RAP,5.284701122453546,IL1RAP,lead
TARGET.20.PANBZH.09A,IL1RAP,6.453660276654431,IL1RAP,lead
TARGET.20.PAVKNA.09A,IL1RAP,6.259387856123236,IL1RAP,lead
TARGET.20.PAXGDG.09A,IL1RAP,6.821583002158906,IL1RAP,lead
TARGET.20.PAXBAP.09A,IL1RAP,5.756564281749634,IL1RAP,lead
TARGET.20.PAXGNZ.09A,IL1RAP,4.586114692094082,IL1RAP,lead
TARGET.20.PAVGYA.09A,IL1RAP,7.713802526784448,IL1RAP,lead
TARGET.20.PARUBT.09A,IL1RAP,5.655587266057992,IL1RAP,lead
TARGET.20.PAWXCK.09A,IL1RAP,4.934323513994478,IL1RAP,lead
TARGET.20.PARLSW.09A,IL1RAP,6.043436465920049,IL1RAP,lead
TARGET.20.PASARK.09A,IL1RAP,5.606229992945246,IL1RAP,lead
TARGET.20.PAWWPA.09A,IL1RAP,5.526374093306973,IL1RAP,lead
TARGET.20.PAWIEM.09A,IL1RAP,4.981246056943499,IL1RAP,lead
TARGET.20.PAUVBS.09A,IL1RAP,2.2933319992510413,IL1RAP,lead
TARGET.20.PAPZLT.09A,IL1RAP,3.0320165226591484,IL1RAP,lead
TARGET.21.PARNAW.09A,IL1RAP,5.498992793522334,IL1RAP,lead
TARGET.20.PAVFHT.09A,IL1RAP,6.05717488781245,IL1RAP,lead
TARGET.20.PAURJZ.09A,IL1RAP,6.927225983492478,IL1RAP,lead
TARGET.20.PAXFDN.09A,IL1RAP,4.099440255022342,IL1RAP,lead
TARGET.20.PAWUCG.09A,IL1RAP,7.492588258898399,IL1RAP,lead
TARGET.20.PAURMH.09A,IL1RAP,5.413355540057417,IL1RAP,lead
TARGET.20.PANTPW.09A,IL1RAP,6.328353438859482,IL1RAP,lead
TARGET.20.PAUNBY.09A,IL1RAP,7.139647075251083,IL1RAP,lead
TARGET.20.PASLTF.09A,IL1RAP,5.303245910667576,IL1RAP,lead
TARGET.21.PARBTV.09A,IL1RAP,4.939451770817583,IL1RAP,lead
TARGET.20.PAEAKL.09A,IL1RAP,5.582304798690433,IL1RAP,lead
TARGET.20.PAVZJM.09A,IL1RAP,6.033118380715937,IL1RAP,lead
TARGET.20.PAUWCF.09A,IL1RAP,6.196986526155337,IL1RAP,lead
TARGET.20.PAVNWF.09A,IL1RAP,5.816841385506185,IL1RAP,lead
TARGET.20.PAVWRN.09A,IL1RAP,6.160100378608203,IL1RAP,lead
TARGET.20.PAWNHU.09A,IL1RAP,7.480766554512752,IL1RAP,lead
TARGET.20.PASGCE.09A,IL1RAP,5.733639858353169,IL1RAP,lead
TARGET.20.PANUTX.09A,IL1RAP,5.34942866421717,IL1RAP,lead
TARGET.20.PAVSSE.09A,IL1RAP,5.91252360830868,IL1RAP,lead
TARGET.20.PAXJPP.09A,IL1RAP,4.940635593529209,IL1RAP,lead
TARGET.20.PAKERZ.09A,IL1RAP,6.245901787936833,IL1RAP,lead
TARGET.20.PASFEW.09A,IL1RAP,4.3492306305106245,IL1RAP,lead
TARGET.20.PARBFJ.09A,IL1RAP,4.464555091694753,IL1RAP,lead
TARGET.20.PAVUPX.09A,IL1RAP,6.277468700390517,IL1RAP,lead
TARGET.20.PASILA.09A,IL1RAP,5.218543922920277,IL1RAP,lead
TARGET.20.PAWRGZ.09A,IL1RAP,6.767930150592465,IL1RAP,lead
TARGET.20.PAVEDT.09A,IL1RAP,4.8382557893174445,IL1RAP,lead
TARGET.20.PAXFHW.09A,IL1RAP,6.842713875777621,IL1RAP,lead
TARGET.20.PATJCR.09A,IL1RAP,5.19183334515658,IL1RAP,lead
TARGET.20.PAVAKA.09A,IL1RAP,6.589450137796911,IL1RAP,lead
TARGET.20.PANLJN.09A,IL1RAP,2.468957062624521,IL1RAP,lead
TARGET.20.PAUUTI.09A,IL1RAP,6.042377512088354,IL1RAP,lead
TARGET.20.PAXBEF.09A,IL1RAP,4.420494612974167,IL1RAP,lead
TARGET.20.PAWRSU.09A,IL1RAP,4.011476123016892,IL1RAP,lead
TARGET.20.PAWPBT.09A,IL1RAP,5.640938438580891,IL1RAP,lead
TARGET.20.PATZVF.09A,IL1RAP,7.045942628573486,IL1RAP,lead
TARGET.20.PAWFMF.09A,IL1RAP,6.168318669500709,IL1RAP,lead
TARGET.20.PAUUXA.09A,IL1RAP,6.341062404831861,IL1RAP,lead
TARGET.20.PAVUBN.09A,IL1RAP,5.662635465454728,IL1RAP,lead
TARGET.20.PASPFE.09A,IL1RAP,4.3314528848177325,IL1RAP,lead
TARGET.20.PARYVW.09A,IL1RAP,5.519444400017062,IL1RAP,lead
TARGET.20.PAXCYN.09A,IL1RAP,5.14695154492444,IL1RAP,lead
TARGET.20.PAVALI.09A,IL1RAP,2.0997917259015675,IL1RAP,lead
TARGET.20.PAWEBG.09A,IL1RAP,6.138188068425163,IL1RAP,lead
TARGET.20.PAPAPD.09A,IL1RAP,5.685358246347294,IL1RAP,lead
TARGET.20.PAUWUZ.09A,IL1RAP,6.444297053114811,IL1RAP,lead
TARGET.20.PAUWRZ.09A,IL1RAP,7.047570728209203,IL1RAP,lead
TARGET.21.PASDXR.09A,IL1RAP,7.638518134531559,IL1RAP,lead
TARGET.20.PAUYCB.09A,IL1RAP,3.781106069370656,IL1RAP,lead
TARGET.20.PAVWBB.09A,IL1RAP,5.462811586795815,IL1RAP,lead
TARGET.20.PASPSV.09A,IL1RAP,5.765106004224357,IL1RAP,lead
TARGET.20.PAXGTM.09A,IL1RAP,7.246682021661653,IL1RAP,lead
TARGET.20.PAUYCA.09A,IL1RAP,5.657894385699997,IL1RAP,lead
TARGET.20.PAXBXI.09A,IL1RAP,7.179451775870383,IL1RAP,lead
TARGET.20.PAWMKP.09A,IL1RAP,8.139380171242758,IL1RAP,lead
TARGET.21.PASFJJ.09A,IL1RAP,6.531129492546541,IL1RAP,lead
TARGET.20.PASWAJ.09A,IL1RAP,4.4698475981686645,IL1RAP,lead
TARGET.20.PAWUUE.09A,IL1RAP,7.262581123723899,IL1RAP,lead
TARGET.20.PAPZIZ.09A,IL1RAP,3.5882783072109214,IL1RAP,lead
TARGET.20.PAWLYM.09A,IL1RAP,5.7354196045015975,IL1RAP,lead
TARGET.20.PAWHFW.09A,IL1RAP,6.456751813385598,IL1RAP,lead
TARGET.20.PAWMNN.09A,IL1RAP,7.315212238498235,IL1RAP,lead
TARGET.20.PAUWYR.09A,IL1RAP,6.336942389568145,IL1RAP,lead
TARGET.20.PAWJJY.09A,IL1RAP,5.008963000071976,IL1RAP,lead
TARGET.20.PAWMGT.09A,IL1RAP,5.835925801884604,IL1RAP,lead
TARGET.20.PAVSVU.09A,IL1RAP,7.874554553095819,IL1RAP,lead
TARGET.20.PAVBFN.09A,IL1RAP,5.875736519048457,IL1RAP,lead
TARGET.20.PASELF.09A,IL1RAP,7.104980025550418,IL1RAP,lead
TARGET.21.PASFHK.09A,IL1RAP,6.819509621371253,IL1RAP,lead
TARGET.20.PAXDDY.09A,IL1RAP,5.226204157188169,IL1RAP,lead
TARGET.20.PARXEC.09A,IL1RAP,5.4312302319551,IL1RAP,lead
TARGET.20.PAVTLN.09A,IL1RAP,5.967100370317477,IL1RAP,lead
TARGET.20.PAVAYD.09A,IL1RAP,6.766852740058589,IL1RAP,lead
TARGET.20.PAVBZM.09A,IL1RAP,3.236667002867236,IL1RAP,lead
TARGET.20.PASEYM.09A,IL1RAP,6.097239894514024,IL1RAP,lead
TARGET.20.PAPAJE.09A,IL1RAP,6.912534048130737,IL1RAP,lead
TARGET.20.PAWEVC.09A,IL1RAP,5.7267795507918136,IL1RAP,lead
TARGET.20.PASFVP.09A,IL1RAP,5.095091664856209,IL1RAP,lead
TARGET.20.PASLMR.09A,IL1RAP,5.867672998862096,IL1RAP,lead
TARGET.20.PAUYNI.09A,IL1RAP,4.657617139379221,IL1RAP,lead
TARGET.20.PAVDFC.09A,IL1RAP,3.931537720572214,IL1RAP,lead
TARGET.20.PAVTMY.09A,IL1RAP,6.557105894687036,IL1RAP,lead
TARGET.20.PASWLN.09A,IL1RAP,2.733104610508523,IL1RAP,lead
TARGET.20.PAULSL.09A,IL1RAP,5.892325449759827,IL1RAP,lead
TARGET.20.PATBFL.09A,IL1RAP,7.615516164758682,IL1RAP,lead
TARGET.20.PASGZS.09A,IL1RAP,5.537764023827488,IL1RAP,lead
TARGET.20.PAVTDW.09A,IL1RAP,5.778182134445399,IL1RAP,lead
TARGET.20.PAXCWR.09A,IL1RAP,7.57239530413231,IL1RAP,lead
TARGET.20.PAUBKI.09A,IL1RAP,5.651745713690836,IL1RAP,lead
TARGET.20.PAXKAI.09A,IL1RAP,6.672823200297427,IL1RAP,lead
TARGET.20.PAPVZK.09A,IL1RAP,6.725010743696973,IL1RAP,lead
TARGET.20.PAUMGZ.09A,IL1RAP,5.792931858132237,IL1RAP,lead
TARGET.20.PASWTY.09A,IL1RAP,4.017479106909181,IL1RAP,lead
TARGET.20.PANJTK.09A,IL1RAP,7.392270958666245,IL1RAP,lead
TARGET.20.PAXARD.09A,IL1RAP,5.580547613974141,IL1RAP,lead
TARGET.20.PAVPFR.09A,IL1RAP,7.23238664566014,IL1RAP,lead
TARGET.20.PAVYPX.09A,IL1RAP,4.459500761553571,IL1RAP,lead
TARGET.20.PAXMFG.09A,IL1RAP,7.97096624717253,IL1RAP,lead
TARGET.20.PALNAT.09A,IL1RAP,4.443928552355878,IL1RAP,lead
TARGET.20.PANDER.09A,IL1RAP,7.655786812726468,IL1RAP,lead
TARGET.20.PAXLDI.09A,IL1RAP,5.313614403899019,IL1RAP,lead
TARGET.20.PASSLT.09A,IL1RAP,6.332444294309956,IL1RAP,lead
TARGET.20.PAWMDY.09A,IL1RAP,6.612929640720612,IL1RAP,lead
TARGET.20.PAWYRT.09A,IL1RAP,7.241780634037908,IL1RAP,lead
TARGET.20.PAWGKS.09A,IL1RAP,3.816479967217653,IL1RAP,lead
TARGET.20.PATGRR.09A,IL1RAP,6.312493141071002,IL1RAP,lead
TARGET.20.PAVJRF.09A,IL1RAP,7.32032021592822,IL1RAP,lead
TARGET.20.PAXIHA.09A,IL1RAP,3.941069459244032,IL1RAP,lead
TARGET.20.PAUWFM.09A,IL1RAP,5.6326795863481625,IL1RAP,lead
TARGET.20.PARCUK.09A,IL1RAP,2.274748583576379,IL1RAP,lead
TARGET.20.PAVKAH.09A,IL1RAP,5.596566879150003,IL1RAP,lead
TARGET.20.PAUYZY.09A,IL1RAP,5.8695196654162665,IL1RAP,lead
TARGET.20.PARMME.09A,IL1RAP,4.68548986195822,IL1RAP,lead
TARGET.20.PASVVS.09A,IL1RAP,6.336932356047543,IL1RAP,lead
TARGET.20.PAXGXR.09A,IL1RAP,6.480892607102583,IL1RAP,lead
TARGET.20.PAXANS.09A,IL1RAP,7.657633730043243,IL1RAP,lead
TARGET.20.PAWHAX.09A,IL1RAP,6.443504220072991,IL1RAP,lead
TARGET.20.PAVXZL.09A,IL1RAP,7.601635427076022,IL1RAP,lead
TARGET.20.PASPLU.09A,IL1RAP,6.673599524392934,IL1RAP,lead
TARGET.20.PAUXKD.09A,IL1RAP,5.220681485188353,IL1RAP,lead
TARGET.20.PAVWZV.09A,IL1RAP,6.932948634985685,IL1RAP,lead
TARGET.20.PANKNB.09A,IL1RAP,2.5990864113491408,IL1RAP,lead
TARGET.20.PAVTXM.09A,IL1RAP,7.1329866416910495,IL1RAP,lead
TARGET.20.PAXBNE.09A,IL1RAP,5.318007353938393,IL1RAP,lead
TARGET.20.PAXBLW.09A,IL1RAP,5.77453172446636,IL1RAP,lead
TARGET.20.PAWZZN.09A,IL1RAP,5.98551007018995,IL1RAP,lead
TARGET.20.PAVLAE.09A,IL1RAP,7.015419401654708,IL1RAP,lead
TARGET.20.PAWIVB.09A,IL1RAP,5.641547933892183,IL1RAP,lead
TARGET.20.PAWPCN.09A,IL1RAP,5.308038293193157,IL1RAP,lead
TARGET.20.PAXCPM.09A,IL1RAP,4.228733177416467,IL1RAP,lead
TARGET.20.PAUXLK.09A,IL1RAP,6.773664710749491,IL1RAP,lead
TARGET.20.PAVZBG.09A,IL1RAP,5.743878570773048,IL1RAP,lead
TARGET.20.PAVPCA.09A,IL1RAP,5.418758549994598,IL1RAP,lead
TARGET.20.PAUHTE.09A,IL1RAP,7.171701175837531,IL1RAP,lead
TARGET.21.PARLSL.09A,IL1RAP,5.520798257428038,IL1RAP,lead
TARGET.20.PAVGIX.09A,IL1RAP,5.22536550114708,IL1RAP,lead
TARGET.20.PAWMIP.09A,IL1RAP,5.528067955137598,IL1RAP,lead
TARGET.20.PAEEYP.09A,IL1RAP,3.8648495173601263,IL1RAP,lead
TARGET.20.PAUVBZ.09A,IL1RAP,7.224079102261904,IL1RAP,lead
TARGET.20.PAXIIP.09A,IL1RAP,6.704642920800117,IL1RAP,lead
TARGET.20.PANZKA.09A,IL1RAP,2.4545326405088006,IL1RAP,lead
TARGET.20.PAXARX.09A,IL1RAP,6.232136912521264,IL1RAP,lead
TARGET.20.PAUMJB.09A,IL1RAP,8.059403097285252,IL1RAP,lead
TARGET.20.PATBUK.09A,IL1RAP,4.825428486352756,IL1RAP,lead
TARGET.20.PAUZSY.09A,IL1RAP,7.306155126658615,IL1RAP,lead
TARGET.20.PASFNP.09A,IL1RAP,2.2789550403437904,IL1RAP,lead
TARGET.20.PAVIDK.09A,IL1RAP,5.456740354682473,IL1RAP,lead
TARGET.20.PAXMLW.09A,IL1RAP,7.530070791622795,IL1RAP,lead
TARGET.20.PATWYU.09A,IL1RAP,7.532057667160677,IL1RAP,lead
TARGET.20.PASFJB.09A,IL1RAP,5.511991527115656,IL1RAP,lead
TARGET.20.PAWUAE.09A,IL1RAP,5.034481997482644,IL1RAP,lead
TARGET.21.PASSLT.09A,IL1RAP,6.519557199633048,IL1RAP,lead
TARGET.20.PAUJNJ.09A,IL1RAP,6.19214996697132,IL1RAP,lead
TARGET.20.PAXEMU.09A,IL1RAP,3.479369728581367,IL1RAP,lead
TARGET.20.PAVIXV.09A,IL1RAP,5.171488516821381,IL1RAP,lead
TARGET.20.PAVNKI.09A,IL1RAP,7.980254841823674,IL1RAP,lead
TARGET.20.PAVAAM.09A,IL1RAP,5.459383607509472,IL1RAP,lead
TARGET.20.PANSBH.09A,IL1RAP,4.487038580274497,IL1RAP,lead
TARGET.20.PAWFFJ.09A,IL1RAP,6.722332470438783,IL1RAP,lead
TARGET.20.PAUVEF.09A,IL1RAP,7.197870032090071,IL1RAP,lead
TARGET.20.PAWEYY.09A,IL1RAP,3.5129387838888335,IL1RAP,lead
TARGET.20.PAWNAP.09A,IL1RAP,7.212508736163627,IL1RAP,lead
TARGET.20.PAXFWY.09A,IL1RAP,5.975538676811811,IL1RAP,lead
TARGET.20.PAWLKE.09A,IL1RAP,4.87137430967716,IL1RAP,lead
TARGET.20.PASZZE.09A,IL1RAP,7.814518719318517,IL1RAP,lead
TARGET.21.PASYWA.09A,IL1RAP,6.461253393330632,IL1RAP,lead
TARGET.20.PAUBLN.09A,IL1RAP,5.271140822308448,IL1RAP,lead
TARGET.20.PAWPDC.09A,IL1RAP,5.369185674173344,IL1RAP,lead
TARGET.20.PASRTP.09A,IL1RAP,7.324474187280201,IL1RAP,lead
TARGET.20.PAWLHJ.09A,IL1RAP,7.480449191427847,IL1RAP,lead
TARGET.20.PARWXS.09A,IL1RAP,5.0580841520907525,IL1RAP,lead
TARGET.20.PAXLEE.09A,IL1RAP,6.8033597882667145,IL1RAP,lead
TARGET.20.PATVRA.09A,IL1RAP,5.908665927530361,IL1RAP,lead
TARGET.20.PASSSI.09A,IL1RAP,5.823701091279922,IL1RAP,lead
TARGET.20.PAUMZV.09A,IL1RAP,7.321699573740323,IL1RAP,lead
TARGET.20.PAXFEE.09A,IL1RAP,3.1329733231208032,IL1RAP,lead
TARGET.20.PAWNPU.09A,IL1RAP,3.44051440677446,IL1RAP,lead
TARGET.20.PAECCE.09A,IL1RAP,4.771407848170014,IL1RAP,lead
TARGET.20.PAVSHX.09A,IL1RAP,5.144151424346859,IL1RAP,lead
TARGET.20.PAVDDU.09A,IL1RAP,6.279102223045249,IL1RAP,lead
TARGET.20.PAUPSX.09A,IL1RAP,6.938057493219028,IL1RAP,lead
TARGET.20.PARKFB.09A,IL1RAP,5.348631915715701,IL1RAP,lead
TARGET.20.PAUIPM.09A,IL1RAP,6.970410136265212,IL1RAP,lead
TARGET.20.PAXEES.09A,IL1RAP,6.5155647500715155,IL1RAP,lead
TARGET.21.PANVPB.09A,IL1RAP,6.91639410511842,IL1RAP,lead
TARGET.20.PAUVMN.09A,IL1RAP,4.126599139534071,IL1RAP,lead
TARGET.20.PATPAC.09A,IL1RAP,7.050076489671426,IL1RAP,lead
TARGET.20.PAVMPA.09A,IL1RAP,6.392451061139607,IL1RAP,lead
TARGET.20.PAWGCN.09A,IL1RAP,7.587472582162108,IL1RAP,lead
TARGET.20.PAUEAN.09A,IL1RAP,6.715844660486704,IL1RAP,lead
TARGET.21.PARHRS.09A,IL1RAP,5.218053562367618,IL1RAP,lead
TARGET.20.PAVWVT.09A,IL1RAP,6.1304489062828615,IL1RAP,lead
TARGET.20.PAVJXG.09A,IL1RAP,3.4142508106699627,IL1RAP,lead
TARGET.20.PAVKBW.09A,IL1RAP,6.5139944926987,IL1RAP,lead
TARGET.20.PAXIAZ.09A,IL1RAP,5.969670882483244,IL1RAP,lead
TARGET.20.PASBPK.09A,IL1RAP,5.629685668246784,IL1RAP,lead
TARGET.20.PAWUMM.09A,IL1RAP,6.932953141891744,IL1RAP,lead
TARGET.20.PATDHA.09A,IL1RAP,7.291326476542181,IL1RAP,lead
TARGET.20.PAVHTL.09A,IL1RAP,5.382334259823326,IL1RAP,lead
TARGET.20.PAUZAM.09A,IL1RAP,6.757729000908624,IL1RAP,lead
TARGET.20.PAXHWI.09A,IL1RAP,6.487543119954366,IL1RAP,lead
TARGET.20.PAUUHV.09A,IL1RAP,6.065291830437975,IL1RAP,lead
TARGET.20.PAUTKL.09A,IL1RAP,6.74362022407404,IL1RAP,lead
TARGET.20.PAXBLX.09A,IL1RAP,6.359990939870067,IL1RAP,lead
TARGET.20.PAWYTW.09A,IL1RAP,5.909975552977836,IL1RAP,lead
TARGET.20.PAWLAJ.09A,IL1RAP,8.040683702544813,IL1RAP,lead
TARGET.20.PAUVYC.09A,IL1RAP,7.73948053218412,IL1RAP,lead
TARGET.20.PARFVC.09A,IL1RAP,5.880207494152416,IL1RAP,lead
TARGET.20.PASZLJ.09A,IL1RAP,4.919922941798076,IL1RAP,lead
TARGET.20.PAXDVZ.09A,IL1RAP,7.083108443387999,IL1RAP,lead
TARGET.20.PAWDEG.09A,IL1RAP,5.855932710868042,IL1RAP,lead
TARGET.20.PAVALK.09A,IL1RAP,5.002420322600631,IL1RAP,lead
TARGET.20.PAVZYI.09A,IL1RAP,4.922412500524578,IL1RAP,lead
TARGET.20.PAXKTY.09A,IL1RAP,5.10613459168897,IL1RAP,lead
TARGET.20.PAUUKK.09A,IL1RAP,4.139223496985672,IL1RAP,lead
TARGET.20.PAUFUB.09A,IL1RAP,6.148228106303592,IL1RAP,lead
TARGET.20.PAUMUZ.09A,IL1RAP,7.076443148394265,IL1RAP,lead
TARGET.20.PAXLXI.09A,IL1RAP,5.7603209321285025,IL1RAP,lead
TARGET.20.PARTYK.09A,IL1RAP,3.2969305232128634,IL1RAP,lead
TARGET.20.PANZXI.09A,IL1RAP,2.8066851993917683,IL1RAP,lead
TARGET.20.PANVGE.09A,IL1RAP,4.63933954769517,IL1RAP,lead
TARGET.20.PAUZMH.09A,IL1RAP,4.63728549913811,IL1RAP,lead
TARGET.20.PAWKRF.09A,IL1RAP,6.9519442825089826,IL1RAP,lead
TARGET.20.PAWUTL.09A,IL1RAP,6.904918553668752,IL1RAP,lead
TARGET.20.PAVYYR.09A,IL1RAP,7.436619354286373,IL1RAP,lead
TARGET.20.PAKKBK.09A,IL1RAP,5.245989614739681,IL1RAP,lead
TARGET.20.PAVBNV.09A,IL1RAP,3.6799311713503777,IL1RAP,lead
TARGET.20.PAVDPF.09A,IL1RAP,8.566535416939663,IL1RAP,lead
TARGET.20.PARHJV.09A,IL1RAP,6.13595455056989,IL1RAP,lead
TARGET.20.PAVZEC.09A,IL1RAP,4.246807631456789,IL1RAP,lead
TARGET.20.PAUHFI.09A,IL1RAP,6.2728513354252105,IL1RAP,lead
TARGET.20.PAUMAD.09A,IL1RAP,7.031203510100301,IL1RAP,lead
TARGET.20.PAXGVH.09A,IL1RAP,4.004407967535358,IL1RAP,lead
TARGET.20.PAVIYS.09A,IL1RAP,5.823111903880812,IL1RAP,lead
TARGET.20.PAVXME.09A,IL1RAP,7.048023073701699,IL1RAP,lead
TARGET.20.PAVRTN.09A,IL1RAP,7.2884653540430175,IL1RAP,lead
TARGET.20.PAUVAT.09A,IL1RAP,6.974073410320557,IL1RAP,lead
TARGET.20.PAWACC.09A,IL1RAP,6.420355899782099,IL1RAP,lead
TARGET.20.PAVWXI.09A,IL1RAP,6.089916890429746,IL1RAP,lead
TARGET.20.PAXMPG.09A,IL1RAP,6.545413328165514,IL1RAP,lead
TARGET.20.PAVUZN.09A,IL1RAP,4.795858707733821,IL1RAP,lead
TARGET.20.PAUWNT.09A,IL1RAP,6.172226712007283,IL1RAP,lead
TARGET.20.PASIEP.09A,IL1RAP,6.293667928813879,IL1RAP,lead
TARGET.20.PAVDVV.09A,IL1RAP,6.907851761380837,IL1RAP,lead
TARGET.20.PATDDA.09A,IL1RAP,5.32278613726803,IL1RAP,lead
TARGET.20.PAUULL.09A,IL1RAP,6.182326820970144,IL1RAP,lead
TARGET.20.PAXIDA.09A,IL1RAP,6.899905216636024,IL1RAP,lead
TARGET.20.PAWKPU.09A,IL1RAP,7.403365369125342,IL1RAP,lead
TARGET.20.PAXKES.09A,IL1RAP,6.341022759850637,IL1RAP,lead
TARGET.20.PAVFPR.09A,IL1RAP,7.147014416502604,IL1RAP,lead
TARGET.20.PAVPVK.09A,IL1RAP,7.432445736289748,IL1RAP,lead
TARGET.20.PAXMNG.09A,IL1RAP,6.730461631454065,IL1RAP,lead
TARGET.20.PAXKXS.09A,IL1RAP,5.499773104416557,IL1RAP,lead
TARGET.20.PAVKJV.09A,IL1RAP,3.534320350873951,IL1RAP,lead
TARGET.20.PAULCA.09A,IL1RAP,5.4096413221181585,IL1RAP,lead
TARGET.20.PAXLFG.09A,IL1RAP,4.39497876343391,IL1RAP,lead
TARGET.20.PASEGC.09A,IL1RAP,4.810221095612901,IL1RAP,lead
TARGET.20.PAUPXH.09A,IL1RAP,7.30089285109865,IL1RAP,lead
TARGET.20.PAUTDY.09A,IL1RAP,6.523035109837516,IL1RAP,lead
TARGET.20.PAWTSD.09A,IL1RAP,5.857826076610985,IL1RAP,lead
TARGET.20.PAVUVI.09A,IL1RAP,6.703514697500035,IL1RAP,lead
TARGET.20.PASAFM.09A,IL1RAP,5.041551552310628,IL1RAP,lead
TARGET.20.PASFHK.09A,IL1RAP,6.161926182862895,IL1RAP,lead
TARGET.20.PAVLWY.09A,IL1RAP,5.353687049123005,IL1RAP,lead
TARGET.20.PAVCNU.09A,IL1RAP,4.809180339080757,IL1RAP,lead
TARGET.20.PAVHUF.09A,IL1RAP,7.101174703063665,IL1RAP,lead
TARGET.20.PARLVL.09A,IL1RAP,0.9194559127574568,IL1RAP,lead
TARGET.20.PAUSBP.09A,IL1RAP,6.458686316898477,IL1RAP,lead
TARGET.20.PAWTPD.09A,IL1RAP,4.298383285825225,IL1RAP,lead
TARGET.20.PAVJVS.09A,IL1RAP,7.065190001505162,IL1RAP,lead
TARGET.20.PATJVL.09A,FLT3,6.819661937676644,FLT3,control
TARGET.20.PAWWEE.09A,FLT3,7.1948288840641785,FLT3,control
TARGET.20.PARCEV.09A,FLT3,8.139425627269908,FLT3,control
TARGET.20.PASCCS.09A,FLT3,6.96890988736482,FLT3,control
TARGET.20.PAEIKD.09A,FLT3,8.428792515250345,FLT3,control
TARGET.20.PAWNBB.09A,FLT3,7.735476093636051,FLT3,control
TARGET.20.PARTYV.09A,FLT3,6.00286736593452,FLT3,control
TARGET.20.PAVAGA.09A,FLT3,7.822989022108634,FLT3,control
TARGET.20.PAWJGZ.09A,FLT3,9.274188604381264,FLT3,control
TARGET.20.PARERV.09A,FLT3,4.2429341921792485,FLT3,control
TARGET.20.PAUYIB.09A,FLT3,8.186436815500004,FLT3,control
TARGET.20.PAUZJJ.09A,FLT3,1.07845854268476,FLT3,control
TARGET.20.PAVHFP.09A,FLT3,8.416571947059394,FLT3,control
TARGET.20.PANTRL.09A,FLT3,8.294089416839464,FLT3,control
TARGET.20.PAURYA.09A,FLT3,8.28308673350134,FLT3,control
TARGET.20.PASBHI.09A,FLT3,4.312294044832332,FLT3,control
TARGET.20.PAWVVR.09A,FLT3,6.40109433373971,FLT3,control
TARGET.20.PAWZWN.09A,FLT3,7.080091931614015,FLT3,control
TARGET.20.PASVYL.09A,FLT3,8.69798968162213,FLT3,control
TARGET.20.PARJCR.09A,FLT3,6.665565241050003,FLT3,control
TARGET.20.PATAPC.09A,FLT3,6.369605515626176,FLT3,control
TARGET.20.PAVNVF.09A,FLT3,6.702488561338909,FLT3,control
TARGET.20.PAXAAA.09A,FLT3,8.275223583938084,FLT3,control
TARGET.20.PAXDSN.09A,FLT3,9.20044263079787,FLT3,control
TARGET.20.PASSPT.09A,FLT3,7.796865219687524,FLT3,control
TARGET.20.PAVACZ.09A,FLT3,6.174759890423366,FLT3,control
TARGET.20.PAWGTG.09A,FLT3,6.912499576554905,FLT3,control
TARGET.20.PASGGK.09A,FLT3,7.511068758246047,FLT3,control
TARGET.20.PANGJY.09A,FLT3,6.919842414233837,FLT3,control
TARGET.20.PAXLHS.09A,FLT3,6.645394219576123,FLT3,control
TARGET.20.PAXETC.09A,FLT3,7.793181113611547,FLT3,control
TARGET.20.PARMZF.09A,FLT3,6.864595542002657,FLT3,control
TARGET.20.PASBPW.09A,FLT3,5.006937740557605,FLT3,control
TARGET.20.PAVZNG.09A,FLT3,7.426695933184781,FLT3,control
TARGET.20.PAVPMJ.09A,FLT3,6.826453567939789,FLT3,control
TARGET.20.PAWSKR.09A,FLT3,4.440767856309422,FLT3,control
TARGET.20.PAULWG.09A,FLT3,5.52481578067822,FLT3,control
TARGET.20.PAWNGI.09A,FLT3,9.522824733683873,FLT3,control
TARGET.20.PAVTRU.09A,FLT3,8.879216897879415,FLT3,control
TARGET.21.PATISD.09A,FLT3,7.029568858574453,FLT3,control
TARGET.20.PAWTWW.09A,FLT3,9.385477957004646,FLT3,control
TARGET.20.PAVSIZ.09A,FLT3,5.958854471022727,FLT3,control
TARGET.20.PARUWX.09A,FLT3,7.368316386081434,FLT3,control
TARGET.21.PAMYMA.09A,FLT3,6.110025222747451,FLT3,control
TARGET.20.PAWFBA.09A,FLT3,7.086559536974588,FLT3,control
TARGET.20.PARDDA.09A,FLT3,6.244109967183979,FLT3,control
TARGET.20.PABLDZ.09A,FLT3,6.135588521774921,FLT3,control
TARGET.20.PARENB.09A,FLT3,6.873831122460557,FLT3,control
TARGET.20.PARXZP.09A,FLT3,5.3989978415643485,FLT3,control
TARGET.20.PAUSMT.09A,FLT3,4.973515003998372,FLT3,control
TARGET.20.PAXJNP.09A,FLT3,8.515430570154813,FLT3,control
TARGET.20.PAULIY.09A,FLT3,7.998178262746964,FLT3,control
TARGET.20.PAUVSU.09A,FLT3,8.519754708697063,FLT3,control
TARGET.20.PANVBP.09A,FLT3,6.347458479614944,FLT3,control
TARGET.20.PAWRNZ.09A,FLT3,5.646459117945965,FLT3,control
TARGET.20.PARBIU.09A,FLT3,8.708323701713452,FLT3,control
TARGET.20.PAEAFC.09A,FLT3,8.38081832853668,FLT3,control
TARGET.20.PAWVNC.09A,FLT3,4.080800736996101,FLT3,control
TARGET.20.PAUWEW.09A,FLT3,8.365280034719849,FLT3,control
TARGET.20.PAWYEK.09A,FLT3,7.788620747204213,FLT3,control
TARGET.20.PAXMPW.09A,FLT3,8.542493880979599,FLT3,control
TARGET.20.PAUVWF.09A,FLT3,8.144302495525514,FLT3,control
TARGET.20.PAXGPE.09A,FLT3,9.005119757261122,FLT3,control
TARGET.20.PAWDTX.09A,FLT3,9.322256035562694,FLT3,control
TARGET.20.PAVUAP.09A,FLT3,7.555941043965297,FLT3,control
TARGET.20.PAXKAL.09A,FLT3,7.28393857495924,FLT3,control
TARGET.20.PAVDBD.09A,FLT3,6.202609416391458,FLT3,control
TARGET.20.PAUSZL.09A,FLT3,8.02242950606423,FLT3,control
TARGET.20.PAVPJM.09A,FLT3,6.976603676990314,FLT3,control
TARGET.20.PAVKEX.09A,FLT3,5.939283704251104,FLT3,control
TARGET.20.PARYEB.09A,FLT3,8.792942973219976,FLT3,control
TARGET.20.PAWXSL.09A,FLT3,6.826423695587372,FLT3,control
TARGET.20.PAWVCG.09A,FLT3,8.53041901033853,FLT3,control
TARGET.20.PAVTWM.09A,FLT3,7.766608722185252,FLT3,control
TARGET.20.PAVHWT.09A,FLT3,5.056538138253091,FLT3,control
TARGET.20.PARUUB.09A,FLT3,7.827730120362488,FLT3,control
TARGET.20.PAURPD.09A,FLT3,7.85304504060741,FLT3,control
TARGET.20.PARUNX.09A,FLT3,4.9572888115678415,FLT3,control
TARGET.20.PASDGX.09A,FLT3,6.9585105032061625,FLT3,control
TARGET.20.PAVDZK.09A,FLT3,10.287399755797496,FLT3,control
TARGET.20.PANUTB.09A,FLT3,6.680241444532041,FLT3,control
TARGET.20.PAXMKU.09A,FLT3,6.801582550566816,FLT3,control
TARGET.20.PAERAH.09A,FLT3,7.592725439857865,FLT3,control
TARGET.20.PAUDNA.09A,FLT3,7.087210847549308,FLT3,control
TARGET.20.PAVMED.09A,FLT3,8.034470466202405,FLT3,control
TARGET.20.PANTIV.09A,FLT3,6.418637126794094,FLT3,control
TARGET.20.PAWVGN.09A,FLT3,8.167299813276216,FLT3,control
TARGET.20.PAWKUR.09A,FLT3,6.867799793808203,FLT3,control
TARGET.20.PAWPMA.09A,FLT3,4.543392596364783,FLT3,control
TARGET.20.PAVGXF.09A,FLT3,8.88398560343636,FLT3,control
TARGET.20.PAXKKE.09A,FLT3,8.844598216938602,FLT3,control
TARGET.20.PARHVK.09A,FLT3,5.228855810870079,FLT3,control
TARGET.20.PAVFYL.09A,FLT3,1.7934290323288935,FLT3,control
TARGET.21.PANZLR.09A,FLT3,6.416284189562519,FLT3,control
TARGET.20.PAWIHN.09A,FLT3,7.422877721385263,FLT3,control
TARGET.20.PAWSWR.09A,FLT3,7.904179804910758,FLT3,control
TARGET.20.PAXMLN.09A,FLT3,9.103239987796442,FLT3,control
TARGET.20.PAWJPN.09A,FLT3,8.428039202938791,FLT3,control
TARGET.20.PAVVAB.09A,FLT3,8.729927578563757,FLT3,control
TARGET.20.PAWHJI.09A,FLT3,8.129812369218314,FLT3,control
TARGET.20.PAVXUR.09A,FLT3,6.221257397251981,FLT3,control
TARGET.20.PAVUHF.09A,FLT3,8.272157721434281,FLT3,control
TARGET.20.PANLIZ.09A,FLT3,6.052691328321824,FLT3,control
TARGET.20.PAVHXU.09A,FLT3,8.693390606430219,FLT3,control
TARGET.20.PAXBSE.09A,FLT3,7.407811048882043,FLT3,control
TARGET.20.PARBXE.09A,FLT3,7.039267745807755,FLT3,control
TARGET.20.PAWUWJ.09A,FLT3,8.634807441106334,FLT3,control
TARGET.20.PAVDHJ.09A,FLT3,7.420161866877409,FLT3,control
TARGET.20.PANINI.09A,FLT3,4.529277650222167,FLT3,control
TARGET.20.PATMXW.09A,FLT3,7.124324348631514,FLT3,control
TARGET.20.PAXCZX.09A,FLT3,8.725049809736838,FLT3,control
TARGET.20.PAXCVR.09A,FLT3,8.641388016417698,FLT3,control
TARGET.20.PAVDBK.09A,FLT3,7.424636705151064,FLT3,control
TARGET.20.PAUJCF.09A,FLT3,6.520266377484561,FLT3,control
TARGET.20.PAXGIX.09A,FLT3,7.633415252674804,FLT3,control
TARGET.20.PASIZX.09A,FLT3,7.34399845529609,FLT3,control
TARGET.20.PAWLEB.09A,FLT3,7.9700594431221266,FLT3,control
TARGET.20.PAVNIX.09A,FLT3,8.640710183874342,FLT3,control
TARGET.20.PAWWLI.09A,FLT3,9.81488465973924,FLT3,control
TARGET.20.PAVULK.09A,FLT3,7.251237071684757,FLT3,control
TARGET.20.PAWIXW.09A,FLT3,9.34181097137894,FLT3,control
TARGET.20.PAXIFA.09A,FLT3,7.932393636390964,FLT3,control
TARGET.20.PAUMTZ.09A,FLT3,9.04155525823549,FLT3,control
TARGET.20.PAXDBF.09A,FLT3,7.397041266098474,FLT3,control
TARGET.20.PAVKVT.09A,FLT3,9.940013337183183,FLT3,control
TARGET.20.PANFMG.09A,FLT3,7.675889443779325,FLT3,control
TARGET.20.PARZUU.09A,FLT3,7.367636153327043,FLT3,control
TARGET.20.PAVANX.09A,FLT3,4.601429313475949,FLT3,control
TARGET.20.PAWPVX.09A,FLT3,3.297590044452016,FLT3,control
TARGET.20.PAVDYE.09A,FLT3,8.521708975834636,FLT3,control
TARGET.20.PAXLXJ.09A,FLT3,8.523335383636631,FLT3,control
TARGET.20.PAUYHR.09A,FLT3,9.390687460935403,FLT3,control
TARGET.20.PARDDY.09A,FLT3,0.6651154365635449,FLT3,control
TARGET.20.PANXPU.09A,FLT3,8.345270150754475,FLT3,control
TARGET.20.PAVJCJ.09A,FLT3,7.962000176877456,FLT3,control
TARGET.20.PAXGHE.09A,FLT3,9.941231270967004,FLT3,control
TARGET.20.PAWBYK.09A,FLT3,4.806897196267417,FLT3,control
TARGET.20.PAWRKX.09A,FLT3,9.386792404411866,FLT3,control
TARGET.20.PATDNN.09A,FLT3,7.142495038563843,FLT3,control
TARGET.20.PAVZIB.09A,FLT3,7.142778120435064,FLT3,control
TARGET.20.PAUVGD.09A,FLT3,9.321268513737186,FLT3,control
TARGET.20.PAXEHH.09A,FLT3,9.375966558919686,FLT3,control
TARGET.20.PANGTF.09A,FLT3,7.601778418908082,FLT3,control
TARGET.20.PAVNHN.09A,FLT3,8.59362303080411,FLT3,control
TARGET.20.PANGDN.09A,FLT3,7.575871430779066,FLT3,control
TARGET.20.PAVPMH.09A,FLT3,9.038816212750918,FLT3,control
TARGET.20.PAVDNF.09A,FLT3,5.43294136338311,FLT3,control
TARGET.20.PARCHW.09A,FLT3,7.164214518005845,FLT3,control
TARGET.20.PAXACY.09A,FLT3,8.108689253403512,FLT3,control
TARGET.20.PAWYNR.09A,FLT3,6.261104755080975,FLT3,control
TARGET.20.PAXLJV.09A,FLT3,9.112505883515135,FLT3,control
TARGET.20.PAUYAE.09A,FLT3,8.495124814208676,FLT3,control
TARGET.20.PAWBDK.09A,FLT3,8.598716931412177,FLT3,control
TARGET.20.PASTTW.09A,FLT3,1.0989407193973515,FLT3,control
TARGET.20.PARXVI.09A,FLT3,9.13006248357623,FLT3,control
TARGET.20.PAWKYG.09A,FLT3,8.058235896039422,FLT3,control
TARGET.20.PAVPLM.09A,FLT3,8.805129844473885,FLT3,control
TARGET.20.PANXWX.09A,FLT3,2.849286777791907,FLT3,control
TARGET.20.PAUNBR.09A,FLT3,8.895216490832013,FLT3,control
TARGET.20.PAVANE.09A,FLT3,8.020944057507485,FLT3,control
TARGET.20.PARKCX.09A,FLT3,8.397406725601275,FLT3,control
TARGET.20.PARJWH.09A,FLT3,7.615957106653122,FLT3,control
TARGET.20.PATSSY.09A,FLT3,5.866753798288571,FLT3,control
TARGET.20.PAWMII.09A,FLT3,7.433912338972319,FLT3,control
TARGET.20.PAVDBT.09A,FLT3,7.176972899555111,FLT3,control
TARGET.20.PAEFHC.09A,FLT3,7.069653327322933,FLT3,control
TARGET.20.PAXGSJ.09A,FLT3,9.202702514740436,FLT3,control
TARGET.20.PAVNAZ.09A,FLT3,8.910737743201304,FLT3,control
TARGET.20.PAUHGM.09A,FLT3,5.763227275679031,FLT3,control
TARGET.20.PAUJBK.09A,FLT3,7.564173006781779,FLT3,control
TARGET.20.PALBYP.09A,FLT3,7.637577728660694,FLT3,control
TARGET.20.PAXFAG.09A,FLT3,6.734488171580896,FLT3,control
TARGET.20.PANJFJ.09A,FLT3,5.569786908476905,FLT3,control
TARGET.20.PAXLMN.09A,FLT3,7.685162338564734,FLT3,control
TARGET.20.PAPXWI.09A,FLT3,5.573061872050186,FLT3,control
TARGET.20.PAVDXS.09A,FLT3,8.143460939284887,FLT3,control
TARGET.20.PAUYHB.09A,FLT3,6.861722820925183,FLT3,control
TARGET.20.PASPGA.09A,FLT3,7.8994694016459635,FLT3,control
TARGET.20.PAUSLS.09A,FLT3,8.022261364025187,FLT3,control
TARGET.20.PAXISI.09A,FLT3,8.758646352734457,FLT3,control
TARGET.20.PAWNIX.09A,FLT3,7.846262699813918,FLT3,control
TARGET.20.PAXHYG.09A,FLT3,7.932203841972166,FLT3,control
TARGET.20.PAUPIY.09A,FLT3,8.757537798181461,FLT3,control
TARGET.20.PAWCII.09A,FLT3,8.76436190124141,FLT3,control
TARGET.20.PAUUYP.09A,FLT3,6.906599266992548,FLT3,control
TARGET.20.PASMGW.09A,FLT3,6.8533681952945855,FLT3,control
TARGET.20.PAXEWD.09A,FLT3,7.191294395878008,FLT3,control
TARGET.20.PAVTKK.09A,FLT3,8.202244107723763,FLT3,control
TARGET.20.PANTWV.09A,FLT3,4.160623032939712,FLT3,control
TARGET.20.PARZWH.09A,FLT3,7.504711556830284,FLT3,control
TARGET.20.PAWLTL.09A,FLT3,0.7841464960503207,FLT3,control
TARGET.20.PANBZH.09A,FLT3,7.040307551102349,FLT3,control
TARGET.20.PAVKNA.09A,FLT3,8.4770549816802,FLT3,control
TARGET.20.PAXGDG.09A,FLT3,8.423460074939927,FLT3,control
TARGET.20.PAXBAP.09A,FLT3,8.13658217875986,FLT3,control
TARGET.20.PAXGNZ.09A,FLT3,2.901505632587197,FLT3,control
TARGET.20.PAVGYA.09A,FLT3,6.788168102146302,FLT3,control
TARGET.20.PARUBT.09A,FLT3,2.573611345535454,FLT3,control
TARGET.20.PAWXCK.09A,FLT3,7.464670037107321,FLT3,control
TARGET.20.PARLSW.09A,FLT3,4.514504691043563,FLT3,control
TARGET.20.PASARK.09A,FLT3,6.7015331568656045,FLT3,control
TARGET.20.PAWWPA.09A,FLT3,7.325460826851191,FLT3,control
TARGET.20.PAWIEM.09A,FLT3,8.637223139394724,FLT3,control
TARGET.20.PAUVBS.09A,FLT3,7.420192452131196,FLT3,control
TARGET.20.PAPZLT.09A,FLT3,5.3215238187801015,FLT3,control
TARGET.21.PARNAW.09A,FLT3,2.566387425625761,FLT3,control
TARGET.20.PAVFHT.09A,FLT3,8.566855763403758,FLT3,control
TARGET.20.PAURJZ.09A,FLT3,5.907328964748468,FLT3,control
TARGET.20.PAXFDN.09A,FLT3,3.1812396056393055,FLT3,control
TARGET.20.PAWUCG.09A,FLT3,8.01595129939925,FLT3,control
TARGET.20.PAURMH.09A,FLT3,7.447661075682677,FLT3,control
TARGET.20.PANTPW.09A,FLT3,7.006095524743151,FLT3,control
TARGET.20.PAUNBY.09A,FLT3,8.651425319018127,FLT3,control
TARGET.20.PASLTF.09A,FLT3,4.647871503406636,FLT3,control
TARGET.21.PARBTV.09A,FLT3,6.4056091871719545,FLT3,control
TARGET.20.PAEAKL.09A,FLT3,9.443480018372648,FLT3,control
TARGET.20.PAVZJM.09A,FLT3,8.507996414154471,FLT3,control
TARGET.20.PAUWCF.09A,FLT3,6.256140955607009,FLT3,control
TARGET.20.PAVNWF.09A,FLT3,7.557870693596946,FLT3,control
TARGET.20.PAVWRN.09A,FLT3,9.822569477609711,FLT3,control
TARGET.20.PAWNHU.09A,FLT3,7.870559851127737,FLT3,control
TARGET.20.PASGCE.09A,FLT3,8.73205779309645,FLT3,control
TARGET.20.PANUTX.09A,FLT3,5.9656690269934085,FLT3,control
TARGET.20.PAVSSE.09A,FLT3,7.528780369151236,FLT3,control
TARGET.20.PAXJPP.09A,FLT3,1.250512159953918,FLT3,control
TARGET.20.PAKERZ.09A,FLT3,5.548248390637292,FLT3,control
TARGET.20.PASFEW.09A,FLT3,0.8355047608465768,FLT3,control
TARGET.20.PARBFJ.09A,FLT3,7.62859910935228,FLT3,control
TARGET.20.PAVUPX.09A,FLT3,8.739485020527903,FLT3,control
TARGET.20.PASILA.09A,FLT3,8.136033734455703,FLT3,control
TARGET.20.PAWRGZ.09A,FLT3,8.512684580582937,FLT3,control
TARGET.20.PAVEDT.09A,FLT3,7.526174157486402,FLT3,control
TARGET.20.PAXFHW.09A,FLT3,9.731267561544836,FLT3,control
TARGET.20.PATJCR.09A,FLT3,6.088429478854663,FLT3,control
TARGET.20.PAVAKA.09A,FLT3,7.620751335908645,FLT3,control
TARGET.20.PANLJN.09A,FLT3,6.725339387075899,FLT3,control
TARGET.20.PAUUTI.09A,FLT3,7.198249159718566,FLT3,control
TARGET.20.PAXBEF.09A,FLT3,8.210559922879547,FLT3,control
TARGET.20.PAWRSU.09A,FLT3,8.378389747922611,FLT3,control
TARGET.20.PAWPBT.09A,FLT3,7.779182257440442,FLT3,control
TARGET.20.PATZVF.09A,FLT3,7.344419362705216,FLT3,control
TARGET.20.PAWFMF.09A,FLT3,7.641888157663868,FLT3,control
TARGET.20.PAUUXA.09A,FLT3,6.701056032338249,FLT3,control
TARGET.20.PAVUBN.09A,FLT3,7.436237344190163,FLT3,control
TARGET.20.PASPFE.09A,FLT3,8.664477867023361,FLT3,control
TARGET.20.PARYVW.09A,FLT3,4.490917478371403,FLT3,control
TARGET.20.PAXCYN.09A,FLT3,9.47906595492023,FLT3,control
TARGET.20.PAVALI.09A,FLT3,5.997851512310595,FLT3,control
TARGET.20.PAWEBG.09A,FLT3,9.067564282647837,FLT3,control
TARGET.20.PAPAPD.09A,FLT3,5.547502874161121,FLT3,control
TARGET.20.PAUWUZ.09A,FLT3,9.014198972507495,FLT3,control
TARGET.20.PAUWRZ.09A,FLT3,8.184481513838268,FLT3,control
TARGET.21.PASDXR.09A,FLT3,7.347282805015328,FLT3,control
TARGET.20.PAUYCB.09A,FLT3,4.101199550794254,FLT3,control
TARGET.20.PAVWBB.09A,FLT3,7.275870664654095,FLT3,control
TARGET.20.PASPSV.09A,FLT3,7.616588956357758,FLT3,control
TARGET.20.PAXGTM.09A,FLT3,9.26407680703992,FLT3,control
TARGET.20.PAUYCA.09A,FLT3,8.39039317769383,FLT3,control
TARGET.20.PAXBXI.09A,FLT3,8.670509239178969,FLT3,control
TARGET.20.PAWMKP.09A,FLT3,7.901050597666014,FLT3,control
TARGET.21.PASFJJ.09A,FLT3,7.790608527315096,FLT3,control
TARGET.20.PASWAJ.09A,FLT3,6.279136812559713,FLT3,control
TARGET.20.PAWUUE.09A,FLT3,6.14892965141373,FLT3,control
TARGET.20.PAPZIZ.09A,FLT3,5.841557263709711,FLT3,control
TARGET.20.PAWLYM.09A,FLT3,8.825838364540347,FLT3,control
TARGET.20.PAWHFW.09A,FLT3,7.008656966009315,FLT3,control
TARGET.20.PAWMNN.09A,FLT3,7.875283652506129,FLT3,control
TARGET.20.PAUWYR.09A,FLT3,8.594175011260077,FLT3,control
TARGET.20.PAWJJY.09A,FLT3,2.1075678338570514,FLT3,control
TARGET.20.PAWMGT.09A,FLT3,9.333221887061184,FLT3,control
TARGET.20.PAVSVU.09A,FLT3,8.065183325098994,FLT3,control
TARGET.20.PAVBFN.09A,FLT3,8.295639784986646,FLT3,control
TARGET.20.PASELF.09A,FLT3,5.874387372354783,FLT3,control
TARGET.21.PASFHK.09A,FLT3,5.776199579738773,FLT3,control
TARGET.20.PAXDDY.09A,FLT3,8.054510519933194,FLT3,control
TARGET.20.PARXEC.09A,FLT3,9.117788380557434,FLT3,control
TARGET.20.PAVTLN.09A,FLT3,9.455889686816764,FLT3,control
TARGET.20.PAVAYD.09A,FLT3,8.015381373251046,FLT3,control
TARGET.20.PAVBZM.09A,FLT3,3.044940819006477,FLT3,control
TARGET.20.PASEYM.09A,FLT3,6.653013722169345,FLT3,control
TARGET.20.PAPAJE.09A,FLT3,7.20694092508457,FLT3,control
TARGET.20.PAWEVC.09A,FLT3,8.795621387953144,FLT3,control
TARGET.20.PASFVP.09A,FLT3,7.570198169134912,FLT3,control
TARGET.20.PASLMR.09A,FLT3,8.525227940613307,FLT3,control
TARGET.20.PAUYNI.09A,FLT3,6.127930263905189,FLT3,control
TARGET.20.PAVDFC.09A,FLT3,8.050308524270742,FLT3,control
TARGET.20.PAVTMY.09A,FLT3,5.797139726820576,FLT3,control
TARGET.20.PASWLN.09A,FLT3,8.311635342388332,FLT3,control
TARGET.20.PAULSL.09A,FLT3,8.379167447188117,FLT3,control
TARGET.20.PATBFL.09A,FLT3,8.675439112922891,FLT3,control
TARGET.20.PASGZS.09A,FLT3,8.947900460712399,FLT3,control
TARGET.20.PAVTDW.09A,FLT3,8.78325544130744,FLT3,control
TARGET.20.PAXCWR.09A,FLT3,8.665554983259048,FLT3,control
TARGET.20.PAUBKI.09A,FLT3,7.421880849923958,FLT3,control
TARGET.20.PAXKAI.09A,FLT3,9.030471113422973,FLT3,control
TARGET.20.PAPVZK.09A,FLT3,7.965801740413559,FLT3,control
TARGET.20.PAUMGZ.09A,FLT3,8.392623235300434,FLT3,control
TARGET.20.PASWTY.09A,FLT3,6.8153295740337825,FLT3,control
TARGET.20.PANJTK.09A,FLT3,7.668098969416442,FLT3,control
TARGET.20.PAXARD.09A,FLT3,8.681493441434919,FLT3,control
TARGET.20.PAVPFR.09A,FLT3,7.65622692428602,FLT3,control
TARGET.20.PAVYPX.09A,FLT3,8.591445208730539,FLT3,control
TARGET.20.PAXMFG.09A,FLT3,6.9545677261005725,FLT3,control
TARGET.20.PALNAT.09A,FLT3,4.421372497101874,FLT3,control
TARGET.20.PANDER.09A,FLT3,7.612553281524098,FLT3,control
TARGET.20.PAXLDI.09A,FLT3,6.7517012659063775,FLT3,control
TARGET.20.PASSLT.09A,FLT3,7.446091702338654,FLT3,control
TARGET.20.PAWMDY.09A,FLT3,8.374338194083293,FLT3,control
TARGET.20.PAWYRT.09A,FLT3,9.03662655273724,FLT3,control
TARGET.20.PAWGKS.09A,FLT3,0.9114837299485398,FLT3,control
TARGET.20.PATGRR.09A,FLT3,7.515009320429352,FLT3,control
TARGET.20.PAVJRF.09A,FLT3,8.323507454659307,FLT3,control
TARGET.20.PAXIHA.09A,FLT3,7.411411271847029,FLT3,control
TARGET.20.PAUWFM.09A,FLT3,3.593217099811318,FLT3,control
TARGET.20.PARCUK.09A,FLT3,7.540551097599275,FLT3,control
TARGET.20.PAVKAH.09A,FLT3,6.872166266837365,FLT3,control
TARGET.20.PAUYZY.09A,FLT3,6.054043490824397,FLT3,control
TARGET.20.PARMME.09A,FLT3,8.109892842457844,FLT3,control
TARGET.20.PASVVS.09A,FLT3,5.365587470041813,FLT3,control
TARGET.20.PAXGXR.09A,FLT3,8.579040534097741,FLT3,control
TARGET.20.PAXANS.09A,FLT3,8.911015336829069,FLT3,control
TARGET.20.PAWHAX.09A,FLT3,7.969983655762537,FLT3,control
TARGET.20.PAVXZL.09A,FLT3,4.491286813659935,FLT3,control
TARGET.20.PASPLU.09A,FLT3,8.040512255463941,FLT3,control
TARGET.20.PAUXKD.09A,FLT3,6.032644535329241,FLT3,control
TARGET.20.PAVWZV.09A,FLT3,8.208144878975775,FLT3,control
TARGET.20.PANKNB.09A,FLT3,6.148136209012939,FLT3,control
TARGET.20.PAVTXM.09A,FLT3,8.175262457267303,FLT3,control
TARGET.20.PAXBNE.09A,FLT3,8.815886739239117,FLT3,control
TARGET.20.PAXBLW.09A,FLT3,7.170550454256582,FLT3,control
TARGET.20.PAWZZN.09A,FLT3,5.144906133567465,FLT3,control
TARGET.20.PAVLAE.09A,FLT3,6.752315028435473,FLT3,control
TARGET.20.PAWIVB.09A,FLT3,8.857658093318705,FLT3,control
TARGET.20.PAWPCN.09A,FLT3,8.298937588526572,FLT3,control
TARGET.20.PAXCPM.09A,FLT3,9.420246940465685,FLT3,control
TARGET.20.PAUXLK.09A,FLT3,8.33275862587562,FLT3,control
TARGET.20.PAVZBG.09A,FLT3,8.876542556884663,FLT3,control
TARGET.20.PAVPCA.09A,FLT3,0.8316027700399669,FLT3,control
TARGET.20.PAUHTE.09A,FLT3,7.257739394850341,FLT3,control
TARGET.21.PARLSL.09A,FLT3,5.08604867407863,FLT3,control
TARGET.20.PAVGIX.09A,FLT3,6.28635603748302,FLT3,control
TARGET.20.PAWMIP.09A,FLT3,7.630826579185085,FLT3,control
TARGET.20.PAEEYP.09A,FLT3,7.344942086398733,FLT3,control
TARGET.20.PAUVBZ.09A,FLT3,8.215896353477204,FLT3,control
TARGET.20.PAXIIP.09A,FLT3,9.996864712240694,FLT3,control
TARGET.20.PANZKA.09A,FLT3,5.27520505876412,FLT3,control
TARGET.20.PAXARX.09A,FLT3,8.120189977259397,FLT3,control
TARGET.20.PAUMJB.09A,FLT3,9.253084140505804,FLT3,control
TARGET.20.PATBUK.09A,FLT3,6.991086282516146,FLT3,control
TARGET.20.PAUZSY.09A,FLT3,7.8927267468492515,FLT3,control
TARGET.20.PASFNP.09A,FLT3,5.718708198705821,FLT3,control
TARGET.20.PAVIDK.09A,FLT3,8.414499993649649,FLT3,control
TARGET.20.PAXMLW.09A,FLT3,8.372988851039267,FLT3,control
TARGET.20.PATWYU.09A,FLT3,8.333580279356992,FLT3,control
TARGET.20.PASFJB.09A,FLT3,6.156262891672026,FLT3,control
TARGET.20.PAWUAE.09A,FLT3,7.745571429790704,FLT3,control
TARGET.21.PASSLT.09A,FLT3,5.922601525646849,FLT3,control
TARGET.20.PAUJNJ.09A,FLT3,8.693619650159611,FLT3,control
TARGET.20.PAXEMU.09A,FLT3,6.464536920179608,FLT3,control
TARGET.20.PAVIXV.09A,FLT3,7.980774492780647,FLT3,control
TARGET.20.PAVNKI.09A,FLT3,8.619596905854213,FLT3,control
TARGET.20.PAVAAM.09A,FLT3,6.819270509819685,FLT3,control
TARGET.20.PANSBH.09A,FLT3,6.27604097216004,FLT3,control
TARGET.20.PAWFFJ.09A,FLT3,9.427248813076808,FLT3,control
TARGET.20.PAUVEF.09A,FLT3,8.465229618196426,FLT3,control
TARGET.20.PAWEYY.09A,FLT3,8.396759652643775,FLT3,control
TARGET.20.PAWNAP.09A,FLT3,7.798351985753231,FLT3,control
TARGET.20.PAXFWY.09A,FLT3,8.656898960051201,FLT3,control
TARGET.20.PAWLKE.09A,FLT3,8.187776978421073,FLT3,control
TARGET.20.PASZZE.09A,FLT3,9.373206255751732,FLT3,control
TARGET.21.PASYWA.09A,FLT3,6.983486048663269,FLT3,control
TARGET.20.PAUBLN.09A,FLT3,7.658487313431249,FLT3,control
TARGET.20.PAWPDC.09A,FLT3,7.691546196395869,FLT3,control
TARGET.20.PASRTP.09A,FLT3,7.514441824841575,FLT3,control
TARGET.20.PAWLHJ.09A,FLT3,8.45793167903132,FLT3,control
TARGET.20.PARWXS.09A,FLT3,5.740356140018557,FLT3,control
TARGET.20.PAXLEE.09A,FLT3,8.767808308176775,FLT3,control
TARGET.20.PATVRA.09A,FLT3,6.599738419028505,FLT3,control
TARGET.20.PASSSI.09A,FLT3,6.817412827864273,FLT3,control
TARGET.20.PAUMZV.09A,FLT3,8.183414314426381,FLT3,control
TARGET.20.PAXFEE.09A,FLT3,1.077478430729543,FLT3,control
TARGET.20.PAWNPU.09A,FLT3,5.725063011064542,FLT3,control
TARGET.20.PAECCE.09A,FLT3,9.074617200753703,FLT3,control
TARGET.20.PAVSHX.09A,FLT3,9.460235908596058,FLT3,control
TARGET.20.PAVDDU.09A,FLT3,6.882564557463249,FLT3,control
TARGET.20.PAUPSX.09A,FLT3,8.239364640331674,FLT3,control
TARGET.20.PARKFB.09A,FLT3,7.631565710173373,FLT3,control
TARGET.20.PAUIPM.09A,FLT3,9.255647359168204,FLT3,control
TARGET.20.PAXEES.09A,FLT3,7.611055681745083,FLT3,control
TARGET.21.PANVPB.09A,FLT3,5.108605509072946,FLT3,control
TARGET.20.PAUVMN.09A,FLT3,7.4421845015320445,FLT3,control
TARGET.20.PATPAC.09A,FLT3,5.902233121256601,FLT3,control
TARGET.20.PAVMPA.09A,FLT3,9.30185129610449,FLT3,control
TARGET.20.PAWGCN.09A,FLT3,8.051973326359983,FLT3,control
TARGET.20.PAUEAN.09A,FLT3,7.90702878213955,FLT3,control
TARGET.21.PARHRS.09A,FLT3,6.227394051657472,FLT3,control
TARGET.20.PAVWVT.09A,FLT3,9.560049384963785,FLT3,control
TARGET.20.PAVJXG.09A,FLT3,7.145166021763277,FLT3,control
TARGET.20.PAVKBW.09A,FLT3,7.093295052189772,FLT3,control
TARGET.20.PAXIAZ.09A,FLT3,6.403289523398864,FLT3,control
TARGET.20.PASBPK.09A,FLT3,6.955616805651172,FLT3,control
TARGET.20.PAWUMM.09A,FLT3,9.08108786133373,FLT3,control
TARGET.20.PATDHA.09A,FLT3,6.153519141294374,FLT3,control
TARGET.20.PAVHTL.09A,FLT3,6.808834454665587,FLT3,control
TARGET.20.PAUZAM.09A,FLT3,8.999569884831866,FLT3,control
TARGET.20.PAXHWI.09A,FLT3,8.647052041194431,FLT3,control
TARGET.20.PAUUHV.09A,FLT3,7.296462634424059,FLT3,control
TARGET.20.PAUTKL.09A,FLT3,7.836430885858714,FLT3,control
TARGET.20.PAXBLX.09A,FLT3,7.571820385826306,FLT3,control
TARGET.20.PAWYTW.09A,FLT3,8.880283038328699,FLT3,control
TARGET.20.PAWLAJ.09A,FLT3,7.86554082707545,FLT3,control
TARGET.20.PAUVYC.09A,FLT3,7.803971085054379,FLT3,control
TARGET.20.PARFVC.09A,FLT3,5.682868031600033,FLT3,control
TARGET.20.PASZLJ.09A,FLT3,7.16415014137345,FLT3,control
TARGET.20.PAXDVZ.09A,FLT3,7.864500028837572,FLT3,control
TARGET.20.PAWDEG.09A,FLT3,8.093485235346192,FLT3,control
TARGET.20.PAVALK.09A,FLT3,9.49774342254426,FLT3,control
TARGET.20.PAVZYI.09A,FLT3,6.929930793621043,FLT3,control
TARGET.20.PAXKTY.09A,FLT3,8.661871963466306,FLT3,control
TARGET.20.PAUUKK.09A,FLT3,4.901932817161224,FLT3,control
TARGET.20.PAUFUB.09A,FLT3,6.711567111165957,FLT3,control
TARGET.20.PAUMUZ.09A,FLT3,6.9492274811796655,FLT3,control
TARGET.20.PAXLXI.09A,FLT3,5.3662591399308255,FLT3,control
TARGET.20.PARTYK.09A,FLT3,6.824661256221212,FLT3,control
TARGET.20.PANZXI.09A,FLT3,6.51611444761764,FLT3,control
TARGET.20.PANVGE.09A,FLT3,5.485930111850763,FLT3,control
TARGET.20.PAUZMH.09A,FLT3,8.717138004844037,FLT3,control
TARGET.20.PAWKRF.09A,FLT3,9.124060070265674,FLT3,control
TARGET.20.PAWUTL.09A,FLT3,7.817182741364499,FLT3,control
TARGET.20.PAVYYR.09A,FLT3,8.31700413441279,FLT3,control
TARGET.20.PAKKBK.09A,FLT3,7.825859121520015,FLT3,control
TARGET.20.PAVBNV.09A,FLT3,6.023495709575962,FLT3,control
TARGET.20.PAVDPF.09A,FLT3,1.910490292259649,FLT3,control
TARGET.20.PARHJV.09A,FLT3,5.220320532126481,FLT3,control
TARGET.20.PAVZEC.09A,FLT3,6.339250045219075,FLT3,control
TARGET.20.PAUHFI.09A,FLT3,5.195788722645381,FLT3,control
TARGET.20.PAUMAD.09A,FLT3,6.244570767727031,FLT3,control
TARGET.20.PAXGVH.09A,FLT3,0.8451593023284921,FLT3,control
TARGET.20.PAVIYS.09A,FLT3,6.630919751259068,FLT3,control
TARGET.20.PAVXME.09A,FLT3,7.550605071578404,FLT3,control
TARGET.20.PAVRTN.09A,FLT3,7.908772627062389,FLT3,control
TARGET.20.PAUVAT.09A,FLT3,7.992611860092207,FLT3,control
TARGET.20.PAWACC.09A,FLT3,8.98131783488191,FLT3,control
TARGET.20.PAVWXI.09A,FLT3,8.006913139996351,FLT3,control
TARGET.20.PAXMPG.09A,FLT3,5.964824558042285,FLT3,control
TARGET.20.PAVUZN.09A,FLT3,9.028577658868867,FLT3,control
TARGET.20.PAUWNT.09A,FLT3,7.396498135919594,FLT3,control
TARGET.20.PASIEP.09A,FLT3,7.226328111626422,FLT3,control
TARGET.20.PAVDVV.09A,FLT3,8.051959066471753,FLT3,control
TARGET.20.PATDDA.09A,FLT3,7.0712766027975675,FLT3,control
TARGET.20.PAUULL.09A,FLT3,8.75969406138166,FLT3,control
TARGET.20.PAXIDA.09A,FLT3,7.966933430564837,FLT3,control
TARGET.20.PAWKPU.09A,FLT3,7.416338874892346,FLT3,control
TARGET.20.PAXKES.09A,FLT3,7.6114303706331,FLT3,control
TARGET.20.PAVFPR.09A,FLT3,7.240131083522109,FLT3,control
TARGET.20.PAVPVK.09A,FLT3,8.955890828891729,FLT3,control
TARGET.20.PAXMNG.09A,FLT3,9.192858586554715,FLT3,control
TARGET.20.PAXKXS.09A,FLT3,7.94020360826358,FLT3,control
TARGET.20.PAVKJV.09A,FLT3,5.051953833507275,FLT3,control
TARGET.20.PAULCA.09A,FLT3,4.667905279067243,FLT3,control
TARGET.20.PAXLFG.09A,FLT3,8.613055918648596,FLT3,control
TARGET.20.PASEGC.09A,FLT3,7.689400646744388,FLT3,control
TARGET.20.PAUPXH.09A,FLT3,8.372899558769706,FLT3,control
TARGET.20.PAUTDY.09A,FLT3,6.566421981254736,FLT3,control
TARGET.20.PAWTSD.09A,FLT3,9.27091857067371,FLT3,control
TARGET.20.PAVUVI.09A,FLT3,9.866969149431872,FLT3,control
TARGET.20.PASAFM.09A,FLT3,5.687310126695389,FLT3,control
TARGET.20.PASFHK.09A,FLT3,6.7610736384020464,FLT3,control
TARGET.20.PAVLWY.09A,FLT3,8.929908608886134,FLT3,control
TARGET.20.PAVCNU.09A,FLT3,6.795829893573135,FLT3,control
TARGET.20.PAVHUF.09A,FLT3,9.58227047569655,FLT3,control
TARGET.20.PARLVL.09A,FLT3,2.56137750638737,FLT3,control
TARGET.20.PAUSBP.09A,FLT3,5.694222193774985,FLT3,control
TARGET.20.PAWTPD.09A,FLT3,9.562721023628487,FLT3,control
TARGET.20.PAVJVS.09A,FLT3,8.495391827619288,FLT3,control
TARGET.20.PATJVL.09A,CD33,6.622602543481006,CD33,clinical
TARGET.20.PAWWEE.09A,CD33,4.137432649043474,CD33,clinical
TARGET.20.PARCEV.09A,CD33,7.523127169479185,CD33,clinical
TARGET.20.PASCCS.09A,CD33,3.4019084678859444,CD33,clinical
TARGET.20.PAEIKD.09A,CD33,6.360397796688005,CD33,clinical
TARGET.20.PAWNBB.09A,CD33,4.652062444826999,CD33,clinical
TARGET.20.PARTYV.09A,CD33,6.512882990881162,CD33,clinical
TARGET.20.PAVAGA.09A,CD33,6.982796250454338,CD33,clinical
TARGET.20.PAWJGZ.09A,CD33,6.671904795858415,CD33,clinical
TARGET.20.PARERV.09A,CD33,5.873176044819522,CD33,clinical
TARGET.20.PAUYIB.09A,CD33,4.528641575623743,CD33,clinical
TARGET.20.PAUZJJ.09A,CD33,7.294800727271551,CD33,clinical
TARGET.20.PAVHFP.09A,CD33,6.301720661546306,CD33,clinical
TARGET.20.PANTRL.09A,CD33,5.969120880239222,CD33,clinical
TARGET.20.PAURYA.09A,CD33,6.0664751155115475,CD33,clinical
TARGET.20.PASBHI.09A,CD33,5.01822361042326,CD33,clinical
TARGET.20.PAWVVR.09A,CD33,6.3614609849108,CD33,clinical
TARGET.20.PAWZWN.09A,CD33,6.254924578063345,CD33,clinical
TARGET.20.PASVYL.09A,CD33,7.454399775428162,CD33,clinical
TARGET.20.PARJCR.09A,CD33,6.651711333496723,CD33,clinical
TARGET.20.PATAPC.09A,CD33,4.3783069214820625,CD33,clinical
TARGET.20.PAVNVF.09A,CD33,2.178370625450365,CD33,clinical
TARGET.20.PAXAAA.09A,CD33,6.39404678487753,CD33,clinical
TARGET.20.PAXDSN.09A,CD33,6.231022404210614,CD33,clinical
TARGET.20.PASSPT.09A,CD33,5.091451370156753,CD33,clinical
TARGET.20.PAVACZ.09A,CD33,4.405974285979463,CD33,clinical
TARGET.20.PAWGTG.09A,CD33,6.29040594093998,CD33,clinical
TARGET.20.PASGGK.09A,CD33,5.335866199367689,CD33,clinical
TARGET.20.PANGJY.09A,CD33,7.668923775027345,CD33,clinical
TARGET.20.PAXLHS.09A,CD33,4.519363503166739,CD33,clinical
TARGET.20.PAXETC.09A,CD33,4.562139832691475,CD33,clinical
TARGET.20.PARMZF.09A,CD33,6.394142889198187,CD33,clinical
TARGET.20.PASBPW.09A,CD33,2.709999007830541,CD33,clinical
TARGET.20.PAVZNG.09A,CD33,5.247359384318561,CD33,clinical
TARGET.20.PAVPMJ.09A,CD33,5.3882363188759905,CD33,clinical
TARGET.20.PAWSKR.09A,CD33,3.906204896870437,CD33,clinical
TARGET.20.PAULWG.09A,CD33,4.6832460111896355,CD33,clinical
TARGET.20.PAWNGI.09A,CD33,7.03633138094198,CD33,clinical
TARGET.20.PAVTRU.09A,CD33,7.540940148589615,CD33,clinical
TARGET.21.PATISD.09A,CD33,4.878851267241233,CD33,clinical
TARGET.20.PAWTWW.09A,CD33,6.6835213104539255,CD33,clinical
TARGET.20.PAVSIZ.09A,CD33,4.9713217725526535,CD33,clinical
TARGET.20.PARUWX.09A,CD33,7.099404907844697,CD33,clinical
TARGET.21.PAMYMA.09A,CD33,7.598696123294879,CD33,clinical
TARGET.20.PAWFBA.09A,CD33,4.9240565231357944,CD33,clinical
TARGET.20.PARDDA.09A,CD33,2.27857529692886,CD33,clinical
TARGET.20.PABLDZ.09A,CD33,5.152736880468003,CD33,clinical
TARGET.20.PARENB.09A,CD33,2.940218483563652,CD33,clinical
TARGET.20.PARXZP.09A,CD33,5.898577113002954,CD33,clinical
TARGET.20.PAUSMT.09A,CD33,6.811282373463495,CD33,clinical
TARGET.20.PAXJNP.09A,CD33,4.498243877235508,CD33,clinical
TARGET.20.PAULIY.09A,CD33,6.357344624692482,CD33,clinical
TARGET.20.PAUVSU.09A,CD33,6.81218432774166,CD33,clinical
TARGET.20.PANVBP.09A,CD33,5.484636282218528,CD33,clinical
TARGET.20.PAWRNZ.09A,CD33,7.090606439783089,CD33,clinical
TARGET.20.PARBIU.09A,CD33,6.1370312601844095,CD33,clinical
TARGET.20.PAEAFC.09A,CD33,6.76009565229754,CD33,clinical
TARGET.20.PAWVNC.09A,CD33,5.070159649293696,CD33,clinical
TARGET.20.PAUWEW.09A,CD33,5.3151167407692474,CD33,clinical
TARGET.20.PAWYEK.09A,CD33,5.432903564893818,CD33,clinical
TARGET.20.PAXMPW.09A,CD33,5.25411003943973,CD33,clinical
TARGET.20.PAUVWF.09A,CD33,7.545549526029398,CD33,clinical
TARGET.20.PAXGPE.09A,CD33,4.142597007784817,CD33,clinical
TARGET.20.PAWDTX.09A,CD33,3.2471886569810495,CD33,clinical
TARGET.20.PAVUAP.09A,CD33,4.108821897432215,CD33,clinical
TARGET.20.PAXKAL.09A,CD33,6.986026806159578,CD33,clinical
TARGET.20.PAVDBD.09A,CD33,4.691748802639441,CD33,clinical
TARGET.20.PAUSZL.09A,CD33,6.982486059170305,CD33,clinical
TARGET.20.PAVPJM.09A,CD33,3.794646591386557,CD33,clinical
TARGET.20.PAVKEX.09A,CD33,3.0851786464692568,CD33,clinical
TARGET.20.PARYEB.09A,CD33,6.652207029549535,CD33,clinical
TARGET.20.PAWXSL.09A,CD33,4.671689289941295,CD33,clinical
TARGET.20.PAWVCG.09A,CD33,6.253781508769874,CD33,clinical
TARGET.20.PAVTWM.09A,CD33,4.005490694937299,CD33,clinical
TARGET.20.PAVHWT.09A,CD33,1.9961541053973744,CD33,clinical
TARGET.20.PARUUB.09A,CD33,5.873077118814013,CD33,clinical
TARGET.20.PAURPD.09A,CD33,6.510132889473739,CD33,clinical
TARGET.20.PARUNX.09A,CD33,6.305016178211626,CD33,clinical
TARGET.20.PASDGX.09A,CD33,6.54073355664514,CD33,clinical
TARGET.20.PAVDZK.09A,CD33,6.750373277559883,CD33,clinical
TARGET.20.PANUTB.09A,CD33,5.342098340533778,CD33,clinical
TARGET.20.PAXMKU.09A,CD33,5.365362181324066,CD33,clinical
TARGET.20.PAERAH.09A,CD33,2.6691855450221142,CD33,clinical
TARGET.20.PAUDNA.09A,CD33,5.815811275947401,CD33,clinical
TARGET.20.PAVMED.09A,CD33,5.298564361577775,CD33,clinical
TARGET.20.PANTIV.09A,CD33,7.309286483757885,CD33,clinical
TARGET.20.PAWVGN.09A,CD33,6.561112612313657,CD33,clinical
TARGET.20.PAWKUR.09A,CD33,4.286931069846754,CD33,clinical
TARGET.20.PAWPMA.09A,CD33,5.832757738540964,CD33,clinical
TARGET.20.PAVGXF.09A,CD33,5.381662796392492,CD33,clinical
TARGET.20.PAXKKE.09A,CD33,4.685661286868599,CD33,clinical
TARGET.20.PARHVK.09A,CD33,6.055741565653004,CD33,clinical
TARGET.20.PAVFYL.09A,CD33,4.631121888030981,CD33,clinical
TARGET.21.PANZLR.09A,CD33,6.032992279778385,CD33,clinical
TARGET.20.PAWIHN.09A,CD33,1.5100741619145892,CD33,clinical
TARGET.20.PAWSWR.09A,CD33,2.993129126305721,CD33,clinical
TARGET.20.PAXMLN.09A,CD33,5.264728210258518,CD33,clinical
TARGET.20.PAWJPN.09A,CD33,6.253688729782345,CD33,clinical
TARGET.20.PAVVAB.09A,CD33,4.915404230661962,CD33,clinical
TARGET.20.PAWHJI.09A,CD33,4.747096624905275,CD33,clinical
TARGET.20.PAVXUR.09A,CD33,5.8778850250831045,CD33,clinical
TARGET.20.PAVUHF.09A,CD33,2.258950915586395,CD33,clinical
TARGET.20.PANLIZ.09A,CD33,2.3678185588149807,CD33,clinical
TARGET.20.PAVHXU.09A,CD33,6.471270335165756,CD33,clinical
TARGET.20.PAXBSE.09A,CD33,4.500126572828334,CD33,clinical
TARGET.20.PARBXE.09A,CD33,4.3164750627878465,CD33,clinical
TARGET.20.PAWUWJ.09A,CD33,6.910452210853502,CD33,clinical
TARGET.20.PAVDHJ.09A,CD33,4.683678148551305,CD33,clinical
TARGET.20.PANINI.09A,CD33,5.744562946388486,CD33,clinical
TARGET.20.PATMXW.09A,CD33,4.110588985203525,CD33,clinical
TARGET.20.PAXCZX.09A,CD33,5.3176160685265605,CD33,clinical
TARGET.20.PAXCVR.09A,CD33,5.436534091658439,CD33,clinical
TARGET.20.PAVDBK.09A,CD33,1.8879820959548983,CD33,clinical
TARGET.20.PAUJCF.09A,CD33,5.681087788070714,CD33,clinical
TARGET.20.PAXGIX.09A,CD33,5.1465232363022215,CD33,clinical
TARGET.20.PASIZX.09A,CD33,5.224944173173235,CD33,clinical
TARGET.20.PAWLEB.09A,CD33,5.990463185489212,CD33,clinical
TARGET.20.PAVNIX.09A,CD33,4.813765109648064,CD33,clinical
TARGET.20.PAWWLI.09A,CD33,6.483969236619184,CD33,clinical
TARGET.20.PAVULK.09A,CD33,4.416398203758105,CD33,clinical
TARGET.20.PAWIXW.09A,CD33,5.3990432976772125,CD33,clinical
TARGET.20.PAXIFA.09A,CD33,5.750821533330931,CD33,clinical
TARGET.20.PAUMTZ.09A,CD33,6.735107267242483,CD33,clinical
TARGET.20.PAXDBF.09A,CD33,5.0313618032608645,CD33,clinical
TARGET.20.PAVKVT.09A,CD33,7.423612150979063,CD33,clinical
TARGET.20.PANFMG.09A,CD33,6.5792817013421425,CD33,clinical
TARGET.20.PARZUU.09A,CD33,5.498326963485639,CD33,clinical
TARGET.20.PAVANX.09A,CD33,1.756484649656633,CD33,clinical
TARGET.20.PAWPVX.09A,CD33,5.70428967863134,CD33,clinical
TARGET.20.PAVDYE.09A,CD33,7.950517062628698,CD33,clinical
TARGET.20.PAXLXJ.09A,CD33,6.498298142732366,CD33,clinical
TARGET.20.PAUYHR.09A,CD33,5.795108372058145,CD33,clinical
TARGET.20.PARDDY.09A,CD33,5.740378470940275,CD33,clinical
TARGET.20.PANXPU.09A,CD33,6.697803002687459,CD33,clinical
TARGET.20.PAVJCJ.09A,CD33,6.329543459799597,CD33,clinical
TARGET.20.PAXGHE.09A,CD33,6.237178368122614,CD33,clinical
TARGET.20.PAWBYK.09A,CD33,4.445395538933747,CD33,clinical
TARGET.20.PAWRKX.09A,CD33,6.0866584858138655,CD33,clinical
TARGET.20.PATDNN.09A,CD33,7.686533416660901,CD33,clinical
TARGET.20.PAVZIB.09A,CD33,6.08726298640735,CD33,clinical
TARGET.20.PAUVGD.09A,CD33,6.562703839797886,CD33,clinical
TARGET.20.PAXEHH.09A,CD33,2.084317817179526,CD33,clinical
TARGET.20.PANGTF.09A,CD33,6.378637482891697,CD33,clinical
TARGET.20.PAVNHN.09A,CD33,5.666452665151067,CD33,clinical
TARGET.20.PANGDN.09A,CD33,6.932542305294053,CD33,clinical
TARGET.20.PAVPMH.09A,CD33,4.4701719580930375,CD33,clinical
TARGET.20.PAVDNF.09A,CD33,4.2284069158785,CD33,clinical
TARGET.20.PARCHW.09A,CD33,6.071520078163383,CD33,clinical
TARGET.20.PAXACY.09A,CD33,5.5833862842097055,CD33,clinical
TARGET.20.PAWYNR.09A,CD33,4.7548505376433,CD33,clinical
TARGET.20.PAXLJV.09A,CD33,6.8894362952300945,CD33,clinical
TARGET.20.PAUYAE.09A,CD33,5.281726382114632,CD33,clinical
TARGET.20.PAWBDK.09A,CD33,5.534735057991504,CD33,clinical
TARGET.20.PASTTW.09A,CD33,6.285885281315426,CD33,clinical
TARGET.20.PARXVI.09A,CD33,6.840009810213302,CD33,clinical
TARGET.20.PAWKYG.09A,CD33,0.9581104342663228,CD33,clinical
TARGET.20.PAVPLM.09A,CD33,5.098040457954723,CD33,clinical
TARGET.20.PANXWX.09A,CD33,6.1886829430163415,CD33,clinical
TARGET.20.PAUNBR.09A,CD33,5.954217813274159,CD33,clinical
TARGET.20.PAVANE.09A,CD33,4.20956580757758,CD33,clinical
TARGET.20.PARKCX.09A,CD33,6.544819262996248,CD33,clinical
TARGET.20.PARJWH.09A,CD33,5.955760047871917,CD33,clinical
TARGET.20.PATSSY.09A,CD33,4.849403575722489,CD33,clinical
TARGET.20.PAWMII.09A,CD33,4.702494066801144,CD33,clinical
TARGET.20.PAVDBT.09A,CD33,5.47041357348386,CD33,clinical
TARGET.20.PAEFHC.09A,CD33,5.622801587207215,CD33,clinical
TARGET.20.PAXGSJ.09A,CD33,5.745013257872172,CD33,clinical
TARGET.20.PAVNAZ.09A,CD33,5.956041609394129,CD33,clinical
TARGET.20.PAUHGM.09A,CD33,2.720843425608505,CD33,clinical
TARGET.20.PAUJBK.09A,CD33,5.1303669085453505,CD33,clinical
TARGET.20.PALBYP.09A,CD33,5.530360125167024,CD33,clinical
TARGET.20.PAXFAG.09A,CD33,2.213306022418931,CD33,clinical
TARGET.20.PANJFJ.09A,CD33,2.608181326914609,CD33,clinical
TARGET.20.PAXLMN.09A,CD33,7.04103699897005,CD33,clinical
TARGET.20.PAPXWI.09A,CD33,6.874726049397046,CD33,clinical
TARGET.20.PAVDXS.09A,CD33,6.826671682785446,CD33,clinical
TARGET.20.PAUYHB.09A,CD33,5.516993390051873,CD33,clinical
TARGET.20.PASPGA.09A,CD33,5.430242235523662,CD33,clinical
TARGET.20.PAUSLS.09A,CD33,5.1310478239181165,CD33,clinical
TARGET.20.PAXISI.09A,CD33,6.506548543356362,CD33,clinical
TARGET.20.PAWNIX.09A,CD33,4.517085802972523,CD33,clinical
TARGET.20.PAXHYG.09A,CD33,5.059620825442348,CD33,clinical
TARGET.20.PAUPIY.09A,CD33,7.409647708312398,CD33,clinical
TARGET.20.PAWCII.09A,CD33,5.783333937986537,CD33,clinical
TARGET.20.PAUUYP.09A,CD33,5.149590069819595,CD33,clinical
TARGET.20.PASMGW.09A,CD33,6.238571749402363,CD33,clinical
TARGET.20.PAXEWD.09A,CD33,6.387174217715108,CD33,clinical
TARGET.20.PAVTKK.09A,CD33,3.9181126832419633,CD33,clinical
TARGET.20.PANTWV.09A,CD33,4.737704974993155,CD33,clinical
TARGET.20.PARZWH.09A,CD33,5.9382530535942655,CD33,clinical
TARGET.20.PAWLTL.09A,CD33,7.528553070788484,CD33,clinical
TARGET.20.PANBZH.09A,CD33,4.898966923182237,CD33,clinical
TARGET.20.PAVKNA.09A,CD33,6.348363396982204,CD33,clinical
TARGET.20.PAXGDG.09A,CD33,5.614177326208009,CD33,clinical
TARGET.20.PAXBAP.09A,CD33,4.746143970115766,CD33,clinical
TARGET.20.PAXGNZ.09A,CD33,4.9951407653718025,CD33,clinical
TARGET.20.PAVGYA.09A,CD33,7.050588192777968,CD33,clinical
TARGET.20.PARUBT.09A,CD33,4.970668532078665,CD33,clinical
TARGET.20.PAWXCK.09A,CD33,5.690388175322665,CD33,clinical
TARGET.20.PARLSW.09A,CD33,5.857995894753715,CD33,clinical
TARGET.20.PASARK.09A,CD33,6.438618930481436,CD33,clinical
TARGET.20.PAWWPA.09A,CD33,4.70716214688451,CD33,clinical
TARGET.20.PAWIEM.09A,CD33,0.9443516091471836,CD33,clinical
TARGET.20.PAUVBS.09A,CD33,3.622394016963262,CD33,clinical
TARGET.20.PAPZLT.09A,CD33,7.388747936815797,CD33,clinical
TARGET.21.PARNAW.09A,CD33,6.470623112694539,CD33,clinical
TARGET.20.PAVFHT.09A,CD33,5.2616290218215935,CD33,clinical
TARGET.20.PAURJZ.09A,CD33,5.413998040734499,CD33,clinical
TARGET.20.PAXFDN.09A,CD33,6.624884109860811,CD33,clinical
TARGET.20.PAWUCG.09A,CD33,6.381894586902893,CD33,clinical
TARGET.20.PAURMH.09A,CD33,5.068057682345277,CD33,clinical
TARGET.20.PANTPW.09A,CD33,5.87386735962477,CD33,clinical
TARGET.20.PAUNBY.09A,CD33,5.9887908649469646,CD33,clinical
TARGET.20.PASLTF.09A,CD33,6.145162881225207,CD33,clinical
TARGET.21.PARBTV.09A,CD33,4.666683251490501,CD33,clinical
TARGET.20.PAEAKL.09A,CD33,6.486616559512642,CD33,clinical
TARGET.20.PAVZJM.09A,CD33,5.763977666022284,CD33,clinical
TARGET.20.PAUWCF.09A,CD33,5.9843401382843515,CD33,clinical
TARGET.20.PAVNWF.09A,CD33,6.692438964096832,CD33,clinical
TARGET.20.PAVWRN.09A,CD33,5.445381482140734,CD33,clinical
TARGET.20.PAWNHU.09A,CD33,6.041463051952842,CD33,clinical
TARGET.20.PASGCE.09A,CD33,5.7650115084638385,CD33,clinical
TARGET.20.PANUTX.09A,CD33,5.946368353143684,CD33,clinical
TARGET.20.PAVSSE.09A,CD33,5.975136772745445,CD33,clinical
TARGET.20.PAXJPP.09A,CD33,6.255725477150305,CD33,clinical
TARGET.20.PAKERZ.09A,CD33,4.01056580914135,CD33,clinical
TARGET.20.PASFEW.09A,CD33,8.111074006198027,CD33,clinical
TARGET.20.PARBFJ.09A,CD33,7.816345335664765,CD33,clinical
TARGET.20.PAVUPX.09A,CD33,5.298048000671224,CD33,clinical
TARGET.20.PASILA.09A,CD33,0.6513270353860559,CD33,clinical
TARGET.20.PAWRGZ.09A,CD33,5.78991345727874,CD33,clinical
TARGET.20.PAVEDT.09A,CD33,3.887827260238376,CD33,clinical
TARGET.20.PAXFHW.09A,CD33,5.454845712968667,CD33,clinical
TARGET.20.PATJCR.09A,CD33,6.1681373124964605,CD33,clinical
TARGET.20.PAVAKA.09A,CD33,4.240837849699469,CD33,clinical
TARGET.20.PANLJN.09A,CD33,5.989731339472456,CD33,clinical
TARGET.20.PAUUTI.09A,CD33,6.923243403247452,CD33,clinical
TARGET.20.PAXBEF.09A,CD33,3.639388669758944,CD33,clinical
TARGET.20.PAWRSU.09A,CD33,5.451732558168521,CD33,clinical
TARGET.20.PAWPBT.09A,CD33,6.052960762399047,CD33,clinical
TARGET.20.PATZVF.09A,CD33,5.750429958152771,CD33,clinical
TARGET.20.PAWFMF.09A,CD33,4.643638334774962,CD33,clinical
TARGET.20.PAUUXA.09A,CD33,4.975715652290628,CD33,clinical
TARGET.20.PAVUBN.09A,CD33,4.866537806125559,CD33,clinical
TARGET.20.PASPFE.09A,CD33,6.351033876310582,CD33,clinical
TARGET.20.PARYVW.09A,CD33,6.734572194281568,CD33,clinical
TARGET.20.PAXCYN.09A,CD33,6.2304435578556605,CD33,clinical
TARGET.20.PAVALI.09A,CD33,4.116937936090854,CD33,clinical
TARGET.20.PAWEBG.09A,CD33,5.903700109687033,CD33,clinical
TARGET.20.PAPAPD.09A,CD33,6.4492471613588425,CD33,clinical
TARGET.20.PAUWUZ.09A,CD33,7.314608809533764,CD33,clinical
TARGET.20.PAUWRZ.09A,CD33,5.207482790907201,CD33,clinical
TARGET.21.PASDXR.09A,CD33,6.128513128581822,CD33,clinical
TARGET.20.PAUYCB.09A,CD33,2.226514117376862,CD33,clinical
TARGET.20.PAVWBB.09A,CD33,3.244211775842761,CD33,clinical
TARGET.20.PASPSV.09A,CD33,4.924490661425847,CD33,clinical
TARGET.20.PAXGTM.09A,CD33,6.212817861248462,CD33,clinical
TARGET.20.PAUYCA.09A,CD33,5.738597213953974,CD33,clinical
TARGET.20.PAXBXI.09A,CD33,6.946315224366436,CD33,clinical
TARGET.20.PAWMKP.09A,CD33,4.540375312921444,CD33,clinical
TARGET.21.PASFJJ.09A,CD33,5.085714710553726,CD33,clinical
TARGET.20.PASWAJ.09A,CD33,5.936212021248977,CD33,clinical
TARGET.20.PAWUUE.09A,CD33,4.511253028587911,CD33,clinical
TARGET.20.PAPZIZ.09A,CD33,6.318893190340056,CD33,clinical
TARGET.20.PAWLYM.09A,CD33,5.605792125527115,CD33,clinical
TARGET.20.PAWHFW.09A,CD33,5.231970974300872,CD33,clinical
TARGET.20.PAWMNN.09A,CD33,6.207226091196894,CD33,clinical
TARGET.20.PAUWYR.09A,CD33,5.203292723460244,CD33,clinical
TARGET.20.PAWJJY.09A,CD33,1.430382798694704,CD33,clinical
TARGET.20.PAWMGT.09A,CD33,6.41009572470087,CD33,clinical
TARGET.20.PAVSVU.09A,CD33,4.9733337411595375,CD33,clinical
TARGET.20.PAVBFN.09A,CD33,4.911704828197515,CD33,clinical
TARGET.20.PASELF.09A,CD33,5.076730289766108,CD33,clinical
TARGET.21.PASFHK.09A,CD33,5.262437139645806,CD33,clinical
TARGET.20.PAXDDY.09A,CD33,3.3738361160813892,CD33,clinical
TARGET.20.PARXEC.09A,CD33,7.015507911309218,CD33,clinical
TARGET.20.PAVTLN.09A,CD33,6.350816006276192,CD33,clinical
TARGET.20.PAVAYD.09A,CD33,6.548269711949924,CD33,clinical
TARGET.20.PAVBZM.09A,CD33,2.901324261523132,CD33,clinical
TARGET.20.PASEYM.09A,CD33,5.7026207505966395,CD33,clinical
TARGET.20.PAPAJE.09A,CD33,5.869771056872423,CD33,clinical
TARGET.20.PAWEVC.09A,CD33,3.3323647512785977,CD33,clinical
TARGET.20.PASFVP.09A,CD33,4.78994048664354,CD33,clinical
TARGET.20.PASLMR.09A,CD33,6.8552660480698675,CD33,clinical
TARGET.20.PAUYNI.09A,CD33,4.966053581512458,CD33,clinical
TARGET.20.PAVDFC.09A,CD33,5.367058906857144,CD33,clinical
TARGET.20.PAVTMY.09A,CD33,5.026521883521779,CD33,clinical
TARGET.20.PASWLN.09A,CD33,4.939755064630657,CD33,clinical
TARGET.20.PAULSL.09A,CD33,5.478906601502455,CD33,clinical
TARGET.20.PATBFL.09A,CD33,6.881723236103965,CD33,clinical
TARGET.20.PASGZS.09A,CD33,6.2738687204250585,CD33,clinical
TARGET.20.PAVTDW.09A,CD33,5.757324387444191,CD33,clinical
TARGET.20.PAXCWR.09A,CD33,5.513563688518558,CD33,clinical
TARGET.20.PAUBKI.09A,CD33,4.857300822339339,CD33,clinical
TARGET.20.PAXKAI.09A,CD33,7.123962543458716,CD33,clinical
TARGET.20.PAPVZK.09A,CD33,6.602487352243252,CD33,clinical
TARGET.20.PAUMGZ.09A,CD33,4.077298683494398,CD33,clinical
TARGET.20.PASWTY.09A,CD33,6.44071807258632,CD33,clinical
TARGET.20.PANJTK.09A,CD33,3.08202179042144,CD33,clinical
TARGET.20.PAXARD.09A,CD33,5.079913931482106,CD33,clinical
TARGET.20.PAVPFR.09A,CD33,3.248668455716122,CD33,clinical
TARGET.20.PAVYPX.09A,CD33,3.7647228111979696,CD33,clinical
TARGET.20.PAXMFG.09A,CD33,4.304962472610741,CD33,clinical
TARGET.20.PALNAT.09A,CD33,4.327447092455461,CD33,clinical
TARGET.20.PANDER.09A,CD33,4.10900963345432,CD33,clinical
TARGET.20.PAXLDI.09A,CD33,4.529111056615852,CD33,clinical
TARGET.20.PASSLT.09A,CD33,6.318770365938772,CD33,clinical
TARGET.20.PAWMDY.09A,CD33,3.381582616566985,CD33,clinical
TARGET.20.PAWYRT.09A,CD33,6.457494818709155,CD33,clinical
TARGET.20.PAWGKS.09A,CD33,7.311830214792807,CD33,clinical
TARGET.20.PATGRR.09A,CD33,4.259431382447002,CD33,clinical
TARGET.20.PAVJRF.09A,CD33,6.781581456489615,CD33,clinical
TARGET.20.PAXIHA.09A,CD33,5.736334258377583,CD33,clinical
TARGET.20.PAUWFM.09A,CD33,4.799720743027646,CD33,clinical
TARGET.20.PARCUK.09A,CD33,8.524718309149419,CD33,clinical
TARGET.20.PAVKAH.09A,CD33,6.137540775104098,CD33,clinical
TARGET.20.PAUYZY.09A,CD33,4.3664519191304985,CD33,clinical
TARGET.20.PARMME.09A,CD33,6.157569602274819,CD33,clinical
TARGET.20.PASVVS.09A,CD33,6.725312083904438,CD33,clinical
TARGET.20.PAXGXR.09A,CD33,3.716314970986636,CD33,clinical
TARGET.20.PAXANS.09A,CD33,6.881871018514948,CD33,clinical
TARGET.20.PAWHAX.09A,CD33,4.730384281499684,CD33,clinical
TARGET.20.PAVXZL.09A,CD33,7.137370144167826,CD33,clinical
TARGET.20.PASPLU.09A,CD33,7.783194954469165,CD33,clinical
TARGET.20.PAUXKD.09A,CD33,4.874342437469011,CD33,clinical
TARGET.20.PAVWZV.09A,CD33,6.093951141382685,CD33,clinical
TARGET.20.PANKNB.09A,CD33,7.623468071454198,CD33,clinical
TARGET.20.PAVTXM.09A,CD33,5.910607987525263,CD33,clinical
TARGET.20.PAXBNE.09A,CD33,6.047738782078004,CD33,clinical
TARGET.20.PAXBLW.09A,CD33,5.687686637886459,CD33,clinical
TARGET.20.PAWZZN.09A,CD33,5.49494842679116,CD33,clinical
TARGET.20.PAVLAE.09A,CD33,7.125448951670888,CD33,clinical
TARGET.20.PAWIVB.09A,CD33,7.186882335515743,CD33,clinical
TARGET.20.PAWPCN.09A,CD33,6.7589823150893595,CD33,clinical
TARGET.20.PAXCPM.09A,CD33,6.320888199120681,CD33,clinical
TARGET.20.PAUXLK.09A,CD33,6.66011943194281,CD33,clinical
TARGET.20.PAVZBG.09A,CD33,7.154823716426581,CD33,clinical
TARGET.20.PAVPCA.09A,CD33,6.764947221264549,CD33,clinical
TARGET.20.PAUHTE.09A,CD33,4.720908273061732,CD33,clinical
TARGET.21.PARLSL.09A,CD33,6.052355700851417,CD33,clinical
TARGET.20.PAVGIX.09A,CD33,4.967889475157956,CD33,clinical
TARGET.20.PAWMIP.09A,CD33,3.465718700055075,CD33,clinical
TARGET.20.PAEEYP.09A,CD33,6.829612314824588,CD33,clinical
TARGET.20.PAUVBZ.09A,CD33,1.4968122254274512,CD33,clinical
TARGET.20.PAXIIP.09A,CD33,6.663391084300097,CD33,clinical
TARGET.20.PANZKA.09A,CD33,5.435667005411384,CD33,clinical
TARGET.20.PAXARX.09A,CD33,4.755634997035231,CD33,clinical
TARGET.20.PAUMJB.09A,CD33,1.7480545053104457,CD33,clinical
TARGET.20.PATBUK.09A,CD33,5.995280029909616,CD33,clinical
TARGET.20.PAUZSY.09A,CD33,2.29944402064739,CD33,clinical
TARGET.20.PASFNP.09A,CD33,4.357100487905821,CD33,clinical
TARGET.20.PAVIDK.09A,CD33,5.295761237553135,CD33,clinical
TARGET.20.PAXMLW.09A,CD33,5.974579402268954,CD33,clinical
TARGET.20.PATWYU.09A,CD33,6.309807699369625,CD33,clinical
TARGET.20.PASFJB.09A,CD33,5.210302069843708,CD33,clinical
TARGET.20.PAWUAE.09A,CD33,5.703809823758787,CD33,clinical
TARGET.21.PASSLT.09A,CD33,5.9375730544493015,CD33,clinical
TARGET.20.PAUJNJ.09A,CD33,6.0095377343188,CD33,clinical
TARGET.20.PAXEMU.09A,CD33,3.1030518044582123,CD33,clinical
TARGET.20.PAVIXV.09A,CD33,4.410175593428771,CD33,clinical
TARGET.20.PAVNKI.09A,CD33,5.43762309593853,CD33,clinical
TARGET.20.PAVAAM.09A,CD33,5.814317360355903,CD33,clinical
TARGET.20.PANSBH.09A,CD33,4.66012194421606,CD33,clinical
TARGET.20.PAWFFJ.09A,CD33,6.530269911725419,CD33,clinical
TARGET.20.PAUVEF.09A,CD33,6.251092212426845,CD33,clinical
TARGET.20.PAWEYY.09A,CD33,5.017738584086392,CD33,clinical
TARGET.20.PAWNAP.09A,CD33,5.526204404924374,CD33,clinical
TARGET.20.PAXFWY.09A,CD33,7.2241596384164035,CD33,clinical
TARGET.20.PAWLKE.09A,CD33,5.525991414219707,CD33,clinical
TARGET.20.PASZZE.09A,CD33,6.223758659216728,CD33,clinical
TARGET.21.PASYWA.09A,CD33,3.3318016055548565,CD33,clinical
TARGET.20.PAUBLN.09A,CD33,5.3232777413725145,CD33,clinical
TARGET.20.PAWPDC.09A,CD33,4.3987665470298865,CD33,clinical
TARGET.20.PASRTP.09A,CD33,6.42039651530725,CD33,clinical
TARGET.20.PAWLHJ.09A,CD33,6.170128764823605,CD33,clinical
TARGET.20.PARWXS.09A,CD33,6.081672425795285,CD33,clinical
TARGET.20.PAXLEE.09A,CD33,6.14037733073095,CD33,clinical
TARGET.20.PATVRA.09A,CD33,5.523469303808071,CD33,clinical
TARGET.20.PASSSI.09A,CD33,6.712338044521412,CD33,clinical
TARGET.20.PAUMZV.09A,CD33,5.861262553375821,CD33,clinical
TARGET.20.PAXFEE.09A,CD33,6.042698780542559,CD33,clinical
TARGET.20.PAWNPU.09A,CD33,2.334504321718531,CD33,clinical
TARGET.20.PAECCE.09A,CD33,6.869103201572946,CD33,clinical
TARGET.20.PAVSHX.09A,CD33,5.688611126546706,CD33,clinical
TARGET.20.PAVDDU.09A,CD33,5.5744117158199975,CD33,clinical
TARGET.20.PAUPSX.09A,CD33,7.011117556374632,CD33,clinical
TARGET.20.PARKFB.09A,CD33,6.0897978473908605,CD33,clinical
TARGET.20.PAUIPM.09A,CD33,6.851630568139259,CD33,clinical
TARGET.20.PAXEES.09A,CD33,6.19451361399052,CD33,clinical
TARGET.21.PANVPB.09A,CD33,0.700095569091158,CD33,clinical
TARGET.20.PAUVMN.09A,CD33,7.193608413163635,CD33,clinical
TARGET.20.PATPAC.09A,CD33,5.354987069772081,CD33,clinical
TARGET.20.PAVMPA.09A,CD33,6.907702133418986,CD33,clinical
TARGET.20.PAWGCN.09A,CD33,4.512470259422449,CD33,clinical
TARGET.20.PAUEAN.09A,CD33,6.183692002924271,CD33,clinical
TARGET.21.PARHRS.09A,CD33,4.147584774942168,CD33,clinical
TARGET.20.PAVWVT.09A,CD33,6.962343278701786,CD33,clinical
TARGET.20.PAVJXG.09A,CD33,3.8721317006833953,CD33,clinical
TARGET.20.PAVKBW.09A,CD33,5.446557430626528,CD33,clinical
TARGET.20.PAXIAZ.09A,CD33,4.804653729529924,CD33,clinical
TARGET.20.PASBPK.09A,CD33,6.989170007090306,CD33,clinical
TARGET.20.PAWUMM.09A,CD33,6.327951162435238,CD33,clinical
TARGET.20.PATDHA.09A,CD33,3.3868894836019887,CD33,clinical
TARGET.20.PAVHTL.09A,CD33,4.830113032027899,CD33,clinical
TARGET.20.PAUZAM.09A,CD33,7.787751184841062,CD33,clinical
TARGET.20.PAXHWI.09A,CD33,5.078329457820124,CD33,clinical
TARGET.20.PAUUHV.09A,CD33,6.133789045097193,CD33,clinical
TARGET.20.PAUTKL.09A,CD33,7.006148610757108,CD33,clinical
TARGET.20.PAXBLX.09A,CD33,5.386192872809163,CD33,clinical
TARGET.20.PAWYTW.09A,CD33,5.602369208116187,CD33,clinical
TARGET.20.PAWLAJ.09A,CD33,3.957411832603958,CD33,clinical
TARGET.20.PAUVYC.09A,CD33,6.086960651200586,CD33,clinical
TARGET.20.PARFVC.09A,CD33,4.716711478868426,CD33,clinical
TARGET.20.PASZLJ.09A,CD33,7.591187564008624,CD33,clinical
TARGET.20.PAXDVZ.09A,CD33,4.457171784041694,CD33,clinical
TARGET.20.PAWDEG.09A,CD33,5.135748886823651,CD33,clinical
TARGET.20.PAVALK.09A,CD33,7.064394146086895,CD33,clinical
TARGET.20.PAVZYI.09A,CD33,6.397842500306947,CD33,clinical
TARGET.20.PAXKTY.09A,CD33,4.6104700582421785,CD33,clinical
TARGET.20.PAUUKK.09A,CD33,5.2993917828767705,CD33,clinical
TARGET.20.PAUFUB.09A,CD33,5.3076756619758,CD33,clinical
TARGET.20.PAUMUZ.09A,CD33,4.983833429050163,CD33,clinical
TARGET.20.PAXLXI.09A,CD33,5.672734132073383,CD33,clinical
TARGET.20.PARTYK.09A,CD33,4.356757786974506,CD33,clinical
TARGET.20.PANZXI.09A,CD33,4.675930839778389,CD33,clinical
TARGET.20.PANVGE.09A,CD33,5.730023154154804,CD33,clinical
TARGET.20.PAUZMH.09A,CD33,5.468290009925129,CD33,clinical
TARGET.20.PAWKRF.09A,CD33,6.9915041317284015,CD33,clinical
TARGET.20.PAWUTL.09A,CD33,5.862174470263642,CD33,clinical
TARGET.20.PAVYYR.09A,CD33,6.794668788542482,CD33,clinical
TARGET.20.PAKKBK.09A,CD33,1.9442514159973796,CD33,clinical
TARGET.20.PAVBNV.09A,CD33,1.5260181024613473,CD33,clinical
TARGET.20.PAVDPF.09A,CD33,5.882856852743399,CD33,clinical
TARGET.20.PARHJV.09A,CD33,3.718017211722319,CD33,clinical
TARGET.20.PAVZEC.09A,CD33,6.288576360339992,CD33,clinical
TARGET.20.PAUHFI.09A,CD33,4.076499282947594,CD33,clinical
TARGET.20.PAUMAD.09A,CD33,6.841415305547282,CD33,clinical
TARGET.20.PAXGVH.09A,CD33,7.268008667525729,CD33,clinical
TARGET.20.PAVIYS.09A,CD33,2.8356411259234404,CD33,clinical
TARGET.20.PAVXME.09A,CD33,5.2083647523981,CD33,clinical
TARGET.20.PAVRTN.09A,CD33,4.994919409649536,CD33,clinical
TARGET.20.PAUVAT.09A,CD33,6.358197156090477,CD33,clinical
TARGET.20.PAWACC.09A,CD33,6.898663829260761,CD33,clinical
TARGET.20.PAVWXI.09A,CD33,5.570277178384236,CD33,clinical
TARGET.20.PAXMPG.09A,CD33,7.04710631736479,CD33,clinical
TARGET.20.PAVUZN.09A,CD33,5.719971692004809,CD33,clinical
TARGET.20.PAUWNT.09A,CD33,4.650164078618891,CD33,clinical
TARGET.20.PASIEP.09A,CD33,6.788984933057669,CD33,clinical
TARGET.20.PAVDVV.09A,CD33,5.468065552388117,CD33,clinical
TARGET.20.PATDDA.09A,CD33,5.66312669609817,CD33,clinical
TARGET.20.PAUULL.09A,CD33,6.087454776771326,CD33,clinical
TARGET.20.PAXIDA.09A,CD33,5.382256293310425,CD33,clinical
TARGET.20.PAWKPU.09A,CD33,5.635344842917805,CD33,clinical
TARGET.20.PAXKES.09A,CD33,6.657566346306551,CD33,clinical
TARGET.20.PAVFPR.09A,CD33,6.2930881881373635,CD33,clinical
TARGET.20.PAVPVK.09A,CD33,5.8058477110123015,CD33,clinical
TARGET.20.PAXMNG.09A,CD33,6.051151346140148,CD33,clinical
TARGET.20.PAXKXS.09A,CD33,4.160554045771623,CD33,clinical
TARGET.20.PAVKJV.09A,CD33,5.381413164943371,CD33,clinical
TARGET.20.PAULCA.09A,CD33,3.495740718087214,CD33,clinical
TARGET.20.PAXLFG.09A,CD33,1.9946855369889904,CD33,clinical
TARGET.20.PASEGC.09A,CD33,5.849851882858042,CD33,clinical
TARGET.20.PAUPXH.09A,CD33,5.763397397895051,CD33,clinical
TARGET.20.PAUTDY.09A,CD33,5.491209693868154,CD33,clinical
TARGET.20.PAWTSD.09A,CD33,6.109188199227841,CD33,clinical
TARGET.20.PAVUVI.09A,CD33,6.407145314762022,CD33,clinical
TARGET.20.PASAFM.09A,CD33,5.71589640805912,CD33,clinical
TARGET.20.PASFHK.09A,CD33,5.818220862407626,CD33,clinical
TARGET.20.PAVLWY.09A,CD33,6.36884953336075,CD33,clinical
TARGET.20.PAVCNU.09A,CD33,4.8532277181095616,CD33,clinical
TARGET.20.PAVHUF.09A,CD33,7.049338931978826,CD33,clinical
TARGET.20.PARLVL.09A,CD33,1.189913194716113,CD33,clinical
TARGET.20.PAUSBP.09A,CD33,6.162563965417946,CD33,clinical
TARGET.20.PAWTPD.09A,CD33,5.124855244645668,CD33,clinical
TARGET.20.PAVJVS.09A,CD33,6.576675216313616,CD33,clinical
TARGET.20.PATJVL.09A,IL3RA,6.1697430335574746,CD123,clinical
TARGET.20.PAWWEE.09A,IL3RA,6.082142965317979,CD123,clinical
TARGET.20.PARCEV.09A,IL3RA,6.443573770697662,CD123,clinical
TARGET.20.PASCCS.09A,IL3RA,6.023261324198713,CD123,clinical
TARGET.20.PAEIKD.09A,IL3RA,5.5967941158146655,CD123,clinical
TARGET.20.PAWNBB.09A,IL3RA,5.705344100735721,CD123,clinical
TARGET.20.PARTYV.09A,IL3RA,4.7808300249084335,CD123,clinical
TARGET.20.PAVAGA.09A,IL3RA,6.991766082079288,CD123,clinical
TARGET.20.PAWJGZ.09A,IL3RA,5.714978369367395,CD123,clinical
TARGET.20.PARERV.09A,IL3RA,3.7960075117889738,CD123,clinical
TARGET.20.PAUYIB.09A,IL3RA,6.477329554684957,CD123,clinical
TARGET.20.PAUZJJ.09A,IL3RA,4.8779059002592815,CD123,clinical
TARGET.20.PAVHFP.09A,IL3RA,5.071889888555236,CD123,clinical
TARGET.20.PANTRL.09A,IL3RA,4.032944011018048,CD123,clinical
TARGET.20.PAURYA.09A,IL3RA,5.800976540085253,CD123,clinical
TARGET.20.PASBHI.09A,IL3RA,4.888986543447884,CD123,clinical
TARGET.20.PAWVVR.09A,IL3RA,4.940652028542081,CD123,clinical
TARGET.20.PAWZWN.09A,IL3RA,4.730224213288534,CD123,clinical
TARGET.20.PASVYL.09A,IL3RA,5.500670831491313,CD123,clinical
TARGET.20.PARJCR.09A,IL3RA,6.110354478300262,CD123,clinical
TARGET.20.PATAPC.09A,IL3RA,6.662589532528477,CD123,clinical
TARGET.20.PAVNVF.09A,IL3RA,4.426084865093049,CD123,clinical
TARGET.20.PAXAAA.09A,IL3RA,6.458939587446234,CD123,clinical
TARGET.20.PAXDSN.09A,IL3RA,6.762118215749778,CD123,clinical
TARGET.20.PASSPT.09A,IL3RA,5.764616229449533,CD123,clinical
TARGET.20.PAVACZ.09A,IL3RA,6.281197374680226,CD123,clinical
TARGET.20.PAWGTG.09A,IL3RA,5.591316717501055,CD123,clinical
TARGET.20.PASGGK.09A,IL3RA,5.7453450033649895,CD123,clinical
TARGET.20.PANGJY.09A,IL3RA,5.202088135887276,CD123,clinical
TARGET.20.PAXLHS.09A,IL3RA,5.2988804489958,CD123,clinical
TARGET.20.PAXETC.09A,IL3RA,5.425206993101196,CD123,clinical
TARGET.20.PARMZF.09A,IL3RA,6.672942485238614,CD123,clinical
TARGET.20.PASBPW.09A,IL3RA,5.21475152081972,CD123,clinical
TARGET.20.PAVZNG.09A,IL3RA,5.332822099901214,CD123,clinical
TARGET.20.PAVPMJ.09A,IL3RA,5.455125265923396,CD123,clinical
TARGET.20.PAWSKR.09A,IL3RA,5.6960152281913,CD123,clinical
TARGET.20.PAULWG.09A,IL3RA,5.90839501250192,CD123,clinical
TARGET.20.PAWNGI.09A,IL3RA,6.117263278373513,CD123,clinical
TARGET.20.PAVTRU.09A,IL3RA,6.742639619540282,CD123,clinical
TARGET.21.PATISD.09A,IL3RA,5.259239626027689,CD123,clinical
TARGET.20.PAWTWW.09A,IL3RA,5.058118167626276,CD123,clinical
TARGET.20.PAVSIZ.09A,IL3RA,4.495091036789,CD123,clinical
TARGET.20.PARUWX.09A,IL3RA,7.17003482415194,CD123,clinical
TARGET.21.PAMYMA.09A,IL3RA,5.705849116332841,CD123,clinical
TARGET.20.PAWFBA.09A,IL3RA,6.173178652075244,CD123,clinical
TARGET.20.PARDDA.09A,IL3RA,3.6779339032402216,CD123,clinical
TARGET.20.PABLDZ.09A,IL3RA,4.054319215632953,CD123,clinical
TARGET.20.PARENB.09A,IL3RA,3.807191513355025,CD123,clinical
TARGET.20.PARXZP.09A,IL3RA,5.490816175575758,CD123,clinical
TARGET.20.PAUSMT.09A,IL3RA,6.120057064742862,CD123,clinical
TARGET.20.PAXJNP.09A,IL3RA,6.48427744626705,CD123,clinical
TARGET.20.PAULIY.09A,IL3RA,5.555666765034752,CD123,clinical
TARGET.20.PAUVSU.09A,IL3RA,6.3819805706043615,CD123,clinical
TARGET.20.PANVBP.09A,IL3RA,4.767341271908003,CD123,clinical
TARGET.20.PAWRNZ.09A,IL3RA,6.018131692904755,CD123,clinical
TARGET.20.PARBIU.09A,IL3RA,6.043315114241682,CD123,clinical
TARGET.20.PAEAFC.09A,IL3RA,6.239784829199865,CD123,clinical
TARGET.20.PAWVNC.09A,IL3RA,5.1069148619440305,CD123,clinical
TARGET.20.PAUWEW.09A,IL3RA,6.386688980208242,CD123,clinical
TARGET.20.PAWYEK.09A,IL3RA,5.635506963057016,CD123,clinical
TARGET.20.PAXMPW.09A,IL3RA,5.483452226584969,CD123,clinical
TARGET.20.PAUVWF.09A,IL3RA,6.145779556930125,CD123,clinical
TARGET.20.PAXGPE.09A,IL3RA,5.8027419001721725,CD123,clinical
TARGET.20.PAWDTX.09A,IL3RA,5.824572415408444,CD123,clinical
TARGET.20.PAVUAP.09A,IL3RA,6.543592009871812,CD123,clinical
TARGET.20.PAXKAL.09A,IL3RA,5.780754397433669,CD123,clinical
TARGET.20.PAVDBD.09A,IL3RA,6.976521866155135,CD123,clinical
TARGET.20.PAUSZL.09A,IL3RA,5.805188185101988,CD123,clinical
TARGET.20.PAVPJM.09A,IL3RA,6.561320886857633,CD123,clinical
TARGET.20.PAVKEX.09A,IL3RA,6.70088942420458,CD123,clinical
TARGET.20.PARYEB.09A,IL3RA,5.7895239154335725,CD123,clinical
TARGET.20.PAWXSL.09A,IL3RA,6.634291860206579,CD123,clinical
TARGET.20.PAWVCG.09A,IL3RA,6.900001590101213,CD123,clinical
TARGET.20.PAVTWM.09A,IL3RA,6.221089103418388,CD123,clinical
TARGET.20.PAVHWT.09A,IL3RA,6.289834494018965,CD123,clinical
TARGET.20.PARUUB.09A,IL3RA,3.9167476663276126,CD123,clinical
TARGET.20.PAURPD.09A,IL3RA,6.0771042287984525,CD123,clinical
TARGET.20.PARUNX.09A,IL3RA,4.6539794749883345,CD123,clinical
TARGET.20.PASDGX.09A,IL3RA,6.133943863087413,CD123,clinical
TARGET.20.PAVDZK.09A,IL3RA,6.047947902868251,CD123,clinical
TARGET.20.PANUTB.09A,IL3RA,5.965738632353383,CD123,clinical
TARGET.20.PAXMKU.09A,IL3RA,5.673029892432015,CD123,clinical
TARGET.20.PAERAH.09A,IL3RA,5.034449731568231,CD123,clinical
TARGET.20.PAUDNA.09A,IL3RA,6.147369011865115,CD123,clinical
TARGET.20.PAVMED.09A,IL3RA,6.495487048372933,CD123,clinical
TARGET.20.PANTIV.09A,IL3RA,6.726191250747262,CD123,clinical
TARGET.20.PAWVGN.09A,IL3RA,6.61684335067828,CD123,clinical
TARGET.20.PAWKUR.09A,IL3RA,5.964505328538165,CD123,clinical
TARGET.20.PAWPMA.09A,IL3RA,5.553822405144178,CD123,clinical
TARGET.20.PAVGXF.09A,IL3RA,6.864259970249222,CD123,clinical
TARGET.20.PAXKKE.09A,IL3RA,6.785609193380298,CD123,clinical
TARGET.20.PARHVK.09A,IL3RA,5.768193700461231,CD123,clinical
TARGET.20.PAVFYL.09A,IL3RA,5.159877925118039,CD123,clinical
TARGET.21.PANZLR.09A,IL3RA,6.533863363256104,CD123,clinical
TARGET.20.PAWIHN.09A,IL3RA,5.697081433437803,CD123,clinical
TARGET.20.PAWSWR.09A,IL3RA,4.837444264637758,CD123,clinical
TARGET.20.PAXMLN.09A,IL3RA,6.174822608026996,CD123,clinical
TARGET.20.PAWJPN.09A,IL3RA,6.058063338350047,CD123,clinical
TARGET.20.PAVVAB.09A,IL3RA,6.285761764630385,CD123,clinical
TARGET.20.PAWHJI.09A,IL3RA,6.562275095774306,CD123,clinical
TARGET.20.PAVXUR.09A,IL3RA,5.845752844582804,CD123,clinical
TARGET.20.PAVUHF.09A,IL3RA,5.967750068285218,CD123,clinical
TARGET.20.PANLIZ.09A,IL3RA,5.216400063248108,CD123,clinical
TARGET.20.PAVHXU.09A,IL3RA,5.575687180994751,CD123,clinical
TARGET.20.PAXBSE.09A,IL3RA,5.612599157729251,CD123,clinical
TARGET.20.PARBXE.09A,IL3RA,5.460969892077406,CD123,clinical
TARGET.20.PAWUWJ.09A,IL3RA,5.194946425139273,CD123,clinical
TARGET.20.PAVDHJ.09A,IL3RA,5.673349298234261,CD123,clinical
TARGET.20.PANINI.09A,IL3RA,3.990060101223133,CD123,clinical
TARGET.20.PATMXW.09A,IL3RA,6.656621619073876,CD123,clinical
TARGET.20.PAXCZX.09A,IL3RA,5.900103172128626,CD123,clinical
TARGET.20.PAXCVR.09A,IL3RA,6.789838928972318,CD123,clinical
TARGET.20.PAVDBK.09A,IL3RA,6.4397113555626,CD123,clinical
TARGET.20.PAUJCF.09A,IL3RA,5.50714964611104,CD123,clinical
TARGET.20.PAXGIX.09A,IL3RA,5.91399676028698,CD123,clinical
TARGET.20.PASIZX.09A,IL3RA,6.390023226798782,CD123,clinical
TARGET.20.PAWLEB.09A,IL3RA,4.217131931322307,CD123,clinical
TARGET.20.PAVNIX.09A,IL3RA,6.277714395480583,CD123,clinical
TARGET.20.PAWWLI.09A,IL3RA,6.458430016623666,CD123,clinical
TARGET.20.PAVULK.09A,IL3RA,5.422248495780792,CD123,clinical
TARGET.20.PAWIXW.09A,IL3RA,5.581172115917184,CD123,clinical
TARGET.20.PAXIFA.09A,IL3RA,6.422950219612601,CD123,clinical
TARGET.20.PAUMTZ.09A,IL3RA,6.30443449042374,CD123,clinical
TARGET.20.PAXDBF.09A,IL3RA,6.159553862323774,CD123,clinical
TARGET.20.PAVKVT.09A,IL3RA,6.312806261356462,CD123,clinical
TARGET.20.PANFMG.09A,IL3RA,5.170029803966109,CD123,clinical
TARGET.20.PARZUU.09A,IL3RA,5.039074028695959,CD123,clinical
TARGET.20.PAVANX.09A,IL3RA,5.458376888498675,CD123,clinical
TARGET.20.PAWPVX.09A,IL3RA,6.1002928780449555,CD123,clinical
TARGET.20.PAVDYE.09A,IL3RA,6.4028012672616255,CD123,clinical
TARGET.20.PAXLXJ.09A,IL3RA,6.184693014923073,CD123,clinical
TARGET.20.PAUYHR.09A,IL3RA,7.274862092006099,CD123,clinical
TARGET.20.PARDDY.09A,IL3RA,3.547071760563586,CD123,clinical
TARGET.20.PANXPU.09A,IL3RA,5.852059314208308,CD123,clinical
TARGET.20.PAVJCJ.09A,IL3RA,6.344291218605247,CD123,clinical
TARGET.20.PAXGHE.09A,IL3RA,5.704956590439445,CD123,clinical
TARGET.20.PAWBYK.09A,IL3RA,6.025734789009668,CD123,clinical
TARGET.20.PAWRKX.09A,IL3RA,6.2800101003808635,CD123,clinical
TARGET.20.PATDNN.09A,IL3RA,6.142283359222339,CD123,clinical
TARGET.20.PAVZIB.09A,IL3RA,4.614593050719246,CD123,clinical
TARGET.20.PAUVGD.09A,IL3RA,6.206106446487359,CD123,clinical
TARGET.20.PAXEHH.09A,IL3RA,6.429369973737108,CD123,clinical
TARGET.20.PANGTF.09A,IL3RA,3.949498771376309,CD123,clinical
TARGET.20.PAVNHN.09A,IL3RA,7.760053058619355,CD123,clinical
TARGET.20.PANGDN.09A,IL3RA,5.175680566944365,CD123,clinical
TARGET.20.PAVPMH.09A,IL3RA,4.61090868774247,CD123,clinical
TARGET.20.PAVDNF.09A,IL3RA,6.02501373803112,CD123,clinical
TARGET.20.PARCHW.09A,IL3RA,6.301550588981604,CD123,clinical
TARGET.20.PAXACY.09A,IL3RA,6.541031167982009,CD123,clinical
TARGET.20.PAWYNR.09A,IL3RA,5.135384859898019,CD123,clinical
TARGET.20.PAXLJV.09A,IL3RA,5.374846555558089,CD123,clinical
TARGET.20.PAUYAE.09A,IL3RA,5.568878429555191,CD123,clinical
TARGET.20.PAWBDK.09A,IL3RA,6.257791275941484,CD123,clinical
TARGET.20.PASTTW.09A,IL3RA,5.413142633475283,CD123,clinical
TARGET.20.PARXVI.09A,IL3RA,5.463967092646351,CD123,clinical
TARGET.20.PAWKYG.09A,IL3RA,6.1987521830024574,CD123,clinical
TARGET.20.PAVPLM.09A,IL3RA,5.4532874300251315,CD123,clinical
TARGET.20.PANXWX.09A,IL3RA,4.5896117646118695,CD123,clinical
TARGET.20.PAUNBR.09A,IL3RA,4.935485169213618,CD123,clinical
TARGET.20.PAVANE.09A,IL3RA,5.788019274978811,CD123,clinical
TARGET.20.PARKCX.09A,IL3RA,5.474393175479353,CD123,clinical
TARGET.20.PARJWH.09A,IL3RA,4.829814923428733,CD123,clinical
TARGET.20.PATSSY.09A,IL3RA,6.763872550724737,CD123,clinical
TARGET.20.PAWMII.09A,IL3RA,6.487570511888458,CD123,clinical
TARGET.20.PAVDBT.09A,IL3RA,6.270767940364662,CD123,clinical
TARGET.20.PAEFHC.09A,IL3RA,5.278635865557807,CD123,clinical
TARGET.20.PAXGSJ.09A,IL3RA,6.856677982309926,CD123,clinical
TARGET.20.PAVNAZ.09A,IL3RA,6.420582380875701,CD123,clinical
TARGET.20.PAUHGM.09A,IL3RA,6.404929792189049,CD123,clinical
TARGET.20.PAUJBK.09A,IL3RA,6.219297715234967,CD123,clinical
TARGET.20.PALBYP.09A,IL3RA,5.479197182243744,CD123,clinical
TARGET.20.PAXFAG.09A,IL3RA,6.225842144275487,CD123,clinical
TARGET.20.PANJFJ.09A,IL3RA,3.800108057765717,CD123,clinical
TARGET.20.PAXLMN.09A,IL3RA,5.253795738522152,CD123,clinical
TARGET.20.PAPXWI.09A,IL3RA,6.430224662394997,CD123,clinical
TARGET.20.PAVDXS.09A,IL3RA,5.679694099485261,CD123,clinical
TARGET.20.PAUYHB.09A,IL3RA,5.478096390378208,CD123,clinical
TARGET.20.PASPGA.09A,IL3RA,5.081527988401971,CD123,clinical
TARGET.20.PAUSLS.09A,IL3RA,5.6648191120360565,CD123,clinical
TARGET.20.PAXISI.09A,IL3RA,5.449120674799502,CD123,clinical
TARGET.20.PAWNIX.09A,IL3RA,5.861158660412635,CD123,clinical
TARGET.20.PAXHYG.09A,IL3RA,6.540298084837584,CD123,clinical
TARGET.20.PAUPIY.09A,IL3RA,6.314902824801545,CD123,clinical
TARGET.20.PAWCII.09A,IL3RA,5.686481384252264,CD123,clinical
TARGET.20.PAUUYP.09A,IL3RA,6.189165624938107,CD123,clinical
TARGET.20.PASMGW.09A,IL3RA,5.339858592890788,CD123,clinical
TARGET.20.PAXEWD.09A,IL3RA,6.61125917673642,CD123,clinical
TARGET.20.PAVTKK.09A,IL3RA,5.160625069424366,CD123,clinical
TARGET.20.PANTWV.09A,IL3RA,6.108361995648323,CD123,clinical
TARGET.20.PARZWH.09A,IL3RA,3.816117649967629,CD123,clinical
TARGET.20.PAWLTL.09A,IL3RA,6.69517326757238,CD123,clinical
TARGET.20.PANBZH.09A,IL3RA,5.401405912236857,CD123,clinical
TARGET.20.PAVKNA.09A,IL3RA,5.107060381898218,CD123,clinical
TARGET.20.PAXGDG.09A,IL3RA,6.885864239882724,CD123,clinical
TARGET.20.PAXBAP.09A,IL3RA,6.226874081564801,CD123,clinical
TARGET.20.PAXGNZ.09A,IL3RA,5.739947597445,CD123,clinical
TARGET.20.PAVGYA.09A,IL3RA,4.377102176921952,CD123,clinical
TARGET.20.PARUBT.09A,IL3RA,6.052265155286343,CD123,clinical
TARGET.20.PAWXCK.09A,IL3RA,6.349221012361479,CD123,clinical
TARGET.20.PARLSW.09A,IL3RA,6.259686031808722,CD123,clinical
TARGET.20.PASARK.09A,IL3RA,5.810619382129379,CD123,clinical
TARGET.20.PAWWPA.09A,IL3RA,6.3074014270246614,CD123,clinical
TARGET.20.PAWIEM.09A,IL3RA,5.793143583135621,CD123,clinical
TARGET.20.PAUVBS.09A,IL3RA,6.3712657499224985,CD123,clinical
TARGET.20.PAPZLT.09A,IL3RA,6.9322090550012465,CD123,clinical
TARGET.21.PARNAW.09A,IL3RA,5.433694993415451,CD123,clinical
TARGET.20.PAVFHT.09A,IL3RA,6.781772266195727,CD123,clinical
TARGET.20.PAURJZ.09A,IL3RA,5.213882362329349,CD123,clinical
TARGET.20.PAXFDN.09A,IL3RA,6.068300339592704,CD123,clinical
TARGET.20.PAWUCG.09A,IL3RA,7.57108181609332,CD123,clinical
TARGET.20.PAURMH.09A,IL3RA,5.763438917536912,CD123,clinical
TARGET.20.PANTPW.09A,IL3RA,5.216900373409808,CD123,clinical
TARGET.20.PAUNBY.09A,IL3RA,5.8529891281863025,CD123,clinical
TARGET.20.PASLTF.09A,IL3RA,5.133061317416395,CD123,clinical
TARGET.21.PARBTV.09A,IL3RA,6.243169687142913,CD123,clinical
TARGET.20.PAEAKL.09A,IL3RA,5.637913763564329,CD123,clinical
TARGET.20.PAVZJM.09A,IL3RA,5.465527375794982,CD123,clinical
TARGET.20.PAUWCF.09A,IL3RA,5.496880893143698,CD123,clinical
TARGET.20.PAVNWF.09A,IL3RA,5.41294076633237,CD123,clinical
TARGET.20.PAVWRN.09A,IL3RA,5.472575282186879,CD123,clinical
TARGET.20.PAWNHU.09A,IL3RA,6.136425698663836,CD123,clinical
TARGET.20.PASGCE.09A,IL3RA,6.527321238297869,CD123,clinical
TARGET.20.PANUTX.09A,IL3RA,5.886866967867303,CD123,clinical
TARGET.20.PAVSSE.09A,IL3RA,5.373901849829949,CD123,clinical
TARGET.20.PAXJPP.09A,IL3RA,6.045460958949889,CD123,clinical
TARGET.20.PAKERZ.09A,IL3RA,5.355005289264148,CD123,clinical
TARGET.20.PASFEW.09A,IL3RA,5.5090497308852,CD123,clinical
TARGET.20.PARBFJ.09A,IL3RA,5.980671881488409,CD123,clinical
TARGET.20.PAVUPX.09A,IL3RA,6.5630078445451865,CD123,clinical
TARGET.20.PASILA.09A,IL3RA,5.9571446551684755,CD123,clinical
TARGET.20.PAWRGZ.09A,IL3RA,6.3837144871833305,CD123,clinical
TARGET.20.PAVEDT.09A,IL3RA,7.4493754004831425,CD123,clinical
TARGET.20.PAXFHW.09A,IL3RA,5.721286838264703,CD123,clinical
TARGET.20.PATJCR.09A,IL3RA,6.996015223976712,CD123,clinical
TARGET.20.PAVAKA.09A,IL3RA,6.082434403559425,CD123,clinical
TARGET.20.PANLJN.09A,IL3RA,4.470538540009984,CD123,clinical
TARGET.20.PAUUTI.09A,IL3RA,4.893970013255982,CD123,clinical
TARGET.20.PAXBEF.09A,IL3RA,6.249495906991862,CD123,clinical
TARGET.20.PAWRSU.09A,IL3RA,5.85146934738803,CD123,clinical
TARGET.20.PAWPBT.09A,IL3RA,6.142374856411806,CD123,clinical
TARGET.20.PATZVF.09A,IL3RA,6.566822700811066,CD123,clinical
TARGET.20.PAWFMF.09A,IL3RA,4.769334276890788,CD123,clinical
TARGET.20.PAUUXA.09A,IL3RA,5.227426529022474,CD123,clinical
TARGET.20.PAVUBN.09A,IL3RA,5.97814307926358,CD123,clinical
TARGET.20.PASPFE.09A,IL3RA,5.554603708610872,CD123,clinical
TARGET.20.PARYVW.09A,IL3RA,4.827061720333446,CD123,clinical
TARGET.20.PAXCYN.09A,IL3RA,6.555387350493425,CD123,clinical
TARGET.20.PAVALI.09A,IL3RA,6.998520467941942,CD123,clinical
TARGET.20.PAWEBG.09A,IL3RA,7.157628394824826,CD123,clinical
TARGET.20.PAPAPD.09A,IL3RA,5.433149217896455,CD123,clinical
TARGET.20.PAUWUZ.09A,IL3RA,6.202579650623072,CD123,clinical
TARGET.20.PAUWRZ.09A,IL3RA,6.561364289601125,CD123,clinical
TARGET.21.PASDXR.09A,IL3RA,6.969560415165872,CD123,clinical
TARGET.20.PAUYCB.09A,IL3RA,4.8132359957209125,CD123,clinical
TARGET.20.PAVWBB.09A,IL3RA,6.093986723686474,CD123,clinical
TARGET.20.PASPSV.09A,IL3RA,4.041484298877462,CD123,clinical
TARGET.20.PAXGTM.09A,IL3RA,6.620945918817114,CD123,clinical
TARGET.20.PAUYCA.09A,IL3RA,5.869135060343752,CD123,clinical
TARGET.20.PAXBXI.09A,IL3RA,6.91746059326623,CD123,clinical
TARGET.20.PAWMKP.09A,IL3RA,5.173714295072626,CD123,clinical
TARGET.21.PASFJJ.09A,IL3RA,5.9973238693727895,CD123,clinical
TARGET.20.PASWAJ.09A,IL3RA,5.195782140577588,CD123,clinical
TARGET.20.PAWUUE.09A,IL3RA,6.277942228726523,CD123,clinical
TARGET.20.PAPZIZ.09A,IL3RA,5.0186333013875,CD123,clinical
TARGET.20.PAWLYM.09A,IL3RA,6.8529475025375985,CD123,clinical
TARGET.20.PAWHFW.09A,IL3RA,5.966080473923603,CD123,clinical
TARGET.20.PAWMNN.09A,IL3RA,6.229103897888565,CD123,clinical
TARGET.20.PAUWYR.09A,IL3RA,6.664498506611455,CD123,clinical
TARGET.20.PAWJJY.09A,IL3RA,5.019772776693031,CD123,clinical
TARGET.20.PAWMGT.09A,IL3RA,5.512655477709783,CD123,clinical
TARGET.20.PAVSVU.09A,IL3RA,6.135658542582168,CD123,clinical
TARGET.20.PAVBFN.09A,IL3RA,5.77598070953811,CD123,clinical
TARGET.20.PASELF.09A,IL3RA,5.846603389170152,CD123,clinical
TARGET.21.PASFHK.09A,IL3RA,6.109632075874373,CD123,clinical
TARGET.20.PAXDDY.09A,IL3RA,6.37383200023307,CD123,clinical
TARGET.20.PARXEC.09A,IL3RA,6.5065989319734285,CD123,clinical
TARGET.20.PAVTLN.09A,IL3RA,6.782241722166315,CD123,clinical
TARGET.20.PAVAYD.09A,IL3RA,6.457713619478016,CD123,clinical
TARGET.20.PAVBZM.09A,IL3RA,3.862778040840105,CD123,clinical
TARGET.20.PASEYM.09A,IL3RA,3.217705985186858,CD123,clinical
TARGET.20.PAPAJE.09A,IL3RA,5.897374724320034,CD123,clinical
TARGET.20.PAWEVC.09A,IL3RA,6.599321235101843,CD123,clinical
TARGET.20.PASFVP.09A,IL3RA,5.717139626634452,CD123,clinical
TARGET.20.PASLMR.09A,IL3RA,5.41345807947047,CD123,clinical
TARGET.20.PAUYNI.09A,IL3RA,6.364464241137841,CD123,clinical
TARGET.20.PAVDFC.09A,IL3RA,5.215331471467154,CD123,clinical
TARGET.20.PAVTMY.09A,IL3RA,6.43642459719161,CD123,clinical
TARGET.20.PASWLN.09A,IL3RA,6.058392719595002,CD123,clinical
TARGET.20.PAULSL.09A,IL3RA,5.5988556354675145,CD123,clinical
TARGET.20.PATBFL.09A,IL3RA,6.7329012443284935,CD123,clinical
TARGET.20.PASGZS.09A,IL3RA,5.173410009586946,CD123,clinical
TARGET.20.PAVTDW.09A,IL3RA,6.174096672569456,CD123,clinical
TARGET.20.PAXCWR.09A,IL3RA,6.805022600615957,CD123,clinical
TARGET.20.PAUBKI.09A,IL3RA,5.623287541917264,CD123,clinical
TARGET.20.PAXKAI.09A,IL3RA,6.661702289686264,CD123,clinical
TARGET.20.PAPVZK.09A,IL3RA,6.438662463314396,CD123,clinical
TARGET.20.PAUMGZ.09A,IL3RA,6.2336184054695405,CD123,clinical
TARGET.20.PASWTY.09A,IL3RA,6.654245014782667,CD123,clinical
TARGET.20.PANJTK.09A,IL3RA,5.790432699871089,CD123,clinical
TARGET.20.PAXARD.09A,IL3RA,4.996875405646273,CD123,clinical
TARGET.20.PAVPFR.09A,IL3RA,4.953334612237119,CD123,clinical
TARGET.20.PAVYPX.09A,IL3RA,6.434551783411413,CD123,clinical
TARGET.20.PAXMFG.09A,IL3RA,4.677036786782611,CD123,clinical
TARGET.20.PALNAT.09A,IL3RA,3.4090837653411805,CD123,clinical
TARGET.20.PANDER.09A,IL3RA,5.2968190326610145,CD123,clinical
TARGET.20.PAXLDI.09A,IL3RA,5.1841674984626,CD123,clinical
TARGET.20.PASSLT.09A,IL3RA,6.226020324075765,CD123,clinical
TARGET.20.PAWMDY.09A,IL3RA,5.9218497655456135,CD123,clinical
TARGET.20.PAWYRT.09A,IL3RA,6.670852190060568,CD123,clinical
TARGET.20.PAWGKS.09A,IL3RA,5.546832124979826,CD123,clinical
TARGET.20.PATGRR.09A,IL3RA,5.486391584441614,CD123,clinical
TARGET.20.PAVJRF.09A,IL3RA,5.433575353569572,CD123,clinical
TARGET.20.PAXIHA.09A,IL3RA,5.72705196006547,CD123,clinical
TARGET.20.PAUWFM.09A,IL3RA,5.457563566452529,CD123,clinical
TARGET.20.PARCUK.09A,IL3RA,4.396489813024892,CD123,clinical
TARGET.20.PAVKAH.09A,IL3RA,5.4754832011335814,CD123,clinical
TARGET.20.PAUYZY.09A,IL3RA,5.474697689302713,CD123,clinical
TARGET.20.PARMME.09A,IL3RA,5.54250337984434,CD123,clinical
TARGET.20.PASVVS.09A,IL3RA,6.204216946865684,CD123,clinical
TARGET.20.PAXGXR.09A,IL3RA,6.625017887151588,CD123,clinical
TARGET.20.PAXANS.09A,IL3RA,6.732215346400648,CD123,clinical
TARGET.20.PAWHAX.09A,IL3RA,6.138717847823904,CD123,clinical
TARGET.20.PAVXZL.09A,IL3RA,5.77669103033849,CD123,clinical
TARGET.20.PASPLU.09A,IL3RA,5.3729065587842975,CD123,clinical
TARGET.20.PAUXKD.09A,IL3RA,6.263726880730848,CD123,clinical
TARGET.20.PAVWZV.09A,IL3RA,6.090205298119101,CD123,clinical
TARGET.20.PANKNB.09A,IL3RA,6.132166585990278,CD123,clinical
TARGET.20.PAVTXM.09A,IL3RA,5.354880164107998,CD123,clinical
TARGET.20.PAXBNE.09A,IL3RA,5.688896590716407,CD123,clinical
TARGET.20.PAXBLW.09A,IL3RA,6.528369203713656,CD123,clinical
TARGET.20.PAWZZN.09A,IL3RA,6.473371130766357,CD123,clinical
TARGET.20.PAVLAE.09A,IL3RA,6.051156065062778,CD123,clinical
TARGET.20.PAWIVB.09A,IL3RA,6.595291788681578,CD123,clinical
TARGET.20.PAWPCN.09A,IL3RA,6.140270856018835,CD123,clinical
TARGET.20.PAXCPM.09A,IL3RA,6.937614865891446,CD123,clinical
TARGET.20.PAUXLK.09A,IL3RA,5.219976894849064,CD123,clinical
TARGET.20.PAVZBG.09A,IL3RA,6.2137918892338995,CD123,clinical
TARGET.20.PAVPCA.09A,IL3RA,4.989327007927363,CD123,clinical
TARGET.20.PAUHTE.09A,IL3RA,7.387495293555396,CD123,clinical
TARGET.21.PARLSL.09A,IL3RA,5.0438097659418855,CD123,clinical
TARGET.20.PAVGIX.09A,IL3RA,6.491902374063968,CD123,clinical
TARGET.20.PAWMIP.09A,IL3RA,6.4487043356466645,CD123,clinical
TARGET.20.PAEEYP.09A,IL3RA,5.9929937074292985,CD123,clinical
TARGET.20.PAUVBZ.09A,IL3RA,6.802846847806137,CD123,clinical
TARGET.20.PAXIIP.09A,IL3RA,6.074937629698508,CD123,clinical
TARGET.20.PANZKA.09A,IL3RA,3.4054220497898298,CD123,clinical
TARGET.20.PAXARX.09A,IL3RA,6.604113832972665,CD123,clinical
TARGET.20.PAUMJB.09A,IL3RA,5.1290177510098705,CD123,clinical
TARGET.20.PATBUK.09A,IL3RA,6.36772732183852,CD123,clinical
TARGET.20.PAUZSY.09A,IL3RA,5.506016866340305,CD123,clinical
TARGET.20.PASFNP.09A,IL3RA,4.6081096035183835,CD123,clinical
TARGET.20.PAVIDK.09A,IL3RA,6.350609401461237,CD123,clinical
TARGET.20.PAXMLW.09A,IL3RA,6.209227966785499,CD123,clinical
TARGET.20.PATWYU.09A,IL3RA,7.067127423469073,CD123,clinical
TARGET.20.PASFJB.09A,IL3RA,5.518781374257799,CD123,clinical
TARGET.20.PAWUAE.09A,IL3RA,5.99817086048582,CD123,clinical
TARGET.21.PASSLT.09A,IL3RA,6.231250008249538,CD123,clinical
TARGET.20.PAUJNJ.09A,IL3RA,6.265306685461305,CD123,clinical
TARGET.20.PAXEMU.09A,IL3RA,4.366830996244001,CD123,clinical
TARGET.20.PAVIXV.09A,IL3RA,6.343856760623487,CD123,clinical
TARGET.20.PAVNKI.09A,IL3RA,6.400619960347729,CD123,clinical
TARGET.20.PAVAAM.09A,IL3RA,6.086193920179816,CD123,clinical
TARGET.20.PANSBH.09A,IL3RA,6.158085354266726,CD123,clinical
TARGET.20.PAWFFJ.09A,IL3RA,5.7071620629198,CD123,clinical
TARGET.20.PAUVEF.09A,IL3RA,6.6560112752584555,CD123,clinical
TARGET.20.PAWEYY.09A,IL3RA,5.799754834279978,CD123,clinical
TARGET.20.PAWNAP.09A,IL3RA,5.655115689612581,CD123,clinical
TARGET.20.PAXFWY.09A,IL3RA,7.107913522810614,CD123,clinical
TARGET.20.PAWLKE.09A,IL3RA,6.28962886846816,CD123,clinical
TARGET.20.PASZZE.09A,IL3RA,5.18373046911652,CD123,clinical
TARGET.21.PASYWA.09A,IL3RA,5.66271748037508,CD123,clinical
TARGET.20.PAUBLN.09A,IL3RA,5.960532436875681,CD123,clinical
TARGET.20.PAWPDC.09A,IL3RA,5.596263268303796,CD123,clinical
TARGET.20.PASRTP.09A,IL3RA,6.270043677098961,CD123,clinical
TARGET.20.PAWLHJ.09A,IL3RA,6.432601098336186,CD123,clinical
TARGET.20.PARWXS.09A,IL3RA,5.529337842289223,CD123,clinical
TARGET.20.PAXLEE.09A,IL3RA,6.252741000666769,CD123,clinical
TARGET.20.PATVRA.09A,IL3RA,6.008077006920552,CD123,clinical
TARGET.20.PASSSI.09A,IL3RA,4.410579660568776,CD123,clinical
TARGET.20.PAUMZV.09A,IL3RA,6.069378473341167,CD123,clinical
TARGET.20.PAXFEE.09A,IL3RA,6.355072572808707,CD123,clinical
TARGET.20.PAWNPU.09A,IL3RA,6.164383328432688,CD123,clinical
TARGET.20.PAECCE.09A,IL3RA,6.565550514134455,CD123,clinical
TARGET.20.PAVSHX.09A,IL3RA,5.94445719005638,CD123,clinical
TARGET.20.PAVDDU.09A,IL3RA,6.851743678352056,CD123,clinical
TARGET.20.PAUPSX.09A,IL3RA,6.423084934513505,CD123,clinical
TARGET.20.PARKFB.09A,IL3RA,4.364690490006771,CD123,clinical
TARGET.20.PAUIPM.09A,IL3RA,6.36926779390584,CD123,clinical
TARGET.20.PAXEES.09A,IL3RA,6.625348508458602,CD123,clinical
TARGET.21.PANVPB.09A,IL3RA,7.908365479978097,CD123,clinical
TARGET.20.PAUVMN.09A,IL3RA,5.303542046701488,CD123,clinical
TARGET.20.PATPAC.09A,IL3RA,7.287221963038135,CD123,clinical
TARGET.20.PAVMPA.09A,IL3RA,6.20276412939195,CD123,clinical
TARGET.20.PAWGCN.09A,IL3RA,5.254446593245181,CD123,clinical
TARGET.20.PAUEAN.09A,IL3RA,6.607150698755994,CD123,clinical
TARGET.21.PARHRS.09A,IL3RA,5.088437021336567,CD123,clinical
TARGET.20.PAVWVT.09A,IL3RA,5.89828809338988,CD123,clinical
TARGET.20.PAVJXG.09A,IL3RA,6.9007774456073925,CD123,clinical
TARGET.20.PAVKBW.09A,IL3RA,6.625649656369693,CD123,clinical
TARGET.20.PAXIAZ.09A,IL3RA,6.095271683607885,CD123,clinical
TARGET.20.PASBPK.09A,IL3RA,5.105935319843982,CD123,clinical
TARGET.20.PAWUMM.09A,IL3RA,6.087922523337323,CD123,clinical
TARGET.20.PATDHA.09A,IL3RA,4.275780553480746,CD123,clinical
TARGET.20.PAVHTL.09A,IL3RA,6.775088381133566,CD123,clinical
TARGET.20.PAUZAM.09A,IL3RA,7.027687348111,CD123,clinical
TARGET.20.PAXHWI.09A,IL3RA,5.98968391041688,CD123,clinical
TARGET.20.PAUUHV.09A,IL3RA,5.2293442649654045,CD123,clinical
TARGET.20.PAUTKL.09A,IL3RA,7.341416861744958,CD123,clinical
TARGET.20.PAXBLX.09A,IL3RA,5.7017441493046235,CD123,clinical
TARGET.20.PAWYTW.09A,IL3RA,6.5114695282704425,CD123,clinical
TARGET.20.PAWLAJ.09A,IL3RA,6.043955454288574,CD123,clinical
TARGET.20.PAUVYC.09A,IL3RA,6.428012903790132,CD123,clinical
TARGET.20.PARFVC.09A,IL3RA,6.846988512669662,CD123,clinical
TARGET.20.PASZLJ.09A,IL3RA,6.300586178452126,CD123,clinical
TARGET.20.PAXDVZ.09A,IL3RA,6.759159044569529,CD123,clinical
TARGET.20.PAWDEG.09A,IL3RA,6.212499073837353,CD123,clinical
TARGET.20.PAVALK.09A,IL3RA,7.491444504044008,CD123,clinical
TARGET.20.PAVZYI.09A,IL3RA,6.283376228231982,CD123,clinical
TARGET.20.PAXKTY.09A,IL3RA,5.587159053187319,CD123,clinical
TARGET.20.PAUUKK.09A,IL3RA,4.765926036272851,CD123,clinical
TARGET.20.PAUFUB.09A,IL3RA,6.3776729055316,CD123,clinical
TARGET.20.PAUMUZ.09A,IL3RA,5.791247443185203,CD123,clinical
TARGET.20.PAXLXI.09A,IL3RA,5.486718906933881,CD123,clinical
TARGET.20.PARTYK.09A,IL3RA,3.4255074871107305,CD123,clinical
TARGET.20.PANZXI.09A,IL3RA,3.911421653810447,CD123,clinical
TARGET.20.PANVGE.09A,IL3RA,6.58355617597937,CD123,clinical
TARGET.20.PAUZMH.09A,IL3RA,6.134227446913581,CD123,clinical
TARGET.20.PAWKRF.09A,IL3RA,5.41591073337754,CD123,clinical
TARGET.20.PAWUTL.09A,IL3RA,6.519597786143346,CD123,clinical
TARGET.20.PAVYYR.09A,IL3RA,6.413561393610635,CD123,clinical
TARGET.20.PAKKBK.09A,IL3RA,6.38686243386888,CD123,clinical
TARGET.20.PAVBNV.09A,IL3RA,5.704874794456978,CD123,clinical
TARGET.20.PAVDPF.09A,IL3RA,4.953311924383199,CD123,clinical
TARGET.20.PARHJV.09A,IL3RA,5.644481406189801,CD123,clinical
TARGET.20.PAVZEC.09A,IL3RA,5.249647485196246,CD123,clinical
TARGET.20.PAUHFI.09A,IL3RA,6.487633490791783,CD123,clinical
TARGET.20.PAUMAD.09A,IL3RA,6.490862863998994,CD123,clinical
TARGET.20.PAXGVH.09A,IL3RA,6.16762318801074,CD123,clinical
TARGET.20.PAVIYS.09A,IL3RA,5.9252551571725816,CD123,clinical
TARGET.20.PAVXME.09A,IL3RA,6.190317132939903,CD123,clinical
TARGET.20.PAVRTN.09A,IL3RA,4.4835157973745385,CD123,clinical
TARGET.20.PAUVAT.09A,IL3RA,5.776761558079627,CD123,clinical
TARGET.20.PAWACC.09A,IL3RA,6.08887523306782,CD123,clinical
TARGET.20.PAVWXI.09A,IL3RA,5.081889811264066,CD123,clinical
TARGET.20.PAXMPG.09A,IL3RA,6.128466749414108,CD123,clinical
TARGET.20.PAVUZN.09A,IL3RA,5.756512829979896,CD123,clinical
TARGET.20.PAUWNT.09A,IL3RA,5.780295967349713,CD123,clinical
TARGET.20.PASIEP.09A,IL3RA,4.97432317002487,CD123,clinical
TARGET.20.PAVDVV.09A,IL3RA,5.417638114629195,CD123,clinical
TARGET.20.PATDDA.09A,IL3RA,6.521156475419615,CD123,clinical
TARGET.20.PAUULL.09A,IL3RA,7.069851121603439,CD123,clinical
TARGET.20.PAXIDA.09A,IL3RA,5.1887447161121045,CD123,clinical
TARGET.20.PAWKPU.09A,IL3RA,6.911624679978498,CD123,clinical
TARGET.20.PAXKES.09A,IL3RA,5.272963789727326,CD123,clinical
TARGET.20.PAVFPR.09A,IL3RA,5.813096287307548,CD123,clinical
TARGET.20.PAVPVK.09A,IL3RA,6.4768534709845484,CD123,clinical
TARGET.20.PAXMNG.09A,IL3RA,5.836748517987979,CD123,clinical
TARGET.20.PAXKXS.09A,IL3RA,5.7144320870390235,CD123,clinical
TARGET.20.PAVKJV.09A,IL3RA,5.635458272501885,CD123,clinical
TARGET.20.PAULCA.09A,IL3RA,5.57060719042811,CD123,clinical
TARGET.20.PAXLFG.09A,IL3RA,6.329281042502784,CD123,clinical
TARGET.20.PASEGC.09A,IL3RA,5.684945344403368,CD123,clinical
TARGET.20.PAUPXH.09A,IL3RA,6.583090322588024,CD123,clinical
TARGET.20.PAUTDY.09A,IL3RA,6.816522990041335,CD123,clinical
TARGET.20.PAWTSD.09A,IL3RA,6.1390952102283824,CD123,clinical
TARGET.20.PAVUVI.09A,IL3RA,6.421598358781736,CD123,clinical
TARGET.20.PASAFM.09A,IL3RA,4.355012159397464,CD123,clinical
TARGET.20.PASFHK.09A,IL3RA,5.941434315043278,CD123,clinical
TARGET.20.PAVLWY.09A,IL3RA,6.689744491740322,CD123,clinical
TARGET.20.PAVCNU.09A,IL3RA,5.847668509046296,CD123,clinical
TARGET.20.PAVHUF.09A,IL3RA,5.807386403722,CD123,clinical
TARGET.20.PARLVL.09A,IL3RA,1.941610939048676,CD123,clinical
TARGET.20.PAUSBP.09A,IL3RA,5.100426329570437,CD123,clinical
TARGET.20.PAWTPD.09A,IL3RA,6.104704148385462,CD123,clinical
TARGET.20.PAVJVS.09A,IL3RA,5.72120970489624,CD123,clinical
TARGET.20.PATJVL.09A,CLEC12A,4.13415695022438,CLL-1,clinical
TARGET.20.PAWWEE.09A,CLEC12A,6.004023611994193,CLL-1,clinical
TARGET.20.PARCEV.09A,CLEC12A,5.815225191288596,CLL-1,clinical
TARGET.20.PASCCS.09A,CLEC12A,2.91432547151498,CLL-1,clinical
TARGET.20.PAEIKD.09A,CLEC12A,3.1723877234259583,CLL-1,clinical
TARGET.20.PAWNBB.09A,CLEC12A,4.930177139961335,CLL-1,clinical
TARGET.20.PARTYV.09A,CLEC12A,4.554229106196481,CLL-1,clinical
TARGET.20.PAVAGA.09A,CLEC12A,7.83175760546934,CLL-1,clinical
TARGET.20.PAWJGZ.09A,CLEC12A,4.01850769291524,CLL-1,clinical
TARGET.20.PARERV.09A,CLEC12A,2.1618170209565113,CLL-1,clinical
TARGET.20.PAUYIB.09A,CLEC12A,2.9656134217916676,CLL-1,clinical
TARGET.20.PAUZJJ.09A,CLEC12A,2.5664719436578873,CLL-1,clinical
TARGET.20.PAVHFP.09A,CLEC12A,7.085565440761254,CLL-1,clinical
TARGET.20.PANTRL.09A,CLEC12A,3.673894194559325,CLL-1,clinical
TARGET.20.PAURYA.09A,CLEC12A,3.466883331419665,CLL-1,clinical
TARGET.20.PASBHI.09A,CLEC12A,2.553083855380739,CLL-1,clinical
TARGET.20.PAWVVR.09A,CLEC12A,6.373731370947499,CLL-1,clinical
TARGET.20.PAWZWN.09A,CLEC12A,5.97818204286006,CLL-1,clinical
TARGET.20.PASVYL.09A,CLEC12A,6.760923039128416,CLL-1,clinical
TARGET.20.PARJCR.09A,CLEC12A,4.9064897034281305,CLL-1,clinical
TARGET.20.PATAPC.09A,CLEC12A,2.252181065207226,CLL-1,clinical
TARGET.20.PAVNVF.09A,CLEC12A,1.169245559414408,CLL-1,clinical
TARGET.20.PAXAAA.09A,CLEC12A,7.274283497519036,CLL-1,clinical
TARGET.20.PAXDSN.09A,CLEC12A,6.083050071256516,CLL-1,clinical
TARGET.20.PASSPT.09A,CLEC12A,4.508487124328389,CLL-1,clinical
TARGET.20.PAVACZ.09A,CLEC12A,4.239489151895098,CLL-1,clinical
TARGET.20.PAWGTG.09A,CLEC12A,2.0737766133808284,CLL-1,clinical
TARGET.20.PASGGK.09A,CLEC12A,6.369691363675153,CLL-1,clinical
TARGET.20.PANGJY.09A,CLEC12A,3.131417498529539,CLL-1,clinical
TARGET.20.PAXLHS.09A,CLEC12A,4.216243286108296,CLL-1,clinical
TARGET.20.PAXETC.09A,CLEC12A,5.842380024383309,CLL-1,clinical
TARGET.20.PARMZF.09A,CLEC12A,5.143115874189826,CLL-1,clinical
TARGET.20.PASBPW.09A,CLEC12A,7.140460627482302,CLL-1,clinical
TARGET.20.PAVZNG.09A,CLEC12A,5.804725285040141,CLL-1,clinical
TARGET.20.PAVPMJ.09A,CLEC12A,3.337985866992738,CLL-1,clinical
TARGET.20.PAWSKR.09A,CLEC12A,4.361147374938502,CLL-1,clinical
TARGET.20.PAULWG.09A,CLEC12A,3.5955665274242574,CLL-1,clinical
TARGET.20.PAWNGI.09A,CLEC12A,8.64158766324914,CLL-1,clinical
TARGET.20.PAVTRU.09A,CLEC12A,9.005786426372566,CLL-1,clinical
TARGET.21.PATISD.09A,CLEC12A,5.687476998203108,CLL-1,clinical
TARGET.20.PAWTWW.09A,CLEC12A,5.000645948284053,CLL-1,clinical
TARGET.20.PAVSIZ.09A,CLEC12A,5.922832010190577,CLL-1,clinical
TARGET.20.PARUWX.09A,CLEC12A,5.091144473973829,CLL-1,clinical
TARGET.21.PAMYMA.09A,CLEC12A,7.177149256087564,CLL-1,clinical
TARGET.20.PAWFBA.09A,CLEC12A,5.435853632145558,CLL-1,clinical
TARGET.20.PARDDA.09A,CLEC12A,4.693031372380054,CLL-1,clinical
TARGET.20.PABLDZ.09A,CLEC12A,4.931826021885631,CLL-1,clinical
TARGET.20.PARENB.09A,CLEC12A,4.751441636378592,CLL-1,clinical
TARGET.20.PARXZP.09A,CLEC12A,4.518065196303285,CLL-1,clinical
TARGET.20.PAUSMT.09A,CLEC12A,2.628342053284314,CLL-1,clinical
TARGET.20.PAXJNP.09A,CLEC12A,6.967786686062765,CLL-1,clinical
TARGET.20.PAULIY.09A,CLEC12A,6.961269590885208,CLL-1,clinical
TARGET.20.PAUVSU.09A,CLEC12A,4.906685229025653,CLL-1,clinical
TARGET.20.PANVBP.09A,CLEC12A,3.9786641392291697,CLL-1,clinical
TARGET.20.PAWRNZ.09A,CLEC12A,4.56289184764363,CLL-1,clinical
TARGET.20.PARBIU.09A,CLEC12A,7.387568405171621,CLL-1,clinical
TARGET.20.PAEAFC.09A,CLEC12A,7.675448247801289,CLL-1,clinical
TARGET.20.PAWVNC.09A,CLEC12A,0.8781234665293322,CLL-1,clinical
TARGET.20.PAUWEW.09A,CLEC12A,7.672944838686819,CLL-1,clinical
TARGET.20.PAWYEK.09A,CLEC12A,4.865109429821152,CLL-1,clinical
TARGET.20.PAXMPW.09A,CLEC12A,6.6629756818731,CLL-1,clinical
TARGET.20.PAUVWF.09A,CLEC12A,4.577493712049772,CLL-1,clinical
TARGET.20.PAXGPE.09A,CLEC12A,4.250241368208047,CLL-1,clinical
TARGET.20.PAWDTX.09A,CLEC12A,7.809320210979318,CLL-1,clinical
TARGET.20.PAVUAP.09A,CLEC12A,5.9734914132876495,CLL-1,clinical
TARGET.20.PAXKAL.09A,CLEC12A,6.969551814935538,CLL-1,clinical
TARGET.20.PAVDBD.09A,CLEC12A,1.538820289234735,CLL-1,clinical
TARGET.20.PAUSZL.09A,CLEC12A,5.8192879987047315,CLL-1,clinical
TARGET.20.PAVPJM.09A,CLEC12A,5.105045915098759,CLL-1,clinical
TARGET.20.PAVKEX.09A,CLEC12A,3.50337055342797,CLL-1,clinical
TARGET.20.PARYEB.09A,CLEC12A,5.155204406274671,CLL-1,clinical
TARGET.20.PAWXSL.09A,CLEC12A,3.183685130685614,CLL-1,clinical
TARGET.20.PAWVCG.09A,CLEC12A,5.4045112369769175,CLL-1,clinical
TARGET.20.PAVTWM.09A,CLEC12A,2.057270016282074,CLL-1,clinical
TARGET.20.PAVHWT.09A,CLEC12A,3.1309695248720875,CLL-1,clinical
TARGET.20.PARUUB.09A,CLEC12A,6.784019259120227,CLL-1,clinical
TARGET.20.PAURPD.09A,CLEC12A,3.672301098476427,CLL-1,clinical
TARGET.20.PARUNX.09A,CLEC12A,0.8396171535952245,CLL-1,clinical
TARGET.20.PASDGX.09A,CLEC12A,5.16114726446455,CLL-1,clinical
TARGET.20.PAVDZK.09A,CLEC12A,1.6282712619879236,CLL-1,clinical
TARGET.20.PANUTB.09A,CLEC12A,3.986629507801001,CLL-1,clinical
TARGET.20.PAXMKU.09A,CLEC12A,5.176526479080173,CLL-1,clinical
TARGET.20.PAERAH.09A,CLEC12A,3.8027128050053634,CLL-1,clinical
TARGET.20.PAUDNA.09A,CLEC12A,4.388006728077914,CLL-1,clinical
TARGET.20.PAVMED.09A,CLEC12A,4.039545135734907,CLL-1,clinical
TARGET.20.PANTIV.09A,CLEC12A,5.259074080115115,CLL-1,clinical
TARGET.20.PAWVGN.09A,CLEC12A,5.113589969608396,CLL-1,clinical
TARGET.20.PAWKUR.09A,CLEC12A,5.963628229700614,CLL-1,clinical
TARGET.20.PAWPMA.09A,CLEC12A,1.5083216860561477,CLL-1,clinical
TARGET.20.PAVGXF.09A,CLEC12A,2.737113157219634,CLL-1,clinical
TARGET.20.PAXKKE.09A,CLEC12A,7.241126180014256,CLL-1,clinical
TARGET.20.PARHVK.09A,CLEC12A,0.624531820856657,CLL-1,clinical
TARGET.20.PAVFYL.09A,CLEC12A,2.705257378814971,CLL-1,clinical
TARGET.21.PANZLR.09A,CLEC12A,4.983542083630069,CLL-1,clinical
TARGET.20.PAWIHN.09A,CLEC12A,5.813477707829428,CLL-1,clinical
TARGET.20.PAWSWR.09A,CLEC12A,5.649983260472097,CLL-1,clinical
TARGET.20.PAXMLN.09A,CLEC12A,7.007333790386094,CLL-1,clinical
TARGET.20.PAWJPN.09A,CLEC12A,7.096330044954759,CLL-1,clinical
TARGET.20.PAVVAB.09A,CLEC12A,3.1459477046568196,CLL-1,clinical
TARGET.20.PAWHJI.09A,CLEC12A,5.989388168014365,CLL-1,clinical
TARGET.20.PAVXUR.09A,CLEC12A,7.219101235323841,CLL-1,clinical
TARGET.20.PAVUHF.09A,CLEC12A,3.9451670153006897,CLL-1,clinical
TARGET.20.PANLIZ.09A,CLEC12A,3.326535908928847,CLL-1,clinical
TARGET.20.PAVHXU.09A,CLEC12A,5.8167653283131235,CLL-1,clinical
TARGET.20.PAXBSE.09A,CLEC12A,4.014956093667683,CLL-1,clinical
TARGET.20.PARBXE.09A,CLEC12A,5.476472389362375,CLL-1,clinical
TARGET.20.PAWUWJ.09A,CLEC12A,7.54173292741014,CLL-1,clinical
TARGET.20.PAVDHJ.09A,CLEC12A,5.302021900343607,CLL-1,clinical
TARGET.20.PANINI.09A,CLEC12A,1.930084661306512,CLL-1,clinical
TARGET.20.PATMXW.09A,CLEC12A,2.199975374261726,CLL-1,clinical
TARGET.20.PAXCZX.09A,CLEC12A,3.31486813048243,CLL-1,clinical
TARGET.20.PAXCVR.09A,CLEC12A,4.620661083970242,CLL-1,clinical
TARGET.20.PAVDBK.09A,CLEC12A,6.181521065761755,CLL-1,clinical
TARGET.20.PAUJCF.09A,CLEC12A,6.834409892427082,CLL-1,clinical
TARGET.20.PAXGIX.09A,CLEC12A,2.8803920065465727,CLL-1,clinical
TARGET.20.PASIZX.09A,CLEC12A,4.502707560281351,CLL-1,clinical
TARGET.20.PAWLEB.09A,CLEC12A,6.490375209597473,CLL-1,clinical
TARGET.20.PAVNIX.09A,CLEC12A,3.4921227680362645,CLL-1,clinical
TARGET.20.PAWWLI.09A,CLEC12A,5.403481000442606,CLL-1,clinical
TARGET.20.PAVULK.09A,CLEC12A,6.738785919074449,CLL-1,clinical
TARGET.20.PAWIXW.09A,CLEC12A,6.941094523597855,CLL-1,clinical
TARGET.20.PAXIFA.09A,CLEC12A,5.973073439056097,CLL-1,clinical
TARGET.20.PAUMTZ.09A,CLEC12A,8.120318162257378,CLL-1,clinical
TARGET.20.PAXDBF.09A,CLEC12A,4.438217273331232,CLL-1,clinical
TARGET.20.PAVKVT.09A,CLEC12A,4.185415622604413,CLL-1,clinical
TARGET.20.PANFMG.09A,CLEC12A,3.073467106396613,CLL-1,clinical
TARGET.20.PARZUU.09A,CLEC12A,4.977542019794547,CLL-1,clinical
TARGET.20.PAVANX.09A,CLEC12A,4.524242858211345,CLL-1,clinical
TARGET.20.PAWPVX.09A,CLEC12A,4.203027795779582,CLL-1,clinical
TARGET.20.PAVDYE.09A,CLEC12A,8.74451528172924,CLL-1,clinical
TARGET.20.PAXLXJ.09A,CLEC12A,7.810919983777011,CLL-1,clinical
TARGET.20.PAUYHR.09A,CLEC12A,4.3283055757926,CLL-1,clinical
TARGET.20.PARDDY.09A,CLEC12A,0.6771757133135631,CLL-1,clinical
TARGET.20.PANXPU.09A,CLEC12A,6.5817564658488985,CLL-1,clinical
TARGET.20.PAVJCJ.09A,CLEC12A,6.756297289594946,CLL-1,clinical
TARGET.20.PAXGHE.09A,CLEC12A,6.443442746456797,CLL-1,clinical
TARGET.20.PAWBYK.09A,CLEC12A,6.34351146336645,CLL-1,clinical
TARGET.20.PAWRKX.09A,CLEC12A,7.093541849060904,CLL-1,clinical
TARGET.20.PATDNN.09A,CLEC12A,4.823910906247766,CLL-1,clinical
TARGET.20.PAVZIB.09A,CLEC12A,6.376188184625715,CLL-1,clinical
TARGET.20.PAUVGD.09A,CLEC12A,7.282886596282438,CLL-1,clinical
TARGET.20.PAXEHH.09A,CLEC12A,6.548324429116604,CLL-1,clinical
TARGET.20.PANGTF.09A,CLEC12A,5.539741627834718,CLL-1,clinical
TARGET.20.PAVNHN.09A,CLEC12A,5.988104563389979,CLL-1,clinical
TARGET.20.PANGDN.09A,CLEC12A,4.981883689446187,CLL-1,clinical
TARGET.20.PAVPMH.09A,CLEC12A,7.017546519501843,CLL-1,clinical
TARGET.20.PAVDNF.09A,CLEC12A,2.1949546674241773,CLL-1,clinical
TARGET.20.PARCHW.09A,CLEC12A,6.943449702756662,CLL-1,clinical
TARGET.20.PAXACY.09A,CLEC12A,3.6391912941071056,CLL-1,clinical
TARGET.20.PAWYNR.09A,CLEC12A,2.2622347888227323,CLL-1,clinical
TARGET.20.PAXLJV.09A,CLEC12A,7.428311207825737,CLL-1,clinical
TARGET.20.PAUYAE.09A,CLEC12A,6.318006947896701,CLL-1,clinical
TARGET.20.PAWBDK.09A,CLEC12A,5.084331474284129,CLL-1,clinical
TARGET.20.PASTTW.09A,CLEC12A,3.0521300683578443,CLL-1,clinical
TARGET.20.PARXVI.09A,CLEC12A,6.497497034015751,CLL-1,clinical
TARGET.20.PAWKYG.09A,CLEC12A,4.729251160084064,CLL-1,clinical
TARGET.20.PAVPLM.09A,CLEC12A,5.7901383941242015,CLL-1,clinical
TARGET.20.PANXWX.09A,CLEC12A,2.6627281669388343,CLL-1,clinical
TARGET.20.PAUNBR.09A,CLEC12A,5.880865274248191,CLL-1,clinical
TARGET.20.PAVANE.09A,CLEC12A,4.205226852500822,CLL-1,clinical
TARGET.20.PARKCX.09A,CLEC12A,5.99364008249106,CLL-1,clinical
TARGET.20.PARJWH.09A,CLEC12A,3.378117168112111,CLL-1,clinical
TARGET.20.PATSSY.09A,CLEC12A,0.4793131152881362,CLL-1,clinical
TARGET.20.PAWMII.09A,CLEC12A,5.397191973456078,CLL-1,clinical
TARGET.20.PAVDBT.09A,CLEC12A,5.043641973942848,CLL-1,clinical
TARGET.20.PAEFHC.09A,CLEC12A,3.676744506412675,CLL-1,clinical
TARGET.20.PAXGSJ.09A,CLEC12A,7.457388288015592,CLL-1,clinical
TARGET.20.PAVNAZ.09A,CLEC12A,6.914054845612156,CLL-1,clinical
TARGET.20.PAUHGM.09A,CLEC12A,1.4589232658844329,CLL-1,clinical
TARGET.20.PAUJBK.09A,CLEC12A,3.133635172791678,CLL-1,clinical
TARGET.20.PALBYP.09A,CLEC12A,4.194872111416479,CLL-1,clinical
TARGET.20.PAXFAG.09A,CLEC12A,4.347207805628008,CLL-1,clinical
TARGET.20.PANJFJ.09A,CLEC12A,5.599685032192665,CLL-1,clinical
TARGET.20.PAXLMN.09A,CLEC12A,6.322287404187044,CLL-1,clinical
TARGET.20.PAPXWI.09A,CLEC12A,3.111563817010341,CLL-1,clinical
TARGET.20.PAVDXS.09A,CLEC12A,1.2647549930686146,CLL-1,clinical
TARGET.20.PAUYHB.09A,CLEC12A,5.7725645256082885,CLL-1,clinical
TARGET.20.PASPGA.09A,CLEC12A,4.2885553802811645,CLL-1,clinical
TARGET.20.PAUSLS.09A,CLEC12A,4.018015229000149,CLL-1,clinical
TARGET.20.PAXISI.09A,CLEC12A,6.836237758177575,CLL-1,clinical
TARGET.20.PAWNIX.09A,CLEC12A,5.315393702743131,CLL-1,clinical
TARGET.20.PAXHYG.09A,CLEC12A,4.469365919790209,CLL-1,clinical
TARGET.20.PAUPIY.09A,CLEC12A,7.772475235471686,CLL-1,clinical
TARGET.20.PAWCII.09A,CLEC12A,6.170997278642478,CLL-1,clinical
TARGET.20.PAUUYP.09A,CLEC12A,1.8744815653183735,CLL-1,clinical
TARGET.20.PASMGW.09A,CLEC12A,5.086968177100107,CLL-1,clinical
TARGET.20.PAXEWD.09A,CLEC12A,6.462736389364059,CLL-1,clinical
TARGET.20.PAVTKK.09A,CLEC12A,5.463365948830277,CLL-1,clinical
TARGET.20.PANTWV.09A,CLEC12A,4.872028743216938,CLL-1,clinical
TARGET.20.PARZWH.09A,CLEC12A,4.592685993769782,CLL-1,clinical
TARGET.20.PAWLTL.09A,CLEC12A,3.539644962393838,CLL-1,clinical
TARGET.20.PANBZH.09A,CLEC12A,5.403635277879307,CLL-1,clinical
TARGET.20.PAVKNA.09A,CLEC12A,7.560530553983105,CLL-1,clinical
TARGET.20.PAXGDG.09A,CLEC12A,6.496808173514132,CLL-1,clinical
TARGET.20.PAXBAP.09A,CLEC12A,4.283532451070273,CLL-1,clinical
TARGET.20.PAXGNZ.09A,CLEC12A,3.723577244579915,CLL-1,clinical
TARGET.20.PAVGYA.09A,CLEC12A,6.453048325014687,CLL-1,clinical
TARGET.20.PARUBT.09A,CLEC12A,6.236221191029386,CLL-1,clinical
TARGET.20.PAWXCK.09A,CLEC12A,2.287135400014026,CLL-1,clinical
TARGET.20.PARLSW.09A,CLEC12A,4.042126782257776,CLL-1,clinical
TARGET.20.PASARK.09A,CLEC12A,3.871078550303302,CLL-1,clinical
TARGET.20.PAWWPA.09A,CLEC12A,4.823316629625199,CLL-1,clinical
TARGET.20.PAWIEM.09A,CLEC12A,3.425917803926536,CLL-1,clinical
TARGET.20.PAUVBS.09A,CLEC12A,1.1180678156148267,CLL-1,clinical
TARGET.20.PAPZLT.09A,CLEC12A,4.5713758015697685,CLL-1,clinical
TARGET.21.PARNAW.09A,CLEC12A,4.184945283025102,CLL-1,clinical
TARGET.20.PAVFHT.09A,CLEC12A,4.941185047187566,CLL-1,clinical
TARGET.20.PAURJZ.09A,CLEC12A,4.992886076241907,CLL-1,clinical
TARGET.20.PAXFDN.09A,CLEC12A,1.8439450137808713,CLL-1,clinical
TARGET.20.PAWUCG.09A,CLEC12A,6.129543583505213,CLL-1,clinical
TARGET.20.PAURMH.09A,CLEC12A,4.2300724468290305,CLL-1,clinical
TARGET.20.PANTPW.09A,CLEC12A,6.344076826942691,CLL-1,clinical
TARGET.20.PAUNBY.09A,CLEC12A,7.4949584119775245,CLL-1,clinical
TARGET.20.PASLTF.09A,CLEC12A,5.872619029696031,CLL-1,clinical
TARGET.21.PARBTV.09A,CLEC12A,4.124114027926199,CLL-1,clinical
TARGET.20.PAEAKL.09A,CLEC12A,6.6083382888644495,CLL-1,clinical
TARGET.20.PAVZJM.09A,CLEC12A,5.227948830043068,CLL-1,clinical
TARGET.20.PAUWCF.09A,CLEC12A,7.41783595085855,CLL-1,clinical
TARGET.20.PAVNWF.09A,CLEC12A,6.523655635736344,CLL-1,clinical
TARGET.20.PAVWRN.09A,CLEC12A,6.143275672483358,CLL-1,clinical
TARGET.20.PAWNHU.09A,CLEC12A,3.497226331022147,CLL-1,clinical
TARGET.20.PASGCE.09A,CLEC12A,5.280205329542921,CLL-1,clinical
TARGET.20.PANUTX.09A,CLEC12A,4.952968347000702,CLL-1,clinical
TARGET.20.PAVSSE.09A,CLEC12A,2.604746949041161,CLL-1,clinical
TARGET.20.PAXJPP.09A,CLEC12A,1.4604969046542766,CLL-1,clinical
TARGET.20.PAKERZ.09A,CLEC12A,2.6048564562934455,CLL-1,clinical
TARGET.20.PASFEW.09A,CLEC12A,2.166583414160781,CLL-1,clinical
TARGET.20.PARBFJ.09A,CLEC12A,6.127117279242477,CLL-1,clinical
TARGET.20.PAVUPX.09A,CLEC12A,4.0028933412320065,CLL-1,clinical
TARGET.20.PASILA.09A,CLEC12A,2.1910339968782444,CLL-1,clinical
TARGET.20.PAWRGZ.09A,CLEC12A,4.966448542898159,CLL-1,clinical
TARGET.20.PAVEDT.09A,CLEC12A,3.2789615377565955,CLL-1,clinical
TARGET.20.PAXFHW.09A,CLEC12A,7.166141487842875,CLL-1,clinical
TARGET.20.PATJCR.09A,CLEC12A,2.3380358678744653,CLL-1,clinical
TARGET.20.PAVAKA.09A,CLEC12A,5.805023227893055,CLL-1,clinical
TARGET.20.PANLJN.09A,CLEC12A,4.296904109815332,CLL-1,clinical
TARGET.20.PAUUTI.09A,CLEC12A,6.332295725263075,CLL-1,clinical
TARGET.20.PAXBEF.09A,CLEC12A,1.6610742385595094,CLL-1,clinical
TARGET.20.PAWRSU.09A,CLEC12A,6.035434635650972,CLL-1,clinical
TARGET.20.PAWPBT.09A,CLEC12A,0.6629237413925865,CLL-1,clinical
TARGET.20.PATZVF.09A,CLEC12A,4.3621412143063,CLL-1,clinical
TARGET.20.PAWFMF.09A,CLEC12A,6.873961432148415,CLL-1,clinical
TARGET.20.PAUUXA.09A,CLEC12A,3.138630623273076,CLL-1,clinical
TARGET.20.PAVUBN.09A,CLEC12A,3.71515701839377,CLL-1,clinical
TARGET.20.PASPFE.09A,CLEC12A,2.3922379161727996,CLL-1,clinical
TARGET.20.PARYVW.09A,CLEC12A,0.4560571796292427,CLL-1,clinical
TARGET.20.PAXCYN.09A,CLEC12A,4.982961457883455,CLL-1,clinical
TARGET.20.PAVALI.09A,CLEC12A,1.409699386133693,CLL-1,clinical
TARGET.20.PAWEBG.09A,CLEC12A,4.072275366723263,CLL-1,clinical
TARGET.20.PAPAPD.09A,CLEC12A,4.050432729917994,CLL-1,clinical
TARGET.20.PAUWUZ.09A,CLEC12A,7.233889917768005,CLL-1,clinical
TARGET.20.PAUWRZ.09A,CLEC12A,6.158370405926017,CLL-1,clinical
TARGET.21.PASDXR.09A,CLEC12A,7.546889211655743,CLL-1,clinical
TARGET.20.PAUYCB.09A,CLEC12A,3.987982318924383,CLL-1,clinical
TARGET.20.PAVWBB.09A,CLEC12A,2.357058509810712,CLL-1,clinical
TARGET.20.PASPSV.09A,CLEC12A,5.612404458175566,CLL-1,clinical
TARGET.20.PAXGTM.09A,CLEC12A,7.398991150618569,CLL-1,clinical
TARGET.20.PAUYCA.09A,CLEC12A,5.544966909525727,CLL-1,clinical
TARGET.20.PAXBXI.09A,CLEC12A,8.260685116147586,CLL-1,clinical
TARGET.20.PAWMKP.09A,CLEC12A,7.324968189972084,CLL-1,clinical
TARGET.21.PASFJJ.09A,CLEC12A,7.0455876165298825,CLL-1,clinical
TARGET.20.PASWAJ.09A,CLEC12A,4.766986944120588,CLL-1,clinical
TARGET.20.PAWUUE.09A,CLEC12A,2.0062053176667787,CLL-1,clinical
TARGET.20.PAPZIZ.09A,CLEC12A,2.594126730134811,CLL-1,clinical
TARGET.20.PAWLYM.09A,CLEC12A,4.873848513417941,CLL-1,clinical
TARGET.20.PAWHFW.09A,CLEC12A,6.389739031128516,CLL-1,clinical
TARGET.20.PAWMNN.09A,CLEC12A,6.945198746337689,CLL-1,clinical
TARGET.20.PAUWYR.09A,CLEC12A,1.5490617561564468,CLL-1,clinical
TARGET.20.PAWJJY.09A,CLEC12A,1.9048041756313512,CLL-1,clinical
TARGET.20.PAWMGT.09A,CLEC12A,5.822741315747044,CLL-1,clinical
TARGET.20.PAVSVU.09A,CLEC12A,5.273497705323975,CLL-1,clinical
TARGET.20.PAVBFN.09A,CLEC12A,3.871224717983579,CLL-1,clinical
TARGET.20.PASELF.09A,CLEC12A,6.69862155560656,CLL-1,clinical
TARGET.21.PASFHK.09A,CLEC12A,6.400006019015203,CLL-1,clinical
TARGET.20.PAXDDY.09A,CLEC12A,3.414993308543207,CLL-1,clinical
TARGET.20.PARXEC.09A,CLEC12A,5.243949105464246,CLL-1,clinical
TARGET.20.PAVTLN.09A,CLEC12A,6.716439172232231,CLL-1,clinical
TARGET.20.PAVAYD.09A,CLEC12A,6.949636335159713,CLL-1,clinical
TARGET.20.PAVBZM.09A,CLEC12A,3.3293742069846832,CLL-1,clinical
TARGET.20.PASEYM.09A,CLEC12A,4.610375408003732,CLL-1,clinical
TARGET.20.PAPAJE.09A,CLEC12A,6.516182944091808,CLL-1,clinical
TARGET.20.PAWEVC.09A,CLEC12A,4.493774540038853,CLL-1,clinical
TARGET.20.PASFVP.09A,CLEC12A,3.90747873497432,CLL-1,clinical
TARGET.20.PASLMR.09A,CLEC12A,6.041184219152068,CLL-1,clinical
TARGET.20.PAUYNI.09A,CLEC12A,1.3844908813008578,CLL-1,clinical
TARGET.20.PAVDFC.09A,CLEC12A,6.083400069548929,CLL-1,clinical
TARGET.20.PAVTMY.09A,CLEC12A,4.908996755584477,CLL-1,clinical
TARGET.20.PASWLN.09A,CLEC12A,1.16239985764996,CLL-1,clinical
TARGET.20.PAULSL.09A,CLEC12A,5.737801547703426,CLL-1,clinical
TARGET.20.PATBFL.09A,CLEC12A,7.35789418277376,CLL-1,clinical
TARGET.20.PASGZS.09A,CLEC12A,4.983843646581721,CLL-1,clinical
TARGET.20.PAVTDW.09A,CLEC12A,7.103384397154415,CLL-1,clinical
TARGET.20.PAXCWR.09A,CLEC12A,5.61018571391382,CLL-1,clinical
TARGET.20.PAUBKI.09A,CLEC12A,2.724932762045006,CLL-1,clinical
TARGET.20.PAXKAI.09A,CLEC12A,5.9198746734644585,CLL-1,clinical
TARGET.20.PAPVZK.09A,CLEC12A,5.6746191619523305,CLL-1,clinical
TARGET.20.PAUMGZ.09A,CLEC12A,4.39591212295759,CLL-1,clinical
TARGET.20.PASWTY.09A,CLEC12A,5.700407724485073,CLL-1,clinical
TARGET.20.PANJTK.09A,CLEC12A,4.205256373797554,CLL-1,clinical
TARGET.20.PAXARD.09A,CLEC12A,5.570053269568374,CLL-1,clinical
TARGET.20.PAVPFR.09A,CLEC12A,5.7708868228235985,CLL-1,clinical
TARGET.20.PAVYPX.09A,CLEC12A,5.141497369470087,CLL-1,clinical
TARGET.20.PAXMFG.09A,CLEC12A,5.4667605454834,CLL-1,clinical
TARGET.20.PALNAT.09A,CLEC12A,3.225982572152988,CLL-1,clinical
TARGET.20.PANDER.09A,CLEC12A,5.898583004309931,CLL-1,clinical
TARGET.20.PAXLDI.09A,CLEC12A,3.9139746913095,CLL-1,clinical
TARGET.20.PASSLT.09A,CLEC12A,0.0819879934992567,CLL-1,clinical
TARGET.20.PAWMDY.09A,CLEC12A,3.001121743460593,CLL-1,clinical
TARGET.20.PAWYRT.09A,CLEC12A,7.433545169605083,CLL-1,clinical
TARGET.20.PAWGKS.09A,CLEC12A,2.9214132592614215,CLL-1,clinical
TARGET.20.PATGRR.09A,CLEC12A,3.3350124178914653,CLL-1,clinical
TARGET.20.PAVJRF.09A,CLEC12A,6.974514829274914,CLL-1,clinical
TARGET.20.PAXIHA.09A,CLEC12A,6.722739217523107,CLL-1,clinical
TARGET.20.PAUWFM.09A,CLEC12A,6.272778122980228,CLL-1,clinical
TARGET.20.PARCUK.09A,CLEC12A,5.83610194116741,CLL-1,clinical
TARGET.20.PAVKAH.09A,CLEC12A,5.4331510815009265,CLL-1,clinical
TARGET.20.PAUYZY.09A,CLEC12A,4.900544831954307,CLL-1,clinical
TARGET.20.PARMME.09A,CLEC12A,3.4313051123075913,CLL-1,clinical
TARGET.20.PASVVS.09A,CLEC12A,6.148596482481424,CLL-1,clinical
TARGET.20.PAXGXR.09A,CLEC12A,5.42463489499988,CLL-1,clinical
TARGET.20.PAXANS.09A,CLEC12A,6.887376965369908,CLL-1,clinical
TARGET.20.PAWHAX.09A,CLEC12A,4.511885450633178,CLL-1,clinical
TARGET.20.PAVXZL.09A,CLEC12A,1.2643468097484574,CLL-1,clinical
TARGET.20.PASPLU.09A,CLEC12A,8.169910289344939,CLL-1,clinical
TARGET.20.PAUXKD.09A,CLEC12A,1.6453014093072311,CLL-1,clinical
TARGET.20.PAVWZV.09A,CLEC12A,5.366049635436602,CLL-1,clinical
TARGET.20.PANKNB.09A,CLEC12A,3.332263854226606,CLL-1,clinical
TARGET.20.PAVTXM.09A,CLEC12A,5.060061072477288,CLL-1,clinical
TARGET.20.PAXBNE.09A,CLEC12A,6.972995344910472,CLL-1,clinical
TARGET.20.PAXBLW.09A,CLEC12A,5.289765409097482,CLL-1,clinical
TARGET.20.PAWZZN.09A,CLEC12A,5.21093422526564,CLL-1,clinical
TARGET.20.PAVLAE.09A,CLEC12A,7.12732829072977,CLL-1,clinical
TARGET.20.PAWIVB.09A,CLEC12A,7.485423146796768,CLL-1,clinical
TARGET.20.PAWPCN.09A,CLEC12A,5.02848909464443,CLL-1,clinical
TARGET.20.PAXCPM.09A,CLEC12A,6.197452971818947,CLL-1,clinical
TARGET.20.PAUXLK.09A,CLEC12A,7.349754469737097,CLL-1,clinical
TARGET.20.PAVZBG.09A,CLEC12A,7.071677360658413,CLL-1,clinical
TARGET.20.PAVPCA.09A,CLEC12A,1.873357714928932,CLL-1,clinical
TARGET.20.PAUHTE.09A,CLEC12A,4.496616583485715,CLL-1,clinical
TARGET.21.PARLSL.09A,CLEC12A,5.3689143967092114,CLL-1,clinical
TARGET.20.PAVGIX.09A,CLEC12A,4.8507956220454505,CLL-1,clinical
TARGET.20.PAWMIP.09A,CLEC12A,0.7848227745898035,CLL-1,clinical
TARGET.20.PAEEYP.09A,CLEC12A,2.4828834726076012,CLL-1,clinical
TARGET.20.PAUVBZ.09A,CLEC12A,5.153403493401553,CLL-1,clinical
TARGET.20.PAXIIP.09A,CLEC12A,8.24139297466761,CLL-1,clinical
TARGET.20.PANZKA.09A,CLEC12A,2.6668284080501894,CLL-1,clinical
TARGET.20.PAXARX.09A,CLEC12A,6.678499995088401,CLL-1,clinical
TARGET.20.PAUMJB.09A,CLEC12A,6.370095295198419,CLL-1,clinical
TARGET.20.PATBUK.09A,CLEC12A,1.3427830147191828,CLL-1,clinical
TARGET.20.PAUZSY.09A,CLEC12A,5.483425126765366,CLL-1,clinical
TARGET.20.PASFNP.09A,CLEC12A,3.655479013150347,CLL-1,clinical
TARGET.20.PAVIDK.09A,CLEC12A,4.772021463184077,CLL-1,clinical
TARGET.20.PAXMLW.09A,CLEC12A,7.46283988871295,CLL-1,clinical
TARGET.20.PATWYU.09A,CLEC12A,4.90255781410332,CLL-1,clinical
TARGET.20.PASFJB.09A,CLEC12A,6.159162968668928,CLL-1,clinical
TARGET.20.PAWUAE.09A,CLEC12A,5.330197654561617,CLL-1,clinical
TARGET.21.PASSLT.09A,CLEC12A,0.7992452818855569,CLL-1,clinical
TARGET.20.PAUJNJ.09A,CLEC12A,7.63444089183596,CLL-1,clinical
TARGET.20.PAXEMU.09A,CLEC12A,2.701177854283282,CLL-1,clinical
TARGET.20.PAVIXV.09A,CLEC12A,5.294886906509123,CLL-1,clinical
TARGET.20.PAVNKI.09A,CLEC12A,6.828018032494501,CLL-1,clinical
TARGET.20.PAVAAM.09A,CLEC12A,5.401896662734875,CLL-1,clinical
TARGET.20.PANSBH.09A,CLEC12A,0.9974827805970292,CLL-1,clinical
TARGET.20.PAWFFJ.09A,CLEC12A,5.937710349252186,CLL-1,clinical
TARGET.20.PAUVEF.09A,CLEC12A,6.328263142056666,CLL-1,clinical
TARGET.20.PAWEYY.09A,CLEC12A,4.3133091270645405,CLL-1,clinical
TARGET.20.PAWNAP.09A,CLEC12A,5.473897580448721,CLL-1,clinical
TARGET.20.PAXFWY.09A,CLEC12A,7.2241596384164035,CLL-1,clinical
TARGET.20.PAWLKE.09A,CLEC12A,3.9906355356788263,CLL-1,clinical
TARGET.20.PASZZE.09A,CLEC12A,0.6500118518905643,CLL-1,clinical
TARGET.21.PASYWA.09A,CLEC12A,6.633391187268038,CLL-1,clinical
TARGET.20.PAUBLN.09A,CLEC12A,2.588688642005534,CLL-1,clinical
TARGET.20.PAWPDC.09A,CLEC12A,6.32405827937974,CLL-1,clinical
TARGET.20.PASRTP.09A,CLEC12A,3.353124104283863,CLL-1,clinical
TARGET.20.PAWLHJ.09A,CLEC12A,7.773411484815366,CLL-1,clinical
TARGET.20.PARWXS.09A,CLEC12A,3.997134354950795,CLL-1,clinical
TARGET.20.PAXLEE.09A,CLEC12A,6.7906852123502945,CLL-1,clinical
TARGET.20.PATVRA.09A,CLEC12A,3.2586494526414373,CLL-1,clinical
TARGET.20.PASSSI.09A,CLEC12A,5.346583543453203,CLL-1,clinical
TARGET.20.PAUMZV.09A,CLEC12A,3.983675404983787,CLL-1,clinical
TARGET.20.PAXFEE.09A,CLEC12A,1.5811528018814194,CLL-1,clinical
TARGET.20.PAWNPU.09A,CLEC12A,3.4292757895191825,CLL-1,clinical
TARGET.20.PAECCE.09A,CLEC12A,5.795615941114735,CLL-1,clinical
TARGET.20.PAVSHX.09A,CLEC12A,4.248403996973431,CLL-1,clinical
TARGET.20.PAVDDU.09A,CLEC12A,3.466993665171668,CLL-1,clinical
TARGET.20.PAUPSX.09A,CLEC12A,6.62586951952116,CLL-1,clinical
TARGET.20.PARKFB.09A,CLEC12A,4.980188381051792,CLL-1,clinical
TARGET.20.PAUIPM.09A,CLEC12A,7.858232478652971,CLL-1,clinical
TARGET.20.PAXEES.09A,CLEC12A,6.746567842097406,CLL-1,clinical
TARGET.21.PANVPB.09A,CLEC12A,0.4024711881896854,CLL-1,clinical
TARGET.20.PAUVMN.09A,CLEC12A,7.0850391445310335,CLL-1,clinical
TARGET.20.PATPAC.09A,CLEC12A,5.3847870670281095,CLL-1,clinical
TARGET.20.PAVMPA.09A,CLEC12A,6.687228143193646,CLL-1,clinical
TARGET.20.PAWGCN.09A,CLEC12A,7.840815706418074,CLL-1,clinical
TARGET.20.PAUEAN.09A,CLEC12A,3.918146229363573,CLL-1,clinical
TARGET.21.PARHRS.09A,CLEC12A,5.300063302766897,CLL-1,clinical
TARGET.20.PAVWVT.09A,CLEC12A,7.746924555299144,CLL-1,clinical
TARGET.20.PAVJXG.09A,CLEC12A,1.35513013316772,CLL-1,clinical
TARGET.20.PAVKBW.09A,CLEC12A,5.095316044919495,CLL-1,clinical
TARGET.20.PAXIAZ.09A,CLEC12A,2.6912262231854394,CLL-1,clinical
TARGET.20.PASBPK.09A,CLEC12A,3.9207698146606034,CLL-1,clinical
TARGET.20.PAWUMM.09A,CLEC12A,7.092760661000769,CLL-1,clinical
TARGET.20.PATDHA.09A,CLEC12A,4.8208135916225725,CLL-1,clinical
TARGET.20.PAVHTL.09A,CLEC12A,4.837825583352988,CLL-1,clinical
TARGET.20.PAUZAM.09A,CLEC12A,6.077844146474209,CLL-1,clinical
TARGET.20.PAXHWI.09A,CLEC12A,5.717727268038962,CLL-1,clinical
TARGET.20.PAUUHV.09A,CLEC12A,6.867071087704907,CLL-1,clinical
TARGET.20.PAUTKL.09A,CLEC12A,3.941686575235435,CLL-1,clinical
TARGET.20.PAXBLX.09A,CLEC12A,5.371364365799663,CLL-1,clinical
TARGET.20.PAWYTW.09A,CLEC12A,8.545270042580258,CLL-1,clinical
TARGET.20.PAWLAJ.09A,CLEC12A,4.132696335904294,CLL-1,clinical
TARGET.20.PAUVYC.09A,CLEC12A,4.1271321024925465,CLL-1,clinical
TARGET.20.PARFVC.09A,CLEC12A,1.6750029218882572,CLL-1,clinical
TARGET.20.PASZLJ.09A,CLEC12A,7.654405099276925,CLL-1,clinical
TARGET.20.PAXDVZ.09A,CLEC12A,7.831450740964415,CLL-1,clinical
TARGET.20.PAWDEG.09A,CLEC12A,5.999512884755507,CLL-1,clinical
TARGET.20.PAVALK.09A,CLEC12A,6.533430164043931,CLL-1,clinical
TARGET.20.PAVZYI.09A,CLEC12A,6.679355575154847,CLL-1,clinical
TARGET.20.PAXKTY.09A,CLEC12A,5.327518708861128,CLL-1,clinical
TARGET.20.PAUUKK.09A,CLEC12A,3.0609055806210663,CLL-1,clinical
TARGET.20.PAUFUB.09A,CLEC12A,2.3029382710921724,CLL-1,clinical
TARGET.20.PAUMUZ.09A,CLEC12A,5.069436646364892,CLL-1,clinical
TARGET.20.PAXLXI.09A,CLEC12A,6.932798151400029,CLL-1,clinical
TARGET.20.PARTYK.09A,CLEC12A,4.563984949959687,CLL-1,clinical
TARGET.20.PANZXI.09A,CLEC12A,4.534794026226728,CLL-1,clinical
TARGET.20.PANVGE.09A,CLEC12A,3.630578768873871,CLL-1,clinical
TARGET.20.PAUZMH.09A,CLEC12A,3.529694243160851,CLL-1,clinical
TARGET.20.PAWKRF.09A,CLEC12A,6.167819356373332,CLL-1,clinical
TARGET.20.PAWUTL.09A,CLEC12A,2.14919344429799,CLL-1,clinical
TARGET.20.PAVYYR.09A,CLEC12A,6.961671507643644,CLL-1,clinical
TARGET.20.PAKKBK.09A,CLEC12A,6.172918378882335,CLL-1,clinical
TARGET.20.PAVBNV.09A,CLEC12A,1.8818876327370393,CLL-1,clinical
TARGET.20.PAVDPF.09A,CLEC12A,1.3852737729069973,CLL-1,clinical
TARGET.20.PARHJV.09A,CLEC12A,1.9405137229000773,CLL-1,clinical
TARGET.20.PAVZEC.09A,CLEC12A,3.567502033830061,CLL-1,clinical
TARGET.20.PAUHFI.09A,CLEC12A,3.5609545392992983,CLL-1,clinical
TARGET.20.PAUMAD.09A,CLEC12A,4.682528325303453,CLL-1,clinical
TARGET.20.PAXGVH.09A,CLEC12A,1.0342000508962692,CLL-1,clinical
TARGET.20.PAVIYS.09A,CLEC12A,1.8222438132190393,CLL-1,clinical
TARGET.20.PAVXME.09A,CLEC12A,5.5253157385216545,CLL-1,clinical
TARGET.20.PAVRTN.09A,CLEC12A,5.777263162467968,CLL-1,clinical
TARGET.20.PAUVAT.09A,CLEC12A,5.463252239475064,CLL-1,clinical
TARGET.20.PAWACC.09A,CLEC12A,7.6958253540787505,CLL-1,clinical
TARGET.20.PAVWXI.09A,CLEC12A,5.582471147728479,CLL-1,clinical
TARGET.20.PAXMPG.09A,CLEC12A,2.5794861746659774,CLL-1,clinical
TARGET.20.PAVUZN.09A,CLEC12A,2.85454549087309,CLL-1,clinical
TARGET.20.PAUWNT.09A,CLEC12A,6.809073918851589,CLL-1,clinical
TARGET.20.PASIEP.09A,CLEC12A,6.0775675756626235,CLL-1,clinical
TARGET.20.PAVDVV.09A,CLEC12A,4.726164830411364,CLL-1,clinical
TARGET.20.PATDDA.09A,CLEC12A,3.169420109198853,CLL-1,clinical
TARGET.20.PAUULL.09A,CLEC12A,5.738981590529546,CLL-1,clinical
TARGET.20.PAXIDA.09A,CLEC12A,6.215212258940229,CLL-1,clinical
TARGET.20.PAWKPU.09A,CLEC12A,2.77595532946358,CLL-1,clinical
TARGET.20.PAXKES.09A,CLEC12A,7.287717599821916,CLL-1,clinical
TARGET.20.PAVFPR.09A,CLEC12A,7.216498526156694,CLL-1,clinical
TARGET.20.PAVPVK.09A,CLEC12A,6.342642757628634,CLL-1,clinical
TARGET.20.PAXMNG.09A,CLEC12A,6.487654627013333,CLL-1,clinical
TARGET.20.PAXKXS.09A,CLEC12A,4.860840599053188,CLL-1,clinical
TARGET.20.PAVKJV.09A,CLEC12A,5.106574020438241,CLL-1,clinical
TARGET.20.PAULCA.09A,CLEC12A,5.639245581006348,CLL-1,clinical
TARGET.20.PAXLFG.09A,CLEC12A,3.843901758718476,CLL-1,clinical
TARGET.20.PASEGC.09A,CLEC12A,4.574197474957098,CLL-1,clinical
TARGET.20.PAUPXH.09A,CLEC12A,5.4637721216538875,CLL-1,clinical
TARGET.20.PAUTDY.09A,CLEC12A,1.5178081183959924,CLL-1,clinical
TARGET.20.PAWTSD.09A,CLEC12A,6.875726707054994,CLL-1,clinical
TARGET.20.PAVUVI.09A,CLEC12A,5.398700022715013,CLL-1,clinical
TARGET.20.PASAFM.09A,CLEC12A,3.606690828771125,CLL-1,clinical
TARGET.20.PASFHK.09A,CLEC12A,5.743114430499971,CLL-1,clinical
TARGET.20.PAVLWY.09A,CLEC12A,4.878536498239964,CLL-1,clinical
TARGET.20.PAVCNU.09A,CLEC12A,4.644794386044382,CLL-1,clinical
TARGET.20.PAVHUF.09A,CLEC12A,8.852213733364083,CLL-1,clinical
TARGET.20.PARLVL.09A,CLEC12A,1.189913194716113,CLL-1,clinical
TARGET.20.PAUSBP.09A,CLEC12A,7.0078295768161585,CLL-1,clinical
TARGET.20.PAWTPD.09A,CLEC12A,3.326795371836694,CLL-1,clinical
TARGET.20.PAVJVS.09A,CLEC12A,7.125388881344179,CLL-1,clinical
TARGET.20.PATJVL.09A,CD7,3.3961655212747903,CD7,clinical
TARGET.20.PAWWEE.09A,CD7,1.659139087369325,CD7,clinical
TARGET.20.PARCEV.09A,CD7,4.841969813818476,CD7,clinical
TARGET.20.PASCCS.09A,CD7,3.652977412755747,CD7,clinical
TARGET.20.PAEIKD.09A,CD7,6.113071659799899,CD7,clinical
TARGET.20.PAWNBB.09A,CD7,3.98274753729827,CD7,clinical
TARGET.20.PARTYV.09A,CD7,7.787226075368941,CD7,clinical
TARGET.20.PAVAGA.09A,CD7,2.14962041859013,CD7,clinical
TARGET.20.PAWJGZ.09A,CD7,1.0846110509384996,CD7,clinical
TARGET.20.PARERV.09A,CD7,6.6337606101193725,CD7,clinical
TARGET.20.PAUYIB.09A,CD7,2.873289485905114,CD7,clinical
TARGET.20.PAUZJJ.09A,CD7,2.579308689251977,CD7,clinical
TARGET.20.PAVHFP.09A,CD7,6.491428579572786,CD7,clinical
TARGET.20.PANTRL.09A,CD7,3.5631250929175033,CD7,clinical
TARGET.20.PAURYA.09A,CD7,3.9278461495119528,CD7,clinical
TARGET.20.PASBHI.09A,CD7,3.4074826522080364,CD7,clinical
TARGET.20.PAWVVR.09A,CD7,6.84109761191591,CD7,clinical
TARGET.20.PAWZWN.09A,CD7,6.651661755942207,CD7,clinical
TARGET.20.PASVYL.09A,CD7,1.5973718695659134,CD7,clinical
TARGET.20.PARJCR.09A,CD7,4.77235279762026,CD7,clinical
TARGET.20.PATAPC.09A,CD7,3.072640659344813,CD7,clinical
TARGET.20.PAVNVF.09A,CD7,2.2130738583248104,CD7,clinical
TARGET.20.PAXAAA.09A,CD7,2.8331529715364536,CD7,clinical
TARGET.20.PAXDSN.09A,CD7,3.168462913878273,CD7,clinical
TARGET.20.PASSPT.09A,CD7,4.72152986355033,CD7,clinical
TARGET.20.PAVACZ.09A,CD7,4.017348373211283,CD7,clinical
TARGET.20.PAWGTG.09A,CD7,6.7268681868418785,CD7,clinical
TARGET.20.PASGGK.09A,CD7,3.0678640912863377,CD7,clinical
TARGET.20.PANGJY.09A,CD7,1.7809601152455437,CD7,clinical
TARGET.20.PAXLHS.09A,CD7,3.869363979125125,CD7,clinical
TARGET.20.PAXETC.09A,CD7,2.5096052610741713,CD7,clinical
TARGET.20.PARMZF.09A,CD7,2.16522217690789,CD7,clinical
TARGET.20.PASBPW.09A,CD7,2.9839463557978076,CD7,clinical
TARGET.20.PAVZNG.09A,CD7,6.031582382464766,CD7,clinical
TARGET.20.PAVPMJ.09A,CD7,2.812222104828238,CD7,clinical
TARGET.20.PAWSKR.09A,CD7,5.761568599953535,CD7,clinical
TARGET.20.PAULWG.09A,CD7,5.277987116836661,CD7,clinical
TARGET.20.PAWNGI.09A,CD7,1.3857549513432517,CD7,clinical
TARGET.20.PAVTRU.09A,CD7,2.6543671460157907,CD7,clinical
TARGET.21.PATISD.09A,CD7,3.0613148957189584,CD7,clinical
TARGET.20.PAWTWW.09A,CD7,1.3118729267313485,CD7,clinical
TARGET.20.PAVSIZ.09A,CD7,2.425315591355046,CD7,clinical
TARGET.20.PARUWX.09A,CD7,6.514872012931929,CD7,clinical
TARGET.21.PAMYMA.09A,CD7,2.853016496220478,CD7,clinical
TARGET.20.PAWFBA.09A,CD7,2.091571494678985,CD7,clinical
TARGET.20.PARDDA.09A,CD7,3.163148833135706,CD7,clinical
TARGET.20.PABLDZ.09A,CD7,4.254250107880525,CD7,clinical
TARGET.20.PARENB.09A,CD7,3.308968589049773,CD7,clinical
TARGET.20.PARXZP.09A,CD7,4.344408526216795,CD7,clinical
TARGET.20.PAUSMT.09A,CD7,0.9031647151071313,CD7,clinical
TARGET.20.PAXJNP.09A,CD7,2.485830338101759,CD7,clinical
TARGET.20.PAULIY.09A,CD7,1.8051988000018229,CD7,clinical
TARGET.20.PAUVSU.09A,CD7,3.0079418407728125,CD7,clinical
TARGET.20.PANVBP.09A,CD7,9.366441551457072,CD7,clinical
TARGET.20.PAWRNZ.09A,CD7,1.708205715183278,CD7,clinical
TARGET.20.PARBIU.09A,CD7,1.8304041884641664,CD7,clinical
TARGET.20.PAEAFC.09A,CD7,3.007315122051267,CD7,clinical
TARGET.20.PAWVNC.09A,CD7,6.723696299329728,CD7,clinical
TARGET.20.PAUWEW.09A,CD7,0.6853423757852279,CD7,clinical
TARGET.20.PAWYEK.09A,CD7,2.6584070279853567,CD7,clinical
TARGET.20.PAXMPW.09A,CD7,0.5112484427708964,CD7,clinical
TARGET.20.PAUVWF.09A,CD7,4.015555721062871,CD7,clinical
TARGET.20.PAXGPE.09A,CD7,3.30871461147853,CD7,clinical
TARGET.20.PAWDTX.09A,CD7,3.396804749020403,CD7,clinical
TARGET.20.PAVUAP.09A,CD7,1.5587776900900798,CD7,clinical
TARGET.20.PAXKAL.09A,CD7,2.486979777848678,CD7,clinical
TARGET.20.PAVDBD.09A,CD7,4.246696850931562,CD7,clinical
TARGET.20.PAUSZL.09A,CD7,2.036591829493763,CD7,clinical
TARGET.20.PAVPJM.09A,CD7,2.5333262300424653,CD7,clinical
TARGET.20.PAVKEX.09A,CD7,2.8434302314466335,CD7,clinical
TARGET.20.PARYEB.09A,CD7,4.724744572041289,CD7,clinical
TARGET.20.PAWXSL.09A,CD7,1.321852555598905,CD7,clinical
TARGET.20.PAWVCG.09A,CD7,4.418092893616596,CD7,clinical
TARGET.20.PAVTWM.09A,CD7,3.500552216887052,CD7,clinical
TARGET.20.PAVHWT.09A,CD7,5.648414198624051,CD7,clinical
TARGET.20.PARUUB.09A,CD7,2.0447888745996616,CD7,clinical
TARGET.20.PAURPD.09A,CD7,4.620987646332792,CD7,clinical
TARGET.20.PARUNX.09A,CD7,4.312854406932748,CD7,clinical
TARGET.20.PASDGX.09A,CD7,3.475941196793394,CD7,clinical
TARGET.20.PAVDZK.09A,CD7,5.145228124712443,CD7,clinical
TARGET.20.PANUTB.09A,CD7,1.9559375109410024,CD7,clinical
TARGET.20.PAXMKU.09A,CD7,2.0840408289037846,CD7,clinical
TARGET.20.PAERAH.09A,CD7,3.831292358689041,CD7,clinical
TARGET.20.PAUDNA.09A,CD7,3.2533546625498326,CD7,clinical
TARGET.20.PAVMED.09A,CD7,1.8558793002129803,CD7,clinical
TARGET.20.PANTIV.09A,CD7,2.9032151808423183,CD7,clinical
TARGET.20.PAWVGN.09A,CD7,2.6020236242012627,CD7,clinical
TARGET.20.PAWKUR.09A,CD7,3.5011842709317404,CD7,clinical
TARGET.20.PAWPMA.09A,CD7,6.3042139653677465,CD7,clinical
TARGET.20.PAVGXF.09A,CD7,4.196283742834591,CD7,clinical
TARGET.20.PAXKKE.09A,CD7,3.1821746939847437,CD7,clinical
TARGET.20.PARHVK.09A,CD7,3.259586132381491,CD7,clinical
TARGET.20.PAVFYL.09A,CD7,5.267199964641234,CD7,clinical
TARGET.21.PANZLR.09A,CD7,0.6359721883695642,CD7,clinical
TARGET.20.PAWIHN.09A,CD7,3.122149284702741,CD7,clinical
TARGET.20.PAWSWR.09A,CD7,2.7060639482382776,CD7,clinical
TARGET.20.PAXMLN.09A,CD7,2.4783807036825363,CD7,clinical
TARGET.20.PAWJPN.09A,CD7,2.9214947485172744,CD7,clinical
TARGET.20.PAVVAB.09A,CD7,2.698108799245276,CD7,clinical
TARGET.20.PAWHJI.09A,CD7,2.6754227873323413,CD7,clinical
TARGET.20.PAVXUR.09A,CD7,3.0188910040274712,CD7,clinical
TARGET.20.PAVUHF.09A,CD7,2.996192709274368,CD7,clinical
TARGET.20.PANLIZ.09A,CD7,3.711498368649332,CD7,clinical
TARGET.20.PAVHXU.09A,CD7,2.059421900151541,CD7,clinical
TARGET.20.PAXBSE.09A,CD7,3.21035491855259,CD7,clinical
TARGET.20.PARBXE.09A,CD7,3.229963136157416,CD7,clinical
TARGET.20.PAWUWJ.09A,CD7,6.081709768991676,CD7,clinical
TARGET.20.PAVDHJ.09A,CD7,4.895838138224396,CD7,clinical
TARGET.20.PANINI.09A,CD7,7.372812593426181,CD7,clinical
TARGET.20.PATMXW.09A,CD7,2.6538825417464205,CD7,clinical
TARGET.20.PAXCZX.09A,CD7,2.0633548712060614,CD7,clinical
TARGET.20.PAXCVR.09A,CD7,2.3726673101443434,CD7,clinical
TARGET.20.PAVDBK.09A,CD7,1.8191599055927403,CD7,clinical
TARGET.20.PAUJCF.09A,CD7,3.131157929295376,CD7,clinical
TARGET.20.PAXGIX.09A,CD7,3.437561027294486,CD7,clinical
TARGET.20.PASIZX.09A,CD7,3.829665687297328,CD7,clinical
TARGET.20.PAWLEB.09A,CD7,2.1762414722875585,CD7,clinical
TARGET.20.PAVNIX.09A,CD7,3.727340519193693,CD7,clinical
TARGET.20.PAWWLI.09A,CD7,2.0386003376148465,CD7,clinical
TARGET.20.PAVULK.09A,CD7,3.345996226079212,CD7,clinical
TARGET.20.PAWIXW.09A,CD7,2.521615604865313,CD7,clinical
TARGET.20.PAXIFA.09A,CD7,3.0886522350344356,CD7,clinical
TARGET.20.PAUMTZ.09A,CD7,2.386749506092292,CD7,clinical
TARGET.20.PAXDBF.09A,CD7,2.911365819180731,CD7,clinical
TARGET.20.PAVKVT.09A,CD7,0.9881620878908668,CD7,clinical
TARGET.20.PANFMG.09A,CD7,4.225157072618544,CD7,clinical
TARGET.20.PARZUU.09A,CD7,2.6773784722365326,CD7,clinical
TARGET.20.PAVANX.09A,CD7,4.850615254724662,CD7,clinical
TARGET.20.PAWPVX.09A,CD7,1.1355065713131018,CD7,clinical
TARGET.20.PAVDYE.09A,CD7,2.008939773765582,CD7,clinical
TARGET.20.PAXLXJ.09A,CD7,1.8811356508024928,CD7,clinical
TARGET.20.PAUYHR.09A,CD7,4.848984303015233,CD7,clinical
TARGET.20.PARDDY.09A,CD7,7.373589490281625,CD7,clinical
TARGET.20.PANXPU.09A,CD7,3.3070674273598155,CD7,clinical
TARGET.20.PAVJCJ.09A,CD7,2.853853252492318,CD7,clinical
TARGET.20.PAXGHE.09A,CD7,3.5875199963993976,CD7,clinical
TARGET.20.PAWBYK.09A,CD7,2.1857966956776007,CD7,clinical
TARGET.20.PAWRKX.09A,CD7,2.415820189062489,CD7,clinical
TARGET.20.PATDNN.09A,CD7,3.692103721396441,CD7,clinical
TARGET.20.PAVZIB.09A,CD7,6.968251069965117,CD7,clinical
TARGET.20.PAUVGD.09A,CD7,1.6939419212033189,CD7,clinical
TARGET.20.PAXEHH.09A,CD7,3.542030536437853,CD7,clinical
TARGET.20.PANGTF.09A,CD7,3.170321928912211,CD7,clinical
TARGET.20.PAVNHN.09A,CD7,3.6848900435835743,CD7,clinical
TARGET.20.PANGDN.09A,CD7,3.174529818186998,CD7,clinical
TARGET.20.PAVPMH.09A,CD7,2.3358702928280324,CD7,clinical
TARGET.20.PAVDNF.09A,CD7,3.692558414688796,CD7,clinical
TARGET.20.PARCHW.09A,CD7,2.6219193331827606,CD7,clinical
TARGET.20.PAXACY.09A,CD7,5.796044971248689,CD7,clinical
TARGET.20.PAWYNR.09A,CD7,6.607528925497256,CD7,clinical
TARGET.20.PAXLJV.09A,CD7,7.0194143786297545,CD7,clinical
TARGET.20.PAUYAE.09A,CD7,2.3442404268573083,CD7,clinical
TARGET.20.PAWBDK.09A,CD7,1.6451893363528969,CD7,clinical
TARGET.20.PASTTW.09A,CD7,5.077868623474466,CD7,clinical
TARGET.20.PARXVI.09A,CD7,4.508836242058508,CD7,clinical
TARGET.20.PAWKYG.09A,CD7,4.430701125236264,CD7,clinical
TARGET.20.PAVPLM.09A,CD7,3.4641301854362068,CD7,clinical
TARGET.20.PANXWX.09A,CD7,3.818870759516096,CD7,clinical
TARGET.20.PAUNBR.09A,CD7,1.647141744391084,CD7,clinical
TARGET.20.PAVANE.09A,CD7,3.3180219799563035,CD7,clinical
TARGET.20.PARKCX.09A,CD7,4.7961289407213386,CD7,clinical
TARGET.20.PARJWH.09A,CD7,3.110327328085992,CD7,clinical
TARGET.20.PATSSY.09A,CD7,5.337109269578157,CD7,clinical
TARGET.20.PAWMII.09A,CD7,2.9036983802920795,CD7,clinical
TARGET.20.PAVDBT.09A,CD7,1.7307462661544892,CD7,clinical
TARGET.20.PAEFHC.09A,CD7,4.386501701605552,CD7,clinical
TARGET.20.PAXGSJ.09A,CD7,2.4520608258510244,CD7,clinical
TARGET.20.PAVNAZ.09A,CD7,2.2087559558615184,CD7,clinical
TARGET.20.PAUHGM.09A,CD7,3.863977076177168,CD7,clinical
TARGET.20.PAUJBK.09A,CD7,3.845113360790404,CD7,clinical
TARGET.20.PALBYP.09A,CD7,2.06861524057581,CD7,clinical
TARGET.20.PAXFAG.09A,CD7,5.453677367226974,CD7,clinical
TARGET.20.PANJFJ.09A,CD7,7.718449296084675,CD7,clinical
TARGET.20.PAXLMN.09A,CD7,2.991756472031679,CD7,clinical
TARGET.20.PAPXWI.09A,CD7,4.331819768191483,CD7,clinical
TARGET.20.PAVDXS.09A,CD7,6.772626961849261,CD7,clinical
TARGET.20.PAUYHB.09A,CD7,5.112056966997471,CD7,clinical
TARGET.20.PASPGA.09A,CD7,4.07634503241649,CD7,clinical
TARGET.20.PAUSLS.09A,CD7,3.1324821677740675,CD7,clinical
TARGET.20.PAXISI.09A,CD7,5.465315752612483,CD7,clinical
TARGET.20.PAWNIX.09A,CD7,2.701511108812341,CD7,clinical
TARGET.20.PAXHYG.09A,CD7,3.2794196689162796,CD7,clinical
TARGET.20.PAUPIY.09A,CD7,1.137301396451942,CD7,clinical
TARGET.20.PAWCII.09A,CD7,3.604466843454464,CD7,clinical
TARGET.20.PAUUYP.09A,CD7,3.552766847256883,CD7,clinical
TARGET.20.PASMGW.09A,CD7,4.064570914215548,CD7,clinical
TARGET.20.PAXEWD.09A,CD7,4.807583267277924,CD7,clinical
TARGET.20.PAVTKK.09A,CD7,4.800717403559043,CD7,clinical
TARGET.20.PANTWV.09A,CD7,2.445875595493934,CD7,clinical
TARGET.20.PARZWH.09A,CD7,7.488204695159477,CD7,clinical
TARGET.20.PAWLTL.09A,CD7,2.1496068545478013,CD7,clinical
TARGET.20.PANBZH.09A,CD7,3.1969676555579216,CD7,clinical
TARGET.20.PAVKNA.09A,CD7,1.6768078192574185,CD7,clinical
TARGET.20.PAXGDG.09A,CD7,2.069227793578519,CD7,clinical
TARGET.20.PAXBAP.09A,CD7,2.681990282445107,CD7,clinical
TARGET.20.PAXGNZ.09A,CD7,5.2478320483748035,CD7,clinical
TARGET.20.PAVGYA.09A,CD7,1.475025179786997,CD7,clinical
TARGET.20.PARUBT.09A,CD7,1.778590864340844,CD7,clinical
TARGET.20.PAWXCK.09A,CD7,3.0298189957093036,CD7,clinical
TARGET.20.PARLSW.09A,CD7,2.4682107662137387,CD7,clinical
TARGET.20.PASARK.09A,CD7,5.195156566120185,CD7,clinical
TARGET.20.PAWWPA.09A,CD7,3.3656663715455464,CD7,clinical
TARGET.20.PAWIEM.09A,CD7,2.9490409177499592,CD7,clinical
TARGET.20.PAUVBS.09A,CD7,5.923591320389543,CD7,clinical
TARGET.20.PAPZLT.09A,CD7,1.6433676228678022,CD7,clinical
TARGET.21.PARNAW.09A,CD7,2.054951176875329,CD7,clinical
TARGET.20.PAVFHT.09A,CD7,2.804879155481198,CD7,clinical
TARGET.20.PAURJZ.09A,CD7,2.123411517528341,CD7,clinical
TARGET.20.PAXFDN.09A,CD7,2.456059164085021,CD7,clinical
TARGET.20.PAWUCG.09A,CD7,2.5495463498488675,CD7,clinical
TARGET.20.PAURMH.09A,CD7,4.480808732712338,CD7,clinical
TARGET.20.PANTPW.09A,CD7,5.817765223579458,CD7,clinical
TARGET.20.PAUNBY.09A,CD7,2.324068452050403,CD7,clinical
TARGET.20.PASLTF.09A,CD7,4.844933313440131,CD7,clinical
TARGET.21.PARBTV.09A,CD7,3.416896765752252,CD7,clinical
TARGET.20.PAEAKL.09A,CD7,1.0310348057586012,CD7,clinical
TARGET.20.PAVZJM.09A,CD7,2.277798375243743,CD7,clinical
TARGET.20.PAUWCF.09A,CD7,3.2528561627721917,CD7,clinical
TARGET.20.PAVNWF.09A,CD7,5.102643758066796,CD7,clinical
TARGET.20.PAVWRN.09A,CD7,7.563298630945162,CD7,clinical
TARGET.20.PAWNHU.09A,CD7,1.8712303838898017,CD7,clinical
TARGET.20.PASGCE.09A,CD7,3.1262664035870333,CD7,clinical
TARGET.20.PANUTX.09A,CD7,3.5487041438311806,CD7,clinical
TARGET.20.PAVSSE.09A,CD7,3.783696000724593,CD7,clinical
TARGET.20.PAXJPP.09A,CD7,3.1841479253873093,CD7,clinical
TARGET.20.PAKERZ.09A,CD7,2.2103218475357043,CD7,clinical
TARGET.20.PASFEW.09A,CD7,3.4247055615392137,CD7,clinical
TARGET.20.PARBFJ.09A,CD7,4.139011712890664,CD7,clinical
TARGET.20.PAVUPX.09A,CD7,2.907855255197832,CD7,clinical
TARGET.20.PASILA.09A,CD7,4.552614171646316,CD7,clinical
TARGET.20.PAWRGZ.09A,CD7,2.373434105607806,CD7,clinical
TARGET.20.PAVEDT.09A,CD7,2.2907728185931915,CD7,clinical
TARGET.20.PAXFHW.09A,CD7,2.6313285490433307,CD7,clinical
TARGET.20.PATJCR.09A,CD7,3.1572699797878228,CD7,clinical
TARGET.20.PAVAKA.09A,CD7,3.3988870578671415,CD7,clinical
TARGET.20.PANLJN.09A,CD7,3.587335520922964,CD7,clinical
TARGET.20.PAUUTI.09A,CD7,6.872998949563773,CD7,clinical
TARGET.20.PAXBEF.09A,CD7,4.663911918019057,CD7,clinical
TARGET.20.PAWRSU.09A,CD7,1.6579201390678109,CD7,clinical
TARGET.20.PAWPBT.09A,CD7,3.8200748687417194,CD7,clinical
TARGET.20.PATZVF.09A,CD7,2.8274072909749215,CD7,clinical
TARGET.20.PAWFMF.09A,CD7,4.054695062751848,CD7,clinical
TARGET.20.PAUUXA.09A,CD7,5.3715241912972695,CD7,clinical
TARGET.20.PAVUBN.09A,CD7,5.6826150082853,CD7,clinical
TARGET.20.PASPFE.09A,CD7,2.808547635736087,CD7,clinical
TARGET.20.PARYVW.09A,CD7,7.257410928641837,CD7,clinical
TARGET.20.PAXCYN.09A,CD7,1.9872220111593957,CD7,clinical
TARGET.20.PAVALI.09A,CD7,5.225846926947403,CD7,clinical
TARGET.20.PAWEBG.09A,CD7,3.090879852480305,CD7,clinical
TARGET.20.PAPAPD.09A,CD7,2.9014052920775217,CD7,clinical
TARGET.20.PAUWUZ.09A,CD7,2.306745755689194,CD7,clinical
TARGET.20.PAUWRZ.09A,CD7,2.6932591156336647,CD7,clinical
TARGET.21.PASDXR.09A,CD7,0.8981426389844938,CD7,clinical
TARGET.20.PAUYCB.09A,CD7,2.21741002763475,CD7,clinical
TARGET.20.PAVWBB.09A,CD7,1.5021036227151248,CD7,clinical
TARGET.20.PASPSV.09A,CD7,4.195944467319182,CD7,clinical
TARGET.20.PAXGTM.09A,CD7,1.6586718410328567,CD7,clinical
TARGET.20.PAUYCA.09A,CD7,1.3861313844715857,CD7,clinical
TARGET.20.PAXBXI.09A,CD7,2.206487395567923,CD7,clinical
TARGET.20.PAWMKP.09A,CD7,2.072540314629764,CD7,clinical
TARGET.21.PASFJJ.09A,CD7,1.332352881843189,CD7,clinical
TARGET.20.PASWAJ.09A,CD7,2.082237264672596,CD7,clinical
TARGET.20.PAWUUE.09A,CD7,2.471441819807642,CD7,clinical
TARGET.20.PAPZIZ.09A,CD7,2.4474110158596147,CD7,clinical
TARGET.20.PAWLYM.09A,CD7,2.1163728728301825,CD7,clinical
TARGET.20.PAWHFW.09A,CD7,3.18359238878207,CD7,clinical
TARGET.20.PAWMNN.09A,CD7,2.3078487852146767,CD7,clinical
TARGET.20.PAUWYR.09A,CD7,2.790019983572046,CD7,clinical
TARGET.20.PAWJJY.09A,CD7,6.884712422744176,CD7,clinical
TARGET.20.PAWMGT.09A,CD7,3.1020872955844565,CD7,clinical
TARGET.20.PAVSVU.09A,CD7,6.51620760540382,CD7,clinical
TARGET.20.PAVBFN.09A,CD7,2.8297380129706893,CD7,clinical
TARGET.20.PASELF.09A,CD7,4.386628266969392,CD7,clinical
TARGET.21.PASFHK.09A,CD7,3.5032186859329317,CD7,clinical
TARGET.20.PAXDDY.09A,CD7,1.5525088844461932,CD7,clinical
TARGET.20.PARXEC.09A,CD7,3.4519344769089892,CD7,clinical
TARGET.20.PAVTLN.09A,CD7,1.6147427414228537,CD7,clinical
TARGET.20.PAVAYD.09A,CD7,2.3539619131530984,CD7,clinical
TARGET.20.PAVBZM.09A,CD7,1.708330300266493,CD7,clinical
TARGET.20.PASEYM.09A,CD7,3.3283208089754592,CD7,clinical
TARGET.20.PAPAJE.09A,CD7,2.778890729245355,CD7,clinical
TARGET.20.PAWEVC.09A,CD7,4.188871433152362,CD7,clinical
TARGET.20.PASFVP.09A,CD7,4.133619651450033,CD7,clinical
TARGET.20.PASLMR.09A,CD7,4.892171323108547,CD7,clinical
TARGET.20.PAUYNI.09A,CD7,3.336566112725115,CD7,clinical
TARGET.20.PAVDFC.09A,CD7,2.344719675260736,CD7,clinical
TARGET.20.PAVTMY.09A,CD7,1.7893527876249269,CD7,clinical
TARGET.20.PASWLN.09A,CD7,1.5321799286002311,CD7,clinical
TARGET.20.PAULSL.09A,CD7,3.493928061774305,CD7,clinical
TARGET.20.PATBFL.09A,CD7,4.689323204298136,CD7,clinical
TARGET.20.PASGZS.09A,CD7,4.0296143371274615,CD7,clinical
TARGET.20.PAVTDW.09A,CD7,3.2844432081785855,CD7,clinical
TARGET.20.PAXCWR.09A,CD7,3.832709577919534,CD7,clinical
TARGET.20.PAUBKI.09A,CD7,3.573732430883401,CD7,clinical
TARGET.20.PAXKAI.09A,CD7,3.1792521007951886,CD7,clinical
TARGET.20.PAPVZK.09A,CD7,1.4945980193465371,CD7,clinical
TARGET.20.PAUMGZ.09A,CD7,2.102766568281614,CD7,clinical
TARGET.20.PASWTY.09A,CD7,3.9712277889892778,CD7,clinical
TARGET.20.PANJTK.09A,CD7,4.635023267138361,CD7,clinical
TARGET.20.PAXARD.09A,CD7,3.6878163633253496,CD7,clinical
TARGET.20.PAVPFR.09A,CD7,2.602727742921126,CD7,clinical
TARGET.20.PAVYPX.09A,CD7,4.9284263620103586,CD7,clinical
TARGET.20.PAXMFG.09A,CD7,2.171773877961166,CD7,clinical
TARGET.20.PALNAT.09A,CD7,1.2330043367312182,CD7,clinical
TARGET.20.PANDER.09A,CD7,1.4915722073183673,CD7,clinical
TARGET.20.PAXLDI.09A,CD7,6.816945548030459,CD7,clinical
TARGET.20.PASSLT.09A,CD7,5.0412285197402475,CD7,clinical
TARGET.20.PAWMDY.09A,CD7,4.139277876334151,CD7,clinical
TARGET.20.PAWYRT.09A,CD7,2.893764380595137,CD7,clinical
TARGET.20.PAWGKS.09A,CD7,1.3278308718943068,CD7,clinical
TARGET.20.PATGRR.09A,CD7,2.1576404125304065,CD7,clinical
TARGET.20.PAVJRF.09A,CD7,4.018881558813596,CD7,clinical
TARGET.20.PAXIHA.09A,CD7,2.0275287577789114,CD7,clinical
TARGET.20.PAUWFM.09A,CD7,3.6726651351370703,CD7,clinical
TARGET.20.PARCUK.09A,CD7,2.570123586083747,CD7,clinical
TARGET.20.PAVKAH.09A,CD7,5.106436422152792,CD7,clinical
TARGET.20.PAUYZY.09A,CD7,5.524608969673094,CD7,clinical
TARGET.20.PARMME.09A,CD7,7.50165368590375,CD7,clinical
TARGET.20.PASVVS.09A,CD7,3.911602146432561,CD7,clinical
TARGET.20.PAXGXR.09A,CD7,4.945214787157471,CD7,clinical
TARGET.20.PAXANS.09A,CD7,2.018861523037524,CD7,clinical
TARGET.20.PAWHAX.09A,CD7,2.170843727853163,CD7,clinical
TARGET.20.PAVXZL.09A,CD7,7.051117167442094,CD7,clinical
TARGET.20.PASPLU.09A,CD7,1.7688052904190583,CD7,clinical
TARGET.20.PAUXKD.09A,CD7,5.869914159312699,CD7,clinical
TARGET.20.PAVWZV.09A,CD7,3.2428235431298496,CD7,clinical
TARGET.20.PANKNB.09A,CD7,3.279882906452526,CD7,clinical
TARGET.20.PAVTXM.09A,CD7,5.526616868331834,CD7,clinical
TARGET.20.PAXBNE.09A,CD7,2.6958936636800703,CD7,clinical
TARGET.20.PAXBLW.09A,CD7,4.223471654389793,CD7,clinical
TARGET.20.PAWZZN.09A,CD7,5.883372487358228,CD7,clinical
TARGET.20.PAVLAE.09A,CD7,3.012197980052245,CD7,clinical
TARGET.20.PAWIVB.09A,CD7,2.842564051455604,CD7,clinical
TARGET.20.PAWPCN.09A,CD7,2.3766765719493588,CD7,clinical
TARGET.20.PAXCPM.09A,CD7,4.465217067148972,CD7,clinical
TARGET.20.PAUXLK.09A,CD7,4.326075638604577,CD7,clinical
TARGET.20.PAVZBG.09A,CD7,1.988089172045688,CD7,clinical
TARGET.20.PAVPCA.09A,CD7,1.2611657008552384,CD7,clinical
TARGET.20.PAUHTE.09A,CD7,3.9251610442410807,CD7,clinical
TARGET.21.PARLSL.09A,CD7,2.1906521479222745,CD7,clinical
TARGET.20.PAVGIX.09A,CD7,2.03147985977247,CD7,clinical
TARGET.20.PAWMIP.09A,CD7,3.8380445480564975,CD7,clinical
TARGET.20.PAEEYP.09A,CD7,2.3143851207417208,CD7,clinical
TARGET.20.PAUVBZ.09A,CD7,4.669163074334825,CD7,clinical
TARGET.20.PAXIIP.09A,CD7,2.181470317574788,CD7,clinical
TARGET.20.PANZKA.09A,CD7,3.451988460188377,CD7,clinical
TARGET.20.PAXARX.09A,CD7,3.188808674236871,CD7,clinical
TARGET.20.PAUMJB.09A,CD7,2.0470193000231736,CD7,clinical
TARGET.20.PATBUK.09A,CD7,3.8017867097354983,CD7,clinical
TARGET.20.PAUZSY.09A,CD7,5.113424191310906,CD7,clinical
TARGET.20.PASFNP.09A,CD7,4.692953066551171,CD7,clinical
TARGET.20.PAVIDK.09A,CD7,2.950247562429611,CD7,clinical
TARGET.20.PAXMLW.09A,CD7,2.9142990904075883,CD7,clinical
TARGET.20.PATWYU.09A,CD7,2.7037107107851392,CD7,clinical
TARGET.20.PASFJB.09A,CD7,1.5545525169288756,CD7,clinical
TARGET.20.PAWUAE.09A,CD7,4.310646442893304,CD7,clinical
TARGET.21.PASSLT.09A,CD7,2.3044303913719655,CD7,clinical
TARGET.20.PAUJNJ.09A,CD7,3.477952625227939,CD7,clinical
TARGET.20.PAXEMU.09A,CD7,2.754976117143963,CD7,clinical
TARGET.20.PAVIXV.09A,CD7,2.379446510826866,CD7,clinical
TARGET.20.PAVNKI.09A,CD7,1.3135997523823693,CD7,clinical
TARGET.20.PAVAAM.09A,CD7,2.4416236733265975,CD7,clinical
TARGET.20.PANSBH.09A,CD7,4.257071743080136,CD7,clinical
TARGET.20.PAWFFJ.09A,CD7,2.435475249274931,CD7,clinical
TARGET.20.PAUVEF.09A,CD7,3.895701991172651,CD7,clinical
TARGET.20.PAWEYY.09A,CD7,2.189721191193005,CD7,clinical
TARGET.20.PAWNAP.09A,CD7,3.877910929136694,CD7,clinical
TARGET.20.PAXFWY.09A,CD7,5.208166476697857,CD7,clinical
TARGET.20.PAWLKE.09A,CD7,1.5113999193047656,CD7,clinical
TARGET.20.PASZZE.09A,CD7,8.489956977230822,CD7,clinical
TARGET.21.PASYWA.09A,CD7,3.270408832563188,CD7,clinical
TARGET.20.PAUBLN.09A,CD7,3.1738992103016517,CD7,clinical
TARGET.20.PAWPDC.09A,CD7,3.3958604601352063,CD7,clinical
TARGET.20.PASRTP.09A,CD7,6.311373672493788,CD7,clinical
TARGET.20.PAWLHJ.09A,CD7,2.5118272702067928,CD7,clinical
TARGET.20.PARWXS.09A,CD7,2.7215055851338605,CD7,clinical
TARGET.20.PAXLEE.09A,CD7,2.8032389728845715,CD7,clinical
TARGET.20.PATVRA.09A,CD7,0.5470459228790141,CD7,clinical
TARGET.20.PASSSI.09A,CD7,4.219304477157791,CD7,clinical
TARGET.20.PAUMZV.09A,CD7,4.144162320236842,CD7,clinical
TARGET.20.PAXFEE.09A,CD7,1.8788780690921472,CD7,clinical
TARGET.20.PAWNPU.09A,CD7,6.193737408673151,CD7,clinical
TARGET.20.PAECCE.09A,CD7,5.907233454179006,CD7,clinical
TARGET.20.PAVSHX.09A,CD7,1.482049964119593,CD7,clinical
TARGET.20.PAVDDU.09A,CD7,4.514327305018276,CD7,clinical
TARGET.20.PAUPSX.09A,CD7,5.697284384875912,CD7,clinical
TARGET.20.PARKFB.09A,CD7,3.753713025479026,CD7,clinical
TARGET.20.PAUIPM.09A,CD7,2.8042952877548237,CD7,clinical
TARGET.20.PAXEES.09A,CD7,3.0592368919798143,CD7,clinical
TARGET.21.PANVPB.09A,CD7,0.8740623874905544,CD7,clinical
TARGET.20.PAUVMN.09A,CD7,7.577205622683772,CD7,clinical
TARGET.20.PATPAC.09A,CD7,2.7939824421197836,CD7,clinical
TARGET.20.PAVMPA.09A,CD7,2.5772588404999004,CD7,clinical
TARGET.20.PAWGCN.09A,CD7,2.292685038406225,CD7,clinical
TARGET.20.PAUEAN.09A,CD7,1.866721438923944,CD7,clinical
TARGET.21.PARHRS.09A,CD7,4.133400469119741,CD7,clinical
TARGET.20.PAVWVT.09A,CD7,1.9031697881540903,CD7,clinical
TARGET.20.PAVJXG.09A,CD7,1.35513013316772,CD7,clinical
TARGET.20.PAVKBW.09A,CD7,1.8277760755428467,CD7,clinical
TARGET.20.PAXIAZ.09A,CD7,1.7878188922672662,CD7,clinical
TARGET.20.PASBPK.09A,CD7,4.724850904537928,CD7,clinical
TARGET.20.PAWUMM.09A,CD7,1.7161036973776749,CD7,clinical
TARGET.20.PATDHA.09A,CD7,3.408775216362209,CD7,clinical
TARGET.20.PAVHTL.09A,CD7,1.5946781231803453,CD7,clinical
TARGET.20.PAUZAM.09A,CD7,2.330103606026031,CD7,clinical
TARGET.20.PAXHWI.09A,CD7,2.401967073992712,CD7,clinical
TARGET.20.PAUUHV.09A,CD7,1.7462192163812855,CD7,clinical
TARGET.20.PAUTKL.09A,CD7,3.1570658737595956,CD7,clinical
TARGET.20.PAXBLX.09A,CD7,5.047647030640276,CD7,clinical
TARGET.20.PAWYTW.09A,CD7,3.3003832304674403,CD7,clinical
TARGET.20.PAWLAJ.09A,CD7,2.8906206986650216,CD7,clinical
TARGET.20.PAUVYC.09A,CD7,4.194714300709118,CD7,clinical
TARGET.20.PARFVC.09A,CD7,4.005397600006478,CD7,clinical
TARGET.20.PASZLJ.09A,CD7,3.949939925095008,CD7,clinical
TARGET.20.PAXDVZ.09A,CD7,0.9656773838616006,CD7,clinical
TARGET.20.PAWDEG.09A,CD7,1.999062906312368,CD7,clinical
TARGET.20.PAVALK.09A,CD7,2.2426227797536464,CD7,clinical
TARGET.20.PAVZYI.09A,CD7,2.631404412043923,CD7,clinical
TARGET.20.PAXKTY.09A,CD7,4.969639159482909,CD7,clinical
TARGET.20.PAUUKK.09A,CD7,2.472957622835642,CD7,clinical
TARGET.20.PAUFUB.09A,CD7,4.199726797122731,CD7,clinical
TARGET.20.PAUMUZ.09A,CD7,3.360765595098523,CD7,clinical
TARGET.20.PAXLXI.09A,CD7,3.5388275504741236,CD7,clinical
TARGET.20.PARTYK.09A,CD7,3.823652430978814,CD7,clinical
TARGET.20.PANZXI.09A,CD7,3.681360196044489,CD7,clinical
TARGET.20.PANVGE.09A,CD7,4.8317379754914205,CD7,clinical
TARGET.20.PAUZMH.09A,CD7,3.9893937852208694,CD7,clinical
TARGET.20.PAWKRF.09A,CD7,4.55435606035254,CD7,clinical
TARGET.20.PAWUTL.09A,CD7,3.9263464703463375,CD7,clinical
TARGET.20.PAVYYR.09A,CD7,2.1882619160520895,CD7,clinical
TARGET.20.PAKKBK.09A,CD7,4.540853872562655,CD7,clinical
TARGET.20.PAVBNV.09A,CD7,6.204480541799559,CD7,clinical
TARGET.20.PAVDPF.09A,CD7,4.241870105315873,CD7,clinical
TARGET.20.PARHJV.09A,CD7,2.9825714961867624,CD7,clinical
TARGET.20.PAVZEC.09A,CD7,8.513185462328392,CD7,clinical
TARGET.20.PAUHFI.09A,CD7,3.631590043664764,CD7,clinical
TARGET.20.PAUMAD.09A,CD7,2.1952367276794797,CD7,clinical
TARGET.20.PAXGVH.09A,CD7,2.5618236754153387,CD7,clinical
TARGET.20.PAVIYS.09A,CD7,1.6805426397733365,CD7,clinical
TARGET.20.PAVXME.09A,CD7,4.153404127042034,CD7,clinical
TARGET.20.PAVRTN.09A,CD7,2.04078956182979,CD7,clinical
TARGET.20.PAUVAT.09A,CD7,7.279151637513592,CD7,clinical
TARGET.20.PAWACC.09A,CD7,2.3818491591062405,CD7,clinical
TARGET.20.PAVWXI.09A,CD7,2.1356786465206463,CD7,clinical
TARGET.20.PAXMPG.09A,CD7,4.764726002678742,CD7,clinical
TARGET.20.PAVUZN.09A,CD7,2.0924702980134073,CD7,clinical
TARGET.20.PAUWNT.09A,CD7,1.4005954271263996,CD7,clinical
TARGET.20.PASIEP.09A,CD7,6.666160249423032,CD7,clinical
TARGET.20.PAVDVV.09A,CD7,3.926238181952222,CD7,clinical
TARGET.20.PATDDA.09A,CD7,3.1252241291771785,CD7,clinical
TARGET.20.PAUULL.09A,CD7,3.383352083135534,CD7,clinical
TARGET.20.PAXIDA.09A,CD7,2.957334930784765,CD7,clinical
TARGET.20.PAWKPU.09A,CD7,4.222076124700063,CD7,clinical
TARGET.20.PAXKES.09A,CD7,1.736088897469153,CD7,clinical
TARGET.20.PAVFPR.09A,CD7,1.7022197207467311,CD7,clinical
TARGET.20.PAVPVK.09A,CD7,2.1973489855581474,CD7,clinical
TARGET.20.PAXMNG.09A,CD7,2.0985443281833405,CD7,clinical
TARGET.20.PAXKXS.09A,CD7,2.7285344778979064,CD7,clinical
TARGET.20.PAVKJV.09A,CD7,6.174549382295952,CD7,clinical
TARGET.20.PAULCA.09A,CD7,5.880019136960747,CD7,clinical
TARGET.20.PAXLFG.09A,CD7,4.895823875501538,CD7,clinical
TARGET.20.PASEGC.09A,CD7,2.857951641519445,CD7,clinical
TARGET.20.PAUPXH.09A,CD7,3.5197755349389506,CD7,clinical
TARGET.20.PAUTDY.09A,CD7,4.1002059734362,CD7,clinical
TARGET.20.PAWTSD.09A,CD7,0.9807699261839578,CD7,clinical
TARGET.20.PAVUVI.09A,CD7,2.521653087372307,CD7,clinical
TARGET.20.PASAFM.09A,CD7,6.367399899230721,CD7,clinical
TARGET.20.PASFHK.09A,CD7,5.7593760948795225,CD7,clinical
TARGET.20.PAVLWY.09A,CD7,2.7565517714462637,CD7,clinical
TARGET.20.PAVCNU.09A,CD7,3.5147433915915545,CD7,clinical
TARGET.20.PAVHUF.09A,CD7,1.6698946147007727,CD7,clinical
TARGET.20.PARLVL.09A,CD7,0.8763218439833063,CD7,clinical
TARGET.20.PAUSBP.09A,CD7,3.7203098115186455,CD7,clinical
TARGET.20.PAWTPD.09A,CD7,1.8587162867243692,CD7,clinical
TARGET.20.PAVJVS.09A,CD7,0.6767577919346859,CD7,clinical
TARGET.20.PATJVL.09A,TNFRSF4,3.9983039529994273,TNFRSF4,ppac
TARGET.20.PAWWEE.09A,TNFRSF4,1.2706439789692825,TNFRSF4,ppac
TARGET.20.PARCEV.09A,TNFRSF4,2.8393641204647246,TNFRSF4,ppac
TARGET.20.PASCCS.09A,TNFRSF4,2.7271003555826674,TNFRSF4,ppac
TARGET.20.PAEIKD.09A,TNFRSF4,0.8149362663953649,TNFRSF4,ppac
TARGET.20.PAWNBB.09A,TNFRSF4,2.6557489529385565,TNFRSF4,ppac
TARGET.20.PARTYV.09A,TNFRSF4,1.1609845485248027,TNFRSF4,ppac
TARGET.20.PAVAGA.09A,TNFRSF4,2.699050040335696,TNFRSF4,ppac
TARGET.20.PAWJGZ.09A,TNFRSF4,0.4473188087739609,TNFRSF4,ppac
TARGET.20.PARERV.09A,TNFRSF4,2.425324605159069,TNFRSF4,ppac
TARGET.20.PAUYIB.09A,TNFRSF4,1.350244080119252,TNFRSF4,ppac
TARGET.20.PAUZJJ.09A,TNFRSF4,1.7915204269147909,TNFRSF4,ppac
TARGET.20.PAVHFP.09A,TNFRSF4,1.9286560909373416,TNFRSF4,ppac
TARGET.20.PANTRL.09A,TNFRSF4,0.1518219149999504,TNFRSF4,ppac
TARGET.20.PAURYA.09A,TNFRSF4,5.542657795866731,TNFRSF4,ppac
TARGET.20.PASBHI.09A,TNFRSF4,0.296578975366197,TNFRSF4,ppac
TARGET.20.PAWVVR.09A,TNFRSF4,2.7787710882683525,TNFRSF4,ppac
TARGET.20.PAWZWN.09A,TNFRSF4,0.9001933067818525,TNFRSF4,ppac
TARGET.20.PASVYL.09A,TNFRSF4,0.3971491264613604,TNFRSF4,ppac
TARGET.20.PARJCR.09A,TNFRSF4,5.473150830375826,TNFRSF4,ppac
TARGET.20.PATAPC.09A,TNFRSF4,4.645056155680588,TNFRSF4,ppac
TARGET.20.PAVNVF.09A,TNFRSF4,0.5986221428917599,TNFRSF4,ppac
TARGET.20.PAXAAA.09A,TNFRSF4,2.1941239357752336,TNFRSF4,ppac
TARGET.20.PAXDSN.09A,TNFRSF4,0.9905351542016791,TNFRSF4,ppac
TARGET.20.PASSPT.09A,TNFRSF4,3.977343346970512,TNFRSF4,ppac
TARGET.20.PAVACZ.09A,TNFRSF4,4.616211462017656,TNFRSF4,ppac
TARGET.20.PAWGTG.09A,TNFRSF4,3.523431312700241,TNFRSF4,ppac
TARGET.20.PASGGK.09A,TNFRSF4,0.8134981541137112,TNFRSF4,ppac
TARGET.20.PANGJY.09A,TNFRSF4,0.5393437203529139,TNFRSF4,ppac
TARGET.20.PAXLHS.09A,TNFRSF4,1.696372055610058,TNFRSF4,ppac
TARGET.20.PAXETC.09A,TNFRSF4,1.4328441654257975,TNFRSF4,ppac
TARGET.20.PARMZF.09A,TNFRSF4,1.023395732700484,TNFRSF4,ppac
TARGET.20.PASBPW.09A,TNFRSF4,1.0125150275423085,TNFRSF4,ppac
TARGET.20.PAVZNG.09A,TNFRSF4,2.4397721013822595,TNFRSF4,ppac
TARGET.20.PAVPMJ.09A,TNFRSF4,2.0206597868847957,TNFRSF4,ppac
TARGET.20.PAWSKR.09A,TNFRSF4,2.131461346751269,TNFRSF4,ppac
TARGET.20.PAULWG.09A,TNFRSF4,2.083695633194173,TNFRSF4,ppac
TARGET.20.PAWNGI.09A,TNFRSF4,0.3492751009600172,TNFRSF4,ppac
TARGET.20.PAVTRU.09A,TNFRSF4,0.7357726877463868,TNFRSF4,ppac
TARGET.21.PATISD.09A,TNFRSF4,2.7544155146031226,TNFRSF4,ppac
TARGET.20.PAWTWW.09A,TNFRSF4,1.3466177312749996,TNFRSF4,ppac
TARGET.20.PAVSIZ.09A,TNFRSF4,0.6902283889223307,TNFRSF4,ppac
TARGET.20.PARUWX.09A,TNFRSF4,4.628727913754318,TNFRSF4,ppac
TARGET.21.PAMYMA.09A,TNFRSF4,0.9930264791227346,TNFRSF4,ppac
TARGET.20.PAWFBA.09A,TNFRSF4,1.7205264876250237,TNFRSF4,ppac
TARGET.20.PARDDA.09A,TNFRSF4,0.1794428942617323,TNFRSF4,ppac
TARGET.20.PABLDZ.09A,TNFRSF4,0.3815254218932618,TNFRSF4,ppac
TARGET.20.PARENB.09A,TNFRSF4,0.368371681696985,TNFRSF4,ppac
TARGET.20.PARXZP.09A,TNFRSF4,0.6217147561397659,TNFRSF4,ppac
TARGET.20.PAUSMT.09A,TNFRSF4,1.569163962542056,TNFRSF4,ppac
TARGET.20.PAXJNP.09A,TNFRSF4,0.6943193802954563,TNFRSF4,ppac
TARGET.20.PAULIY.09A,TNFRSF4,1.738641826772754,TNFRSF4,ppac
TARGET.20.PAUVSU.09A,TNFRSF4,6.342115996818342,TNFRSF4,ppac
TARGET.20.PANVBP.09A,TNFRSF4,0.9056817375857596,TNFRSF4,ppac
TARGET.20.PAWRNZ.09A,TNFRSF4,3.918616149077296,TNFRSF4,ppac
TARGET.20.PARBIU.09A,TNFRSF4,0.412923376809146,TNFRSF4,ppac
TARGET.20.PAEAFC.09A,TNFRSF4,1.088928615957827,TNFRSF4,ppac
TARGET.20.PAWVNC.09A,TNFRSF4,3.2904795657042794,TNFRSF4,ppac
TARGET.20.PAUWEW.09A,TNFRSF4,0.6853423757852279,TNFRSF4,ppac
TARGET.20.PAWYEK.09A,TNFRSF4,1.5792880130441258,TNFRSF4,ppac
TARGET.20.PAXMPW.09A,TNFRSF4,1.0562815248552,TNFRSF4,ppac
TARGET.20.PAUVWF.09A,TNFRSF4,6.8074898056677755,TNFRSF4,ppac
TARGET.20.PAXGPE.09A,TNFRSF4,2.4271772502095255,TNFRSF4,ppac
TARGET.20.PAWDTX.09A,TNFRSF4,1.7233912359987198,TNFRSF4,ppac
TARGET.20.PAVUAP.09A,TNFRSF4,1.7589793347937566,TNFRSF4,ppac
TARGET.20.PAXKAL.09A,TNFRSF4,0.898116120094813,TNFRSF4,ppac
TARGET.20.PAVDBD.09A,TNFRSF4,5.741423901766001,TNFRSF4,ppac
TARGET.20.PAUSZL.09A,TNFRSF4,0.4403715284869308,TNFRSF4,ppac
TARGET.20.PAVPJM.09A,TNFRSF4,2.4135618105177588,TNFRSF4,ppac
TARGET.20.PAVKEX.09A,TNFRSF4,2.06672249765437,TNFRSF4,ppac
TARGET.20.PARYEB.09A,TNFRSF4,2.714878089797438,TNFRSF4,ppac
TARGET.20.PAWXSL.09A,TNFRSF4,4.30841734298758,TNFRSF4,ppac
TARGET.20.PAWVCG.09A,TNFRSF4,1.2901519514467046,TNFRSF4,ppac
TARGET.20.PAVTWM.09A,TNFRSF4,1.4360578586187964,TNFRSF4,ppac
TARGET.20.PAVHWT.09A,TNFRSF4,3.160501950906061,TNFRSF4,ppac
TARGET.20.PARUUB.09A,TNFRSF4,0.2197516432665167,TNFRSF4,ppac
TARGET.20.PAURPD.09A,TNFRSF4,5.939057952271015,TNFRSF4,ppac
TARGET.20.PARUNX.09A,TNFRSF4,2.299482066641868,TNFRSF4,ppac
TARGET.20.PASDGX.09A,TNFRSF4,1.4242546372435607,TNFRSF4,ppac
TARGET.20.PAVDZK.09A,TNFRSF4,2.9265540796845126,TNFRSF4,ppac
TARGET.20.PANUTB.09A,TNFRSF4,1.3687832218123448,TNFRSF4,ppac
TARGET.20.PAXMKU.09A,TNFRSF4,1.411142515141088,TNFRSF4,ppac
TARGET.20.PAERAH.09A,TNFRSF4,0.9210173253255246,TNFRSF4,ppac
TARGET.20.PAUDNA.09A,TNFRSF4,5.350243174244756,TNFRSF4,ppac
TARGET.20.PAVMED.09A,TNFRSF4,1.8083529106429943,TNFRSF4,ppac
TARGET.20.PANTIV.09A,TNFRSF4,6.980909268243338,TNFRSF4,ppac
TARGET.20.PAWVGN.09A,TNFRSF4,1.0369189651142123,TNFRSF4,ppac
TARGET.20.PAWKUR.09A,TNFRSF4,1.3323287897790657,TNFRSF4,ppac
TARGET.20.PAWPMA.09A,TNFRSF4,2.4650711818796074,TNFRSF4,ppac
TARGET.20.PAVGXF.09A,TNFRSF4,2.153282209751856,TNFRSF4,ppac
TARGET.20.PAXKKE.09A,TNFRSF4,0.7528178316353665,TNFRSF4,ppac
TARGET.20.PARHVK.09A,TNFRSF4,5.859156256305606,TNFRSF4,ppac
TARGET.20.PAVFYL.09A,TNFRSF4,2.0198313885221646,TNFRSF4,ppac
TARGET.21.PANZLR.09A,TNFRSF4,3.5225745892757203,TNFRSF4,ppac
TARGET.20.PAWIHN.09A,TNFRSF4,1.1509107811947448,TNFRSF4,ppac
TARGET.20.PAWSWR.09A,TNFRSF4,0.7015142579000839,TNFRSF4,ppac
TARGET.20.PAXMLN.09A,TNFRSF4,0.8979219110544144,TNFRSF4,ppac
TARGET.20.PAWJPN.09A,TNFRSF4,3.2257598377040178,TNFRSF4,ppac
TARGET.20.PAVVAB.09A,TNFRSF4,0.5840447094604792,TNFRSF4,ppac
TARGET.20.PAWHJI.09A,TNFRSF4,1.3700426288266148,TNFRSF4,ppac
TARGET.20.PAVXUR.09A,TNFRSF4,0.6022717731722105,TNFRSF4,ppac
TARGET.20.PAVUHF.09A,TNFRSF4,1.4566636767712635,TNFRSF4,ppac
TARGET.20.PANLIZ.09A,TNFRSF4,0.2039944859399829,TNFRSF4,ppac
TARGET.20.PAVHXU.09A,TNFRSF4,1.9256511084166985,TNFRSF4,ppac
TARGET.20.PAXBSE.09A,TNFRSF4,2.51271146875246,TNFRSF4,ppac
TARGET.20.PARBXE.09A,TNFRSF4,1.443825913323417,TNFRSF4,ppac
TARGET.20.PAWUWJ.09A,TNFRSF4,1.8528125438960157,TNFRSF4,ppac
TARGET.20.PAVDHJ.09A,TNFRSF4,1.6020232414916789,TNFRSF4,ppac
TARGET.20.PANINI.09A,TNFRSF4,1.3606422023509002,TNFRSF4,ppac
TARGET.20.PATMXW.09A,TNFRSF4,6.101385977369838,TNFRSF4,ppac
TARGET.20.PAXCZX.09A,TNFRSF4,2.0024390619381767,TNFRSF4,ppac
TARGET.20.PAXCVR.09A,TNFRSF4,1.3960450564124147,TNFRSF4,ppac
TARGET.20.PAVDBK.09A,TNFRSF4,0.73198693771353,TNFRSF4,ppac
TARGET.20.PAUJCF.09A,TNFRSF4,0.6482600514939421,TNFRSF4,ppac
TARGET.20.PAXGIX.09A,TNFRSF4,0.9013015442684944,TNFRSF4,ppac
TARGET.20.PASIZX.09A,TNFRSF4,4.328338349756933,TNFRSF4,ppac
TARGET.20.PAWLEB.09A,TNFRSF4,0.4005126217005226,TNFRSF4,ppac
TARGET.20.PAVNIX.09A,TNFRSF4,3.848162403935622,TNFRSF4,ppac
TARGET.20.PAWWLI.09A,TNFRSF4,0.2975377041958484,TNFRSF4,ppac
TARGET.20.PAVULK.09A,TNFRSF4,1.144180810028477,TNFRSF4,ppac
TARGET.20.PAWIXW.09A,TNFRSF4,1.255312278956562,TNFRSF4,ppac
TARGET.20.PAXIFA.09A,TNFRSF4,0.7914147977380961,TNFRSF4,ppac
TARGET.20.PAUMTZ.09A,TNFRSF4,0.6540038793299938,TNFRSF4,ppac
TARGET.20.PAXDBF.09A,TNFRSF4,2.1771468393188194,TNFRSF4,ppac
TARGET.20.PAVKVT.09A,TNFRSF4,2.811466230432442,TNFRSF4,ppac
TARGET.20.PANFMG.09A,TNFRSF4,0.4216569044523315,TNFRSF4,ppac
TARGET.20.PARZUU.09A,TNFRSF4,0.902880576247406,TNFRSF4,ppac
TARGET.20.PAVANX.09A,TNFRSF4,1.690723405136746,TNFRSF4,ppac
TARGET.20.PAWPVX.09A,TNFRSF4,1.051813215679091,TNFRSF4,ppac
TARGET.20.PAVDYE.09A,TNFRSF4,0.7265126454996911,TNFRSF4,ppac
TARGET.20.PAXLXJ.09A,TNFRSF4,2.5757069289774135,TNFRSF4,ppac
TARGET.20.PAUYHR.09A,TNFRSF4,2.733255125077449,TNFRSF4,ppac
TARGET.20.PARDDY.09A,TNFRSF4,2.277077859125316,TNFRSF4,ppac
TARGET.20.PANXPU.09A,TNFRSF4,1.2247811316001729,TNFRSF4,ppac
TARGET.20.PAVJCJ.09A,TNFRSF4,1.824794686866059,TNFRSF4,ppac
TARGET.20.PAXGHE.09A,TNFRSF4,0.8416108922244293,TNFRSF4,ppac
TARGET.20.PAWBYK.09A,TNFRSF4,0.9466709242198266,TNFRSF4,ppac
TARGET.20.PAWRKX.09A,TNFRSF4,1.6548602802835697,TNFRSF4,ppac
TARGET.20.PATDNN.09A,TNFRSF4,0.0871091783311249,TNFRSF4,ppac
TARGET.20.PAVZIB.09A,TNFRSF4,3.1175823014550343,TNFRSF4,ppac
TARGET.20.PAUVGD.09A,TNFRSF4,2.0839632405571926,TNFRSF4,ppac
TARGET.20.PAXEHH.09A,TNFRSF4,1.2563409182278589,TNFRSF4,ppac
TARGET.20.PANGTF.09A,TNFRSF4,0.6223230401982573,TNFRSF4,ppac
TARGET.20.PAVNHN.09A,TNFRSF4,0.7363637372072377,TNFRSF4,ppac
TARGET.20.PANGDN.09A,TNFRSF4,0.7424984342105132,TNFRSF4,ppac
TARGET.20.PAVPMH.09A,TNFRSF4,0.4457964253900575,TNFRSF4,ppac
TARGET.20.PAVDNF.09A,TNFRSF4,5.059956113524786,TNFRSF4,ppac
TARGET.20.PARCHW.09A,TNFRSF4,1.8011633975124384,TNFRSF4,ppac
TARGET.20.PAXACY.09A,TNFRSF4,3.514069493894979,TNFRSF4,ppac
TARGET.20.PAWYNR.09A,TNFRSF4,1.9152460110451743,TNFRSF4,ppac
TARGET.20.PAXLJV.09A,TNFRSF4,1.9163498903662344,TNFRSF4,ppac
TARGET.20.PAUYAE.09A,TNFRSF4,1.3653244431983729,TNFRSF4,ppac
TARGET.20.PAWBDK.09A,TNFRSF4,1.7609484990049928,TNFRSF4,ppac
TARGET.20.PASTTW.09A,TNFRSF4,1.4322570046906429,TNFRSF4,ppac
TARGET.20.PARXVI.09A,TNFRSF4,2.822224108246263,TNFRSF4,ppac
TARGET.20.PAWKYG.09A,TNFRSF4,4.053804427196582,TNFRSF4,ppac
TARGET.20.PAVPLM.09A,TNFRSF4,2.119453923046553,TNFRSF4,ppac
TARGET.20.PANXWX.09A,TNFRSF4,3.11976937707831,TNFRSF4,ppac
TARGET.20.PAUNBR.09A,TNFRSF4,0.2886768593348984,TNFRSF4,ppac
TARGET.20.PAVANE.09A,TNFRSF4,2.2896011712379782,TNFRSF4,ppac
TARGET.20.PARKCX.09A,TNFRSF4,0.412476171421112,TNFRSF4,ppac
TARGET.20.PARJWH.09A,TNFRSF4,1.1681552952478709,TNFRSF4,ppac
TARGET.20.PATSSY.09A,TNFRSF4,5.027566479083191,TNFRSF4,ppac
TARGET.20.PAWMII.09A,TNFRSF4,2.271419293529873,TNFRSF4,ppac
TARGET.20.PAVDBT.09A,TNFRSF4,1.1106955004615424,TNFRSF4,ppac
TARGET.20.PAEFHC.09A,TNFRSF4,5.781650197743368,TNFRSF4,ppac
TARGET.20.PAXGSJ.09A,TNFRSF4,1.2485295892210937,TNFRSF4,ppac
TARGET.20.PAVNAZ.09A,TNFRSF4,1.621404475779112,TNFRSF4,ppac
TARGET.20.PAUHGM.09A,TNFRSF4,3.802791522448477,TNFRSF4,ppac
TARGET.20.PAUJBK.09A,TNFRSF4,5.023609917423093,TNFRSF4,ppac
TARGET.20.PALBYP.09A,TNFRSF4,2.714839490572639,TNFRSF4,ppac
TARGET.20.PAXFAG.09A,TNFRSF4,4.256875344280283,TNFRSF4,ppac
TARGET.20.PANJFJ.09A,TNFRSF4,0.6974424733714056,TNFRSF4,ppac
TARGET.20.PAXLMN.09A,TNFRSF4,0.4438071374054827,TNFRSF4,ppac
TARGET.20.PAPXWI.09A,TNFRSF4,1.990710403275881,TNFRSF4,ppac
TARGET.20.PAVDXS.09A,TNFRSF4,0.5067635966074311,TNFRSF4,ppac
TARGET.20.PAUYHB.09A,TNFRSF4,0.9296921424842464,TNFRSF4,ppac
TARGET.20.PASPGA.09A,TNFRSF4,1.9855171243299632,TNFRSF4,ppac
TARGET.20.PAUSLS.09A,TNFRSF4,1.1625992830856924,TNFRSF4,ppac
TARGET.20.PAXISI.09A,TNFRSF4,1.0293736392558992,TNFRSF4,ppac
TARGET.20.PAWNIX.09A,TNFRSF4,1.0139358210671818,TNFRSF4,ppac
TARGET.20.PAXHYG.09A,TNFRSF4,1.1662244443526963,TNFRSF4,ppac
TARGET.20.PAUPIY.09A,TNFRSF4,1.0298681310778786,TNFRSF4,ppac
TARGET.20.PAWCII.09A,TNFRSF4,1.971953659201185,TNFRSF4,ppac
TARGET.20.PAUUYP.09A,TNFRSF4,4.871540083642047,TNFRSF4,ppac
TARGET.20.PASMGW.09A,TNFRSF4,0.6763996721873805,TNFRSF4,ppac
TARGET.20.PAXEWD.09A,TNFRSF4,2.129465696012472,TNFRSF4,ppac
TARGET.20.PAVTKK.09A,TNFRSF4,1.5119740663449854,TNFRSF4,ppac
TARGET.20.PANTWV.09A,TNFRSF4,0.1716931237898001,TNFRSF4,ppac
TARGET.20.PARZWH.09A,TNFRSF4,2.113938763225031,TNFRSF4,ppac
TARGET.20.PAWLTL.09A,TNFRSF4,5.1409437341306985,TNFRSF4,ppac
TARGET.20.PANBZH.09A,TNFRSF4,0.6374524509059016,TNFRSF4,ppac
TARGET.20.PAVKNA.09A,TNFRSF4,0.5645014379974284,TNFRSF4,ppac
TARGET.20.PAXGDG.09A,TNFRSF4,0.5426641594420647,TNFRSF4,ppac
TARGET.20.PAXBAP.09A,TNFRSF4,1.793111108076269,TNFRSF4,ppac
TARGET.20.PAXGNZ.09A,TNFRSF4,2.342001973662826,TNFRSF4,ppac
TARGET.20.PAVGYA.09A,TNFRSF4,0.3315566371040354,TNFRSF4,ppac
TARGET.20.PARUBT.09A,TNFRSF4,2.829374443879862,TNFRSF4,ppac
TARGET.20.PAWXCK.09A,TNFRSF4,1.58641627732032,TNFRSF4,ppac
TARGET.20.PARLSW.09A,TNFRSF4,1.9990627468572637,TNFRSF4,ppac
TARGET.20.PASARK.09A,TNFRSF4,3.2096235898429426,TNFRSF4,ppac
TARGET.20.PAWWPA.09A,TNFRSF4,2.920335413304542,TNFRSF4,ppac
TARGET.20.PAWIEM.09A,TNFRSF4,1.46708027805078,TNFRSF4,ppac
TARGET.20.PAUVBS.09A,TNFRSF4,4.246986963370182,TNFRSF4,ppac
TARGET.20.PAPZLT.09A,TNFRSF4,1.108826013929682,TNFRSF4,ppac
TARGET.21.PARNAW.09A,TNFRSF4,1.0048595120451846,TNFRSF4,ppac
TARGET.20.PAVFHT.09A,TNFRSF4,1.283699262879532,TNFRSF4,ppac
TARGET.20.PAURJZ.09A,TNFRSF4,0.7302232299521506,TNFRSF4,ppac
TARGET.20.PAXFDN.09A,TNFRSF4,1.5643709050040793,TNFRSF4,ppac
TARGET.20.PAWUCG.09A,TNFRSF4,0.889721051940407,TNFRSF4,ppac
TARGET.20.PAURMH.09A,TNFRSF4,5.046970850253823,TNFRSF4,ppac
TARGET.20.PANTPW.09A,TNFRSF4,1.8853980183399872,TNFRSF4,ppac
TARGET.20.PAUNBY.09A,TNFRSF4,1.9716188068510816,TNFRSF4,ppac
TARGET.20.PASLTF.09A,TNFRSF4,0.9457676345909264,TNFRSF4,ppac
TARGET.21.PARBTV.09A,TNFRSF4,1.9955874893241403,TNFRSF4,ppac
TARGET.20.PAEAKL.09A,TNFRSF4,0.5840583006457357,TNFRSF4,ppac
TARGET.20.PAVZJM.09A,TNFRSF4,0.4505984218443821,TNFRSF4,ppac
TARGET.20.PAUWCF.09A,TNFRSF4,0.6005536825356447,TNFRSF4,ppac
TARGET.20.PAVNWF.09A,TNFRSF4,1.049241075266069,TNFRSF4,ppac
TARGET.20.PAVWRN.09A,TNFRSF4,3.7168184486849793,TNFRSF4,ppac
TARGET.20.PAWNHU.09A,TNFRSF4,1.8861295905193871,TNFRSF4,ppac
TARGET.20.PASGCE.09A,TNFRSF4,1.5275721919620242,TNFRSF4,ppac
TARGET.20.PANUTX.09A,TNFRSF4,6.387663601676273,TNFRSF4,ppac
TARGET.20.PAVSSE.09A,TNFRSF4,1.283106160646473,TNFRSF4,ppac
TARGET.20.PAXJPP.09A,TNFRSF4,2.7368524694636296,TNFRSF4,ppac
TARGET.20.PAKERZ.09A,TNFRSF4,1.5615589475886886,TNFRSF4,ppac
TARGET.20.PASFEW.09A,TNFRSF4,2.996240169576253,TNFRSF4,ppac
TARGET.20.PARBFJ.09A,TNFRSF4,2.3232433716393293,TNFRSF4,ppac
TARGET.20.PAVUPX.09A,TNFRSF4,1.0878032085223024,TNFRSF4,ppac
TARGET.20.PASILA.09A,TNFRSF4,3.400231165489145,TNFRSF4,ppac
TARGET.20.PAWRGZ.09A,TNFRSF4,4.42752788963417,TNFRSF4,ppac
TARGET.20.PAVEDT.09A,TNFRSF4,2.4299312233519204,TNFRSF4,ppac
TARGET.20.PAXFHW.09A,TNFRSF4,0.7521888350775723,TNFRSF4,ppac
TARGET.20.PATJCR.09A,TNFRSF4,4.604944499278112,TNFRSF4,ppac
TARGET.20.PAVAKA.09A,TNFRSF4,3.570587932810341,TNFRSF4,ppac
TARGET.20.PANLJN.09A,TNFRSF4,1.6661693977350005,TNFRSF4,ppac
TARGET.20.PAUUTI.09A,TNFRSF4,1.057829271672241,TNFRSF4,ppac
TARGET.20.PAXBEF.09A,TNFRSF4,1.8803030312514797,TNFRSF4,ppac
TARGET.20.PAWRSU.09A,TNFRSF4,0.7594758795070168,TNFRSF4,ppac
TARGET.20.PAWPBT.09A,TNFRSF4,2.9280097756903185,TNFRSF4,ppac
TARGET.20.PATZVF.09A,TNFRSF4,6.512794801586124,TNFRSF4,ppac
TARGET.20.PAWFMF.09A,TNFRSF4,1.229351697735233,TNFRSF4,ppac
TARGET.20.PAUUXA.09A,TNFRSF4,1.2798203380461826,TNFRSF4,ppac
TARGET.20.PAVUBN.09A,TNFRSF4,3.862558112114131,TNFRSF4,ppac
TARGET.20.PASPFE.09A,TNFRSF4,0.2225912754376339,TNFRSF4,ppac
TARGET.20.PARYVW.09A,TNFRSF4,2.1550081569613204,TNFRSF4,ppac
TARGET.20.PAXCYN.09A,TNFRSF4,2.472010113458388,TNFRSF4,ppac
TARGET.20.PAVALI.09A,TNFRSF4,2.475873389802313,TNFRSF4,ppac
TARGET.20.PAWEBG.09A,TNFRSF4,1.1282765249464932,TNFRSF4,ppac
TARGET.20.PAPAPD.09A,TNFRSF4,3.401442297717702,TNFRSF4,ppac
TARGET.20.PAUWUZ.09A,TNFRSF4,0.5957017670563656,TNFRSF4,ppac
TARGET.20.PAUWRZ.09A,TNFRSF4,0.9871219486474804,TNFRSF4,ppac
TARGET.21.PASDXR.09A,TNFRSF4,1.9643307835891883,TNFRSF4,ppac
TARGET.20.PAUYCB.09A,TNFRSF4,1.103105250656118,TNFRSF4,ppac
TARGET.20.PAVWBB.09A,TNFRSF4,2.9697308013860497,TNFRSF4,ppac
TARGET.20.PASPSV.09A,TNFRSF4,0.7844525741441261,TNFRSF4,ppac
TARGET.20.PAXGTM.09A,TNFRSF4,0.7620421314149121,TNFRSF4,ppac
TARGET.20.PAUYCA.09A,TNFRSF4,3.5687668203029324,TNFRSF4,ppac
TARGET.20.PAXBXI.09A,TNFRSF4,0.9878030226018886,TNFRSF4,ppac
TARGET.20.PAWMKP.09A,TNFRSF4,0.3935881068617416,TNFRSF4,ppac
TARGET.21.PASFJJ.09A,TNFRSF4,0.0621269271962855,TNFRSF4,ppac
TARGET.20.PASWAJ.09A,TNFRSF4,3.0689769984475928,TNFRSF4,ppac
TARGET.20.PAWUUE.09A,TNFRSF4,3.672100360617358,TNFRSF4,ppac
TARGET.20.PAPZIZ.09A,TNFRSF4,1.1099107969687398,TNFRSF4,ppac
TARGET.20.PAWLYM.09A,TNFRSF4,1.3368853155997122,TNFRSF4,ppac
TARGET.20.PAWHFW.09A,TNFRSF4,2.3017434502495275,TNFRSF4,ppac
TARGET.20.PAWMNN.09A,TNFRSF4,1.8964045797490552,TNFRSF4,ppac
TARGET.20.PAUWYR.09A,TNFRSF4,1.8942991198934331,TNFRSF4,ppac
TARGET.20.PAWJJY.09A,TNFRSF4,2.009745255554213,TNFRSF4,ppac
TARGET.20.PAWMGT.09A,TNFRSF4,0.5363973427687591,TNFRSF4,ppac
TARGET.20.PAVSVU.09A,TNFRSF4,3.5788209082276605,TNFRSF4,ppac
TARGET.20.PAVBFN.09A,TNFRSF4,2.9121641538084937,TNFRSF4,ppac
TARGET.20.PASELF.09A,TNFRSF4,0.6751606477731412,TNFRSF4,ppac
TARGET.21.PASFHK.09A,TNFRSF4,0.5962964811245602,TNFRSF4,ppac
TARGET.20.PAXDDY.09A,TNFRSF4,1.432928705299344,TNFRSF4,ppac
TARGET.20.PARXEC.09A,TNFRSF4,0.1700134827467426,TNFRSF4,ppac
TARGET.20.PAVTLN.09A,TNFRSF4,1.6961619299631907,TNFRSF4,ppac
TARGET.20.PAVAYD.09A,TNFRSF4,0.8658812111158534,TNFRSF4,ppac
TARGET.20.PAVBZM.09A,TNFRSF4,0.8335040470670436,TNFRSF4,ppac
TARGET.20.PASEYM.09A,TNFRSF4,0.0,TNFRSF4,ppac
TARGET.20.PAPAJE.09A,TNFRSF4,0.4610450980863586,TNFRSF4,ppac
TARGET.20.PAWEVC.09A,TNFRSF4,2.5825396315854694,TNFRSF4,ppac
TARGET.20.PASFVP.09A,TNFRSF4,3.4042320457721353,TNFRSF4,ppac
TARGET.20.PASLMR.09A,TNFRSF4,1.4289434769891294,TNFRSF4,ppac
TARGET.20.PAUYNI.09A,TNFRSF4,6.177126394289072,TNFRSF4,ppac
TARGET.20.PAVDFC.09A,TNFRSF4,2.537712849649561,TNFRSF4,ppac
TARGET.20.PAVTMY.09A,TNFRSF4,1.6675435286462803,TNFRSF4,ppac
TARGET.20.PASWLN.09A,TNFRSF4,3.049059023289557,TNFRSF4,ppac
TARGET.20.PAULSL.09A,TNFRSF4,1.4681062451289588,TNFRSF4,ppac
TARGET.20.PATBFL.09A,TNFRSF4,2.3406764912636886,TNFRSF4,ppac
TARGET.20.PASGZS.09A,TNFRSF4,1.7056439097054388,TNFRSF4,ppac
TARGET.20.PAVTDW.09A,TNFRSF4,1.1253580960276743,TNFRSF4,ppac
TARGET.20.PAXCWR.09A,TNFRSF4,3.960656495523732,TNFRSF4,ppac
TARGET.20.PAUBKI.09A,TNFRSF4,5.6426595192840745,TNFRSF4,ppac
TARGET.20.PAXKAI.09A,TNFRSF4,1.7118228345118789,TNFRSF4,ppac
TARGET.20.PAPVZK.09A,TNFRSF4,0.644012956019397,TNFRSF4,ppac
TARGET.20.PAUMGZ.09A,TNFRSF4,2.77704228300706,TNFRSF4,ppac
TARGET.20.PASWTY.09A,TNFRSF4,2.9271389270243695,TNFRSF4,ppac
TARGET.20.PANJTK.09A,TNFRSF4,1.3959755961074782,TNFRSF4,ppac
TARGET.20.PAXARD.09A,TNFRSF4,1.0064450741548938,TNFRSF4,ppac
TARGET.20.PAVPFR.09A,TNFRSF4,1.0259564588925203,TNFRSF4,ppac
TARGET.20.PAVYPX.09A,TNFRSF4,2.2662894841582135,TNFRSF4,ppac
TARGET.20.PAXMFG.09A,TNFRSF4,0.4113773061112884,TNFRSF4,ppac
TARGET.20.PALNAT.09A,TNFRSF4,0.2250527270155666,TNFRSF4,ppac
TARGET.20.PANDER.09A,TNFRSF4,0.4999459330908312,TNFRSF4,ppac
TARGET.20.PAXLDI.09A,TNFRSF4,2.803710399846082,TNFRSF4,ppac
TARGET.20.PASSLT.09A,TNFRSF4,0.49500854389795,TNFRSF4,ppac
TARGET.20.PAWMDY.09A,TNFRSF4,3.5033765084463933,TNFRSF4,ppac
TARGET.20.PAWYRT.09A,TNFRSF4,2.288465759302426,TNFRSF4,ppac
TARGET.20.PAWGKS.09A,TNFRSF4,2.0186209681048393,TNFRSF4,ppac
TARGET.20.PATGRR.09A,TNFRSF4,3.8415333205462407,TNFRSF4,ppac
TARGET.20.PAVJRF.09A,TNFRSF4,0.7508449749748629,TNFRSF4,ppac
TARGET.20.PAXIHA.09A,TNFRSF4,0.0,TNFRSF4,ppac
TARGET.20.PAUWFM.09A,TNFRSF4,1.9394298692155476,TNFRSF4,ppac
TARGET.20.PARCUK.09A,TNFRSF4,0.0759738201641485,TNFRSF4,ppac
TARGET.20.PAVKAH.09A,TNFRSF4,1.1238850540461074,TNFRSF4,ppac
TARGET.20.PAUYZY.09A,TNFRSF4,1.5930525324371356,TNFRSF4,ppac
TARGET.20.PARMME.09A,TNFRSF4,1.8224644550782705,TNFRSF4,ppac
TARGET.20.PASVVS.09A,TNFRSF4,0.4002107076532169,TNFRSF4,ppac
TARGET.20.PAXGXR.09A,TNFRSF4,1.409243330806405,TNFRSF4,ppac
TARGET.20.PAXANS.09A,TNFRSF4,2.641095187541332,TNFRSF4,ppac
TARGET.20.PAWHAX.09A,TNFRSF4,2.224576895685259,TNFRSF4,ppac
TARGET.20.PAVXZL.09A,TNFRSF4,1.0742097074777637,TNFRSF4,ppac
TARGET.20.PASPLU.09A,TNFRSF4,0.4390224073033817,TNFRSF4,ppac
TARGET.20.PAUXKD.09A,TNFRSF4,5.417596795345459,TNFRSF4,ppac
TARGET.20.PAVWZV.09A,TNFRSF4,3.101118598649649,TNFRSF4,ppac
TARGET.20.PANKNB.09A,TNFRSF4,0.3217302027102067,TNFRSF4,ppac
TARGET.20.PAVTXM.09A,TNFRSF4,1.5839959933376178,TNFRSF4,ppac
TARGET.20.PAXBNE.09A,TNFRSF4,1.0490595174042523,TNFRSF4,ppac
TARGET.20.PAXBLW.09A,TNFRSF4,1.504825751895989,TNFRSF4,ppac
TARGET.20.PAWZZN.09A,TNFRSF4,2.07068715914892,TNFRSF4,ppac
TARGET.20.PAVLAE.09A,TNFRSF4,1.1061533640428325,TNFRSF4,ppac
TARGET.20.PAWIVB.09A,TNFRSF4,0.7848863943102811,TNFRSF4,ppac
TARGET.20.PAWPCN.09A,TNFRSF4,0.7012199881441538,TNFRSF4,ppac
TARGET.20.PAXCPM.09A,TNFRSF4,2.1379477299999263,TNFRSF4,ppac
TARGET.20.PAUXLK.09A,TNFRSF4,0.4831438091954467,TNFRSF4,ppac
TARGET.20.PAVZBG.09A,TNFRSF4,2.4052291255228724,TNFRSF4,ppac
TARGET.20.PAVPCA.09A,TNFRSF4,1.725304149473141,TNFRSF4,ppac
TARGET.20.PAUHTE.09A,TNFRSF4,5.049713709032838,TNFRSF4,ppac
TARGET.21.PARLSL.09A,TNFRSF4,0.9855385776076871,TNFRSF4,ppac
TARGET.20.PAVGIX.09A,TNFRSF4,1.7561457226706183,TNFRSF4,ppac
TARGET.20.PAWMIP.09A,TNFRSF4,1.1795372660992232,TNFRSF4,ppac
TARGET.20.PAEEYP.09A,TNFRSF4,0.1217183524079009,TNFRSF4,ppac
TARGET.20.PAUVBZ.09A,TNFRSF4,4.728496370418315,TNFRSF4,ppac
TARGET.20.PAXIIP.09A,TNFRSF4,0.6007618577875677,TNFRSF4,ppac
TARGET.20.PANZKA.09A,TNFRSF4,0.1365980294374106,TNFRSF4,ppac
TARGET.20.PAXARX.09A,TNFRSF4,0.9246514036384316,TNFRSF4,ppac
TARGET.20.PAUMJB.09A,TNFRSF4,0.2550353576883656,TNFRSF4,ppac
TARGET.20.PATBUK.09A,TNFRSF4,4.549444104136751,TNFRSF4,ppac
TARGET.20.PAUZSY.09A,TNFRSF4,1.4877090625469862,TNFRSF4,ppac
TARGET.20.PASFNP.09A,TNFRSF4,1.023643127042161,TNFRSF4,ppac
TARGET.20.PAVIDK.09A,TNFRSF4,0.9309058907068049,TNFRSF4,ppac
TARGET.20.PAXMLW.09A,TNFRSF4,3.874958743903891,TNFRSF4,ppac
TARGET.20.PATWYU.09A,TNFRSF4,7.674570311102021,TNFRSF4,ppac
TARGET.20.PASFJB.09A,TNFRSF4,0.8961387005561705,TNFRSF4,ppac
TARGET.20.PAWUAE.09A,TNFRSF4,1.1752870846134509,TNFRSF4,ppac
TARGET.21.PASSLT.09A,TNFRSF4,0.3364527949778482,TNFRSF4,ppac
TARGET.20.PAUJNJ.09A,TNFRSF4,1.292119215675125,TNFRSF4,ppac
TARGET.20.PAXEMU.09A,TNFRSF4,1.8138556281664184,TNFRSF4,ppac
TARGET.20.PAVIXV.09A,TNFRSF4,1.9101424431411331,TNFRSF4,ppac
TARGET.20.PAVNKI.09A,TNFRSF4,1.5387645402011538,TNFRSF4,ppac
TARGET.20.PAVAAM.09A,TNFRSF4,1.1804257645962628,TNFRSF4,ppac
TARGET.20.PANSBH.09A,TNFRSF4,2.3627217860507432,TNFRSF4,ppac
TARGET.20.PAWFFJ.09A,TNFRSF4,0.6792303091754737,TNFRSF4,ppac
TARGET.20.PAUVEF.09A,TNFRSF4,3.510516635302948,TNFRSF4,ppac
TARGET.20.PAWEYY.09A,TNFRSF4,0.4779747970323449,TNFRSF4,ppac
TARGET.20.PAWNAP.09A,TNFRSF4,1.2598953395678223,TNFRSF4,ppac
TARGET.20.PAXFWY.09A,TNFRSF4,2.5383912360701064,TNFRSF4,ppac
TARGET.20.PAWLKE.09A,TNFRSF4,0.2377056622445454,TNFRSF4,ppac
TARGET.20.PASZZE.09A,TNFRSF4,1.4817744684608003,TNFRSF4,ppac
TARGET.21.PASYWA.09A,TNFRSF4,0.8944702319998445,TNFRSF4,ppac
TARGET.20.PAUBLN.09A,TNFRSF4,5.602637404182755,TNFRSF4,ppac
TARGET.20.PAWPDC.09A,TNFRSF4,1.69094533811369,TNFRSF4,ppac
TARGET.20.PASRTP.09A,TNFRSF4,7.574086165605097,TNFRSF4,ppac
TARGET.20.PAWLHJ.09A,TNFRSF4,0.119074809475622,TNFRSF4,ppac
TARGET.20.PARWXS.09A,TNFRSF4,0.5055562012833209,TNFRSF4,ppac
TARGET.20.PAXLEE.09A,TNFRSF4,2.542379935737781,TNFRSF4,ppac
TARGET.20.PATVRA.09A,TNFRSF4,4.941425653453391,TNFRSF4,ppac
TARGET.20.PASSSI.09A,TNFRSF4,0.3336223876887004,TNFRSF4,ppac
TARGET.20.PAUMZV.09A,TNFRSF4,5.772407330029497,TNFRSF4,ppac
TARGET.20.PAXFEE.09A,TNFRSF4,1.449339986217156,TNFRSF4,ppac
TARGET.20.PAWNPU.09A,TNFRSF4,2.526034199687376,TNFRSF4,ppac
TARGET.20.PAECCE.09A,TNFRSF4,0.7847358456797454,TNFRSF4,ppac
TARGET.20.PAVSHX.09A,TNFRSF4,1.1028666683972002,TNFRSF4,ppac
TARGET.20.PAVDDU.09A,TNFRSF4,6.153810131598354,TNFRSF4,ppac
TARGET.20.PAUPSX.09A,TNFRSF4,0.7982695708887461,TNFRSF4,ppac
TARGET.20.PARKFB.09A,TNFRSF4,0.2615144581592275,TNFRSF4,ppac
TARGET.20.PAUIPM.09A,TNFRSF4,0.2930741972614483,TNFRSF4,ppac
TARGET.20.PAXEES.09A,TNFRSF4,2.956179331276255,TNFRSF4,ppac
TARGET.21.PANVPB.09A,TNFRSF4,1.1935069037677624,TNFRSF4,ppac
TARGET.20.PAUVMN.09A,TNFRSF4,0.9861666511757136,TNFRSF4,ppac
TARGET.20.PATPAC.09A,TNFRSF4,5.472798846424666,TNFRSF4,ppac
TARGET.20.PAVMPA.09A,TNFRSF4,0.7687616050004323,TNFRSF4,ppac
TARGET.20.PAWGCN.09A,TNFRSF4,0.2805535126412797,TNFRSF4,ppac
TARGET.20.PAUEAN.09A,TNFRSF4,6.01351162442524,TNFRSF4,ppac
TARGET.21.PARHRS.09A,TNFRSF4,1.60514367182943,TNFRSF4,ppac
TARGET.20.PAVWVT.09A,TNFRSF4,0.5373957481375935,TNFRSF4,ppac
TARGET.20.PAVJXG.09A,TNFRSF4,2.9990249895996848,TNFRSF4,ppac
TARGET.20.PAVKBW.09A,TNFRSF4,2.432329780310281,TNFRSF4,ppac
TARGET.20.PAXIAZ.09A,TNFRSF4,0.9246731489505314,TNFRSF4,ppac
TARGET.20.PASBPK.09A,TNFRSF4,0.3332885229130715,TNFRSF4,ppac
TARGET.20.PAWUMM.09A,TNFRSF4,1.1925615211687075,TNFRSF4,ppac
TARGET.20.PATDHA.09A,TNFRSF4,2.6273464031998626,TNFRSF4,ppac
TARGET.20.PAVHTL.09A,TNFRSF4,2.4588970414836715,TNFRSF4,ppac
TARGET.20.PAUZAM.09A,TNFRSF4,1.0773749544509992,TNFRSF4,ppac
TARGET.20.PAXHWI.09A,TNFRSF4,3.0072001023483126,TNFRSF4,ppac
TARGET.20.PAUUHV.09A,TNFRSF4,0.7133179758780168,TNFRSF4,ppac
TARGET.20.PAUTKL.09A,TNFRSF4,7.29809908317931,TNFRSF4,ppac
TARGET.20.PAXBLX.09A,TNFRSF4,1.4386332540706592,TNFRSF4,ppac
TARGET.20.PAWYTW.09A,TNFRSF4,0.9595146034951432,TNFRSF4,ppac
TARGET.20.PAWLAJ.09A,TNFRSF4,1.4505929837771383,TNFRSF4,ppac
TARGET.20.PAUVYC.09A,TNFRSF4,5.094590444874541,TNFRSF4,ppac
TARGET.20.PARFVC.09A,TNFRSF4,3.5269902467571668,TNFRSF4,ppac
TARGET.20.PASZLJ.09A,TNFRSF4,0.7350222650672149,TNFRSF4,ppac
TARGET.20.PAXDVZ.09A,TNFRSF4,0.4112936745916975,TNFRSF4,ppac
TARGET.20.PAWDEG.09A,TNFRSF4,0.9914300373073665,TNFRSF4,ppac
TARGET.20.PAVALK.09A,TNFRSF4,0.6611123213177126,TNFRSF4,ppac
TARGET.20.PAVZYI.09A,TNFRSF4,1.1838478735961762,TNFRSF4,ppac
TARGET.20.PAXKTY.09A,TNFRSF4,2.520104711764969,TNFRSF4,ppac
TARGET.20.PAUUKK.09A,TNFRSF4,0.8699514667338436,TNFRSF4,ppac
TARGET.20.PAUFUB.09A,TNFRSF4,5.193630053899135,TNFRSF4,ppac
TARGET.20.PAUMUZ.09A,TNFRSF4,1.2704822745736768,TNFRSF4,ppac
TARGET.20.PAXLXI.09A,TNFRSF4,1.7235709720980892,TNFRSF4,ppac
TARGET.20.PARTYK.09A,TNFRSF4,1.368722118208632,TNFRSF4,ppac
TARGET.20.PANZXI.09A,TNFRSF4,0.4964484275112161,TNFRSF4,ppac
TARGET.20.PANVGE.09A,TNFRSF4,2.058288421894988,TNFRSF4,ppac
TARGET.20.PAUZMH.09A,TNFRSF4,2.1130183520693486,TNFRSF4,ppac
TARGET.20.PAWKRF.09A,TNFRSF4,0.3604921923900117,TNFRSF4,ppac
TARGET.20.PAWUTL.09A,TNFRSF4,0.5110095931364573,TNFRSF4,ppac
TARGET.20.PAVYYR.09A,TNFRSF4,0.9322981278339216,TNFRSF4,ppac
TARGET.20.PAKKBK.09A,TNFRSF4,0.7481293506912199,TNFRSF4,ppac
TARGET.20.PAVBNV.09A,TNFRSF4,2.6485644927425054,TNFRSF4,ppac
TARGET.20.PAVDPF.09A,TNFRSF4,0.948693665441361,TNFRSF4,ppac
TARGET.20.PARHJV.09A,TNFRSF4,1.218006191977072,TNFRSF4,ppac
TARGET.20.PAVZEC.09A,TNFRSF4,1.6386786540464278,TNFRSF4,ppac
TARGET.20.PAUHFI.09A,TNFRSF4,3.9182288761238464,TNFRSF4,ppac
TARGET.20.PAUMAD.09A,TNFRSF4,5.072679283089942,TNFRSF4,ppac
TARGET.20.PAXGVH.09A,TNFRSF4,2.840384525313848,TNFRSF4,ppac
TARGET.20.PAVIYS.09A,TNFRSF4,2.1193513701553837,TNFRSF4,ppac
TARGET.20.PAVXME.09A,TNFRSF4,5.034450311633473,TNFRSF4,ppac
TARGET.20.PAVRTN.09A,TNFRSF4,0.3329185682228206,TNFRSF4,ppac
TARGET.20.PAUVAT.09A,TNFRSF4,3.1444150093913863,TNFRSF4,ppac
TARGET.20.PAWACC.09A,TNFRSF4,0.4071827178666096,TNFRSF4,ppac
TARGET.20.PAVWXI.09A,TNFRSF4,0.7704267020537353,TNFRSF4,ppac
TARGET.20.PAXMPG.09A,TNFRSF4,1.288468604922372,TNFRSF4,ppac
TARGET.20.PAVUZN.09A,TNFRSF4,0.7307928822885378,TNFRSF4,ppac
TARGET.20.PAUWNT.09A,TNFRSF4,0.4444795867916393,TNFRSF4,ppac
TARGET.20.PASIEP.09A,TNFRSF4,0.8116547650513289,TNFRSF4,ppac
TARGET.20.PAVDVV.09A,TNFRSF4,1.429344925673529,TNFRSF4,ppac
TARGET.20.PATDDA.09A,TNFRSF4,5.427285886856718,TNFRSF4,ppac
TARGET.20.PAUULL.09A,TNFRSF4,0.6534937274826235,TNFRSF4,ppac
TARGET.20.PAXIDA.09A,TNFRSF4,1.1212143671064807,TNFRSF4,ppac
TARGET.20.PAWKPU.09A,TNFRSF4,4.965344192777496,TNFRSF4,ppac
TARGET.20.PAXKES.09A,TNFRSF4,1.040102743594741,TNFRSF4,ppac
TARGET.20.PAVFPR.09A,TNFRSF4,0.6580532118866578,TNFRSF4,ppac
TARGET.20.PAVPVK.09A,TNFRSF4,0.4144114536146946,TNFRSF4,ppac
TARGET.20.PAXMNG.09A,TNFRSF4,0.6024874428585358,TNFRSF4,ppac
TARGET.20.PAXKXS.09A,TNFRSF4,1.9157613574780965,TNFRSF4,ppac
TARGET.20.PAVKJV.09A,TNFRSF4,1.6998521569671072,TNFRSF4,ppac
TARGET.20.PAULCA.09A,TNFRSF4,1.874433849723843,TNFRSF4,ppac
TARGET.20.PAXLFG.09A,TNFRSF4,1.4808727727989976,TNFRSF4,ppac
TARGET.20.PASEGC.09A,TNFRSF4,2.4772547337297817,TNFRSF4,ppac
TARGET.20.PAUPXH.09A,TNFRSF4,3.7711209257873017,TNFRSF4,ppac
TARGET.20.PAUTDY.09A,TNFRSF4,5.196957013808226,TNFRSF4,ppac
TARGET.20.PAWTSD.09A,TNFRSF4,0.3307832836012698,TNFRSF4,ppac
TARGET.20.PAVUVI.09A,TNFRSF4,1.3192424271220575,TNFRSF4,ppac
TARGET.20.PASAFM.09A,TNFRSF4,0.5688843689367027,TNFRSF4,ppac
TARGET.20.PASFHK.09A,TNFRSF4,0.4296835908117936,TNFRSF4,ppac
TARGET.20.PAVLWY.09A,TNFRSF4,0.995774653547394,TNFRSF4,ppac
TARGET.20.PAVCNU.09A,TNFRSF4,2.2202126234078823,TNFRSF4,ppac
TARGET.20.PAVHUF.09A,TNFRSF4,0.4820340994458124,TNFRSF4,ppac
TARGET.20.PARLVL.09A,TNFRSF4,0.0,TNFRSF4,ppac
TARGET.20.PAUSBP.09A,TNFRSF4,0.8608031000050705,TNFRSF4,ppac
TARGET.20.PAWTPD.09A,TNFRSF4,1.5936827221602143,TNFRSF4,ppac
TARGET.20.PAVJVS.09A,TNFRSF4,1.9534543599048568,TNFRSF4,ppac
TARGET.20.PATJVL.09A,ABCA7,6.5882726219395185,ABCA7,ppac
TARGET.20.PAWWEE.09A,ABCA7,4.803208331569692,ABCA7,ppac
TARGET.20.PARCEV.09A,ABCA7,4.1805177128871,ABCA7,ppac
TARGET.20.PASCCS.09A,ABCA7,5.0568981915230005,ABCA7,ppac
TARGET.20.PAEIKD.09A,ABCA7,6.603393440338819,ABCA7,ppac
TARGET.20.PAWNBB.09A,ABCA7,5.2488577104353435,ABCA7,ppac
TARGET.20.PARTYV.09A,ABCA7,5.681066481214877,ABCA7,ppac
TARGET.20.PAVAGA.09A,ABCA7,8.876679208497796,ABCA7,ppac
TARGET.20.PAWJGZ.09A,ABCA7,8.489870853170315,ABCA7,ppac
TARGET.20.PARERV.09A,ABCA7,3.841839787357921,ABCA7,ppac
TARGET.20.PAUYIB.09A,ABCA7,6.672130764147613,ABCA7,ppac
TARGET.20.PAUZJJ.09A,ABCA7,7.078466905393042,ABCA7,ppac
TARGET.20.PAVHFP.09A,ABCA7,6.1475420657040685,ABCA7,ppac
TARGET.20.PANTRL.09A,ABCA7,5.911771609580861,ABCA7,ppac
TARGET.20.PAURYA.09A,ABCA7,6.227856052708476,ABCA7,ppac
TARGET.20.PASBHI.09A,ABCA7,1.622656375264402,ABCA7,ppac
TARGET.20.PAWVVR.09A,ABCA7,7.099658420129744,ABCA7,ppac
TARGET.20.PAWZWN.09A,ABCA7,6.5137485053147035,ABCA7,ppac
TARGET.20.PASVYL.09A,ABCA7,7.731695198334953,ABCA7,ppac
TARGET.20.PARJCR.09A,ABCA7,4.0758204381011875,ABCA7,ppac
TARGET.20.PATAPC.09A,ABCA7,5.315359954505092,ABCA7,ppac
TARGET.20.PAVNVF.09A,ABCA7,1.6963261195243866,ABCA7,ppac
TARGET.20.PAXAAA.09A,ABCA7,6.1954354627319255,ABCA7,ppac
TARGET.20.PAXDSN.09A,ABCA7,7.914110334016693,ABCA7,ppac
TARGET.20.PASSPT.09A,ABCA7,6.796341290877635,ABCA7,ppac
TARGET.20.PAVACZ.09A,ABCA7,6.6614715948098615,ABCA7,ppac
TARGET.20.PAWGTG.09A,ABCA7,7.425922142014309,ABCA7,ppac
TARGET.20.PASGGK.09A,ABCA7,7.009242690348987,ABCA7,ppac
TARGET.20.PANGJY.09A,ABCA7,5.965068682415891,ABCA7,ppac
TARGET.20.PAXLHS.09A,ABCA7,7.958747798136425,ABCA7,ppac
TARGET.20.PAXETC.09A,ABCA7,6.358669208421356,ABCA7,ppac
TARGET.20.PARMZF.09A,ABCA7,4.778054160993065,ABCA7,ppac
TARGET.20.PASBPW.09A,ABCA7,5.8058328233717935,ABCA7,ppac
TARGET.20.PAVZNG.09A,ABCA7,7.683163784367793,ABCA7,ppac
TARGET.20.PAVPMJ.09A,ABCA7,5.306994491074093,ABCA7,ppac
TARGET.20.PAWSKR.09A,ABCA7,7.587025814920419,ABCA7,ppac
TARGET.20.PAULWG.09A,ABCA7,7.853421401441638,ABCA7,ppac
TARGET.20.PAWNGI.09A,ABCA7,7.799700144519115,ABCA7,ppac
TARGET.20.PAVTRU.09A,ABCA7,8.535458613024572,ABCA7,ppac
TARGET.21.PATISD.09A,ABCA7,4.823504573417968,ABCA7,ppac
TARGET.20.PAWTWW.09A,ABCA7,7.258390604638681,ABCA7,ppac
TARGET.20.PAVSIZ.09A,ABCA7,5.074527370425442,ABCA7,ppac
TARGET.20.PARUWX.09A,ABCA7,5.626344269620839,ABCA7,ppac
TARGET.21.PAMYMA.09A,ABCA7,6.573885264219894,ABCA7,ppac
TARGET.20.PAWFBA.09A,ABCA7,5.461133662413565,ABCA7,ppac
TARGET.20.PARDDA.09A,ABCA7,2.4457253641064827,ABCA7,ppac
TARGET.20.PABLDZ.09A,ABCA7,4.5366734845001915,ABCA7,ppac
TARGET.20.PARENB.09A,ABCA7,3.146356351364768,ABCA7,ppac
TARGET.20.PARXZP.09A,ABCA7,7.612686276925866,ABCA7,ppac
TARGET.20.PAUSMT.09A,ABCA7,4.898639279934512,ABCA7,ppac
TARGET.20.PAXJNP.09A,ABCA7,5.747171850041027,ABCA7,ppac
TARGET.20.PAULIY.09A,ABCA7,5.34064979677319,ABCA7,ppac
TARGET.20.PAUVSU.09A,ABCA7,6.931461666097069,ABCA7,ppac
TARGET.20.PANVBP.09A,ABCA7,5.623169726925165,ABCA7,ppac
TARGET.20.PAWRNZ.09A,ABCA7,4.560461583822204,ABCA7,ppac
TARGET.20.PARBIU.09A,ABCA7,7.93155837863014,ABCA7,ppac
TARGET.20.PAEAFC.09A,ABCA7,6.327500509080476,ABCA7,ppac
TARGET.20.PAWVNC.09A,ABCA7,7.392726023373371,ABCA7,ppac
TARGET.20.PAUWEW.09A,ABCA7,6.101311921986832,ABCA7,ppac
TARGET.20.PAWYEK.09A,ABCA7,8.258455669460256,ABCA7,ppac
TARGET.20.PAXMPW.09A,ABCA7,6.382658280461089,ABCA7,ppac
TARGET.20.PAUVWF.09A,ABCA7,6.378458914613738,ABCA7,ppac
TARGET.20.PAXGPE.09A,ABCA7,5.653869009194622,ABCA7,ppac
TARGET.20.PAWDTX.09A,ABCA7,5.638966398830151,ABCA7,ppac
TARGET.20.PAVUAP.09A,ABCA7,6.027228494704074,ABCA7,ppac
TARGET.20.PAXKAL.09A,ABCA7,7.132704782593108,ABCA7,ppac
TARGET.20.PAVDBD.09A,ABCA7,4.920021248163074,ABCA7,ppac
TARGET.20.PAUSZL.09A,ABCA7,8.603047508575719,ABCA7,ppac
TARGET.20.PAVPJM.09A,ABCA7,5.587202123685641,ABCA7,ppac
TARGET.20.PAVKEX.09A,ABCA7,6.4842884116009065,ABCA7,ppac
TARGET.20.PARYEB.09A,ABCA7,4.80387044999565,ABCA7,ppac
TARGET.20.PAWXSL.09A,ABCA7,7.07098758295591,ABCA7,ppac
TARGET.20.PAWVCG.09A,ABCA7,8.339646807466607,ABCA7,ppac
TARGET.20.PAVTWM.09A,ABCA7,5.906791746808841,ABCA7,ppac
TARGET.20.PAVHWT.09A,ABCA7,5.568051154943744,ABCA7,ppac
TARGET.20.PARUUB.09A,ABCA7,3.796218074774351,ABCA7,ppac
TARGET.20.PAURPD.09A,ABCA7,5.956895306515168,ABCA7,ppac
TARGET.20.PARUNX.09A,ABCA7,5.902183383829075,ABCA7,ppac
TARGET.20.PASDGX.09A,ABCA7,7.4246301598586495,ABCA7,ppac
TARGET.20.PAVDZK.09A,ABCA7,6.799570176033573,ABCA7,ppac
TARGET.20.PANUTB.09A,ABCA7,3.8826255881784744,ABCA7,ppac
TARGET.20.PAXMKU.09A,ABCA7,7.138222615041049,ABCA7,ppac
TARGET.20.PAERAH.09A,ABCA7,2.790585696168329,ABCA7,ppac
TARGET.20.PAUDNA.09A,ABCA7,6.471390933648634,ABCA7,ppac
TARGET.20.PAVMED.09A,ABCA7,6.704097396781887,ABCA7,ppac
TARGET.20.PANTIV.09A,ABCA7,3.857193910157996,ABCA7,ppac
TARGET.20.PAWVGN.09A,ABCA7,7.832238997083104,ABCA7,ppac
TARGET.20.PAWKUR.09A,ABCA7,5.455688558313149,ABCA7,ppac
TARGET.20.PAWPMA.09A,ABCA7,5.730318287724949,ABCA7,ppac
TARGET.20.PAVGXF.09A,ABCA7,8.346284169708285,ABCA7,ppac
TARGET.20.PAXKKE.09A,ABCA7,6.164778519713671,ABCA7,ppac
TARGET.20.PARHVK.09A,ABCA7,2.7163058605025694,ABCA7,ppac
TARGET.20.PAVFYL.09A,ABCA7,6.536179820326542,ABCA7,ppac
TARGET.21.PANZLR.09A,ABCA7,6.240696787845849,ABCA7,ppac
TARGET.20.PAWIHN.09A,ABCA7,4.552004560773694,ABCA7,ppac
TARGET.20.PAWSWR.09A,ABCA7,3.5688345751787782,ABCA7,ppac
TARGET.20.PAXMLN.09A,ABCA7,6.15747746895693,ABCA7,ppac
TARGET.20.PAWJPN.09A,ABCA7,6.635203452240072,ABCA7,ppac
TARGET.20.PAVVAB.09A,ABCA7,8.165174327152483,ABCA7,ppac
TARGET.20.PAWHJI.09A,ABCA7,7.025894927871413,ABCA7,ppac
TARGET.20.PAVXUR.09A,ABCA7,7.357060057959856,ABCA7,ppac
TARGET.20.PAVUHF.09A,ABCA7,5.584851754709796,ABCA7,ppac
TARGET.20.PANLIZ.09A,ABCA7,2.663609789199478,ABCA7,ppac
TARGET.20.PAVHXU.09A,ABCA7,5.872364100847464,ABCA7,ppac
TARGET.20.PAXBSE.09A,ABCA7,4.734793372374555,ABCA7,ppac
TARGET.20.PARBXE.09A,ABCA7,6.183321570625933,ABCA7,ppac
TARGET.20.PAWUWJ.09A,ABCA7,7.08192624238302,ABCA7,ppac
TARGET.20.PAVDHJ.09A,ABCA7,6.7192232574859165,ABCA7,ppac
TARGET.20.PANINI.09A,ABCA7,3.6530520962560775,ABCA7,ppac
TARGET.20.PATMXW.09A,ABCA7,5.915569659517359,ABCA7,ppac
TARGET.20.PAXCZX.09A,ABCA7,7.114273382365535,ABCA7,ppac
TARGET.20.PAXCVR.09A,ABCA7,8.182807712926182,ABCA7,ppac
TARGET.20.PAVDBK.09A,ABCA7,3.900808562879285,ABCA7,ppac
TARGET.20.PAUJCF.09A,ABCA7,5.284727473925848,ABCA7,ppac
TARGET.20.PAXGIX.09A,ABCA7,6.367519978946467,ABCA7,ppac
TARGET.20.PASIZX.09A,ABCA7,6.294752604782068,ABCA7,ppac
TARGET.20.PAWLEB.09A,ABCA7,6.856953308508322,ABCA7,ppac
TARGET.20.PAVNIX.09A,ABCA7,6.1372266532543005,ABCA7,ppac
TARGET.20.PAWWLI.09A,ABCA7,8.252084614193164,ABCA7,ppac
TARGET.20.PAVULK.09A,ABCA7,7.862323870400104,ABCA7,ppac
TARGET.20.PAWIXW.09A,ABCA7,7.176468630268009,ABCA7,ppac
TARGET.20.PAXIFA.09A,ABCA7,6.3187436254825045,ABCA7,ppac
TARGET.20.PAUMTZ.09A,ABCA7,7.185876749600245,ABCA7,ppac
TARGET.20.PAXDBF.09A,ABCA7,6.274643191191768,ABCA7,ppac
TARGET.20.PAVKVT.09A,ABCA7,7.150718698514166,ABCA7,ppac
TARGET.20.PANFMG.09A,ABCA7,6.940521781128131,ABCA7,ppac
TARGET.20.PARZUU.09A,ABCA7,2.8942146879758,ABCA7,ppac
TARGET.20.PAVANX.09A,ABCA7,6.74294665613614,ABCA7,ppac
TARGET.20.PAWPVX.09A,ABCA7,5.293520288076431,ABCA7,ppac
TARGET.20.PAVDYE.09A,ABCA7,8.538535088650029,ABCA7,ppac
TARGET.20.PAXLXJ.09A,ABCA7,6.751585110339875,ABCA7,ppac
TARGET.20.PAUYHR.09A,ABCA7,7.4091591177793985,ABCA7,ppac
TARGET.20.PARDDY.09A,ABCA7,4.997683698324159,ABCA7,ppac
TARGET.20.PANXPU.09A,ABCA7,5.591363540381697,ABCA7,ppac
TARGET.20.PAVJCJ.09A,ABCA7,7.341618245655998,ABCA7,ppac
TARGET.20.PAXGHE.09A,ABCA7,6.559342382648814,ABCA7,ppac
TARGET.20.PAWBYK.09A,ABCA7,8.000948706948234,ABCA7,ppac
TARGET.20.PAWRKX.09A,ABCA7,7.55513945668927,ABCA7,ppac
TARGET.20.PATDNN.09A,ABCA7,7.098094304696072,ABCA7,ppac
TARGET.20.PAVZIB.09A,ABCA7,7.130806254635482,ABCA7,ppac
TARGET.20.PAUVGD.09A,ABCA7,6.014082284394383,ABCA7,ppac
TARGET.20.PAXEHH.09A,ABCA7,5.177329198174737,ABCA7,ppac
TARGET.20.PANGTF.09A,ABCA7,6.34608613145524,ABCA7,ppac
TARGET.20.PAVNHN.09A,ABCA7,9.25554838759049,ABCA7,ppac
TARGET.20.PANGDN.09A,ABCA7,6.533840678703402,ABCA7,ppac
TARGET.20.PAVPMH.09A,ABCA7,4.903633684775199,ABCA7,ppac
TARGET.20.PAVDNF.09A,ABCA7,7.360018266948059,ABCA7,ppac
TARGET.20.PARCHW.09A,ABCA7,5.488244649786499,ABCA7,ppac
TARGET.20.PAXACY.09A,ABCA7,6.9859601312535675,ABCA7,ppac
TARGET.20.PAWYNR.09A,ABCA7,6.574763292231893,ABCA7,ppac
TARGET.20.PAXLJV.09A,ABCA7,6.988521648222937,ABCA7,ppac
TARGET.20.PAUYAE.09A,ABCA7,7.348303832305989,ABCA7,ppac
TARGET.20.PAWBDK.09A,ABCA7,6.695214120066451,ABCA7,ppac
TARGET.20.PASTTW.09A,ABCA7,5.6407003381388625,ABCA7,ppac
TARGET.20.PARXVI.09A,ABCA7,4.378153265826927,ABCA7,ppac
TARGET.20.PAWKYG.09A,ABCA7,4.536508189964915,ABCA7,ppac
TARGET.20.PAVPLM.09A,ABCA7,6.606929022806416,ABCA7,ppac
TARGET.20.PANXWX.09A,ABCA7,3.4433222625303475,ABCA7,ppac
TARGET.20.PAUNBR.09A,ABCA7,6.98099226113901,ABCA7,ppac
TARGET.20.PAVANE.09A,ABCA7,6.875269904881087,ABCA7,ppac
TARGET.20.PARKCX.09A,ABCA7,5.506662656879136,ABCA7,ppac
TARGET.20.PARJWH.09A,ABCA7,6.450072878682174,ABCA7,ppac
TARGET.20.PATSSY.09A,ABCA7,5.064628973045596,ABCA7,ppac
TARGET.20.PAWMII.09A,ABCA7,7.452494827702817,ABCA7,ppac
TARGET.20.PAVDBT.09A,ABCA7,6.005962906872124,ABCA7,ppac
TARGET.20.PAEFHC.09A,ABCA7,4.5763087867578625,ABCA7,ppac
TARGET.20.PAXGSJ.09A,ABCA7,7.177829085562548,ABCA7,ppac
TARGET.20.PAVNAZ.09A,ABCA7,8.594631259790749,ABCA7,ppac
TARGET.20.PAUHGM.09A,ABCA7,5.5249083943530986,ABCA7,ppac
TARGET.20.PAUJBK.09A,ABCA7,5.999675618368868,ABCA7,ppac
TARGET.20.PALBYP.09A,ABCA7,5.607100130159599,ABCA7,ppac
TARGET.20.PAXFAG.09A,ABCA7,7.517366383420804,ABCA7,ppac
TARGET.20.PANJFJ.09A,ABCA7,3.899606473933883,ABCA7,ppac
TARGET.20.PAXLMN.09A,ABCA7,8.306304521246327,ABCA7,ppac
TARGET.20.PAPXWI.09A,ABCA7,4.1957069044808,ABCA7,ppac
TARGET.20.PAVDXS.09A,ABCA7,7.12373526324698,ABCA7,ppac
TARGET.20.PAUYHB.09A,ABCA7,7.633032724884468,ABCA7,ppac
TARGET.20.PASPGA.09A,ABCA7,5.411800430712508,ABCA7,ppac
TARGET.20.PAUSLS.09A,ABCA7,7.5112522123860685,ABCA7,ppac
TARGET.20.PAXISI.09A,ABCA7,6.859571195119981,ABCA7,ppac
TARGET.20.PAWNIX.09A,ABCA7,5.4180261879420755,ABCA7,ppac
TARGET.20.PAXHYG.09A,ABCA7,7.033672643064263,ABCA7,ppac
TARGET.20.PAUPIY.09A,ABCA7,6.711997033461697,ABCA7,ppac
TARGET.20.PAWCII.09A,ABCA7,7.377143033399928,ABCA7,ppac
TARGET.20.PAUUYP.09A,ABCA7,5.015729451388266,ABCA7,ppac
TARGET.20.PASMGW.09A,ABCA7,5.54453374763687,ABCA7,ppac
TARGET.20.PAXEWD.09A,ABCA7,7.677074251077884,ABCA7,ppac
TARGET.20.PAVTKK.09A,ABCA7,6.6543275786037,ABCA7,ppac
TARGET.20.PANTWV.09A,ABCA7,4.89058753262453,ABCA7,ppac
TARGET.20.PARZWH.09A,ABCA7,5.199868172265965,ABCA7,ppac
TARGET.20.PAWLTL.09A,ABCA7,6.569628585997086,ABCA7,ppac
TARGET.20.PANBZH.09A,ABCA7,2.6440349009184674,ABCA7,ppac
TARGET.20.PAVKNA.09A,ABCA7,7.692317868027505,ABCA7,ppac
TARGET.20.PAXGDG.09A,ABCA7,5.922658488557509,ABCA7,ppac
TARGET.20.PAXBAP.09A,ABCA7,8.075675350781067,ABCA7,ppac
TARGET.20.PAXGNZ.09A,ABCA7,7.1027315415020364,ABCA7,ppac
TARGET.20.PAVGYA.09A,ABCA7,7.078741746247892,ABCA7,ppac
TARGET.20.PARUBT.09A,ABCA7,5.988102072653669,ABCA7,ppac
TARGET.20.PAWXCK.09A,ABCA7,5.8397699551263464,ABCA7,ppac
TARGET.20.PARLSW.09A,ABCA7,4.008936246272514,ABCA7,ppac
TARGET.20.PASARK.09A,ABCA7,5.599129446774655,ABCA7,ppac
TARGET.20.PAWWPA.09A,ABCA7,7.453715908606965,ABCA7,ppac
TARGET.20.PAWIEM.09A,ABCA7,5.116689356819486,ABCA7,ppac
TARGET.20.PAUVBS.09A,ABCA7,8.657600636561174,ABCA7,ppac
TARGET.20.PAPZLT.09A,ABCA7,6.059671030313824,ABCA7,ppac
TARGET.21.PARNAW.09A,ABCA7,5.776094373931548,ABCA7,ppac
TARGET.20.PAVFHT.09A,ABCA7,7.522402987179343,ABCA7,ppac
TARGET.20.PAURJZ.09A,ABCA7,4.755458820085665,ABCA7,ppac
TARGET.20.PAXFDN.09A,ABCA7,6.551282125306424,ABCA7,ppac
TARGET.20.PAWUCG.09A,ABCA7,8.777712833255519,ABCA7,ppac
TARGET.20.PAURMH.09A,ABCA7,6.37879181261693,ABCA7,ppac
TARGET.20.PANTPW.09A,ABCA7,6.524362728086714,ABCA7,ppac
TARGET.20.PAUNBY.09A,ABCA7,5.939923411733168,ABCA7,ppac
TARGET.20.PASLTF.09A,ABCA7,6.466305836614296,ABCA7,ppac
TARGET.21.PARBTV.09A,ABCA7,5.950694251060977,ABCA7,ppac
TARGET.20.PAEAKL.09A,ABCA7,9.067777660700552,ABCA7,ppac
TARGET.20.PAVZJM.09A,ABCA7,7.777580485467894,ABCA7,ppac
TARGET.20.PAUWCF.09A,ABCA7,5.931363489119413,ABCA7,ppac
TARGET.20.PAVNWF.09A,ABCA7,6.584560519007709,ABCA7,ppac
TARGET.20.PAVWRN.09A,ABCA7,7.691856954755052,ABCA7,ppac
TARGET.20.PAWNHU.09A,ABCA7,5.185679854972483,ABCA7,ppac
TARGET.20.PASGCE.09A,ABCA7,6.850226217710682,ABCA7,ppac
TARGET.20.PANUTX.09A,ABCA7,4.52053016407839,ABCA7,ppac
TARGET.20.PAVSSE.09A,ABCA7,6.2737592234661355,ABCA7,ppac
TARGET.20.PAXJPP.09A,ABCA7,5.6271154773985765,ABCA7,ppac
TARGET.20.PAKERZ.09A,ABCA7,5.682233994520393,ABCA7,ppac
TARGET.20.PASFEW.09A,ABCA7,6.573381062847904,ABCA7,ppac
TARGET.20.PARBFJ.09A,ABCA7,6.891363921294678,ABCA7,ppac
TARGET.20.PAVUPX.09A,ABCA7,7.897383031677912,ABCA7,ppac
TARGET.20.PASILA.09A,ABCA7,3.8702036190349127,ABCA7,ppac
TARGET.20.PAWRGZ.09A,ABCA7,6.122664745721345,ABCA7,ppac
TARGET.20.PAVEDT.09A,ABCA7,5.661646112887535,ABCA7,ppac
TARGET.20.PAXFHW.09A,ABCA7,6.676426251483041,ABCA7,ppac
TARGET.20.PATJCR.09A,ABCA7,5.195595480292962,ABCA7,ppac
TARGET.20.PAVAKA.09A,ABCA7,5.692931998769714,ABCA7,ppac
TARGET.20.PANLJN.09A,ABCA7,4.494931528838395,ABCA7,ppac
TARGET.20.PAUUTI.09A,ABCA7,6.984505853462702,ABCA7,ppac
TARGET.20.PAXBEF.09A,ABCA7,5.7181138530013955,ABCA7,ppac
TARGET.20.PAWRSU.09A,ABCA7,7.797841094826372,ABCA7,ppac
TARGET.20.PAWPBT.09A,ABCA7,5.292979244358921,ABCA7,ppac
TARGET.20.PATZVF.09A,ABCA7,5.754839998187083,ABCA7,ppac
TARGET.20.PAWFMF.09A,ABCA7,6.041152440636716,ABCA7,ppac
TARGET.20.PAUUXA.09A,ABCA7,6.936059536975026,ABCA7,ppac
TARGET.20.PAVUBN.09A,ABCA7,5.1810218594115485,ABCA7,ppac
TARGET.20.PASPFE.09A,ABCA7,7.122233157994896,ABCA7,ppac
TARGET.20.PARYVW.09A,ABCA7,4.1449688946038785,ABCA7,ppac
TARGET.20.PAXCYN.09A,ABCA7,8.55046345016801,ABCA7,ppac
TARGET.20.PAVALI.09A,ABCA7,7.357011253705398,ABCA7,ppac
TARGET.20.PAWEBG.09A,ABCA7,7.437042427258013,ABCA7,ppac
TARGET.20.PAPAPD.09A,ABCA7,2.6658596414928644,ABCA7,ppac
TARGET.20.PAUWUZ.09A,ABCA7,6.935598604116468,ABCA7,ppac
TARGET.20.PAUWRZ.09A,ABCA7,6.1774222947553765,ABCA7,ppac
TARGET.21.PASDXR.09A,ABCA7,6.114361959587301,ABCA7,ppac
TARGET.20.PAUYCB.09A,ABCA7,6.941477743816312,ABCA7,ppac
TARGET.20.PAVWBB.09A,ABCA7,5.179451033744357,ABCA7,ppac
TARGET.20.PASPSV.09A,ABCA7,3.266858381739304,ABCA7,ppac
TARGET.20.PAXGTM.09A,ABCA7,6.7132983862022275,ABCA7,ppac
TARGET.20.PAUYCA.09A,ABCA7,7.55720018632086,ABCA7,ppac
TARGET.20.PAXBXI.09A,ABCA7,7.372943699643068,ABCA7,ppac
TARGET.20.PAWMKP.09A,ABCA7,4.2702770399567225,ABCA7,ppac
TARGET.21.PASFJJ.09A,ABCA7,6.599172404900679,ABCA7,ppac
TARGET.20.PASWAJ.09A,ABCA7,5.047789624029,ABCA7,ppac
TARGET.20.PAWUUE.09A,ABCA7,4.597688919334165,ABCA7,ppac
TARGET.20.PAPZIZ.09A,ABCA7,6.667222888419037,ABCA7,ppac
TARGET.20.PAWLYM.09A,ABCA7,7.349131790469745,ABCA7,ppac
TARGET.20.PAWHFW.09A,ABCA7,6.963285645004946,ABCA7,ppac
TARGET.20.PAWMNN.09A,ABCA7,6.609709294013836,ABCA7,ppac
TARGET.20.PAUWYR.09A,ABCA7,6.700252803788927,ABCA7,ppac
TARGET.20.PAWJJY.09A,ABCA7,6.947389966112238,ABCA7,ppac
TARGET.20.PAWMGT.09A,ABCA7,8.050828300393018,ABCA7,ppac
TARGET.20.PAVSVU.09A,ABCA7,6.397468373089773,ABCA7,ppac
TARGET.20.PAVBFN.09A,ABCA7,5.446434140422507,ABCA7,ppac
TARGET.20.PASELF.09A,ABCA7,5.7236893529414665,ABCA7,ppac
TARGET.21.PASFHK.09A,ABCA7,5.805013414251919,ABCA7,ppac
TARGET.20.PAXDDY.09A,ABCA7,4.740520892632769,ABCA7,ppac
TARGET.20.PARXEC.09A,ABCA7,7.049957999055296,ABCA7,ppac
TARGET.20.PAVTLN.09A,ABCA7,7.253264345840438,ABCA7,ppac
TARGET.20.PAVAYD.09A,ABCA7,6.504707558236664,ABCA7,ppac
TARGET.20.PAVBZM.09A,ABCA7,4.416283474754931,ABCA7,ppac
TARGET.20.PASEYM.09A,ABCA7,4.9758722792728305,ABCA7,ppac
TARGET.20.PAPAJE.09A,ABCA7,6.874017947869727,ABCA7,ppac
TARGET.20.PAWEVC.09A,ABCA7,6.225680517984489,ABCA7,ppac
TARGET.20.PASFVP.09A,ABCA7,5.153940928399229,ABCA7,ppac
TARGET.20.PASLMR.09A,ABCA7,6.619390152864691,ABCA7,ppac
TARGET.20.PAUYNI.09A,ABCA7,6.309042783334056,ABCA7,ppac
TARGET.20.PAVDFC.09A,ABCA7,7.0473944160375765,ABCA7,ppac
TARGET.20.PAVTMY.09A,ABCA7,7.007305430145021,ABCA7,ppac
TARGET.20.PASWLN.09A,ABCA7,4.3648532681967565,ABCA7,ppac
TARGET.20.PAULSL.09A,ABCA7,6.311001243254419,ABCA7,ppac
TARGET.20.PATBFL.09A,ABCA7,6.6775158094877005,ABCA7,ppac
TARGET.20.PASGZS.09A,ABCA7,6.892037026085527,ABCA7,ppac
TARGET.20.PAVTDW.09A,ABCA7,7.775028353787936,ABCA7,ppac
TARGET.20.PAXCWR.09A,ABCA7,6.573912271836458,ABCA7,ppac
TARGET.20.PAUBKI.09A,ABCA7,6.686294276571994,ABCA7,ppac
TARGET.20.PAXKAI.09A,ABCA7,6.470408730954243,ABCA7,ppac
TARGET.20.PAPVZK.09A,ABCA7,4.059025514253114,ABCA7,ppac
TARGET.20.PAUMGZ.09A,ABCA7,6.7037895832052765,ABCA7,ppac
TARGET.20.PASWTY.09A,ABCA7,6.329229207379192,ABCA7,ppac
TARGET.20.PANJTK.09A,ABCA7,3.582839870368565,ABCA7,ppac
TARGET.20.PAXARD.09A,ABCA7,6.8480102637576845,ABCA7,ppac
TARGET.20.PAVPFR.09A,ABCA7,4.060702268231461,ABCA7,ppac
TARGET.20.PAVYPX.09A,ABCA7,7.552843446950079,ABCA7,ppac
TARGET.20.PAXMFG.09A,ABCA7,3.088561181585962,ABCA7,ppac
TARGET.20.PALNAT.09A,ABCA7,4.956519218001692,ABCA7,ppac
TARGET.20.PANDER.09A,ABCA7,2.405152589245091,ABCA7,ppac
TARGET.20.PAXLDI.09A,ABCA7,7.4188070589841235,ABCA7,ppac
TARGET.20.PASSLT.09A,ABCA7,5.079156364489751,ABCA7,ppac
TARGET.20.PAWMDY.09A,ABCA7,5.860783928832692,ABCA7,ppac
TARGET.20.PAWYRT.09A,ABCA7,6.936532601240212,ABCA7,ppac
TARGET.20.PAWGKS.09A,ABCA7,7.644359507867545,ABCA7,ppac
TARGET.20.PATGRR.09A,ABCA7,5.147218460773445,ABCA7,ppac
TARGET.20.PAVJRF.09A,ABCA7,7.699882688803699,ABCA7,ppac
TARGET.20.PAXIHA.09A,ABCA7,8.379293679491678,ABCA7,ppac
TARGET.20.PAUWFM.09A,ABCA7,7.420408641614598,ABCA7,ppac
TARGET.20.PARCUK.09A,ABCA7,5.692645156580138,ABCA7,ppac
TARGET.20.PAVKAH.09A,ABCA7,7.345853190213297,ABCA7,ppac
TARGET.20.PAUYZY.09A,ABCA7,7.549010669541698,ABCA7,ppac
TARGET.20.PARMME.09A,ABCA7,5.9197579057764,ABCA7,ppac
TARGET.20.PASVVS.09A,ABCA7,5.986295069102521,ABCA7,ppac
TARGET.20.PAXGXR.09A,ABCA7,7.2023988991325085,ABCA7,ppac
TARGET.20.PAXANS.09A,ABCA7,7.677815648083008,ABCA7,ppac
TARGET.20.PAWHAX.09A,ABCA7,5.839800747061057,ABCA7,ppac
TARGET.20.PAVXZL.09A,ABCA7,6.025094463623792,ABCA7,ppac
TARGET.20.PASPLU.09A,ABCA7,5.267715856237311,ABCA7,ppac
TARGET.20.PAUXKD.09A,ABCA7,6.0414114585011784,ABCA7,ppac
TARGET.20.PAVWZV.09A,ABCA7,6.463532374852775,ABCA7,ppac
TARGET.20.PANKNB.09A,ABCA7,7.344698802628933,ABCA7,ppac
TARGET.20.PAVTXM.09A,ABCA7,6.187688445325521,ABCA7,ppac
TARGET.20.PAXBNE.09A,ABCA7,7.899613297396574,ABCA7,ppac
TARGET.20.PAXBLW.09A,ABCA7,8.459895366245092,ABCA7,ppac
TARGET.20.PAWZZN.09A,ABCA7,7.150780562587244,ABCA7,ppac
TARGET.20.PAVLAE.09A,ABCA7,7.298054196692109,ABCA7,ppac
TARGET.20.PAWIVB.09A,ABCA7,9.81188754821769,ABCA7,ppac
TARGET.20.PAWPCN.09A,ABCA7,7.486084128597297,ABCA7,ppac
TARGET.20.PAXCPM.09A,ABCA7,9.316250480324303,ABCA7,ppac
TARGET.20.PAUXLK.09A,ABCA7,6.202618378000433,ABCA7,ppac
TARGET.20.PAVZBG.09A,ABCA7,6.354526682806657,ABCA7,ppac
TARGET.20.PAVPCA.09A,ABCA7,6.948417412806747,ABCA7,ppac
TARGET.20.PAUHTE.09A,ABCA7,5.741147406988299,ABCA7,ppac
TARGET.21.PARLSL.09A,ABCA7,7.419080485481844,ABCA7,ppac
TARGET.20.PAVGIX.09A,ABCA7,7.188838213814057,ABCA7,ppac
TARGET.20.PAWMIP.09A,ABCA7,4.510636134737402,ABCA7,ppac
TARGET.20.PAEEYP.09A,ABCA7,6.927354845632713,ABCA7,ppac
TARGET.20.PAUVBZ.09A,ABCA7,7.024436999076465,ABCA7,ppac
TARGET.20.PAXIIP.09A,ABCA7,8.777837598442817,ABCA7,ppac
TARGET.20.PANZKA.09A,ABCA7,4.123978490336229,ABCA7,ppac
TARGET.20.PAXARX.09A,ABCA7,6.688198997988065,ABCA7,ppac
TARGET.20.PAUMJB.09A,ABCA7,3.8304749268997047,ABCA7,ppac
TARGET.20.PATBUK.09A,ABCA7,6.185023992016749,ABCA7,ppac
TARGET.20.PAUZSY.09A,ABCA7,6.315597713888817,ABCA7,ppac
TARGET.20.PASFNP.09A,ABCA7,6.763045559543777,ABCA7,ppac
TARGET.20.PAVIDK.09A,ABCA7,6.9432185417894505,ABCA7,ppac
TARGET.20.PAXMLW.09A,ABCA7,6.270731095099036,ABCA7,ppac
TARGET.20.PATWYU.09A,ABCA7,6.628326041141609,ABCA7,ppac
TARGET.20.PASFJB.09A,ABCA7,3.947017159343803,ABCA7,ppac
TARGET.20.PAWUAE.09A,ABCA7,8.38247353112946,ABCA7,ppac
TARGET.21.PASSLT.09A,ABCA7,5.738400054831098,ABCA7,ppac
TARGET.20.PAUJNJ.09A,ABCA7,5.461653409585148,ABCA7,ppac
TARGET.20.PAXEMU.09A,ABCA7,4.661321309691229,ABCA7,ppac
TARGET.20.PAVIXV.09A,ABCA7,6.399352935187954,ABCA7,ppac
TARGET.20.PAVNKI.09A,ABCA7,6.268454066354927,ABCA7,ppac
TARGET.20.PAVAAM.09A,ABCA7,6.759094830831163,ABCA7,ppac
TARGET.20.PANSBH.09A,ABCA7,6.500305961201842,ABCA7,ppac
TARGET.20.PAWFFJ.09A,ABCA7,7.428774539486325,ABCA7,ppac
TARGET.20.PAUVEF.09A,ABCA7,6.689360571280378,ABCA7,ppac
TARGET.20.PAWEYY.09A,ABCA7,8.247612852203632,ABCA7,ppac
TARGET.20.PAWNAP.09A,ABCA7,6.523391380980247,ABCA7,ppac
TARGET.20.PAXFWY.09A,ABCA7,5.8441663328727875,ABCA7,ppac
TARGET.20.PAWLKE.09A,ABCA7,7.966135135593036,ABCA7,ppac
TARGET.20.PASZZE.09A,ABCA7,6.207183003702967,ABCA7,ppac
TARGET.21.PASYWA.09A,ABCA7,6.8918191722851025,ABCA7,ppac
TARGET.20.PAUBLN.09A,ABCA7,7.270186471906334,ABCA7,ppac
TARGET.20.PAWPDC.09A,ABCA7,6.597967179145424,ABCA7,ppac
TARGET.20.PASRTP.09A,ABCA7,5.688371889328013,ABCA7,ppac
TARGET.20.PAWLHJ.09A,ABCA7,6.219270702113699,ABCA7,ppac
TARGET.20.PARWXS.09A,ABCA7,4.647378582479772,ABCA7,ppac
TARGET.20.PAXLEE.09A,ABCA7,6.766566984437483,ABCA7,ppac
TARGET.20.PATVRA.09A,ABCA7,5.68810367566997,ABCA7,ppac
TARGET.20.PASSSI.09A,ABCA7,5.623931830392557,ABCA7,ppac
TARGET.20.PAUMZV.09A,ABCA7,6.037497596286291,ABCA7,ppac
TARGET.20.PAXFEE.09A,ABCA7,6.078695308854013,ABCA7,ppac
TARGET.20.PAWNPU.09A,ABCA7,5.939268602619134,ABCA7,ppac
TARGET.20.PAECCE.09A,ABCA7,6.399668425100757,ABCA7,ppac
TARGET.20.PAVSHX.09A,ABCA7,7.355877301295533,ABCA7,ppac
TARGET.20.PAVDDU.09A,ABCA7,5.900922918073081,ABCA7,ppac
TARGET.20.PAUPSX.09A,ABCA7,7.227796238372486,ABCA7,ppac
TARGET.20.PARKFB.09A,ABCA7,7.051450207007913,ABCA7,ppac
TARGET.20.PAUIPM.09A,ABCA7,8.880854093041188,ABCA7,ppac
TARGET.20.PAXEES.09A,ABCA7,7.049792310187031,ABCA7,ppac
TARGET.21.PANVPB.09A,ABCA7,5.848312397488889,ABCA7,ppac
TARGET.20.PAUVMN.09A,ABCA7,7.831807962747983,ABCA7,ppac
TARGET.20.PATPAC.09A,ABCA7,6.6336600225648334,ABCA7,ppac
TARGET.20.PAVMPA.09A,ABCA7,8.422275139452218,ABCA7,ppac
TARGET.20.PAWGCN.09A,ABCA7,4.730348530847534,ABCA7,ppac
TARGET.20.PAUEAN.09A,ABCA7,6.363216556677631,ABCA7,ppac
TARGET.21.PARHRS.09A,ABCA7,5.278741282337613,ABCA7,ppac
TARGET.20.PAVWVT.09A,ABCA7,6.691531298592027,ABCA7,ppac
TARGET.20.PAVJXG.09A,ABCA7,6.780515182344021,ABCA7,ppac
TARGET.20.PAVKBW.09A,ABCA7,6.302649417221147,ABCA7,ppac
TARGET.20.PAXIAZ.09A,ABCA7,6.463832395417456,ABCA7,ppac
TARGET.20.PASBPK.09A,ABCA7,5.931803548625132,ABCA7,ppac
TARGET.20.PAWUMM.09A,ABCA7,7.948219284305996,ABCA7,ppac
TARGET.20.PATDHA.09A,ABCA7,2.6064547482129448,ABCA7,ppac
TARGET.20.PAVHTL.09A,ABCA7,6.136216697367492,ABCA7,ppac
TARGET.20.PAUZAM.09A,ABCA7,9.522962028953094,ABCA7,ppac
TARGET.20.PAXHWI.09A,ABCA7,6.763424478884982,ABCA7,ppac
TARGET.20.PAUUHV.09A,ABCA7,7.6971284231110735,ABCA7,ppac
TARGET.20.PAUTKL.09A,ABCA7,7.364348678964758,ABCA7,ppac
TARGET.20.PAXBLX.09A,ABCA7,6.407016403852239,ABCA7,ppac
TARGET.20.PAWYTW.09A,ABCA7,7.2713605473680785,ABCA7,ppac
TARGET.20.PAWLAJ.09A,ABCA7,4.6023989837839565,ABCA7,ppac
TARGET.20.PAUVYC.09A,ABCA7,7.171637292841333,ABCA7,ppac
TARGET.20.PARFVC.09A,ABCA7,4.523882248548729,ABCA7,ppac
TARGET.20.PASZLJ.09A,ABCA7,6.10898202491644,ABCA7,ppac
TARGET.20.PAXDVZ.09A,ABCA7,7.741406939305553,ABCA7,ppac
TARGET.20.PAWDEG.09A,ABCA7,7.458369272685854,ABCA7,ppac
TARGET.20.PAVALK.09A,ABCA7,9.965757813612685,ABCA7,ppac
TARGET.20.PAVZYI.09A,ABCA7,8.77537549335981,ABCA7,ppac
TARGET.20.PAXKTY.09A,ABCA7,7.821033906276896,ABCA7,ppac
TARGET.20.PAUUKK.09A,ABCA7,7.091507305789721,ABCA7,ppac
TARGET.20.PAUFUB.09A,ABCA7,6.6612638572809155,ABCA7,ppac
TARGET.20.PAUMUZ.09A,ABCA7,6.878704942004512,ABCA7,ppac
TARGET.20.PAXLXI.09A,ABCA7,8.283105170248406,ABCA7,ppac
TARGET.20.PARTYK.09A,ABCA7,5.26909257049255,ABCA7,ppac
TARGET.20.PANZXI.09A,ABCA7,1.2106110722767092,ABCA7,ppac
TARGET.20.PANVGE.09A,ABCA7,3.6112994412481383,ABCA7,ppac
TARGET.20.PAUZMH.09A,ABCA7,8.78979182872182,ABCA7,ppac
TARGET.20.PAWKRF.09A,ABCA7,6.365778585960621,ABCA7,ppac
TARGET.20.PAWUTL.09A,ABCA7,6.849276813065305,ABCA7,ppac
TARGET.20.PAVYYR.09A,ABCA7,8.266833059473635,ABCA7,ppac
TARGET.20.PAKKBK.09A,ABCA7,6.96727722080564,ABCA7,ppac
TARGET.20.PAVBNV.09A,ABCA7,6.767653486802394,ABCA7,ppac
TARGET.20.PAVDPF.09A,ABCA7,6.9090519454387795,ABCA7,ppac
TARGET.20.PARHJV.09A,ABCA7,3.2179373854615405,ABCA7,ppac
TARGET.20.PAVZEC.09A,ABCA7,6.379538892783936,ABCA7,ppac
TARGET.20.PAUHFI.09A,ABCA7,5.003571782252009,ABCA7,ppac
TARGET.20.PAUMAD.09A,ABCA7,5.691199870691935,ABCA7,ppac
TARGET.20.PAXGVH.09A,ABCA7,6.232599856319925,ABCA7,ppac
TARGET.20.PAVIYS.09A,ABCA7,4.605339204727024,ABCA7,ppac
TARGET.20.PAVXME.09A,ABCA7,5.794498237855833,ABCA7,ppac
TARGET.20.PAVRTN.09A,ABCA7,4.697467628923648,ABCA7,ppac
TARGET.20.PAUVAT.09A,ABCA7,7.092335007002904,ABCA7,ppac
TARGET.20.PAWACC.09A,ABCA7,8.057668348194134,ABCA7,ppac
TARGET.20.PAVWXI.09A,ABCA7,6.442446290685908,ABCA7,ppac
TARGET.20.PAXMPG.09A,ABCA7,7.404883490792048,ABCA7,ppac
TARGET.20.PAVUZN.09A,ABCA7,7.137757526597213,ABCA7,ppac
TARGET.20.PAUWNT.09A,ABCA7,5.338457630234777,ABCA7,ppac
TARGET.20.PASIEP.09A,ABCA7,5.297470013278861,ABCA7,ppac
TARGET.20.PAVDVV.09A,ABCA7,6.886099688231719,ABCA7,ppac
TARGET.20.PATDDA.09A,ABCA7,5.392569877471204,ABCA7,ppac
TARGET.20.PAUULL.09A,ABCA7,8.026721889307085,ABCA7,ppac
TARGET.20.PAXIDA.09A,ABCA7,6.033401820312861,ABCA7,ppac
TARGET.20.PAWKPU.09A,ABCA7,6.37711511999349,ABCA7,ppac
TARGET.20.PAXKES.09A,ABCA7,7.0466760129012,ABCA7,ppac
TARGET.20.PAVFPR.09A,ABCA7,4.7475671445825265,ABCA7,ppac
TARGET.20.PAVPVK.09A,ABCA7,8.14008290015601,ABCA7,ppac
TARGET.20.PAXMNG.09A,ABCA7,7.7141873195055055,ABCA7,ppac
TARGET.20.PAXKXS.09A,ABCA7,5.242842585012171,ABCA7,ppac
TARGET.20.PAVKJV.09A,ABCA7,8.024932922657833,ABCA7,ppac
TARGET.20.PAULCA.09A,ABCA7,7.509830930837166,ABCA7,ppac
TARGET.20.PAXLFG.09A,ABCA7,7.104488032435834,ABCA7,ppac
TARGET.20.PASEGC.09A,ABCA7,5.973613859838201,ABCA7,ppac
TARGET.20.PAUPXH.09A,ABCA7,6.788548323582501,ABCA7,ppac
TARGET.20.PAUTDY.09A,ABCA7,5.4475188611758325,ABCA7,ppac
TARGET.20.PAWTSD.09A,ABCA7,7.96217895903749,ABCA7,ppac
TARGET.20.PAVUVI.09A,ABCA7,8.769094475959017,ABCA7,ppac
TARGET.20.PASAFM.09A,ABCA7,5.110459172023229,ABCA7,ppac
TARGET.20.PASFHK.09A,ABCA7,5.529467795266755,ABCA7,ppac
TARGET.20.PAVLWY.09A,ABCA7,9.451236706428537,ABCA7,ppac
TARGET.20.PAVCNU.09A,ABCA7,5.186137359588824,ABCA7,ppac
TARGET.20.PAVHUF.09A,ABCA7,6.623384634446345,ABCA7,ppac
TARGET.20.PARLVL.09A,ABCA7,3.4336832912000266,ABCA7,ppac
TARGET.20.PAUSBP.09A,ABCA7,7.275200688023125,ABCA7,ppac
TARGET.20.PAWTPD.09A,ABCA7,7.933477991809848,ABCA7,ppac
TARGET.20.PAVJVS.09A,ABCA7,6.098362292535873,ABCA7,ppac
TARGET.20.PATJVL.09A,ITGAX,6.129970720520574,ITGAX,ppac
TARGET.20.PAWWEE.09A,ITGAX,7.446322315167565,ITGAX,ppac
TARGET.20.PARCEV.09A,ITGAX,5.760707643578957,ITGAX,ppac
TARGET.20.PASCCS.09A,ITGAX,3.852913058691485,ITGAX,ppac
TARGET.20.PAEIKD.09A,ITGAX,7.960960581848622,ITGAX,ppac
TARGET.20.PAWNBB.09A,ITGAX,7.598679020509044,ITGAX,ppac
TARGET.20.PARTYV.09A,ITGAX,5.3910724197129065,ITGAX,ppac
TARGET.20.PAVAGA.09A,ITGAX,9.185395110340616,ITGAX,ppac
TARGET.20.PAWJGZ.09A,ITGAX,9.009346339237178,ITGAX,ppac
TARGET.20.PARERV.09A,ITGAX,4.755144564228031,ITGAX,ppac
TARGET.20.PAUYIB.09A,ITGAX,7.0809923163057125,ITGAX,ppac
TARGET.20.PAUZJJ.09A,ITGAX,4.528367846958034,ITGAX,ppac
TARGET.20.PAVHFP.09A,ITGAX,6.604621384492149,ITGAX,ppac
TARGET.20.PANTRL.09A,ITGAX,7.724224649780716,ITGAX,ppac
TARGET.20.PAURYA.09A,ITGAX,5.06418884999036,ITGAX,ppac
TARGET.20.PASBHI.09A,ITGAX,3.952317709989208,ITGAX,ppac
TARGET.20.PAWVVR.09A,ITGAX,6.8131642201977485,ITGAX,ppac
TARGET.20.PAWZWN.09A,ITGAX,5.532938570846325,ITGAX,ppac
TARGET.20.PASVYL.09A,ITGAX,7.615855316549279,ITGAX,ppac
TARGET.20.PARJCR.09A,ITGAX,6.47852258339471,ITGAX,ppac
TARGET.20.PATAPC.09A,ITGAX,6.099112619173246,ITGAX,ppac
TARGET.20.PAVNVF.09A,ITGAX,4.623890523770632,ITGAX,ppac
TARGET.20.PAXAAA.09A,ITGAX,7.562318403521425,ITGAX,ppac
TARGET.20.PAXDSN.09A,ITGAX,7.751839149806631,ITGAX,ppac
TARGET.20.PASSPT.09A,ITGAX,6.576867503388308,ITGAX,ppac
TARGET.20.PAVACZ.09A,ITGAX,8.24873907270625,ITGAX,ppac
TARGET.20.PAWGTG.09A,ITGAX,7.204740490626394,ITGAX,ppac
TARGET.20.PASGGK.09A,ITGAX,9.183693004015492,ITGAX,ppac
TARGET.20.PANGJY.09A,ITGAX,6.793921605417533,ITGAX,ppac
TARGET.20.PAXLHS.09A,ITGAX,7.742722254123144,ITGAX,ppac
TARGET.20.PAXETC.09A,ITGAX,9.149540216041148,ITGAX,ppac
TARGET.20.PARMZF.09A,ITGAX,6.063634918711581,ITGAX,ppac
TARGET.20.PASBPW.09A,ITGAX,9.132139799258413,ITGAX,ppac
TARGET.20.PAVZNG.09A,ITGAX,7.81816664654936,ITGAX,ppac
TARGET.20.PAVPMJ.09A,ITGAX,6.477721325661459,ITGAX,ppac
TARGET.20.PAWSKR.09A,ITGAX,8.417846293360874,ITGAX,ppac
TARGET.20.PAULWG.09A,ITGAX,7.555318252613258,ITGAX,ppac
TARGET.20.PAWNGI.09A,ITGAX,8.27547474495474,ITGAX,ppac
TARGET.20.PAVTRU.09A,ITGAX,9.917927549519131,ITGAX,ppac
TARGET.21.PATISD.09A,ITGAX,5.53667030864088,ITGAX,ppac
TARGET.20.PAWTWW.09A,ITGAX,8.586796330477606,ITGAX,ppac
TARGET.20.PAVSIZ.09A,ITGAX,7.8795813689036205,ITGAX,ppac
TARGET.20.PARUWX.09A,ITGAX,6.0155359568327,ITGAX,ppac
TARGET.21.PAMYMA.09A,ITGAX,9.135428049660646,ITGAX,ppac
TARGET.20.PAWFBA.09A,ITGAX,5.733189813155222,ITGAX,ppac
TARGET.20.PARDDA.09A,ITGAX,3.27922721205213,ITGAX,ppac
TARGET.20.PABLDZ.09A,ITGAX,4.34865642259335,ITGAX,ppac
TARGET.20.PARENB.09A,ITGAX,4.5633949503162015,ITGAX,ppac
TARGET.20.PARXZP.09A,ITGAX,6.87868518260508,ITGAX,ppac
TARGET.20.PAUSMT.09A,ITGAX,7.632917957031827,ITGAX,ppac
TARGET.20.PAXJNP.09A,ITGAX,6.893059348903878,ITGAX,ppac
TARGET.20.PAULIY.09A,ITGAX,7.556021369224284,ITGAX,ppac
TARGET.20.PAUVSU.09A,ITGAX,5.339869193261576,ITGAX,ppac
TARGET.20.PANVBP.09A,ITGAX,2.976924259509929,ITGAX,ppac
TARGET.20.PAWRNZ.09A,ITGAX,6.632564366980406,ITGAX,ppac
TARGET.20.PARBIU.09A,ITGAX,8.96329060559153,ITGAX,ppac
TARGET.20.PAEAFC.09A,ITGAX,8.677624572011803,ITGAX,ppac
TARGET.20.PAWVNC.09A,ITGAX,3.9303316180210937,ITGAX,ppac
TARGET.20.PAUWEW.09A,ITGAX,6.170726737315615,ITGAX,ppac
TARGET.20.PAWYEK.09A,ITGAX,9.920644999444242,ITGAX,ppac
TARGET.20.PAXMPW.09A,ITGAX,4.709132204160921,ITGAX,ppac
TARGET.20.PAUVWF.09A,ITGAX,4.588227422429454,ITGAX,ppac
TARGET.20.PAXGPE.09A,ITGAX,5.2572675850520545,ITGAX,ppac
TARGET.20.PAWDTX.09A,ITGAX,4.176924657150157,ITGAX,ppac
TARGET.20.PAVUAP.09A,ITGAX,5.169978526126469,ITGAX,ppac
TARGET.20.PAXKAL.09A,ITGAX,6.475447994822266,ITGAX,ppac
TARGET.20.PAVDBD.09A,ITGAX,8.657714755656508,ITGAX,ppac
TARGET.20.PAUSZL.09A,ITGAX,9.032569503415193,ITGAX,ppac
TARGET.20.PAVPJM.09A,ITGAX,8.90201158805649,ITGAX,ppac
TARGET.20.PAVKEX.09A,ITGAX,6.257451869301397,ITGAX,ppac
TARGET.20.PARYEB.09A,ITGAX,5.836698995657758,ITGAX,ppac
TARGET.20.PAWXSL.09A,ITGAX,4.407055414600212,ITGAX,ppac
TARGET.20.PAWVCG.09A,ITGAX,9.0681489058103,ITGAX,ppac
TARGET.20.PAVTWM.09A,ITGAX,7.971329929226267,ITGAX,ppac
TARGET.20.PAVHWT.09A,ITGAX,5.444448795617505,ITGAX,ppac
TARGET.20.PARUUB.09A,ITGAX,6.3070045074708325,ITGAX,ppac
TARGET.20.PAURPD.09A,ITGAX,5.072836436903861,ITGAX,ppac
TARGET.20.PARUNX.09A,ITGAX,3.0586229344219524,ITGAX,ppac
TARGET.20.PASDGX.09A,ITGAX,9.659973426204356,ITGAX,ppac
TARGET.20.PAVDZK.09A,ITGAX,8.650249300145077,ITGAX,ppac
TARGET.20.PANUTB.09A,ITGAX,4.505531526495348,ITGAX,ppac
TARGET.20.PAXMKU.09A,ITGAX,7.566420846147912,ITGAX,ppac
TARGET.20.PAERAH.09A,ITGAX,4.516615620702741,ITGAX,ppac
TARGET.20.PAUDNA.09A,ITGAX,4.807321087198997,ITGAX,ppac
TARGET.20.PAVMED.09A,ITGAX,7.565777309901649,ITGAX,ppac
TARGET.20.PANTIV.09A,ITGAX,2.084220314531801,ITGAX,ppac
TARGET.20.PAWVGN.09A,ITGAX,8.753856338321397,ITGAX,ppac
TARGET.20.PAWKUR.09A,ITGAX,6.793240205636491,ITGAX,ppac
TARGET.20.PAWPMA.09A,ITGAX,7.046151449177342,ITGAX,ppac
TARGET.20.PAVGXF.09A,ITGAX,8.484472114260452,ITGAX,ppac
TARGET.20.PAXKKE.09A,ITGAX,5.86171144023516,ITGAX,ppac
TARGET.20.PARHVK.09A,ITGAX,3.0709690230255613,ITGAX,ppac
TARGET.20.PAVFYL.09A,ITGAX,9.890782262254996,ITGAX,ppac
TARGET.21.PANZLR.09A,ITGAX,7.3810389081975645,ITGAX,ppac
TARGET.20.PAWIHN.09A,ITGAX,3.92203300956939,ITGAX,ppac
TARGET.20.PAWSWR.09A,ITGAX,4.820617405101705,ITGAX,ppac
TARGET.20.PAXMLN.09A,ITGAX,7.216279595660172,ITGAX,ppac
TARGET.20.PAWJPN.09A,ITGAX,7.683648850731603,ITGAX,ppac
TARGET.20.PAVVAB.09A,ITGAX,9.21351034636642,ITGAX,ppac
TARGET.20.PAWHJI.09A,ITGAX,7.23417694458621,ITGAX,ppac
TARGET.20.PAVXUR.09A,ITGAX,9.13811870871904,ITGAX,ppac
TARGET.20.PAVUHF.09A,ITGAX,6.26865669041022,ITGAX,ppac
TARGET.20.PANLIZ.09A,ITGAX,4.277091901137472,ITGAX,ppac
TARGET.20.PAVHXU.09A,ITGAX,5.038545033602769,ITGAX,ppac
TARGET.20.PAXBSE.09A,ITGAX,5.748121736070217,ITGAX,ppac
TARGET.20.PARBXE.09A,ITGAX,7.795485375677946,ITGAX,ppac
TARGET.20.PAWUWJ.09A,ITGAX,6.289434910034698,ITGAX,ppac
TARGET.20.PAVDHJ.09A,ITGAX,7.579117371894104,ITGAX,ppac
TARGET.20.PANINI.09A,ITGAX,4.345324411232904,ITGAX,ppac
TARGET.20.PATMXW.09A,ITGAX,4.988777748157752,ITGAX,ppac
TARGET.20.PAXCZX.09A,ITGAX,4.674573281126154,ITGAX,ppac
TARGET.20.PAXCVR.09A,ITGAX,8.522601269773412,ITGAX,ppac
TARGET.20.PAVDBK.09A,ITGAX,7.055107250239153,ITGAX,ppac
TARGET.20.PAUJCF.09A,ITGAX,7.793448509348853,ITGAX,ppac
TARGET.20.PAXGIX.09A,ITGAX,8.243064858929523,ITGAX,ppac
TARGET.20.PASIZX.09A,ITGAX,5.615785433350183,ITGAX,ppac
TARGET.20.PAWLEB.09A,ITGAX,8.801775068288936,ITGAX,ppac
TARGET.20.PAVNIX.09A,ITGAX,7.216020960973087,ITGAX,ppac
TARGET.20.PAWWLI.09A,ITGAX,9.520426166568209,ITGAX,ppac
TARGET.20.PAVULK.09A,ITGAX,10.131219077306053,ITGAX,ppac
TARGET.20.PAWIXW.09A,ITGAX,8.555797158784287,ITGAX,ppac
TARGET.20.PAXIFA.09A,ITGAX,9.190946057623409,ITGAX,ppac
TARGET.20.PAUMTZ.09A,ITGAX,9.16362351433156,ITGAX,ppac
TARGET.20.PAXDBF.09A,ITGAX,6.969259889422129,ITGAX,ppac
TARGET.20.PAVKVT.09A,ITGAX,6.970088680295915,ITGAX,ppac
TARGET.20.PANFMG.09A,ITGAX,7.911092460765916,ITGAX,ppac
TARGET.20.PARZUU.09A,ITGAX,6.3178492424828345,ITGAX,ppac
TARGET.20.PAVANX.09A,ITGAX,9.15641827876548,ITGAX,ppac
TARGET.20.PAWPVX.09A,ITGAX,6.850140522044745,ITGAX,ppac
TARGET.20.PAVDYE.09A,ITGAX,8.744059629055721,ITGAX,ppac
TARGET.20.PAXLXJ.09A,ITGAX,7.412364423477575,ITGAX,ppac
TARGET.20.PAUYHR.09A,ITGAX,6.775873592547195,ITGAX,ppac
TARGET.20.PARDDY.09A,ITGAX,3.4520031390278563,ITGAX,ppac
TARGET.20.PANXPU.09A,ITGAX,8.15742270007653,ITGAX,ppac
TARGET.20.PAVJCJ.09A,ITGAX,9.26570452512114,ITGAX,ppac
TARGET.20.PAXGHE.09A,ITGAX,7.170165508821319,ITGAX,ppac
TARGET.20.PAWBYK.09A,ITGAX,7.393686015080069,ITGAX,ppac
TARGET.20.PAWRKX.09A,ITGAX,8.618057091219724,ITGAX,ppac
TARGET.20.PATDNN.09A,ITGAX,9.114192226905471,ITGAX,ppac
TARGET.20.PAVZIB.09A,ITGAX,5.930350406501651,ITGAX,ppac
TARGET.20.PAUVGD.09A,ITGAX,7.169929961613986,ITGAX,ppac
TARGET.20.PAXEHH.09A,ITGAX,4.5083836139129065,ITGAX,ppac
TARGET.20.PANGTF.09A,ITGAX,7.731071613978358,ITGAX,ppac
TARGET.20.PAVNHN.09A,ITGAX,11.295038473439403,ITGAX,ppac
TARGET.20.PANGDN.09A,ITGAX,8.733108022429304,ITGAX,ppac
TARGET.20.PAVPMH.09A,ITGAX,4.775992889153579,ITGAX,ppac
TARGET.20.PAVDNF.09A,ITGAX,6.151451100624195,ITGAX,ppac
TARGET.20.PARCHW.09A,ITGAX,7.236497299330496,ITGAX,ppac
TARGET.20.PAXACY.09A,ITGAX,7.1356873395129305,ITGAX,ppac
TARGET.20.PAWYNR.09A,ITGAX,6.920400495528096,ITGAX,ppac
TARGET.20.PAXLJV.09A,ITGAX,6.487631609030022,ITGAX,ppac
TARGET.20.PAUYAE.09A,ITGAX,8.393083256427252,ITGAX,ppac
TARGET.20.PAWBDK.09A,ITGAX,7.574733113414899,ITGAX,ppac
TARGET.20.PASTTW.09A,ITGAX,8.455505869493836,ITGAX,ppac
TARGET.20.PARXVI.09A,ITGAX,4.610143269169163,ITGAX,ppac
TARGET.20.PAWKYG.09A,ITGAX,3.6939522821535578,ITGAX,ppac
TARGET.20.PAVPLM.09A,ITGAX,8.717398561277522,ITGAX,ppac
TARGET.20.PANXWX.09A,ITGAX,6.300106129501888,ITGAX,ppac
TARGET.20.PAUNBR.09A,ITGAX,8.489854271063283,ITGAX,ppac
TARGET.20.PAVANE.09A,ITGAX,8.033541414803613,ITGAX,ppac
TARGET.20.PARKCX.09A,ITGAX,8.106641511099358,ITGAX,ppac
TARGET.20.PARJWH.09A,ITGAX,7.075873429739591,ITGAX,ppac
TARGET.20.PATSSY.09A,ITGAX,7.664770179893141,ITGAX,ppac
TARGET.20.PAWMII.09A,ITGAX,8.583684243658343,ITGAX,ppac
TARGET.20.PAVDBT.09A,ITGAX,8.05838788099029,ITGAX,ppac
TARGET.20.PAEFHC.09A,ITGAX,7.964615316428042,ITGAX,ppac
TARGET.20.PAXGSJ.09A,ITGAX,7.698653983401444,ITGAX,ppac
TARGET.20.PAVNAZ.09A,ITGAX,8.747991411644692,ITGAX,ppac
TARGET.20.PAUHGM.09A,ITGAX,6.148081184564636,ITGAX,ppac
TARGET.20.PAUJBK.09A,ITGAX,5.770579355971006,ITGAX,ppac
TARGET.20.PALBYP.09A,ITGAX,5.743784486446921,ITGAX,ppac
TARGET.20.PAXFAG.09A,ITGAX,9.906625725520849,ITGAX,ppac
TARGET.20.PANJFJ.09A,ITGAX,3.122371425807408,ITGAX,ppac
TARGET.20.PAXLMN.09A,ITGAX,9.636159096965642,ITGAX,ppac
TARGET.20.PAPXWI.09A,ITGAX,5.496741995195854,ITGAX,ppac
TARGET.20.PAVDXS.09A,ITGAX,3.684168005555243,ITGAX,ppac
TARGET.20.PAUYHB.09A,ITGAX,6.778186887755566,ITGAX,ppac
TARGET.20.PASPGA.09A,ITGAX,4.323740447821277,ITGAX,ppac
TARGET.20.PAUSLS.09A,ITGAX,9.4826299416648,ITGAX,ppac
TARGET.20.PAXISI.09A,ITGAX,6.930633043438342,ITGAX,ppac
TARGET.20.PAWNIX.09A,ITGAX,6.398268052570565,ITGAX,ppac
TARGET.20.PAXHYG.09A,ITGAX,8.38163851374628,ITGAX,ppac
TARGET.20.PAUPIY.09A,ITGAX,8.247408272191144,ITGAX,ppac
TARGET.20.PAWCII.09A,ITGAX,7.996050463912774,ITGAX,ppac
TARGET.20.PAUUYP.09A,ITGAX,6.0216256511455,ITGAX,ppac
TARGET.20.PASMGW.09A,ITGAX,7.424009436069954,ITGAX,ppac
TARGET.20.PAXEWD.09A,ITGAX,8.936322100022046,ITGAX,ppac
TARGET.20.PAVTKK.09A,ITGAX,8.004028262749916,ITGAX,ppac
TARGET.20.PANTWV.09A,ITGAX,7.095470632320109,ITGAX,ppac
TARGET.20.PARZWH.09A,ITGAX,3.621307826146901,ITGAX,ppac
TARGET.20.PAWLTL.09A,ITGAX,5.707833956882856,ITGAX,ppac
TARGET.20.PANBZH.09A,ITGAX,6.100730228873379,ITGAX,ppac
TARGET.20.PAVKNA.09A,ITGAX,9.184500615017145,ITGAX,ppac
TARGET.20.PAXGDG.09A,ITGAX,7.059954347963047,ITGAX,ppac
TARGET.20.PAXBAP.09A,ITGAX,8.094860417620913,ITGAX,ppac
TARGET.20.PAXGNZ.09A,ITGAX,8.870742133278359,ITGAX,ppac
TARGET.20.PAVGYA.09A,ITGAX,3.943229226485144,ITGAX,ppac
TARGET.20.PARUBT.09A,ITGAX,8.560515520748863,ITGAX,ppac
TARGET.20.PAWXCK.09A,ITGAX,6.559141936573868,ITGAX,ppac
TARGET.20.PARLSW.09A,ITGAX,8.341773157277865,ITGAX,ppac
TARGET.20.PASARK.09A,ITGAX,6.73592902443061,ITGAX,ppac
TARGET.20.PAWWPA.09A,ITGAX,7.959218417116793,ITGAX,ppac
TARGET.20.PAWIEM.09A,ITGAX,4.519270392270827,ITGAX,ppac
TARGET.20.PAUVBS.09A,ITGAX,6.817975860507896,ITGAX,ppac
TARGET.20.PAPZLT.09A,ITGAX,8.187951122304655,ITGAX,ppac
TARGET.21.PARNAW.09A,ITGAX,7.145812344568559,ITGAX,ppac
TARGET.20.PAVFHT.09A,ITGAX,7.335865438546883,ITGAX,ppac
TARGET.20.PAURJZ.09A,ITGAX,7.438052070264748,ITGAX,ppac
TARGET.20.PAXFDN.09A,ITGAX,4.4686379993591006,ITGAX,ppac
TARGET.20.PAWUCG.09A,ITGAX,9.432052494381129,ITGAX,ppac
TARGET.20.PAURMH.09A,ITGAX,3.493898035727518,ITGAX,ppac
TARGET.20.PANTPW.09A,ITGAX,7.940093333695555,ITGAX,ppac
TARGET.20.PAUNBY.09A,ITGAX,6.509559169630516,ITGAX,ppac
TARGET.20.PASLTF.09A,ITGAX,7.318604964541035,ITGAX,ppac
TARGET.21.PARBTV.09A,ITGAX,5.126858621867666,ITGAX,ppac
TARGET.20.PAEAKL.09A,ITGAX,8.707785566233941,ITGAX,ppac
TARGET.20.PAVZJM.09A,ITGAX,9.440690075266549,ITGAX,ppac
TARGET.20.PAUWCF.09A,ITGAX,7.8227620443611645,ITGAX,ppac
TARGET.20.PAVNWF.09A,ITGAX,6.441861137763488,ITGAX,ppac
TARGET.20.PAVWRN.09A,ITGAX,7.642997140322649,ITGAX,ppac
TARGET.20.PAWNHU.09A,ITGAX,6.060469738351761,ITGAX,ppac
TARGET.20.PASGCE.09A,ITGAX,8.776756795460102,ITGAX,ppac
TARGET.20.PANUTX.09A,ITGAX,7.001180512474138,ITGAX,ppac
TARGET.20.PAVSSE.09A,ITGAX,5.8991956526452425,ITGAX,ppac
TARGET.20.PAXJPP.09A,ITGAX,6.185787434353051,ITGAX,ppac
TARGET.20.PAKERZ.09A,ITGAX,2.0696140615313317,ITGAX,ppac
TARGET.20.PASFEW.09A,ITGAX,5.567001563940505,ITGAX,ppac
TARGET.20.PARBFJ.09A,ITGAX,8.58760171734792,ITGAX,ppac
TARGET.20.PAVUPX.09A,ITGAX,8.728561787307555,ITGAX,ppac
TARGET.20.PASILA.09A,ITGAX,4.904896886994798,ITGAX,ppac
TARGET.20.PAWRGZ.09A,ITGAX,6.735670920598707,ITGAX,ppac
TARGET.20.PAVEDT.09A,ITGAX,5.406308592399122,ITGAX,ppac
TARGET.20.PAXFHW.09A,ITGAX,5.11624199666599,ITGAX,ppac
TARGET.20.PATJCR.09A,ITGAX,6.164302792439227,ITGAX,ppac
TARGET.20.PAVAKA.09A,ITGAX,5.775910175770053,ITGAX,ppac
TARGET.20.PANLJN.09A,ITGAX,3.5247414270302,ITGAX,ppac
TARGET.20.PAUUTI.09A,ITGAX,6.701660291624651,ITGAX,ppac
TARGET.20.PAXBEF.09A,ITGAX,4.524467775398602,ITGAX,ppac
TARGET.20.PAWRSU.09A,ITGAX,7.932824625587736,ITGAX,ppac
TARGET.20.PAWPBT.09A,ITGAX,4.951500111300948,ITGAX,ppac
TARGET.20.PATZVF.09A,ITGAX,6.010677718449102,ITGAX,ppac
TARGET.20.PAWFMF.09A,ITGAX,7.328217281457391,ITGAX,ppac
TARGET.20.PAUUXA.09A,ITGAX,5.6556902260992565,ITGAX,ppac
TARGET.20.PAVUBN.09A,ITGAX,5.639972982215098,ITGAX,ppac
TARGET.20.PASPFE.09A,ITGAX,8.710229956240703,ITGAX,ppac
TARGET.20.PARYVW.09A,ITGAX,3.8056243333719415,ITGAX,ppac
TARGET.20.PAXCYN.09A,ITGAX,8.56952334722208,ITGAX,ppac
TARGET.20.PAVALI.09A,ITGAX,5.657070890249355,ITGAX,ppac
TARGET.20.PAWEBG.09A,ITGAX,8.740846712276046,ITGAX,ppac
TARGET.20.PAPAPD.09A,ITGAX,4.972145452704078,ITGAX,ppac
TARGET.20.PAUWUZ.09A,ITGAX,8.810442372107195,ITGAX,ppac
TARGET.20.PAUWRZ.09A,ITGAX,8.185455370939712,ITGAX,ppac
TARGET.21.PASDXR.09A,ITGAX,6.594186662091825,ITGAX,ppac
TARGET.20.PAUYCB.09A,ITGAX,5.979322656830478,ITGAX,ppac
TARGET.20.PAVWBB.09A,ITGAX,5.272162074682964,ITGAX,ppac
TARGET.20.PASPSV.09A,ITGAX,5.260663339007564,ITGAX,ppac
TARGET.20.PAXGTM.09A,ITGAX,7.743187238478857,ITGAX,ppac
TARGET.20.PAUYCA.09A,ITGAX,6.047895769986835,ITGAX,ppac
TARGET.20.PAXBXI.09A,ITGAX,8.509840190059505,ITGAX,ppac
TARGET.20.PAWMKP.09A,ITGAX,7.702705747217483,ITGAX,ppac
TARGET.21.PASFJJ.09A,ITGAX,5.0265659233293505,ITGAX,ppac
TARGET.20.PASWAJ.09A,ITGAX,6.70715108676541,ITGAX,ppac
TARGET.20.PAWUUE.09A,ITGAX,6.465636989497476,ITGAX,ppac
TARGET.20.PAPZIZ.09A,ITGAX,8.34413241636761,ITGAX,ppac
TARGET.20.PAWLYM.09A,ITGAX,7.323149013075997,ITGAX,ppac
TARGET.20.PAWHFW.09A,ITGAX,7.8923301707147795,ITGAX,ppac
TARGET.20.PAWMNN.09A,ITGAX,8.10038080582868,ITGAX,ppac
TARGET.20.PAUWYR.09A,ITGAX,8.796114705306655,ITGAX,ppac
TARGET.20.PAWJJY.09A,ITGAX,6.390641571110977,ITGAX,ppac
TARGET.20.PAWMGT.09A,ITGAX,8.343095325200903,ITGAX,ppac
TARGET.20.PAVSVU.09A,ITGAX,7.499441247119785,ITGAX,ppac
TARGET.20.PAVBFN.09A,ITGAX,5.284479219814142,ITGAX,ppac
TARGET.20.PASELF.09A,ITGAX,6.025765595545209,ITGAX,ppac
TARGET.21.PASFHK.09A,ITGAX,8.867756954928883,ITGAX,ppac
TARGET.20.PAXDDY.09A,ITGAX,4.3991246425967,ITGAX,ppac
TARGET.20.PARXEC.09A,ITGAX,8.267872818497503,ITGAX,ppac
TARGET.20.PAVTLN.09A,ITGAX,8.814921211685087,ITGAX,ppac
TARGET.20.PAVAYD.09A,ITGAX,7.811698659489899,ITGAX,ppac
TARGET.20.PAVBZM.09A,ITGAX,6.386099179445693,ITGAX,ppac
TARGET.20.PASEYM.09A,ITGAX,8.1431847555848,ITGAX,ppac
TARGET.20.PAPAJE.09A,ITGAX,9.874544431022343,ITGAX,ppac
TARGET.20.PAWEVC.09A,ITGAX,5.697005623941572,ITGAX,ppac
TARGET.20.PASFVP.09A,ITGAX,2.8056889651540966,ITGAX,ppac
TARGET.20.PASLMR.09A,ITGAX,8.735389539956621,ITGAX,ppac
TARGET.20.PAUYNI.09A,ITGAX,4.8533750275738194,ITGAX,ppac
TARGET.20.PAVDFC.09A,ITGAX,5.920735442678193,ITGAX,ppac
TARGET.20.PAVTMY.09A,ITGAX,6.827809539922132,ITGAX,ppac
TARGET.20.PASWLN.09A,ITGAX,4.207522525125239,ITGAX,ppac
TARGET.20.PAULSL.09A,ITGAX,7.452243571322301,ITGAX,ppac
TARGET.20.PATBFL.09A,ITGAX,7.0346899097886455,ITGAX,ppac
TARGET.20.PASGZS.09A,ITGAX,8.404633471229552,ITGAX,ppac
TARGET.20.PAVTDW.09A,ITGAX,8.305412142647329,ITGAX,ppac
TARGET.20.PAXCWR.09A,ITGAX,7.57739438137423,ITGAX,ppac
TARGET.20.PAUBKI.09A,ITGAX,3.0337702580076265,ITGAX,ppac
TARGET.20.PAXKAI.09A,ITGAX,8.154543517442312,ITGAX,ppac
TARGET.20.PAPVZK.09A,ITGAX,6.334961172464646,ITGAX,ppac
TARGET.20.PAUMGZ.09A,ITGAX,6.65994914930223,ITGAX,ppac
TARGET.20.PASWTY.09A,ITGAX,5.719853164920762,ITGAX,ppac
TARGET.20.PANJTK.09A,ITGAX,6.560430917253131,ITGAX,ppac
TARGET.20.PAXARD.09A,ITGAX,8.293301113685132,ITGAX,ppac
TARGET.20.PAVPFR.09A,ITGAX,6.055323049335443,ITGAX,ppac
TARGET.20.PAVYPX.09A,ITGAX,8.352017663782675,ITGAX,ppac
TARGET.20.PAXMFG.09A,ITGAX,4.540520486435879,ITGAX,ppac
TARGET.20.PALNAT.09A,ITGAX,7.440477403222765,ITGAX,ppac
TARGET.20.PANDER.09A,ITGAX,6.356084286553871,ITGAX,ppac
TARGET.20.PAXLDI.09A,ITGAX,8.441410963630265,ITGAX,ppac
TARGET.20.PASSLT.09A,ITGAX,5.52987178075818,ITGAX,ppac
TARGET.20.PAWMDY.09A,ITGAX,7.635297844865829,ITGAX,ppac
TARGET.20.PAWYRT.09A,ITGAX,6.559400217355463,ITGAX,ppac
TARGET.20.PAWGKS.09A,ITGAX,5.947038623277828,ITGAX,ppac
TARGET.20.PATGRR.09A,ITGAX,3.906688142263767,ITGAX,ppac
TARGET.20.PAVJRF.09A,ITGAX,6.338477427736185,ITGAX,ppac
TARGET.20.PAXIHA.09A,ITGAX,8.98293522662059,ITGAX,ppac
TARGET.20.PAUWFM.09A,ITGAX,9.376531928069744,ITGAX,ppac
TARGET.20.PARCUK.09A,ITGAX,6.406810552385644,ITGAX,ppac
TARGET.20.PAVKAH.09A,ITGAX,6.38276975868948,ITGAX,ppac
TARGET.20.PAUYZY.09A,ITGAX,8.03535024150708,ITGAX,ppac
TARGET.20.PARMME.09A,ITGAX,5.35654911324989,ITGAX,ppac
TARGET.20.PASVVS.09A,ITGAX,7.881977576837473,ITGAX,ppac
TARGET.20.PAXGXR.09A,ITGAX,5.514482499735788,ITGAX,ppac
TARGET.20.PAXANS.09A,ITGAX,8.07447770133773,ITGAX,ppac
TARGET.20.PAWHAX.09A,ITGAX,8.061565080527984,ITGAX,ppac
TARGET.20.PAVXZL.09A,ITGAX,4.737186909418019,ITGAX,ppac
TARGET.20.PASPLU.09A,ITGAX,7.321850241330931,ITGAX,ppac
TARGET.20.PAUXKD.09A,ITGAX,8.283124315691103,ITGAX,ppac
TARGET.20.PAVWZV.09A,ITGAX,7.929760214076337,ITGAX,ppac
TARGET.20.PANKNB.09A,ITGAX,9.14867975443063,ITGAX,ppac
TARGET.20.PAVTXM.09A,ITGAX,5.574929770683993,ITGAX,ppac
TARGET.20.PAXBNE.09A,ITGAX,9.291026064711923,ITGAX,ppac
TARGET.20.PAXBLW.09A,ITGAX,10.265656750152903,ITGAX,ppac
TARGET.20.PAWZZN.09A,ITGAX,7.398533690382331,ITGAX,ppac
TARGET.20.PAVLAE.09A,ITGAX,5.642695836684341,ITGAX,ppac
TARGET.20.PAWIVB.09A,ITGAX,10.799562216473443,ITGAX,ppac
TARGET.20.PAWPCN.09A,ITGAX,8.823299072883415,ITGAX,ppac
TARGET.20.PAXCPM.09A,ITGAX,9.218993996220563,ITGAX,ppac
TARGET.20.PAUXLK.09A,ITGAX,6.199782129307623,ITGAX,ppac
TARGET.20.PAVZBG.09A,ITGAX,6.199803278417898,ITGAX,ppac
TARGET.20.PAVPCA.09A,ITGAX,4.551377637131638,ITGAX,ppac
TARGET.20.PAUHTE.09A,ITGAX,5.894125447062881,ITGAX,ppac
TARGET.21.PARLSL.09A,ITGAX,9.32919664768277,ITGAX,ppac
TARGET.20.PAVGIX.09A,ITGAX,5.621709263005049,ITGAX,ppac
TARGET.20.PAWMIP.09A,ITGAX,7.251446532315384,ITGAX,ppac
TARGET.20.PAEEYP.09A,ITGAX,7.981944746282715,ITGAX,ppac
TARGET.20.PAUVBZ.09A,ITGAX,8.3121575983077,ITGAX,ppac
TARGET.20.PAXIIP.09A,ITGAX,9.33488194970946,ITGAX,ppac
TARGET.20.PANZKA.09A,ITGAX,5.5165293103412605,ITGAX,ppac
TARGET.20.PAXARX.09A,ITGAX,6.903743345673624,ITGAX,ppac
TARGET.20.PAUMJB.09A,ITGAX,4.695181549849182,ITGAX,ppac
TARGET.20.PATBUK.09A,ITGAX,4.464762393745084,ITGAX,ppac
TARGET.20.PAUZSY.09A,ITGAX,3.4233424417351466,ITGAX,ppac
TARGET.20.PASFNP.09A,ITGAX,8.036600442018305,ITGAX,ppac
TARGET.20.PAVIDK.09A,ITGAX,7.820493550333072,ITGAX,ppac
TARGET.20.PAXMLW.09A,ITGAX,7.697063453178263,ITGAX,ppac
TARGET.20.PATWYU.09A,ITGAX,5.233837958635756,ITGAX,ppac
TARGET.20.PASFJB.09A,ITGAX,5.875097900549278,ITGAX,ppac
TARGET.20.PAWUAE.09A,ITGAX,9.215108996839598,ITGAX,ppac
TARGET.21.PASSLT.09A,ITGAX,5.165767358952074,ITGAX,ppac
TARGET.20.PAUJNJ.09A,ITGAX,5.732255763735073,ITGAX,ppac
TARGET.20.PAXEMU.09A,ITGAX,5.148935127581406,ITGAX,ppac
TARGET.20.PAVIXV.09A,ITGAX,5.115191631864943,ITGAX,ppac
TARGET.20.PAVNKI.09A,ITGAX,6.5861495024433045,ITGAX,ppac
TARGET.20.PAVAAM.09A,ITGAX,8.396982034424436,ITGAX,ppac
TARGET.20.PANSBH.09A,ITGAX,4.556211642805006,ITGAX,ppac
TARGET.20.PAWFFJ.09A,ITGAX,9.16807234535365,ITGAX,ppac
TARGET.20.PAUVEF.09A,ITGAX,8.189669572424677,ITGAX,ppac
TARGET.20.PAWEYY.09A,ITGAX,8.192771428908369,ITGAX,ppac
TARGET.20.PAWNAP.09A,ITGAX,9.488665799823886,ITGAX,ppac
TARGET.20.PAXFWY.09A,ITGAX,7.805011770245018,ITGAX,ppac
TARGET.20.PAWLKE.09A,ITGAX,8.43590276236152,ITGAX,ppac
TARGET.20.PASZZE.09A,ITGAX,6.2913687369126,ITGAX,ppac
TARGET.21.PASYWA.09A,ITGAX,3.2911647281612817,ITGAX,ppac
TARGET.20.PAUBLN.09A,ITGAX,3.1872005842152498,ITGAX,ppac
TARGET.20.PAWPDC.09A,ITGAX,9.001864839651638,ITGAX,ppac
TARGET.20.PASRTP.09A,ITGAX,6.208900877187521,ITGAX,ppac
TARGET.20.PAWLHJ.09A,ITGAX,8.871825351147944,ITGAX,ppac
TARGET.20.PARWXS.09A,ITGAX,6.207166440569971,ITGAX,ppac
TARGET.20.PAXLEE.09A,ITGAX,7.724217690859801,ITGAX,ppac
TARGET.20.PATVRA.09A,ITGAX,4.881622677499044,ITGAX,ppac
TARGET.20.PASSSI.09A,ITGAX,8.22307306916315,ITGAX,ppac
TARGET.20.PAUMZV.09A,ITGAX,5.073935809270016,ITGAX,ppac
TARGET.20.PAXFEE.09A,ITGAX,6.056922301185454,ITGAX,ppac
TARGET.20.PAWNPU.09A,ITGAX,7.1538641594639785,ITGAX,ppac
TARGET.20.PAECCE.09A,ITGAX,8.445736799799121,ITGAX,ppac
TARGET.20.PAVSHX.09A,ITGAX,7.233641814477795,ITGAX,ppac
TARGET.20.PAVDDU.09A,ITGAX,4.817049794333485,ITGAX,ppac
TARGET.20.PAUPSX.09A,ITGAX,7.352327129281021,ITGAX,ppac
TARGET.20.PARKFB.09A,ITGAX,8.665944273987165,ITGAX,ppac
TARGET.20.PAUIPM.09A,ITGAX,10.444815139958743,ITGAX,ppac
TARGET.20.PAXEES.09A,ITGAX,9.859800312719807,ITGAX,ppac
TARGET.21.PANVPB.09A,ITGAX,7.112853671487251,ITGAX,ppac
TARGET.20.PAUVMN.09A,ITGAX,6.403357363129983,ITGAX,ppac
TARGET.20.PATPAC.09A,ITGAX,7.755253470546197,ITGAX,ppac
TARGET.20.PAVMPA.09A,ITGAX,8.743152822150913,ITGAX,ppac
TARGET.20.PAWGCN.09A,ITGAX,6.165238991342597,ITGAX,ppac
TARGET.20.PAUEAN.09A,ITGAX,2.9906734767987,ITGAX,ppac
TARGET.21.PARHRS.09A,ITGAX,5.851503220538328,ITGAX,ppac
TARGET.20.PAVWVT.09A,ITGAX,6.983815557298952,ITGAX,ppac
TARGET.20.PAVJXG.09A,ITGAX,5.838794872621283,ITGAX,ppac
TARGET.20.PAVKBW.09A,ITGAX,6.636943626011879,ITGAX,ppac
TARGET.20.PAXIAZ.09A,ITGAX,8.755659004406814,ITGAX,ppac
TARGET.20.PASBPK.09A,ITGAX,6.2590561020144255,ITGAX,ppac
TARGET.20.PAWUMM.09A,ITGAX,9.22867038936846,ITGAX,ppac
TARGET.20.PATDHA.09A,ITGAX,4.554653549042909,ITGAX,ppac
TARGET.20.PAVHTL.09A,ITGAX,6.66450826337724,ITGAX,ppac
TARGET.20.PAUZAM.09A,ITGAX,10.261369352084264,ITGAX,ppac
TARGET.20.PAXHWI.09A,ITGAX,5.398687282087913,ITGAX,ppac
TARGET.20.PAUUHV.09A,ITGAX,9.14036019073778,ITGAX,ppac
TARGET.20.PAUTKL.09A,ITGAX,5.829486772335866,ITGAX,ppac
TARGET.20.PAXBLX.09A,ITGAX,7.839332738837856,ITGAX,ppac
TARGET.20.PAWYTW.09A,ITGAX,8.768519570955913,ITGAX,ppac
TARGET.20.PAWLAJ.09A,ITGAX,8.656637101275935,ITGAX,ppac
TARGET.20.PAUVYC.09A,ITGAX,7.70680642548723,ITGAX,ppac
TARGET.20.PARFVC.09A,ITGAX,4.358922273732286,ITGAX,ppac
TARGET.20.PASZLJ.09A,ITGAX,5.9950711008215585,ITGAX,ppac
TARGET.20.PAXDVZ.09A,ITGAX,7.2177983377536,ITGAX,ppac
TARGET.20.PAWDEG.09A,ITGAX,7.539789892018244,ITGAX,ppac
TARGET.20.PAVALK.09A,ITGAX,10.731674715783614,ITGAX,ppac
TARGET.20.PAVZYI.09A,ITGAX,9.66924126251715,ITGAX,ppac
TARGET.20.PAXKTY.09A,ITGAX,7.792850637331829,ITGAX,ppac
TARGET.20.PAUUKK.09A,ITGAX,8.451948064317548,ITGAX,ppac
TARGET.20.PAUFUB.09A,ITGAX,7.961300315238827,ITGAX,ppac
TARGET.20.PAUMUZ.09A,ITGAX,9.470624587202764,ITGAX,ppac
TARGET.20.PAXLXI.09A,ITGAX,7.875752334466787,ITGAX,ppac
TARGET.20.PARTYK.09A,ITGAX,4.278431699352979,ITGAX,ppac
TARGET.20.PANZXI.09A,ITGAX,2.442532974899892,ITGAX,ppac
TARGET.20.PANVGE.09A,ITGAX,6.736805888099843,ITGAX,ppac
TARGET.20.PAUZMH.09A,ITGAX,10.015277582471972,ITGAX,ppac
TARGET.20.PAWKRF.09A,ITGAX,1.844087293024053,ITGAX,ppac
TARGET.20.PAWUTL.09A,ITGAX,2.8547983814283526,ITGAX,ppac
TARGET.20.PAVYYR.09A,ITGAX,8.971682594609929,ITGAX,ppac
TARGET.20.PAKKBK.09A,ITGAX,3.909007598439432,ITGAX,ppac
TARGET.20.PAVBNV.09A,ITGAX,5.870482119992132,ITGAX,ppac
TARGET.20.PAVDPF.09A,ITGAX,6.004893240935088,ITGAX,ppac
TARGET.20.PARHJV.09A,ITGAX,4.87026049384616,ITGAX,ppac
TARGET.20.PAVZEC.09A,ITGAX,5.466222824893955,ITGAX,ppac
TARGET.20.PAUHFI.09A,ITGAX,7.427716453778937,ITGAX,ppac
TARGET.20.PAUMAD.09A,ITGAX,6.902352603926396,ITGAX,ppac
TARGET.20.PAXGVH.09A,ITGAX,5.595998723415716,ITGAX,ppac
TARGET.20.PAVIYS.09A,ITGAX,5.706088701933435,ITGAX,ppac
TARGET.20.PAVXME.09A,ITGAX,8.12665805135498,ITGAX,ppac
TARGET.20.PAVRTN.09A,ITGAX,6.452485190179937,ITGAX,ppac
TARGET.20.PAUVAT.09A,ITGAX,6.7884203647903085,ITGAX,ppac
TARGET.20.PAWACC.09A,ITGAX,9.07668564860197,ITGAX,ppac
TARGET.20.PAVWXI.09A,ITGAX,8.024151289845378,ITGAX,ppac
TARGET.20.PAXMPG.09A,ITGAX,4.671836835768869,ITGAX,ppac
TARGET.20.PAVUZN.09A,ITGAX,7.040279379755336,ITGAX,ppac
TARGET.20.PAUWNT.09A,ITGAX,7.1512444591361,ITGAX,ppac
TARGET.20.PASIEP.09A,ITGAX,6.274091273161847,ITGAX,ppac
TARGET.20.PAVDVV.09A,ITGAX,8.181758233114502,ITGAX,ppac
TARGET.20.PATDDA.09A,ITGAX,5.2769070343217646,ITGAX,ppac
TARGET.20.PAUULL.09A,ITGAX,9.935147631324398,ITGAX,ppac
TARGET.20.PAXIDA.09A,ITGAX,5.857588964277677,ITGAX,ppac
TARGET.20.PAWKPU.09A,ITGAX,6.316122956420238,ITGAX,ppac
TARGET.20.PAXKES.09A,ITGAX,7.676326373711177,ITGAX,ppac
TARGET.20.PAVFPR.09A,ITGAX,7.108258849579068,ITGAX,ppac
TARGET.20.PAVPVK.09A,ITGAX,9.138470375453393,ITGAX,ppac
TARGET.20.PAXMNG.09A,ITGAX,8.812939157638304,ITGAX,ppac
TARGET.20.PAXKXS.09A,ITGAX,5.965742959786542,ITGAX,ppac
TARGET.20.PAVKJV.09A,ITGAX,6.07737619265297,ITGAX,ppac
TARGET.20.PAULCA.09A,ITGAX,8.152992519989366,ITGAX,ppac
TARGET.20.PAXLFG.09A,ITGAX,5.964853848851601,ITGAX,ppac
TARGET.20.PASEGC.09A,ITGAX,4.181021394939679,ITGAX,ppac
TARGET.20.PAUPXH.09A,ITGAX,8.014707709015545,ITGAX,ppac
TARGET.20.PAUTDY.09A,ITGAX,5.91017770038403,ITGAX,ppac
TARGET.20.PAWTSD.09A,ITGAX,9.003134443195048,ITGAX,ppac
TARGET.20.PAVUVI.09A,ITGAX,8.400554204680382,ITGAX,ppac
TARGET.20.PASAFM.09A,ITGAX,5.4716733643130695,ITGAX,ppac
TARGET.20.PASFHK.09A,ITGAX,9.394317851646424,ITGAX,ppac
TARGET.20.PAVLWY.09A,ITGAX,9.809928751659456,ITGAX,ppac
TARGET.20.PAVCNU.09A,ITGAX,7.235329766310575,ITGAX,ppac
TARGET.20.PAVHUF.09A,ITGAX,8.094117102742919,ITGAX,ppac
TARGET.20.PARLVL.09A,ITGAX,3.418729017852033,ITGAX,ppac
TARGET.20.PAUSBP.09A,ITGAX,9.689250477485611,ITGAX,ppac
TARGET.20.PAWTPD.09A,ITGAX,6.4989045792024,ITGAX,ppac
TARGET.20.PAVJVS.09A,ITGAX,4.79155517723919,ITGAX,ppac
