bin,x,y,n_cells
0,-33.2190,-15.8410,2
1,-33.2190,-15.2408,8
2,-33.2190,-14.6407,2
3,-33.2190,-14.0406,13
4,-33.2190,-13.4404,12
5,-33.2190,-9.2395,1
6,-33.2190,-8.6394,3
7,-33.2190,-8.0393,2
8,-32.6350,-17.0412,21
9,-32.6350,-16.4411,22
10,-32.6350,-15.8410,24
11,-32.6350,-11.0399,10
12,-32.6350,-10.4398,31
13,-32.6350,-9.8396,17
14,-32.6350,-9.2395,32
15,-32.6350,-8.6394,32
16,-32.6350,-8.0393,28
17,-32.6350,-7.4391,29
18,-32.6350,-6.8390,18
19,-32.6350,-6.2389,17
20,-32.6350,-5.6387,7
21,-32.6350,-5.0386,14
22,-32.6350,-4.4385,9
23,-32.6350,-3.8383,8
24,-32.6350,-3.2382,7
25,-32.6350,-2.6381,1
26,-32.0510,-17.6414,35
27,-32.0510,-17.0412,50
28,-32.0510,-16.4411,9
29,-32.0510,-12.2402,9
30,-32.0510,-11.6400,11
31,-32.0510,-11.0399,10
32,-32.0510,-10.4398,7
33,-32.0510,-9.8396,5
34,-32.0510,-9.2395,9
35,-32.0510,-8.6394,18
36,-32.0510,-8.0393,14
37,-32.0510,-7.4391,19
38,-32.0510,-6.8390,22
39,-32.0510,-6.2389,13
40,-32.0510,-5.6387,7
41,-32.0510,-5.0386,5
42,-32.0510,-4.4385,10
43,-32.0510,-3.8383,16
44,-32.0510,-3.2382,11
45,-32.0510,-2.6381,22
46,-32.0510,-2.0379,22
47,-32.0510,-1.4378,35
48,-32.0510,-0.8377,1
49,-31.4669,-18.2415,2
50,-31.4669,-17.6414,69
51,-31.4669,-17.0412,22
52,-31.4669,-16.4411,1
53,-31.4669,-12.8403,11
54,-31.4669,-12.2402,14
55,-31.4669,-11.6400,6
56,-31.4669,-11.0399,3
57,-31.4669,-10.4398,5
58,-31.4669,-9.8396,16
59,-31.4669,-9.2395,14
60,-31.4669,-8.6394,18
61,-31.4669,-8.0393,14
62,-31.4669,-7.4391,14
63,-31.4669,-6.8390,8
64,-31.4669,-5.6387,5
65,-31.4669,-5.0386,7
66,-31.4669,-4.4385,12
67,-31.4669,-3.8383,5
68,-31.4669,-2.0379,2
69,-31.4669,-1.4378,4
70,-31.4669,-0.8377,16
71,-31.4669,-0.2375,9
72,-30.8829,-18.8416,1
73,-30.8829,-18.2415,10
74,-30.8829,-17.6414,44
75,-30.8829,-12.8403,2
76,-30.8829,-12.2402,16
77,-30.8829,-11.6400,59
78,-30.8829,-11.0399,56
79,-30.8829,-10.4398,22
80,-30.8829,-9.8396,7
81,-30.8829,-9.2395,14
82,-30.8829,-8.6394,12
83,-30.8829,-8.0393,14
84,-30.8829,-7.4391,19
85,-30.8829,-6.8390,4
86,-30.8829,-6.2389,4
87,-30.8829,-5.6387,5
88,-30.8829,-5.0386,3
89,-30.8829,-3.8383,1
90,-30.8829,-0.8377,1
91,-30.8829,-0.2375,3
92,-30.8829,0.3626,2
93,-30.8829,0.9627,2
94,-30.8829,8.7645,30
95,-30.8829,9.3646,106
96,-30.8829,9.9647,30
97,-30.8829,10.5648,2
98,-30.2989,-18.2415,8
99,-30.2989,-17.6414,16
100,-30.2989,-12.2402,14
101,-30.2989,-11.6400,15
102,-30.2989,-11.0399,21
103,-30.2989,-10.4398,18
104,-30.2989,-9.8396,13
105,-30.2989,-9.2395,21
106,-30.2989,-8.6394,5
107,-30.2989,-8.0393,3
108,-30.2989,-7.4391,3
109,-30.2989,-6.8390,6
110,-30.2989,-6.2389,1
111,-30.2989,-4.4385,1
112,-30.2989,8.1643,50
113,-30.2989,8.7645,72
114,-30.2989,9.3646,43
115,-30.2989,9.9647,56
116,-30.2989,10.5648,32
117,-29.7149,-18.8416,3
118,-29.7149,-18.2415,5
119,-29.7149,-17.6414,2
120,-29.7149,-12.2402,2
121,-29.7149,-11.6400,1
122,-29.7149,-11.0399,2
123,-29.7149,-10.4398,3
124,-29.7149,-9.8396,28
125,-29.7149,-9.2395,15
126,-29.7149,-8.6394,13
127,-29.7149,-8.0393,5
128,-29.7149,-7.4391,5
129,-29.7149,-6.8390,15
130,-29.7149,-6.2389,3
131,-29.7149,-5.6387,1
132,-29.7149,-5.0386,1
133,-29.7149,2.7631,1
134,-29.7149,7.5642,7
135,-29.7149,8.1643,3
136,-29.7149,8.7645,5
137,-29.7149,9.3646,8
138,-29.7149,9.9647,9
139,-29.1309,-19.4418,1
140,-29.1309,-18.8416,2
141,-29.1309,-17.6414,1
142,-29.1309,-12.2402,2
143,-29.1309,-10.4398,4
144,-29.1309,-9.8396,6
145,-29.1309,-9.2395,12
146,-29.1309,-8.6394,5
147,-29.1309,-8.0393,2
148,-29.1309,-7.4391,13
149,-29.1309,-6.8390,28
150,-29.1309,-6.2389,11
151,-29.1309,-5.6387,1
152,-29.1309,-5.0386,6
153,-29.1309,-4.4385,1
154,-29.1309,-3.8383,1
155,-29.1309,-3.2382,2
156,-29.1309,-2.6381,5
157,-29.1309,-2.0379,15
158,-29.1309,-1.4378,10
159,-29.1309,1.5629,2
160,-29.1309,2.1630,2
161,-29.1309,2.7631,1
162,-29.1309,3.3633,1
163,-29.1309,3.9634,1
164,-29.1309,6.9641,4
165,-29.1309,7.5642,5
166,-29.1309,9.3646,1
167,-29.1309,11.7651,2
168,-29.1309,12.3652,2
169,-28.5468,-18.8416,2
170,-28.5468,-18.2415,2
171,-28.5468,-12.2402,9
172,-28.5468,-11.6400,1
173,-28.5468,-10.4398,3
174,-28.5468,-9.8396,6
175,-28.5468,-9.2395,8
176,-28.5468,-8.6394,9
177,-28.5468,-8.0393,7
178,-28.5468,-7.4391,21
179,-28.5468,-6.8390,19
180,-28.5468,-6.2389,13
181,-28.5468,-5.6387,4
182,-28.5468,-5.0386,8
183,-28.5468,-4.4385,1
184,-28.5468,-3.2382,17
185,-28.5468,-2.6381,35
186,-28.5468,-2.0379,50
187,-28.5468,-1.4378,20
188,-28.5468,6.9641,1
189,-28.5468,12.9654,7
190,-28.5468,13.5655,2
191,-27.9628,-18.8416,1
192,-27.9628,-17.6414,1
193,-27.9628,-12.8403,1
194,-27.9628,-12.2402,1
195,-27.9628,-11.6400,4
196,-27.9628,-11.0399,2
197,-27.9628,-10.4398,5
198,-27.9628,-9.8396,10
199,-27.9628,-9.2395,7
200,-27.9628,-8.6394,3
201,-27.9628,-8.0393,15
202,-27.9628,-7.4391,17
203,-27.9628,-6.8390,17
204,-27.9628,-6.2389,3
205,-27.9628,-5.6387,10
206,-27.9628,-5.0386,2
207,-27.9628,-4.4385,4
208,-27.9628,-3.8383,19
209,-27.9628,-3.2382,19
210,-27.9628,-2.6381,35
211,-27.9628,-2.0379,23
212,-27.9628,-1.4378,4
213,-27.9628,14.7658,1
214,-27.9628,15.3659,5
215,-27.9628,15.9660,50
216,-27.9628,16.5662,21
217,-27.3788,-18.8416,1
218,-27.3788,-18.2415,1
219,-27.3788,-13.4404,5
220,-27.3788,-12.8403,22
221,-27.3788,-12.2402,40
222,-27.3788,-11.6400,17
223,-27.3788,-11.0399,3
224,-27.3788,-10.4398,6
225,-27.3788,-9.8396,12
226,-27.3788,-9.2395,4
227,-27.3788,-8.6394,5
228,-27.3788,-8.0393,24
229,-27.3788,-7.4391,13
230,-27.3788,-6.8390,17
231,-27.3788,-6.2389,4
232,-27.3788,-5.6387,6
233,-27.3788,-5.0386,6
234,-27.3788,-4.4385,14
235,-27.3788,-3.8383,11
236,-27.3788,-3.2382,16
237,-27.3788,-2.6381,39
238,-27.3788,-2.0379,12
239,-27.3788,14.1656,1
240,-27.3788,14.7658,4
241,-27.3788,15.3659,19
242,-27.3788,15.9660,85
243,-27.3788,16.5662,34
244,-26.7948,-18.2415,2
245,-26.7948,-17.6414,4
246,-26.7948,-13.4404,12
247,-26.7948,-12.8403,18
248,-26.7948,-12.2402,10
249,-26.7948,-11.6400,29
250,-26.7948,-11.0399,12
251,-26.7948,-10.4398,5
252,-26.7948,-9.8396,28
253,-26.7948,-9.2395,30
254,-26.7948,-8.6394,6
255,-26.7948,-8.0393,1
256,-26.7948,-7.4391,1
257,-26.7948,-6.8390,1
258,-26.7948,-6.2389,18
259,-26.7948,-5.6387,28
260,-26.7948,-5.0386,15
261,-26.7948,-4.4385,13
262,-26.7948,-3.8383,24
263,-26.7948,-3.2382,39
264,-26.7948,-2.6381,19
265,-26.7948,-2.0379,3
266,-26.7948,13.5655,2
267,-26.7948,14.1656,2
268,-26.7948,14.7658,4
269,-26.7948,15.3659,12
270,-26.7948,15.9660,34
271,-26.7948,16.5662,9
272,-26.2107,-20.6420,1
273,-26.2107,-18.2415,1
274,-26.2107,-17.6414,6
275,-26.2107,-12.2402,1
276,-26.2107,-11.6400,5
277,-26.2107,-11.0399,2
278,-26.2107,-9.2395,4
279,-26.2107,-8.6394,3
280,-26.2107,-7.4391,5
281,-26.2107,-6.8390,24
282,-26.2107,-6.2389,15
283,-26.2107,-5.6387,12
284,-26.2107,-5.0386,19
285,-26.2107,-4.4385,10
286,-26.2107,-3.8383,30
287,-26.2107,-3.2382,36
288,-26.2107,-2.6381,12
289,-26.2107,14.7658,4
290,-26.2107,15.3659,10
291,-26.2107,15.9660,32
292,-26.2107,16.5662,5
293,-25.6267,-20.0419,1
294,-25.6267,-18.2415,1
295,-25.6267,-17.6414,4
296,-25.6267,-17.0412,1
297,-25.6267,-11.6400,1
298,-25.6267,-9.8396,1
299,-25.6267,-9.2395,2
300,-25.6267,-7.4391,18
301,-25.6267,-6.8390,28
302,-25.6267,-6.2389,19
303,-25.6267,-5.6387,23
304,-25.6267,-5.0386,16
305,-25.6267,-4.4385,25
306,-25.6267,-3.8383,40
307,-25.6267,-3.2382,16
308,-25.6267,-2.6381,2
309,-25.6267,14.1656,2
310,-25.6267,14.7658,9
311,-25.6267,15.3659,32
312,-25.6267,15.9660,11
313,-25.6267,16.5662,2
314,-25.0427,-20.6420,1
315,-25.0427,-18.8416,1
316,-25.0427,-17.0412,1
317,-25.0427,-10.4398,1
318,-25.0427,-8.0393,3
319,-25.0427,-7.4391,25
320,-25.0427,-6.8390,41
321,-25.0427,-6.2389,19
322,-25.0427,-5.6387,8
323,-25.0427,-5.0386,7
324,-25.0427,-4.4385,9
325,-25.0427,-3.8383,33
326,-25.0427,-3.2382,6
327,-25.0427,13.5655,2
328,-25.0427,14.1656,7
329,-25.0427,14.7658,12
330,-25.0427,15.3659,8
331,-25.0427,15.9660,2
332,-25.0427,16.5662,1
333,-24.4587,-20.6420,3
334,-24.4587,-19.4418,1
335,-24.4587,-8.0393,15
336,-24.4587,-7.4391,30
337,-24.4587,-6.8390,11
338,-24.4587,-6.2389,14
339,-24.4587,-5.6387,10
340,-24.4587,-5.0386,5
341,-24.4587,-4.4385,2
342,-24.4587,-3.8383,5
343,-24.4587,-3.2382,5
344,-24.4587,12.9654,5
345,-24.4587,13.5655,2
346,-24.4587,14.1656,1
347,-24.4587,14.7658,7
348,-24.4587,15.3659,2
349,-24.4587,15.9660,6
350,-24.4587,16.5662,2
351,-23.8747,-21.8423,1
352,-23.8747,-20.6420,1
353,-23.8747,-20.0419,1
354,-23.8747,-19.4418,1
355,-23.8747,-18.8416,1
356,-23.8747,-8.6394,1
357,-23.8747,-8.0393,17
358,-23.8747,-7.4391,31
359,-23.8747,-6.8390,41
360,-23.8747,-6.2389,12
361,-23.8747,-5.6387,1
362,-23.8747,12.9654,1
363,-23.8747,13.5655,2
364,-23.8747,14.1656,2
365,-23.8747,14.7658,5
366,-23.8747,15.3659,3
367,-23.8747,15.9660,5
368,-23.8747,16.5662,2
369,-23.2906,-23.0426,1
370,-23.2906,-22.4424,1
371,-23.2906,-21.8423,2
372,-23.2906,-21.2422,1
373,-23.2906,-20.6420,4
374,-23.2906,-20.0419,2
375,-23.2906,-19.4418,1
376,-23.2906,-18.8416,1
377,-23.2906,-17.6414,1
378,-23.2906,-8.0393,6
379,-23.2906,-7.4391,19
380,-23.2906,-6.8390,11
381,-23.2906,-6.2389,1
382,-23.2906,5.7638,1
383,-23.2906,10.5648,1
384,-23.2906,11.1650,1
385,-23.2906,12.3652,1
386,-23.2906,12.9654,1
387,-23.2906,13.5655,1
388,-23.2906,14.7658,1
389,-23.2906,15.9660,3
390,-23.2906,16.5662,4
391,-22.7066,-24.8430,1
392,-22.7066,-24.2428,6
393,-22.7066,-23.6427,16
394,-22.7066,-23.0426,13
395,-22.7066,-22.4424,14
396,-22.7066,-21.8423,22
397,-22.7066,-21.2422,20
398,-22.7066,-20.6420,25
399,-22.7066,-20.0419,16
400,-22.7066,-19.4418,15
401,-22.7066,-18.8416,9
402,-22.7066,-18.2415,7
403,-22.7066,-17.6414,9
404,-22.7066,-17.0412,11
405,-22.7066,-8.0393,1
406,-22.7066,-3.8383,1
407,-22.7066,6.9641,3
408,-22.7066,7.5642,2
409,-22.7066,8.1643,3
410,-22.7066,10.5648,1
411,-22.7066,12.9654,1
412,-22.7066,14.7658,1
413,-22.7066,15.3659,1
414,-22.7066,16.5662,5
415,-22.7066,17.1663,4
416,-22.1226,-25.4431,2
417,-22.1226,-24.8430,14
418,-22.1226,-24.2428,30
419,-22.1226,-23.6427,35
420,-22.1226,-23.0426,33
421,-22.1226,-22.4424,42
422,-22.1226,-21.8423,42
423,-22.1226,-21.2422,44
424,-22.1226,-20.6420,35
425,-22.1226,-20.0419,26
426,-22.1226,-19.4418,29
427,-22.1226,-18.8416,26
428,-22.1226,-18.2415,24
429,-22.1226,-17.6414,22
430,-22.1226,-17.0412,32
431,-22.1226,-16.4411,26
432,-22.1226,-15.8410,7
433,-22.1226,6.9641,1
434,-22.1226,7.5642,10
435,-22.1226,8.1643,19
436,-22.1226,8.7645,5
437,-22.1226,10.5648,3
438,-22.1226,11.1650,2
439,-22.1226,13.5655,2
440,-22.1226,14.1656,1
441,-22.1226,16.5662,2
442,-22.1226,17.1663,2
443,-21.5386,-27.2435,1
444,-21.5386,-26.0432,1
445,-21.5386,-25.4431,2
446,-21.5386,-24.8430,39
447,-21.5386,-24.2428,40
448,-21.5386,-23.6427,35
449,-21.5386,-23.0426,40
450,-21.5386,-22.4424,40
451,-21.5386,-21.8423,41
452,-21.5386,-21.2422,36
453,-21.5386,-20.6420,39
454,-21.5386,-20.0419,24
455,-21.5386,-19.4418,33
456,-21.5386,-18.8416,36
457,-21.5386,-18.2415,34
458,-21.5386,-17.6414,34
459,-21.5386,-17.0412,30
460,-21.5386,-16.4411,38
461,-21.5386,-15.8410,13
462,-21.5386,-15.2408,6
463,-21.5386,5.1637,5
464,-21.5386,5.7638,6
465,-21.5386,6.3639,7
466,-21.5386,6.9641,19
467,-21.5386,7.5642,13
468,-21.5386,8.1643,1
469,-21.5386,8.7645,19
470,-21.5386,9.3646,10
471,-21.5386,9.9647,2
472,-21.5386,10.5648,6
473,-21.5386,11.1650,6
474,-21.5386,11.7651,9
475,-21.5386,12.3652,4
476,-21.5386,12.9654,4
477,-21.5386,14.1656,2
478,-21.5386,15.9660,1
479,-21.5386,16.5662,2
480,-21.5386,17.1663,5
481,-21.5386,17.7664,11
482,-21.5386,18.3666,20
483,-21.5386,18.9667,31
484,-21.5386,19.5668,24
485,-21.5386,20.1670,43
486,-21.5386,20.7671,12
487,-20.9546,-28.4438,11
488,-20.9546,-27.8436,15
489,-20.9546,-27.2435,6
490,-20.9546,-26.6434,1
491,-20.9546,-26.0432,2
492,-20.9546,-25.4431,10
493,-20.9546,-24.8430,42
494,-20.9546,-24.2428,35
495,-20.9546,-23.6427,48
496,-20.9546,-23.0426,36
497,-20.9546,-22.4424,40
498,-20.9546,-21.8423,46
499,-20.9546,-21.2422,46
500,-20.9546,-20.6420,45
501,-20.9546,-20.0419,29
502,-20.9546,-19.4418,37
503,-20.9546,-18.8416,30
504,-20.9546,-18.2415,23
505,-20.9546,-17.6414,34
506,-20.9546,-17.0412,36
507,-20.9546,-16.4411,40
508,-20.9546,-15.8410,49
509,-20.9546,-15.2408,24
510,-20.9546,-14.6407,1
511,-20.9546,-8.6394,1
512,-20.9546,-8.0393,3
513,-20.9546,0.3626,1
514,-20.9546,0.9627,1
515,-20.9546,2.1630,1
516,-20.9546,2.7631,1
517,-20.9546,3.3633,2
518,-20.9546,3.9634,3
519,-20.9546,4.5635,4
520,-20.9546,5.1637,2
521,-20.9546,5.7638,4
522,-20.9546,6.3639,6
523,-20.9546,6.9641,2
524,-20.9546,7.5642,2
525,-20.9546,8.1643,5
526,-20.9546,8.7645,13
527,-20.9546,9.3646,15
528,-20.9546,9.9647,28
529,-20.9546,10.5648,21
530,-20.9546,11.1650,15
531,-20.9546,11.7651,9
532,-20.9546,12.3652,5
533,-20.9546,12.9654,2
534,-20.9546,14.1656,1
535,-20.9546,14.7658,1
536,-20.9546,15.3659,13
537,-20.9546,15.9660,20
538,-20.9546,16.5662,27
539,-20.9546,17.1663,20
540,-20.9546,17.7664,21
541,-20.9546,18.3666,19
542,-20.9546,18.9667,14
543,-20.9546,19.5668,24
544,-20.9546,20.1670,13
545,-20.9546,20.7671,17
546,-20.9546,21.3672,10
547,-20.9546,21.9674,3
548,-20.3705,-29.0439,1
549,-20.3705,-28.4438,18
550,-20.3705,-27.8436,6
551,-20.3705,-26.6434,2
552,-20.3705,-26.0432,1
553,-20.3705,-25.4431,28
554,-20.3705,-24.8430,39
555,-20.3705,-24.2428,42
556,-20.3705,-23.6427,40
557,-20.3705,-23.0426,37
558,-20.3705,-22.4424,43
559,-20.3705,-21.8423,42
560,-20.3705,-21.2422,47
561,-20.3705,-20.6420,39
562,-20.3705,-20.0419,34
563,-20.3705,-19.4418,31
564,-20.3705,-18.8416,41
565,-20.3705,-18.2415,31
566,-20.3705,-17.6414,29
567,-20.3705,-17.0412,36
568,-20.3705,-16.4411,27
569,-20.3705,-15.8410,37
570,-20.3705,-15.2408,16
571,-20.3705,-14.6407,9
572,-20.3705,-14.0406,1
573,-20.3705,-10.4398,1
574,-20.3705,-9.2395,4
575,-20.3705,-8.6394,3
576,-20.3705,-8.0393,11
577,-20.3705,-7.4391,22
578,-20.3705,-6.8390,42
579,-20.3705,-6.2389,23
580,-20.3705,-2.6381,2
581,-20.3705,-1.4378,1
582,-20.3705,-0.8377,1
583,-20.3705,0.3626,1
584,-20.3705,0.9627,1
585,-20.3705,1.5629,12
586,-20.3705,2.1630,20
587,-20.3705,2.7631,7
588,-20.3705,3.3633,1
589,-20.3705,3.9634,3
590,-20.3705,4.5635,3
591,-20.3705,5.1637,3
592,-20.3705,5.7638,13
593,-20.3705,6.3639,5
594,-20.3705,6.9641,8
595,-20.3705,7.5642,9
596,-20.3705,8.1643,15
597,-20.3705,8.7645,15
598,-20.3705,9.3646,10
599,-20.3705,9.9647,2
600,-20.3705,10.5648,5
601,-20.3705,11.1650,5
602,-20.3705,11.7651,3
603,-20.3705,12.3652,4
604,-20.3705,12.9654,1
605,-20.3705,13.5655,4
606,-20.3705,14.1656,12
607,-20.3705,14.7658,15
608,-20.3705,15.3659,28
609,-20.3705,15.9660,25
610,-20.3705,16.5662,20
611,-20.3705,17.1663,20
612,-20.3705,17.7664,20
613,-20.3705,18.3666,23
614,-20.3705,18.9667,35
615,-20.3705,19.5668,36
616,-20.3705,20.1670,34
617,-20.3705,20.7671,32
618,-20.3705,21.3672,11
619,-20.3705,21.9674,7
620,-20.3705,22.5675,4
621,-19.7865,-28.4438,2
622,-19.7865,-27.8436,1
623,-19.7865,-26.0432,4
624,-19.7865,-25.4431,10
625,-19.7865,-24.8430,33
626,-19.7865,-24.2428,21
627,-19.7865,-23.6427,30
628,-19.7865,-23.0426,35
629,-19.7865,-22.4424,36
630,-19.7865,-21.8423,35
631,-19.7865,-21.2422,47
632,-19.7865,-20.6420,39
633,-19.7865,-20.0419,43
634,-19.7865,-19.4418,28
635,-19.7865,-18.8416,38
636,-19.7865,-18.2415,31
637,-19.7865,-17.6414,34
638,-19.7865,-17.0412,30
639,-19.7865,-16.4411,31
640,-19.7865,-15.8410,29
641,-19.7865,-15.2408,15
642,-19.7865,-14.6407,8
643,-19.7865,-14.0406,8
644,-19.7865,-13.4404,5
645,-19.7865,-12.8403,4
646,-19.7865,-11.6400,2
647,-19.7865,-11.0399,1
648,-19.7865,-10.4398,4
649,-19.7865,-9.8396,11
650,-19.7865,-9.2395,36
651,-19.7865,-8.6394,37
652,-19.7865,-8.0393,14
653,-19.7865,-7.4391,15
654,-19.7865,-6.8390,17
655,-19.7865,-6.2389,41
656,-19.7865,-5.6387,43
657,-19.7865,-5.0386,13
658,-19.7865,-4.4385,5
659,-19.7865,-3.8383,2
660,-19.7865,-3.2382,3
661,-19.7865,-2.6381,3
662,-19.7865,-2.0379,3
663,-19.7865,-1.4378,1
664,-19.7865,-0.8377,1
665,-19.7865,-0.2375,1
666,-19.7865,0.3626,2
667,-19.7865,0.9627,19
668,-19.7865,1.5629,19
669,-19.7865,3.9634,1
670,-19.7865,4.5635,3
671,-19.7865,5.1637,5
672,-19.7865,5.7638,10
673,-19.7865,6.3639,11
674,-19.7865,6.9641,16
675,-19.7865,7.5642,12
676,-19.7865,8.1643,9
677,-19.7865,8.7645,4
678,-19.7865,9.3646,7
679,-19.7865,10.5648,2
680,-19.7865,11.1650,1
681,-19.7865,11.7651,1
682,-19.7865,12.3652,1
683,-19.7865,13.5655,6
684,-19.7865,14.1656,12
685,-19.7865,14.7658,29
686,-19.7865,15.3659,23
687,-19.7865,15.9660,25
688,-19.7865,16.5662,37
689,-19.7865,17.1663,32
690,-19.7865,17.7664,26
691,-19.7865,18.3666,32
692,-19.7865,18.9667,19
693,-19.7865,19.5668,27
694,-19.7865,20.1670,23
695,-19.7865,20.7671,26
696,-19.7865,21.3672,17
697,-19.7865,21.9674,12
698,-19.7865,22.5675,5
699,-19.7865,23.1676,12
700,-19.2025,-26.0432,3
701,-19.2025,-25.4431,10
702,-19.2025,-24.8430,20
703,-19.2025,-24.2428,24
704,-19.2025,-23.6427,18
705,-19.2025,-23.0426,31
706,-19.2025,-22.4424,26
707,-19.2025,-21.8423,23
708,-19.2025,-21.2422,42
709,-19.2025,-20.6420,39
710,-19.2025,-20.0419,24
711,-19.2025,-19.4418,31
712,-19.2025,-18.8416,27
713,-19.2025,-18.2415,34
714,-19.2025,-17.6414,22
715,-19.2025,-17.0412,14
716,-19.2025,-16.4411,16
717,-19.2025,-15.8410,11
718,-19.2025,-15.2408,10
719,-19.2025,-14.6407,4
720,-19.2025,-14.0406,8
721,-19.2025,-13.4404,12
722,-19.2025,-12.8403,8
723,-19.2025,-12.2402,7
724,-19.2025,-11.6400,4
725,-19.2025,-11.0399,2
726,-19.2025,-10.4398,4
727,-19.2025,-9.8396,10
728,-19.2025,-9.2395,21
729,-19.2025,-8.6394,40
730,-19.2025,-8.0393,26
731,-19.2025,-7.4391,22
732,-19.2025,-6.8390,9
733,-19.2025,-6.2389,11
734,-19.2025,-5.6387,10
735,-19.2025,-5.0386,18
736,-19.2025,-4.4385,7
737,-19.2025,-3.8383,10
738,-19.2025,-3.2382,8
739,-19.2025,-2.6381,8
740,-19.2025,-2.0379,3
741,-19.2025,-1.4378,9
742,-19.2025,-0.8377,13
743,-19.2025,-0.2375,26
744,-19.2025,0.3626,24
745,-19.2025,0.9627,12
746,-19.2025,1.5629,3
747,-19.2025,2.1630,3
748,-19.2025,2.7631,1
749,-19.2025,3.3633,1
750,-19.2025,3.9634,1
751,-19.2025,4.5635,1
752,-19.2025,5.1637,4
753,-19.2025,5.7638,4
754,-19.2025,6.3639,1
755,-19.2025,6.9641,6
756,-19.2025,7.5642,6
757,-19.2025,8.1643,5
758,-19.2025,8.7645,4
759,-19.2025,9.3646,3
760,-19.2025,9.9647,5
761,-19.2025,10.5648,1
762,-19.2025,11.1650,2
763,-19.2025,11.7651,2
764,-19.2025,12.3652,4
765,-19.2025,12.9654,4
766,-19.2025,13.5655,13
767,-19.2025,14.1656,29
768,-19.2025,14.7658,34
769,-19.2025,15.3659,25
770,-19.2025,15.9660,15
771,-19.2025,16.5662,37
772,-19.2025,17.1663,33
773,-19.2025,17.7664,24
774,-19.2025,18.3666,16
775,-19.2025,18.9667,15
776,-19.2025,19.5668,11
777,-19.2025,20.1670,8
778,-19.2025,20.7671,5
779,-19.2025,21.3672,10
780,-19.2025,21.9674,11
781,-19.2025,22.5675,13
782,-19.2025,23.1676,15
783,-19.2025,23.7678,1
784,-18.6185,-27.2435,1
785,-18.6185,-26.6434,5
786,-18.6185,-26.0432,15
787,-18.6185,-25.4431,6
788,-18.6185,-24.8430,3
789,-18.6185,-24.2428,11
790,-18.6185,-23.6427,16
791,-18.6185,-23.0426,6
792,-18.6185,-22.4424,17
793,-18.6185,-21.8423,20
794,-18.6185,-21.2422,20
795,-18.6185,-20.6420,25
796,-18.6185,-20.0419,21
797,-18.6185,-19.4418,7
798,-18.6185,-18.8416,13
799,-18.6185,-18.2415,19
800,-18.6185,-17.6414,19
801,-18.6185,-17.0412,16
802,-18.6185,-16.4411,11
803,-18.6185,-15.8410,7
804,-18.6185,-15.2408,15
805,-18.6185,-14.6407,5
806,-18.6185,-14.0406,5
807,-18.6185,-13.4404,5
808,-18.6185,-12.8403,7
809,-18.6185,-12.2402,12
810,-18.6185,-11.6400,8
811,-18.6185,-11.0399,9
812,-18.6185,-10.4398,13
813,-18.6185,-9.8396,9
814,-18.6185,-9.2395,23
815,-18.6185,-8.6394,18
816,-18.6185,-8.0393,22
817,-18.6185,-7.4391,11
818,-18.6185,-6.8390,7
819,-18.6185,-6.2389,5
820,-18.6185,-5.6387,8
821,-18.6185,-5.0386,10
822,-18.6185,-4.4385,6
823,-18.6185,-3.8383,3
824,-18.6185,-3.2382,4
825,-18.6185,-2.6381,6
826,-18.6185,-2.0379,11
827,-18.6185,-1.4378,11
828,-18.6185,-0.8377,12
829,-18.6185,-0.2375,9
830,-18.6185,0.3626,3
831,-18.6185,0.9627,4
832,-18.6185,1.5629,2
833,-18.6185,3.3633,1
834,-18.6185,3.9634,1
835,-18.6185,5.1637,1
836,-18.6185,5.7638,1
837,-18.6185,6.3639,1
838,-18.6185,6.9641,2
839,-18.6185,7.5642,3
840,-18.6185,8.7645,5
841,-18.6185,9.3646,5
842,-18.6185,9.9647,6
843,-18.6185,10.5648,6
844,-18.6185,11.1650,4
845,-18.6185,11.7651,8
846,-18.6185,12.3652,8
847,-18.6185,12.9654,23
848,-18.6185,13.5655,31
849,-18.6185,14.1656,32
850,-18.6185,14.7658,21
851,-18.6185,15.3659,19
852,-18.6185,15.9660,17
853,-18.6185,16.5662,12
854,-18.6185,17.1663,18
855,-18.6185,17.7664,12
856,-18.6185,18.3666,12
857,-18.6185,18.9667,11
858,-18.6185,19.5668,6
859,-18.6185,20.1670,6
860,-18.6185,20.7671,9
861,-18.6185,21.3672,18
862,-18.6185,21.9674,12
863,-18.6185,22.5675,7
864,-18.6185,23.1676,17
865,-18.6185,23.7678,8
866,-18.6185,24.3679,12
867,-18.6185,24.9680,1
868,-18.0344,-28.4438,1
869,-18.0344,-27.2435,4
870,-18.0344,-26.6434,8
871,-18.0344,-26.0432,8
872,-18.0344,-25.4431,11
873,-18.0344,-24.8430,11
874,-18.0344,-24.2428,9
875,-18.0344,-23.6427,12
876,-18.0344,-23.0426,2
877,-18.0344,-22.4424,9
878,-18.0344,-21.8423,10
879,-18.0344,-21.2422,10
880,-18.0344,-20.6420,14
881,-18.0344,-20.0419,15
882,-18.0344,-19.4418,21
883,-18.0344,-18.8416,11
884,-18.0344,-18.2415,11
885,-18.0344,-17.6414,11
886,-18.0344,-17.0412,10
887,-18.0344,-16.4411,14
888,-18.0344,-15.8410,13
889,-18.0344,-15.2408,7
890,-18.0344,-14.6407,4
891,-18.0344,-14.0406,6
892,-18.0344,-13.4404,5
893,-18.0344,-12.8403,11
894,-18.0344,-12.2402,12
895,-18.0344,-11.6400,11
896,-18.0344,-11.0399,6
897,-18.0344,-10.4398,5
898,-18.0344,-9.8396,9
899,-18.0344,-9.2395,10
900,-18.0344,-8.6394,21
901,-18.0344,-8.0393,13
902,-18.0344,-7.4391,7
903,-18.0344,-6.8390,2
904,-18.0344,-6.2389,4
905,-18.0344,-5.6387,2
906,-18.0344,-5.0386,1
907,-18.0344,-4.4385,3
908,-18.0344,-3.8383,2
909,-18.0344,-3.2382,3
910,-18.0344,-2.6381,2
911,-18.0344,-2.0379,4
912,-18.0344,-1.4378,3
913,-18.0344,-0.8377,1
914,-18.0344,-0.2375,1
915,-18.0344,1.5629,1
916,-18.0344,2.1630,1
917,-18.0344,2.7631,1
918,-18.0344,3.9634,2
919,-18.0344,4.5635,1
920,-18.0344,5.1637,1
921,-18.0344,5.7638,1
922,-18.0344,7.5642,1
923,-18.0344,8.1643,2
924,-18.0344,9.3646,3
925,-18.0344,9.9647,12
926,-18.0344,10.5648,10
927,-18.0344,11.1650,14
928,-18.0344,11.7651,14
929,-18.0344,12.3652,22
930,-18.0344,12.9654,30
931,-18.0344,13.5655,41
932,-18.0344,14.1656,27
933,-18.0344,14.7658,16
934,-18.0344,15.3659,22
935,-18.0344,15.9660,28
936,-18.0344,16.5662,34
937,-18.0344,17.1663,35
938,-18.0344,17.7664,26
939,-18.0344,18.3666,11
940,-18.0344,18.9667,9
941,-18.0344,19.5668,4
942,-18.0344,20.1670,7
943,-18.0344,20.7671,8
944,-18.0344,21.3672,10
945,-18.0344,21.9674,13
946,-18.0344,22.5675,7
947,-18.0344,23.1676,25
948,-18.0344,23.7678,17
949,-18.0344,24.3679,17
950,-18.0344,24.9680,13
951,-18.0344,25.5682,5
952,-18.0344,29.1689,24
953,-18.0344,29.7691,12
954,-17.4504,-27.8436,1
955,-17.4504,-27.2435,5
956,-17.4504,-26.6434,12
957,-17.4504,-26.0432,8
958,-17.4504,-25.4431,4
959,-17.4504,-24.8430,9
960,-17.4504,-24.2428,5
961,-17.4504,-23.6427,10
962,-17.4504,-23.0426,7
963,-17.4504,-22.4424,5
964,-17.4504,-21.8423,20
965,-17.4504,-21.2422,13
966,-17.4504,-20.6420,11
967,-17.4504,-20.0419,15
968,-17.4504,-19.4418,8
969,-17.4504,-18.8416,9
970,-17.4504,-18.2415,9
971,-17.4504,-17.6414,7
972,-17.4504,-17.0412,3
973,-17.4504,-16.4411,11
974,-17.4504,-15.8410,2
975,-17.4504,-15.2408,5
976,-17.4504,-14.6407,4
977,-17.4504,-14.0406,9
978,-17.4504,-13.4404,7
979,-17.4504,-12.8403,5
980,-17.4504,-12.2402,6
981,-17.4504,-11.6400,6
982,-17.4504,-11.0399,6
983,-17.4504,-10.4398,6
984,-17.4504,-9.8396,8
985,-17.4504,-9.2395,12
986,-17.4504,-8.6394,11
987,-17.4504,-8.0393,12
988,-17.4504,-7.4391,5
989,-17.4504,-6.8390,2
990,-17.4504,-6.2389,3
991,-17.4504,-5.6387,4
992,-17.4504,-5.0386,8
993,-17.4504,-4.4385,5
994,-17.4504,-3.8383,4
995,-17.4504,-3.2382,2
996,-17.4504,-2.6381,3
997,-17.4504,-2.0379,2
998,-17.4504,-1.4378,2
999,-17.4504,-0.8377,1
1000,-17.4504,-0.2375,2
1001,-17.4504,1.5629,4
1002,-17.4504,3.9634,2
1003,-17.4504,5.1637,1
1004,-17.4504,5.7638,1
1005,-17.4504,6.3639,1
1006,-17.4504,7.5642,2
1007,-17.4504,8.1643,4
1008,-17.4504,8.7645,4
1009,-17.4504,9.3646,3
1010,-17.4504,9.9647,11
1011,-17.4504,10.5648,12
1012,-17.4504,11.1650,8
1013,-17.4504,11.7651,27
1014,-17.4504,12.3652,32
1015,-17.4504,12.9654,27
1016,-17.4504,13.5655,26
1017,-17.4504,14.1656,16
1018,-17.4504,14.7658,22
1019,-17.4504,15.3659,13
1020,-17.4504,15.9660,14
1021,-17.4504,16.5662,16
1022,-17.4504,17.1663,28
1023,-17.4504,17.7664,14
1024,-17.4504,18.3666,14
1025,-17.4504,18.9667,9
1026,-17.4504,19.5668,7
1027,-17.4504,20.1670,7
1028,-17.4504,20.7671,11
1029,-17.4504,21.3672,18
1030,-17.4504,21.9674,16
1031,-17.4504,22.5675,7
1032,-17.4504,23.1676,9
1033,-17.4504,23.7678,21
1034,-17.4504,24.3679,13
1035,-17.4504,24.9680,8
1036,-17.4504,25.5682,19
1037,-17.4504,26.1683,39
1038,-17.4504,27.9687,2
1039,-17.4504,28.5688,10
1040,-17.4504,29.1689,85
1041,-17.4504,29.7691,25
1042,-16.8664,-28.4438,1
1043,-16.8664,-27.8436,14
1044,-16.8664,-27.2435,16
1045,-16.8664,-26.6434,12
1046,-16.8664,-26.0432,15
1047,-16.8664,-25.4431,16
1048,-16.8664,-24.8430,16
1049,-16.8664,-24.2428,12
1050,-16.8664,-23.6427,13
1051,-16.8664,-23.0426,13
1052,-16.8664,-22.4424,12
1053,-16.8664,-21.8423,15
1054,-16.8664,-21.2422,24
1055,-16.8664,-20.6420,10
1056,-16.8664,-20.0419,17
1057,-16.8664,-19.4418,18
1058,-16.8664,-18.8416,8
1059,-16.8664,-18.2415,12
1060,-16.8664,-17.6414,12
1061,-16.8664,-17.0412,11
1062,-16.8664,-16.4411,12
1063,-16.8664,-15.8410,9
1064,-16.8664,-15.2408,6
1065,-16.8664,-14.6407,10
1066,-16.8664,-14.0406,15
1067,-16.8664,-13.4404,9
1068,-16.8664,-12.8403,18
1069,-16.8664,-12.2402,5
1070,-16.8664,-11.6400,7
1071,-16.8664,-11.0399,10
1072,-16.8664,-10.4398,8
1073,-16.8664,-9.8396,7
1074,-16.8664,-9.2395,10
1075,-16.8664,-8.6394,6
1076,-16.8664,-8.0393,11
1077,-16.8664,-7.4391,6
1078,-16.8664,-6.8390,6
1079,-16.8664,-6.2389,2
1080,-16.8664,-5.6387,2
1081,-16.8664,-5.0386,6
1082,-16.8664,-4.4385,1
1083,-16.8664,-3.8383,1
1084,-16.8664,-2.6381,1
1085,-16.8664,-2.0379,2
1086,-16.8664,-1.4378,1
1087,-16.8664,1.5629,1
1088,-16.8664,2.1630,1
1089,-16.8664,3.3633,1
1090,-16.8664,3.9634,1
1091,-16.8664,4.5635,1
1092,-16.8664,5.7638,1
1093,-16.8664,6.9641,3
1094,-16.8664,7.5642,5
1095,-16.8664,8.1643,4
1096,-16.8664,8.7645,5
1097,-16.8664,9.3646,11
1098,-16.8664,9.9647,7
1099,-16.8664,10.5648,12
1100,-16.8664,11.1650,19
1101,-16.8664,11.7651,26
1102,-16.8664,12.3652,30
1103,-16.8664,12.9654,29
1104,-16.8664,13.5655,17
1105,-16.8664,14.1656,19
1106,-16.8664,14.7658,8
1107,-16.8664,15.3659,8
1108,-16.8664,15.9660,6
1109,-16.8664,16.5662,10
1110,-16.8664,17.1663,4
1111,-16.8664,17.7664,10
1112,-16.8664,18.3666,12
1113,-16.8664,18.9667,5
1114,-16.8664,19.5668,5
1115,-16.8664,20.1670,5
1116,-16.8664,20.7671,10
1117,-16.8664,21.3672,17
1118,-16.8664,21.9674,19
1119,-16.8664,22.5675,16
1120,-16.8664,23.1676,8
1121,-16.8664,23.7678,21
1122,-16.8664,24.3679,25
1123,-16.8664,24.9680,17
1124,-16.8664,25.5682,17
1125,-16.8664,26.1683,13
1126,-16.8664,27.3686,1
1127,-16.8664,27.9687,5
1128,-16.8664,28.5688,50
1129,-16.8664,29.1689,13
1130,-16.2824,-28.4438,15
1131,-16.2824,-27.8436,48
1132,-16.2824,-27.2435,32
1133,-16.2824,-26.6434,34
1134,-16.2824,-26.0432,31
1135,-16.2824,-25.4431,35
1136,-16.2824,-24.8430,31
1137,-16.2824,-24.2428,25
1138,-16.2824,-23.6427,37
1139,-16.2824,-23.0426,36
1140,-16.2824,-22.4424,28
1141,-16.2824,-21.8423,16
1142,-16.2824,-21.2422,28
1143,-16.2824,-20.6420,31
1144,-16.2824,-20.0419,20
1145,-16.2824,-19.4418,13
1146,-16.2824,-18.8416,18
1147,-16.2824,-18.2415,14
1148,-16.2824,-17.6414,17
1149,-16.2824,-17.0412,17
1150,-16.2824,-16.4411,18
1151,-16.2824,-15.8410,20
1152,-16.2824,-15.2408,11
1153,-16.2824,-14.6407,16
1154,-16.2824,-14.0406,23
1155,-16.2824,-13.4404,32
1156,-16.2824,-12.8403,11
1157,-16.2824,-12.2402,11
1158,-16.2824,-11.6400,11
1159,-16.2824,-11.0399,8
1160,-16.2824,-10.4398,4
1161,-16.2824,-9.8396,7
1162,-16.2824,-9.2395,4
1163,-16.2824,-8.6394,3
1164,-16.2824,-8.0393,4
1165,-16.2824,-7.4391,4
1166,-16.2824,-6.8390,4
1167,-16.2824,-6.2389,1
1168,-16.2824,-5.6387,1
1169,-16.2824,-5.0386,3
1170,-16.2824,-4.4385,1
1171,-16.2824,-3.8383,2
1172,-16.2824,-3.2382,3
1173,-16.2824,0.9627,1
1174,-16.2824,2.7631,1
1175,-16.2824,3.9634,1
1176,-16.2824,4.5635,1
1177,-16.2824,5.7638,2
1178,-16.2824,6.3639,2
1179,-16.2824,6.9641,2
1180,-16.2824,7.5642,2
1181,-16.2824,8.1643,6
1182,-16.2824,8.7645,13
1183,-16.2824,9.3646,10
1184,-16.2824,9.9647,15
1185,-16.2824,10.5648,24
1186,-16.2824,11.1650,34
1187,-16.2824,11.7651,16
1188,-16.2824,12.3652,33
1189,-16.2824,12.9654,28
1190,-16.2824,13.5655,29
1191,-16.2824,14.1656,12
1192,-16.2824,14.7658,11
1193,-16.2824,15.3659,3
1194,-16.2824,15.9660,8
1195,-16.2824,16.5662,1
1196,-16.2824,17.1663,2
1197,-16.2824,17.7664,5
1198,-16.2824,18.3666,4
1199,-16.2824,18.9667,4
1200,-16.2824,19.5668,7
1201,-16.2824,20.1670,2
1202,-16.2824,20.7671,1
1203,-16.2824,21.3672,6
1204,-16.2824,21.9674,15
1205,-16.2824,22.5675,18
1206,-16.2824,23.1676,16
1207,-16.2824,23.7678,25
1208,-16.2824,24.3679,36
1209,-16.2824,24.9680,20
1210,-16.2824,25.5682,5
1211,-16.2824,26.7684,3
1212,-16.2824,27.3686,7
1213,-16.2824,27.9687,25
1214,-16.2824,28.5688,19
1215,-15.6984,-30.2441,1
1216,-15.6984,-28.4438,15
1217,-15.6984,-27.8436,34
1218,-15.6984,-27.2435,35
1219,-15.6984,-26.6434,25
1220,-15.6984,-26.0432,24
1221,-15.6984,-25.4431,34
1222,-15.6984,-24.8430,27
1223,-15.6984,-24.2428,35
1224,-15.6984,-23.6427,30
1225,-15.6984,-23.0426,19
1226,-15.6984,-22.4424,24
1227,-15.6984,-21.8423,21
1228,-15.6984,-21.2422,18
1229,-15.6984,-20.6420,24
1230,-15.6984,-20.0419,26
1231,-15.6984,-19.4418,16
1232,-15.6984,-18.8416,17
1233,-15.6984,-18.2415,20
1234,-15.6984,-17.6414,30
1235,-15.6984,-17.0412,18
1236,-15.6984,-16.4411,25
1237,-15.6984,-15.8410,18
1238,-15.6984,-15.2408,11
1239,-15.6984,-14.6407,13
1240,-15.6984,-14.0406,9
1241,-15.6984,-13.4404,22
1242,-15.6984,-12.8403,20
1243,-15.6984,-12.2402,14
1244,-15.6984,-11.6400,7
1245,-15.6984,-11.0399,12
1246,-15.6984,-10.4398,4
1247,-15.6984,-9.8396,5
1248,-15.6984,-9.2395,5
1249,-15.6984,-8.6394,4
1250,-15.6984,-8.0393,4
1251,-15.6984,-7.4391,2
1252,-15.6984,-6.8390,5
1253,-15.6984,-5.6387,3
1254,-15.6984,-5.0386,5
1255,-15.6984,-4.4385,3
1256,-15.6984,-3.8383,1
1257,-15.6984,-2.6381,1
1258,-15.6984,0.3626,1
1259,-15.6984,0.9627,1
1260,-15.6984,1.5629,1
1261,-15.6984,2.1630,1
1262,-15.6984,3.9634,1
1263,-15.6984,4.5635,1
1264,-15.6984,5.1637,2
1265,-15.6984,5.7638,1
1266,-15.6984,6.3639,2
1267,-15.6984,6.9641,9
1268,-15.6984,7.5642,11
1269,-15.6984,8.1643,10
1270,-15.6984,8.7645,16
1271,-15.6984,9.3646,17
1272,-15.6984,9.9647,22
1273,-15.6984,10.5648,20
1274,-15.6984,11.1650,27
1275,-15.6984,11.7651,28
1276,-15.6984,12.3652,24
1277,-15.6984,12.9654,22
1278,-15.6984,13.5655,20
1279,-15.6984,14.1656,12
1280,-15.6984,14.7658,6
1281,-15.6984,15.3659,6
1282,-15.6984,15.9660,9
1283,-15.6984,16.5662,2
1284,-15.6984,17.1663,2
1285,-15.6984,17.7664,3
1286,-15.6984,18.3666,2
1287,-15.6984,18.9667,3
1288,-15.6984,19.5668,4
1289,-15.6984,20.1670,5
1290,-15.6984,20.7671,3
1291,-15.6984,21.3672,7
1292,-15.6984,21.9674,15
1293,-15.6984,22.5675,14
1294,-15.6984,23.1676,14
1295,-15.6984,23.7678,29
1296,-15.6984,24.3679,27
1297,-15.6984,24.9680,6
1298,-15.6984,27.3686,17
1299,-15.6984,27.9687,9
1300,-15.6984,28.5688,7
1301,-15.6984,34.5701,33
1302,-15.1143,-29.0439,2
1303,-15.1143,-28.4438,10
1304,-15.1143,-27.8436,8
1305,-15.1143,-27.2435,13
1306,-15.1143,-26.6434,23
1307,-15.1143,-26.0432,18
1308,-15.1143,-25.4431,28
1309,-15.1143,-24.8430,33
1310,-15.1143,-24.2428,13
1311,-15.1143,-23.6427,16
1312,-15.1143,-23.0426,21
1313,-15.1143,-22.4424,15
1314,-15.1143,-21.8423,23
1315,-15.1143,-21.2422,22
1316,-15.1143,-20.6420,21
1317,-15.1143,-20.0419,12
1318,-15.1143,-19.4418,11
1319,-15.1143,-18.8416,17
1320,-15.1143,-18.2415,19
1321,-15.1143,-17.6414,7
1322,-15.1143,-17.0412,10
1323,-15.1143,-16.4411,9
1324,-15.1143,-15.8410,5
1325,-15.1143,-15.2408,12
1326,-15.1143,-14.6407,11
1327,-15.1143,-14.0406,10
1328,-15.1143,-13.4404,17
1329,-15.1143,-12.8403,2
1330,-15.1143,-12.2402,7
1331,-15.1143,-11.6400,5
1332,-15.1143,-11.0399,2
1333,-15.1143,-10.4398,5
1334,-15.1143,-9.8396,3
1335,-15.1143,-9.2395,2
1336,-15.1143,-8.6394,3
1337,-15.1143,-8.0393,3
1338,-15.1143,-7.4391,1
1339,-15.1143,-6.8390,3
1340,-15.1143,-6.2389,1
1341,-15.1143,-5.6387,3
1342,-15.1143,-5.0386,4
1343,-15.1143,-3.8383,1
1344,-15.1143,-3.2382,2
1345,-15.1143,-2.0379,1
1346,-15.1143,-1.4378,1
1347,-15.1143,-0.2375,1
1348,-15.1143,2.1630,1
1349,-15.1143,2.7631,1
1350,-15.1143,5.1637,2
1351,-15.1143,5.7638,2
1352,-15.1143,6.3639,2
1353,-15.1143,6.9641,7
1354,-15.1143,7.5642,11
1355,-15.1143,8.1643,10
1356,-15.1143,8.7645,14
1357,-15.1143,9.3646,19
1358,-15.1143,9.9647,27
1359,-15.1143,10.5648,28
1360,-15.1143,11.1650,14
1361,-15.1143,11.7651,22
1362,-15.1143,12.3652,24
1363,-15.1143,12.9654,11
1364,-15.1143,13.5655,8
1365,-15.1143,14.1656,9
1366,-15.1143,14.7658,3
1367,-15.1143,15.3659,5
1368,-15.1143,15.9660,1
1369,-15.1143,16.5662,3
1370,-15.1143,17.1663,1
1371,-15.1143,17.7664,1
1372,-15.1143,18.3666,2
1373,-15.1143,18.9667,1
1374,-15.1143,20.1670,3
1375,-15.1143,20.7671,5
1376,-15.1143,21.3672,10
1377,-15.1143,21.9674,16
1378,-15.1143,22.5675,13
1379,-15.1143,23.1676,30
1380,-15.1143,23.7678,16
1381,-15.1143,26.7684,3
1382,-15.1143,27.3686,9
1383,-15.1143,27.9687,11
1384,-15.1143,28.5688,1
1385,-15.1143,33.9700,2
1386,-15.1143,34.5701,38
1387,-14.5303,-32.6447,6
1388,-14.5303,-32.0445,1
1389,-14.5303,-29.6440,1
1390,-14.5303,-29.0439,8
1391,-14.5303,-28.4438,2
1392,-14.5303,-27.8436,9
1393,-14.5303,-27.2435,9
1394,-14.5303,-26.6434,18
1395,-14.5303,-26.0432,12
1396,-14.5303,-25.4431,33
1397,-14.5303,-24.8430,23
1398,-14.5303,-24.2428,11
1399,-14.5303,-23.6427,12
1400,-14.5303,-23.0426,18
1401,-14.5303,-22.4424,15
1402,-14.5303,-21.8423,17
1403,-14.5303,-21.2422,18
1404,-14.5303,-20.6420,14
1405,-14.5303,-20.0419,13
1406,-14.5303,-19.4418,11
1407,-14.5303,-18.8416,15
1408,-14.5303,-18.2415,15
1409,-14.5303,-17.6414,10
1410,-14.5303,-17.0412,8
1411,-14.5303,-16.4411,8
1412,-14.5303,-15.8410,9
1413,-14.5303,-15.2408,7
1414,-14.5303,-14.6407,6
1415,-14.5303,-14.0406,15
1416,-14.5303,-13.4404,12
1417,-14.5303,-12.8403,6
1418,-14.5303,-12.2402,6
1419,-14.5303,-11.6400,8
1420,-14.5303,-11.0399,4
1421,-14.5303,-10.4398,5
1422,-14.5303,-9.8396,8
1423,-14.5303,-9.2395,4
1424,-14.5303,-8.6394,3
1425,-14.5303,-8.0393,2
1426,-14.5303,-7.4391,1
1427,-14.5303,-6.8390,2
1428,-14.5303,-6.2389,5
1429,-14.5303,-5.6387,5
1430,-14.5303,-5.0386,3
1431,-14.5303,-4.4385,6
1432,-14.5303,-3.8383,5
1433,-14.5303,-3.2382,1
1434,-14.5303,-2.6381,2
1435,-14.5303,-0.8377,2
1436,-14.5303,-0.2375,2
1437,-14.5303,0.3626,1
1438,-14.5303,1.5629,2
1439,-14.5303,2.1630,2
1440,-14.5303,3.3633,1
1441,-14.5303,3.9634,1
1442,-14.5303,4.5635,3
1443,-14.5303,5.1637,6
1444,-14.5303,5.7638,2
1445,-14.5303,6.3639,7
1446,-14.5303,6.9641,6
1447,-14.5303,7.5642,8
1448,-14.5303,8.1643,13
1449,-14.5303,8.7645,19
1450,-14.5303,9.3646,20
1451,-14.5303,9.9647,17
1452,-14.5303,10.5648,16
1453,-14.5303,11.1650,11
1454,-14.5303,11.7651,10
1455,-14.5303,12.3652,16
1456,-14.5303,12.9654,4
1457,-14.5303,13.5655,9
1458,-14.5303,14.1656,8
1459,-14.5303,14.7658,2
1460,-14.5303,15.3659,1
1461,-14.5303,15.9660,4
1462,-14.5303,16.5662,1
1463,-14.5303,17.7664,1
1464,-14.5303,18.3666,2
1465,-14.5303,18.9667,1
1466,-14.5303,19.5668,6
1467,-14.5303,20.1670,3
1468,-14.5303,20.7671,3
1469,-14.5303,21.3672,7
1470,-14.5303,21.9674,14
1471,-14.5303,22.5675,26
1472,-14.5303,23.1676,7
1473,-14.5303,23.7678,1
1474,-14.5303,26.7684,3
1475,-14.5303,27.3686,4
1476,-14.5303,27.9687,11
1477,-14.5303,33.3699,1
1478,-14.5303,33.9700,54
1479,-14.5303,34.5701,1
1480,-13.9463,-32.6447,25
1481,-13.9463,-32.0445,13
1482,-13.9463,-31.4444,1
1483,-13.9463,-30.8443,1
1484,-13.9463,-30.2441,2
1485,-13.9463,-29.6440,14
1486,-13.9463,-29.0439,8
1487,-13.9463,-27.8436,12
1488,-13.9463,-27.2435,11
1489,-13.9463,-26.6434,15
1490,-13.9463,-26.0432,20
1491,-13.9463,-25.4431,20
1492,-13.9463,-24.8430,24
1493,-13.9463,-24.2428,16
1494,-13.9463,-23.6427,23
1495,-13.9463,-23.0426,23
1496,-13.9463,-22.4424,29
1497,-13.9463,-21.8423,23
1498,-13.9463,-21.2422,20
1499,-13.9463,-20.6420,18
1500,-13.9463,-20.0419,11
1501,-13.9463,-19.4418,14
1502,-13.9463,-18.8416,8
1503,-13.9463,-18.2415,4
1504,-13.9463,-17.6414,9
1505,-13.9463,-17.0412,3
1506,-13.9463,-16.4411,13
1507,-13.9463,-15.8410,14
1508,-13.9463,-15.2408,11
1509,-13.9463,-14.6407,7
1510,-13.9463,-14.0406,6
1511,-13.9463,-13.4404,7
1512,-13.9463,-12.8403,8
1513,-13.9463,-12.2402,2
1514,-13.9463,-11.6400,8
1515,-13.9463,-11.0399,7
1516,-13.9463,-10.4398,3
1517,-13.9463,-9.8396,3
1518,-13.9463,-9.2395,4
1519,-13.9463,-8.6394,3
1520,-13.9463,-8.0393,6
1521,-13.9463,-7.4391,4
1522,-13.9463,-6.8390,3
1523,-13.9463,-6.2389,1
1524,-13.9463,-5.6387,7
1525,-13.9463,-5.0386,4
1526,-13.9463,-4.4385,1
1527,-13.9463,-3.8383,5
1528,-13.9463,-3.2382,2
1529,-13.9463,-2.6381,1
1530,-13.9463,-1.4378,3
1531,-13.9463,-0.2375,1
1532,-13.9463,0.3626,1
1533,-13.9463,0.9627,3
1534,-13.9463,2.1630,3
1535,-13.9463,2.7631,3
1536,-13.9463,3.3633,2
1537,-13.9463,3.9634,2
1538,-13.9463,4.5635,5
1539,-13.9463,5.1637,3
1540,-13.9463,5.7638,8
1541,-13.9463,6.3639,7
1542,-13.9463,6.9641,5
1543,-13.9463,7.5642,8
1544,-13.9463,8.1643,21
1545,-13.9463,8.7645,23
1546,-13.9463,9.3646,21
1547,-13.9463,9.9647,21
1548,-13.9463,10.5648,21
1549,-13.9463,11.1650,12
1550,-13.9463,11.7651,20
1551,-13.9463,12.3652,17
1552,-13.9463,12.9654,12
1553,-13.9463,13.5655,5
1554,-13.9463,14.1656,5
1555,-13.9463,14.7658,4
1556,-13.9463,15.3659,1
1557,-13.9463,16.5662,4
1558,-13.9463,17.1663,3
1559,-13.9463,17.7664,1
1560,-13.9463,18.3666,3
1561,-13.9463,18.9667,3
1562,-13.9463,19.5668,9
1563,-13.9463,20.1670,9
1564,-13.9463,20.7671,7
1565,-13.9463,21.3672,35
1566,-13.9463,21.9674,19
1567,-13.9463,22.5675,2
1568,-13.9463,26.7684,1
1569,-13.9463,27.3686,4
1570,-13.9463,32.7697,8
1571,-13.9463,33.3699,56
1572,-13.9463,33.9700,14
1573,-13.3623,-29.6440,12
1574,-13.3623,-29.0439,41
1575,-13.3623,-28.4438,18
1576,-13.3623,-27.8436,8
1577,-13.3623,-27.2435,5
1578,-13.3623,-26.6434,14
1579,-13.3623,-26.0432,24
1580,-13.3623,-25.4431,31
1581,-13.3623,-24.8430,27
1582,-13.3623,-24.2428,13
1583,-13.3623,-23.6427,15
1584,-13.3623,-23.0426,15
1585,-13.3623,-22.4424,24
1586,-13.3623,-21.8423,20
1587,-13.3623,-21.2422,28
1588,-13.3623,-20.6420,22
1589,-13.3623,-20.0419,11
1590,-13.3623,-19.4418,11
1591,-13.3623,-18.8416,9
1592,-13.3623,-18.2415,4
1593,-13.3623,-17.6414,5
1594,-13.3623,-17.0412,6
1595,-13.3623,-16.4411,7
1596,-13.3623,-15.8410,6
1597,-13.3623,-15.2408,6
1598,-13.3623,-14.6407,20
1599,-13.3623,-14.0406,6
1600,-13.3623,-13.4404,10
1601,-13.3623,-12.8403,7
1602,-13.3623,-12.2402,6
1603,-13.3623,-11.6400,6
1604,-13.3623,-11.0399,5
1605,-13.3623,-10.4398,5
1606,-13.3623,-9.8396,6
1607,-13.3623,-9.2395,6
1608,-13.3623,-8.6394,8
1609,-13.3623,-8.0393,5
1610,-13.3623,-7.4391,1
1611,-13.3623,-6.8390,5
1612,-13.3623,-6.2389,8
1613,-13.3623,-5.6387,4
1614,-13.3623,-5.0386,8
1615,-13.3623,-4.4385,10
1616,-13.3623,-3.8383,10
1617,-13.3623,-3.2382,9
1618,-13.3623,-2.6381,7
1619,-13.3623,-2.0379,9
1620,-13.3623,-1.4378,8
1621,-13.3623,-0.8377,5
1622,-13.3623,-0.2375,5
1623,-13.3623,0.3626,3
1624,-13.3623,0.9627,3
1625,-13.3623,1.5629,4
1626,-13.3623,2.1630,2
1627,-13.3623,3.3633,3
1628,-13.3623,3.9634,3
1629,-13.3623,4.5635,2
1630,-13.3623,5.1637,2
1631,-13.3623,5.7638,2
1632,-13.3623,6.3639,11
1633,-13.3623,6.9641,9
1634,-13.3623,7.5642,11
1635,-13.3623,8.1643,23
1636,-13.3623,8.7645,18
1637,-13.3623,9.3646,17
1638,-13.3623,9.9647,14
1639,-13.3623,10.5648,14
1640,-13.3623,11.1650,17
1641,-13.3623,11.7651,11
1642,-13.3623,12.3652,9
1643,-13.3623,12.9654,7
1644,-13.3623,13.5655,7
1645,-13.3623,14.1656,3
1646,-13.3623,14.7658,5
1647,-13.3623,15.3659,3
1648,-13.3623,15.9660,2
1649,-13.3623,16.5662,2
1650,-13.3623,17.1663,5
1651,-13.3623,17.7664,2
1652,-13.3623,18.3666,5
1653,-13.3623,18.9667,15
1654,-13.3623,19.5668,13
1655,-13.3623,20.1670,20
1656,-13.3623,20.7671,31
1657,-13.3623,21.3672,33
1658,-13.3623,21.9674,3
1659,-13.3623,24.3679,1
1660,-13.3623,26.7684,1
1661,-13.3623,27.3686,2
1662,-13.3623,31.5695,1
1663,-13.3623,32.1696,5
1664,-13.3623,32.7697,61
1665,-13.3623,33.3699,23
1666,-12.7783,-28.4438,1
1667,-12.7783,-27.2435,1
1668,-12.7783,-26.6434,4
1669,-12.7783,-26.0432,15
1670,-12.7783,-25.4431,8
1671,-12.7783,-24.8430,12
1672,-12.7783,-24.2428,5
1673,-12.7783,-23.6427,13
1674,-12.7783,-23.0426,8
1675,-12.7783,-22.4424,18
1676,-12.7783,-21.8423,24
1677,-12.7783,-21.2422,19
1678,-12.7783,-20.6420,15
1679,-12.7783,-20.0419,9
1680,-12.7783,-19.4418,4
1681,-12.7783,-18.8416,3
1682,-12.7783,-18.2415,6
1683,-12.7783,-17.6414,3
1684,-12.7783,-17.0412,7
1685,-12.7783,-16.4411,6
1686,-12.7783,-15.8410,2
1687,-12.7783,-15.2408,7
1688,-12.7783,-14.6407,12
1689,-12.7783,-14.0406,9
1690,-12.7783,-13.4404,15
1691,-12.7783,-12.8403,6
1692,-12.7783,-12.2402,5
1693,-12.7783,-11.6400,8
1694,-12.7783,-11.0399,9
1695,-12.7783,-10.4398,8
1696,-12.7783,-9.2395,6
1697,-12.7783,-8.6394,5
1698,-12.7783,-8.0393,8
1699,-12.7783,-7.4391,4
1700,-12.7783,-6.8390,9
1701,-12.7783,-6.2389,13
1702,-12.7783,-5.6387,11
1703,-12.7783,-5.0386,13
1704,-12.7783,-4.4385,19
1705,-12.7783,-3.8383,10
1706,-12.7783,-3.2382,14
1707,-12.7783,-2.6381,13
1708,-12.7783,-2.0379,6
1709,-12.7783,-1.4378,8
1710,-12.7783,-0.8377,3
1711,-12.7783,-0.2375,6
1712,-12.7783,0.3626,5
1713,-12.7783,0.9627,5
1714,-12.7783,1.5629,5
1715,-12.7783,2.1630,1
1716,-12.7783,2.7631,5
1717,-12.7783,3.3633,3
1718,-12.7783,3.9634,3
1719,-12.7783,4.5635,3
1720,-12.7783,5.1637,13
1721,-12.7783,5.7638,9
1722,-12.7783,6.3639,13
1723,-12.7783,6.9641,14
1724,-12.7783,7.5642,27
1725,-12.7783,8.1643,13
1726,-12.7783,8.7645,24
1727,-12.7783,9.3646,17
1728,-12.7783,9.9647,16
1729,-12.7783,10.5648,16
1730,-12.7783,11.1650,17
1731,-12.7783,11.7651,11
1732,-12.7783,12.3652,12
1733,-12.7783,12.9654,8
1734,-12.7783,13.5655,9
1735,-12.7783,14.1656,1
1736,-12.7783,14.7658,2
1737,-12.7783,15.3659,1
1738,-12.7783,15.9660,1
1739,-12.7783,16.5662,4
1740,-12.7783,17.1663,8
1741,-12.7783,17.7664,8
1742,-12.7783,18.3666,15
1743,-12.7783,18.9667,19
1744,-12.7783,19.5668,18
1745,-12.7783,20.1670,23
1746,-12.7783,20.7671,27
1747,-12.7783,21.3672,6
1748,-12.7783,26.7684,5
1749,-12.7783,30.9693,1
1750,-12.7783,31.5695,1
1751,-12.7783,32.1696,9
1752,-12.7783,32.7697,10
1753,-12.1942,-27.8436,4
1754,-12.1942,-27.2435,4
1755,-12.1942,-26.6434,5
1756,-12.1942,-26.0432,6
1757,-12.1942,-25.4431,7
1758,-12.1942,-24.8430,4
1759,-12.1942,-24.2428,6
1760,-12.1942,-23.6427,3
1761,-12.1942,-23.0426,7
1762,-12.1942,-22.4424,4
1763,-12.1942,-21.8423,10
1764,-12.1942,-21.2422,12
1765,-12.1942,-20.6420,7
1766,-12.1942,-20.0419,9
1767,-12.1942,-19.4418,11
1768,-12.1942,-18.8416,6
1769,-12.1942,-18.2415,6
1770,-12.1942,-17.6414,4
1771,-12.1942,-17.0412,6
1772,-12.1942,-16.4411,5
1773,-12.1942,-15.8410,3
1774,-12.1942,-15.2408,3
1775,-12.1942,-14.6407,9
1776,-12.1942,-14.0406,10
1777,-12.1942,-13.4404,10
1778,-12.1942,-12.8403,7
1779,-12.1942,-12.2402,9
1780,-12.1942,-11.6400,6
1781,-12.1942,-11.0399,16
1782,-12.1942,-10.4398,12
1783,-12.1942,-9.8396,3
1784,-12.1942,-9.2395,13
1785,-12.1942,-8.6394,11
1786,-12.1942,-8.0393,20
1787,-12.1942,-7.4391,20
1788,-12.1942,-6.8390,20
1789,-12.1942,-6.2389,17
1790,-12.1942,-5.6387,23
1791,-12.1942,-5.0386,13
1792,-12.1942,-4.4385,14
1793,-12.1942,-3.8383,17
1794,-12.1942,-3.2382,5
1795,-12.1942,-2.6381,12
1796,-12.1942,-2.0379,9
1797,-12.1942,-1.4378,9
1798,-12.1942,-0.8377,14
1799,-12.1942,-0.2375,6
1800,-12.1942,0.3626,8
1801,-12.1942,0.9627,10
1802,-12.1942,1.5629,3
1803,-12.1942,2.1630,5
1804,-12.1942,2.7631,4
1805,-12.1942,3.3633,8
1806,-12.1942,3.9634,6
1807,-12.1942,4.5635,5
1808,-12.1942,5.1637,4
1809,-12.1942,5.7638,14
1810,-12.1942,6.3639,15
1811,-12.1942,6.9641,17
1812,-12.1942,7.5642,18
1813,-12.1942,8.1643,15
1814,-12.1942,8.7645,15
1815,-12.1942,9.3646,22
1816,-12.1942,9.9647,17
1817,-12.1942,10.5648,21
1818,-12.1942,11.1650,9
1819,-12.1942,11.7651,15
1820,-12.1942,12.3652,7
1821,-12.1942,12.9654,6
1822,-12.1942,13.5655,6
1823,-12.1942,14.1656,2
1824,-12.1942,14.7658,3
1825,-12.1942,15.3659,2
1826,-12.1942,15.9660,4
1827,-12.1942,16.5662,1
1828,-12.1942,17.1663,10
1829,-12.1942,17.7664,16
1830,-12.1942,18.3666,23
1831,-12.1942,18.9667,19
1832,-12.1942,19.5668,21
1833,-12.1942,20.1670,21
1834,-12.1942,20.7671,9
1835,-12.1942,29.1689,1
1836,-12.1942,29.7691,1
1837,-12.1942,30.3692,3
1838,-12.1942,30.9693,6
1839,-11.6102,-26.6434,9
1840,-11.6102,-26.0432,15
1841,-11.6102,-25.4431,8
1842,-11.6102,-24.8430,15
1843,-11.6102,-24.2428,8
1844,-11.6102,-23.6427,10
1845,-11.6102,-23.0426,5
1846,-11.6102,-22.4424,18
1847,-11.6102,-21.8423,12
1848,-11.6102,-21.2422,9
1849,-11.6102,-20.6420,18
1850,-11.6102,-20.0419,13
1851,-11.6102,-19.4418,6
1852,-11.6102,-18.8416,16
1853,-11.6102,-18.2415,10
1854,-11.6102,-17.6414,8
1855,-11.6102,-17.0412,4
1856,-11.6102,-16.4411,2
1857,-11.6102,-15.8410,3
1858,-11.6102,-15.2408,8
1859,-11.6102,-14.6407,16
1860,-11.6102,-14.0406,27
1861,-11.6102,-13.4404,13
1862,-11.6102,-12.8403,9
1863,-11.6102,-12.2402,9
1864,-11.6102,-11.6400,16
1865,-11.6102,-11.0399,18
1866,-11.6102,-10.4398,20
1867,-11.6102,-9.8396,17
1868,-11.6102,-9.2395,15
1869,-11.6102,-8.6394,20
1870,-11.6102,-8.0393,17
1871,-11.6102,-7.4391,10
1872,-11.6102,-6.8390,15
1873,-11.6102,-6.2389,18
1874,-11.6102,-5.6387,11
1875,-11.6102,-5.0386,13
1876,-11.6102,-4.4385,13
1877,-11.6102,-3.8383,18
1878,-11.6102,-3.2382,14
1879,-11.6102,-2.6381,16
1880,-11.6102,-2.0379,13
1881,-11.6102,-1.4378,17
1882,-11.6102,-0.8377,18
1883,-11.6102,-0.2375,20
1884,-11.6102,0.3626,12
1885,-11.6102,0.9627,9
1886,-11.6102,1.5629,6
1887,-11.6102,2.1630,6
1888,-11.6102,2.7631,6
1889,-11.6102,3.3633,9
1890,-11.6102,3.9634,6
1891,-11.6102,4.5635,7
1892,-11.6102,5.1637,11
1893,-11.6102,5.7638,13
1894,-11.6102,6.3639,14
1895,-11.6102,6.9641,19
1896,-11.6102,7.5642,18
1897,-11.6102,8.1643,15
1898,-11.6102,8.7645,19
1899,-11.6102,9.3646,19
1900,-11.6102,9.9647,22
1901,-11.6102,10.5648,16
1902,-11.6102,11.1650,12
1903,-11.6102,11.7651,8
1904,-11.6102,12.3652,9
1905,-11.6102,12.9654,9
1906,-11.6102,13.5655,4
1907,-11.6102,14.1656,4
1908,-11.6102,14.7658,8
1909,-11.6102,15.3659,3
1910,-11.6102,15.9660,5
1911,-11.6102,16.5662,9
1912,-11.6102,17.1663,10
1913,-11.6102,17.7664,20
1914,-11.6102,18.3666,31
1915,-11.6102,18.9667,16
1916,-11.6102,19.5668,8
1917,-11.6102,20.1670,11
1918,-11.6102,24.3679,2
1919,-11.6102,28.5688,5
1920,-11.6102,29.1689,8
1921,-11.6102,29.7691,1
1922,-11.6102,30.3692,2
1923,-11.0262,-26.6434,20
1924,-11.0262,-26.0432,11
1925,-11.0262,-25.4431,13
1926,-11.0262,-24.8430,5
1927,-11.0262,-24.2428,9
1928,-11.0262,-23.6427,12
1929,-11.0262,-23.0426,7
1930,-11.0262,-22.4424,4
1931,-11.0262,-21.8423,5
1932,-11.0262,-21.2422,5
1933,-11.0262,-20.6420,5
1934,-11.0262,-20.0419,10
1935,-11.0262,-19.4418,12
1936,-11.0262,-18.8416,15
1937,-11.0262,-18.2415,11
1938,-11.0262,-17.6414,13
1939,-11.0262,-17.0412,9
1940,-11.0262,-16.4411,11
1941,-11.0262,-15.8410,8
1942,-11.0262,-15.2408,5
1943,-11.0262,-14.6407,15
1944,-11.0262,-14.0406,28
1945,-11.0262,-13.4404,20
1946,-11.0262,-12.8403,19
1947,-11.0262,-12.2402,18
1948,-11.0262,-11.6400,18
1949,-11.0262,-11.0399,20
1950,-11.0262,-10.4398,18
1951,-11.0262,-9.8396,19
1952,-11.0262,-9.2395,21
1953,-11.0262,-8.6394,17
1954,-11.0262,-8.0393,24
1955,-11.0262,-7.4391,26
1956,-11.0262,-6.8390,24
1957,-11.0262,-6.2389,11
1958,-11.0262,-5.6387,14
1959,-11.0262,-5.0386,17
1960,-11.0262,-4.4385,18
1961,-11.0262,-3.8383,18
1962,-11.0262,-3.2382,17
1963,-11.0262,-2.6381,25
1964,-11.0262,-2.0379,33
1965,-11.0262,-1.4378,19
1966,-11.0262,-0.8377,16
1967,-11.0262,-0.2375,25
1968,-11.0262,0.3626,10
1969,-11.0262,0.9627,9
1970,-11.0262,1.5629,5
1971,-11.0262,2.1630,8
1972,-11.0262,2.7631,9
1973,-11.0262,3.3633,12
1974,-11.0262,3.9634,10
1975,-11.0262,4.5635,9
1976,-11.0262,5.1637,7
1977,-11.0262,5.7638,23
1978,-11.0262,6.3639,15
1979,-11.0262,6.9641,13
1980,-11.0262,7.5642,15
1981,-11.0262,8.1643,12
1982,-11.0262,8.7645,18
1983,-11.0262,9.3646,14
1984,-11.0262,9.9647,14
1985,-11.0262,10.5648,20
1986,-11.0262,11.1650,12
1987,-11.0262,11.7651,9
1988,-11.0262,12.3652,6
1989,-11.0262,12.9654,5
1990,-11.0262,13.5655,5
1991,-11.0262,14.1656,2
1992,-11.0262,14.7658,6
1993,-11.0262,15.3659,2
1994,-11.0262,15.9660,5
1995,-11.0262,16.5662,4
1996,-11.0262,17.1663,13
1997,-11.0262,17.7664,17
1998,-11.0262,18.3666,6
1999,-11.0262,18.9667,5
2000,-11.0262,19.5668,4
2001,-11.0262,20.1670,1
2002,-11.0262,23.7678,1
2003,-11.0262,27.3686,6
2004,-11.0262,27.9687,4
2005,-11.0262,28.5688,3
2006,-11.0262,29.1689,3
2007,-11.0262,29.7691,2
2008,-10.4422,-26.6434,14
2009,-10.4422,-26.0432,21
2010,-10.4422,-25.4431,12
2011,-10.4422,-24.8430,10
2012,-10.4422,-24.2428,13
2013,-10.4422,-23.6427,9
2014,-10.4422,-23.0426,6
2015,-10.4422,-22.4424,12
2016,-10.4422,-21.8423,1
2017,-10.4422,-21.2422,7
2018,-10.4422,-20.6420,23
2019,-10.4422,-20.0419,26
2020,-10.4422,-19.4418,40
2021,-10.4422,-18.8416,40
2022,-10.4422,-18.2415,32
2023,-10.4422,-17.6414,27
2024,-10.4422,-17.0412,16
2025,-10.4422,-16.4411,12
2026,-10.4422,-15.8410,5
2027,-10.4422,-15.2408,10
2028,-10.4422,-14.6407,12
2029,-10.4422,-14.0406,11
2030,-10.4422,-13.4404,18
2031,-10.4422,-12.8403,18
2032,-10.4422,-12.2402,22
2033,-10.4422,-11.6400,24
2034,-10.4422,-11.0399,13
2035,-10.4422,-10.4398,19
2036,-10.4422,-9.8396,26
2037,-10.4422,-9.2395,25
2038,-10.4422,-8.6394,32
2039,-10.4422,-8.0393,21
2040,-10.4422,-7.4391,26
2041,-10.4422,-6.8390,18
2042,-10.4422,-6.2389,26
2043,-10.4422,-5.6387,13
2044,-10.4422,-5.0386,23
2045,-10.4422,-4.4385,24
2046,-10.4422,-3.8383,17
2047,-10.4422,-3.2382,24
2048,-10.4422,-2.6381,25
2049,-10.4422,-2.0379,30
2050,-10.4422,-1.4378,30
2051,-10.4422,-0.8377,22
2052,-10.4422,-0.2375,22
2053,-10.4422,0.3626,23
2054,-10.4422,0.9627,14
2055,-10.4422,1.5629,5
2056,-10.4422,2.1630,10
2057,-10.4422,2.7631,11
2058,-10.4422,3.3633,8
2059,-10.4422,3.9634,8
2060,-10.4422,4.5635,8
2061,-10.4422,5.1637,9
2062,-10.4422,5.7638,17
2063,-10.4422,6.3639,18
2064,-10.4422,6.9641,12
2065,-10.4422,7.5642,16
2066,-10.4422,8.1643,11
2067,-10.4422,8.7645,17
2068,-10.4422,9.3646,15
2069,-10.4422,9.9647,13
2070,-10.4422,10.5648,13
2071,-10.4422,11.1650,8
2072,-10.4422,11.7651,8
2073,-10.4422,12.3652,8
2074,-10.4422,12.9654,5
2075,-10.4422,13.5655,2
2076,-10.4422,14.1656,4
2077,-10.4422,14.7658,3
2078,-10.4422,15.3659,1
2079,-10.4422,15.9660,2
2080,-10.4422,16.5662,4
2081,-10.4422,17.1663,5
2082,-10.4422,17.7664,4
2083,-10.4422,18.3666,6
2084,-10.4422,18.9667,1
2085,-10.4422,19.5668,2
2086,-10.4422,24.9680,1
2087,-10.4422,26.1683,3
2088,-10.4422,26.7684,6
2089,-10.4422,27.3686,12
2090,-10.4422,29.1689,1
2091,-10.4422,29.7691,3
2092,-10.4422,30.3692,12
2093,-10.4422,30.9693,32
2094,-9.8581,-26.6434,4
2095,-9.8581,-26.0432,35
2096,-9.8581,-25.4431,36
2097,-9.8581,-24.8430,31
2098,-9.8581,-24.2428,24
2099,-9.8581,-23.6427,11
2100,-9.8581,-23.0426,12
2101,-9.8581,-22.4424,7
2102,-9.8581,-21.8423,16
2103,-9.8581,-21.2422,50
2104,-9.8581,-20.6420,46
2105,-9.8581,-20.0419,26
2106,-9.8581,-19.4418,22
2107,-9.8581,-18.8416,16
2108,-9.8581,-18.2415,27
2109,-9.8581,-17.6414,30
2110,-9.8581,-17.0412,26
2111,-9.8581,-16.4411,18
2112,-9.8581,-15.8410,6
2113,-9.8581,-15.2408,13
2114,-9.8581,-14.6407,8
2115,-9.8581,-14.0406,11
2116,-9.8581,-13.4404,16
2117,-9.8581,-12.8403,14
2118,-9.8581,-12.2402,14
2119,-9.8581,-11.6400,9
2120,-9.8581,-11.0399,16
2121,-9.8581,-10.4398,16
2122,-9.8581,-9.8396,15
2123,-9.8581,-9.2395,22
2124,-9.8581,-8.6394,28
2125,-9.8581,-8.0393,32
2126,-9.8581,-7.4391,35
2127,-9.8581,-6.8390,19
2128,-9.8581,-6.2389,19
2129,-9.8581,-5.6387,27
2130,-9.8581,-5.0386,24
2131,-9.8581,-4.4385,29
2132,-9.8581,-3.8383,31
2133,-9.8581,-3.2382,25
2134,-9.8581,-2.6381,36
2135,-9.8581,-2.0379,26
2136,-9.8581,-1.4378,32
2137,-9.8581,-0.8377,29
2138,-9.8581,-0.2375,26
2139,-9.8581,0.3626,22
2140,-9.8581,0.9627,17
2141,-9.8581,1.5629,16
2142,-9.8581,2.1630,16
2143,-9.8581,2.7631,12
2144,-9.8581,3.3633,18
2145,-9.8581,3.9634,16
2146,-9.8581,4.5635,14
2147,-9.8581,5.1637,20
2148,-9.8581,5.7638,13
2149,-9.8581,6.3639,10
2150,-9.8581,6.9641,6
2151,-9.8581,7.5642,16
2152,-9.8581,8.1643,10
2153,-9.8581,8.7645,6
2154,-9.8581,9.3646,9
2155,-9.8581,9.9647,12
2156,-9.8581,10.5648,14
2157,-9.8581,11.1650,19
2158,-9.8581,11.7651,7
2159,-9.8581,12.3652,9
2160,-9.8581,12.9654,9
2161,-9.8581,14.1656,4
2162,-9.8581,14.7658,2
2163,-9.8581,15.3659,1
2164,-9.8581,15.9660,3
2165,-9.8581,16.5662,4
2166,-9.8581,17.1663,3
2167,-9.8581,17.7664,4
2168,-9.8581,18.3666,8
2169,-9.8581,18.9667,1
2170,-9.8581,19.5668,1
2171,-9.8581,23.7678,1
2172,-9.8581,24.3679,2
2173,-9.8581,24.9680,1
2174,-9.8581,26.1683,1
2175,-9.8581,29.1689,1
2176,-9.8581,29.7691,1
2177,-9.8581,30.3692,10
2178,-9.8581,30.9693,40
2179,-9.8581,31.5695,4
2180,-9.2741,-26.0432,4
2181,-9.2741,-25.4431,10
2182,-9.2741,-24.8430,14
2183,-9.2741,-24.2428,23
2184,-9.2741,-23.6427,26
2185,-9.2741,-23.0426,19
2186,-9.2741,-22.4424,9
2187,-9.2741,-21.8423,7
2188,-9.2741,-21.2422,2
2189,-9.2741,-20.6420,2
2190,-9.2741,-20.0419,2
2191,-9.2741,-19.4418,5
2192,-9.2741,-18.8416,2
2193,-9.2741,-18.2415,4
2194,-9.2741,-17.6414,6
2195,-9.2741,-17.0412,6
2196,-9.2741,-16.4411,16
2197,-9.2741,-15.8410,13
2198,-9.2741,-15.2408,11
2199,-9.2741,-14.6407,6
2200,-9.2741,-14.0406,14
2201,-9.2741,-13.4404,7
2202,-9.2741,-12.8403,7
2203,-9.2741,-12.2402,20
2204,-9.2741,-11.6400,17
2205,-9.2741,-11.0399,12
2206,-9.2741,-10.4398,16
2207,-9.2741,-9.8396,23
2208,-9.2741,-9.2395,23
2209,-9.2741,-8.6394,26
2210,-9.2741,-8.0393,23
2211,-9.2741,-7.4391,27
2212,-9.2741,-6.8390,29
2213,-9.2741,-6.2389,33
2214,-9.2741,-5.6387,29
2215,-9.2741,-5.0386,23
2216,-9.2741,-4.4385,34
2217,-9.2741,-3.8383,27
2218,-9.2741,-3.2382,34
2219,-9.2741,-2.6381,31
2220,-9.2741,-2.0379,27
2221,-9.2741,-1.4378,29
2222,-9.2741,-0.8377,27
2223,-9.2741,-0.2375,40
2224,-9.2741,0.3626,24
2225,-9.2741,0.9627,21
2226,-9.2741,1.5629,24
2227,-9.2741,2.1630,25
2228,-9.2741,2.7631,25
2229,-9.2741,3.3633,17
2230,-9.2741,3.9634,25
2231,-9.2741,4.5635,15
2232,-9.2741,5.1637,14
2233,-9.2741,5.7638,13
2234,-9.2741,6.3639,11
2235,-9.2741,6.9641,12
2236,-9.2741,7.5642,15
2237,-9.2741,8.1643,11
2238,-9.2741,8.7645,15
2239,-9.2741,9.3646,15
2240,-9.2741,9.9647,16
2241,-9.2741,10.5648,15
2242,-9.2741,11.1650,4
2243,-9.2741,11.7651,11
2244,-9.2741,12.3652,10
2245,-9.2741,12.9654,8
2246,-9.2741,13.5655,3
2247,-9.2741,14.1656,5
2248,-9.2741,14.7658,2
2249,-9.2741,15.3659,3
2250,-9.2741,15.9660,1
2251,-9.2741,16.5662,2
2252,-9.2741,17.1663,3
2253,-9.2741,17.7664,3
2254,-9.2741,18.3666,2
2255,-9.2741,21.9674,1
2256,-9.2741,22.5675,1
2257,-9.2741,23.7678,1
2258,-9.2741,29.7691,2
2259,-9.2741,30.3692,10
2260,-9.2741,30.9693,55
2261,-9.2741,31.5695,11
2262,-8.6901,-23.0426,4
2263,-8.6901,-22.4424,20
2264,-8.6901,-21.8423,6
2265,-8.6901,-21.2422,7
2266,-8.6901,-20.6420,4
2267,-8.6901,-20.0419,5
2268,-8.6901,-19.4418,2
2269,-8.6901,-18.2415,1
2270,-8.6901,-17.6414,2
2271,-8.6901,-17.0412,5
2272,-8.6901,-16.4411,4
2273,-8.6901,-15.8410,2
2274,-8.6901,-15.2408,9
2275,-8.6901,-14.6407,19
2276,-8.6901,-14.0406,13
2277,-8.6901,-13.4404,18
2278,-8.6901,-12.8403,18
2279,-8.6901,-12.2402,9
2280,-8.6901,-11.6400,6
2281,-8.6901,-11.0399,17
2282,-8.6901,-10.4398,13
2283,-8.6901,-9.8396,23
2284,-8.6901,-9.2395,23
2285,-8.6901,-8.6394,23
2286,-8.6901,-8.0393,18
2287,-8.6901,-7.4391,26
2288,-8.6901,-6.8390,21
2289,-8.6901,-6.2389,42
2290,-8.6901,-5.6387,28
2291,-8.6901,-5.0386,32
2292,-8.6901,-4.4385,29
2293,-8.6901,-3.8383,35
2294,-8.6901,-3.2382,30
2295,-8.6901,-2.6381,39
2296,-8.6901,-2.0379,34
2297,-8.6901,-1.4378,38
2298,-8.6901,-0.8377,34
2299,-8.6901,-0.2375,20
2300,-8.6901,0.3626,26
2301,-8.6901,0.9627,20
2302,-8.6901,1.5629,31
2303,-8.6901,2.1630,32
2304,-8.6901,2.7631,31
2305,-8.6901,3.3633,36
2306,-8.6901,3.9634,28
2307,-8.6901,4.5635,26
2308,-8.6901,5.1637,14
2309,-8.6901,5.7638,27
2310,-8.6901,6.3639,20
2311,-8.6901,6.9641,8
2312,-8.6901,7.5642,17
2313,-8.6901,8.1643,14
2314,-8.6901,8.7645,23
2315,-8.6901,9.3646,15
2316,-8.6901,9.9647,12
2317,-8.6901,10.5648,21
2318,-8.6901,11.1650,10
2319,-8.6901,11.7651,12
2320,-8.6901,12.3652,11
2321,-8.6901,12.9654,9
2322,-8.6901,13.5655,2
2323,-8.6901,14.7658,4
2324,-8.6901,15.3659,1
2325,-8.6901,15.9660,4
2326,-8.6901,16.5662,1
2327,-8.6901,17.1663,3
2328,-8.6901,17.7664,4
2329,-8.6901,18.3666,3
2330,-8.6901,18.9667,2
2331,-8.6901,19.5668,1
2332,-8.6901,20.7671,1
2333,-8.6901,22.5675,1
2334,-8.6901,23.1676,1
2335,-8.6901,29.1689,3
2336,-8.6901,29.7691,16
2337,-8.6901,30.3692,14
2338,-8.6901,30.9693,53
2339,-8.6901,31.5695,19
2340,-8.1061,-21.8423,1
2341,-8.1061,-21.2422,9
2342,-8.1061,-20.6420,12
2343,-8.1061,-20.0419,4
2344,-8.1061,-19.4418,2
2345,-8.1061,-18.8416,1
2346,-8.1061,-17.6414,4
2347,-8.1061,-17.0412,2
2348,-8.1061,-16.4411,6
2349,-8.1061,-15.8410,3
2350,-8.1061,-15.2408,1
2351,-8.1061,-14.6407,5
2352,-8.1061,-14.0406,15
2353,-8.1061,-13.4404,12
2354,-8.1061,-12.8403,5
2355,-8.1061,-12.2402,5
2356,-8.1061,-11.6400,10
2357,-8.1061,-11.0399,16
2358,-8.1061,-10.4398,21
2359,-8.1061,-9.8396,24
2360,-8.1061,-9.2395,20
2361,-8.1061,-8.6394,20
2362,-8.1061,-8.0393,23
2363,-8.1061,-7.4391,26
2364,-8.1061,-6.8390,18
2365,-8.1061,-6.2389,21
2366,-8.1061,-5.6387,23
2367,-8.1061,-5.0386,31
2368,-8.1061,-4.4385,29
2369,-8.1061,-3.8383,30
2370,-8.1061,-3.2382,38
2371,-8.1061,-2.6381,27
2372,-8.1061,-2.0379,38
2373,-8.1061,-1.4378,29
2374,-8.1061,-0.8377,32
2375,-8.1061,-0.2375,38
2376,-8.1061,0.3626,48
2377,-8.1061,0.9627,29
2378,-8.1061,1.5629,33
2379,-8.1061,2.1630,30
2380,-8.1061,2.7631,39
2381,-8.1061,3.3633,40
2382,-8.1061,3.9634,30
2383,-8.1061,4.5635,30
2384,-8.1061,5.1637,29
2385,-8.1061,5.7638,33
2386,-8.1061,6.3639,32
2387,-8.1061,6.9641,17
2388,-8.1061,7.5642,13
2389,-8.1061,8.1643,15
2390,-8.1061,8.7645,14
2391,-8.1061,9.3646,21
2392,-8.1061,9.9647,16
2393,-8.1061,10.5648,24
2394,-8.1061,11.1650,17
2395,-8.1061,11.7651,15
2396,-8.1061,12.3652,11
2397,-8.1061,12.9654,1
2398,-8.1061,13.5655,3
2399,-8.1061,14.1656,6
2400,-8.1061,14.7658,1
2401,-8.1061,15.3659,2
2402,-8.1061,15.9660,1
2403,-8.1061,16.5662,2
2404,-8.1061,17.7664,4
2405,-8.1061,18.3666,2
2406,-8.1061,18.9667,3
2407,-8.1061,19.5668,1
2408,-8.1061,20.1670,1
2409,-8.1061,21.3672,1
2410,-8.1061,21.9674,1
2411,-8.1061,23.1676,5
2412,-8.1061,23.7678,1
2413,-8.1061,28.5688,3
2414,-8.1061,29.1689,5
2415,-8.1061,29.7691,11
2416,-8.1061,30.3692,12
2417,-8.1061,30.9693,64
2418,-8.1061,31.5695,6
2419,-7.5221,-20.0419,1
2420,-7.5221,-19.4418,2
2421,-7.5221,-17.6414,1
2422,-7.5221,-15.8410,1
2423,-7.5221,-14.6407,1
2424,-7.5221,-14.0406,4
2425,-7.5221,-13.4404,7
2426,-7.5221,-12.8403,5
2427,-7.5221,-12.2402,12
2428,-7.5221,-11.6400,10
2429,-7.5221,-11.0399,13
2430,-7.5221,-10.4398,20
2431,-7.5221,-9.8396,11
2432,-7.5221,-9.2395,12
2433,-7.5221,-8.6394,20
2434,-7.5221,-8.0393,21
2435,-7.5221,-7.4391,22
2436,-7.5221,-6.8390,19
2437,-7.5221,-6.2389,22
2438,-7.5221,-5.6387,28
2439,-7.5221,-5.0386,34
2440,-7.5221,-4.4385,40
2441,-7.5221,-3.8383,30
2442,-7.5221,-3.2382,36
2443,-7.5221,-2.6381,39
2444,-7.5221,-2.0379,28
2445,-7.5221,-1.4378,36
2446,-7.5221,-0.8377,39
2447,-7.5221,-0.2375,34
2448,-7.5221,0.3626,39
2449,-7.5221,0.9627,27
2450,-7.5221,1.5629,44
2451,-7.5221,2.1630,35
2452,-7.5221,2.7631,35
2453,-7.5221,3.3633,41
2454,-7.5221,3.9634,37
2455,-7.5221,4.5635,37
2456,-7.5221,5.1637,39
2457,-7.5221,5.7638,18
2458,-7.5221,6.3639,30
2459,-7.5221,6.9641,29
2460,-7.5221,7.5642,19
2461,-7.5221,8.1643,22
2462,-7.5221,8.7645,17
2463,-7.5221,9.3646,12
2464,-7.5221,9.9647,20
2465,-7.5221,10.5648,10
2466,-7.5221,11.1650,14
2467,-7.5221,11.7651,21
2468,-7.5221,12.3652,23
2469,-7.5221,12.9654,7
2470,-7.5221,13.5655,3
2471,-7.5221,14.1656,1
2472,-7.5221,14.7658,1
2473,-7.5221,15.9660,1
2474,-7.5221,16.5662,1
2475,-7.5221,17.1663,1
2476,-7.5221,17.7664,2
2477,-7.5221,18.3666,2
2478,-7.5221,18.9667,3
2479,-7.5221,19.5668,13
2480,-7.5221,20.1670,7
2481,-7.5221,20.7671,6
2482,-7.5221,21.3672,2
2483,-7.5221,21.9674,2
2484,-7.5221,22.5675,1
2485,-7.5221,23.1676,3
2486,-7.5221,27.9687,1
2487,-7.5221,28.5688,1
2488,-7.5221,29.1689,7
2489,-7.5221,29.7691,6
2490,-7.5221,30.3692,16
2491,-7.5221,30.9693,1
2492,-6.9380,-30.8443,1
2493,-6.9380,-27.8436,2
2494,-6.9380,-17.0412,1
2495,-6.9380,-16.4411,1
2496,-6.9380,-15.2408,2
2497,-6.9380,-14.6407,6
2498,-6.9380,-14.0406,4
2499,-6.9380,-12.8403,3
2500,-6.9380,-12.2402,11
2501,-6.9380,-11.6400,12
2502,-6.9380,-11.0399,5
2503,-6.9380,-10.4398,15
2504,-6.9380,-9.8396,22
2505,-6.9380,-9.2395,20
2506,-6.9380,-8.6394,14
2507,-6.9380,-8.0393,18
2508,-6.9380,-7.4391,18
2509,-6.9380,-6.8390,22
2510,-6.9380,-6.2389,29
2511,-6.9380,-5.6387,21
2512,-6.9380,-5.0386,25
2513,-6.9380,-4.4385,38
2514,-6.9380,-3.8383,27
2515,-6.9380,-3.2382,33
2516,-6.9380,-2.6381,37
2517,-6.9380,-2.0379,36
2518,-6.9380,-1.4378,36
2519,-6.9380,-0.8377,30
2520,-6.9380,-0.2375,37
2521,-6.9380,0.3626,30
2522,-6.9380,0.9627,30
2523,-6.9380,1.5629,37
2524,-6.9380,2.1630,31
2525,-6.9380,2.7631,36
2526,-6.9380,3.3633,28
2527,-6.9380,3.9634,36
2528,-6.9380,4.5635,32
2529,-6.9380,5.1637,36
2530,-6.9380,5.7638,33
2531,-6.9380,6.3639,34
2532,-6.9380,6.9641,30
2533,-6.9380,7.5642,36
2534,-6.9380,8.1643,20
2535,-6.9380,8.7645,21
2536,-6.9380,9.3646,15
2537,-6.9380,9.9647,24
2538,-6.9380,10.5648,23
2539,-6.9380,11.1650,22
2540,-6.9380,11.7651,26
2541,-6.9380,12.3652,19
2542,-6.9380,12.9654,9
2543,-6.9380,13.5655,4
2544,-6.9380,14.1656,2
2545,-6.9380,15.3659,2
2546,-6.9380,15.9660,2
2547,-6.9380,16.5662,3
2548,-6.9380,17.1663,4
2549,-6.9380,17.7664,4
2550,-6.9380,18.3666,7
2551,-6.9380,18.9667,9
2552,-6.9380,19.5668,12
2553,-6.9380,20.1670,5
2554,-6.9380,20.7671,5
2555,-6.9380,21.3672,7
2556,-6.9380,21.9674,4
2557,-6.9380,22.5675,7
2558,-6.9380,23.1676,2
2559,-6.9380,26.7684,1
2560,-6.9380,27.9687,1
2561,-6.9380,28.5688,4
2562,-6.9380,29.1689,14
2563,-6.9380,29.7691,12
2564,-6.9380,30.3692,31
2565,-6.9380,30.9693,1
2566,-6.3540,-30.8443,20
2567,-6.3540,-30.2441,2
2568,-6.3540,-28.4438,4
2569,-6.3540,-27.8436,15
2570,-6.3540,-27.2435,7
2571,-6.3540,-15.8410,1
2572,-6.3540,-15.2408,2
2573,-6.3540,-14.6407,2
2574,-6.3540,-13.4404,4
2575,-6.3540,-12.8403,3
2576,-6.3540,-12.2402,7
2577,-6.3540,-11.6400,9
2578,-6.3540,-11.0399,21
2579,-6.3540,-10.4398,20
2580,-6.3540,-9.8396,22
2581,-6.3540,-9.2395,28
2582,-6.3540,-8.6394,23
2583,-6.3540,-8.0393,16
2584,-6.3540,-7.4391,19
2585,-6.3540,-6.8390,20
2586,-6.3540,-6.2389,26
2587,-6.3540,-5.6387,29
2588,-6.3540,-5.0386,33
2589,-6.3540,-4.4385,28
2590,-6.3540,-3.8383,31
2591,-6.3540,-3.2382,33
2592,-6.3540,-2.6381,33
2593,-6.3540,-2.0379,33
2594,-6.3540,-1.4378,45
2595,-6.3540,-0.8377,36
2596,-6.3540,-0.2375,42
2597,-6.3540,0.3626,31
2598,-6.3540,0.9627,36
2599,-6.3540,1.5629,38
2600,-6.3540,2.1630,37
2601,-6.3540,2.7631,34
2602,-6.3540,3.3633,31
2603,-6.3540,3.9634,24
2604,-6.3540,4.5635,38
2605,-6.3540,5.1637,31
2606,-6.3540,5.7638,32
2607,-6.3540,6.3639,37
2608,-6.3540,6.9641,37
2609,-6.3540,7.5642,36
2610,-6.3540,8.1643,31
2611,-6.3540,8.7645,19
2612,-6.3540,9.3646,25
2613,-6.3540,9.9647,25
2614,-6.3540,10.5648,12
2615,-6.3540,11.1650,19
2616,-6.3540,11.7651,24
2617,-6.3540,12.3652,25
2618,-6.3540,12.9654,19
2619,-6.3540,13.5655,5
2620,-6.3540,14.1656,2
2621,-6.3540,14.7658,2
2622,-6.3540,15.3659,4
2623,-6.3540,15.9660,2
2624,-6.3540,16.5662,5
2625,-6.3540,17.1663,2
2626,-6.3540,17.7664,7
2627,-6.3540,18.3666,3
2628,-6.3540,18.9667,11
2629,-6.3540,19.5668,8
2630,-6.3540,20.1670,12
2631,-6.3540,20.7671,11
2632,-6.3540,21.3672,24
2633,-6.3540,21.9674,25
2634,-6.3540,22.5675,2
2635,-6.3540,28.5688,13
2636,-6.3540,29.1689,13
2637,-6.3540,29.7691,13
2638,-6.3540,30.3692,26
2639,-6.3540,30.9693,5
2640,-5.7700,-32.0445,1
2641,-5.7700,-31.4444,12
2642,-5.7700,-30.8443,15
2643,-5.7700,-30.2441,2
2644,-5.7700,-29.6440,1
2645,-5.7700,-28.4438,5
2646,-5.7700,-27.8436,33
2647,-5.7700,-15.2408,1
2648,-5.7700,-13.4404,1
2649,-5.7700,-12.8403,3
2650,-5.7700,-12.2402,7
2651,-5.7700,-11.6400,14
2652,-5.7700,-11.0399,16
2653,-5.7700,-10.4398,17
2654,-5.7700,-9.8396,18
2655,-5.7700,-9.2395,25
2656,-5.7700,-8.6394,17
2657,-5.7700,-8.0393,29
2658,-5.7700,-7.4391,16
2659,-5.7700,-6.8390,27
2660,-5.7700,-6.2389,24
2661,-5.7700,-5.6387,32
2662,-5.7700,-5.0386,32
2663,-5.7700,-4.4385,37
2664,-5.7700,-3.8383,28
2665,-5.7700,-3.2382,34
2666,-5.7700,-2.6381,36
2667,-5.7700,-2.0379,38
2668,-5.7700,-1.4378,35
2669,-5.7700,-0.8377,39
2670,-5.7700,-0.2375,43
2671,-5.7700,0.3626,44
2672,-5.7700,0.9627,31
2673,-5.7700,1.5629,28
2674,-5.7700,2.1630,31
2675,-5.7700,2.7631,35
2676,-5.7700,3.3633,30
2677,-5.7700,3.9634,37
2678,-5.7700,4.5635,32
2679,-5.7700,5.1637,32
2680,-5.7700,5.7638,30
2681,-5.7700,6.3639,39
2682,-5.7700,6.9641,32
2683,-5.7700,7.5642,31
2684,-5.7700,8.1643,38
2685,-5.7700,8.7645,50
2686,-5.7700,9.3646,26
2687,-5.7700,9.9647,39
2688,-5.7700,10.5648,19
2689,-5.7700,11.1650,23
2690,-5.7700,11.7651,29
2691,-5.7700,12.3652,17
2692,-5.7700,12.9654,24
2693,-5.7700,13.5655,9
2694,-5.7700,14.1656,2
2695,-5.7700,14.7658,1
2696,-5.7700,15.3659,3
2697,-5.7700,15.9660,2
2698,-5.7700,16.5662,2
2699,-5.7700,17.1663,2
2700,-5.7700,17.7664,1
2701,-5.7700,18.3666,4
2702,-5.7700,18.9667,8
2703,-5.7700,19.5668,10
2704,-5.7700,20.1670,6
2705,-5.7700,20.7671,12
2706,-5.7700,21.3672,21
2707,-5.7700,21.9674,18
2708,-5.7700,27.3686,1
2709,-5.7700,27.9687,1
2710,-5.7700,28.5688,5
2711,-5.7700,29.1689,1
2712,-5.7700,29.7691,1
2713,-5.7700,30.3692,8
2714,-5.7700,30.9693,3
2715,-5.1860,-32.0445,22
2716,-5.1860,-31.4444,10
2717,-5.1860,-30.8443,16
2718,-5.1860,-30.2441,4
2719,-5.1860,-29.0439,7
2720,-5.1860,-28.4438,2
2721,-5.1860,-27.8436,3
2722,-5.1860,-14.0406,2
2723,-5.1860,-12.8403,1
2724,-5.1860,-12.2402,3
2725,-5.1860,-11.6400,14
2726,-5.1860,-11.0399,24
2727,-5.1860,-10.4398,24
2728,-5.1860,-9.8396,19
2729,-5.1860,-9.2395,28
2730,-5.1860,-8.6394,21
2731,-5.1860,-8.0393,26
2732,-5.1860,-7.4391,23
2733,-5.1860,-6.8390,30
2734,-5.1860,-6.2389,30
2735,-5.1860,-5.6387,23
2736,-5.1860,-5.0386,32
2737,-5.1860,-4.4385,31
2738,-5.1860,-3.8383,27
2739,-5.1860,-3.2382,36
2740,-5.1860,-2.6381,45
2741,-5.1860,-2.0379,31
2742,-5.1860,-1.4378,35
2743,-5.1860,-0.8377,44
2744,-5.1860,-0.2375,36
2745,-5.1860,0.3626,36
2746,-5.1860,0.9627,36
2747,-5.1860,1.5629,26
2748,-5.1860,2.1630,43
2749,-5.1860,2.7631,25
2750,-5.1860,3.3633,30
2751,-5.1860,3.9634,32
2752,-5.1860,4.5635,40
2753,-5.1860,5.1637,31
2754,-5.1860,5.7638,28
2755,-5.1860,6.3639,35
2756,-5.1860,6.9641,38
2757,-5.1860,7.5642,45
2758,-5.1860,8.1643,41
2759,-5.1860,8.7645,39
2760,-5.1860,9.3646,47
2761,-5.1860,9.9647,50
2762,-5.1860,10.5648,46
2763,-5.1860,11.1650,40
2764,-5.1860,11.7651,43
2765,-5.1860,12.3652,26
2766,-5.1860,12.9654,19
2767,-5.1860,13.5655,14
2768,-5.1860,14.1656,3
2769,-5.1860,14.7658,1
2770,-5.1860,15.3659,2
2771,-5.1860,15.9660,4
2772,-5.1860,16.5662,2
2773,-5.1860,17.7664,2
2774,-5.1860,18.3666,4
2775,-5.1860,18.9667,4
2776,-5.1860,19.5668,5
2777,-5.1860,20.1670,10
2778,-5.1860,20.7671,7
2779,-5.1860,21.3672,15
2780,-5.1860,26.7684,1
2781,-5.1860,28.5688,1
2782,-5.1860,29.1689,1
2783,-5.1860,29.7691,1
2784,-5.1860,30.3692,10
2785,-5.1860,30.9693,3
2786,-4.6019,-32.6447,1
2787,-4.6019,-32.0445,22
2788,-4.6019,-31.4444,39
2789,-4.6019,-30.8443,10
2790,-4.6019,-30.2441,1
2791,-4.6019,-29.6440,2
2792,-4.6019,-29.0439,28
2793,-4.6019,-13.4404,2
2794,-4.6019,-12.8403,3
2795,-4.6019,-12.2402,6
2796,-4.6019,-11.6400,12
2797,-4.6019,-11.0399,5
2798,-4.6019,-10.4398,12
2799,-4.6019,-9.8396,22
2800,-4.6019,-9.2395,26
2801,-4.6019,-8.6394,35
2802,-4.6019,-8.0393,28
2803,-4.6019,-7.4391,21
2804,-4.6019,-6.8390,34
2805,-4.6019,-6.2389,31
2806,-4.6019,-5.6387,27
2807,-4.6019,-5.0386,34
2808,-4.6019,-4.4385,34
2809,-4.6019,-3.8383,32
2810,-4.6019,-3.2382,27
2811,-4.6019,-2.6381,43
2812,-4.6019,-2.0379,47
2813,-4.6019,-1.4378,41
2814,-4.6019,-0.8377,48
2815,-4.6019,-0.2375,37
2816,-4.6019,0.3626,34
2817,-4.6019,0.9627,37
2818,-4.6019,1.5629,34
2819,-4.6019,2.1630,34
2820,-4.6019,2.7631,26
2821,-4.6019,3.3633,39
2822,-4.6019,3.9634,37
2823,-4.6019,4.5635,33
2824,-4.6019,5.1637,30
2825,-4.6019,5.7638,36
2826,-4.6019,6.3639,35
2827,-4.6019,6.9641,47
2828,-4.6019,7.5642,28
2829,-4.6019,8.1643,47
2830,-4.6019,8.7645,40
2831,-4.6019,9.3646,55
2832,-4.6019,9.9647,43
2833,-4.6019,10.5648,44
2834,-4.6019,11.1650,45
2835,-4.6019,11.7651,40
2836,-4.6019,12.3652,32
2837,-4.6019,12.9654,30
2838,-4.6019,13.5655,30
2839,-4.6019,14.1656,13
2840,-4.6019,14.7658,12
2841,-4.6019,15.3659,10
2842,-4.6019,15.9660,10
2843,-4.6019,16.5662,7
2844,-4.6019,17.1663,1
2845,-4.6019,17.7664,2
2846,-4.6019,18.3666,4
2847,-4.6019,18.9667,3
2848,-4.6019,19.5668,2
2849,-4.6019,20.1670,8
2850,-4.6019,20.7671,8
2851,-4.6019,21.3672,7
2852,-4.6019,22.5675,1
2853,-4.6019,30.3692,2
2854,-4.6019,30.9693,2
2855,-4.0179,-32.6447,3
2856,-4.0179,-32.0445,29
2857,-4.0179,-31.4444,42
2858,-4.0179,-30.8443,17
2859,-4.0179,-30.2441,6
2860,-4.0179,-29.6440,14
2861,-4.0179,-16.4411,1
2862,-4.0179,-12.8403,1
2863,-4.0179,-12.2402,10
2864,-4.0179,-11.6400,13
2865,-4.0179,-11.0399,6
2866,-4.0179,-10.4398,5
2867,-4.0179,-9.8396,14
2868,-4.0179,-9.2395,12
2869,-4.0179,-8.6394,24
2870,-4.0179,-8.0393,25
2871,-4.0179,-7.4391,27
2872,-4.0179,-6.8390,35
2873,-4.0179,-6.2389,30
2874,-4.0179,-5.6387,34
2875,-4.0179,-5.0386,26
2876,-4.0179,-4.4385,32
2877,-4.0179,-3.8383,39
2878,-4.0179,-3.2382,29
2879,-4.0179,-2.6381,45
2880,-4.0179,-2.0379,39
2881,-4.0179,-1.4378,43
2882,-4.0179,-0.8377,39
2883,-4.0179,-0.2375,42
2884,-4.0179,0.3626,31
2885,-4.0179,0.9627,31
2886,-4.0179,1.5629,35
2887,-4.0179,2.1630,37
2888,-4.0179,2.7631,35
2889,-4.0179,3.3633,29
2890,-4.0179,3.9634,31
2891,-4.0179,4.5635,45
2892,-4.0179,5.1637,27
2893,-4.0179,5.7638,41
2894,-4.0179,6.3639,38
2895,-4.0179,6.9641,35
2896,-4.0179,7.5642,47
2897,-4.0179,8.1643,41
2898,-4.0179,8.7645,38
2899,-4.0179,9.3646,28
2900,-4.0179,9.9647,40
2901,-4.0179,10.5648,38
2902,-4.0179,11.1650,47
2903,-4.0179,11.7651,42
2904,-4.0179,12.3652,22
2905,-4.0179,12.9654,26
2906,-4.0179,13.5655,28
2907,-4.0179,14.1656,16
2908,-4.0179,14.7658,13
2909,-4.0179,15.3659,17
2910,-4.0179,15.9660,4
2911,-4.0179,16.5662,3
2912,-4.0179,17.1663,8
2913,-4.0179,17.7664,1
2914,-4.0179,18.3666,2
2915,-4.0179,18.9667,2
2916,-4.0179,19.5668,2
2917,-4.0179,20.1670,3
2918,-4.0179,20.7671,13
2919,-4.0179,21.3672,5
2920,-4.0179,27.3686,3
2921,-4.0179,27.9687,1
2922,-4.0179,30.9693,2
2923,-3.4339,-32.6447,14
2924,-3.4339,-32.0445,16
2925,-3.4339,-31.4444,14
2926,-3.4339,-30.8443,1
2927,-3.4339,-30.2441,6
2928,-3.4339,-12.8403,3
2929,-3.4339,-12.2402,7
2930,-3.4339,-11.6400,9
2931,-3.4339,-11.0399,7
2932,-3.4339,-10.4398,6
2933,-3.4339,-9.8396,9
2934,-3.4339,-9.2395,11
2935,-3.4339,-8.6394,20
2936,-3.4339,-8.0393,19
2937,-3.4339,-7.4391,29
2938,-3.4339,-6.8390,24
2939,-3.4339,-6.2389,20
2940,-3.4339,-5.6387,32
2941,-3.4339,-5.0386,35
2942,-3.4339,-4.4385,35
2943,-3.4339,-3.8383,29
2944,-3.4339,-3.2382,36
2945,-3.4339,-2.6381,36
2946,-3.4339,-2.0379,50
2947,-3.4339,-1.4378,47
2948,-3.4339,-0.8377,43
2949,-3.4339,-0.2375,38
2950,-3.4339,0.3626,44
2951,-3.4339,0.9627,37
2952,-3.4339,1.5629,36
2953,-3.4339,2.1630,32
2954,-3.4339,2.7631,33
2955,-3.4339,3.3633,40
2956,-3.4339,3.9634,37
2957,-3.4339,4.5635,30
2958,-3.4339,5.1637,37
2959,-3.4339,5.7638,35
2960,-3.4339,6.3639,38
2961,-3.4339,6.9641,36
2962,-3.4339,7.5642,32
2963,-3.4339,8.1643,43
2964,-3.4339,8.7645,34
2965,-3.4339,9.3646,58
2966,-3.4339,9.9647,44
2967,-3.4339,10.5648,38
2968,-3.4339,11.1650,31
2969,-3.4339,11.7651,33
2970,-3.4339,12.3652,22
2971,-3.4339,12.9654,19
2972,-3.4339,13.5655,19
2973,-3.4339,14.1656,10
2974,-3.4339,14.7658,15
2975,-3.4339,15.3659,18
2976,-3.4339,15.9660,1
2977,-3.4339,16.5662,3
2978,-3.4339,17.1663,2
2979,-3.4339,17.7664,4
2980,-3.4339,18.3666,3
2981,-3.4339,18.9667,4
2982,-3.4339,19.5668,5
2983,-3.4339,20.1670,9
2984,-3.4339,20.7671,8
2985,-3.4339,21.3672,4
2986,-3.4339,26.7684,1
2987,-3.4339,27.3686,3
2988,-3.4339,30.3692,2
2989,-3.4339,30.9693,1
2990,-2.8499,-32.6447,8
2991,-2.8499,-32.0445,11
2992,-2.8499,-31.4444,9
2993,-2.8499,-30.8443,10
2994,-2.8499,-30.2441,26
2995,-2.8499,-18.2415,1
2996,-2.8499,-17.6414,1
2997,-2.8499,-17.0412,1
2998,-2.8499,-12.8403,12
2999,-2.8499,-12.2402,7
3000,-2.8499,-11.6400,6
3001,-2.8499,-11.0399,8
3002,-2.8499,-10.4398,5
3003,-2.8499,-9.8396,8
3004,-2.8499,-9.2395,19
3005,-2.8499,-8.6394,16
3006,-2.8499,-8.0393,27
3007,-2.8499,-7.4391,24
3008,-2.8499,-6.8390,29
3009,-2.8499,-6.2389,34
3010,-2.8499,-5.6387,29
3011,-2.8499,-5.0386,33
3012,-2.8499,-4.4385,31
3013,-2.8499,-3.8383,52
3014,-2.8499,-3.2382,41
3015,-2.8499,-2.6381,47
3016,-2.8499,-2.0379,47
3017,-2.8499,-1.4378,43
3018,-2.8499,-0.8377,53
3019,-2.8499,-0.2375,36
3020,-2.8499,0.3626,36
3021,-2.8499,0.9627,39
3022,-2.8499,1.5629,42
3023,-2.8499,2.1630,31
3024,-2.8499,2.7631,36
3025,-2.8499,3.3633,29
3026,-2.8499,3.9634,34
3027,-2.8499,4.5635,42
3028,-2.8499,5.1637,24
3029,-2.8499,5.7638,33
3030,-2.8499,6.3639,31
3031,-2.8499,6.9641,42
3032,-2.8499,7.5642,40
3033,-2.8499,8.1643,54
3034,-2.8499,8.7645,44
3035,-2.8499,9.3646,42
3036,-2.8499,9.9647,39
3037,-2.8499,10.5648,41
3038,-2.8499,11.1650,34
3039,-2.8499,11.7651,26
3040,-2.8499,12.3652,29
3041,-2.8499,12.9654,16
3042,-2.8499,13.5655,21
3043,-2.8499,14.1656,12
3044,-2.8499,14.7658,14
3045,-2.8499,15.3659,1
3046,-2.8499,15.9660,1
3047,-2.8499,16.5662,1
3048,-2.8499,17.1663,4
3049,-2.8499,17.7664,1
3050,-2.8499,18.3666,4
3051,-2.8499,18.9667,2
3052,-2.8499,19.5668,3
3053,-2.8499,20.1670,10
3054,-2.8499,20.7671,2
3055,-2.8499,25.5682,2
3056,-2.8499,26.1683,2
3057,-2.8499,26.7684,6
3058,-2.8499,27.3686,77
3059,-2.8499,27.9687,1
3060,-2.8499,28.5688,1
3061,-2.8499,30.9693,4
3062,-2.2659,-32.6447,3
3063,-2.2659,-32.0445,3
3064,-2.2659,-31.4444,3
3065,-2.2659,-30.2441,1
3066,-2.2659,-15.2408,2
3067,-2.2659,-12.8403,14
3068,-2.2659,-12.2402,4
3069,-2.2659,-11.6400,6
3070,-2.2659,-11.0399,4
3071,-2.2659,-10.4398,4
3072,-2.2659,-9.8396,9
3073,-2.2659,-9.2395,20
3074,-2.2659,-8.6394,29
3075,-2.2659,-8.0393,20
3076,-2.2659,-7.4391,23
3077,-2.2659,-6.8390,37
3078,-2.2659,-6.2389,24
3079,-2.2659,-5.6387,28
3080,-2.2659,-5.0386,36
3081,-2.2659,-4.4385,34
3082,-2.2659,-3.8383,37
3083,-2.2659,-3.2382,42
3084,-2.2659,-2.6381,34
3085,-2.2659,-2.0379,46
3086,-2.2659,-1.4378,42
3087,-2.2659,-0.8377,46
3088,-2.2659,-0.2375,45
3089,-2.2659,0.3626,37
3090,-2.2659,0.9627,35
3091,-2.2659,1.5629,33
3092,-2.2659,2.1630,32
3093,-2.2659,2.7631,38
3094,-2.2659,3.3633,34
3095,-2.2659,3.9634,38
3096,-2.2659,4.5635,30
3097,-2.2659,5.1637,45
3098,-2.2659,5.7638,31
3099,-2.2659,6.3639,42
3100,-2.2659,6.9641,43
3101,-2.2659,7.5642,25
3102,-2.2659,8.1643,47
3103,-2.2659,8.7645,37
3104,-2.2659,9.3646,37
3105,-2.2659,9.9647,42
3106,-2.2659,10.5648,43
3107,-2.2659,11.1650,39
3108,-2.2659,11.7651,43
3109,-2.2659,12.3652,30
3110,-2.2659,12.9654,26
3111,-2.2659,13.5655,18
3112,-2.2659,14.1656,23
3113,-2.2659,14.7658,6
3114,-2.2659,15.3659,5
3115,-2.2659,15.9660,1
3116,-2.2659,17.1663,1
3117,-2.2659,17.7664,2
3118,-2.2659,18.3666,4
3119,-2.2659,18.9667,5
3120,-2.2659,19.5668,5
3121,-2.2659,20.1670,3
3122,-2.2659,20.7671,5
3123,-2.2659,21.3672,1
3124,-2.2659,21.9674,2
3125,-2.2659,22.5675,2
3126,-2.2659,23.1676,1
3127,-2.2659,24.3679,2
3128,-2.2659,24.9680,3
3129,-2.2659,25.5682,1
3130,-2.2659,26.1683,1
3131,-2.2659,26.7684,1
3132,-2.2659,27.9687,2
3133,-2.2659,28.5688,14
3134,-2.2659,29.1689,6
3135,-2.2659,30.9693,5
3136,-2.2659,31.5695,1
3137,-1.6818,-32.6447,2
3138,-1.6818,-32.0445,1
3139,-1.6818,-31.4444,1
3140,-1.6818,-30.8443,1
3141,-1.6818,-15.2408,1
3142,-1.6818,-12.8403,2
3143,-1.6818,-12.2402,3
3144,-1.6818,-11.6400,1
3145,-1.6818,-11.0399,6
3146,-1.6818,-10.4398,7
3147,-1.6818,-9.8396,20
3148,-1.6818,-9.2395,26
3149,-1.6818,-8.6394,22
3150,-1.6818,-8.0393,31
3151,-1.6818,-7.4391,15
3152,-1.6818,-6.8390,23
3153,-1.6818,-6.2389,31
3154,-1.6818,-5.6387,27
3155,-1.6818,-5.0386,31
3156,-1.6818,-4.4385,40
3157,-1.6818,-3.8383,37
3158,-1.6818,-3.2382,43
3159,-1.6818,-2.6381,38
3160,-1.6818,-2.0379,45
3161,-1.6818,-1.4378,40
3162,-1.6818,-0.8377,35
3163,-1.6818,-0.2375,39
3164,-1.6818,0.3626,27
3165,-1.6818,0.9627,28
3166,-1.6818,1.5629,44
3167,-1.6818,2.1630,35
3168,-1.6818,2.7631,42
3169,-1.6818,3.3633,36
3170,-1.6818,3.9634,49
3171,-1.6818,4.5635,41
3172,-1.6818,5.1637,45
3173,-1.6818,5.7638,47
3174,-1.6818,6.3639,50
3175,-1.6818,6.9641,46
3176,-1.6818,7.5642,51
3177,-1.6818,8.1643,48
3178,-1.6818,8.7645,48
3179,-1.6818,9.3646,51
3180,-1.6818,9.9647,41
3181,-1.6818,10.5648,32
3182,-1.6818,11.1650,51
3183,-1.6818,11.7651,49
3184,-1.6818,12.3652,44
3185,-1.6818,12.9654,24
3186,-1.6818,13.5655,28
3187,-1.6818,14.1656,10
3188,-1.6818,14.7658,10
3189,-1.6818,15.3659,11
3190,-1.6818,15.9660,7
3191,-1.6818,16.5662,2
3192,-1.6818,17.7664,6
3193,-1.6818,18.3666,4
3194,-1.6818,18.9667,6
3195,-1.6818,19.5668,4
3196,-1.6818,20.1670,2
3197,-1.6818,20.7671,1
3198,-1.6818,21.3672,4
3199,-1.6818,22.5675,6
3200,-1.6818,23.1676,8
3201,-1.6818,23.7678,5
3202,-1.6818,25.5682,1
3203,-1.6818,26.1683,1
3204,-1.6818,27.3686,1
3205,-1.6818,29.7691,7
3206,-1.6818,30.3692,6
3207,-1.6818,30.9693,14
3208,-1.6818,31.5695,22
3209,-1.0978,-32.6447,9
3210,-1.0978,-32.0445,10
3211,-1.0978,-31.4444,5
3212,-1.0978,-22.4424,1
3213,-1.0978,-21.8423,5
3214,-1.0978,-20.6420,1
3215,-1.0978,-18.8416,1
3216,-1.0978,-12.8403,1
3217,-1.0978,-12.2402,2
3218,-1.0978,-11.6400,3
3219,-1.0978,-11.0399,9
3220,-1.0978,-10.4398,19
3221,-1.0978,-9.8396,31
3222,-1.0978,-9.2395,17
3223,-1.0978,-8.6394,13
3224,-1.0978,-8.0393,19
3225,-1.0978,-7.4391,15
3226,-1.0978,-6.8390,21
3227,-1.0978,-6.2389,30
3228,-1.0978,-5.6387,27
3229,-1.0978,-5.0386,32
3230,-1.0978,-4.4385,40
3231,-1.0978,-3.8383,37
3232,-1.0978,-3.2382,45
3233,-1.0978,-2.6381,37
3234,-1.0978,-2.0379,48
3235,-1.0978,-1.4378,36
3236,-1.0978,-0.8377,37
3237,-1.0978,-0.2375,35
3238,-1.0978,0.3626,35
3239,-1.0978,0.9627,29
3240,-1.0978,1.5629,39
3241,-1.0978,2.1630,34
3242,-1.0978,2.7631,41
3243,-1.0978,3.3633,46
3244,-1.0978,3.9634,32
3245,-1.0978,4.5635,49
3246,-1.0978,5.1637,45
3247,-1.0978,5.7638,43
3248,-1.0978,6.3639,54
3249,-1.0978,6.9641,51
3250,-1.0978,7.5642,45
3251,-1.0978,8.1643,46
3252,-1.0978,8.7645,47
3253,-1.0978,9.3646,50
3254,-1.0978,9.9647,46
3255,-1.0978,10.5648,45
3256,-1.0978,11.1650,33
3257,-1.0978,11.7651,57
3258,-1.0978,12.3652,54
3259,-1.0978,12.9654,28
3260,-1.0978,13.5655,28
3261,-1.0978,14.1656,16
3262,-1.0978,14.7658,14
3263,-1.0978,15.3659,2
3264,-1.0978,15.9660,6
3265,-1.0978,16.5662,5
3266,-1.0978,17.1663,4
3267,-1.0978,17.7664,5
3268,-1.0978,18.3666,5
3269,-1.0978,18.9667,7
3270,-1.0978,19.5668,4
3271,-1.0978,20.1670,1
3272,-1.0978,21.3672,3
3273,-1.0978,21.9674,1
3274,-1.0978,22.5675,2
3275,-1.0978,23.1676,1
3276,-1.0978,24.9680,1
3277,-1.0978,29.7691,1
3278,-1.0978,30.3692,33
3279,-1.0978,30.9693,56
3280,-1.0978,31.5695,108
3281,-1.0978,32.1696,18
3282,-0.5138,-32.6447,10
3283,-0.5138,-32.0445,41
3284,-0.5138,-31.4444,20
3285,-0.5138,-30.8443,3
3286,-0.5138,-30.2441,2
3287,-0.5138,-24.2428,1
3288,-0.5138,-23.6427,3
3289,-0.5138,-23.0426,6
3290,-0.5138,-22.4424,24
3291,-0.5138,-21.8423,19
3292,-0.5138,-21.2422,1
3293,-0.5138,-20.6420,3
3294,-0.5138,-20.0419,8
3295,-0.5138,-19.4418,3
3296,-0.5138,-18.8416,5
3297,-0.5138,-11.6400,21
3298,-0.5138,-11.0399,28
3299,-0.5138,-10.4398,35
3300,-0.5138,-9.8396,29
3301,-0.5138,-9.2395,17
3302,-0.5138,-8.6394,21
3303,-0.5138,-8.0393,15
3304,-0.5138,-7.4391,28
3305,-0.5138,-6.8390,23
3306,-0.5138,-6.2389,49
3307,-0.5138,-5.6387,32
3308,-0.5138,-5.0386,28
3309,-0.5138,-4.4385,35
3310,-0.5138,-3.8383,44
3311,-0.5138,-3.2382,50
3312,-0.5138,-2.6381,43
3313,-0.5138,-2.0379,39
3314,-0.5138,-1.4378,43
3315,-0.5138,-0.8377,40
3316,-0.5138,-0.2375,45
3317,-0.5138,0.3626,44
3318,-0.5138,0.9627,40
3319,-0.5138,1.5629,35
3320,-0.5138,2.1630,32
3321,-0.5138,2.7631,36
3322,-0.5138,3.3633,38
3323,-0.5138,3.9634,42
3324,-0.5138,4.5635,45
3325,-0.5138,5.1637,37
3326,-0.5138,5.7638,45
3327,-0.5138,6.3639,48
3328,-0.5138,6.9641,45
3329,-0.5138,7.5642,42
3330,-0.5138,8.1643,49
3331,-0.5138,8.7645,57
3332,-0.5138,9.3646,52
3333,-0.5138,9.9647,58
3334,-0.5138,10.5648,38
3335,-0.5138,11.1650,44
3336,-0.5138,11.7651,53
3337,-0.5138,12.3652,36
3338,-0.5138,12.9654,33
3339,-0.5138,13.5655,28
3340,-0.5138,14.1656,20
3341,-0.5138,14.7658,18
3342,-0.5138,15.3659,13
3343,-0.5138,15.9660,3
3344,-0.5138,16.5662,9
3345,-0.5138,17.1663,6
3346,-0.5138,17.7664,12
3347,-0.5138,18.3666,10
3348,-0.5138,18.9667,4
3349,-0.5138,19.5668,5
3350,-0.5138,20.1670,2
3351,-0.5138,20.7671,1
3352,-0.5138,21.3672,4
3353,-0.5138,21.9674,2
3354,-0.5138,30.3692,4
3355,-0.5138,30.9693,11
3356,-0.5138,31.5695,51
3357,-0.5138,32.1696,18
3358,0.0702,-32.6447,47
3359,0.0702,-32.0445,42
3360,0.0702,-31.4444,20
3361,0.0702,-30.8443,34
3362,0.0702,-30.2441,23
3363,0.0702,-29.6440,5
3364,0.0702,-28.4438,1
3365,0.0702,-24.8430,6
3366,0.0702,-24.2428,28
3367,0.0702,-23.6427,33
3368,0.0702,-23.0426,20
3369,0.0702,-22.4424,27
3370,0.0702,-21.8423,9
3371,0.0702,-21.2422,5
3372,0.0702,-20.6420,3
3373,0.0702,-20.0419,5
3374,0.0702,-19.4418,3
3375,0.0702,-18.2415,7
3376,0.0702,-17.6414,19
3377,0.0702,-17.0412,9
3378,0.0702,-13.4404,1
3379,0.0702,-12.2402,1
3380,0.0702,-11.6400,19
3381,0.0702,-11.0399,27
3382,0.0702,-10.4398,20
3383,0.0702,-9.8396,38
3384,0.0702,-9.2395,31
3385,0.0702,-8.6394,18
3386,0.0702,-8.0393,19
3387,0.0702,-7.4391,21
3388,0.0702,-6.8390,20
3389,0.0702,-6.2389,32
3390,0.0702,-5.6387,43
3391,0.0702,-5.0386,47
3392,0.0702,-4.4385,42
3393,0.0702,-3.8383,38
3394,0.0702,-3.2382,45
3395,0.0702,-2.6381,40
3396,0.0702,-2.0379,42
3397,0.0702,-1.4378,32
3398,0.0702,-0.8377,38
3399,0.0702,-0.2375,42
3400,0.0702,0.3626,34
3401,0.0702,0.9627,36
3402,0.0702,1.5629,33
3403,0.0702,2.1630,42
3404,0.0702,2.7631,35
3405,0.0702,3.3633,34
3406,0.0702,3.9634,37
3407,0.0702,4.5635,44
3408,0.0702,5.1637,45
3409,0.0702,5.7638,45
3410,0.0702,6.3639,55
3411,0.0702,6.9641,45
3412,0.0702,7.5642,40
3413,0.0702,8.1643,51
3414,0.0702,8.7645,58
3415,0.0702,9.3646,46
3416,0.0702,9.9647,40
3417,0.0702,10.5648,47
3418,0.0702,11.1650,37
3419,0.0702,11.7651,39
3420,0.0702,12.3652,36
3421,0.0702,12.9654,27
3422,0.0702,13.5655,25
3423,0.0702,14.1656,24
3424,0.0702,14.7658,19
3425,0.0702,15.3659,4
3426,0.0702,15.9660,5
3427,0.0702,16.5662,9
3428,0.0702,17.1663,10
3429,0.0702,17.7664,16
3430,0.0702,18.3666,17
3431,0.0702,18.9667,6
3432,0.0702,19.5668,1
3433,0.0702,20.1670,3
3434,0.0702,20.7671,1
3435,0.0702,21.3672,2
3436,0.0702,30.3692,1
3437,0.0702,30.9693,10
3438,0.0702,31.5695,26
3439,0.0702,32.1696,19
3440,0.0702,32.7697,6
3441,0.6542,-32.6447,43
3442,0.6542,-32.0445,24
3443,0.6542,-31.4444,19
3444,0.6542,-30.8443,33
3445,0.6542,-30.2441,14
3446,0.6542,-29.6440,1
3447,0.6542,-24.2428,7
3448,0.6542,-23.6427,64
3449,0.6542,-23.0426,25
3450,0.6542,-22.4424,12
3451,0.6542,-21.8423,3
3452,0.6542,-21.2422,2
3453,0.6542,-20.0419,2
3454,0.6542,-19.4418,2
3455,0.6542,-18.8416,9
3456,0.6542,-18.2415,39
3457,0.6542,-17.6414,22
3458,0.6542,-17.0412,6
3459,0.6542,-16.4411,1
3460,0.6542,-15.2408,3
3461,0.6542,-12.2402,2
3462,0.6542,-11.6400,1
3463,0.6542,-10.4398,7
3464,0.6542,-9.8396,11
3465,0.6542,-9.2395,20
3466,0.6542,-8.6394,14
3467,0.6542,-8.0393,13
3468,0.6542,-7.4391,22
3469,0.6542,-6.8390,26
3470,0.6542,-6.2389,25
3471,0.6542,-5.6387,26
3472,0.6542,-5.0386,32
3473,0.6542,-4.4385,46
3474,0.6542,-3.8383,41
3475,0.6542,-3.2382,42
3476,0.6542,-2.6381,52
3477,0.6542,-2.0379,39
3478,0.6542,-1.4378,50
3479,0.6542,-0.8377,39
3480,0.6542,-0.2375,29
3481,0.6542,0.3626,44
3482,0.6542,0.9627,28
3483,0.6542,1.5629,24
3484,0.6542,2.1630,34
3485,0.6542,2.7631,36
3486,0.6542,3.3633,44
3487,0.6542,3.9634,33
3488,0.6542,4.5635,45
3489,0.6542,5.1637,33
3490,0.6542,5.7638,45
3491,0.6542,6.3639,48
3492,0.6542,6.9641,47
3493,0.6542,7.5642,41
3494,0.6542,8.1643,51
3495,0.6542,8.7645,48
3496,0.6542,9.3646,45
3497,0.6542,9.9647,54
3498,0.6542,10.5648,40
3499,0.6542,11.1650,35
3500,0.6542,11.7651,41
3501,0.6542,12.3652,24
3502,0.6542,12.9654,21
3503,0.6542,13.5655,34
3504,0.6542,14.1656,34
3505,0.6542,14.7658,24
3506,0.6542,15.3659,9
3507,0.6542,15.9660,5
3508,0.6542,16.5662,6
3509,0.6542,17.1663,12
3510,0.6542,17.7664,13
3511,0.6542,18.3666,16
3512,0.6542,18.9667,2
3513,0.6542,19.5668,4
3514,0.6542,20.1670,1
3515,0.6542,20.7671,1
3516,0.6542,21.3672,1
3517,0.6542,30.3692,1
3518,0.6542,30.9693,1
3519,0.6542,31.5695,25
3520,0.6542,32.1696,5
3521,0.6542,32.7697,8
3522,1.2383,-32.6447,6
3523,1.2383,-32.0445,25
3524,1.2383,-31.4444,20
3525,1.2383,-30.8443,4
3526,1.2383,-30.2441,2
3527,1.2383,-29.6440,1
3528,1.2383,-26.0432,3
3529,1.2383,-23.6427,7
3530,1.2383,-23.0426,17
3531,1.2383,-22.4424,6
3532,1.2383,-21.8423,4
3533,1.2383,-21.2422,2
3534,1.2383,-20.6420,1
3535,1.2383,-19.4418,8
3536,1.2383,-18.8416,20
3537,1.2383,-18.2415,42
3538,1.2383,-17.6414,15
3539,1.2383,-17.0412,5
3540,1.2383,-16.4411,9
3541,1.2383,-15.8410,3
3542,1.2383,-15.2408,5
3543,1.2383,-14.6407,1
3544,1.2383,-12.8403,1
3545,1.2383,-12.2402,2
3546,1.2383,-11.6400,2
3547,1.2383,-11.0399,1
3548,1.2383,-10.4398,1
3549,1.2383,-9.8396,4
3550,1.2383,-9.2395,10
3551,1.2383,-8.6394,16
3552,1.2383,-8.0393,18
3553,1.2383,-7.4391,20
3554,1.2383,-6.8390,24
3555,1.2383,-6.2389,43
3556,1.2383,-5.6387,35
3557,1.2383,-5.0386,40
3558,1.2383,-4.4385,46
3559,1.2383,-3.8383,38
3560,1.2383,-3.2382,43
3561,1.2383,-2.6381,32
3562,1.2383,-2.0379,48
3563,1.2383,-1.4378,30
3564,1.2383,-0.8377,42
3565,1.2383,-0.2375,40
3566,1.2383,0.3626,29
3567,1.2383,0.9627,29
3568,1.2383,1.5629,42
3569,1.2383,2.1630,33
3570,1.2383,2.7631,37
3571,1.2383,3.3633,35
3572,1.2383,3.9634,39
3573,1.2383,4.5635,45
3574,1.2383,5.1637,48
3575,1.2383,5.7638,43
3576,1.2383,6.3639,37
3577,1.2383,6.9641,40
3578,1.2383,7.5642,43
3579,1.2383,8.1643,54
3580,1.2383,8.7645,52
3581,1.2383,9.3646,53
3582,1.2383,9.9647,35
3583,1.2383,10.5648,42
3584,1.2383,11.1650,33
3585,1.2383,11.7651,35
3586,1.2383,12.3652,27
3587,1.2383,12.9654,28
3588,1.2383,13.5655,34
3589,1.2383,14.1656,36
3590,1.2383,14.7658,22
3591,1.2383,15.3659,12
3592,1.2383,15.9660,8
3593,1.2383,16.5662,9
3594,1.2383,17.1663,18
3595,1.2383,17.7664,25
3596,1.2383,18.3666,14
3597,1.2383,18.9667,6
3598,1.2383,19.5668,6
3599,1.2383,20.1670,2
3600,1.2383,20.7671,1
3601,1.2383,29.7691,1
3602,1.2383,30.3692,1
3603,1.2383,30.9693,1
3604,1.2383,31.5695,16
3605,1.2383,32.1696,13
3606,1.2383,32.7697,5
3607,1.2383,36.3705,28
3608,1.2383,36.9707,9
3609,1.2383,37.5708,43
3610,1.2383,38.1709,7
3611,1.8223,-26.6434,5
3612,1.8223,-26.0432,8
3613,1.8223,-25.4431,2
3614,1.8223,-24.8430,1
3615,1.8223,-23.0426,3
3616,1.8223,-22.4424,1
3617,1.8223,-21.8423,4
3618,1.8223,-21.2422,2
3619,1.8223,-20.6420,3
3620,1.8223,-20.0419,2
3621,1.8223,-19.4418,13
3622,1.8223,-18.8416,36
3623,1.8223,-18.2415,38
3624,1.8223,-17.6414,25
3625,1.8223,-17.0412,7
3626,1.8223,-16.4411,1
3627,1.8223,-15.8410,3
3628,1.8223,-14.0406,1
3629,1.8223,-12.2402,1
3630,1.8223,-11.0399,6
3631,1.8223,-10.4398,6
3632,1.8223,-9.8396,4
3633,1.8223,-9.2395,12
3634,1.8223,-8.6394,9
3635,1.8223,-8.0393,18
3636,1.8223,-7.4391,18
3637,1.8223,-6.8390,37
3638,1.8223,-6.2389,31
3639,1.8223,-5.6387,39
3640,1.8223,-5.0386,41
3641,1.8223,-4.4385,40
3642,1.8223,-3.8383,36
3643,1.8223,-3.2382,51
3644,1.8223,-2.6381,48
3645,1.8223,-2.0379,47
3646,1.8223,-1.4378,38
3647,1.8223,-0.8377,43
3648,1.8223,-0.2375,38
3649,1.8223,0.3626,37
3650,1.8223,0.9627,28
3651,1.8223,1.5629,36
3652,1.8223,2.1630,32
3653,1.8223,2.7631,33
3654,1.8223,3.3633,31
3655,1.8223,3.9634,40
3656,1.8223,4.5635,32
3657,1.8223,5.1637,42
3658,1.8223,5.7638,43
3659,1.8223,6.3639,41
3660,1.8223,6.9641,44
3661,1.8223,7.5642,46
3662,1.8223,8.1643,42
3663,1.8223,8.7645,50
3664,1.8223,9.3646,43
3665,1.8223,9.9647,44
3666,1.8223,10.5648,41
3667,1.8223,11.1650,39
3668,1.8223,11.7651,23
3669,1.8223,12.3652,27
3670,1.8223,12.9654,31
3671,1.8223,13.5655,31
3672,1.8223,14.1656,25
3673,1.8223,14.7658,15
3674,1.8223,15.3659,11
3675,1.8223,15.9660,18
3676,1.8223,16.5662,8
3677,1.8223,17.1663,15
3678,1.8223,17.7664,37
3679,1.8223,18.3666,18
3680,1.8223,18.9667,8
3681,1.8223,19.5668,6
3682,1.8223,20.7671,5
3683,1.8223,21.3672,3
3684,1.8223,30.9693,1
3685,1.8223,31.5695,17
3686,1.8223,32.1696,7
3687,1.8223,35.7704,19
3688,1.8223,36.3705,32
3689,1.8223,36.9707,12
3690,1.8223,37.5708,47
3691,1.8223,38.1709,46
3692,1.8223,38.7711,1
3693,2.4063,-26.6434,16
3694,2.4063,-26.0432,16
3695,2.4063,-25.4431,5
3696,2.4063,-24.8430,3
3697,2.4063,-21.2422,9
3698,2.4063,-20.0419,8
3699,2.4063,-19.4418,24
3700,2.4063,-18.8416,27
3701,2.4063,-18.2415,40
3702,2.4063,-17.6414,22
3703,2.4063,-17.0412,2
3704,2.4063,-15.8410,1
3705,2.4063,-15.2408,1
3706,2.4063,-11.6400,3
3707,2.4063,-11.0399,5
3708,2.4063,-10.4398,7
3709,2.4063,-9.8396,15
3710,2.4063,-9.2395,9
3711,2.4063,-8.6394,11
3712,2.4063,-8.0393,9
3713,2.4063,-7.4391,17
3714,2.4063,-6.8390,32
3715,2.4063,-6.2389,33
3716,2.4063,-5.6387,40
3717,2.4063,-5.0386,42
3718,2.4063,-4.4385,36
3719,2.4063,-3.8383,33
3720,2.4063,-3.2382,38
3721,2.4063,-2.6381,46
3722,2.4063,-2.0379,37
3723,2.4063,-1.4378,47
3724,2.4063,-0.8377,39
3725,2.4063,-0.2375,32
3726,2.4063,0.3626,31
3727,2.4063,0.9627,22
3728,2.4063,1.5629,30
3729,2.4063,2.1630,26
3730,2.4063,2.7631,26
3731,2.4063,3.3633,36
3732,2.4063,3.9634,34
3733,2.4063,4.5635,33
3734,2.4063,5.1637,34
3735,2.4063,5.7638,35
3736,2.4063,6.3639,40
3737,2.4063,6.9641,38
3738,2.4063,7.5642,38
3739,2.4063,8.1643,46
3740,2.4063,8.7645,46
3741,2.4063,9.3646,35
3742,2.4063,9.9647,43
3743,2.4063,10.5648,38
3744,2.4063,11.1650,37
3745,2.4063,11.7651,37
3746,2.4063,12.3652,26
3747,2.4063,12.9654,26
3748,2.4063,13.5655,28
3749,2.4063,14.1656,21
3750,2.4063,14.7658,10
3751,2.4063,15.3659,9
3752,2.4063,15.9660,9
3753,2.4063,16.5662,19
3754,2.4063,17.1663,29
3755,2.4063,17.7664,36
3756,2.4063,18.3666,26
3757,2.4063,18.9667,15
3758,2.4063,19.5668,3
3759,2.4063,20.1670,2
3760,2.4063,20.7671,4
3761,2.4063,21.3672,4
3762,2.4063,29.7691,1
3763,2.4063,30.9693,1
3764,2.4063,31.5695,7
3765,2.4063,32.1696,3
3766,2.4063,32.7697,3
3767,2.4063,33.3699,1
3768,2.4063,33.9700,1
3769,2.4063,35.1703,4
3770,2.4063,35.7704,23
3771,2.4063,36.3705,11
3772,2.4063,36.9707,4
3773,2.4063,37.5708,25
3774,2.4063,38.1709,20
3775,2.9903,-27.2435,11
3776,2.9903,-26.6434,34
3777,2.9903,-26.0432,23
3778,2.9903,-25.4431,9
3779,2.9903,-24.8430,3
3780,2.9903,-21.2422,2
3781,2.9903,-20.6420,9
3782,2.9903,-20.0419,19
3783,2.9903,-19.4418,24
3784,2.9903,-18.8416,37
3785,2.9903,-18.2415,30
3786,2.9903,-17.6414,24
3787,2.9903,-17.0412,16
3788,2.9903,-16.4411,4
3789,2.9903,-15.8410,1
3790,2.9903,-15.2408,1
3791,2.9903,-14.6407,1
3792,2.9903,-12.2402,1
3793,2.9903,-11.6400,2
3794,2.9903,-11.0399,11
3795,2.9903,-10.4398,15
3796,2.9903,-9.8396,15
3797,2.9903,-9.2395,6
3798,2.9903,-8.6394,6
3799,2.9903,-8.0393,10
3800,2.9903,-7.4391,17
3801,2.9903,-6.8390,29
3802,2.9903,-6.2389,25
3803,2.9903,-5.6387,34
3804,2.9903,-5.0386,36
3805,2.9903,-4.4385,40
3806,2.9903,-3.8383,47
3807,2.9903,-3.2382,41
3808,2.9903,-2.6381,39
3809,2.9903,-2.0379,34
3810,2.9903,-1.4378,50
3811,2.9903,-0.8377,36
3812,2.9903,-0.2375,28
3813,2.9903,0.3626,40
3814,2.9903,0.9627,29
3815,2.9903,1.5629,31
3816,2.9903,2.1630,22
3817,2.9903,2.7631,28
3818,2.9903,3.3633,19
3819,2.9903,3.9634,33
3820,2.9903,4.5635,29
3821,2.9903,5.1637,35
3822,2.9903,5.7638,25
3823,2.9903,6.3639,31
3824,2.9903,6.9641,46
3825,2.9903,7.5642,37
3826,2.9903,8.1643,33
3827,2.9903,8.7645,33
3828,2.9903,9.3646,32
3829,2.9903,9.9647,35
3830,2.9903,10.5648,38
3831,2.9903,11.1650,31
3832,2.9903,11.7651,30
3833,2.9903,12.3652,25
3834,2.9903,12.9654,22
3835,2.9903,13.5655,28
3836,2.9903,14.1656,13
3837,2.9903,14.7658,8
3838,2.9903,15.3659,9
3839,2.9903,15.9660,18
3840,2.9903,16.5662,20
3841,2.9903,17.1663,28
3842,2.9903,17.7664,46
3843,2.9903,18.3666,27
3844,2.9903,18.9667,14
3845,2.9903,19.5668,1
3846,2.9903,20.1670,2
3847,2.9903,20.7671,8
3848,2.9903,21.3672,21
3849,2.9903,21.9674,1
3850,2.9903,29.7691,1
3851,2.9903,30.3692,1
3852,2.9903,31.5695,3
3853,2.9903,32.1696,13
3854,2.9903,32.7697,2
3855,2.9903,35.1703,11
3856,2.9903,35.7704,3
3857,2.9903,36.3705,4
3858,2.9903,36.9707,25
3859,2.9903,37.5708,27
3860,3.5744,-27.2435,10
3861,3.5744,-26.6434,40
3862,3.5744,-26.0432,36
3863,3.5744,-25.4431,14
3864,3.5744,-24.8430,3
3865,3.5744,-21.2422,5
3866,3.5744,-20.6420,5
3867,3.5744,-20.0419,15
3868,3.5744,-19.4418,54
3869,3.5744,-18.8416,35
3870,3.5744,-18.2415,40
3871,3.5744,-17.6414,31
3872,3.5744,-17.0412,13
3873,3.5744,-16.4411,9
3874,3.5744,-15.8410,1
3875,3.5744,-15.2408,3
3876,3.5744,-14.6407,3
3877,3.5744,-14.0406,2
3878,3.5744,-13.4404,3
3879,3.5744,-12.8403,1
3880,3.5744,-12.2402,2
3881,3.5744,-11.6400,7
3882,3.5744,-11.0399,14
3883,3.5744,-10.4398,15
3884,3.5744,-9.8396,12
3885,3.5744,-9.2395,13
3886,3.5744,-8.6394,12
3887,3.5744,-8.0393,12
3888,3.5744,-7.4391,14
3889,3.5744,-6.8390,28
3890,3.5744,-6.2389,32
3891,3.5744,-5.6387,37
3892,3.5744,-5.0386,35
3893,3.5744,-4.4385,43
3894,3.5744,-3.8383,49
3895,3.5744,-3.2382,37
3896,3.5744,-2.6381,44
3897,3.5744,-2.0379,45
3898,3.5744,-1.4378,30
3899,3.5744,-0.8377,33
3900,3.5744,-0.2375,40
3901,3.5744,0.3626,27
3902,3.5744,0.9627,29
3903,3.5744,1.5629,30
3904,3.5744,2.1630,25
3905,3.5744,2.7631,23
3906,3.5744,3.3633,25
3907,3.5744,3.9634,21
3908,3.5744,4.5635,31
3909,3.5744,5.1637,31
3910,3.5744,5.7638,30
3911,3.5744,6.3639,33
3912,3.5744,6.9641,35
3913,3.5744,7.5642,25
3914,3.5744,8.1643,36
3915,3.5744,8.7645,35
3916,3.5744,9.3646,24
3917,3.5744,9.9647,42
3918,3.5744,10.5648,26
3919,3.5744,11.1650,31
3920,3.5744,11.7651,24
3921,3.5744,12.3652,25
3922,3.5744,12.9654,25
3923,3.5744,13.5655,25
3924,3.5744,14.1656,12
3925,3.5744,14.7658,6
3926,3.5744,15.3659,26
3927,3.5744,15.9660,17
3928,3.5744,16.5662,22
3929,3.5744,17.1663,31
3930,3.5744,17.7664,41
3931,3.5744,18.3666,26
3932,3.5744,18.9667,15
3933,3.5744,19.5668,9
3934,3.5744,20.1670,5
3935,3.5744,20.7671,25
3936,3.5744,21.3672,20
3937,3.5744,21.9674,4
3938,3.5744,28.5688,2
3939,3.5744,29.1689,2
3940,3.5744,32.1696,7
3941,3.5744,32.7697,1
3942,3.5744,33.3699,2
3943,3.5744,33.9700,1
3944,3.5744,34.5701,23
3945,3.5744,35.1703,2
3946,3.5744,36.3705,6
3947,3.5744,36.9707,41
3948,3.5744,37.5708,9
3949,4.1584,-26.6434,26
3950,4.1584,-26.0432,31
3951,4.1584,-25.4431,25
3952,4.1584,-24.8430,9
3953,4.1584,-24.2428,1
3954,4.1584,-21.2422,2
3955,4.1584,-20.6420,8
3956,4.1584,-20.0419,22
3957,4.1584,-19.4418,73
3958,4.1584,-18.8416,50
3959,4.1584,-18.2415,32
3960,4.1584,-17.6414,44
3961,4.1584,-17.0412,29
3962,4.1584,-16.4411,8
3963,4.1584,-15.8410,3
3964,4.1584,-15.2408,4
3965,4.1584,-13.4404,1
3966,4.1584,-12.2402,7
3967,4.1584,-11.6400,27
3968,4.1584,-11.0399,23
3969,4.1584,-10.4398,32
3970,4.1584,-9.8396,20
3971,4.1584,-9.2395,17
3972,4.1584,-8.6394,7
3973,4.1584,-8.0393,10
3974,4.1584,-7.4391,14
3975,4.1584,-6.8390,25
3976,4.1584,-6.2389,23
3977,4.1584,-5.6387,50
3978,4.1584,-5.0386,42
3979,4.1584,-4.4385,42
3980,4.1584,-3.8383,42
3981,4.1584,-3.2382,33
3982,4.1584,-2.6381,47
3983,4.1584,-2.0379,41
3984,4.1584,-1.4378,37
3985,4.1584,-0.8377,35
3986,4.1584,-0.2375,33
3987,4.1584,0.3626,28
3988,4.1584,0.9627,30
3989,4.1584,1.5629,21
3990,4.1584,2.1630,17
3991,4.1584,2.7631,18
3992,4.1584,3.3633,23
3993,4.1584,3.9634,21
3994,4.1584,4.5635,24
3995,4.1584,5.1637,29
3996,4.1584,5.7638,39
3997,4.1584,6.3639,31
3998,4.1584,6.9641,37
3999,4.1584,7.5642,39
4000,4.1584,8.1643,25
4001,4.1584,8.7645,32
4002,4.1584,9.3646,33
4003,4.1584,9.9647,38
4004,4.1584,10.5648,25
4005,4.1584,11.1650,18
4006,4.1584,11.7651,14
4007,4.1584,12.3652,24
4008,4.1584,12.9654,29
4009,4.1584,13.5655,11
4010,4.1584,14.1656,8
4011,4.1584,14.7658,9
4012,4.1584,15.3659,20
4013,4.1584,15.9660,23
4014,4.1584,16.5662,29
4015,4.1584,17.1663,37
4016,4.1584,17.7664,44
4017,4.1584,18.3666,31
4018,4.1584,18.9667,17
4019,4.1584,19.5668,11
4020,4.1584,20.1670,13
4021,4.1584,20.7671,13
4022,4.1584,21.3672,13
4023,4.1584,21.9674,3
4024,4.1584,26.1683,1
4025,4.1584,29.1689,1
4026,4.1584,29.7691,1
4027,4.1584,30.9693,1
4028,4.1584,31.5695,3
4029,4.1584,32.1696,1
4030,4.1584,32.7697,5
4031,4.1584,33.3699,9
4032,4.1584,33.9700,23
4033,4.1584,34.5701,14
4034,4.1584,35.7704,2
4035,4.1584,36.3705,18
4036,4.1584,36.9707,6
4037,4.7424,-26.0432,2
4038,4.7424,-21.2422,4
4039,4.7424,-20.6420,3
4040,4.7424,-20.0419,8
4041,4.7424,-19.4418,28
4042,4.7424,-18.8416,39
4043,4.7424,-18.2415,50
4044,4.7424,-17.6414,38
4045,4.7424,-17.0412,23
4046,4.7424,-16.4411,13
4047,4.7424,-15.8410,9
4048,4.7424,-15.2408,1
4049,4.7424,-14.6407,1
4050,4.7424,-13.4404,1
4051,4.7424,-12.8403,2
4052,4.7424,-12.2402,13
4053,4.7424,-11.6400,40
4054,4.7424,-11.0399,41
4055,4.7424,-10.4398,28
4056,4.7424,-9.8396,13
4057,4.7424,-9.2395,10
4058,4.7424,-8.6394,9
4059,4.7424,-8.0393,12
4060,4.7424,-7.4391,16
4061,4.7424,-6.8390,22
4062,4.7424,-6.2389,29
4063,4.7424,-5.6387,39
4064,4.7424,-5.0386,41
4065,4.7424,-4.4385,39
4066,4.7424,-3.8383,40
4067,4.7424,-3.2382,41
4068,4.7424,-2.6381,47
4069,4.7424,-2.0379,31
4070,4.7424,-1.4378,38
4071,4.7424,-0.8377,30
4072,4.7424,-0.2375,26
4073,4.7424,0.3626,32
4074,4.7424,0.9627,20
4075,4.7424,1.5629,17
4076,4.7424,2.1630,30
4077,4.7424,2.7631,20
4078,4.7424,3.3633,24
4079,4.7424,3.9634,25
4080,4.7424,4.5635,32
4081,4.7424,5.1637,33
4082,4.7424,5.7638,34
4083,4.7424,6.3639,41
4084,4.7424,6.9641,31
4085,4.7424,7.5642,47
4086,4.7424,8.1643,31
4087,4.7424,8.7645,26
4088,4.7424,9.3646,32
4089,4.7424,9.9647,31
4090,4.7424,10.5648,29
4091,4.7424,11.1650,22
4092,4.7424,11.7651,13
4093,4.7424,12.3652,17
4094,4.7424,12.9654,8
4095,4.7424,13.5655,10
4096,4.7424,14.1656,10
4097,4.7424,14.7658,24
4098,4.7424,15.3659,22
4099,4.7424,15.9660,26
4100,4.7424,16.5662,36
4101,4.7424,17.1663,37
4102,4.7424,17.7664,51
4103,4.7424,18.3666,46
4104,4.7424,18.9667,15
4105,4.7424,19.5668,7
4106,4.7424,20.1670,3
4107,4.7424,20.7671,8
4108,4.7424,21.3672,25
4109,4.7424,21.9674,15
4110,4.7424,29.1689,5
4111,4.7424,30.3692,1
4112,4.7424,30.9693,4
4113,4.7424,31.5695,4
4114,4.7424,32.1696,15
4115,4.7424,32.7697,27
4116,4.7424,33.3699,18
4117,4.7424,33.9700,13
4118,4.7424,34.5701,10
4119,4.7424,35.1703,8
4120,4.7424,35.7704,11
4121,4.7424,36.3705,10
4122,5.3264,-21.2422,1
4123,5.3264,-20.6420,3
4124,5.3264,-20.0419,5
4125,5.3264,-19.4418,8
4126,5.3264,-18.8416,30
4127,5.3264,-18.2415,33
4128,5.3264,-17.6414,13
4129,5.3264,-17.0412,7
4130,5.3264,-16.4411,7
4131,5.3264,-15.8410,3
4132,5.3264,-15.2408,3
4133,5.3264,-14.6407,3
4134,5.3264,-13.4404,1
4135,5.3264,-11.0399,12
4136,5.3264,-10.4398,21
4137,5.3264,-9.8396,17
4138,5.3264,-9.2395,17
4139,5.3264,-8.6394,17
4140,5.3264,-8.0393,12
4141,5.3264,-7.4391,14
4142,5.3264,-6.8390,28
4143,5.3264,-6.2389,29
4144,5.3264,-5.6387,39
4145,5.3264,-5.0386,48
4146,5.3264,-4.4385,49
4147,5.3264,-3.8383,49
4148,5.3264,-3.2382,46
4149,5.3264,-2.6381,39
4150,5.3264,-2.0379,41
4151,5.3264,-1.4378,39
4152,5.3264,-0.8377,36
4153,5.3264,-0.2375,23
4154,5.3264,0.3626,21
4155,5.3264,0.9627,23
4156,5.3264,1.5629,19
4157,5.3264,2.1630,18
4158,5.3264,2.7631,22
4159,5.3264,3.3633,29
4160,5.3264,3.9634,27
4161,5.3264,4.5635,37
4162,5.3264,5.1637,27
4163,5.3264,5.7638,24
4164,5.3264,6.3639,36
4165,5.3264,6.9641,29
4166,5.3264,7.5642,28
4167,5.3264,8.1643,27
4168,5.3264,8.7645,32
4169,5.3264,9.3646,35
4170,5.3264,9.9647,27
4171,5.3264,10.5648,23
4172,5.3264,11.1650,11
4173,5.3264,11.7651,14
4174,5.3264,12.3652,10
4175,5.3264,12.9654,7
4176,5.3264,13.5655,15
4177,5.3264,14.1656,20
4178,5.3264,14.7658,19
4179,5.3264,15.3659,19
4180,5.3264,15.9660,24
4181,5.3264,16.5662,31
4182,5.3264,17.1663,55
4183,5.3264,17.7664,52
4184,5.3264,18.3666,38
4185,5.3264,18.9667,18
4186,5.3264,19.5668,6
4187,5.3264,20.1670,5
4188,5.3264,20.7671,1
4189,5.3264,21.3672,14
4190,5.3264,21.9674,25
4191,5.3264,22.5675,18
4192,5.3264,23.1676,3
4193,5.3264,27.9687,1
4194,5.3264,28.5688,1
4195,5.3264,29.1689,4
4196,5.3264,30.3692,2
4197,5.3264,30.9693,3
4198,5.3264,31.5695,9
4199,5.3264,32.1696,14
4200,5.3264,32.7697,30
4201,5.3264,33.3699,14
4202,5.3264,33.9700,13
4203,5.3264,34.5701,37
4204,5.3264,35.1703,58
4205,5.3264,35.7704,23
4206,5.9104,-21.2422,6
4207,5.9104,-20.6420,10
4208,5.9104,-20.0419,10
4209,5.9104,-19.4418,8
4210,5.9104,-18.8416,7
4211,5.9104,-18.2415,20
4212,5.9104,-17.6414,24
4213,5.9104,-17.0412,7
4214,5.9104,-16.4411,4
4215,5.9104,-15.8410,3
4216,5.9104,-15.2408,1
4217,5.9104,-14.6407,1
4218,5.9104,-14.0406,1
4219,5.9104,-13.4404,2
4220,5.9104,-12.2402,1
4221,5.9104,-11.6400,2
4222,5.9104,-11.0399,1
4223,5.9104,-10.4398,8
4224,5.9104,-9.8396,11
4225,5.9104,-9.2395,9
4226,5.9104,-8.6394,8
4227,5.9104,-8.0393,18
4228,5.9104,-7.4391,15
4229,5.9104,-6.8390,29
4230,5.9104,-6.2389,35
4231,5.9104,-5.6387,44
4232,5.9104,-5.0386,44
4233,5.9104,-4.4385,46
4234,5.9104,-3.8383,47
4235,5.9104,-3.2382,46
4236,5.9104,-2.6381,48
4237,5.9104,-2.0379,36
4238,5.9104,-1.4378,33
4239,5.9104,-0.8377,28
4240,5.9104,-0.2375,22
4241,5.9104,0.3626,26
4242,5.9104,0.9627,25
4243,5.9104,1.5629,16
4244,5.9104,2.1630,8
4245,5.9104,2.7631,18
4246,5.9104,3.3633,22
4247,5.9104,3.9634,33
4248,5.9104,4.5635,28
4249,5.9104,5.1637,26
4250,5.9104,5.7638,19
4251,5.9104,6.3639,22
4252,5.9104,6.9641,20
4253,5.9104,7.5642,10
4254,5.9104,8.1643,22
4255,5.9104,8.7645,18
4256,5.9104,9.3646,17
4257,5.9104,9.9647,7
4258,5.9104,10.5648,13
4259,5.9104,11.1650,10
4260,5.9104,11.7651,6
4261,5.9104,12.3652,5
4262,5.9104,12.9654,8
4263,5.9104,13.5655,11
4264,5.9104,14.1656,21
4265,5.9104,14.7658,27
4266,5.9104,15.3659,29
4267,5.9104,15.9660,36
4268,5.9104,16.5662,47
4269,5.9104,17.1663,50
4270,5.9104,17.7664,50
4271,5.9104,18.3666,42
4272,5.9104,18.9667,34
4273,5.9104,19.5668,2
4274,5.9104,20.1670,1
4275,5.9104,20.7671,5
4276,5.9104,21.3672,15
4277,5.9104,21.9674,30
4278,5.9104,22.5675,30
4279,5.9104,23.1676,31
4280,5.9104,29.1689,2
4281,5.9104,29.7691,1
4282,5.9104,30.3692,4
4283,5.9104,30.9693,10
4284,5.9104,31.5695,25
4285,5.9104,32.1696,34
4286,5.9104,32.7697,33
4287,5.9104,33.3699,23
4288,5.9104,33.9700,37
4289,5.9104,34.5701,60
4290,5.9104,35.1703,43
4291,5.9104,35.7704,3
4292,6.4945,-23.0426,10
4293,6.4945,-22.4424,2
4294,6.4945,-21.8423,4
4295,6.4945,-21.2422,15
4296,6.4945,-20.6420,24
4297,6.4945,-20.0419,20
4298,6.4945,-19.4418,10
4299,6.4945,-18.8416,19
4300,6.4945,-18.2415,20
4301,6.4945,-17.6414,17
4302,6.4945,-17.0412,5
4303,6.4945,-16.4411,4
4304,6.4945,-15.8410,2
4305,6.4945,-15.2408,1
4306,6.4945,-14.6407,4
4307,6.4945,-14.0406,1
4308,6.4945,-13.4404,2
4309,6.4945,-12.8403,1
4310,6.4945,-11.0399,1
4311,6.4945,-10.4398,1
4312,6.4945,-9.8396,2
4313,6.4945,-9.2395,10
4314,6.4945,-8.6394,10
4315,6.4945,-8.0393,15
4316,6.4945,-7.4391,16
4317,6.4945,-6.8390,28
4318,6.4945,-6.2389,34
4319,6.4945,-5.6387,45
4320,6.4945,-5.0386,50
4321,6.4945,-4.4385,49
4322,6.4945,-3.8383,51
4323,6.4945,-3.2382,47
4324,6.4945,-2.6381,39
4325,6.4945,-2.0379,46
4326,6.4945,-1.4378,32
4327,6.4945,-0.8377,33
4328,6.4945,-0.2375,21
4329,6.4945,0.3626,13
4330,6.4945,0.9627,10
4331,6.4945,1.5629,10
4332,6.4945,2.1630,11
4333,6.4945,2.7631,10
4334,6.4945,3.3633,18
4335,6.4945,3.9634,22
4336,6.4945,4.5635,10
4337,6.4945,5.1637,15
4338,6.4945,5.7638,23
4339,6.4945,6.3639,13
4340,6.4945,6.9641,7
4341,6.4945,7.5642,13
4342,6.4945,8.1643,6
4343,6.4945,8.7645,4
4344,6.4945,9.3646,6
4345,6.4945,9.9647,3
4346,6.4945,10.5648,6
4347,6.4945,11.1650,6
4348,6.4945,11.7651,9
4349,6.4945,12.3652,12
4350,6.4945,12.9654,13
4351,6.4945,13.5655,13
4352,6.4945,14.1656,14
4353,6.4945,14.7658,18
4354,6.4945,15.3659,30
4355,6.4945,15.9660,41
4356,6.4945,16.5662,40
4357,6.4945,17.1663,52
4358,6.4945,17.7664,54
4359,6.4945,18.3666,53
4360,6.4945,18.9667,29
4361,6.4945,19.5668,4
4362,6.4945,20.1670,1
4363,6.4945,21.3672,14
4364,6.4945,21.9674,32
4365,6.4945,22.5675,51
4366,6.4945,23.1676,49
4367,6.4945,23.7678,9
4368,6.4945,30.3692,2
4369,6.4945,30.9693,6
4370,6.4945,31.5695,51
4371,6.4945,32.1696,72
4372,6.4945,32.7697,61
4373,6.4945,33.3699,40
4374,6.4945,33.9700,24
4375,6.4945,34.5701,11
4376,7.0785,-23.0426,1
4377,7.0785,-22.4424,18
4378,7.0785,-21.8423,36
4379,7.0785,-21.2422,18
4380,7.0785,-20.6420,16
4381,7.0785,-20.0419,17
4382,7.0785,-19.4418,29
4383,7.0785,-18.8416,15
4384,7.0785,-18.2415,32
4385,7.0785,-17.6414,24
4386,7.0785,-17.0412,14
4387,7.0785,-16.4411,9
4388,7.0785,-15.8410,6
4389,7.0785,-15.2408,3
4390,7.0785,-14.6407,2
4391,7.0785,-14.0406,7
4392,7.0785,-13.4404,3
4393,7.0785,-12.8403,2
4394,7.0785,-11.6400,1
4395,7.0785,-9.8396,3
4396,7.0785,-9.2395,3
4397,7.0785,-8.6394,7
4398,7.0785,-8.0393,19
4399,7.0785,-7.4391,15
4400,7.0785,-6.8390,27
4401,7.0785,-6.2389,27
4402,7.0785,-5.6387,55
4403,7.0785,-5.0386,57
4404,7.0785,-4.4385,40
4405,7.0785,-3.8383,48
4406,7.0785,-3.2382,48
4407,7.0785,-2.6381,50
4408,7.0785,-2.0379,27
4409,7.0785,-1.4378,30
4410,7.0785,-0.8377,23
4411,7.0785,-0.2375,27
4412,7.0785,0.3626,24
4413,7.0785,0.9627,12
4414,7.0785,1.5629,12
4415,7.0785,2.1630,3
4416,7.0785,2.7631,5
4417,7.0785,3.3633,7
4418,7.0785,3.9634,10
4419,7.0785,4.5635,10
4420,7.0785,5.1637,7
4421,7.0785,5.7638,12
4422,7.0785,6.3639,5
4423,7.0785,6.9641,8
4424,7.0785,7.5642,7
4425,7.0785,8.1643,3
4426,7.0785,8.7645,4
4427,7.0785,9.3646,5
4428,7.0785,9.9647,5
4429,7.0785,10.5648,4
4430,7.0785,11.1650,6
4431,7.0785,11.7651,10
4432,7.0785,12.3652,14
4433,7.0785,12.9654,14
4434,7.0785,13.5655,20
4435,7.0785,14.1656,14
4436,7.0785,14.7658,29
4437,7.0785,15.3659,31
4438,7.0785,15.9660,45
4439,7.0785,16.5662,52
4440,7.0785,17.1663,64
4441,7.0785,17.7664,70
4442,7.0785,18.3666,55
4443,7.0785,18.9667,35
4444,7.0785,19.5668,8
4445,7.0785,20.7671,1
4446,7.0785,21.3672,5
4447,7.0785,21.9674,42
4448,7.0785,22.5675,43
4449,7.0785,23.1676,55
4450,7.0785,23.7678,8
4451,7.0785,30.9693,1
4452,7.0785,31.5695,6
4453,7.0785,32.1696,57
4454,7.0785,32.7697,46
4455,7.0785,33.3699,12
4456,7.6625,-22.4424,2
4457,7.6625,-21.8423,22
4458,7.6625,-21.2422,7
4459,7.6625,-20.6420,1
4460,7.6625,-20.0419,1
4461,7.6625,-19.4418,6
4462,7.6625,-18.8416,7
4463,7.6625,-18.2415,23
4464,7.6625,-17.6414,11
4465,7.6625,-17.0412,15
4466,7.6625,-16.4411,14
4467,7.6625,-15.8410,8
4468,7.6625,-15.2408,7
4469,7.6625,-14.6407,13
4470,7.6625,-14.0406,8
4471,7.6625,-13.4404,9
4472,7.6625,-12.8403,3
4473,7.6625,-11.0399,2
4474,7.6625,-10.4398,2
4475,7.6625,-9.8396,3
4476,7.6625,-9.2395,2
4477,7.6625,-8.6394,3
4478,7.6625,-8.0393,11
4479,7.6625,-7.4391,12
4480,7.6625,-6.8390,23
4481,7.6625,-6.2389,30
4482,7.6625,-5.6387,39
4483,7.6625,-5.0386,45
4484,7.6625,-4.4385,55
4485,7.6625,-3.8383,43
4486,7.6625,-3.2382,50
4487,7.6625,-2.6381,44
4488,7.6625,-2.0379,38
4489,7.6625,-1.4378,27
4490,7.6625,-0.8377,21
4491,7.6625,-0.2375,23
4492,7.6625,0.3626,12
4493,7.6625,0.9627,9
4494,7.6625,1.5629,9
4495,7.6625,2.1630,3
4496,7.6625,2.7631,8
4497,7.6625,3.3633,3
4498,7.6625,3.9634,2
4499,7.6625,4.5635,2
4500,7.6625,5.1637,6
4501,7.6625,5.7638,7
4502,7.6625,6.3639,4
4503,7.6625,6.9641,5
4504,7.6625,7.5642,3
4505,7.6625,8.1643,2
4506,7.6625,8.7645,3
4507,7.6625,9.3646,2
4508,7.6625,9.9647,3
4509,7.6625,10.5648,9
4510,7.6625,11.1650,11
4511,7.6625,11.7651,11
4512,7.6625,12.3652,16
4513,7.6625,12.9654,20
4514,7.6625,13.5655,17
4515,7.6625,14.1656,24
4516,7.6625,14.7658,23
4517,7.6625,15.3659,23
4518,7.6625,15.9660,39
4519,7.6625,16.5662,47
4520,7.6625,17.1663,69
4521,7.6625,17.7664,61
4522,7.6625,18.3666,48
4523,7.6625,18.9667,14
4524,7.6625,19.5668,1
4525,7.6625,20.1670,2
4526,7.6625,20.7671,7
4527,7.6625,21.3672,8
4528,7.6625,21.9674,30
4529,7.6625,22.5675,50
4530,7.6625,23.1676,54
4531,7.6625,23.7678,3
4532,7.6625,32.7697,1
4533,7.6625,33.3699,1
4534,8.2465,-21.2422,1
4535,8.2465,-20.6420,7
4536,8.2465,-20.0419,1
4537,8.2465,-19.4418,3
4538,8.2465,-18.8416,12
4539,8.2465,-18.2415,12
4540,8.2465,-17.6414,12
4541,8.2465,-17.0412,20
4542,8.2465,-16.4411,10
4543,8.2465,-15.8410,17
4544,8.2465,-15.2408,13
4545,8.2465,-14.6407,6
4546,8.2465,-14.0406,9
4547,8.2465,-13.4404,5
4548,8.2465,-12.8403,2
4549,8.2465,-12.2402,2
4550,8.2465,-11.6400,1
4551,8.2465,-11.0399,2
4552,8.2465,-9.8396,5
4553,8.2465,-8.6394,1
4554,8.2465,-8.0393,4
4555,8.2465,-7.4391,18
4556,8.2465,-6.8390,30
4557,8.2465,-6.2389,40
4558,8.2465,-5.6387,51
4559,8.2465,-5.0386,51
4560,8.2465,-4.4385,44
4561,8.2465,-3.8383,52
4562,8.2465,-3.2382,40
4563,8.2465,-2.6381,31
4564,8.2465,-2.0379,30
4565,8.2465,-1.4378,25
4566,8.2465,-0.8377,21
4567,8.2465,-0.2375,16
4568,8.2465,0.3626,17
4569,8.2465,0.9627,10
4570,8.2465,1.5629,7
4571,8.2465,2.1630,1
4572,8.2465,2.7631,6
4573,8.2465,3.3633,6
4574,8.2465,3.9634,2
4575,8.2465,4.5635,2
4576,8.2465,5.1637,1
4577,8.2465,5.7638,2
4578,8.2465,6.3639,3
4579,8.2465,6.9641,2
4580,8.2465,7.5642,2
4581,8.2465,8.1643,3
4582,8.2465,8.7645,8
4583,8.2465,9.3646,4
4584,8.2465,9.9647,17
4585,8.2465,10.5648,8
4586,8.2465,11.1650,10
4587,8.2465,11.7651,11
4588,8.2465,12.3652,15
4589,8.2465,12.9654,19
4590,8.2465,13.5655,12
4591,8.2465,14.1656,8
4592,8.2465,14.7658,13
4593,8.2465,15.3659,17
4594,8.2465,15.9660,24
4595,8.2465,16.5662,32
4596,8.2465,17.1663,42
4597,8.2465,17.7664,47
4598,8.2465,18.3666,20
4599,8.2465,18.9667,1
4600,8.2465,20.7671,2
4601,8.2465,21.3672,7
4602,8.2465,21.9674,34
4603,8.2465,22.5675,24
4604,8.2465,23.1676,6
4605,8.2465,30.9693,2
4606,8.2465,31.5695,1
4607,8.2465,32.1696,1
4608,8.8305,-20.0419,1
4609,8.8305,-19.4418,2
4610,8.8305,-18.8416,15
4611,8.8305,-18.2415,31
4612,8.8305,-17.6414,15
4613,8.8305,-17.0412,23
4614,8.8305,-16.4411,23
4615,8.8305,-15.8410,15
4616,8.8305,-15.2408,18
4617,8.8305,-14.6407,5
4618,8.8305,-14.0406,3
4619,8.8305,-13.4404,2
4620,8.8305,-12.8403,4
4621,8.8305,-12.2402,1
4622,8.8305,-11.6400,1
4623,8.8305,-11.0399,3
4624,8.8305,-10.4398,1
4625,8.8305,-9.8396,2
4626,8.8305,-9.2395,3
4627,8.8305,-8.6394,6
4628,8.8305,-8.0393,8
4629,8.8305,-7.4391,9
4630,8.8305,-6.8390,22
4631,8.8305,-6.2389,33
4632,8.8305,-5.6387,42
4633,8.8305,-5.0386,43
4634,8.8305,-4.4385,50
4635,8.8305,-3.8383,40
4636,8.8305,-3.2382,37
4637,8.8305,-2.6381,31
4638,8.8305,-2.0379,36
4639,8.8305,-1.4378,27
4640,8.8305,-0.8377,13
4641,8.8305,-0.2375,16
4642,8.8305,0.3626,7
4643,8.8305,0.9627,2
4644,8.8305,1.5629,4
4645,8.8305,2.1630,5
4646,8.8305,2.7631,4
4647,8.8305,3.3633,8
4648,8.8305,4.5635,2
4649,8.8305,5.1637,4
4650,8.8305,5.7638,5
4651,8.8305,6.3639,5
4652,8.8305,6.9641,1
4653,8.8305,8.1643,2
4654,8.8305,8.7645,2
4655,8.8305,9.3646,5
4656,8.8305,9.9647,7
4657,8.8305,10.5648,13
4658,8.8305,11.1650,9
4659,8.8305,11.7651,3
4660,8.8305,12.3652,1
4661,8.8305,13.5655,5
4662,8.8305,14.1656,5
4663,8.8305,14.7658,3
4664,8.8305,15.3659,12
4665,8.8305,15.9660,21
4666,8.8305,16.5662,18
4667,8.8305,17.1663,19
4668,8.8305,17.7664,23
4669,8.8305,18.3666,8
4670,8.8305,20.1670,1
4671,8.8305,20.7671,1
4672,8.8305,21.3672,7
4673,8.8305,21.9674,3
4674,8.8305,22.5675,1
4675,8.8305,30.9693,6
4676,8.8305,31.5695,6
4677,9.4146,-20.6420,3
4678,9.4146,-20.0419,1
4679,9.4146,-19.4418,1
4680,9.4146,-18.8416,12
4681,9.4146,-18.2415,28
4682,9.4146,-17.6414,19
4683,9.4146,-17.0412,14
4684,9.4146,-16.4411,18
4685,9.4146,-15.8410,7
4686,9.4146,-15.2408,7
4687,9.4146,-14.6407,3
4688,9.4146,-14.0406,2
4689,9.4146,-13.4404,3
4690,9.4146,-12.8403,3
4691,9.4146,-12.2402,9
4692,9.4146,-11.6400,6
4693,9.4146,-10.4398,1
4694,9.4146,-9.2395,3
4695,9.4146,-8.6394,6
4696,9.4146,-8.0393,4
4697,9.4146,-7.4391,5
4698,9.4146,-6.8390,27
4699,9.4146,-6.2389,39
4700,9.4146,-5.6387,53
4701,9.4146,-5.0386,46
4702,9.4146,-4.4385,59
4703,9.4146,-3.8383,44
4704,9.4146,-3.2382,29
4705,9.4146,-2.6381,38
4706,9.4146,-2.0379,31
4707,9.4146,-1.4378,24
4708,9.4146,-0.8377,20
4709,9.4146,-0.2375,10
4710,9.4146,0.3626,5
4711,9.4146,0.9627,5
4712,9.4146,1.5629,2
4713,9.4146,2.1630,3
4714,9.4146,2.7631,3
4715,9.4146,3.3633,1
4716,9.4146,3.9634,1
4717,9.4146,4.5635,1
4718,9.4146,5.1637,1
4719,9.4146,5.7638,1
4720,9.4146,6.9641,1
4721,9.4146,8.1643,1
4722,9.4146,8.7645,2
4723,9.4146,9.3646,3
4724,9.4146,9.9647,4
4725,9.4146,10.5648,2
4726,9.4146,11.1650,3
4727,9.4146,12.3652,3
4728,9.4146,13.5655,2
4729,9.4146,14.1656,4
4730,9.4146,14.7658,10
4731,9.4146,15.3659,11
4732,9.4146,15.9660,4
4733,9.4146,20.1670,1
4734,9.4146,28.5688,1
4735,9.4146,29.1689,1
4736,9.4146,30.9693,11
4737,9.4146,31.5695,12
4738,9.4146,32.7697,7
4739,9.9986,-20.6420,1
4740,9.9986,-19.4418,7
4741,9.9986,-18.8416,15
4742,9.9986,-18.2415,21
4743,9.9986,-17.6414,21
4744,9.9986,-17.0412,19
4745,9.9986,-16.4411,7
4746,9.9986,-15.8410,1
4747,9.9986,-15.2408,3
4748,9.9986,-14.0406,1
4749,9.9986,-13.4404,1
4750,9.9986,-12.8403,2
4751,9.9986,-12.2402,10
4752,9.9986,-11.6400,5
4753,9.9986,-11.0399,1
4754,9.9986,-10.4398,1
4755,9.9986,-9.8396,2
4756,9.9986,-8.6394,3
4757,9.9986,-8.0393,5
4758,9.9986,-7.4391,6
4759,9.9986,-6.8390,27
4760,9.9986,-6.2389,46
4761,9.9986,-5.6387,49
4762,9.9986,-5.0386,50
4763,9.9986,-4.4385,45
4764,9.9986,-3.8383,42
4765,9.9986,-3.2382,39
4766,9.9986,-2.6381,36
4767,9.9986,-2.0379,25
4768,9.9986,-1.4378,17
4769,9.9986,-0.8377,15
4770,9.9986,-0.2375,9
4771,9.9986,0.3626,9
4772,9.9986,0.9627,4
4773,9.9986,1.5629,3
4774,9.9986,2.1630,1
4775,9.9986,3.3633,1
4776,9.9986,4.5635,1
4777,9.9986,8.1643,1
4778,9.9986,8.7645,1
4779,9.9986,9.3646,1
4780,9.9986,9.9647,6
4781,9.9986,10.5648,6
4782,9.9986,11.1650,4
4783,9.9986,11.7651,1
4784,9.9986,12.9654,1
4785,9.9986,13.5655,1
4786,9.9986,14.1656,2
4787,9.9986,14.7658,1
4788,9.9986,17.1663,1
4789,9.9986,30.9693,4
4790,9.9986,31.5695,22
4791,9.9986,32.1696,9
4792,9.9986,32.7697,6
4793,10.5826,-20.0419,1
4794,10.5826,-19.4418,2
4795,10.5826,-18.8416,14
4796,10.5826,-18.2415,11
4797,10.5826,-17.6414,15
4798,10.5826,-17.0412,10
4799,10.5826,-16.4411,4
4800,10.5826,-15.8410,1
4801,10.5826,-15.2408,1
4802,10.5826,-14.0406,2
4803,10.5826,-13.4404,1
4804,10.5826,-12.8403,7
4805,10.5826,-12.2402,5
4806,10.5826,-11.6400,18
4807,10.5826,-11.0399,5
4808,10.5826,-10.4398,1
4809,10.5826,-9.8396,1
4810,10.5826,-8.6394,4
4811,10.5826,-8.0393,4
4812,10.5826,-7.4391,7
4813,10.5826,-6.8390,19
4814,10.5826,-6.2389,40
4815,10.5826,-5.6387,51
4816,10.5826,-5.0386,58
4817,10.5826,-4.4385,46
4818,10.5826,-3.8383,49
4819,10.5826,-3.2382,37
4820,10.5826,-2.6381,27
4821,10.5826,-2.0379,24
4822,10.5826,-1.4378,12
4823,10.5826,-0.8377,12
4824,10.5826,-0.2375,6
4825,10.5826,0.3626,2
4826,10.5826,0.9627,4
4827,10.5826,1.5629,4
4828,10.5826,8.7645,1
4829,10.5826,9.3646,1
4830,10.5826,9.9647,2
4831,10.5826,10.5648,10
4832,10.5826,11.1650,9
4833,10.5826,11.7651,2
4834,10.5826,12.9654,3
4835,10.5826,13.5655,1
4836,10.5826,14.7658,1
4837,10.5826,15.3659,3
4838,10.5826,30.9693,2
4839,10.5826,31.5695,40
4840,10.5826,32.1696,7
4841,11.1666,-21.2422,2
4842,11.1666,-20.0419,3
4843,11.1666,-19.4418,14
4844,11.1666,-18.8416,17
4845,11.1666,-18.2415,15
4846,11.1666,-17.6414,11
4847,11.1666,-17.0412,9
4848,11.1666,-16.4411,5
4849,11.1666,-15.8410,3
4850,11.1666,-15.2408,1
4851,11.1666,-14.6407,2
4852,11.1666,-14.0406,2
4853,11.1666,-13.4404,1
4854,11.1666,-12.8403,28
4855,11.1666,-12.2402,8
4856,11.1666,-11.6400,15
4857,11.1666,-11.0399,23
4858,11.1666,-10.4398,5
4859,11.1666,-9.8396,4
4860,11.1666,-9.2395,2
4861,11.1666,-8.0393,3
4862,11.1666,-7.4391,9
4863,11.1666,-6.8390,18
4864,11.1666,-6.2389,49
4865,11.1666,-5.6387,69
4866,11.1666,-5.0386,62
4867,11.1666,-4.4385,46
4868,11.1666,-3.8383,49
4869,11.1666,-3.2382,41
4870,11.1666,-2.6381,33
4871,11.1666,-2.0379,15
4872,11.1666,-1.4378,10
4873,11.1666,-0.8377,4
4874,11.1666,-0.2375,5
4875,11.1666,0.3626,9
4876,11.1666,0.9627,4
4877,11.1666,1.5629,6
4878,11.1666,2.1630,2
4879,11.1666,6.9641,1
4880,11.1666,9.3646,1
4881,11.1666,9.9647,1
4882,11.1666,10.5648,5
4883,11.1666,11.1650,11
4884,11.1666,11.7651,3
4885,11.1666,12.3652,4
4886,11.1666,12.9654,3
4887,11.1666,13.5655,4
4888,11.1666,14.7658,1
4889,11.1666,16.5662,2
4890,11.1666,17.7664,2
4891,11.1666,30.9693,6
4892,11.1666,31.5695,114
4893,11.1666,32.1696,2
4894,11.7507,-21.2422,4
4895,11.7507,-20.6420,5
4896,11.7507,-20.0419,14
4897,11.7507,-19.4418,7
4898,11.7507,-18.8416,11
4899,11.7507,-18.2415,8
4900,11.7507,-17.6414,13
4901,11.7507,-17.0412,3
4902,11.7507,-16.4411,1
4903,11.7507,-15.8410,3
4904,11.7507,-15.2408,5
4905,11.7507,-14.6407,8
4906,11.7507,-14.0406,3
4907,11.7507,-13.4404,2
4908,11.7507,-12.8403,9
4909,11.7507,-12.2402,23
4910,11.7507,-11.6400,4
4911,11.7507,-11.0399,15
4912,11.7507,-10.4398,12
4913,11.7507,-9.8396,4
4914,11.7507,-9.2395,1
4915,11.7507,-8.6394,3
4916,11.7507,-8.0393,3
4917,11.7507,-7.4391,7
4918,11.7507,-6.8390,23
4919,11.7507,-6.2389,58
4920,11.7507,-5.6387,51
4921,11.7507,-5.0386,51
4922,11.7507,-4.4385,47
4923,11.7507,-3.8383,41
4924,11.7507,-3.2382,33
4925,11.7507,-2.6381,21
4926,11.7507,-2.0379,19
4927,11.7507,-1.4378,10
4928,11.7507,-0.8377,12
4929,11.7507,-0.2375,5
4930,11.7507,0.3626,4
4931,11.7507,0.9627,6
4932,11.7507,1.5629,11
4933,11.7507,2.1630,1
4934,11.7507,5.7638,1
4935,11.7507,7.5642,1
4936,11.7507,8.1643,1
4937,11.7507,8.7645,2
4938,11.7507,9.3646,1
4939,11.7507,9.9647,2
4940,11.7507,11.1650,12
4941,11.7507,11.7651,11
4942,11.7507,12.3652,6
4943,11.7507,12.9654,1
4944,11.7507,14.7658,1
4945,11.7507,16.5662,2
4946,11.7507,17.7664,1
4947,11.7507,31.5695,41
4948,11.7507,32.1696,4
4949,12.3347,-22.4424,29
4950,12.3347,-21.8423,13
4951,12.3347,-21.2422,15
4952,12.3347,-20.6420,12
4953,12.3347,-20.0419,13
4954,12.3347,-19.4418,10
4955,12.3347,-18.8416,2
4956,12.3347,-18.2415,9
4957,12.3347,-17.6414,8
4958,12.3347,-17.0412,3
4959,12.3347,-16.4411,9
4960,12.3347,-15.8410,16
4961,12.3347,-15.2408,27
4962,12.3347,-14.6407,9
4963,12.3347,-14.0406,9
4964,12.3347,-13.4404,3
4965,12.3347,-12.8403,2
4966,12.3347,-12.2402,14
4967,12.3347,-11.6400,5
4968,12.3347,-11.0399,4
4969,12.3347,-10.4398,7
4970,12.3347,-9.8396,6
4971,12.3347,-8.6394,2
4972,12.3347,-8.0393,2
4973,12.3347,-7.4391,15
4974,12.3347,-6.8390,26
4975,12.3347,-6.2389,54
4976,12.3347,-5.6387,50
4977,12.3347,-5.0386,37
4978,12.3347,-4.4385,33
4979,12.3347,-3.8383,29
4980,12.3347,-3.2382,31
4981,12.3347,-2.6381,26
4982,12.3347,-2.0379,23
4983,12.3347,-1.4378,10
4984,12.3347,-0.8377,9
4985,12.3347,-0.2375,7
4986,12.3347,0.3626,10
4987,12.3347,0.9627,4
4988,12.3347,1.5629,6
4989,12.3347,6.9641,1
4990,12.3347,8.1643,2
4991,12.3347,8.7645,4
4992,12.3347,9.3646,4
4993,12.3347,9.9647,6
4994,12.3347,10.5648,7
4995,12.3347,11.1650,20
4996,12.3347,11.7651,16
4997,12.3347,12.3652,8
4998,12.3347,14.7658,1
4999,12.3347,15.3659,2
5000,12.3347,15.9660,4
5001,12.3347,16.5662,2
5002,12.3347,17.1663,1
5003,12.3347,17.7664,1
5004,12.9187,-22.4424,16
5005,12.9187,-21.8423,25
5006,12.9187,-21.2422,14
5007,12.9187,-20.6420,14
5008,12.9187,-20.0419,12
5009,12.9187,-19.4418,8
5010,12.9187,-18.8416,15
5011,12.9187,-18.2415,18
5012,12.9187,-17.6414,9
5013,12.9187,-17.0412,3
5014,12.9187,-13.4404,1
5015,12.9187,-12.8403,3
5016,12.9187,-12.2402,13
5017,12.9187,-11.6400,20
5018,12.9187,-11.0399,8
5019,12.9187,-10.4398,4
5020,12.9187,-8.6394,2
5021,12.9187,-8.0393,1
5022,12.9187,-7.4391,21
5023,12.9187,-6.8390,36
5024,12.9187,-6.2389,54
5025,12.9187,-5.6387,28
5026,12.9187,-5.0386,27
5027,12.9187,-4.4385,26
5028,12.9187,-3.8383,15
5029,12.9187,-3.2382,22
5030,12.9187,-2.6381,19
5031,12.9187,-2.0379,19
5032,12.9187,-1.4378,11
5033,12.9187,-0.8377,2
5034,12.9187,-0.2375,3
5035,12.9187,0.3626,1
5036,12.9187,3.3633,1
5037,12.9187,4.5635,1
5038,12.9187,5.7638,21
5039,12.9187,6.3639,4
5040,12.9187,7.5642,4
5041,12.9187,8.1643,4
5042,12.9187,8.7645,6
5043,12.9187,9.3646,9
5044,12.9187,9.9647,7
5045,12.9187,10.5648,11
5046,12.9187,11.1650,45
5047,12.9187,11.7651,26
5048,12.9187,12.3652,14
5049,12.9187,12.9654,2
5050,12.9187,14.7658,1
5051,12.9187,15.3659,7
5052,12.9187,15.9660,11
5053,12.9187,16.5662,5
5054,12.9187,17.1663,8
5055,13.5027,-23.0426,5
5056,13.5027,-22.4424,33
5057,13.5027,-21.8423,25
5058,13.5027,-21.2422,20
5059,13.5027,-20.6420,30
5060,13.5027,-20.0419,52
5061,13.5027,-19.4418,31
5062,13.5027,-18.8416,15
5063,13.5027,-18.2415,4
5064,13.5027,-14.0406,1
5065,13.5027,-12.2402,11
5066,13.5027,-11.6400,56
5067,13.5027,-11.0399,17
5068,13.5027,-10.4398,5
5069,13.5027,-9.8396,3
5070,13.5027,-8.6394,1
5071,13.5027,-7.4391,3
5072,13.5027,-6.8390,23
5073,13.5027,-6.2389,49
5074,13.5027,-5.6387,34
5075,13.5027,-5.0386,24
5076,13.5027,-4.4385,26
5077,13.5027,-3.8383,14
5078,13.5027,-3.2382,16
5079,13.5027,-2.6381,13
5080,13.5027,-2.0379,11
5081,13.5027,-1.4378,1
5082,13.5027,3.3633,2
5083,13.5027,3.9634,1
5084,13.5027,6.3639,1
5085,13.5027,8.7645,9
5086,13.5027,9.3646,3
5087,13.5027,9.9647,4
5088,13.5027,10.5648,13
5089,13.5027,11.1650,59
5090,13.5027,11.7651,51
5091,13.5027,12.3652,40
5092,13.5027,12.9654,4
5093,13.5027,15.9660,11
5094,13.5027,16.5662,23
5095,13.5027,17.1663,23
5096,14.0867,-23.0426,37
5097,14.0867,-22.4424,48
5098,14.0867,-21.8423,7
5099,14.0867,-21.2422,29
5100,14.0867,-20.6420,66
5101,14.0867,-20.0419,84
5102,14.0867,-19.4418,42
5103,14.0867,-18.8416,3
5104,14.0867,-18.2415,3
5105,14.0867,-17.0412,1
5106,14.0867,-11.6400,12
5107,14.0867,-11.0399,48
5108,14.0867,-10.4398,12
5109,14.0867,-9.8396,6
5110,14.0867,-7.4391,4
5111,14.0867,-6.8390,8
5112,14.0867,-6.2389,17
5113,14.0867,-5.6387,15
5114,14.0867,-5.0386,4
5115,14.0867,-4.4385,2
5116,14.0867,-3.8383,1
5117,14.0867,-3.2382,3
5118,14.0867,-2.6381,1
5119,14.0867,-2.0379,2
5120,14.0867,3.9634,4
5121,14.0867,4.5635,1
5122,14.0867,9.3646,1
5123,14.0867,9.9647,3
5124,14.0867,10.5648,16
5125,14.0867,11.1650,54
5126,14.0867,11.7651,42
5127,14.0867,12.3652,48
5128,14.0867,12.9654,10
5129,14.0867,15.3659,1
5130,14.0867,15.9660,7
5131,14.0867,16.5662,32
5132,14.0867,17.1663,5
5133,14.6708,-22.4424,1
5134,14.6708,-21.2422,4
5135,14.6708,-20.6420,37
5136,14.6708,-20.0419,29
5137,14.6708,-19.4418,1
5138,14.6708,-18.2415,1
5139,14.6708,-17.0412,1
5140,14.6708,-16.4411,1
5141,14.6708,-15.8410,1
5142,14.6708,-15.2408,1
5143,14.6708,-14.6407,1
5144,14.6708,-9.8396,1
5145,14.6708,-9.2395,2
5146,14.6708,-8.0393,3
5147,14.6708,-7.4391,6
5148,14.6708,-6.8390,4
5149,14.6708,-6.2389,7
5150,14.6708,-5.6387,2
5151,14.6708,-4.4385,1
5152,14.6708,-1.4378,2
5153,14.6708,3.9634,1
5154,14.6708,5.1637,1
5155,14.6708,9.9647,1
5156,14.6708,10.5648,9
5157,14.6708,11.1650,63
5158,14.6708,11.7651,43
5159,14.6708,12.3652,66
5160,14.6708,12.9654,13
5161,14.6708,14.7658,4
5162,14.6708,15.3659,2
5163,14.6708,15.9660,10
5164,14.6708,16.5662,15
5165,15.2548,-15.8410,3
5166,15.2548,-15.2408,2
5167,15.2548,-14.6407,2
5168,15.2548,-14.0406,2
5169,15.2548,-11.6400,2
5170,15.2548,-9.8396,2
5171,15.2548,-9.2395,3
5172,15.2548,-8.6394,1
5173,15.2548,-8.0393,10
5174,15.2548,-7.4391,4
5175,15.2548,-6.2389,16
5176,15.2548,-5.6387,4
5177,15.2548,-2.6381,1
5178,15.2548,-1.4378,1
5179,15.2548,0.9627,1
5180,15.2548,2.1630,1
5181,15.2548,2.7631,1
5182,15.2548,3.9634,1
5183,15.2548,4.5635,1
5184,15.2548,11.1650,32
5185,15.2548,11.7651,47
5186,15.2548,12.3652,55
5187,15.2548,12.9654,7
5188,15.2548,15.3659,14
5189,15.2548,15.9660,46
5190,15.2548,16.5662,2
5191,15.8388,-14.6407,1
5192,15.8388,-13.4404,1
5193,15.8388,-12.8403,1
5194,15.8388,-12.2402,1
5195,15.8388,-10.4398,2
5196,15.8388,-9.8396,7
5197,15.8388,-9.2395,7
5198,15.8388,-8.6394,16
5199,15.8388,-8.0393,3
5200,15.8388,-6.2389,8
5201,15.8388,-5.6387,1
5202,15.8388,-2.0379,1
5203,15.8388,2.1630,1
5204,15.8388,2.7631,3
5205,15.8388,3.3633,1
5206,15.8388,3.9634,1
5207,15.8388,4.5635,1
5208,15.8388,5.1637,1
5209,15.8388,5.7638,1
5210,15.8388,6.3639,2
5211,15.8388,11.1650,2
5212,15.8388,11.7651,34
5213,15.8388,12.3652,25
5214,15.8388,15.3659,1
5215,15.8388,15.9660,1
5216,16.4228,-13.4404,1
5217,16.4228,-12.8403,2
5218,16.4228,-12.2402,2
5219,16.4228,-11.6400,8
5220,16.4228,-11.0399,11
5221,16.4228,-10.4398,10
5222,16.4228,-9.8396,13
5223,16.4228,-9.2395,18
5224,16.4228,-8.6394,8
5225,16.4228,1.5629,2
5226,16.4228,2.1630,1
5227,16.4228,2.7631,2
5228,16.4228,3.9634,2
5229,16.4228,4.5635,6
5230,16.4228,5.1637,7
5231,16.4228,5.7638,3
5232,16.4228,11.1650,10
5233,16.4228,11.7651,12
5234,16.4228,12.3652,9
5235,17.0068,-13.4404,1
5236,17.0068,-12.8403,5
5237,17.0068,-12.2402,14
5238,17.0068,-11.6400,26
5239,17.0068,-11.0399,25
5240,17.0068,-10.4398,23
5241,17.0068,-9.8396,35
5242,17.0068,-9.2395,5
5243,17.0068,-8.6394,1
5244,17.0068,-0.2375,1
5245,17.0068,0.3626,7
5246,17.0068,0.9627,6
5247,17.0068,1.5629,9
5248,17.0068,2.1630,5
5249,17.0068,2.7631,7
5250,17.0068,3.3633,7
5251,17.0068,3.9634,10
5252,17.0068,4.5635,10
5253,17.0068,5.1637,14
5254,17.0068,5.7638,17
5255,17.0068,11.7651,2
5256,17.5909,-13.4404,5
5257,17.5909,-12.8403,11
5258,17.5909,-12.2402,50
5259,17.5909,-11.6400,48
5260,17.5909,-11.0399,39
5261,17.5909,-10.4398,25
5262,17.5909,-9.8396,7
5263,17.5909,-9.2395,1
5264,17.5909,0.3626,1
5265,17.5909,0.9627,7
5266,17.5909,1.5629,26
5267,17.5909,2.1630,47
5268,17.5909,2.7631,13
5269,17.5909,3.3633,7
5270,17.5909,3.9634,15
5271,17.5909,4.5635,21
5272,17.5909,5.1637,30
5273,17.5909,5.7638,68
5274,17.5909,11.7651,1
5275,18.1749,-14.0406,8
5276,18.1749,-13.4404,24
5277,18.1749,-12.8403,31
5278,18.1749,-12.2402,43
5279,18.1749,-11.6400,54
5280,18.1749,-11.0399,39
5281,18.1749,-10.4398,2
5282,18.1749,-9.8396,1
5283,18.1749,1.5629,1
5284,18.1749,2.1630,35
5285,18.1749,2.7631,57
5286,18.1749,3.3633,56
5287,18.1749,3.9634,48
5288,18.1749,4.5635,42
5289,18.1749,5.1637,24
5290,18.1749,5.7638,12
5291,18.1749,11.1650,1
5292,18.7589,-14.6407,5
5293,18.7589,-14.0406,93
5294,18.7589,-13.4404,32
5295,18.7589,-12.8403,52
5296,18.7589,-12.2402,34
5297,18.7589,-11.6400,28
5298,18.7589,-4.4385,1
5299,18.7589,2.1630,5
5300,18.7589,2.7631,34
5301,18.7589,3.3633,50
5302,18.7589,3.9634,18
5303,18.7589,4.5635,5
5304,19.3429,-14.6407,42
5305,19.3429,-14.0406,5
5306,19.3429,-13.4404,1
5307,19.3429,-12.8403,3
5308,19.3429,-12.2402,1
5309,19.3429,-5.0386,1
5310,19.3429,-4.4385,1
5311,20.5110,-5.6387,2
5312,22.2630,-5.6387,1
5313,22.8471,-0.2375,1
5314,22.8471,4.5635,2
5315,22.8471,5.1637,1
5316,23.4311,3.9634,1
5317,23.4311,9.3646,2
5318,23.4311,9.9647,2
5319,23.4311,10.5648,29
5320,23.4311,11.1650,1
5321,24.0151,5.7638,3
5322,24.0151,6.3639,15
5323,24.0151,8.7645,3
5324,24.0151,9.3646,22
5325,24.0151,9.9647,24
5326,24.0151,10.5648,19
5327,24.0151,11.1650,2
5328,24.5991,-10.4398,4
5329,24.5991,-9.8396,14
5330,24.5991,-9.2395,5
5331,24.5991,-8.6394,3
5332,24.5991,-8.0393,5
5333,24.5991,-7.4391,3
5334,24.5991,-6.8390,10
5335,24.5991,-6.2389,5
5336,24.5991,-1.4378,1
5337,24.5991,-0.2375,1
5338,24.5991,2.1630,1
5339,24.5991,3.9634,3
5340,24.5991,4.5635,9
5341,24.5991,5.1637,20
5342,24.5991,5.7638,8
5343,24.5991,6.3639,7
5344,24.5991,6.9641,4
5345,24.5991,7.5642,3
5346,24.5991,8.1643,6
5347,24.5991,8.7645,7
5348,24.5991,9.3646,8
5349,24.5991,9.9647,24
5350,24.5991,10.5648,15
5351,24.5991,11.1650,27
5352,24.5991,11.7651,10
5353,25.1832,-11.6400,1
5354,25.1832,-11.0399,4
5355,25.1832,-10.4398,5
5356,25.1832,-9.8396,21
5357,25.1832,-9.2395,50
5358,25.1832,-8.6394,23
5359,25.1832,-8.0393,18
5360,25.1832,-7.4391,20
5361,25.1832,-6.8390,15
5362,25.1832,-6.2389,16
5363,25.1832,-5.6387,4
5364,25.1832,-5.0386,1
5365,25.1832,-2.6381,3
5366,25.1832,-2.0379,5
5367,25.1832,-1.4378,2
5368,25.1832,-0.8377,1
5369,25.1832,0.3626,2
5370,25.1832,2.7631,1
5371,25.1832,3.3633,8
5372,25.1832,3.9634,51
5373,25.1832,4.5635,19
5374,25.1832,5.1637,5
5375,25.1832,5.7638,2
5376,25.1832,6.3639,1
5377,25.1832,6.9641,7
5378,25.1832,7.5642,10
5379,25.1832,8.1643,2
5380,25.1832,8.7645,8
5381,25.1832,9.3646,24
5382,25.1832,9.9647,29
5383,25.1832,10.5648,54
5384,25.1832,11.1650,34
5385,25.7672,-14.0406,12
5386,25.7672,-13.4404,14
5387,25.7672,-12.8403,24
5388,25.7672,-12.2402,1
5389,25.7672,-11.0399,3
5390,25.7672,-10.4398,15
5391,25.7672,-9.8396,33
5392,25.7672,-9.2395,31
5393,25.7672,-8.6394,13
5394,25.7672,-8.0393,15
5395,25.7672,-7.4391,12
5396,25.7672,-6.8390,13
5397,25.7672,-6.2389,16
5398,25.7672,-5.6387,19
5399,25.7672,-5.0386,6
5400,25.7672,-4.4385,4
5401,25.7672,-3.8383,2
5402,25.7672,-3.2382,7
5403,25.7672,-2.6381,15
5404,25.7672,-2.0379,9
5405,25.7672,-1.4378,4
5406,25.7672,-0.2375,2
5407,25.7672,0.3626,1
5408,25.7672,0.9627,1
5409,25.7672,1.5629,4
5410,25.7672,2.1630,9
5411,25.7672,2.7631,7
5412,25.7672,3.3633,14
5413,25.7672,3.9634,28
5414,25.7672,4.5635,12
5415,25.7672,5.1637,5
5416,25.7672,5.7638,1
5417,25.7672,6.3639,4
5418,25.7672,6.9641,30
5419,25.7672,7.5642,3
5420,25.7672,8.1643,8
5421,25.7672,8.7645,12
5422,25.7672,9.3646,37
5423,25.7672,9.9647,13
5424,25.7672,10.5648,26
5425,25.7672,11.1650,25
5426,26.3512,-14.0406,39
5427,26.3512,-13.4404,14
5428,26.3512,-12.8403,1
5429,26.3512,-12.2402,2
5430,26.3512,-11.6400,2
5431,26.3512,-11.0399,3
5432,26.3512,-10.4398,20
5433,26.3512,-9.8396,34
5434,26.3512,-9.2395,14
5435,26.3512,-8.6394,10
5436,26.3512,-8.0393,16
5437,26.3512,-7.4391,13
5438,26.3512,-6.8390,38
5439,26.3512,-6.2389,16
5440,26.3512,-5.6387,22
5441,26.3512,-5.0386,11
5442,26.3512,-4.4385,11
5443,26.3512,-3.8383,6
5444,26.3512,-3.2382,6
5445,26.3512,-2.6381,20
5446,26.3512,-2.0379,9
5447,26.3512,-1.4378,1
5448,26.3512,-0.8377,2
5449,26.3512,-0.2375,2
5450,26.3512,0.3626,1
5451,26.3512,0.9627,3
5452,26.3512,1.5629,5
5453,26.3512,2.1630,3
5454,26.3512,2.7631,7
5455,26.3512,3.3633,5
5456,26.3512,3.9634,4
5457,26.3512,4.5635,4
5458,26.3512,5.1637,3
5459,26.3512,5.7638,5
5460,26.3512,6.3639,18
5461,26.3512,6.9641,15
5462,26.3512,7.5642,10
5463,26.3512,8.1643,33
5464,26.3512,8.7645,41
5465,26.3512,9.3646,32
5466,26.3512,9.9647,20
5467,26.3512,10.5648,22
5468,26.9352,-14.0406,39
5469,26.9352,-13.4404,14
5470,26.9352,-12.8403,4
5471,26.9352,-12.2402,2
5472,26.9352,-11.6400,2
5473,26.9352,-11.0399,3
5474,26.9352,-10.4398,7
5475,26.9352,-9.8396,12
5476,26.9352,-9.2395,9
5477,26.9352,-8.6394,5
5478,26.9352,-8.0393,3
5479,26.9352,-7.4391,11
5480,26.9352,-6.8390,8
5481,26.9352,-6.2389,12
5482,26.9352,-5.6387,25
5483,26.9352,-5.0386,24
5484,26.9352,-4.4385,28
5485,26.9352,-3.8383,16
5486,26.9352,-3.2382,6
5487,26.9352,-2.6381,10
5488,26.9352,-2.0379,8
5489,26.9352,-1.4378,11
5490,26.9352,-0.8377,5
5491,26.9352,-0.2375,7
5492,26.9352,0.3626,15
5493,26.9352,0.9627,23
5494,26.9352,1.5629,6
5495,26.9352,2.1630,7
5496,26.9352,2.7631,8
5497,26.9352,3.3633,6
5498,26.9352,3.9634,5
5499,26.9352,4.5635,5
5500,26.9352,5.1637,10
5501,26.9352,5.7638,21
5502,26.9352,6.3639,28
5503,26.9352,6.9641,17
5504,26.9352,7.5642,20
5505,26.9352,8.1643,26
5506,26.9352,8.7645,38
5507,26.9352,9.3646,29
5508,26.9352,9.9647,7
5509,27.5192,-14.0406,30
5510,27.5192,-13.4404,22
5511,27.5192,-12.8403,16
5512,27.5192,-12.2402,5
5513,27.5192,-11.6400,5
5514,27.5192,-11.0399,6
5515,27.5192,-10.4398,1
5516,27.5192,-9.8396,4
5517,27.5192,-9.2395,6
5518,27.5192,-8.6394,8
5519,27.5192,-8.0393,10
5520,27.5192,-7.4391,6
5521,27.5192,-6.8390,1
5522,27.5192,-6.2389,5
5523,27.5192,-5.6387,7
5524,27.5192,-5.0386,10
5525,27.5192,-4.4385,9
5526,27.5192,-3.8383,2
5527,27.5192,-3.2382,4
5528,27.5192,-2.6381,3
5529,27.5192,-2.0379,2
5530,27.5192,-1.4378,1
5531,27.5192,-0.8377,3
5532,27.5192,-0.2375,3
5533,27.5192,0.3626,3
5534,27.5192,0.9627,2
5535,27.5192,1.5629,4
5536,27.5192,2.1630,2
5537,27.5192,2.7631,7
5538,27.5192,3.3633,9
5539,27.5192,3.9634,20
5540,27.5192,4.5635,28
5541,27.5192,5.1637,19
5542,27.5192,5.7638,12
5543,27.5192,6.3639,12
5544,27.5192,6.9641,21
5545,27.5192,7.5642,33
5546,27.5192,8.1643,15
5547,27.5192,8.7645,27
5548,27.5192,9.3646,29
5549,27.5192,9.9647,3
5550,28.1033,-13.4404,14
5551,28.1033,-12.8403,19
5552,28.1033,-12.2402,2
5553,28.1033,-11.0399,3
5554,28.1033,-10.4398,2
5555,28.1033,-9.8396,3
5556,28.1033,-9.2395,4
5557,28.1033,-8.6394,3
5558,28.1033,-8.0393,7
5559,28.1033,-7.4391,4
5560,28.1033,-6.8390,3
5561,28.1033,-6.2389,6
5562,28.1033,-5.6387,2
5563,28.1033,-5.0386,7
5564,28.1033,-4.4385,1
5565,28.1033,-3.2382,2
5566,28.1033,-2.6381,4
5567,28.1033,-2.0379,4
5568,28.1033,-1.4378,1
5569,28.1033,-0.8377,3
5570,28.1033,0.3626,1
5571,28.1033,0.9627,3
5572,28.1033,1.5629,6
5573,28.1033,2.1630,5
5574,28.1033,2.7631,4
5575,28.1033,3.3633,7
5576,28.1033,3.9634,10
5577,28.1033,4.5635,14
5578,28.1033,5.1637,8
5579,28.1033,5.7638,5
5580,28.1033,6.3639,25
5581,28.1033,6.9641,28
5582,28.1033,7.5642,22
5583,28.1033,8.1643,5
5584,28.1033,8.7645,20
5585,28.1033,9.3646,15
5586,28.6873,-13.4404,2
5587,28.6873,-12.8403,16
5588,28.6873,-12.2402,26
5589,28.6873,-11.6400,2
5590,28.6873,-11.0399,1
5591,28.6873,-10.4398,4
5592,28.6873,-9.8396,3
5593,28.6873,-9.2395,27
5594,28.6873,-8.6394,7
5595,28.6873,-8.0393,4
5596,28.6873,-7.4391,3
5597,28.6873,-6.8390,1
5598,28.6873,-6.2389,3
5599,28.6873,-5.6387,2
5600,28.6873,-5.0386,10
5601,28.6873,-4.4385,7
5602,28.6873,-3.8383,1
5603,28.6873,-3.2382,8
5604,28.6873,-2.6381,3
5605,28.6873,-2.0379,2
5606,28.6873,-1.4378,3
5607,28.6873,-0.8377,4
5608,28.6873,-0.2375,1
5609,28.6873,0.3626,5
5610,28.6873,0.9627,2
5611,28.6873,1.5629,6
5612,28.6873,2.1630,1
5613,28.6873,2.7631,3
5614,28.6873,3.3633,3
5615,28.6873,3.9634,3
5616,28.6873,4.5635,8
5617,28.6873,5.1637,7
5618,28.6873,5.7638,9
5619,28.6873,6.3639,18
5620,28.6873,6.9641,16
5621,28.6873,7.5642,14
5622,28.6873,8.1643,11
5623,28.6873,8.7645,15
5624,28.6873,9.3646,8
5625,28.6873,9.9647,5
5626,29.2713,-12.8403,4
5627,29.2713,-12.2402,12
5628,29.2713,-11.6400,1
5629,29.2713,-11.0399,1
5630,29.2713,-10.4398,5
5631,29.2713,-9.8396,11
5632,29.2713,-9.2395,32
5633,29.2713,-8.6394,18
5634,29.2713,-8.0393,5
5635,29.2713,-7.4391,2
5636,29.2713,-6.8390,8
5637,29.2713,-6.2389,6
5638,29.2713,-5.6387,14
5639,29.2713,-5.0386,27
5640,29.2713,-4.4385,10
5641,29.2713,-3.8383,9
5642,29.2713,-3.2382,15
5643,29.2713,-2.6381,8
5644,29.2713,-2.0379,10
5645,29.2713,-1.4378,7
5646,29.2713,-0.8377,3
5647,29.2713,-0.2375,3
5648,29.2713,0.3626,8
5649,29.2713,0.9627,24
5650,29.2713,1.5629,13
5651,29.2713,2.1630,12
5652,29.2713,2.7631,2
5653,29.2713,3.3633,1
5654,29.2713,3.9634,5
5655,29.2713,4.5635,3
5656,29.2713,5.1637,5
5657,29.2713,5.7638,7
5658,29.2713,6.3639,15
5659,29.2713,6.9641,7
5660,29.2713,7.5642,9
5661,29.2713,8.1643,5
5662,29.2713,8.7645,2
5663,29.2713,9.3646,6
5664,29.2713,9.9647,2
5665,29.8553,-12.8403,1
5666,29.8553,-12.2402,5
5667,29.8553,-11.6400,1
5668,29.8553,-11.0399,3
5669,29.8553,-10.4398,2
5670,29.8553,-9.8396,9
5671,29.8553,-9.2395,23
5672,29.8553,-8.6394,17
5673,29.8553,-8.0393,12
5674,29.8553,-7.4391,12
5675,29.8553,-6.8390,9
5676,29.8553,-6.2389,14
5677,29.8553,-5.6387,20
5678,29.8553,-5.0386,64
5679,29.8553,-4.4385,19
5680,29.8553,-3.8383,15
5681,29.8553,-3.2382,15
5682,29.8553,-2.6381,16
5683,29.8553,-2.0379,7
5684,29.8553,-1.4378,11
5685,29.8553,-0.8377,7
5686,29.8553,-0.2375,11
5687,29.8553,0.3626,8
5688,29.8553,0.9627,21
5689,29.8553,1.5629,19
5690,29.8553,2.1630,12
5691,29.8553,2.7631,4
5692,29.8553,3.3633,5
5693,29.8553,3.9634,8
5694,29.8553,4.5635,2
5695,29.8553,5.1637,8
5696,29.8553,5.7638,16
5697,29.8553,6.3639,12
5698,29.8553,6.9641,8
5699,29.8553,7.5642,6
5700,29.8553,8.1643,5
5701,29.8553,8.7645,5
5702,29.8553,9.3646,3
5703,29.8553,9.9647,1
5704,29.8553,10.5648,1
5705,30.4393,-12.8403,1
5706,30.4393,-11.6400,3
5707,30.4393,-10.4398,24
5708,30.4393,-9.8396,22
5709,30.4393,-9.2395,36
5710,30.4393,-8.6394,33
5711,30.4393,-8.0393,26
5712,30.4393,-7.4391,14
5713,30.4393,-6.8390,8
5714,30.4393,-6.2389,11
5715,30.4393,-5.6387,16
5716,30.4393,-5.0386,50
5717,30.4393,-4.4385,24
5718,30.4393,-3.8383,12
5719,30.4393,-3.2382,17
5720,30.4393,-2.6381,8
5721,30.4393,-2.0379,10
5722,30.4393,-1.4378,6
5723,30.4393,-0.8377,7
5724,30.4393,-0.2375,6
5725,30.4393,0.3626,12
5726,30.4393,0.9627,31
5727,30.4393,1.5629,8
5728,30.4393,2.1630,18
5729,30.4393,2.7631,6
5730,30.4393,3.3633,7
5731,30.4393,3.9634,10
5732,30.4393,4.5635,12
5733,30.4393,5.1637,15
5734,30.4393,5.7638,27
5735,30.4393,6.3639,10
5736,30.4393,6.9641,1
5737,30.4393,7.5642,1
5738,30.4393,8.7645,4
5739,30.4393,9.3646,4
5740,31.0234,-11.6400,1
5741,31.0234,-11.0399,1
5742,31.0234,-10.4398,30
5743,31.0234,-9.8396,33
5744,31.0234,-9.2395,28
5745,31.0234,-8.6394,18
5746,31.0234,-8.0393,12
5747,31.0234,-7.4391,14
5748,31.0234,-6.8390,6
5749,31.0234,-6.2389,10
5750,31.0234,-5.6387,10
5751,31.0234,-5.0386,32
5752,31.0234,-4.4385,26
5753,31.0234,-3.8383,14
5754,31.0234,-3.2382,14
5755,31.0234,-2.6381,6
5756,31.0234,-2.0379,4
5757,31.0234,-1.4378,9
5758,31.0234,-0.8377,4
5759,31.0234,-0.2375,3
5760,31.0234,0.3626,53
5761,31.0234,0.9627,19
5762,31.0234,1.5629,16
5763,31.0234,2.1630,14
5764,31.0234,2.7631,12
5765,31.0234,3.3633,18
5766,31.0234,3.9634,20
5767,31.0234,4.5635,25
5768,31.0234,5.1637,31
5769,31.0234,5.7638,42
5770,31.0234,6.3639,5
5771,31.0234,6.9641,1
5772,31.0234,7.5642,2
5773,31.0234,8.1643,4
5774,31.0234,8.7645,15
5775,31.0234,9.3646,16
5776,31.0234,9.9647,9
5777,31.0234,10.5648,5
5778,31.0234,11.1650,3
5779,31.6074,-12.2402,3
5780,31.6074,-11.6400,4
5781,31.6074,-11.0399,7
5782,31.6074,-10.4398,25
5783,31.6074,-9.8396,23
5784,31.6074,-9.2395,16
5785,31.6074,-8.6394,21
5786,31.6074,-8.0393,10
5787,31.6074,-7.4391,4
5788,31.6074,-6.8390,5
5789,31.6074,-6.2389,10
5790,31.6074,-5.6387,12
5791,31.6074,-5.0386,37
5792,31.6074,-4.4385,46
5793,31.6074,-3.8383,16
5794,31.6074,-3.2382,12
5795,31.6074,-2.6381,7
5796,31.6074,-2.0379,5
5797,31.6074,-1.4378,5
5798,31.6074,-0.8377,1
5799,31.6074,-0.2375,6
5800,31.6074,0.3626,47
5801,31.6074,0.9627,29
5802,31.6074,1.5629,13
5803,31.6074,2.1630,15
5804,31.6074,2.7631,15
5805,31.6074,3.3633,18
5806,31.6074,3.9634,32
5807,31.6074,4.5635,45
5808,31.6074,5.1637,51
5809,31.6074,5.7638,34
5810,31.6074,6.3639,9
5811,31.6074,6.9641,6
5812,31.6074,7.5642,4
5813,31.6074,8.1643,19
5814,31.6074,8.7645,42
5815,31.6074,9.3646,40
5816,31.6074,9.9647,40
5817,31.6074,10.5648,25
5818,31.6074,11.1650,28
5819,32.1914,-11.6400,5
5820,32.1914,-11.0399,14
5821,32.1914,-10.4398,15
5822,32.1914,-9.8396,8
5823,32.1914,-9.2395,36
5824,32.1914,-8.6394,14
5825,32.1914,-7.4391,3
5826,32.1914,-6.8390,3
5827,32.1914,-6.2389,2
5828,32.1914,-5.6387,2
5829,32.1914,-5.0386,2
5830,32.1914,-4.4385,11
5831,32.1914,-3.8383,8
5832,32.1914,-3.2382,7
5833,32.1914,-2.6381,4
5834,32.1914,-2.0379,4
5835,32.1914,-1.4378,5
5836,32.1914,-0.8377,4
5837,32.1914,-0.2375,19
5838,32.1914,0.3626,26
5839,32.1914,0.9627,27
5840,32.1914,1.5629,10
5841,32.1914,2.1630,13
5842,32.1914,2.7631,21
5843,32.1914,3.3633,22
5844,32.1914,3.9634,43
5845,32.1914,4.5635,61
5846,32.1914,5.1637,53
5847,32.1914,5.7638,21
5848,32.1914,6.3639,6
5849,32.1914,6.9641,5
5850,32.1914,7.5642,8
5851,32.1914,8.1643,46
5852,32.1914,8.7645,54
5853,32.1914,9.3646,39
5854,32.1914,9.9647,36
5855,32.1914,10.5648,38
5856,32.1914,11.1650,26
5857,32.7754,-14.0406,1
5858,32.7754,-13.4404,26
5859,32.7754,-12.8403,14
5860,32.7754,-12.2402,11
5861,32.7754,-11.6400,10
5862,32.7754,-11.0399,39
5863,32.7754,-10.4398,17
5864,32.7754,-9.8396,28
5865,32.7754,-9.2395,5
5866,32.7754,-8.6394,4
5867,32.7754,-8.0393,1
5868,32.7754,-7.4391,8
5869,32.7754,-6.8390,3
5870,32.7754,-2.6381,1
5871,32.7754,-2.0379,3
5872,32.7754,-1.4378,4
5873,32.7754,-0.8377,9
5874,32.7754,-0.2375,12
5875,32.7754,0.3626,21
5876,32.7754,0.9627,22
5877,32.7754,1.5629,12
5878,32.7754,2.1630,15
5879,32.7754,2.7631,25
5880,32.7754,3.3633,35
5881,32.7754,3.9634,73
5882,32.7754,4.5635,55
5883,32.7754,5.1637,53
5884,32.7754,5.7638,19
5885,32.7754,6.3639,3
5886,32.7754,6.9641,8
5887,32.7754,7.5642,14
5888,32.7754,8.1643,51
5889,32.7754,8.7645,37
5890,32.7754,9.3646,39
5891,32.7754,9.9647,19
5892,32.7754,10.5648,35
5893,32.7754,11.1650,3
5894,33.3595,-13.4404,49
5895,33.3595,-12.8403,16
5896,33.3595,-12.2402,25
5897,33.3595,-11.6400,60
5898,33.3595,-11.0399,23
5899,33.3595,-10.4398,10
5900,33.3595,-9.8396,5
5901,33.3595,-9.2395,10
5902,33.3595,-8.6394,28
5903,33.3595,-8.0393,39
5904,33.3595,-7.4391,1
5905,33.3595,-0.8377,5
5906,33.3595,-0.2375,9
5907,33.3595,0.3626,15
5908,33.3595,0.9627,15
5909,33.3595,1.5629,12
5910,33.3595,2.1630,14
5911,33.3595,2.7631,42
5912,33.3595,3.3633,39
5913,33.3595,3.9634,62
5914,33.3595,4.5635,46
5915,33.3595,5.1637,55
5916,33.3595,5.7638,23
5917,33.3595,6.3639,11
5918,33.3595,6.9641,12
5919,33.3595,7.5642,12
5920,33.3595,8.1643,32
5921,33.3595,8.7645,33
5922,33.3595,9.3646,30
5923,33.3595,9.9647,44
5924,33.3595,10.5648,21
5925,33.9435,-13.4404,5
5926,33.9435,-12.8403,23
5927,33.9435,-12.2402,68
5928,33.9435,-11.6400,78
5929,33.9435,-11.0399,27
5930,33.9435,-10.4398,7
5931,33.9435,-9.8396,3
5932,33.9435,-9.2395,4
5933,33.9435,-8.6394,21
5934,33.9435,-8.0393,5
5935,33.9435,-0.8377,1
5936,33.9435,-0.2375,2
5937,33.9435,0.3626,24
5938,33.9435,0.9627,19
5939,33.9435,1.5629,19
5940,33.9435,2.1630,28
5941,33.9435,2.7631,47
5942,33.9435,3.3633,48
5943,33.9435,3.9634,54
5944,33.9435,4.5635,55
5945,33.9435,5.1637,37
5946,33.9435,5.7638,11
5947,33.9435,6.3639,9
5948,33.9435,6.9641,9
5949,33.9435,7.5642,22
5950,33.9435,8.1643,27
5951,33.9435,8.7645,33
5952,33.9435,9.3646,47
5953,33.9435,9.9647,26
5954,33.9435,10.5648,3
5955,34.5275,-13.4404,1
5956,34.5275,-12.8403,57
5957,34.5275,-12.2402,92
5958,34.5275,-11.6400,80
5959,34.5275,-11.0399,24
5960,34.5275,-10.4398,2
5961,34.5275,0.3626,5
5962,34.5275,0.9627,20
5963,34.5275,1.5629,26
5964,34.5275,2.1630,39
5965,34.5275,2.7631,44
5966,34.5275,3.3633,59
5967,34.5275,3.9634,44
5968,34.5275,4.5635,39
5969,34.5275,5.1637,13
5970,34.5275,5.7638,5
5971,34.5275,6.3639,6
5972,34.5275,6.9641,8
5973,34.5275,7.5642,16
5974,34.5275,8.1643,25
5975,34.5275,8.7645,12
5976,34.5275,9.3646,3
5977,35.1115,-12.8403,19
5978,35.1115,-12.2402,63
5979,35.1115,-11.6400,69
5980,35.1115,-11.0399,17
5981,35.1115,0.9627,6
5982,35.1115,1.5629,37
5983,35.1115,2.1630,44
5984,35.1115,2.7631,55
5985,35.1115,3.3633,43
5986,35.1115,3.9634,42
5987,35.1115,4.5635,13
5988,35.1115,5.1637,5
5989,35.1115,5.7638,6
5990,35.1115,6.3639,7
5991,35.1115,6.9641,4
5992,35.1115,7.5642,2
5993,35.6955,-12.2402,6
5994,35.6955,-11.6400,56
5995,35.6955,-11.0399,11
5996,35.6955,0.9627,2
5997,35.6955,1.5629,21
5998,35.6955,2.1630,53
5999,35.6955,2.7631,35
6000,35.6955,3.3633,24
6001,35.6955,3.9634,6
6002,35.6955,5.1637,2
6003,35.6955,5.7638,1
6004,36.2796,2.1630,1
