group,gene,label,cov_pct,rec_pct,HSPC,Myeloid,n_contrib_patients,clinical
All poor LS,ABCA1,ABCA1,5.61,3.57,2.41,2.03,28,False
All poor LS,ABCA12,ABCA12,0.03,0.0,0.19,0.0,28,False
All poor LS,ABCA13,ABCA13,0.86,0.0,3.52,0.68,28,False
All poor LS,ABCA3,ABCA3,1.0,0.0,1.11,0.56,28,False
All poor LS,ABCA4,ABCA4,0.04,0.0,0.0,0.0,28,False
All poor LS,ABCA5,ABCA5,2.49,0.0,5.74,0.9,28,False
All poor LS,ABCA6,ABCA6,0.8,0.0,0.19,0.68,28,False
All poor LS,ABCA8,ABCA8,0.0,0.0,0.0,0.0,28,False
All poor LS,ABCA9,ABCA9,0.38,0.0,0.0,0.11,28,False
All poor LS,ABCB11,ABCB11,0.95,3.57,0.19,0.0,28,False
All poor LS,ABCB4,ABCB4,0.11,0.0,0.19,0.23,28,False
All poor LS,ABCB5,ABCB5,0.01,0.0,0.0,0.0,28,False
All poor LS,ABCB9,ABCB9,3.06,0.0,2.96,1.69,28,False
All poor LS,ABCC10,ABCC10,6.21,0.0,4.26,2.71,28,False
All poor LS,ABCC11,ABCC11,0.52,0.0,0.0,0.34,28,False
All poor LS,ABCC2,ABCC2,0.33,0.0,0.19,0.23,28,False
All poor LS,ABCC3,ABCC3,0.07,0.0,0.0,0.34,28,False
All poor LS,ABCC5,ABCC5,10.88,10.71,7.96,4.07,28,False
All poor LS,ABCC9,ABCC9,0.01,0.0,0.0,0.0,28,False
All poor LS,ABCG2,ABCG2,0.19,0.0,0.56,0.11,28,False
All poor LS,ABCG4,ABCG4,0.0,0.0,0.0,0.0,28,False
All poor LS,ACE,ACE,1.26,0.0,1.11,0.34,28,False
All poor LS,ACE2,ACE2,0.01,0.0,0.0,0.0,28,False
All poor LS,ACHE,ACHE,0.07,0.0,0.37,0.0,28,False
All poor LS,ACKR1,ACKR1,0.09,0.0,0.0,0.11,28,False
All poor LS,ACKR2,ACKR2,0.18,0.0,0.0,0.0,28,False
All poor LS,ACKR3,ACKR3,1.41,0.0,1.3,1.36,28,False
All poor LS,ACKR4,ACKR4,0.27,0.0,0.0,0.11,28,False
All poor LS,ACVR1,ACVR1,4.1,0.0,2.22,1.24,28,False
All poor LS,ACVR1B,ACVR1B,6.96,7.14,4.44,4.97,28,False
All poor LS,ACVR1C,ACVR1C,0.07,0.0,0.19,0.0,28,False
All poor LS,ACVR2A,ACVR2A,0.16,0.0,1.67,0.11,28,False
All poor LS,ACVR2B,ACVR2B,2.18,0.0,2.59,1.47,28,False
All poor LS,ACVRL1,ACVRL1,0.22,0.0,0.19,2.49,28,False
All poor LS,ADAM11,ADAM11,0.56,0.0,0.74,0.11,28,False
All poor LS,ADAM12,ADAM12,0.28,0.0,0.37,0.23,28,False
All poor LS,ADAM19,ADAM19,0.3,0.0,1.11,0.11,28,False
All poor LS,ADAM20,ADAM20,0.11,0.0,0.0,0.0,28,False
All poor LS,ADAM21,ADAM21,0.08,0.0,0.19,0.0,28,False
All poor LS,ADAM22,ADAM22,1.73,0.0,8.89,0.56,28,False
All poor LS,ADAM23,ADAM23,2.1,3.57,0.0,0.23,28,False
All poor LS,ADAM30,ADAM30,0.0,0.0,0.0,0.0,28,False
All poor LS,ADAM32,ADAM32,0.09,0.0,1.3,0.23,28,False
All poor LS,ADAM33,ADAM33,0.04,0.0,0.0,0.0,28,False
All poor LS,ADAM9,ADAM9,4.5,10.71,4.81,6.55,28,False
All poor LS,ADCY2,ADCY2,0.73,0.0,0.0,0.0,28,False
All poor LS,ADCY5,ADCY5,0.01,0.0,0.0,0.0,28,False
All poor LS,ADCY6,ADCY6,3.15,0.0,1.11,1.02,28,False
All poor LS,ADCY9,ADCY9,7.51,10.71,1.67,5.99,28,False
All poor LS,ADORA1,ADORA1,0.03,0.0,0.0,0.0,28,False
All poor LS,ADORA2A,ADORA2A,2.51,3.57,1.85,1.58,28,False
All poor LS,ADORA2B,ADORA2B,4.55,3.57,2.59,2.26,28,False
All poor LS,ADORA3,ADORA3,0.06,0.0,0.0,0.11,28,False
All poor LS,ADRA1B,ADRA1B,0.12,0.0,0.0,0.0,28,False
All poor LS,ADRA1D,ADRA1D,0.0,0.0,0.0,0.0,28,False
All poor LS,ADRA2A,ADRA2A,3.26,0.0,3.7,0.0,28,False
All poor LS,ADRA2B,ADRA2B,0.07,0.0,0.0,0.11,28,False
All poor LS,ADRA2C,ADRA2C,0.24,0.0,0.0,0.0,28,False
All poor LS,ADRB1,ADRB1,1.55,0.0,0.74,1.81,28,False
All poor LS,ADRB3,ADRB3,0.0,0.0,0.0,0.0,28,False
All poor LS,AGER,AGER,3.7,0.0,3.52,2.71,28,False
All poor LS,AGTR1,AGTR1,0.0,0.0,0.0,0.0,28,False
All poor LS,AJAP1,AJAP1,0.09,0.0,0.0,0.0,28,False
All poor LS,ALK,ALK,0.02,0.0,0.0,0.0,28,False
All poor LS,ALPL,ALPL,0.0,0.0,0.0,0.0,28,False
All poor LS,ALPP,ALPP,0.0,0.0,0.0,0.0,28,False
All poor LS,AMHR2,AMHR2,0.29,0.0,0.37,0.0,28,False
All poor LS,AMIGO1,AMIGO1,0.62,0.0,0.37,0.34,28,False
All poor LS,AMIGO2,AMIGO2,1.08,0.0,0.37,0.79,28,False
All poor LS,AMIGO3,AMIGO3,0.01,0.0,0.0,0.11,28,False
All poor LS,AMN,AMN,25.24,50.0,4.63,3.73,28,False
All poor LS,ANKH,ANKH,3.53,3.57,9.26,4.29,28,False
All poor LS,ANO1,ANO1,0.0,0.0,0.0,0.0,28,False
All poor LS,ANO2,ANO2,0.2,0.0,0.0,0.0,28,False
All poor LS,ANO5,ANO5,0.15,0.0,1.3,0.23,28,False
All poor LS,ANO7,ANO7,1.67,0.0,0.56,1.02,28,False
All poor LS,ANO9,ANO9,0.44,0.0,1.85,0.11,28,False
All poor LS,ANTXR1,ANTXR1,0.12,0.0,0.37,0.0,28,False
All poor LS,ANTXRL,ANTXRL,0.01,0.0,0.0,0.0,28,False
All poor LS,AOC3,AOC3,0.09,0.0,0.0,0.11,28,False
All poor LS,APCDD1,APCDD1,0.35,0.0,0.19,0.34,28,False
All poor LS,APLNR,APLNR,0.04,0.0,0.0,0.0,28,False
All poor LS,APLP1,APLP1,0.06,0.0,0.0,0.0,28,False
All poor LS,AQP1,AQP1,0.72,3.57,0.0,0.23,28,False
All poor LS,AQP10,AQP10,0.11,0.0,0.19,0.0,28,False
All poor LS,AQP5,AQP5,0.0,0.0,0.0,0.0,28,False
All poor LS,AQP8,AQP8,0.02,0.0,0.0,0.0,28,False
All poor LS,AQP9,AQP9,0.01,0.0,0.0,0.11,28,False
All poor LS,ART3,ART3,0.06,0.0,0.0,0.11,28,False
All poor LS,ART4,ART4,0.43,3.57,0.0,0.0,28,False
All poor LS,ASGR2,ASGR2,2.31,3.57,0.37,4.52,28,False
All poor LS,ASIC1,ASIC1,0.46,0.0,0.19,0.23,28,False
All poor LS,ASIC4,ASIC4,0.12,0.0,0.0,0.0,28,False
All poor LS,ASTN1,ASTN1,0.01,0.0,0.0,0.0,28,False
All poor LS,ASTN2,ASTN2,0.5,0.0,0.19,0.0,28,False
All poor LS,ATG9A,ATG9A,8.77,7.14,9.07,4.63,28,False
All poor LS,ATP1A2,ATP1A2,0.02,0.0,0.0,0.11,28,False
All poor LS,ATP1A3,ATP1A3,3.75,0.0,3.89,0.68,28,False
All poor LS,ATP1A4,ATP1A4,0.0,0.0,0.0,0.0,28,False
All poor LS,ATP1B2,ATP1B2,0.15,0.0,0.74,0.0,28,False
All poor LS,ATP1B4,ATP1B4,0.02,0.0,0.0,0.0,28,False
All poor LS,ATP2B2,ATP2B2,0.13,0.0,0.0,0.0,28,False
All poor LS,ATP2B3,ATP2B3,0.02,0.0,0.0,0.34,28,False
All poor LS,ATP4B,ATP4B,0.02,0.0,0.0,0.0,28,False
All poor LS,ATRNL1,ATRNL1,0.06,0.0,0.0,0.0,28,False
All poor LS,AVPR1A,AVPR1A,0.19,0.0,0.19,0.0,28,False
All poor LS,AVPR1B,AVPR1B,0.11,0.0,1.3,0.0,28,False
All poor LS,AVPR2,AVPR2,0.08,0.0,0.0,0.0,28,False
All poor LS,AXL,AXL,0.65,0.0,0.0,0.68,28,False
All poor LS,BACE2,BACE2,1.17,3.57,4.26,0.45,28,False
All poor LS,BAMBI,BAMBI,3.18,10.71,1.3,0.79,28,False
All poor LS,BCAM,BCAM,2.35,3.57,4.81,0.68,28,False
All poor LS,BCAN,BCAN,0.03,0.0,0.0,0.0,28,False
All poor LS,BEST2,BEST2,0.0,0.0,0.0,0.0,28,False
All poor LS,BEST4,BEST4,0.44,0.0,0.74,0.0,28,False
All poor LS,BMPR1A,BMPR1A,1.38,0.0,0.19,0.34,28,False
All poor LS,BOC,BOC,0.08,0.0,0.0,0.0,28,False
All poor LS,BTC,BTC,0.04,0.0,0.56,0.0,28,False
All poor LS,BTLA,BTLA,0.78,0.0,0.0,0.56,28,False
All poor LS,BTN1A1,BTN1A1,0.01,0.0,0.0,0.0,28,False
All poor LS,BTN2A2,BTN2A2,5.7,0.0,6.3,5.65,28,False
All poor LS,BTN3A1,BTN3A1,9.54,0.0,7.78,3.84,28,False
All poor LS,BTN3A3,BTN3A3,7.32,3.57,7.22,2.26,28,False
All poor LS,BTNL3,BTNL3,0.01,0.0,0.0,0.0,28,False
All poor LS,BTNL9,BTNL9,0.1,0.0,0.0,0.0,28,False
All poor LS,BVES,BVES,0.27,3.57,0.0,0.0,28,False
All poor LS,C11orf24,C11orf24,11.46,25.0,7.78,8.14,28,False
All poor LS,C14orf132,C14orf132,0.1,0.0,0.19,0.0,28,False
All poor LS,C19orf18,C19orf18,0.19,0.0,0.0,0.0,28,False
All poor LS,C1orf159,C1orf159,7.31,3.57,5.74,5.31,28,False
All poor LS,C3AR1,C3AR1,5.06,0.0,0.0,0.56,28,False
All poor LS,C5AR1,C5AR1,0.45,0.0,0.74,2.37,28,False
All poor LS,C5AR2,C5AR2,0.4,0.0,0.19,0.45,28,False
All poor LS,CA12,CA12,0.01,0.0,0.0,0.0,28,False
All poor LS,CA14,CA14,0.04,0.0,0.0,0.0,28,False
All poor LS,CA4,CA4,0.0,0.0,0.0,0.0,28,False
All poor LS,CACHD1,CACHD1,1.08,0.0,2.96,0.34,28,False
All poor LS,CACNA1C,CACNA1C,2.05,0.0,1.48,0.34,28,False
All poor LS,CACNA1G,CACNA1G,0.1,0.0,0.37,0.11,28,False
All poor LS,CACNA1I,CACNA1I,0.02,0.0,0.0,0.0,28,False
All poor LS,CACNG4,CACNG4,0.04,0.0,0.0,0.0,28,False
All poor LS,CACNG6,CACNG6,0.0,0.0,0.0,0.0,28,False
All poor LS,CACNG7,CACNG7,0.01,0.0,0.0,0.0,28,False
All poor LS,CACNG8,CACNG8,0.04,0.0,0.0,0.0,28,False
All poor LS,CADM1,CADM1,1.69,3.57,0.19,0.56,28,False
All poor LS,CADM2,CADM2,0.02,0.0,0.37,0.0,28,False
All poor LS,CADM3,CADM3,0.0,0.0,0.0,0.0,28,False
All poor LS,CADM4,CADM4,0.09,0.0,0.0,0.11,28,False
All poor LS,CALCRL,CALCRL,3.12,0.0,8.33,0.9,28,False
All poor LS,CALY,CALY,0.01,0.0,0.0,0.0,28,False
All poor LS,CASR,CASR,0.0,0.0,0.0,0.0,28,False
All poor LS,CATSPERD,CATSPERD,0.06,0.0,0.0,0.11,28,False
All poor LS,CATSPERG,CATSPERG,2.07,0.0,1.85,0.79,28,False
All poor LS,CCKBR,CCKBR,0.0,0.0,0.19,0.0,28,False
All poor LS,CCR1,CCR1,2.6,3.57,0.37,3.5,28,False
All poor LS,CCR10,CCR10,0.66,0.0,0.19,0.45,28,False
All poor LS,CCR2,CCR2,2.29,0.0,0.37,7.23,28,False
All poor LS,CCR3,CCR3,0.07,0.0,0.0,0.0,28,False
All poor LS,CCR4,CCR4,0.06,0.0,0.0,0.0,28,False
All poor LS,CCR5,CCR5,0.36,0.0,0.0,0.68,28,False
All poor LS,CCR6,CCR6,0.49,0.0,0.19,0.11,28,False
All poor LS,CCR7,CCR7,0.96,0.0,1.11,0.34,28,False
All poor LS,CCR8,CCR8,0.01,0.0,0.0,0.0,28,False
All poor LS,CCR9,CCR9,0.39,0.0,0.19,0.0,28,False
All poor LS,CCRL2,CCRL2,3.33,0.0,2.04,1.13,28,False
All poor LS,CD101,CD101,0.37,0.0,0.19,1.13,28,False
All poor LS,CD160,CD160,0.1,0.0,0.19,0.23,28,False
All poor LS,CD163,CD163,2.24,3.57,0.0,3.5,28,False
All poor LS,CD163L1,CD163L1,0.53,0.0,0.0,0.34,28,False
All poor LS,CD164L2,CD164L2,0.03,0.0,0.0,0.0,28,False
All poor LS,CD177,CD177,0.08,0.0,0.0,0.0,28,False
All poor LS,CD19,CD19,3.5,10.71,1.48,1.81,28,False
All poor LS,CD1A,CD1A,0.1,0.0,0.0,0.23,28,False
All poor LS,CD1B,CD1B,0.02,0.0,0.0,0.68,28,False
All poor LS,CD1C,CD1C,0.12,0.0,0.19,1.58,28,False
All poor LS,CD1E,CD1E,0.09,0.0,0.0,1.13,28,False
All poor LS,CD2,CD2,7.3,10.71,0.19,1.02,28,False
All poor LS,CD200R1,CD200R1,0.68,3.57,0.19,0.34,28,False
All poor LS,CD200R1L,CD200R1L,0.0,0.0,0.0,0.0,28,False
All poor LS,CD22,CD22,0.52,0.0,3.33,0.34,28,False
All poor LS,CD226,CD226,0.33,0.0,0.19,0.0,28,False
All poor LS,CD24,CD24,1.79,3.57,1.67,0.79,28,False
All poor LS,CD248,CD248,1.15,0.0,0.74,0.23,28,False
All poor LS,CD27,CD27,0.24,0.0,0.37,0.45,28,False
All poor LS,CD274,CD274,0.22,0.0,0.37,0.0,28,False
All poor LS,CD276,CD276,1.79,3.57,0.0,0.68,28,False
All poor LS,CD28,CD28,0.09,0.0,0.37,0.0,28,False
All poor LS,CD300E,CD300E,0.91,0.0,0.0,1.47,28,False
All poor LS,CD300LD,CD300LD,0.0,0.0,0.0,0.0,28,False
All poor LS,CD300LG,CD300LG,0.0,0.0,0.0,0.0,28,False
All poor LS,CD40,CD40,1.72,0.0,4.26,0.79,28,False
All poor LS,CD40LG,CD40LG,0.18,0.0,0.56,0.11,28,False
All poor LS,CD5,CD5,0.39,0.0,0.74,0.23,28,False
All poor LS,CD6,CD6,1.67,0.0,0.37,0.23,28,False
All poor LS,CD7,CD7,19.2,32.14,9.07,3.05,28,False
All poor LS,CD70,CD70,3.7,10.71,0.0,0.9,28,True
All poor LS,CD79A,CD79A,7.6,17.86,7.59,0.9,28,False
All poor LS,CD80,CD80,0.09,0.0,0.0,0.0,28,False
All poor LS,CD8A,CD8A,0.27,0.0,0.0,0.0,28,False
All poor LS,CD8B,CD8B,0.27,3.57,0.19,0.45,28,False
All poor LS,CD9,CD9,38.01,46.43,7.59,6.78,28,False
All poor LS,CD96,CD96,38.46,60.71,2.41,3.28,28,True
All poor LS,CDH1,CDH1,0.0,0.0,0.19,0.11,28,False
All poor LS,CDH10,CDH10,0.0,0.0,0.0,0.0,28,False
All poor LS,CDH11,CDH11,0.0,0.0,0.0,0.0,28,False
All poor LS,CDH12,CDH12,0.08,0.0,0.0,0.0,28,False
All poor LS,CDH13,CDH13,0.15,0.0,0.0,0.0,28,False
All poor LS,CDH15,CDH15,0.03,0.0,0.0,0.0,28,False
All poor LS,CDH18,CDH18,0.0,0.0,0.0,0.0,28,False
All poor LS,CDH2,CDH2,1.14,3.57,5.19,0.34,28,False
All poor LS,CDH20,CDH20,0.07,0.0,0.19,0.0,28,False
All poor LS,CDH22,CDH22,0.03,0.0,0.0,0.11,28,False
All poor LS,CDH23,CDH23,1.11,0.0,0.93,1.81,28,False
All poor LS,CDH24,CDH24,1.94,0.0,1.3,0.79,28,False
All poor LS,CDH26,CDH26,3.25,3.57,8.15,1.92,28,False
All poor LS,CDH3,CDH3,0.04,0.0,0.0,0.11,28,False
All poor LS,CDH4,CDH4,3.08,3.57,1.85,0.34,28,False
All poor LS,CDH5,CDH5,0.0,0.0,0.0,0.11,28,False
All poor LS,CDH6,CDH6,0.01,0.0,0.0,0.0,28,False
All poor LS,CDH7,CDH7,0.01,0.0,5.37,0.11,28,False
All poor LS,CDH8,CDH8,0.0,0.0,0.0,0.0,28,False
All poor LS,CDH9,CDH9,0.31,0.0,2.22,0.0,28,False
All poor LS,CDHR1,CDHR1,0.02,0.0,0.0,0.0,28,False
All poor LS,CDHR2,CDHR2,0.13,0.0,0.0,0.0,28,False
All poor LS,CDHR3,CDHR3,0.04,0.0,0.0,0.23,28,False
All poor LS,CDHR4,CDHR4,0.15,0.0,0.0,0.0,28,False
All poor LS,CDHR5,CDHR5,0.06,0.0,0.0,0.11,28,False
All poor LS,CDON,CDON,0.15,0.0,0.0,0.0,28,False
All poor LS,CEACAM1,CEACAM1,0.37,0.0,1.3,0.0,28,False
All poor LS,CEACAM19,CEACAM19,0.4,0.0,0.74,0.68,28,False
All poor LS,CEACAM21,CEACAM21,6.0,0.0,8.15,1.92,28,False
All poor LS,CEACAM3,CEACAM3,0.08,0.0,0.0,0.0,28,False
All poor LS,CEACAM6,CEACAM6,1.49,0.0,0.0,0.56,28,False
All poor LS,CEACAM8,CEACAM8,0.17,0.0,0.0,0.34,28,False
All poor LS,CELSR1,CELSR1,0.61,0.0,0.19,0.34,28,False
All poor LS,CELSR2,CELSR2,0.29,0.0,0.37,0.34,28,False
All poor LS,CELSR3,CELSR3,1.72,0.0,0.93,0.79,28,False
All poor LS,CHL1,CHL1,0.0,0.0,0.19,0.0,28,False
All poor LS,CHODL,CHODL,0.26,0.0,0.0,0.0,28,False
All poor LS,CHRM4,CHRM4,0.07,0.0,0.0,0.0,28,False
All poor LS,CHRM5,CHRM5,0.12,0.0,0.19,0.0,28,False
All poor LS,CHRNA1,CHRNA1,0.0,0.0,0.0,0.0,28,False
All poor LS,CHRNA10,CHRNA10,0.77,0.0,0.56,0.9,28,False
All poor LS,CHRNA2,CHRNA2,0.06,0.0,0.0,0.0,28,False
All poor LS,CHRNA3,CHRNA3,0.01,0.0,0.0,0.0,28,False
All poor LS,CHRNA5,CHRNA5,0.73,0.0,3.52,0.68,28,False
All poor LS,CHRNA6,CHRNA6,0.15,0.0,0.0,0.23,28,False
All poor LS,CHRNA7,CHRNA7,1.04,0.0,0.74,0.79,28,False
All poor LS,CHRNA9,CHRNA9,0.03,0.0,0.19,0.0,28,False
All poor LS,CHRNB2,CHRNB2,0.06,0.0,0.0,0.0,28,False
All poor LS,CHRNB4,CHRNB4,0.0,0.0,0.0,0.0,28,False
All poor LS,CHRND,CHRND,0.0,0.0,0.0,0.0,28,False
All poor LS,CHRNE,CHRNE,1.26,0.0,0.74,0.68,28,False
All poor LS,CHRNG,CHRNG,0.04,0.0,0.19,0.0,28,False
All poor LS,CLCNKB,CLCNKB,0.02,0.0,0.19,0.0,28,False
All poor LS,CLDN1,CLDN1,0.0,0.0,0.0,0.0,28,False
All poor LS,CLDN11,CLDN11,0.0,0.0,0.0,0.0,28,False
All poor LS,CLDN12,CLDN12,2.39,0.0,1.48,0.56,28,False
All poor LS,CLDN16,CLDN16,0.0,0.0,0.0,0.0,28,False
All poor LS,CLDN19,CLDN19,0.2,0.0,0.0,0.34,28,False
All poor LS,CLDN20,CLDN20,0.08,0.0,0.0,0.0,28,False
All poor LS,CLDN22,CLDN22,0.0,0.0,0.0,0.0,28,False
All poor LS,CLDN24,CLDN24,0.0,0.0,0.0,0.0,28,False
All poor LS,CLDN3,CLDN3,0.0,0.0,0.0,0.0,28,False
All poor LS,CLDN4,CLDN4,0.03,0.0,0.0,0.0,28,False
All poor LS,CLDN6,CLDN6,0.15,0.0,0.0,0.0,28,False
All poor LS,CLDN7,CLDN7,1.45,0.0,1.85,0.56,28,False
All poor LS,CLDN9,CLDN9,0.31,0.0,0.0,0.0,28,False
All poor LS,CLEC12B,CLEC12B,1.86,0.0,0.0,1.24,28,False
All poor LS,CLEC14A,CLEC14A,3.02,7.14,1.3,0.45,28,False
All poor LS,CLEC17A,CLEC17A,0.03,0.0,0.19,0.23,28,False
All poor LS,CLEC1A,CLEC1A,0.04,0.0,0.0,0.0,28,False
All poor LS,CLEC1B,CLEC1B,0.87,0.0,0.19,0.34,28,False
All poor LS,CLEC2D,CLEC2D,10.63,10.71,6.3,5.54,28,False
All poor LS,CLEC4G,CLEC4G,2.04,3.57,0.93,3.73,28,False
All poor LS,CLEC4M,CLEC4M,0.02,0.0,0.0,0.0,28,False
All poor LS,CLEC7A,CLEC7A,0.86,0.0,0.56,5.08,28,False
All poor LS,CLEC9A,CLEC9A,0.55,0.0,6.67,0.23,28,False
All poor LS,CLMP,CLMP,0.06,0.0,0.0,0.0,28,False
All poor LS,CLSTN2,CLSTN2,0.99,0.0,0.19,0.45,28,False
All poor LS,CLSTN3,CLSTN3,7.23,7.14,7.04,3.28,28,False
All poor LS,CMKLR1,CMKLR1,0.1,0.0,0.0,0.11,28,False
All poor LS,CNNM4,CNNM4,5.75,0.0,6.85,2.71,28,False
All poor LS,CNR1,CNR1,0.03,0.0,0.19,0.0,28,False
All poor LS,CNR2,CNR2,0.39,0.0,0.37,0.11,28,False
All poor LS,CNTN1,CNTN1,0.17,0.0,0.37,0.0,28,False
All poor LS,CNTN2,CNTN2,0.02,0.0,0.19,0.0,28,False
All poor LS,CNTN4,CNTN4,2.4,0.0,0.19,0.0,28,False
All poor LS,CNTN5,CNTN5,0.04,0.0,0.19,0.0,28,False
All poor LS,CNTNAP1,CNTNAP1,0.26,0.0,0.0,0.0,28,False
All poor LS,CNTNAP2,CNTNAP2,0.04,0.0,0.0,0.0,28,False
All poor LS,CNTNAP3,CNTNAP3,0.01,0.0,0.0,0.0,28,False
All poor LS,CNTNAP3B,CNTNAP3B,0.06,0.0,0.0,0.0,28,False
All poor LS,CNTNAP5,CNTNAP5,0.01,0.0,0.0,0.0,28,False
All poor LS,CORIN,CORIN,0.0,0.0,0.0,0.0,28,False
All poor LS,CPM,CPM,3.25,3.57,0.19,9.83,28,False
All poor LS,CR1,CR1,1.33,3.57,1.67,5.31,28,False
All poor LS,CR2,CR2,0.19,0.0,0.0,0.0,28,False
All poor LS,CRB1,CRB1,0.03,0.0,0.0,0.0,28,False
All poor LS,CRB2,CRB2,0.08,0.0,0.0,0.23,28,False
All poor LS,CRB3,CRB3,0.0,0.0,0.0,0.0,28,False
All poor LS,CRHR1,CRHR1,0.0,0.0,0.0,0.0,28,False
All poor LS,CRHR2,CRHR2,0.02,0.0,0.0,0.0,28,False
All poor LS,CRIM1,CRIM1,9.98,10.71,8.89,1.13,28,False
All poor LS,CRLF2,CRLF2,2.35,0.0,0.37,0.11,28,False
All poor LS,CRTAM,CRTAM,0.53,0.0,0.56,1.13,28,False
All poor LS,CSF1,CSF1,1.28,3.57,1.11,0.34,28,False
All poor LS,CSF2RB,CSF2RB,3.72,3.57,9.44,2.49,28,False
All poor LS,CSMD1,CSMD1,0.04,0.0,0.0,0.23,28,False
All poor LS,CSMD2,CSMD2,0.03,0.0,0.0,0.0,28,False
All poor LS,CSPG4,CSPG4,0.78,0.0,0.0,0.23,28,False
All poor LS,CSPG5,CSPG5,0.37,0.0,0.0,0.11,28,False
All poor LS,CTLA4,CTLA4,0.02,0.0,0.19,0.0,28,False
All poor LS,CTNS,CTNS,6.93,0.0,5.37,3.5,28,False
All poor LS,CUZD1,CUZD1,0.25,0.0,0.0,0.0,28,False
All poor LS,CX3CR1,CX3CR1,2.83,3.57,0.19,1.92,28,False
All poor LS,CXADR,CXADR,0.7,3.57,0.37,0.0,28,False
All poor LS,CXCL16,CXCL16,0.49,0.0,0.74,1.47,28,False
All poor LS,CXCR1,CXCR1,0.08,0.0,0.0,0.11,28,False
All poor LS,CXCR2,CXCR2,0.68,0.0,0.19,2.26,28,False
All poor LS,CXCR3,CXCR3,0.63,0.0,0.37,0.23,28,False
All poor LS,CXCR5,CXCR5,0.15,0.0,0.0,0.34,28,False
All poor LS,CXCR6,CXCR6,0.12,0.0,0.0,0.34,28,False
All poor LS,CYSLTR2,CYSLTR2,2.49,0.0,0.56,0.56,28,False
All poor LS,DAG1,DAG1,5.23,3.57,6.48,2.6,28,False
All poor LS,DAGLA,DAGLA,0.53,0.0,0.19,1.13,28,False
All poor LS,DCBLD1,DCBLD1,1.36,0.0,0.93,0.68,28,False
All poor LS,DCBLD2,DCBLD2,3.2,7.14,8.33,1.69,28,False
All poor LS,DCC,DCC,0.0,0.0,0.0,0.0,28,False
All poor LS,DCHS1,DCHS1,0.91,0.0,2.78,0.11,28,False
All poor LS,DCHS2,DCHS2,0.0,0.0,0.0,0.0,28,False
All poor LS,DCSTAMP,DCSTAMP,0.08,0.0,0.37,0.0,28,False
All poor LS,DCT,DCT,0.02,0.0,0.0,0.0,28,False
All poor LS,DDR1,DDR1,0.31,0.0,0.37,0.9,28,False
All poor LS,DDR2,DDR2,0.06,0.0,0.56,0.11,28,False
All poor LS,DISP1,DISP1,1.56,0.0,1.67,0.56,28,False
All poor LS,DISP2,DISP2,0.78,0.0,0.37,0.23,28,False
All poor LS,DLK1,DLK1,1.2,3.57,4.81,0.0,28,False
All poor LS,DLK2,DLK2,0.26,0.0,0.19,0.0,28,False
All poor LS,DLL1,DLL1,0.47,0.0,0.56,0.11,28,False
All poor LS,DLL3,DLL3,1.42,3.57,0.56,0.45,28,False
All poor LS,DLL4,DLL4,0.12,0.0,0.19,0.11,28,False
All poor LS,DNER,DNER,0.0,0.0,0.0,0.0,28,False
All poor LS,DPEP1,DPEP1,0.52,0.0,0.0,0.0,28,False
All poor LS,DPEP3,DPEP3,5.28,10.71,3.52,1.36,28,False
All poor LS,DPP10,DPP10,1.44,10.71,2.41,0.34,28,False
All poor LS,DPP4,DPP4,0.08,0.0,0.19,0.23,28,False
All poor LS,DPP6,DPP6,0.01,0.0,0.0,0.0,28,False
All poor LS,DRD2,DRD2,0.0,0.0,0.0,0.0,28,False
All poor LS,DRD4,DRD4,0.52,0.0,0.19,0.34,28,False
All poor LS,DSC1,DSC1,0.0,0.0,0.0,0.0,28,False
All poor LS,DSC2,DSC2,5.53,17.86,0.56,0.56,28,False
All poor LS,DSC3,DSC3,0.04,0.0,0.0,0.0,28,False
All poor LS,DSCAML1,DSCAML1,0.07,0.0,0.0,0.0,28,False
All poor LS,DSG3,DSG3,0.0,0.0,0.0,0.0,28,False
All poor LS,DUOX1,DUOX1,0.11,0.0,0.19,0.11,28,False
All poor LS,DUOX2,DUOX2,0.0,0.0,0.0,0.0,28,False
All poor LS,DUOXA1,DUOXA1,0.0,0.0,0.0,0.11,28,False
All poor LS,DYNAP,DYNAP,0.13,0.0,0.0,0.0,28,False
All poor LS,ECE1,ECE1,4.68,3.57,2.41,1.02,28,False
All poor LS,ECSCR,ECSCR,0.2,0.0,0.0,0.11,28,False
All poor LS,EDA,EDA,0.44,0.0,0.74,0.11,28,False
All poor LS,EDA2R,EDA2R,1.64,0.0,1.48,0.23,28,False
All poor LS,EDAR,EDAR,0.02,0.0,0.0,0.0,28,False
All poor LS,EDNRB,EDNRB,0.07,0.0,0.19,0.11,28,False
All poor LS,EFNA1,EFNA1,3.06,0.0,6.85,0.23,28,False
All poor LS,EFNA2,EFNA2,0.03,0.0,0.0,0.0,28,False
All poor LS,EFNA3,EFNA3,2.38,0.0,2.59,1.02,28,False
All poor LS,EFNA4,EFNA4,3.91,0.0,5.19,1.92,28,False
All poor LS,EFNA5,EFNA5,0.86,0.0,0.0,0.11,28,False
All poor LS,EFNB1,EFNB1,2.66,0.0,6.11,1.92,28,False
All poor LS,EFNB2,EFNB2,0.64,0.0,1.3,0.23,28,False
All poor LS,EFNB3,EFNB3,0.19,0.0,0.0,0.0,28,False
All poor LS,EGF,EGF,0.41,0.0,0.37,0.0,28,False
All poor LS,ELFN1,ELFN1,0.0,0.0,0.19,0.0,28,False
All poor LS,ELFN2,ELFN2,0.08,0.0,0.0,0.11,28,False
All poor LS,EMCN,EMCN,0.0,0.0,4.07,0.0,28,False
All poor LS,EMP1,EMP1,15.66,21.43,9.26,5.65,28,False
All poor LS,EMP2,EMP2,0.43,0.0,1.48,0.23,28,False
All poor LS,ENPEP,ENPEP,0.06,0.0,0.19,0.0,28,False
All poor LS,ENPP1,ENPP1,0.03,0.0,0.0,0.0,28,False
All poor LS,ENPP4,ENPP4,4.61,3.57,5.74,1.47,28,False
All poor LS,ENPP5,ENPP5,0.03,0.0,1.67,0.0,28,False
All poor LS,ENPP6,ENPP6,0.0,0.0,0.19,0.11,28,False
All poor LS,ENTPD1,ENTPD1,4.54,3.57,2.78,9.6,28,False
All poor LS,ENTPD3,ENTPD3,0.01,0.0,0.0,0.0,28,False
All poor LS,EPCAM,EPCAM,1.98,7.14,4.26,1.69,28,False
All poor LS,EPGN,EPGN,0.25,0.0,0.56,0.0,28,False
All poor LS,EPHA1,EPHA1,2.23,0.0,2.41,1.92,28,False
All poor LS,EPHA10,EPHA10,0.02,0.0,0.0,0.11,28,False
All poor LS,EPHA2,EPHA2,0.04,0.0,0.0,0.0,28,False
All poor LS,EPHA3,EPHA3,0.17,0.0,0.0,0.0,28,False
All poor LS,EPHA4,EPHA4,0.43,3.57,0.19,0.0,28,False
All poor LS,EPHA5,EPHA5,0.0,0.0,0.0,0.0,28,False
All poor LS,EPHA7,EPHA7,0.01,0.0,0.0,0.0,28,False
All poor LS,EPHA8,EPHA8,0.0,0.0,0.0,0.0,28,False
All poor LS,EPHB1,EPHB1,0.1,0.0,0.0,0.11,28,False
All poor LS,EPHB2,EPHB2,0.33,0.0,0.19,1.47,28,False
All poor LS,EPHB3,EPHB3,1.28,0.0,0.0,1.92,28,False
All poor LS,EPHB4,EPHB4,5.63,3.57,6.11,3.84,28,False
All poor LS,EPOR,EPOR,3.81,3.57,3.89,3.05,28,False
All poor LS,EQTN,EQTN,0.0,0.0,0.0,0.0,28,False
All poor LS,ERBB2,ERBB2,1.01,0.0,1.48,0.56,28,False
All poor LS,ERBB3,ERBB3,0.1,0.0,0.0,0.0,28,False
All poor LS,ERBB4,ERBB4,0.12,0.0,0.0,0.0,28,False
All poor LS,ERMAP,ERMAP,8.28,3.57,4.63,4.41,28,False
All poor LS,ERVFRD-1,ERVFRD-1,1.01,0.0,0.0,0.11,28,False
All poor LS,ERVK13-1,ERVK13-1,6.26,3.57,6.67,1.92,28,False
All poor LS,ERVMER34-1,ERVMER34-1,0.01,0.0,0.0,0.0,28,False
All poor LS,ERVW-1,ERVW-1,0.04,0.0,0.19,0.11,28,False
All poor LS,ESAM,ESAM,2.76,10.71,8.89,0.79,28,False
All poor LS,ESYT3,ESYT3,0.25,0.0,0.37,0.0,28,False
All poor LS,EVA1C,EVA1C,1.12,0.0,5.93,1.02,28,False
All poor LS,EVC2,EVC2,1.72,0.0,3.15,1.02,28,False
All poor LS,F2RL2,F2RL2,1.21,0.0,3.33,0.56,28,False
All poor LS,F2RL3,F2RL3,0.17,0.0,0.0,0.0,28,False
All poor LS,F3,F3,2.11,0.0,0.19,0.68,28,False
All poor LS,FAIM2,FAIM2,0.0,0.0,0.0,0.0,28,False
All poor LS,FAM171A1,FAM171A1,3.05,10.71,0.56,0.23,28,False
All poor LS,FAM171A2,FAM171A2,1.17,0.0,7.41,0.56,28,False
All poor LS,FAM171B,FAM171B,0.65,0.0,9.63,0.68,28,False
All poor LS,FAM174B,FAM174B,2.15,3.57,6.11,1.13,28,False
All poor LS,FAM187B,FAM187B,0.01,0.0,0.0,0.0,28,False
All poor LS,FAP,FAP,0.0,0.0,0.0,0.0,28,False
All poor LS,FAS,FAS,8.56,7.14,4.07,7.23,28,False
All poor LS,FASLG,FASLG,0.04,0.0,0.0,0.0,28,False
All poor LS,FAT1,FAT1,0.13,0.0,0.0,0.0,28,False
All poor LS,FAT2,FAT2,0.09,0.0,0.0,0.0,28,False
All poor LS,FAT3,FAT3,0.02,0.0,0.19,0.0,28,False
All poor LS,FAT4,FAT4,0.01,0.0,2.41,0.0,28,False
All poor LS,FCAMR,FCAMR,0.01,0.0,0.0,0.0,28,False
All poor LS,FCAR,FCAR,0.47,0.0,0.19,4.41,28,False
All poor LS,FCGR1B,FCGR1B,3.2,7.14,0.19,5.42,28,False
All poor LS,FCGR2A,FCGR2A,10.87,10.71,0.74,8.25,28,False
All poor LS,FCGR2B,FCGR2B,2.51,3.57,0.19,3.16,28,False
All poor LS,FCGR3A,FCGR3A,0.21,0.0,0.0,0.34,28,False
All poor LS,FCGR3B,FCGR3B,0.17,0.0,0.0,0.0,28,False
All poor LS,FCRL1,FCRL1,0.09,0.0,0.19,0.23,28,False
All poor LS,FCRL2,FCRL2,0.03,0.0,0.37,0.0,28,False
All poor LS,FCRL3,FCRL3,0.07,0.0,0.19,0.0,28,False
All poor LS,FCRL4,FCRL4,0.0,0.0,0.0,0.0,28,False
All poor LS,FCRL5,FCRL5,0.03,0.0,0.37,0.0,28,False
All poor LS,FCRL6,FCRL6,0.02,0.0,0.0,0.0,28,False
All poor LS,FFAR1,FFAR1,0.01,0.0,0.0,0.0,28,False
All poor LS,FFAR2,FFAR2,0.12,0.0,0.0,0.56,28,False
All poor LS,FFAR3,FFAR3,0.08,0.0,0.0,0.0,28,False
All poor LS,FFAR4,FFAR4,0.12,0.0,0.0,0.23,28,False
All poor LS,FGFR1,FGFR1,12.69,32.14,5.56,6.21,28,False
All poor LS,FGFR2,FGFR2,0.13,0.0,0.0,0.0,28,False
All poor LS,FGFR3,FGFR3,0.59,0.0,0.19,0.11,28,False
All poor LS,FGFR4,FGFR4,0.19,0.0,0.19,0.0,28,False
All poor LS,FGFRL1,FGFRL1,7.45,3.57,5.93,2.26,28,False
All poor LS,FKRP,FKRP,3.75,0.0,3.7,1.92,28,False
All poor LS,FLRT1,FLRT1,0.08,0.0,0.0,0.0,28,False
All poor LS,FLRT2,FLRT2,0.01,0.0,0.0,0.0,28,False
All poor LS,FLRT3,FLRT3,0.07,0.0,0.0,0.0,28,False
All poor LS,FLT1,FLT1,0.11,0.0,0.37,0.34,28,False
All poor LS,FLT3LG,FLT3LG,6.59,0.0,6.67,3.95,28,False
All poor LS,FLT4,FLT4,2.03,7.14,0.19,0.23,28,False
All poor LS,FLVCR1,FLVCR1,7.32,0.0,9.44,5.54,28,False
All poor LS,FLVCR2,FLVCR2,0.8,0.0,0.74,0.9,28,False
All poor LS,FNDC4,FNDC4,0.03,0.0,0.0,0.0,28,False
All poor LS,FNDC5,FNDC5,0.0,0.0,0.0,0.0,28,False
All poor LS,FNDC9,FNDC9,0.09,0.0,0.19,0.0,28,False
All poor LS,FOLH1,FOLH1,0.62,0.0,0.74,0.11,28,False
All poor LS,FOLR1,FOLR1,0.02,0.0,0.0,0.0,28,False
All poor LS,FOLR2,FOLR2,0.28,0.0,0.19,0.79,28,False
All poor LS,FPR1,FPR1,0.53,0.0,0.56,7.34,28,False
All poor LS,FPR2,FPR2,0.27,0.0,0.0,2.15,28,False
All poor LS,FPR3,FPR3,0.07,0.0,0.0,0.0,28,False
All poor LS,FRAS1,FRAS1,0.0,0.0,0.0,0.0,28,False
All poor LS,FREM2,FREM2,0.0,0.0,0.0,0.0,28,False
All poor LS,FRRS1,FRRS1,2.1,0.0,1.11,0.9,28,False
All poor LS,FURIN,FURIN,17.66,39.29,10.0,8.36,28,False
All poor LS,FZD1,FZD1,1.51,0.0,3.89,1.36,28,False
All poor LS,FZD2,FZD2,4.14,0.0,0.56,9.94,28,False
All poor LS,FZD3,FZD3,1.63,3.57,4.44,0.68,28,False
All poor LS,FZD4,FZD4,0.1,0.0,0.19,0.0,28,False
All poor LS,FZD5,FZD5,1.63,0.0,2.41,1.13,28,False
All poor LS,FZD6,FZD6,2.55,3.57,7.59,0.79,28,False
All poor LS,FZD7,FZD7,0.77,0.0,0.74,0.11,28,False
All poor LS,FZD8,FZD8,0.21,0.0,0.0,0.0,28,False
All poor LS,FZD9,FZD9,0.0,0.0,0.19,0.11,28,False
All poor LS,GABBR1,GABBR1,4.0,7.14,4.81,1.81,28,False
All poor LS,GABRA1,GABRA1,0.24,0.0,0.0,0.0,28,False
All poor LS,GABRA4,GABRA4,0.35,0.0,0.0,0.11,28,False
All poor LS,GABRB1,GABRB1,0.02,0.0,0.0,0.0,28,False
All poor LS,GABRB2,GABRB2,0.19,0.0,0.0,0.0,28,False
All poor LS,GABRB3,GABRB3,0.0,0.0,0.37,0.0,28,False
All poor LS,GABRD,GABRD,1.68,0.0,0.93,0.34,28,False
All poor LS,GABRE,GABRE,0.54,0.0,0.0,0.0,28,False
All poor LS,GABRG1,GABRG1,0.0,0.0,0.0,0.0,28,False
All poor LS,GABRG2,GABRG2,0.0,0.0,0.0,0.0,28,False
All poor LS,GABRP,GABRP,0.01,0.0,0.0,0.0,28,False
All poor LS,GABRR1,GABRR1,0.01,0.0,0.0,0.0,28,False
All poor LS,GABRR2,GABRR2,0.3,0.0,0.0,0.0,28,False
All poor LS,GALR1,GALR1,0.02,0.0,0.0,0.0,28,False
All poor LS,GALR2,GALR2,0.12,0.0,0.19,0.45,28,False
All poor LS,GALR3,GALR3,0.58,0.0,0.93,0.56,28,False
All poor LS,GAS1,GAS1,0.24,0.0,0.74,0.11,28,False
All poor LS,GCGR,GCGR,0.01,0.0,0.0,0.0,28,False
All poor LS,GDPD2,GDPD2,0.01,0.0,0.0,0.0,28,False
All poor LS,GDPD5,GDPD5,1.84,0.0,1.3,2.03,28,False
All poor LS,GFRA1,GFRA1,0.0,0.0,0.0,0.0,28,False
All poor LS,GFRA2,GFRA2,0.21,0.0,0.0,0.0,28,False
All poor LS,GFRA3,GFRA3,0.43,0.0,0.0,0.0,28,False
All poor LS,GGT1,GGT1,0.12,0.0,0.19,0.0,28,False
All poor LS,GGT7,GGT7,2.66,0.0,8.7,2.49,28,False
All poor LS,GHR,GHR,0.03,0.0,0.0,0.0,28,False
All poor LS,GHRHR,GHRHR,0.01,0.0,0.0,0.0,28,False
All poor LS,GHSR,GHSR,0.01,0.0,0.0,0.0,28,False
All poor LS,GIPR,GIPR,0.26,0.0,0.0,0.23,28,False
All poor LS,GJA1,GJA1,5.09,3.57,0.0,0.11,28,False
All poor LS,GJA3,GJA3,0.78,0.0,0.0,0.56,28,False
All poor LS,GJA4,GJA4,0.26,0.0,0.56,0.0,28,False
All poor LS,GJB2,GJB2,0.02,0.0,0.0,0.0,28,False
All poor LS,GJB3,GJB3,0.0,0.0,0.0,0.0,28,False
All poor LS,GJB6,GJB6,0.01,0.0,0.0,0.0,28,False
All poor LS,GJB7,GJB7,0.03,0.0,0.19,0.0,28,False
All poor LS,GJC2,GJC2,0.34,0.0,2.78,0.34,28,False
All poor LS,GJC3,GJC3,0.09,0.0,0.74,0.0,28,False
All poor LS,GJD2,GJD2,0.0,0.0,0.0,0.0,28,False
All poor LS,GLDN,GLDN,0.17,0.0,0.0,0.0,28,False
All poor LS,GLP1R,GLP1R,0.15,0.0,0.0,0.0,28,False
All poor LS,GLP2R,GLP2R,0.0,0.0,0.0,0.0,28,False
All poor LS,GLRA2,GLRA2,0.02,0.0,0.0,0.0,28,False
All poor LS,GLRA3,GLRA3,0.0,0.0,0.0,0.0,28,False
All poor LS,GLRA4,GLRA4,0.01,0.0,0.0,0.0,28,False
All poor LS,GLRB,GLRB,0.07,0.0,1.48,0.0,28,False
All poor LS,GML,GML,0.01,0.0,0.0,0.0,28,False
All poor LS,GNRHR,GNRHR,0.03,0.0,0.0,0.0,28,False
All poor LS,GP1BA,GP1BA,0.74,0.0,2.41,0.11,28,False
All poor LS,GP1BB,GP1BB,7.29,14.29,5.93,0.79,28,False
All poor LS,GP5,GP5,0.01,0.0,0.0,0.0,28,False
All poor LS,GP6,GP6,0.62,0.0,0.0,0.45,28,False
All poor LS,GPA33,GPA33,4.35,3.57,1.67,1.02,28,False
All poor LS,GPBAR1,GPBAR1,0.31,0.0,0.0,8.02,28,False
All poor LS,GPC1,GPC1,2.38,0.0,1.3,1.13,28,False
All poor LS,GPC2,GPC2,2.31,0.0,7.59,0.68,28,False
All poor LS,GPC3,GPC3,0.1,0.0,0.19,0.0,28,False
All poor LS,GPC4,GPC4,0.21,0.0,0.0,0.0,28,False
All poor LS,GPC5,GPC5,0.09,0.0,4.07,0.11,28,False
All poor LS,GPC6,GPC6,0.13,0.0,0.74,0.0,28,False
All poor LS,GPER1,GPER1,0.13,0.0,0.19,0.34,28,False
All poor LS,GPIHBP1,GPIHBP1,0.0,0.0,0.0,0.0,28,False
All poor LS,GPM6A,GPM6A,0.02,0.0,0.0,0.0,28,False
All poor LS,GPM6B,GPM6B,2.49,3.57,2.04,1.24,28,False
All poor LS,GPNMB,GPNMB,0.36,0.0,0.19,0.0,28,False
All poor LS,GPR1,GPR1,0.0,0.0,0.0,0.11,28,False
All poor LS,GPR101,GPR101,0.0,0.0,0.0,0.0,28,False
All poor LS,GPR12,GPR12,4.29,10.71,2.78,3.5,28,False
All poor LS,GPR132,GPR132,2.12,0.0,0.56,2.94,28,False
All poor LS,GPR137B,GPR137B,2.44,0.0,5.37,1.69,28,False
All poor LS,GPR137C,GPR137C,1.9,0.0,1.85,1.36,28,False
All poor LS,GPR141,GPR141,1.53,0.0,4.44,4.41,28,False
All poor LS,GPR142,GPR142,0.03,0.0,0.0,0.0,28,False
All poor LS,GPR15,GPR15,0.0,0.0,0.0,0.0,28,False
All poor LS,GPR150,GPR150,0.76,0.0,1.67,0.34,28,False
All poor LS,GPR151,GPR151,0.13,0.0,0.0,0.0,28,False
All poor LS,GPR152,GPR152,0.13,0.0,0.0,0.0,28,False
All poor LS,GPR153,GPR153,0.77,0.0,0.0,0.56,28,False
All poor LS,GPR155,GPR155,0.77,0.0,0.56,0.79,28,False
All poor LS,GPR157,GPR157,1.31,0.0,2.04,0.68,28,False
All poor LS,GPR158,GPR158,0.0,0.0,0.0,0.0,28,False
All poor LS,GPR160,GPR160,3.22,3.57,2.41,6.55,28,False
All poor LS,GPR161,GPR161,0.5,0.0,1.11,0.23,28,False
All poor LS,GPR162,GPR162,2.12,0.0,4.81,3.5,28,False
All poor LS,GPR17,GPR17,0.07,0.0,0.0,0.0,28,False
All poor LS,GPR171,GPR171,1.08,0.0,1.11,0.11,28,False
All poor LS,GPR173,GPR173,0.13,0.0,1.3,0.11,28,False
All poor LS,GPR174,GPR174,17.48,28.57,8.52,1.36,28,False
All poor LS,GPR176,GPR176,0.09,0.0,0.0,0.11,28,False
All poor LS,GPR179,GPR179,0.04,0.0,0.0,0.0,28,False
All poor LS,GPR18,GPR18,0.55,0.0,0.37,0.79,28,False
All poor LS,GPR180,GPR180,8.47,0.0,7.96,4.52,28,False
All poor LS,GPR182,GPR182,0.01,0.0,0.0,0.0,28,False
All poor LS,GPR19,GPR19,0.54,0.0,0.56,0.34,28,False
All poor LS,GPR20,GPR20,0.06,0.0,0.0,0.0,28,False
All poor LS,GPR21,GPR21,0.01,0.0,0.19,0.0,28,False
All poor LS,GPR22,GPR22,0.16,0.0,0.93,0.11,28,False
All poor LS,GPR25,GPR25,0.03,0.0,0.0,0.11,28,False
All poor LS,GPR3,GPR3,0.57,0.0,1.11,0.11,28,False
All poor LS,GPR31,GPR31,0.0,0.0,0.0,0.0,28,False
All poor LS,GPR32,GPR32,0.28,0.0,0.19,0.0,28,False
All poor LS,GPR33,GPR33,0.0,0.0,0.0,0.0,28,False
All poor LS,GPR34,GPR34,0.4,0.0,0.19,0.34,28,False
All poor LS,GPR35,GPR35,4.33,0.0,0.93,3.62,28,False
All poor LS,GPR37,GPR37,0.03,0.0,0.19,0.0,28,False
All poor LS,GPR37L1,GPR37L1,0.09,0.0,0.0,0.11,28,False
All poor LS,GPR39,GPR39,0.0,0.0,0.0,0.0,28,False
All poor LS,GPR4,GPR4,0.0,0.0,0.0,0.0,28,False
All poor LS,GPR42,GPR42,0.0,0.0,0.19,0.0,28,False
All poor LS,GPR45,GPR45,0.01,0.0,0.0,0.0,28,False
All poor LS,GPR52,GPR52,0.17,0.0,0.0,0.0,28,False
All poor LS,GPR55,GPR55,1.31,0.0,0.0,0.23,28,False
All poor LS,GPR61,GPR61,0.1,0.0,0.19,0.0,28,False
All poor LS,GPR62,GPR62,0.02,0.0,0.0,0.0,28,False
All poor LS,GPR63,GPR63,0.22,0.0,2.78,0.45,28,False
All poor LS,GPR65,GPR65,2.99,3.57,0.74,5.08,28,False
All poor LS,GPR68,GPR68,0.11,0.0,0.0,0.11,28,False
All poor LS,GPR75,GPR75,0.26,0.0,0.37,0.34,28,False
All poor LS,GPR78,GPR78,0.01,0.0,0.0,0.0,28,False
All poor LS,GPR82,GPR82,0.34,0.0,0.56,0.0,28,False
All poor LS,GPR83,GPR83,0.1,0.0,0.0,0.0,28,False
All poor LS,GPR84,GPR84,0.63,0.0,0.19,2.15,28,False
All poor LS,GPR85,GPR85,2.22,0.0,0.74,2.15,28,False
All poor LS,GPR87,GPR87,0.04,0.0,0.0,0.0,28,False
All poor LS,GPR88,GPR88,0.1,0.0,0.0,0.0,28,False
All poor LS,GPRC5A,GPRC5A,0.0,0.0,0.0,0.11,28,False
All poor LS,GPRC5B,GPRC5B,0.1,0.0,0.19,0.0,28,False
All poor LS,GPRC5C,GPRC5C,4.33,3.57,4.63,1.36,28,False
All poor LS,GPRC5D,GPRC5D,0.06,0.0,0.0,0.0,28,False
All poor LS,GRAMD1B,GRAMD1B,3.06,0.0,5.37,6.33,28,False
All poor LS,GRIA3,GRIA3,0.02,0.0,0.0,0.0,28,False
All poor LS,GRID1,GRID1,0.2,0.0,0.0,0.23,28,False
All poor LS,GRIK1,GRIK1,0.09,0.0,0.0,0.0,28,False
All poor LS,GRIK2,GRIK2,0.03,0.0,0.0,0.0,28,False
All poor LS,GRIK3,GRIK3,0.02,0.0,0.0,0.0,28,False
All poor LS,GRIK4,GRIK4,0.0,0.0,0.0,0.0,28,False
All poor LS,GRIK5,GRIK5,3.04,3.57,4.81,2.26,28,False
All poor LS,GRIN1,GRIN1,0.1,0.0,0.19,0.0,28,False
All poor LS,GRIN2B,GRIN2B,0.01,0.0,0.0,0.0,28,False
All poor LS,GRIN2C,GRIN2C,0.1,0.0,0.19,0.0,28,False
All poor LS,GRIN2D,GRIN2D,0.63,0.0,0.37,0.45,28,False
All poor LS,GRIN3A,GRIN3A,0.04,0.0,0.0,0.0,28,False
All poor LS,GRIN3B,GRIN3B,0.04,0.0,0.19,0.0,28,False
All poor LS,GRM1,GRM1,0.06,0.0,0.0,0.0,28,False
All poor LS,GRM2,GRM2,0.19,0.0,0.0,0.0,28,False
All poor LS,GRM3,GRM3,0.0,0.0,0.0,0.0,28,False
All poor LS,GRM4,GRM4,0.0,0.0,0.0,0.0,28,False
All poor LS,GRM6,GRM6,0.0,0.0,0.0,0.0,28,False
All poor LS,GRM7,GRM7,0.1,0.0,0.0,0.0,28,False
All poor LS,GRPR,GRPR,0.06,0.0,0.0,0.0,28,False
All poor LS,GSG1,GSG1,0.03,0.0,0.19,0.0,28,False
All poor LS,GSG1L,GSG1L,0.19,0.0,0.0,0.11,28,False
All poor LS,GUCY2C,GUCY2C,0.08,0.0,0.0,0.11,28,False
All poor LS,GYPA,GYPA,1.24,3.57,0.19,0.0,28,False
All poor LS,HAVCR1,HAVCR1,0.04,0.0,0.0,0.0,28,False
All poor LS,HAVCR2,HAVCR2,8.82,14.29,1.48,4.97,28,False
All poor LS,HCAR1,HCAR1,0.27,0.0,0.0,0.0,28,False
All poor LS,HCAR2,HCAR2,2.44,0.0,0.37,4.07,28,False
All poor LS,HCAR3,HCAR3,2.59,0.0,0.37,4.63,28,False
All poor LS,HCRTR1,HCRTR1,0.1,0.0,0.0,0.0,28,False
All poor LS,HCRTR2,HCRTR2,0.0,0.0,0.0,0.0,28,False
All poor LS,HEG1,HEG1,0.73,0.0,5.0,1.13,28,False
All poor LS,HEPACAM2,HEPACAM2,0.01,0.0,0.0,0.0,28,False
All poor LS,HEPH,HEPH,0.11,0.0,0.0,0.0,28,False
All poor LS,HEPHL1,HEPHL1,0.01,0.0,0.0,0.0,28,False
All poor LS,HFE,HFE,0.07,0.0,0.19,0.23,28,False
All poor LS,HHLA2,HHLA2,0.15,0.0,0.37,0.68,28,False
All poor LS,HLA-DOB,HLA-DOB,0.5,0.0,0.19,0.34,28,False
All poor LS,HLA-DQB2,HLA-DQB2,1.59,0.0,2.59,2.82,28,False
All poor LS,HLA-G,HLA-G,2.89,0.0,1.85,4.97,28,False
All poor LS,HRH1,HRH1,0.28,0.0,0.19,0.9,28,False
All poor LS,HRH3,HRH3,0.0,0.0,0.0,0.0,28,False
All poor LS,HRH4,HRH4,0.18,0.0,0.19,0.0,28,False
All poor LS,HTR1B,HTR1B,0.0,0.0,0.56,0.0,28,False
All poor LS,HTR2A,HTR2A,0.04,0.0,0.19,0.0,28,False
All poor LS,HTR2B,HTR2B,0.04,0.0,0.0,0.0,28,False
All poor LS,HTR3A,HTR3A,0.07,0.0,0.0,0.45,28,False
All poor LS,HTR3B,HTR3B,0.01,0.0,0.0,0.0,28,False
All poor LS,HTR3C,HTR3C,0.0,0.0,0.0,0.0,28,False
All poor LS,HTR3E,HTR3E,0.0,0.0,0.0,0.0,28,False
All poor LS,HTR4,HTR4,0.01,0.0,0.0,0.0,28,False
All poor LS,HTR6,HTR6,0.03,0.0,0.19,0.0,28,False
All poor LS,HTR7,HTR7,1.31,0.0,0.37,0.68,28,False
All poor LS,HYAL2,HYAL2,3.27,3.57,1.67,2.26,28,False
All poor LS,ICAM1,ICAM1,6.22,10.71,2.59,3.16,28,False
All poor LS,ICAM5,ICAM5,2.97,0.0,0.93,0.68,28,False
All poor LS,ICOS,ICOS,0.04,0.0,0.0,0.0,28,False
All poor LS,ICOSLG,ICOSLG,3.25,0.0,3.7,2.26,28,False
All poor LS,IFNLR1,IFNLR1,0.08,0.0,0.37,0.0,28,False
All poor LS,IGDCC4,IGDCC4,0.16,0.0,0.0,0.0,28,False
All poor LS,IGF2R,IGF2R,12.0,21.43,3.52,5.54,28,False
All poor LS,IGSF1,IGSF1,0.12,0.0,0.0,0.0,28,False
All poor LS,IGSF11,IGSF11,0.8,3.57,0.19,0.0,28,False
All poor LS,IGSF3,IGSF3,0.16,0.0,0.0,0.9,28,False
All poor LS,IGSF9,IGSF9,0.37,0.0,0.37,0.0,28,False
All poor LS,IGSF9B,IGSF9B,0.21,0.0,0.37,0.11,28,False
All poor LS,IL11RA,IL11RA,3.08,0.0,2.96,1.81,28,False
All poor LS,IL12RB1,IL12RB1,6.04,0.0,2.96,3.39,28,False
All poor LS,IL13RA2,IL13RA2,0.01,0.0,0.0,0.0,28,False
All poor LS,IL17RB,IL17RB,0.01,0.0,0.19,0.0,28,False
All poor LS,IL17RD,IL17RD,0.04,0.0,0.19,0.0,28,False
All poor LS,IL17RE,IL17RE,13.39,25.0,7.78,3.62,28,False
All poor LS,IL18R1,IL18R1,1.15,3.57,2.78,0.11,28,False
All poor LS,IL18RAP,IL18RAP,0.16,0.0,0.19,0.0,28,False
All poor LS,IL1R1,IL1R1,0.47,0.0,0.19,0.0,28,False
All poor LS,IL1R2,IL1R2,0.04,0.0,0.0,0.11,28,False
All poor LS,IL1RAP,IL1RAP,23.96,57.14,5.74,9.94,28,True
All poor LS,IL1RL1,IL1RL1,0.64,3.57,0.19,0.0,28,False
All poor LS,IL1RL2,IL1RL2,0.0,0.0,0.0,0.0,28,False
All poor LS,IL20RB,IL20RB,0.29,0.0,0.0,0.0,28,False
All poor LS,IL21R,IL21R,0.16,0.0,0.0,0.11,28,False
All poor LS,IL23R,IL23R,0.0,0.0,0.0,0.0,28,False
All poor LS,IL2RA,IL2RA,0.87,0.0,0.37,0.0,28,False
All poor LS,IL2RB,IL2RB,0.16,0.0,0.19,0.23,28,False
All poor LS,IL31RA,IL31RA,0.26,0.0,0.19,0.68,28,False
All poor LS,IL4R,IL4R,5.8,3.57,4.44,8.7,28,False
All poor LS,IL5RA,IL5RA,4.5,17.86,0.56,0.9,28,False
All poor LS,IL7R,IL7R,0.93,3.57,1.67,0.68,28,False
All poor LS,IL9R,IL9R,8.75,7.14,1.11,0.56,28,False
All poor LS,ILDR1,ILDR1,0.02,0.0,0.56,0.0,28,False
All poor LS,IMPG2,IMPG2,0.21,0.0,0.19,0.23,28,False
All poor LS,INSRR,INSRR,0.08,0.0,0.0,0.0,28,False
All poor LS,ITGA1,ITGA1,0.7,0.0,0.0,0.56,28,False
All poor LS,ITGA10,ITGA10,0.18,0.0,0.0,0.11,28,False
All poor LS,ITGA11,ITGA11,0.61,0.0,0.37,0.23,28,False
All poor LS,ITGA2,ITGA2,1.1,0.0,4.44,0.56,28,False
All poor LS,ITGA2B,ITGA2B,4.24,3.57,4.81,1.36,28,False
All poor LS,ITGA3,ITGA3,0.13,0.0,0.56,0.0,28,False
All poor LS,ITGA7,ITGA7,2.69,0.0,0.37,4.63,28,False
All poor LS,ITGA8,ITGA8,0.01,0.0,0.0,0.0,28,False
All poor LS,ITGAD,ITGAD,0.07,0.0,0.0,0.0,28,False
All poor LS,ITGAV,ITGAV,5.4,0.0,9.26,2.49,28,False
All poor LS,ITGAX,ITGAX,13.49,17.86,0.93,6.55,28,False
All poor LS,ITGB3,ITGB3,0.1,0.0,0.0,0.11,28,False
All poor LS,ITGB4,ITGB4,1.15,0.0,1.11,0.45,28,False
All poor LS,ITGB5,ITGB5,2.47,3.57,0.0,0.79,28,False
All poor LS,ITGB6,ITGB6,0.03,0.0,0.0,0.0,28,False
All poor LS,ITGB8,ITGB8,0.89,3.57,4.26,0.0,28,False
All poor LS,ITLN1,ITLN1,0.18,0.0,0.0,0.0,28,False
All poor LS,IZUMO1,IZUMO1,0.0,0.0,0.0,0.11,28,False
All poor LS,JAG1,JAG1,7.41,10.71,1.67,2.94,28,False
All poor LS,JAG2,JAG2,0.11,0.0,0.19,0.0,28,False
All poor LS,JAM2,JAM2,0.2,0.0,5.56,0.0,28,False
All poor LS,JAM3,JAM3,1.23,0.0,3.7,0.45,28,False
All poor LS,KCNJ12,KCNJ12,0.04,0.0,2.59,0.34,28,False
All poor LS,KCNJ3,KCNJ3,0.06,0.0,0.0,0.0,28,False
All poor LS,KCNJ4,KCNJ4,0.0,0.0,0.0,0.0,28,False
All poor LS,KCNK5,KCNK5,5.33,3.57,1.85,1.92,28,False
All poor LS,KCNMB1,KCNMB1,1.33,0.0,1.48,1.36,28,False
All poor LS,KCNMB2,KCNMB2,0.12,0.0,0.0,0.0,28,False
All poor LS,KCNMB3,KCNMB3,1.95,0.0,1.48,0.79,28,False
All poor LS,KCNMB4,KCNMB4,4.55,10.71,4.81,1.36,28,False
All poor LS,KCNS1,KCNS1,0.08,0.0,0.37,0.11,28,False
All poor LS,KCNV2,KCNV2,0.01,0.0,0.0,0.0,28,False
All poor LS,KDR,KDR,0.46,3.57,0.19,0.0,28,False
All poor LS,KEL,KEL,0.4,3.57,0.56,0.0,28,False
All poor LS,KIAA0319,KIAA0319,0.02,0.0,0.19,0.0,28,False
All poor LS,KIAA1324,KIAA1324,0.09,0.0,0.0,0.23,28,False
All poor LS,KIAA1324L,KIAA1324L,1.75,0.0,2.41,0.9,28,False
All poor LS,KIAA1549L,KIAA1549L,0.1,0.0,0.0,0.11,28,False
All poor LS,KIR2DL1,KIR2DL1,0.02,0.0,0.0,0.0,28,False
All poor LS,KIR2DL3,KIR2DL3,0.03,0.0,0.0,0.0,28,False
All poor LS,KIR2DL4,KIR2DL4,0.04,0.0,0.0,0.0,28,False
All poor LS,KIR3DL1,KIR3DL1,0.03,0.0,0.0,0.0,28,False
All poor LS,KIR3DL2,KIR3DL2,0.07,0.0,0.19,0.11,28,False
All poor LS,KIR3DL3,KIR3DL3,0.0,0.0,0.0,0.0,28,False
All poor LS,KIRREL2,KIRREL2,0.2,0.0,0.0,0.0,28,False
All poor LS,KIRREL3,KIRREL3,0.35,0.0,0.0,0.11,28,False
All poor LS,KISS1R,KISS1R,0.16,0.0,0.0,0.0,28,False
All poor LS,KITLG,KITLG,1.19,0.0,0.0,0.34,28,False
All poor LS,KL,KL,0.06,0.0,0.74,0.0,28,False
All poor LS,KLRB1,KLRB1,0.4,0.0,1.11,0.0,28,False
All poor LS,KLRC1,KLRC1,0.03,0.0,0.0,0.0,28,False
All poor LS,KLRC2,KLRC2,0.46,0.0,0.0,0.0,28,False
All poor LS,KLRC3,KLRC3,0.29,0.0,0.0,0.0,28,False
All poor LS,KLRF1,KLRF1,0.36,0.0,0.37,0.11,28,False
All poor LS,KLRF2,KLRF2,0.81,0.0,0.19,0.34,28,False
All poor LS,KLRK1,KLRK1,0.92,0.0,0.0,0.11,28,False
All poor LS,KREMEN1,KREMEN1,0.19,0.0,0.19,0.0,28,False
All poor LS,KREMEN2,KREMEN2,0.19,0.0,0.0,0.45,28,False
All poor LS,L1CAM,L1CAM,0.03,0.0,0.0,0.0,28,False
All poor LS,LAG3,LAG3,2.61,0.0,7.04,0.11,28,False
All poor LS,LAMP3,LAMP3,0.01,0.0,0.0,0.0,28,False
All poor LS,LAMP5,LAMP5,7.01,10.71,0.19,1.92,28,False
All poor LS,LAYN,LAYN,0.59,0.0,0.19,0.79,28,False
All poor LS,LCT,LCT,1.96,0.0,0.74,0.23,28,False
All poor LS,LDLRAD3,LDLRAD3,0.82,0.0,0.56,0.9,28,False
All poor LS,LEPR,LEPR,4.54,3.57,2.41,1.24,28,False
All poor LS,LGR4,LGR4,0.61,0.0,1.11,0.0,28,False
All poor LS,LGR5,LGR5,0.04,0.0,0.19,0.0,28,False
All poor LS,LGR6,LGR6,0.55,0.0,0.56,0.0,28,False
All poor LS,LHFPL1,LHFPL1,0.0,0.0,0.0,0.0,28,False
All poor LS,LHFPL4,LHFPL4,0.04,0.0,0.0,0.0,28,False
All poor LS,LHFPL5,LHFPL5,7.56,10.71,6.3,2.82,28,False
All poor LS,LIFR,LIFR,0.08,0.0,0.0,0.0,28,False
All poor LS,LILRA1,LILRA1,4.27,0.0,1.48,7.46,28,False
All poor LS,LILRA4,LILRA4,0.21,3.57,0.19,0.11,28,False
All poor LS,LILRA5,LILRA5,0.75,0.0,0.74,4.63,28,False
All poor LS,LILRA6,LILRA6,0.64,0.0,0.19,1.36,28,False
All poor LS,LILRB1,LILRB1,2.33,0.0,1.3,6.44,28,False
All poor LS,LILRB2,LILRB2,2.69,0.0,4.44,6.89,28,False
All poor LS,LILRB3,LILRB3,1.98,0.0,0.37,4.41,28,False
All poor LS,LILRB5,LILRB5,0.03,0.0,0.0,0.23,28,False
All poor LS,LIM2,LIM2,0.0,0.0,0.0,0.0,28,False
All poor LS,LINGO1,LINGO1,0.0,0.0,0.0,0.0,28,False
All poor LS,LINGO2,LINGO2,0.09,0.0,0.0,0.0,28,False
All poor LS,LINGO3,LINGO3,1.5,0.0,0.93,0.56,28,False
All poor LS,LINGO4,LINGO4,0.0,0.0,0.0,0.0,28,False
All poor LS,LMAN2L,LMAN2L,9.8,10.71,6.11,2.03,28,False
All poor LS,LMBR1L,LMBR1L,15.13,32.14,9.44,4.52,28,False
All poor LS,LMBRD2,LMBRD2,8.26,3.57,6.11,3.5,28,False
All poor LS,LPAR1,LPAR1,3.16,3.57,0.74,2.03,28,False
All poor LS,LPAR2,LPAR2,9.24,7.14,5.56,5.31,28,False
All poor LS,LPAR3,LPAR3,0.38,3.57,0.0,0.0,28,False
All poor LS,LPAR4,LPAR4,3.5,0.0,0.74,1.58,28,False
All poor LS,LPAR5,LPAR5,2.99,3.57,0.74,0.34,28,False
All poor LS,LPAR6,LPAR6,5.8,10.71,2.59,2.49,28,False
All poor LS,LPL,LPL,0.26,0.0,0.0,1.02,28,False
All poor LS,LRFN1,LRFN1,2.39,0.0,0.74,1.81,28,False
All poor LS,LRFN2,LRFN2,0.01,0.0,0.0,0.0,28,False
All poor LS,LRFN3,LRFN3,0.44,0.0,1.11,0.23,28,False
All poor LS,LRFN4,LRFN4,10.96,10.71,7.59,6.78,28,False
All poor LS,LRIG1,LRIG1,0.77,3.57,2.04,0.68,28,False
All poor LS,LRIG2,LRIG2,9.48,0.0,8.52,5.2,28,False
All poor LS,LRIG3,LRIG3,0.0,0.0,0.0,0.0,28,False
All poor LS,LRIT3,LRIT3,0.09,0.0,0.0,0.0,28,False
All poor LS,LRP11,LRP11,3.45,0.0,2.41,3.05,28,False
All poor LS,LRP12,LRP12,5.3,3.57,2.96,1.24,28,False
All poor LS,LRP1B,LRP1B,0.03,0.0,0.37,0.0,28,False
All poor LS,LRP2,LRP2,0.03,0.0,0.0,0.0,28,False
All poor LS,LRP3,LRP3,3.59,7.14,2.41,9.38,28,False
All poor LS,LRP4,LRP4,1.83,0.0,0.37,1.36,28,False
All poor LS,LRP5,LRP5,9.93,21.43,9.63,3.62,28,False
All poor LS,LRP6,LRP6,3.03,7.14,5.56,1.92,28,False
All poor LS,LRRC19,LRRC19,0.07,0.0,0.0,0.0,28,False
All poor LS,LRRC24,LRRC24,1.82,0.0,0.74,1.36,28,False
All poor LS,LRRC32,LRRC32,0.0,0.0,0.0,0.11,28,False
All poor LS,LRRC37A,LRRC37A,0.85,0.0,0.19,0.34,28,False
All poor LS,LRRC37A2,LRRC37A2,3.73,0.0,2.78,2.82,28,False
All poor LS,LRRC37A3,LRRC37A3,2.1,0.0,1.11,1.81,28,False
All poor LS,LRRC37B,LRRC37B,5.61,0.0,4.81,3.28,28,False
All poor LS,LRRC38,LRRC38,0.4,0.0,0.0,0.0,28,False
All poor LS,LRRC3B,LRRC3B,0.02,0.0,0.0,0.0,28,False
All poor LS,LRRC4,LRRC4,0.2,0.0,0.37,1.02,28,False
All poor LS,LRRC4B,LRRC4B,0.02,0.0,0.0,0.0,28,False
All poor LS,LRRC4C,LRRC4C,0.01,0.0,0.74,0.0,28,False
All poor LS,LRRN1,LRRN1,0.74,0.0,5.74,0.0,28,False
All poor LS,LRRN2,LRRN2,0.43,0.0,0.93,0.0,28,False
All poor LS,LRRN3,LRRN3,0.04,0.0,0.19,0.11,28,False
All poor LS,LRRN4,LRRN4,0.01,0.0,0.0,0.0,28,False
All poor LS,LRRN4CL,LRRN4CL,0.07,0.0,0.0,0.0,28,False
All poor LS,LRRTM2,LRRTM2,0.28,0.0,0.37,0.0,28,False
All poor LS,LRRTM3,LRRTM3,0.0,0.0,0.0,0.0,28,False
All poor LS,LRTM1,LRTM1,0.0,0.0,0.0,0.0,28,False
All poor LS,LRTM2,LRTM2,0.0,0.0,0.0,0.0,28,False
All poor LS,LSAMP,LSAMP,0.29,0.0,0.0,0.11,28,False
All poor LS,LSMEM1,LSMEM1,0.56,0.0,0.0,0.34,28,False
All poor LS,LTK,LTK,9.12,17.86,1.11,2.94,28,False
All poor LS,LY6D,LY6D,0.0,0.0,0.0,0.0,28,False
All poor LS,LY6G6C,LY6G6C,0.41,0.0,0.19,0.11,28,False
All poor LS,LY6G6D,LY6G6D,0.03,0.0,0.0,0.0,28,False
All poor LS,LY6G6F,LY6G6F,0.03,0.0,0.0,0.11,28,False
All poor LS,LY6H,LY6H,0.25,0.0,0.19,0.11,28,False
All poor LS,LY6K,LY6K,0.27,0.0,0.0,0.11,28,False
All poor LS,LY9,LY9,5.17,0.0,0.93,2.37,28,False
All poor LS,LYNX1,LYNX1,0.04,0.0,0.19,0.23,28,False
All poor LS,LYPD1,LYPD1,0.04,0.0,0.0,0.11,28,False
All poor LS,LYPD2,LYPD2,0.03,0.0,0.0,0.11,28,False
All poor LS,LYPD3,LYPD3,0.7,0.0,1.11,0.34,28,False
All poor LS,LYPD5,LYPD5,0.3,0.0,0.93,0.23,28,False
All poor LS,LYPD6B,LYPD6B,0.17,0.0,0.37,0.0,28,False
All poor LS,LYPD8,LYPD8,0.37,0.0,0.0,0.11,28,False
All poor LS,LYSMD3,LYSMD3,8.9,10.71,8.15,3.28,28,False
All poor LS,LYVE1,LYVE1,0.01,0.0,0.0,0.0,28,False
All poor LS,MAG,MAG,0.11,0.0,0.19,0.23,28,False
All poor LS,MAMDC4,MAMDC4,2.37,0.0,0.37,2.26,28,False
All poor LS,MANSC1,MANSC1,1.88,0.0,5.93,1.47,28,False
All poor LS,MANSC4,MANSC4,0.0,0.0,0.0,0.0,28,False
All poor LS,MAS1,MAS1,0.19,0.0,0.0,0.11,28,False
All poor LS,MC1R,MC1R,0.82,0.0,0.19,0.56,28,False
All poor LS,MC2R,MC2R,0.01,0.0,0.0,0.0,28,False
All poor LS,MC4R,MC4R,0.0,0.0,0.0,0.0,28,False
All poor LS,MCAM,MCAM,0.18,0.0,0.19,0.0,28,False
All poor LS,MCHR1,MCHR1,0.03,0.0,0.0,0.0,28,False
All poor LS,MDGA1,MDGA1,1.6,0.0,0.74,0.0,28,False
All poor LS,MDGA2,MDGA2,0.08,0.0,1.11,0.0,28,False
All poor LS,MEGF10,MEGF10,2.83,3.57,0.19,1.13,28,False
All poor LS,MEGF11,MEGF11,0.24,0.0,0.56,0.23,28,False
All poor LS,MEGF8,MEGF8,9.35,0.0,9.26,5.65,28,False
All poor LS,MEP1A,MEP1A,0.0,0.0,0.0,0.0,28,False
All poor LS,MEP1B,MEP1B,0.0,0.0,0.0,0.0,28,False
All poor LS,MERTK,MERTK,3.36,0.0,5.37,1.24,28,False
All poor LS,MET,MET,0.06,0.0,0.0,0.0,28,False
All poor LS,MFAP3,MFAP3,4.29,0.0,4.63,0.45,28,False
All poor LS,MFAP3L,MFAP3L,0.45,0.0,1.11,0.0,28,False
All poor LS,MFRP,MFRP,0.03,0.0,0.0,0.0,28,False
All poor LS,MFSD2A,MFSD2A,1.84,0.0,1.48,5.31,28,False
All poor LS,MFSD2B,MFSD2B,5.6,7.14,0.56,0.0,28,False
All poor LS,MFSD6L,MFSD6L,0.17,0.0,0.19,0.0,28,False
All poor LS,MFSD8,MFSD8,8.84,7.14,5.56,2.15,28,False
All poor LS,MICA,MICA,6.77,3.57,4.44,3.39,28,False
All poor LS,MICB,MICB,7.45,3.57,4.81,4.86,28,False
All poor LS,MILR1,MILR1,12.24,17.86,3.15,6.55,28,False
All poor LS,MIP,MIP,0.04,0.0,0.0,0.11,28,False
All poor LS,MLNR,MLNR,0.55,0.0,0.56,0.0,28,False
All poor LS,MME,MME,0.26,0.0,0.93,0.34,28,False
All poor LS,MMEL1,MMEL1,3.9,0.0,2.22,2.49,28,False
All poor LS,MMP14,MMP14,4.04,7.14,0.56,3.05,28,False
All poor LS,MMP16,MMP16,0.17,0.0,0.56,0.0,28,False
All poor LS,MMP17,MMP17,3.08,7.14,1.3,7.46,28,False
All poor LS,MMP25,MMP25,0.67,0.0,0.0,2.94,28,False
All poor LS,MPZ,MPZ,3.66,0.0,2.59,1.13,28,False
All poor LS,MPZL2,MPZL2,0.7,0.0,3.7,0.34,28,False
All poor LS,MPZL3,MPZL3,1.31,0.0,1.3,0.56,28,False
All poor LS,MRC1,MRC1,0.38,0.0,0.74,2.26,28,False
All poor LS,MRC2,MRC2,14.42,35.71,7.22,4.41,28,False
All poor LS,MRGPRD,MRGPRD,0.01,0.0,0.0,0.0,28,False
All poor LS,MRGPRE,MRGPRE,0.08,0.0,0.0,0.11,28,False
All poor LS,MRGPRF,MRGPRF,0.07,0.0,0.0,0.23,28,False
All poor LS,MRGPRX2,MRGPRX2,0.0,0.0,0.0,0.0,28,False
All poor LS,MRGPRX3,MRGPRX3,0.0,0.0,0.0,0.0,28,False
All poor LS,MRVI1,MRVI1,0.78,0.0,0.37,0.9,28,False
All poor LS,MS4A1,MS4A1,0.17,0.0,1.67,0.11,28,False
All poor LS,MS4A15,MS4A15,0.0,0.0,0.0,0.0,28,False
All poor LS,MSLNL,MSLNL,0.01,0.0,0.0,0.0,28,False
All poor LS,MSR1,MSR1,0.06,0.0,0.0,0.11,28,False
All poor LS,MST1R,MST1R,0.15,0.0,0.0,0.0,28,False
All poor LS,MUC1,MUC1,4.32,3.57,1.11,0.79,28,False
All poor LS,MUC12,MUC12,1.37,0.0,0.56,2.03,28,False
All poor LS,MUC16,MUC16,0.02,0.0,0.0,0.0,28,False
All poor LS,MUC3A,MUC3A,0.0,0.0,0.0,0.0,28,False
All poor LS,MUC4,MUC4,0.27,0.0,0.0,0.11,28,False
All poor LS,MUSK,MUSK,0.02,0.0,0.0,0.11,28,False
All poor LS,MXRA8,MXRA8,0.19,0.0,0.0,0.11,28,False
All poor LS,MYADML2,MYADML2,0.0,0.0,0.0,0.0,28,False
All poor LS,MYOF,MYOF,2.15,0.0,0.56,6.67,28,False
All poor LS,NCAM1,NCAM1,4.7,3.57,0.19,2.15,28,False
All poor LS,NCAM2,NCAM2,0.09,0.0,0.0,0.34,28,False
All poor LS,NCMAP,NCMAP,0.01,0.0,0.0,0.0,28,False
All poor LS,NCR1,NCR1,0.28,0.0,0.19,0.0,28,False
All poor LS,NCR2,NCR2,0.12,0.0,0.0,0.0,28,False
All poor LS,NCR3,NCR3,1.58,0.0,0.93,0.11,28,False
All poor LS,NCR3LG1,NCR3LG1,0.99,0.0,0.56,1.47,28,False
All poor LS,NEO1,NEO1,1.56,3.57,0.0,0.34,28,False
All poor LS,NETO1,NETO1,2.29,7.14,0.0,0.11,28,False
All poor LS,NFASC,NFASC,0.18,0.0,0.0,0.0,28,False
All poor LS,NGFR,NGFR,0.07,0.0,0.19,0.0,28,False
All poor LS,NIPAL1,NIPAL1,0.12,0.0,0.19,0.0,28,False
All poor LS,NIPAL4,NIPAL4,0.06,0.0,0.19,0.0,28,False
All poor LS,NKAIN1,NKAIN1,0.04,0.0,0.0,0.11,28,False
All poor LS,NKAIN3,NKAIN3,0.03,0.0,0.0,0.0,28,False
All poor LS,NLGN1,NLGN1,0.28,3.57,1.48,0.11,28,False
All poor LS,NLGN2,NLGN2,2.37,0.0,6.85,0.9,28,False
All poor LS,NLGN3,NLGN3,0.58,0.0,0.56,0.23,28,False
All poor LS,NLGN4Y,NLGN4Y,0.01,0.0,0.0,0.0,28,False
All poor LS,NMBR,NMBR,0.02,0.0,0.0,0.0,28,False
All poor LS,NMUR1,NMUR1,4.34,7.14,0.37,2.15,28,False
All poor LS,NOTCH3,NOTCH3,0.31,0.0,0.0,0.11,28,False
All poor LS,NOTCH4,NOTCH4,2.11,0.0,2.22,1.81,28,False
All poor LS,NPBWR1,NPBWR1,0.04,0.0,0.0,0.0,28,False
All poor LS,NPBWR2,NPBWR2,0.01,0.0,0.0,0.0,28,False
All poor LS,NPC1,NPC1,5.02,0.0,4.44,2.82,28,False
All poor LS,NPC1L1,NPC1L1,0.04,0.0,0.0,0.0,28,False
All poor LS,NPFFR1,NPFFR1,0.02,0.0,0.0,0.0,28,False
All poor LS,NPHS1,NPHS1,0.0,0.0,0.0,0.0,28,False
All poor LS,NPR1,NPR1,0.0,0.0,0.0,0.0,28,False
All poor LS,NPR2,NPR2,0.49,0.0,0.93,0.0,28,False
All poor LS,NRCAM,NRCAM,0.52,3.57,0.19,0.11,28,False
All poor LS,NRG1,NRG1,0.01,0.0,0.0,0.23,28,False
All poor LS,NRG2,NRG2,0.46,0.0,0.56,0.23,28,False
All poor LS,NRG4,NRG4,12.4,17.86,1.67,5.99,28,False
All poor LS,NRN1,NRN1,0.01,0.0,0.0,0.0,28,False
All poor LS,NRN1L,NRN1L,0.41,0.0,0.0,0.34,28,False
All poor LS,NRP1,NRP1,2.11,0.0,0.0,1.47,28,False
All poor LS,NRP2,NRP2,0.25,0.0,0.0,0.45,28,False
All poor LS,NRXN1,NRXN1,0.0,0.0,0.19,0.0,28,False
All poor LS,NRXN2,NRXN2,16.92,39.29,4.44,6.55,28,False
All poor LS,NRXN3,NRXN3,0.08,0.0,0.0,0.0,28,False
All poor LS,NT5E,NT5E,3.46,7.14,0.19,0.56,28,False
All poor LS,NTM,NTM,0.0,0.0,0.0,0.0,28,False
All poor LS,NTNG1,NTNG1,0.0,0.0,0.0,0.0,28,False
All poor LS,NTNG2,NTNG2,7.64,17.86,5.0,4.07,28,False
All poor LS,NTRK1,NTRK1,1.56,3.57,0.37,0.11,28,False
All poor LS,NTRK2,NTRK2,0.0,0.0,0.0,0.0,28,False
All poor LS,NTRK3,NTRK3,0.12,0.0,0.0,0.0,28,False
All poor LS,NTSR1,NTSR1,1.6,0.0,0.19,2.71,28,False
All poor LS,NUP210L,NUP210L,0.26,0.0,0.0,0.11,28,False
All poor LS,OLR1,OLR1,0.09,0.0,0.0,0.34,28,False
All poor LS,OMG,OMG,0.52,0.0,0.19,0.56,28,False
All poor LS,OPALIN,OPALIN,0.12,0.0,0.37,0.0,28,False
All poor LS,OPCML,OPCML,0.0,0.0,0.0,0.0,28,False
All poor LS,OPN1SW,OPN1SW,0.18,0.0,0.19,0.0,28,False
All poor LS,OPN3,OPN3,11.72,10.71,6.85,9.83,28,False
All poor LS,OPRD1,OPRD1,0.01,0.0,0.0,0.0,28,False
All poor LS,OPRK1,OPRK1,0.01,0.0,0.0,0.0,28,False
All poor LS,OPRL1,OPRL1,4.44,0.0,3.89,2.03,28,False
All poor LS,OPRM1,OPRM1,0.0,0.0,0.0,0.0,28,False
All poor LS,OR10A2,OR10A2,0.07,0.0,0.37,0.0,28,False
All poor LS,OR10A4,OR10A4,0.01,0.0,0.0,0.0,28,False
All poor LS,OR10A5,OR10A5,0.0,0.0,0.0,0.0,28,False
All poor LS,OR10AD1,OR10AD1,0.01,0.0,0.0,0.0,28,False
All poor LS,OR10G3,OR10G3,0.01,0.0,0.0,0.0,28,False
All poor LS,OR10H1,OR10H1,0.18,0.0,0.37,0.0,28,False
All poor LS,OR10H5,OR10H5,0.01,0.0,0.0,0.11,28,False
All poor LS,OR10K1,OR10K1,0.02,0.0,0.0,0.0,28,False
All poor LS,OR10X1,OR10X1,0.0,0.0,0.0,0.0,28,False
All poor LS,OR10Z1,OR10Z1,0.04,0.0,0.0,0.0,28,False
All poor LS,OR11G2,OR11G2,0.01,0.0,0.0,0.11,28,False
All poor LS,OR11H4,OR11H4,0.0,0.0,0.0,0.0,28,False
All poor LS,OR11L1,OR11L1,0.02,0.0,0.0,0.0,28,False
All poor LS,OR13A1,OR13A1,0.02,0.0,0.0,0.0,28,False
All poor LS,OR13C2,OR13C2,0.0,0.0,0.0,0.0,28,False
All poor LS,OR13C3,OR13C3,0.02,0.0,0.0,0.0,28,False
All poor LS,OR13C4,OR13C4,0.01,0.0,0.0,0.0,28,False
All poor LS,OR13C5,OR13C5,0.02,0.0,0.0,0.11,28,False
All poor LS,OR13C9,OR13C9,0.0,0.0,0.0,0.0,28,False
All poor LS,OR13D1,OR13D1,0.01,0.0,0.0,0.0,28,False
All poor LS,OR13F1,OR13F1,0.02,0.0,0.0,0.0,28,False
All poor LS,OR13G1,OR13G1,0.01,0.0,0.0,0.0,28,False
All poor LS,OR14A16,OR14A16,0.0,0.0,0.0,0.0,28,False
All poor LS,OR14A2,OR14A2,0.0,0.0,0.0,0.0,28,False
All poor LS,OR14J1,OR14J1,0.0,0.0,0.0,0.0,28,False
All poor LS,OR14K1,OR14K1,0.01,0.0,0.0,0.0,28,False
All poor LS,OR1A1,OR1A1,0.01,0.0,0.0,0.0,28,False
All poor LS,OR1B1,OR1B1,0.0,0.0,0.0,0.0,28,False
All poor LS,OR1C1,OR1C1,0.03,0.0,0.19,0.0,28,False
All poor LS,OR1G1,OR1G1,0.0,0.0,0.0,0.0,28,False
All poor LS,OR1I1,OR1I1,0.01,0.0,0.0,0.0,28,False
All poor LS,OR1K1,OR1K1,0.01,0.0,0.0,0.0,28,False
All poor LS,OR1L3,OR1L3,0.0,0.0,0.0,0.0,28,False
All poor LS,OR1L6,OR1L6,0.0,0.0,0.0,0.0,28,False
All poor LS,OR1L8,OR1L8,0.0,0.0,0.0,0.0,28,False
All poor LS,OR1N1,OR1N1,0.0,0.0,0.0,0.0,28,False
All poor LS,OR1N2,OR1N2,0.0,0.0,0.0,0.0,28,False
All poor LS,OR2A1,OR2A1,0.0,0.0,0.0,0.0,28,False
All poor LS,OR2A7,OR2A7,0.01,0.0,0.0,0.0,28,False
All poor LS,OR2AE1,OR2AE1,0.0,0.0,0.0,0.0,28,False
All poor LS,OR2AG1,OR2AG1,0.0,0.0,0.0,0.0,28,False
All poor LS,OR2AG2,OR2AG2,0.11,0.0,0.0,0.11,28,False
All poor LS,OR2AJ1,OR2AJ1,0.02,0.0,0.0,0.0,28,False
All poor LS,OR2AK2,OR2AK2,0.29,0.0,0.56,0.0,28,False
All poor LS,OR2AT4,OR2AT4,0.01,0.0,0.0,0.0,28,False
All poor LS,OR2B11,OR2B11,0.33,0.0,0.37,0.23,28,False
All poor LS,OR2B2,OR2B2,0.01,0.0,0.0,0.0,28,False
All poor LS,OR2B6,OR2B6,0.02,0.0,0.0,0.0,28,False
All poor LS,OR2C1,OR2C1,0.0,0.0,0.0,0.0,28,False
All poor LS,OR2C3,OR2C3,0.0,0.0,0.19,0.0,28,False
All poor LS,OR2D2,OR2D2,0.04,0.0,0.37,0.11,28,False
All poor LS,OR2D3,OR2D3,0.02,0.0,0.19,0.0,28,False
All poor LS,OR2G3,OR2G3,0.0,0.0,0.0,0.0,28,False
All poor LS,OR2G6,OR2G6,0.0,0.0,0.0,0.0,28,False
All poor LS,OR2H2,OR2H2,0.0,0.0,0.0,0.0,28,False
All poor LS,OR2I1P,OR2I1P,0.0,0.0,0.0,0.0,28,False
All poor LS,OR2L13,OR2L13,0.36,0.0,1.11,0.11,28,False
All poor LS,OR2L2,OR2L2,0.38,0.0,1.3,0.0,28,False
All poor LS,OR2L3,OR2L3,0.08,0.0,0.19,0.0,28,False
All poor LS,OR2L5,OR2L5,0.07,0.0,0.37,0.11,28,False
All poor LS,OR2L8,OR2L8,0.04,0.0,0.0,0.0,28,False
All poor LS,OR2M3,OR2M3,0.01,0.0,0.0,0.0,28,False
All poor LS,OR2M4,OR2M4,0.01,0.0,0.0,0.0,28,False
All poor LS,OR2T11,OR2T11,0.0,0.0,0.0,0.0,28,False
All poor LS,OR2T12,OR2T12,0.0,0.0,0.0,0.0,28,False
All poor LS,OR2T2,OR2T2,0.0,0.0,0.0,0.0,28,False
All poor LS,OR2T33,OR2T33,0.11,0.0,0.19,0.0,28,False
All poor LS,OR2T4,OR2T4,0.0,0.0,0.0,0.0,28,False
All poor LS,OR2T8,OR2T8,0.26,0.0,0.19,0.11,28,False
All poor LS,OR2V1,OR2V1,0.07,0.0,0.0,0.0,28,False
All poor LS,OR2W3,OR2W3,0.62,0.0,0.37,0.11,28,False
All poor LS,OR3A1,OR3A1,0.11,0.0,0.0,0.0,28,False
All poor LS,OR3A2,OR3A2,0.38,0.0,0.19,0.0,28,False
All poor LS,OR3A3,OR3A3,0.0,0.0,0.0,0.11,28,False
All poor LS,OR4D1,OR4D1,1.22,0.0,2.96,0.23,28,False
All poor LS,OR4D9,OR4D9,0.0,0.0,0.0,0.0,28,False
All poor LS,OR51B2,OR51B2,0.0,0.0,0.0,0.0,28,False
All poor LS,OR51B4,OR51B4,0.0,0.0,0.0,0.0,28,False
All poor LS,OR51B5,OR51B5,0.02,0.0,0.0,0.0,28,False
All poor LS,OR51I1,OR51I1,0.01,0.0,0.0,0.0,28,False
All poor LS,OR51I2,OR51I2,0.01,0.0,0.0,0.0,28,False
All poor LS,OR51M1,OR51M1,0.01,0.0,0.0,0.0,28,False
All poor LS,OR51Q1,OR51Q1,0.0,0.0,0.0,0.11,28,False
All poor LS,OR51V1,OR51V1,0.0,0.0,0.0,0.0,28,False
All poor LS,OR52A1,OR52A1,0.0,0.0,0.0,0.0,28,False
All poor LS,OR52A5,OR52A5,0.0,0.0,0.0,0.0,28,False
All poor LS,OR52B6,OR52B6,0.01,0.0,0.0,0.0,28,False
All poor LS,OR52D1,OR52D1,0.0,0.0,0.0,0.0,28,False
All poor LS,OR52H1,OR52H1,0.03,0.0,0.0,0.0,28,False
All poor LS,OR52I1,OR52I1,0.01,0.0,0.0,0.0,28,False
All poor LS,OR52I2,OR52I2,0.0,0.0,0.0,0.0,28,False
All poor LS,OR52K1,OR52K1,0.08,0.0,0.0,0.0,28,False
All poor LS,OR52K2,OR52K2,0.03,0.0,0.0,0.0,28,False
All poor LS,OR52N1,OR52N1,0.04,0.0,0.0,0.0,28,False
All poor LS,OR52N2,OR52N2,0.13,0.0,0.56,0.0,28,False
All poor LS,OR52N4,OR52N4,0.04,0.0,0.0,0.0,28,False
All poor LS,OR52N5,OR52N5,0.03,0.0,0.37,0.0,28,False
All poor LS,OR56A4,OR56A4,0.0,0.0,0.0,0.0,28,False
All poor LS,OR56B1,OR56B1,0.03,0.0,0.0,0.0,28,False
All poor LS,OR5AN1,OR5AN1,0.02,0.0,0.0,0.0,28,False
All poor LS,OR5AS1,OR5AS1,0.01,0.0,0.0,0.0,28,False
All poor LS,OR5AU1,OR5AU1,0.01,0.0,0.0,0.0,28,False
All poor LS,OR5B12,OR5B12,0.01,0.0,0.0,0.0,28,False
All poor LS,OR5B2,OR5B2,0.0,0.0,0.0,0.0,28,False
All poor LS,OR5B21,OR5B21,0.0,0.0,0.0,0.0,28,False
All poor LS,OR5H1,OR5H1,0.0,0.0,0.0,0.0,28,False
All poor LS,OR5H14,OR5H14,0.03,0.0,0.0,0.0,28,False
All poor LS,OR5K2,OR5K2,0.02,0.0,0.0,0.0,28,False
All poor LS,OR6A2,OR6A2,0.06,0.0,0.37,0.0,28,False
All poor LS,OR6C2,OR6C2,0.0,0.0,0.0,0.0,28,False
All poor LS,OR6C75,OR6C75,0.02,0.0,0.0,0.0,28,False
All poor LS,OR6F1,OR6F1,0.0,0.0,0.0,0.0,28,False
All poor LS,OR6J1,OR6J1,0.08,0.0,0.0,0.0,28,False
All poor LS,OR6K3,OR6K3,0.0,0.0,0.0,0.0,28,False
All poor LS,OR6N1,OR6N1,0.0,0.0,0.0,0.0,28,False
All poor LS,OR6P1,OR6P1,0.0,0.0,0.0,0.0,28,False
All poor LS,OR6V1,OR6V1,0.0,0.0,0.0,0.0,28,False
All poor LS,OR6Y1,OR6Y1,0.0,0.0,0.0,0.0,28,False
All poor LS,OR7A17,OR7A17,0.01,0.0,0.0,0.0,28,False
All poor LS,OR7A5,OR7A5,0.0,0.0,0.0,0.0,28,False
All poor LS,OR7C1,OR7C1,0.06,0.0,0.0,0.0,28,False
All poor LS,OR7D2,OR7D2,0.11,0.0,0.0,0.0,28,False
All poor LS,OR8D4,OR8D4,0.0,0.0,0.0,0.0,28,False
All poor LS,OR8G5,OR8G5,0.0,0.0,0.0,0.0,28,False
All poor LS,OR9A4,OR9A4,0.03,0.0,0.0,0.0,28,False
All poor LS,OSMR,OSMR,0.11,0.0,0.0,0.0,28,False
All poor LS,OSTM1,OSTM1,10.87,7.14,6.67,5.31,28,False
All poor LS,OTOA,OTOA,0.25,0.0,0.56,1.36,28,False
All poor LS,OTOP2,OTOP2,0.03,0.0,0.0,0.0,28,False
All poor LS,OXER1,OXER1,1.15,0.0,0.74,1.13,28,False
All poor LS,OXTR,OXTR,0.5,0.0,0.19,0.11,28,False
All poor LS,P2RX2,P2RX2,0.0,0.0,0.0,0.0,28,False
All poor LS,P2RX3,P2RX3,0.03,0.0,0.0,0.11,28,False
All poor LS,P2RX6,P2RX6,0.19,0.0,0.74,0.11,28,False
All poor LS,P2RX7,P2RX7,6.83,3.57,5.93,8.25,28,False
All poor LS,P2RY1,P2RY1,4.65,3.57,4.26,1.58,28,False
All poor LS,P2RY10,P2RY10,2.25,0.0,1.11,0.23,28,False
All poor LS,P2RY11,P2RY11,5.26,0.0,2.96,4.75,28,False
All poor LS,P2RY12,P2RY12,0.15,0.0,0.0,0.0,28,False
All poor LS,P2RY13,P2RY13,1.97,3.57,2.22,5.88,28,False
All poor LS,P2RY14,P2RY14,0.7,0.0,1.48,0.23,28,False
All poor LS,P2RY4,P2RY4,0.03,0.0,0.0,0.0,28,False
All poor LS,P2RY6,P2RY6,0.39,0.0,0.0,1.02,28,False
All poor LS,PANX1,PANX1,7.43,7.14,8.33,5.2,28,False
All poor LS,PANX2,PANX2,1.18,0.0,0.74,0.23,28,False
All poor LS,PARM1,PARM1,0.03,0.0,0.37,0.11,28,False
All poor LS,PCDH1,PCDH1,0.0,0.0,0.0,0.0,28,False
All poor LS,PCDH10,PCDH10,0.55,0.0,0.0,0.0,28,False
All poor LS,PCDH11X,PCDH11X,0.01,0.0,0.0,0.0,28,False
All poor LS,PCDH11Y,PCDH11Y,0.02,0.0,0.0,0.0,28,False
All poor LS,PCDH12,PCDH12,0.06,0.0,0.19,0.11,28,False
All poor LS,PCDH15,PCDH15,0.17,0.0,0.0,0.0,28,False
All poor LS,PCDH18,PCDH18,0.0,0.0,0.0,0.0,28,False
All poor LS,PCDH20,PCDH20,0.0,0.0,0.19,0.0,28,False
All poor LS,PCDH7,PCDH7,0.17,0.0,0.0,0.0,28,False
All poor LS,PCDH8,PCDH8,0.07,0.0,0.19,0.0,28,False
All poor LS,PCDHA10,PCDHA10,0.0,0.0,0.0,0.0,28,False
All poor LS,PCDHA11,PCDHA11,0.0,0.0,0.0,0.0,28,False
All poor LS,PCDHA12,PCDHA12,0.01,0.0,0.0,0.0,28,False
All poor LS,PCDHA4,PCDHA4,0.0,0.0,0.0,0.0,28,False
All poor LS,PCDHA9,PCDHA9,0.0,0.0,0.0,0.0,28,False
All poor LS,PCDHB1,PCDHB1,0.0,0.0,0.0,0.0,28,False
All poor LS,PCDHB10,PCDHB10,0.01,0.0,0.0,0.0,28,False
All poor LS,PCDHB11,PCDHB11,0.0,0.0,0.0,0.0,28,False
All poor LS,PCDHB12,PCDHB12,0.02,0.0,0.0,0.0,28,False
All poor LS,PCDHB13,PCDHB13,0.02,0.0,0.0,0.0,28,False
All poor LS,PCDHB14,PCDHB14,0.07,0.0,0.0,0.0,28,False
All poor LS,PCDHB15,PCDHB15,0.03,0.0,0.0,0.0,28,False
All poor LS,PCDHB16,PCDHB16,0.0,0.0,0.0,0.0,28,False
All poor LS,PCDHB2,PCDHB2,0.02,0.0,0.0,0.0,28,False
All poor LS,PCDHB5,PCDHB5,0.01,0.0,0.0,0.0,28,False
All poor LS,PCDHB8,PCDHB8,0.0,0.0,0.0,0.0,28,False
All poor LS,PCDHB9,PCDHB9,0.06,0.0,0.0,0.0,28,False
All poor LS,PCDHGA1,PCDHGA1,0.04,0.0,0.0,0.0,28,False
All poor LS,PCDHGA10,PCDHGA10,0.31,0.0,0.19,0.34,28,False
All poor LS,PCDHGA11,PCDHGA11,0.27,0.0,0.19,0.0,28,False
All poor LS,PCDHGA12,PCDHGA12,0.26,0.0,0.56,0.11,28,False
All poor LS,PCDHGA2,PCDHGA2,0.01,0.0,0.0,0.0,28,False
All poor LS,PCDHGA3,PCDHGA3,0.0,0.0,0.0,0.0,28,False
All poor LS,PCDHGA4,PCDHGA4,0.02,0.0,0.0,0.0,28,False
All poor LS,PCDHGA5,PCDHGA5,0.2,0.0,0.0,0.0,28,False
All poor LS,PCDHGA6,PCDHGA6,0.46,0.0,0.74,0.11,28,False
All poor LS,PCDHGA7,PCDHGA7,0.13,0.0,0.0,0.0,28,False
All poor LS,PCDHGA8,PCDHGA8,0.22,0.0,0.0,0.11,28,False
All poor LS,PCDHGA9,PCDHGA9,0.04,0.0,0.19,0.0,28,False
All poor LS,PCDHGB1,PCDHGB1,0.04,0.0,0.19,0.0,28,False
All poor LS,PCDHGB2,PCDHGB2,0.93,0.0,0.56,0.11,28,False
All poor LS,PCDHGB3,PCDHGB3,0.26,0.0,0.19,0.11,28,False
All poor LS,PCDHGB4,PCDHGB4,0.12,0.0,0.0,0.23,28,False
All poor LS,PCDHGB5,PCDHGB5,0.11,0.0,0.0,0.0,28,False
All poor LS,PCDHGB6,PCDHGB6,0.18,0.0,0.0,0.0,28,False
All poor LS,PCDHGB7,PCDHGB7,0.26,0.0,0.56,0.0,28,False
All poor LS,PCDHGC3,PCDHGC3,1.03,0.0,0.0,0.56,28,False
All poor LS,PCDHGC4,PCDHGC4,0.08,0.0,0.0,0.0,28,False
All poor LS,PCDHGC5,PCDHGC5,0.04,0.0,0.0,0.0,28,False
All poor LS,PCSK5,PCSK5,0.82,0.0,1.85,1.13,28,False
All poor LS,PDCD1,PDCD1,0.15,0.0,0.0,0.0,28,False
All poor LS,PDCD1LG2,PDCD1LG2,0.12,0.0,0.37,0.0,28,False
All poor LS,PDGFRA,PDGFRA,0.03,0.0,0.19,0.0,28,False
All poor LS,PDGFRB,PDGFRB,1.27,3.57,0.0,0.45,28,False
All poor LS,PEAR1,PEAR1,0.82,0.0,4.07,0.34,28,False
All poor LS,PGAP1,PGAP1,2.15,0.0,2.59,0.68,28,False
All poor LS,PHEX,PHEX,0.03,0.0,0.0,0.0,28,False
All poor LS,PI16,PI16,0.28,0.0,0.0,0.0,28,False
All poor LS,PIEZO2,PIEZO2,3.35,3.57,0.74,0.45,28,False
All poor LS,PIGO,PIGO,11.92,14.29,10.0,6.21,28,False
All poor LS,PIGR,PIGR,0.02,0.0,0.0,0.11,28,False
All poor LS,PIK3IP1,PIK3IP1,5.74,0.0,7.41,1.69,28,False
All poor LS,PKD1L1,PKD1L1,0.09,0.0,0.0,0.0,28,False
All poor LS,PKD1L3,PKD1L3,0.19,0.0,0.0,0.23,28,False
All poor LS,PKD2L1,PKD2L1,0.01,0.0,0.0,0.0,28,False
All poor LS,PKDREJ,PKDREJ,0.15,0.0,0.0,0.23,28,False
All poor LS,PKHD1,PKHD1,0.01,0.0,0.0,0.0,28,False
All poor LS,PKHD1L1,PKHD1L1,0.01,0.0,0.0,0.0,28,False
All poor LS,PLA2R1,PLA2R1,0.21,0.0,0.93,0.0,28,False
All poor LS,PLD5,PLD5,0.0,0.0,0.0,0.0,28,False
All poor LS,PLET1,PLET1,0.01,0.0,0.0,0.0,28,False
All poor LS,PLP1,PLP1,0.06,0.0,0.37,0.0,28,False
All poor LS,PLVAP,PLVAP,0.66,0.0,0.37,0.11,28,False
All poor LS,PLXDC1,PLXDC1,0.08,0.0,0.0,0.11,28,False
All poor LS,PLXNA1,PLXNA1,0.37,0.0,0.0,0.23,28,False
All poor LS,PLXNA2,PLXNA2,0.62,0.0,0.0,0.23,28,False
All poor LS,PLXNA3,PLXNA3,3.61,0.0,1.3,1.58,28,False
All poor LS,PLXNA4,PLXNA4,0.07,0.0,0.0,0.0,28,False
All poor LS,PLXNB1,PLXNB1,2.78,0.0,4.26,1.36,28,False
All poor LS,PLXNB3,PLXNB3,0.1,0.0,0.0,0.0,28,False
All poor LS,PMEL,PMEL,0.43,0.0,0.56,0.23,28,False
All poor LS,PMEPA1,PMEPA1,2.02,0.0,5.74,0.56,28,False
All poor LS,PODXL,PODXL,0.57,0.0,1.3,0.23,28,False
All poor LS,PRLHR,PRLHR,0.0,0.0,0.0,0.0,28,False
All poor LS,PRLR,PRLR,2.09,3.57,0.19,4.29,28,False
All poor LS,PRND,PRND,0.01,0.0,0.0,0.0,28,False
All poor LS,PROCR,PROCR,1.86,0.0,2.04,2.03,28,False
All poor LS,PROKR1,PROKR1,0.01,0.0,0.0,0.0,28,False
All poor LS,PROKR2,PROKR2,0.0,0.0,0.0,0.0,28,False
All poor LS,PROM2,PROM2,0.09,0.0,0.0,0.11,28,False
All poor LS,PRPH2,PRPH2,0.02,0.0,0.0,0.0,28,False
All poor LS,PRRT3,PRRT3,2.64,0.0,7.04,1.02,28,False
All poor LS,PRSS41,PRSS41,0.0,0.0,0.0,0.0,28,False
All poor LS,PRSS8,PRSS8,0.03,0.0,0.0,0.23,28,False
All poor LS,PRTG,PRTG,0.0,0.0,0.74,0.0,28,False
All poor LS,PSCA,PSCA,0.5,0.0,0.0,0.11,28,False
All poor LS,PSEN2,PSEN2,3.4,3.57,4.26,1.24,28,False
All poor LS,PTCH1,PTCH1,0.44,0.0,0.0,0.0,28,False
All poor LS,PTCHD1,PTCHD1,0.01,0.0,0.0,0.0,28,False
All poor LS,PTCHD4,PTCHD4,0.03,0.0,0.19,0.0,28,False
All poor LS,PTCRA,PTCRA,0.74,3.57,0.0,0.23,28,False
All poor LS,PTGDR,PTGDR,0.16,0.0,0.19,0.0,28,False
All poor LS,PTGDR2,PTGDR2,0.59,0.0,3.15,0.11,28,False
All poor LS,PTGER1,PTGER1,2.95,0.0,0.19,0.45,28,False
All poor LS,PTGER3,PTGER3,1.08,3.57,0.19,0.23,28,False
All poor LS,PTGFR,PTGFR,0.1,0.0,0.0,0.0,28,False
All poor LS,PTGFRN,PTGFRN,1.57,0.0,0.19,1.24,28,False
All poor LS,PTGIR,PTGIR,5.03,14.29,2.59,7.8,28,False
All poor LS,PTH1R,PTH1R,0.1,0.0,0.0,0.11,28,False
All poor LS,PTH2R,PTH2R,7.47,7.14,0.19,1.92,28,False
All poor LS,PTPRB,PTPRB,0.19,0.0,0.19,0.11,28,False
All poor LS,PTPRD,PTPRD,0.39,3.57,2.96,0.34,28,False
All poor LS,PTPRF,PTPRF,0.85,0.0,0.37,0.11,28,False
All poor LS,PTPRG,PTPRG,0.22,0.0,0.0,0.0,28,False
All poor LS,PTPRH,PTPRH,0.33,0.0,0.0,0.11,28,False
All poor LS,PTPRK,PTPRK,0.07,0.0,0.37,0.0,28,False
All poor LS,PTPRM,PTPRM,3.21,7.14,6.3,2.26,28,False
All poor LS,PTPRN,PTPRN,0.03,0.0,0.0,0.0,28,False
All poor LS,PTPRN2,PTPRN2,3.81,7.14,1.85,0.79,28,False
All poor LS,PTPRO,PTPRO,1.02,0.0,0.19,0.79,28,False
All poor LS,PTPRR,PTPRR,0.11,0.0,0.0,0.0,28,False
All poor LS,PTPRS,PTPRS,3.11,0.0,0.74,0.11,28,False
All poor LS,PTPRU,PTPRU,0.3,0.0,0.0,0.0,28,False
All poor LS,PVR,PVR,5.51,0.0,7.04,2.03,28,False
All poor LS,QRFPR,QRFPR,0.04,0.0,0.0,0.0,28,False
All poor LS,QSOX2,QSOX2,8.06,3.57,7.22,3.62,28,False
All poor LS,RAET1E,RAET1E,0.47,0.0,0.19,0.23,28,False
All poor LS,RAET1G,RAET1G,0.11,0.0,0.0,0.0,28,False
All poor LS,RAMP2,RAMP2,0.15,0.0,0.19,0.11,28,False
All poor LS,RAMP3,RAMP3,0.0,0.0,0.0,0.0,28,False
All poor LS,RECK,RECK,6.44,0.0,6.67,4.86,28,False
All poor LS,RET,RET,2.39,3.57,0.19,1.58,28,False
All poor LS,RGMA,RGMA,0.49,0.0,3.7,0.79,28,False
All poor LS,RGMB,RGMB,0.08,0.0,0.0,0.0,28,False
All poor LS,RHAG,RHAG,0.41,3.57,0.37,0.23,28,False
All poor LS,RHBDF2,RHBDF2,10.05,7.14,5.74,8.59,28,False
All poor LS,RHBDL2,RHBDL2,0.01,0.0,0.0,0.0,28,False
All poor LS,RHO,RHO,0.03,0.0,0.0,0.0,28,False
All poor LS,RNF150,RNF150,0.07,0.0,4.26,0.11,28,False
All poor LS,RNF43,RNF43,0.83,0.0,0.74,0.56,28,False
All poor LS,ROBO1,ROBO1,1.73,7.14,2.96,0.34,28,False
All poor LS,ROBO2,ROBO2,1.47,3.57,0.19,0.0,28,False
All poor LS,ROR1,ROR1,0.55,3.57,0.19,0.0,28,False
All poor LS,ROR2,ROR2,0.53,3.57,0.37,0.0,28,False
All poor LS,RPRM,RPRM,0.01,0.0,0.0,0.0,28,False
All poor LS,RPRML,RPRML,0.09,0.0,0.0,0.0,28,False
All poor LS,RRH,RRH,0.07,0.0,0.0,0.0,28,False
All poor LS,RTN4RL1,RTN4RL1,0.24,0.0,0.0,0.11,28,False
All poor LS,RTN4RL2,RTN4RL2,0.93,0.0,2.04,2.6,28,False
All poor LS,RXFP1,RXFP1,4.95,7.14,2.59,5.42,28,False
All poor LS,RXFP2,RXFP2,0.02,0.0,0.0,0.0,28,False
All poor LS,RXFP4,RXFP4,0.04,0.0,0.0,0.0,28,False
All poor LS,S1PR1,S1PR1,0.9,0.0,0.74,0.45,28,False
All poor LS,S1PR2,S1PR2,0.35,0.0,0.37,0.34,28,False
All poor LS,S1PR3,S1PR3,0.75,0.0,0.19,1.81,28,False
All poor LS,S1PR5,S1PR5,0.03,0.0,0.37,0.0,28,False
All poor LS,SCARA5,SCARA5,0.11,0.0,0.0,0.0,28,False
All poor LS,SCARF2,SCARF2,0.95,0.0,0.56,0.56,28,False
All poor LS,SCN11A,SCN11A,0.2,0.0,0.0,0.11,28,False
All poor LS,SCN1B,SCN1B,3.34,14.29,1.67,2.49,28,False
All poor LS,SCN2A,SCN2A,0.44,0.0,0.19,0.0,28,False
All poor LS,SCN3A,SCN3A,1.2,3.57,0.37,0.11,28,False
All poor LS,SCN3B,SCN3B,0.0,0.0,0.19,0.11,28,False
All poor LS,SCN4A,SCN4A,0.15,0.0,0.93,0.11,28,False
All poor LS,SCN4B,SCN4B,0.1,0.0,0.0,0.11,28,False
All poor LS,SCN5A,SCN5A,0.0,0.0,0.0,0.0,28,False
All poor LS,SCN7A,SCN7A,0.0,0.0,0.19,0.0,28,False
All poor LS,SCN8A,SCN8A,0.38,0.0,1.3,0.0,28,False
All poor LS,SCN9A,SCN9A,1.09,3.57,9.44,0.68,28,False
All poor LS,SCNN1A,SCNN1A,0.52,0.0,0.37,0.23,28,False
All poor LS,SCNN1B,SCNN1B,0.0,0.0,0.0,0.0,28,False
All poor LS,SCNN1D,SCNN1D,1.98,0.0,1.48,1.81,28,False
All poor LS,SDC1,SDC1,0.08,0.0,0.0,0.0,28,False
All poor LS,SDC2,SDC2,2.55,7.14,0.0,0.11,28,False
All poor LS,SDK1,SDK1,0.16,0.0,0.0,0.0,28,False
All poor LS,SECTM1,SECTM1,1.82,0.0,1.11,1.47,28,False
All poor LS,SELE,SELE,0.0,0.0,0.0,0.0,28,False
All poor LS,SELP,SELP,1.37,3.57,1.11,0.11,28,False
All poor LS,SEMA4B,SEMA4B,5.09,0.0,2.96,3.05,28,False
All poor LS,SEMA4C,SEMA4C,3.73,0.0,3.33,2.15,28,False
All poor LS,SEMA4F,SEMA4F,0.87,0.0,1.85,0.11,28,False
All poor LS,SEMA4G,SEMA4G,0.24,0.0,0.37,0.0,28,False
All poor LS,SEMA5A,SEMA5A,0.01,0.0,0.0,0.0,28,False
All poor LS,SEMA5B,SEMA5B,0.1,0.0,0.37,0.0,28,False
All poor LS,SEMA6A,SEMA6A,0.52,0.0,0.37,0.11,28,False
All poor LS,SEMA6B,SEMA6B,1.98,0.0,0.0,1.92,28,False
All poor LS,SEMA6C,SEMA6C,1.03,0.0,2.22,0.45,28,False
All poor LS,SEMA6D,SEMA6D,0.0,0.0,0.0,0.0,28,False
All poor LS,SEMA7A,SEMA7A,2.2,0.0,2.41,0.45,28,False
All poor LS,SERINC2,SERINC2,2.14,0.0,0.19,1.92,28,False
All poor LS,SERINC4,SERINC4,0.72,0.0,1.48,0.34,28,False
All poor LS,SERINC5,SERINC5,11.81,25.0,7.04,6.44,28,False
All poor LS,SEZ6,SEZ6,0.2,0.0,0.19,0.11,28,False
All poor LS,SEZ6L2,SEZ6L2,1.2,3.57,0.37,0.56,28,False
All poor LS,SGCA,SGCA,0.2,0.0,0.37,0.11,28,False
All poor LS,SGCB,SGCB,0.65,0.0,1.11,0.56,28,False
All poor LS,SGCD,SGCD,0.0,0.0,0.0,0.0,28,False
All poor LS,SGCE,SGCE,0.01,0.0,0.0,0.0,28,False
All poor LS,SGCZ,SGCZ,0.0,0.0,0.37,0.0,28,False
All poor LS,SHISA4,SHISA4,0.21,0.0,0.37,0.0,28,False
All poor LS,SHISA7,SHISA7,0.1,0.0,0.0,0.11,28,False
All poor LS,SHISA8,SHISA8,0.01,0.0,0.19,0.11,28,False
All poor LS,SHISA9,SHISA9,0.01,0.0,0.0,0.11,28,False
All poor LS,SIDT1,SIDT1,3.92,0.0,7.04,3.16,28,False
All poor LS,SIDT2,SIDT2,6.45,3.57,5.0,4.75,28,False
All poor LS,SIGLEC1,SIGLEC1,0.95,0.0,0.0,0.79,28,False
All poor LS,SIGLEC10,SIGLEC10,2.95,3.57,5.56,3.73,28,False
All poor LS,SIGLEC11,SIGLEC11,0.03,0.0,0.0,1.13,28,False
All poor LS,SIGLEC12,SIGLEC12,13.04,32.14,0.19,5.42,28,False
All poor LS,SIGLEC14,SIGLEC14,0.75,0.0,0.37,1.92,28,False
All poor LS,SIGLEC15,SIGLEC15,2.55,0.0,1.3,0.79,28,False
All poor LS,SIGLEC5,SIGLEC5,1.01,0.0,0.19,1.58,28,False
All poor LS,SIGLEC6,SIGLEC6,2.12,3.57,0.37,0.56,28,False
All poor LS,SIGLEC7,SIGLEC7,1.49,0.0,0.19,2.94,28,False
All poor LS,SIGLEC8,SIGLEC8,0.11,0.0,0.0,0.0,28,False
All poor LS,SIGLEC9,SIGLEC9,1.35,0.0,0.0,8.81,28,False
All poor LS,SIGLECL1,SIGLECL1,0.08,0.0,0.19,0.0,28,False
All poor LS,SIRPG,SIRPG,0.19,0.0,0.19,0.11,28,False
All poor LS,SIT1,SIT1,0.61,0.0,0.19,1.47,28,False
All poor LS,SLAMF1,SLAMF1,0.24,0.0,0.0,0.23,28,False
All poor LS,SLAMF6,SLAMF6,2.04,0.0,0.0,0.45,28,False
All poor LS,SLAMF7,SLAMF7,0.12,0.0,0.0,0.11,28,False
All poor LS,SLAMF8,SLAMF8,0.11,0.0,0.19,0.45,28,False
All poor LS,SLAMF9,SLAMF9,0.17,0.0,0.19,0.23,28,False
All poor LS,SLC10A1,SLC10A1,0.3,0.0,0.19,0.11,28,False
All poor LS,SLC10A2,SLC10A2,0.0,0.0,0.0,0.11,28,False
All poor LS,SLC10A4,SLC10A4,0.63,3.57,0.0,0.11,28,False
All poor LS,SLC10A5,SLC10A5,0.16,0.0,1.3,0.11,28,False
All poor LS,SLC10A6,SLC10A6,0.02,0.0,0.0,0.0,28,False
All poor LS,SLC11A2,SLC11A2,8.77,7.14,9.44,4.29,28,False
All poor LS,SLC12A1,SLC12A1,0.01,0.0,0.0,0.0,28,False
All poor LS,SLC12A3,SLC12A3,0.04,0.0,0.0,0.0,28,False
All poor LS,SLC12A4,SLC12A4,5.49,0.0,5.37,3.95,28,False
All poor LS,SLC12A5,SLC12A5,4.49,0.0,3.33,1.13,28,False
All poor LS,SLC12A8,SLC12A8,0.16,0.0,0.0,0.11,28,False
All poor LS,SLC13A3,SLC13A3,0.2,0.0,0.0,0.0,28,False
All poor LS,SLC13A4,SLC13A4,0.08,0.0,0.0,0.0,28,False
All poor LS,SLC14A1,SLC14A1,3.24,0.0,0.56,0.11,28,False
All poor LS,SLC14A2,SLC14A2,0.08,0.0,0.0,0.11,28,False
All poor LS,SLC15A2,SLC15A2,8.78,14.29,3.15,5.99,28,False
All poor LS,SLC15A3,SLC15A3,1.24,0.0,0.37,5.31,28,False
All poor LS,SLC15A5,SLC15A5,0.01,0.0,0.0,0.0,28,False
All poor LS,SLC16A4,SLC16A4,0.4,0.0,0.19,0.23,28,False
All poor LS,SLC16A5,SLC16A5,5.58,0.0,3.33,3.39,28,False
All poor LS,SLC16A6,SLC16A6,0.19,0.0,0.37,0.79,28,False
All poor LS,SLC16A8,SLC16A8,0.43,0.0,0.19,0.23,28,False
All poor LS,SLC17A5,SLC17A5,8.21,0.0,5.56,4.41,28,False
All poor LS,SLC17A7,SLC17A7,0.01,0.0,0.0,0.0,28,False
All poor LS,SLC18A1,SLC18A1,0.07,0.0,0.0,0.0,28,False
All poor LS,SLC18A2,SLC18A2,3.87,14.29,7.22,0.56,28,False
All poor LS,SLC19A2,SLC19A2,3.99,3.57,6.3,4.41,28,False
All poor LS,SLC1A1,SLC1A1,0.17,0.0,0.0,0.0,28,False
All poor LS,SLC1A2,SLC1A2,0.03,0.0,0.0,0.11,28,False
All poor LS,SLC1A3,SLC1A3,6.75,7.14,1.85,8.59,28,False
All poor LS,SLC1A7,SLC1A7,0.09,0.0,0.0,0.11,28,False
All poor LS,SLC20A2,SLC20A2,11.86,14.29,9.81,6.1,28,False
All poor LS,SLC22A1,SLC22A1,0.0,0.0,0.0,0.0,28,False
All poor LS,SLC22A11,SLC22A11,0.09,0.0,0.0,0.0,28,False
All poor LS,SLC22A13,SLC22A13,0.08,0.0,0.0,0.11,28,False
All poor LS,SLC22A14,SLC22A14,0.01,0.0,0.0,0.0,28,False
All poor LS,SLC22A15,SLC22A15,2.93,3.57,2.78,6.67,28,False
All poor LS,SLC22A23,SLC22A23,0.53,3.57,0.19,0.34,28,False
All poor LS,SLC22A4,SLC22A4,7.1,3.57,4.26,7.91,28,False
All poor LS,SLC22A5,SLC22A5,5.98,0.0,5.93,3.84,28,False
All poor LS,SLC22A7,SLC22A7,0.0,0.0,0.19,0.0,28,False
All poor LS,SLC23A1,SLC23A1,0.62,0.0,0.74,0.0,28,False
All poor LS,SLC24A2,SLC24A2,0.02,0.0,0.0,0.0,28,False
All poor LS,SLC24A3,SLC24A3,6.58,25.0,2.41,3.05,28,False
All poor LS,SLC24A4,SLC24A4,4.38,3.57,0.56,4.18,28,False
All poor LS,SLC24A5,SLC24A5,0.22,0.0,0.0,0.0,28,False
All poor LS,SLC26A1,SLC26A1,0.64,0.0,0.37,0.23,28,False
All poor LS,SLC26A2,SLC26A2,11.92,21.43,6.67,6.1,28,False
All poor LS,SLC26A3,SLC26A3,0.02,0.0,0.0,0.0,28,False
All poor LS,SLC26A4,SLC26A4,0.12,0.0,0.0,0.0,28,False
All poor LS,SLC26A5,SLC26A5,0.02,0.0,0.0,0.0,28,False
All poor LS,SLC26A6,SLC26A6,7.47,0.0,4.44,6.55,28,False
All poor LS,SLC26A8,SLC26A8,0.9,0.0,0.93,1.24,28,False
All poor LS,SLC26A9,SLC26A9,0.0,0.0,0.0,0.23,28,False
All poor LS,SLC28A1,SLC28A1,0.0,0.0,0.0,0.0,28,False
All poor LS,SLC28A2,SLC28A2,0.06,0.0,0.0,0.23,28,False
All poor LS,SLC28A3,SLC28A3,2.34,3.57,0.0,2.49,28,False
All poor LS,SLC29A2,SLC29A2,1.84,0.0,5.93,1.13,28,False
All poor LS,SLC29A4,SLC29A4,0.9,0.0,0.19,0.0,28,False
All poor LS,SLC2A1,SLC2A1,9.09,7.14,8.33,3.16,28,False
All poor LS,SLC2A10,SLC2A10,0.31,0.0,1.67,0.34,28,False
All poor LS,SLC2A12,SLC2A12,1.13,0.0,0.0,0.34,28,False
All poor LS,SLC2A13,SLC2A13,2.99,0.0,4.44,2.37,28,False
All poor LS,SLC2A14,SLC2A14,0.98,0.0,0.19,0.68,28,False
All poor LS,SLC2A4,SLC2A4,0.27,0.0,0.37,0.0,28,False
All poor LS,SLC2A6,SLC2A6,4.43,3.57,2.78,2.15,28,False
All poor LS,SLC2A7,SLC2A7,0.15,0.0,0.0,0.11,28,False
All poor LS,SLC2A8,SLC2A8,3.39,0.0,6.48,2.6,28,False
All poor LS,SLC2A9,SLC2A9,4.42,0.0,4.26,9.83,28,False
All poor LS,SLC30A1,SLC30A1,7.41,3.57,4.07,4.86,28,False
All poor LS,SLC31A1,SLC31A1,7.56,3.57,5.37,9.72,28,False
All poor LS,SLC32A1,SLC32A1,0.01,0.0,0.0,0.0,28,False
All poor LS,SLC33A1,SLC33A1,12.67,25.0,6.48,5.88,28,False
All poor LS,SLC34A1,SLC34A1,0.02,0.0,0.0,0.0,28,False
All poor LS,SLC34A2,SLC34A2,0.0,0.0,0.0,0.0,28,False
All poor LS,SLC35A5,SLC35A5,8.86,3.57,7.41,3.16,28,False
All poor LS,SLC36A1,SLC36A1,7.91,3.57,1.48,8.59,28,False
All poor LS,SLC36A3,SLC36A3,0.0,0.0,0.0,0.0,28,False
All poor LS,SLC37A2,SLC37A2,1.04,0.0,0.19,4.41,28,False
All poor LS,SLC37A3,SLC37A3,1.01,0.0,2.96,0.56,28,False
All poor LS,SLC38A11,SLC38A11,0.02,0.0,0.0,0.0,28,False
All poor LS,SLC38A4,SLC38A4,0.21,0.0,0.19,0.0,28,False
All poor LS,SLC38A8,SLC38A8,0.0,0.0,0.0,0.0,28,False
All poor LS,SLC38A9,SLC38A9,9.68,3.57,7.04,3.73,28,False
All poor LS,SLC39A14,SLC39A14,4.33,0.0,5.74,2.6,28,False
All poor LS,SLC39A2,SLC39A2,0.02,0.0,0.0,0.0,28,False
All poor LS,SLC39A5,SLC39A5,0.02,0.0,0.0,0.23,28,False
All poor LS,SLC3A1,SLC3A1,0.75,0.0,0.74,0.23,28,False
All poor LS,SLC41A1,SLC41A1,0.81,0.0,4.63,0.45,28,False
All poor LS,SLC41A2,SLC41A2,0.2,0.0,0.56,0.34,28,False
All poor LS,SLC43A2,SLC43A2,5.4,0.0,4.44,2.71,28,False
All poor LS,SLC44A3,SLC44A3,1.37,0.0,0.0,0.23,28,False
All poor LS,SLC44A4,SLC44A4,0.43,0.0,0.56,0.56,28,False
All poor LS,SLC44A5,SLC44A5,0.33,0.0,0.19,0.0,28,False
All poor LS,SLC45A2,SLC45A2,0.03,0.0,0.0,0.0,28,False
All poor LS,SLC45A4,SLC45A4,2.48,0.0,1.48,1.81,28,False
All poor LS,SLC46A1,SLC46A1,1.4,0.0,3.33,1.69,28,False
All poor LS,SLC46A2,SLC46A2,0.02,0.0,0.0,0.11,28,False
All poor LS,SLC46A3,SLC46A3,9.07,3.57,6.67,2.15,28,False
All poor LS,SLC47A1,SLC47A1,0.16,0.0,0.0,0.56,28,False
All poor LS,SLC4A1,SLC4A1,0.34,0.0,0.19,0.23,28,False
All poor LS,SLC4A10,SLC4A10,0.01,0.0,0.0,0.0,28,False
All poor LS,SLC4A4,SLC4A4,0.24,0.0,0.74,0.0,28,False
All poor LS,SLC4A5,SLC4A5,0.94,0.0,1.11,0.23,28,False
All poor LS,SLC4A8,SLC4A8,2.99,0.0,2.96,0.68,28,False
All poor LS,SLC51A,SLC51A,0.07,0.0,0.0,0.0,28,False
All poor LS,SLC51B,SLC51B,0.01,0.0,0.0,0.0,28,False
All poor LS,SLC52A1,SLC52A1,0.03,0.0,0.0,0.0,28,False
All poor LS,SLC52A3,SLC52A3,2.3,0.0,0.19,0.56,28,False
All poor LS,SLC5A10,SLC5A10,1.69,3.57,0.74,0.56,28,False
All poor LS,SLC5A11,SLC5A11,0.0,0.0,0.0,0.23,28,False
All poor LS,SLC5A12,SLC5A12,0.0,0.0,0.0,0.0,28,False
All poor LS,SLC5A2,SLC5A2,0.55,0.0,0.93,0.34,28,False
All poor LS,SLC5A4,SLC5A4,0.02,0.0,0.0,0.11,28,False
All poor LS,SLC5A5,SLC5A5,0.08,0.0,0.74,0.11,28,False
All poor LS,SLC5A9,SLC5A9,0.03,0.0,0.0,0.0,28,False
All poor LS,SLC6A1,SLC6A1,0.0,0.0,0.0,0.0,28,False
All poor LS,SLC6A11,SLC6A11,0.01,0.0,0.0,0.0,28,False
All poor LS,SLC6A12,SLC6A12,0.09,0.0,0.0,0.0,28,False
All poor LS,SLC6A13,SLC6A13,0.06,0.0,0.0,0.0,28,False
All poor LS,SLC6A16,SLC6A16,0.1,0.0,0.74,0.0,28,False
All poor LS,SLC6A19,SLC6A19,0.03,0.0,0.0,0.0,28,False
All poor LS,SLC6A2,SLC6A2,0.0,0.0,0.37,0.0,28,False
All poor LS,SLC6A20,SLC6A20,0.18,0.0,0.0,0.0,28,False
All poor LS,SLC6A3,SLC6A3,0.01,0.0,0.0,0.0,28,False
All poor LS,SLC6A4,SLC6A4,0.04,0.0,0.19,0.0,28,False
All poor LS,SLC6A6,SLC6A6,13.16,10.71,10.0,4.97,28,False
All poor LS,SLC6A7,SLC6A7,0.01,0.0,0.0,0.0,28,False
All poor LS,SLC6A8,SLC6A8,1.01,3.57,0.74,0.23,28,False
All poor LS,SLC6A9,SLC6A9,0.37,0.0,0.0,0.0,28,False
All poor LS,SLC7A10,SLC7A10,0.06,0.0,0.0,0.0,28,False
All poor LS,SLC7A2,SLC7A2,0.59,0.0,0.0,0.11,28,False
All poor LS,SLC7A3,SLC7A3,0.02,0.0,0.56,0.0,28,False
All poor LS,SLC7A4,SLC7A4,0.0,0.0,0.0,0.0,28,False
All poor LS,SLC7A6,SLC7A6,16.39,28.57,8.7,6.44,28,False
All poor LS,SLC7A9,SLC7A9,0.1,0.0,0.19,0.0,28,False
All poor LS,SLC8A1,SLC8A1,0.64,0.0,2.59,9.6,28,False
All poor LS,SLC8A2,SLC8A2,0.02,0.0,0.19,0.0,28,False
All poor LS,SLC8A3,SLC8A3,1.03,0.0,9.26,0.11,28,False
All poor LS,SLC8B1,SLC8B1,12.7,10.71,8.33,8.36,28,False
All poor LS,SLC9A1,SLC9A1,9.43,7.14,7.41,8.59,28,False
All poor LS,SLC9A2,SLC9A2,0.15,0.0,0.0,0.0,28,False
All poor LS,SLC9A3,SLC9A3,2.32,0.0,2.04,0.34,28,False
All poor LS,SLC9A6,SLC9A6,5.35,0.0,2.96,3.62,28,False
All poor LS,SLCO1A2,SLCO1A2,0.01,0.0,0.0,0.0,28,False
All poor LS,SLCO1B3,SLCO1B3,0.02,0.0,0.0,0.0,28,False
All poor LS,SLCO1C1,SLCO1C1,0.0,0.0,0.0,0.0,28,False
All poor LS,SLCO2A1,SLCO2A1,0.24,0.0,0.37,0.11,28,False
All poor LS,SLCO2B1,SLCO2B1,0.0,0.0,0.0,0.0,28,False
All poor LS,SLCO4A1,SLCO4A1,5.15,3.57,7.59,3.28,28,False
All poor LS,SLCO4C1,SLCO4C1,1.88,0.0,0.74,3.05,28,False
All poor LS,SLCO5A1,SLCO5A1,5.11,21.43,2.78,1.92,28,False
All poor LS,SLITRK4,SLITRK4,4.22,0.0,0.56,1.02,28,False
All poor LS,SLITRK5,SLITRK5,0.28,0.0,1.3,0.0,28,False
All poor LS,SLITRK6,SLITRK6,0.45,0.0,0.0,0.0,28,False
All poor LS,SMO,SMO,1.29,0.0,6.67,0.45,28,False
All poor LS,SORCS1,SORCS1,0.5,0.0,0.0,0.0,28,False
All poor LS,SORCS2,SORCS2,0.19,0.0,0.0,0.56,28,False
All poor LS,SORCS3,SORCS3,0.0,0.0,0.0,0.0,28,False
All poor LS,SORT1,SORT1,3.42,7.14,2.59,7.12,28,False
All poor LS,SPRN,SPRN,0.01,0.0,0.0,0.0,28,False
All poor LS,SSPN,SSPN,3.73,0.0,5.19,1.02,28,False
All poor LS,SSTR1,SSTR1,0.35,3.57,0.19,0.0,28,False
All poor LS,SSTR2,SSTR2,0.18,0.0,0.19,0.0,28,False
All poor LS,SSTR3,SSTR3,0.04,0.0,0.0,0.0,28,False
All poor LS,STAB2,STAB2,0.0,0.0,0.0,0.0,28,False
All poor LS,STEAP4,STEAP4,0.03,0.0,0.19,0.0,28,False
All poor LS,STS,STS,1.7,0.0,1.48,3.16,28,False
All poor LS,SUCNR1,SUCNR1,30.52,53.57,6.3,6.55,28,False
All poor LS,SUSD1,SUSD1,16.72,32.14,8.89,8.14,28,False
All poor LS,SUSD2,SUSD2,0.21,0.0,0.19,0.0,28,False
All poor LS,SUSD4,SUSD4,0.01,0.0,0.0,0.0,28,False
All poor LS,SUSD5,SUSD5,0.86,3.57,0.37,0.11,28,False
All poor LS,SV2B,SV2B,1.4,0.0,0.19,0.23,28,False
All poor LS,SV2C,SV2C,0.37,0.0,0.19,0.0,28,False
All poor LS,SVOPL,SVOPL,9.68,17.86,8.7,0.45,28,False
All poor LS,SYP,SYP,0.89,0.0,1.11,0.34,28,False
All poor LS,TACR1,TACR1,0.01,0.0,0.0,0.0,28,False
All poor LS,TACR2,TACR2,0.09,0.0,0.19,0.23,28,False
All poor LS,TACSTD2,TACSTD2,0.29,0.0,0.0,0.34,28,False
All poor LS,TARM1,TARM1,0.59,0.0,0.0,0.56,28,False
All poor LS,TAS1R1,TAS1R1,0.03,0.0,0.0,0.0,28,False
All poor LS,TAS1R3,TAS1R3,0.03,0.0,0.0,0.0,28,False
All poor LS,TAS2R10,TAS2R10,0.34,0.0,0.56,0.0,28,False
All poor LS,TAS2R14,TAS2R14,2.4,0.0,1.48,0.79,28,False
All poor LS,TAS2R19,TAS2R19,0.22,0.0,0.74,0.23,28,False
All poor LS,TAS2R20,TAS2R20,0.1,0.0,0.19,0.0,28,False
All poor LS,TAS2R3,TAS2R3,0.03,0.0,0.0,0.0,28,False
All poor LS,TAS2R30,TAS2R30,0.52,0.0,0.74,0.11,28,False
All poor LS,TAS2R4,TAS2R4,0.57,0.0,0.37,0.11,28,False
All poor LS,TAS2R46,TAS2R46,0.16,0.0,0.19,0.0,28,False
All poor LS,TAS2R7,TAS2R7,0.0,0.0,0.0,0.0,28,False
All poor LS,TAS2R8,TAS2R8,0.01,0.0,0.0,0.0,28,False
All poor LS,TAS2R9,TAS2R9,0.02,0.0,0.0,0.0,28,False
All poor LS,TBXA2R,TBXA2R,5.23,14.29,4.63,1.58,28,False
All poor LS,TCTN2,TCTN2,4.26,0.0,5.37,1.13,28,False
All poor LS,TECTA,TECTA,0.01,0.0,0.0,0.0,28,False
All poor LS,TEK,TEK,0.06,0.0,0.0,0.0,28,False
All poor LS,TENM1,TENM1,0.36,0.0,0.0,0.11,28,False
All poor LS,TENM3,TENM3,0.02,0.0,0.0,0.0,28,False
All poor LS,TENM4,TENM4,0.0,0.0,0.0,0.0,28,False
All poor LS,TEX101,TEX101,0.06,0.0,0.0,0.0,28,False
All poor LS,TGFA,TGFA,0.29,0.0,0.0,0.23,28,False
All poor LS,TGFBR3,TGFBR3,0.18,0.0,0.37,0.0,28,False
All poor LS,THBD,THBD,1.94,0.0,0.37,0.9,28,False
All poor LS,THSD1,THSD1,0.78,0.0,0.56,0.45,28,False
All poor LS,THSD7A,THSD7A,9.9,25.0,2.22,1.69,28,False
All poor LS,THSD7B,THSD7B,0.0,0.0,0.0,0.0,28,False
All poor LS,THY1,THY1,0.04,0.0,1.85,0.0,28,False
All poor LS,TIGIT,TIGIT,0.17,0.0,0.56,0.23,28,False
All poor LS,TIMD4,TIMD4,0.0,0.0,0.0,0.11,28,False
All poor LS,TLR1,TLR1,4.64,0.0,2.59,3.5,28,False
All poor LS,TLR10,TLR10,0.81,0.0,0.93,0.11,28,False
All poor LS,TLR3,TLR3,0.73,0.0,1.85,0.11,28,False
All poor LS,TLR4,TLR4,3.23,0.0,2.04,5.76,28,False
All poor LS,TLR5,TLR5,0.59,0.0,0.19,2.82,28,False
All poor LS,TLR6,TLR6,4.65,0.0,2.04,3.39,28,False
All poor LS,TLR7,TLR7,0.72,0.0,0.37,1.81,28,False
All poor LS,TLR8,TLR8,0.54,0.0,0.0,2.71,28,False
All poor LS,TLR9,TLR9,2.04,0.0,1.67,0.11,28,False
All poor LS,TM4SF1,TM4SF1,7.67,25.0,5.19,1.81,28,False
All poor LS,TM4SF18,TM4SF18,0.01,0.0,0.0,0.0,28,False
All poor LS,TM4SF20,TM4SF20,0.01,0.0,0.0,0.0,28,False
All poor LS,TM4SF5,TM4SF5,0.0,0.0,0.0,0.0,28,False
All poor LS,TMC7,TMC7,0.02,0.0,0.0,0.0,28,False
All poor LS,TMEFF1,TMEFF1,1.28,3.57,2.22,0.23,28,False
All poor LS,TMEFF2,TMEFF2,0.0,0.0,0.19,0.0,28,False
All poor LS,TMEM104,TMEM104,9.65,7.14,4.44,7.12,28,False
All poor LS,TMEM106A,TMEM106A,13.73,14.29,10.0,4.97,28,False
All poor LS,TMEM108,TMEM108,0.0,0.0,0.0,0.0,28,False
All poor LS,TMEM116,TMEM116,5.16,0.0,3.89,2.94,28,False
All poor LS,TMEM132A,TMEM132A,0.0,0.0,0.0,0.11,28,False
All poor LS,TMEM132B,TMEM132B,0.0,0.0,0.0,0.0,28,False
All poor LS,TMEM132C,TMEM132C,0.0,0.0,0.0,0.0,28,False
All poor LS,TMEM132E,TMEM132E,0.0,0.0,0.0,0.0,28,False
All poor LS,TMEM140,TMEM140,4.03,0.0,5.56,0.56,28,False
All poor LS,TMEM145,TMEM145,0.25,0.0,0.19,0.56,28,False
All poor LS,TMEM150A,TMEM150A,9.4,0.0,8.33,2.37,28,False
All poor LS,TMEM150B,TMEM150B,1.23,0.0,1.67,2.03,28,False
All poor LS,TMEM154,TMEM154,7.48,7.14,6.11,3.5,28,False
All poor LS,TMEM158,TMEM158,0.95,0.0,1.11,0.45,28,False
All poor LS,TMEM171,TMEM171,0.0,0.0,0.0,0.0,28,False
All poor LS,TMEM178A,TMEM178A,0.24,0.0,0.0,0.0,28,False
All poor LS,TMEM178B,TMEM178B,0.01,0.0,0.0,0.0,28,False
All poor LS,TMEM182,TMEM182,4.19,0.0,5.93,0.9,28,False
All poor LS,TMEM184A,TMEM184A,0.54,0.0,0.0,0.0,28,False
All poor LS,TMEM204,TMEM204,2.71,0.0,4.44,1.13,28,False
All poor LS,TMEM213,TMEM213,0.03,0.0,0.0,0.0,28,False
All poor LS,TMEM217,TMEM217,4.49,0.0,4.44,2.15,28,False
All poor LS,TMEM231,TMEM231,1.64,0.0,5.74,0.9,28,False
All poor LS,TMEM235,TMEM235,0.0,0.0,0.0,0.0,28,False
All poor LS,TMEM255A,TMEM255A,0.4,0.0,0.0,0.0,28,False
All poor LS,TMEM255B,TMEM255B,1.31,0.0,0.56,1.02,28,False
All poor LS,TMEM37,TMEM37,0.24,0.0,0.0,0.0,28,False
All poor LS,TMEM62,TMEM62,9.21,7.14,9.63,4.52,28,False
All poor LS,TMEM63B,TMEM63B,1.94,0.0,0.93,1.13,28,False
All poor LS,TMEM63C,TMEM63C,0.03,0.0,0.19,0.11,28,False
All poor LS,TMEM67,TMEM67,5.26,0.0,8.33,0.68,28,False
All poor LS,TMEM8B,TMEM8B,2.14,0.0,3.89,1.92,28,False
All poor LS,TMEM95,TMEM95,0.02,0.0,0.0,0.0,28,False
All poor LS,TMPRSS11B,TMPRSS11B,0.0,0.0,0.0,0.0,28,False
All poor LS,TMPRSS11D,TMPRSS11D,0.0,0.0,0.0,0.0,28,False
All poor LS,TMPRSS13,TMPRSS13,0.13,0.0,0.0,0.79,28,False
All poor LS,TMPRSS15,TMPRSS15,0.01,0.0,0.0,0.0,28,False
All poor LS,TMPRSS5,TMPRSS5,0.1,0.0,0.0,0.23,28,False
All poor LS,TMPRSS6,TMPRSS6,0.0,0.0,0.0,0.0,28,False
All poor LS,TNFRSF10A,TNFRSF10A,7.22,3.57,8.33,6.33,28,False
All poor LS,TNFRSF10C,TNFRSF10C,1.72,0.0,3.15,0.56,28,False
All poor LS,TNFRSF10D,TNFRSF10D,4.37,3.57,3.33,4.75,28,False
All poor LS,TNFRSF11A,TNFRSF11A,0.64,0.0,0.37,2.71,28,False
All poor LS,TNFRSF13B,TNFRSF13B,0.02,0.0,0.0,0.0,28,False
All poor LS,TNFRSF17,TNFRSF17,0.01,0.0,0.19,0.11,28,False
All poor LS,TNFRSF18,TNFRSF18,2.3,3.57,0.37,0.11,28,False
All poor LS,TNFRSF19,TNFRSF19,0.15,0.0,0.56,0.0,28,False
All poor LS,TNFRSF25,TNFRSF25,5.71,3.57,1.11,1.36,28,False
All poor LS,TNFRSF4,TNFRSF4,4.98,7.14,0.56,0.23,28,False
All poor LS,TNFRSF8,TNFRSF8,0.3,0.0,0.19,0.34,28,False
All poor LS,TNFRSF9,TNFRSF9,0.06,0.0,0.0,0.0,28,False
All poor LS,TNFSF11,TNFSF11,0.0,0.0,0.0,0.0,28,False
All poor LS,TNFSF15,TNFSF15,0.09,0.0,0.37,0.56,28,False
All poor LS,TNFSF18,TNFSF18,0.0,0.0,0.0,0.0,28,False
All poor LS,TNFSF4,TNFSF4,6.16,0.0,10.0,0.56,28,False
All poor LS,TNFSF8,TNFSF8,3.72,0.0,4.63,1.47,28,False
All poor LS,TPBG,TPBG,2.11,0.0,6.48,0.68,28,False
All poor LS,TPBGL,TPBGL,0.02,0.0,0.0,0.0,28,False
All poor LS,TPO,TPO,0.8,3.57,0.0,0.23,28,False
All poor LS,TPSG1,TPSG1,0.01,0.0,0.0,0.11,28,False
All poor LS,TRABD2A,TRABD2A,0.67,0.0,0.93,0.68,28,False
All poor LS,TRABD2B,TRABD2B,0.0,0.0,0.0,0.0,28,False
All poor LS,TRAT1,TRAT1,6.07,7.14,0.74,0.23,28,False
All poor LS,TREH,TREH,0.0,0.0,0.0,0.0,28,False
All poor LS,TREM2,TREM2,2.76,3.57,0.0,6.21,28,False
All poor LS,TREML2,TREML2,1.84,0.0,1.3,0.79,28,False
All poor LS,TRHDE,TRHDE,0.03,0.0,0.19,0.0,28,False
All poor LS,TRHR,TRHR,0.0,0.0,0.0,0.0,28,False
All poor LS,TRIL,TRIL,0.01,0.0,0.0,0.0,28,False
All poor LS,TRPV4,TRPV4,0.0,0.0,0.0,0.11,28,False
All poor LS,TRPV5,TRPV5,0.25,0.0,0.0,0.11,28,False
All poor LS,TRPV6,TRPV6,0.12,0.0,0.0,0.34,28,False
All poor LS,TSHR,TSHR,0.31,0.0,0.19,0.11,28,False
All poor LS,TSPAN1,TSPAN1,0.01,0.0,0.0,0.0,28,False
All poor LS,TSPAN11,TSPAN11,0.02,0.0,0.0,0.0,28,False
All poor LS,TSPAN15,TSPAN15,0.11,0.0,0.0,0.11,28,False
All poor LS,TSPAN17,TSPAN17,6.56,0.0,8.52,3.62,28,False
All poor LS,TSPAN18,TSPAN18,0.49,3.57,0.37,0.0,28,False
All poor LS,TSPAN5,TSPAN5,4.52,7.14,5.74,2.15,28,False
All poor LS,TSPAN6,TSPAN6,0.19,0.0,0.0,0.0,28,False
All poor LS,TSPAN7,TSPAN7,12.3,28.57,4.07,2.15,28,False
All poor LS,TSPAN8,TSPAN8,0.0,0.0,0.0,0.0,28,False
All poor LS,TSPAN9,TSPAN9,0.3,0.0,0.0,0.0,28,False
All poor LS,TTYH1,TTYH1,0.43,0.0,1.3,0.11,28,False
All poor LS,TTYH2,TTYH2,4.01,0.0,2.78,4.18,28,False
All poor LS,TYRO3,TYRO3,0.66,0.0,2.22,0.9,28,False
All poor LS,TYRP1,TYRP1,0.01,0.0,0.0,0.0,28,False
All poor LS,UGT8,UGT8,0.02,0.0,0.0,0.0,28,False
All poor LS,ULBP1,ULBP1,0.03,0.0,0.0,0.0,28,False
All poor LS,ULBP2,ULBP2,0.2,0.0,0.19,0.0,28,False
All poor LS,ULBP3,ULBP3,0.29,0.0,0.56,0.11,28,False
All poor LS,UMODL1,UMODL1,17.4,25.0,1.48,1.36,28,False
All poor LS,UNC5A,UNC5A,0.01,0.0,0.0,0.0,28,False
All poor LS,UNC5B,UNC5B,0.62,0.0,0.37,0.11,28,False
All poor LS,UNC5C,UNC5C,1.27,0.0,0.19,0.0,28,False
All poor LS,UNC93A,UNC93A,0.06,0.0,0.0,0.0,28,False
All poor LS,UPK1A,UPK1A,0.01,0.0,0.0,0.0,28,False
All poor LS,UPK1B,UPK1B,0.01,0.0,0.0,0.0,28,False
All poor LS,UPK2,UPK2,0.1,0.0,0.0,0.0,28,False
All poor LS,UPK3A,UPK3A,3.58,3.57,0.19,8.93,28,False
All poor LS,UPK3B,UPK3B,0.27,0.0,0.0,0.11,28,False
All poor LS,USH2A,USH2A,0.01,0.0,0.0,0.0,28,False
All poor LS,UTS2R,UTS2R,0.01,0.0,0.0,0.0,28,False
All poor LS,VASN,VASN,0.59,0.0,0.0,0.11,28,False
All poor LS,VCAM1,VCAM1,0.0,0.0,0.0,0.0,28,False
All poor LS,VIPR1,VIPR1,0.24,0.0,0.74,1.81,28,False
All poor LS,VIPR2,VIPR2,0.17,0.0,0.0,0.0,28,False
All poor LS,VLDLR,VLDLR,2.24,3.57,0.56,0.45,28,False
All poor LS,VN1R1,VN1R1,0.62,0.0,0.37,0.11,28,False
All poor LS,VNN1,VNN1,8.28,10.71,1.67,2.15,28,False
All poor LS,VNN2,VNN2,1.26,0.0,1.3,1.36,28,False
All poor LS,VNN3,VNN3,0.01,0.0,0.19,0.0,28,False
All poor LS,VSIG1,VSIG1,0.03,0.0,0.19,0.0,28,False
All poor LS,VSIG10L,VSIG10L,2.49,0.0,2.04,0.34,28,False
All poor LS,VSIG2,VSIG2,0.02,0.0,0.37,0.11,28,False
All poor LS,VSIG8,VSIG8,0.25,0.0,1.3,0.11,28,False
All poor LS,VSTM4,VSTM4,0.35,0.0,0.37,0.23,28,False
All poor LS,VSTM5,VSTM5,0.0,0.0,0.0,0.0,28,False
All poor LS,XCR1,XCR1,0.0,0.0,0.0,0.0,28,False
All poor LS,XKR3,XKR3,0.35,0.0,0.37,0.0,28,False
All poor LS,XPNPEP2,XPNPEP2,0.35,0.0,0.37,0.23,28,False
All poor LS,ZACN,ZACN,0.9,0.0,1.11,0.56,28,False
All poor LS,ZAN,ZAN,1.78,0.0,2.04,0.68,28,False
All poor LS,ZDHHC11,ZDHHC11,0.18,0.0,0.37,0.23,28,False
All poor LS,ZDHHC11B,ZDHHC11B,0.21,0.0,0.0,0.0,28,False
All poor LS,ZP1,ZP1,0.02,0.0,0.0,0.0,28,False
All poor LS,ZPLD1,ZPLD1,0.0,0.0,0.0,0.0,28,False
LS_10,ABCA1,ABCA1,6.38,9.52,2.41,2.03,21,False
LS_10,ABCA12,ABCA12,0.06,0.0,0.19,0.0,21,False
LS_10,ABCA13,ABCA13,0.44,0.0,3.52,0.68,21,False
LS_10,ABCA3,ABCA3,1.01,0.0,1.11,0.56,21,False
LS_10,ABCA4,ABCA4,0.06,0.0,0.0,0.0,21,False
LS_10,ABCA5,ABCA5,3.28,0.0,5.74,0.9,21,False
LS_10,ABCA6,ABCA6,0.51,0.0,0.19,0.68,21,False
LS_10,ABCA8,ABCA8,0.0,0.0,0.0,0.0,21,False
LS_10,ABCA9,ABCA9,0.44,0.0,0.0,0.11,21,False
LS_10,ABCB11,ABCB11,0.32,0.0,0.19,0.0,21,False
LS_10,ABCB4,ABCB4,0.32,0.0,0.19,0.23,21,False
LS_10,ABCB5,ABCB5,0.06,0.0,0.0,0.0,21,False
LS_10,ABCB9,ABCB9,4.86,0.0,2.96,1.69,21,False
LS_10,ABCC10,ABCC10,8.09,0.0,4.26,2.71,21,False
LS_10,ABCC11,ABCC11,0.63,0.0,0.0,0.34,21,False
LS_10,ABCC2,ABCC2,0.25,0.0,0.19,0.23,21,False
LS_10,ABCC3,ABCC3,0.19,0.0,0.0,0.34,21,False
LS_10,ABCC5,ABCC5,12.19,19.05,7.96,4.07,21,False
LS_10,ABCC9,ABCC9,0.0,0.0,0.0,0.0,21,False
LS_10,ABCG2,ABCG2,0.44,0.0,0.56,0.11,21,False
LS_10,ABCG4,ABCG4,0.0,0.0,0.0,0.0,21,False
LS_10,ACE,ACE,1.83,0.0,1.11,0.34,21,False
LS_10,ACE2,ACE2,0.0,0.0,0.0,0.0,21,False
LS_10,ACHE,ACHE,0.0,0.0,0.37,0.0,21,False
LS_10,ACKR1,ACKR1,0.0,0.0,0.0,0.11,21,False
LS_10,ACKR2,ACKR2,0.38,0.0,0.0,0.0,21,False
LS_10,ACKR3,ACKR3,1.77,0.0,1.3,1.36,21,False
LS_10,ACKR4,ACKR4,0.19,0.0,0.0,0.11,21,False
LS_10,ACVR1,ACVR1,5.94,0.0,2.22,1.24,21,False
LS_10,ACVR1B,ACVR1B,10.3,14.29,4.44,4.97,21,False
LS_10,ACVR1C,ACVR1C,0.06,0.0,0.19,0.0,21,False
LS_10,ACVR2A,ACVR2A,0.19,0.0,1.67,0.11,21,False
LS_10,ACVR2B,ACVR2B,3.98,0.0,2.59,1.47,21,False
LS_10,ACVRL1,ACVRL1,0.13,0.0,0.19,2.49,21,False
LS_10,ADAM11,ADAM11,0.82,0.0,0.74,0.11,21,False
LS_10,ADAM12,ADAM12,0.51,0.0,0.37,0.23,21,False
LS_10,ADAM19,ADAM19,0.51,0.0,1.11,0.11,21,False
LS_10,ADAM20,ADAM20,0.13,0.0,0.0,0.0,21,False
LS_10,ADAM21,ADAM21,0.25,0.0,0.19,0.0,21,False
LS_10,ADAM22,ADAM22,3.73,0.0,8.89,0.56,21,False
LS_10,ADAM23,ADAM23,1.39,4.76,0.0,0.23,21,False
LS_10,ADAM30,ADAM30,0.0,0.0,0.0,0.0,21,False
LS_10,ADAM32,ADAM32,0.0,0.0,1.3,0.23,21,False
LS_10,ADAM33,ADAM33,0.13,0.0,0.0,0.0,21,False
LS_10,ADAM9,ADAM9,7.33,4.76,4.81,6.55,21,False
LS_10,ADCY2,ADCY2,0.82,0.0,0.0,0.0,21,False
LS_10,ADCY5,ADCY5,0.0,0.0,0.0,0.0,21,False
LS_10,ADCY6,ADCY6,5.31,0.0,1.11,1.02,21,False
LS_10,ADCY9,ADCY9,8.59,4.76,1.67,5.99,21,False
LS_10,ADORA1,ADORA1,0.13,0.0,0.0,0.0,21,False
LS_10,ADORA2A,ADORA2A,4.74,4.76,1.85,1.58,21,False
LS_10,ADORA2B,ADORA2B,5.18,0.0,2.59,2.26,21,False
LS_10,ADORA3,ADORA3,0.13,0.0,0.0,0.11,21,False
LS_10,ADRA1B,ADRA1B,0.06,0.0,0.0,0.0,21,False
LS_10,ADRA1D,ADRA1D,0.0,0.0,0.0,0.0,21,False
LS_10,ADRA2A,ADRA2A,2.91,4.76,3.7,0.0,21,False
LS_10,ADRA2B,ADRA2B,0.25,0.0,0.0,0.11,21,False
LS_10,ADRA2C,ADRA2C,0.63,0.0,0.0,0.0,21,False
LS_10,ADRB1,ADRB1,1.71,0.0,0.74,1.81,21,False
LS_10,ADRB3,ADRB3,0.0,0.0,0.0,0.0,21,False
LS_10,AGER,AGER,4.55,0.0,3.52,2.71,21,False
LS_10,AGTR1,AGTR1,0.0,0.0,0.0,0.0,21,False
LS_10,AJAP1,AJAP1,0.19,0.0,0.0,0.0,21,False
LS_10,ALK,ALK,0.06,0.0,0.0,0.0,21,False
LS_10,ALPL,ALPL,0.0,0.0,0.0,0.0,21,False
LS_10,ALPP,ALPP,0.0,0.0,0.0,0.0,21,False
LS_10,AMHR2,AMHR2,0.19,0.0,0.37,0.0,21,False
LS_10,AMIGO1,AMIGO1,1.26,0.0,0.37,0.34,21,False
LS_10,AMIGO2,AMIGO2,1.39,0.0,0.37,0.79,21,False
LS_10,AMIGO3,AMIGO3,0.06,0.0,0.0,0.11,21,False
LS_10,AMN,AMN,22.36,47.62,4.63,3.73,21,False
LS_10,ANKH,ANKH,8.34,14.29,9.26,4.29,21,False
LS_10,ANO1,ANO1,0.0,0.0,0.0,0.0,21,False
LS_10,ANO2,ANO2,0.06,0.0,0.0,0.0,21,False
LS_10,ANO5,ANO5,0.19,0.0,1.3,0.23,21,False
LS_10,ANO7,ANO7,2.59,0.0,0.56,1.02,21,False
LS_10,ANO9,ANO9,0.51,0.0,1.85,0.11,21,False
LS_10,ANTXR1,ANTXR1,0.25,0.0,0.37,0.0,21,False
LS_10,ANTXRL,ANTXRL,0.06,0.0,0.0,0.0,21,False
LS_10,AOC3,AOC3,0.06,0.0,0.0,0.11,21,False
LS_10,APCDD1,APCDD1,0.57,0.0,0.19,0.34,21,False
LS_10,APLNR,APLNR,0.0,0.0,0.0,0.0,21,False
LS_10,APLP1,APLP1,0.0,0.0,0.0,0.0,21,False
LS_10,AQP1,AQP1,0.88,0.0,0.0,0.23,21,False
LS_10,AQP10,AQP10,0.13,0.0,0.19,0.0,21,False
LS_10,AQP5,AQP5,0.0,0.0,0.0,0.0,21,False
LS_10,AQP8,AQP8,0.06,0.0,0.0,0.0,21,False
LS_10,AQP9,AQP9,0.0,0.0,0.0,0.11,21,False
LS_10,ART3,ART3,0.25,0.0,0.0,0.11,21,False
LS_10,ART4,ART4,0.06,0.0,0.0,0.0,21,False
LS_10,ASGR2,ASGR2,1.71,0.0,0.37,4.52,21,False
LS_10,ASIC1,ASIC1,0.95,0.0,0.19,0.23,21,False
LS_10,ASIC4,ASIC4,0.13,0.0,0.0,0.0,21,False
LS_10,ASTN1,ASTN1,0.0,0.0,0.0,0.0,21,False
LS_10,ASTN2,ASTN2,1.01,0.0,0.19,0.0,21,False
LS_10,ATG9A,ATG9A,11.5,19.05,9.07,4.63,21,False
LS_10,ATP1A2,ATP1A2,0.0,0.0,0.0,0.11,21,False
LS_10,ATP1A3,ATP1A3,3.98,4.76,3.89,0.68,21,False
LS_10,ATP1A4,ATP1A4,0.0,0.0,0.0,0.0,21,False
LS_10,ATP1B2,ATP1B2,0.13,0.0,0.74,0.0,21,False
LS_10,ATP1B4,ATP1B4,0.0,0.0,0.0,0.0,21,False
LS_10,ATP2B2,ATP2B2,0.06,0.0,0.0,0.0,21,False
LS_10,ATP2B3,ATP2B3,0.0,0.0,0.0,0.34,21,False
LS_10,ATP4B,ATP4B,0.06,0.0,0.0,0.0,21,False
LS_10,ATRNL1,ATRNL1,0.19,0.0,0.0,0.0,21,False
LS_10,AVPR1A,AVPR1A,0.25,0.0,0.19,0.0,21,False
LS_10,AVPR1B,AVPR1B,0.32,0.0,1.3,0.0,21,False
LS_10,AVPR2,AVPR2,0.13,0.0,0.0,0.0,21,False
LS_10,AXL,AXL,1.01,0.0,0.0,0.68,21,False
LS_10,BACE2,BACE2,2.72,4.76,4.26,0.45,21,False
LS_10,BAMBI,BAMBI,3.35,9.52,1.3,0.79,21,False
LS_10,BCAM,BCAM,4.74,4.76,4.81,0.68,21,False
LS_10,BCAN,BCAN,0.06,0.0,0.0,0.0,21,False
LS_10,BEST2,BEST2,0.0,0.0,0.0,0.0,21,False
LS_10,BEST4,BEST4,0.69,0.0,0.74,0.0,21,False
LS_10,BMPR1A,BMPR1A,1.77,0.0,0.19,0.34,21,False
LS_10,BOC,BOC,0.25,0.0,0.0,0.0,21,False
LS_10,BTC,BTC,0.0,0.0,0.56,0.0,21,False
LS_10,BTLA,BTLA,1.39,0.0,0.0,0.56,21,False
LS_10,BTN1A1,BTN1A1,0.0,0.0,0.0,0.0,21,False
LS_10,BTN2A2,BTN2A2,9.22,0.0,6.3,5.65,21,False
LS_10,BTN3A1,BTN3A1,11.37,9.52,7.78,3.84,21,False
LS_10,BTN3A3,BTN3A3,10.68,9.52,7.22,2.26,21,False
LS_10,BTNL3,BTNL3,0.0,0.0,0.0,0.0,21,False
LS_10,BTNL9,BTNL9,0.25,0.0,0.0,0.0,21,False
LS_10,BVES,BVES,0.13,0.0,0.0,0.0,21,False
LS_10,C11orf24,C11orf24,22.43,47.62,7.78,8.14,21,False
LS_10,C14orf132,C14orf132,0.0,0.0,0.19,0.0,21,False
LS_10,C19orf18,C19orf18,0.32,0.0,0.0,0.0,21,False
LS_10,C1orf159,C1orf159,15.03,23.81,5.74,5.31,21,False
LS_10,C3AR1,C3AR1,4.86,0.0,0.0,0.56,21,False
LS_10,C5AR1,C5AR1,0.57,0.0,0.74,2.37,21,False
LS_10,C5AR2,C5AR2,0.13,0.0,0.19,0.45,21,False
LS_10,CA12,CA12,0.06,0.0,0.0,0.0,21,False
LS_10,CA14,CA14,0.0,0.0,0.0,0.0,21,False
LS_10,CA4,CA4,0.0,0.0,0.0,0.0,21,False
LS_10,CACHD1,CACHD1,1.52,0.0,2.96,0.34,21,False
LS_10,CACNA1C,CACNA1C,3.41,0.0,1.48,0.34,21,False
LS_10,CACNA1G,CACNA1G,0.25,0.0,0.37,0.11,21,False
LS_10,CACNA1I,CACNA1I,0.06,0.0,0.0,0.0,21,False
LS_10,CACNG4,CACNG4,0.19,0.0,0.0,0.0,21,False
LS_10,CACNG6,CACNG6,0.0,0.0,0.0,0.0,21,False
LS_10,CACNG7,CACNG7,0.0,0.0,0.0,0.0,21,False
LS_10,CACNG8,CACNG8,0.19,0.0,0.0,0.0,21,False
LS_10,CADM1,CADM1,1.07,0.0,0.19,0.56,21,False
LS_10,CADM2,CADM2,0.0,0.0,0.37,0.0,21,False
LS_10,CADM3,CADM3,0.0,0.0,0.0,0.0,21,False
LS_10,CADM4,CADM4,0.13,0.0,0.0,0.11,21,False
LS_10,CALCRL,CALCRL,2.65,0.0,8.33,0.9,21,False
LS_10,CALY,CALY,0.0,0.0,0.0,0.0,21,False
LS_10,CASR,CASR,0.0,0.0,0.0,0.0,21,False
LS_10,CATSPERD,CATSPERD,0.06,0.0,0.0,0.11,21,False
LS_10,CATSPERG,CATSPERG,1.83,0.0,1.85,0.79,21,False
LS_10,CCKBR,CCKBR,0.0,0.0,0.19,0.0,21,False
LS_10,CCR1,CCR1,2.78,0.0,0.37,3.5,21,False
LS_10,CCR10,CCR10,0.32,0.0,0.19,0.45,21,False
LS_10,CCR2,CCR2,2.72,0.0,0.37,7.23,21,False
LS_10,CCR3,CCR3,0.06,0.0,0.0,0.0,21,False
LS_10,CCR4,CCR4,0.06,0.0,0.0,0.0,21,False
LS_10,CCR5,CCR5,0.19,0.0,0.0,0.68,21,False
LS_10,CCR6,CCR6,0.57,0.0,0.19,0.11,21,False
LS_10,CCR7,CCR7,2.46,0.0,1.11,0.34,21,False
LS_10,CCR8,CCR8,0.06,0.0,0.0,0.0,21,False
LS_10,CCR9,CCR9,0.13,0.0,0.19,0.0,21,False
LS_10,CCRL2,CCRL2,5.56,0.0,2.04,1.13,21,False
LS_10,CD101,CD101,0.51,0.0,0.19,1.13,21,False
LS_10,CD160,CD160,0.13,0.0,0.19,0.23,21,False
LS_10,CD163,CD163,1.52,4.76,0.0,3.5,21,False
LS_10,CD163L1,CD163L1,0.82,0.0,0.0,0.34,21,False
LS_10,CD164L2,CD164L2,0.13,0.0,0.0,0.0,21,False
LS_10,CD177,CD177,0.25,0.0,0.0,0.0,21,False
LS_10,CD19,CD19,8.28,14.29,1.48,1.81,21,False
LS_10,CD1A,CD1A,0.0,0.0,0.0,0.23,21,False
LS_10,CD1B,CD1B,0.0,0.0,0.0,0.68,21,False
LS_10,CD1C,CD1C,0.25,0.0,0.19,1.58,21,False
LS_10,CD1E,CD1E,0.0,0.0,0.0,1.13,21,False
LS_10,CD2,CD2,7.2,9.52,0.19,1.02,21,False
LS_10,CD200R1,CD200R1,0.57,0.0,0.19,0.34,21,False
LS_10,CD200R1L,CD200R1L,0.0,0.0,0.0,0.0,21,False
LS_10,CD22,CD22,0.95,0.0,3.33,0.34,21,False
LS_10,CD226,CD226,0.51,0.0,0.19,0.0,21,False
LS_10,CD24,CD24,1.2,0.0,1.67,0.79,21,False
LS_10,CD248,CD248,1.01,0.0,0.74,0.23,21,False
LS_10,CD27,CD27,0.44,0.0,0.37,0.45,21,False
LS_10,CD274,CD274,0.38,0.0,0.37,0.0,21,False
LS_10,CD276,CD276,3.22,4.76,0.0,0.68,21,False
LS_10,CD28,CD28,0.25,0.0,0.37,0.0,21,False
LS_10,CD300E,CD300E,0.19,0.0,0.0,1.47,21,False
LS_10,CD300LD,CD300LD,0.0,0.0,0.0,0.0,21,False
LS_10,CD300LG,CD300LG,0.0,0.0,0.0,0.0,21,False
LS_10,CD40,CD40,3.79,4.76,4.26,0.79,21,False
LS_10,CD40LG,CD40LG,0.06,0.0,0.56,0.11,21,False
LS_10,CD5,CD5,0.82,0.0,0.74,0.23,21,False
LS_10,CD6,CD6,2.34,4.76,0.37,0.23,21,False
LS_10,CD7,CD7,16.99,23.81,9.07,3.05,21,False
LS_10,CD70,CD70,5.5,19.05,0.0,0.9,21,True
LS_10,CD79A,CD79A,14.85,28.57,7.59,0.9,21,False
LS_10,CD80,CD80,0.06,0.0,0.0,0.0,21,False
LS_10,CD8A,CD8A,0.38,0.0,0.0,0.0,21,False
LS_10,CD8B,CD8B,0.82,0.0,0.19,0.45,21,False
LS_10,CD9,CD9,33.1,47.62,7.59,6.78,21,False
LS_10,CD96,CD96,52.37,76.19,2.41,3.28,21,True
LS_10,CDH1,CDH1,0.0,0.0,0.19,0.11,21,False
LS_10,CDH10,CDH10,0.0,0.0,0.0,0.0,21,False
LS_10,CDH11,CDH11,0.0,0.0,0.0,0.0,21,False
LS_10,CDH12,CDH12,0.13,0.0,0.0,0.0,21,False
LS_10,CDH13,CDH13,0.06,0.0,0.0,0.0,21,False
LS_10,CDH15,CDH15,0.0,0.0,0.0,0.0,21,False
LS_10,CDH18,CDH18,0.0,0.0,0.0,0.0,21,False
LS_10,CDH2,CDH2,2.78,4.76,5.19,0.34,21,False
LS_10,CDH20,CDH20,0.0,0.0,0.19,0.0,21,False
LS_10,CDH22,CDH22,0.06,0.0,0.0,0.11,21,False
LS_10,CDH23,CDH23,1.2,0.0,0.93,1.81,21,False
LS_10,CDH24,CDH24,5.94,0.0,1.3,0.79,21,False
LS_10,CDH26,CDH26,6.7,4.76,8.15,1.92,21,False
LS_10,CDH3,CDH3,0.0,0.0,0.0,0.11,21,False
LS_10,CDH4,CDH4,3.73,4.76,1.85,0.34,21,False
LS_10,CDH5,CDH5,0.0,0.0,0.0,0.11,21,False
LS_10,CDH6,CDH6,0.06,0.0,0.0,0.0,21,False
LS_10,CDH7,CDH7,0.06,0.0,5.37,0.11,21,False
LS_10,CDH8,CDH8,0.0,0.0,0.0,0.0,21,False
LS_10,CDH9,CDH9,0.57,0.0,2.22,0.0,21,False
LS_10,CDHR1,CDHR1,0.0,0.0,0.0,0.0,21,False
LS_10,CDHR2,CDHR2,0.06,0.0,0.0,0.0,21,False
LS_10,CDHR3,CDHR3,0.06,0.0,0.0,0.23,21,False
LS_10,CDHR4,CDHR4,0.44,0.0,0.0,0.0,21,False
LS_10,CDHR5,CDHR5,0.25,0.0,0.0,0.11,21,False
LS_10,CDON,CDON,0.38,0.0,0.0,0.0,21,False
LS_10,CEACAM1,CEACAM1,0.38,0.0,1.3,0.0,21,False
LS_10,CEACAM19,CEACAM19,0.76,0.0,0.74,0.68,21,False
LS_10,CEACAM21,CEACAM21,6.51,0.0,8.15,1.92,21,False
LS_10,CEACAM3,CEACAM3,0.13,0.0,0.0,0.0,21,False
LS_10,CEACAM6,CEACAM6,0.69,0.0,0.0,0.56,21,False
LS_10,CEACAM8,CEACAM8,0.0,0.0,0.0,0.34,21,False
LS_10,CELSR1,CELSR1,0.88,0.0,0.19,0.34,21,False
LS_10,CELSR2,CELSR2,0.32,0.0,0.37,0.34,21,False
LS_10,CELSR3,CELSR3,2.46,0.0,0.93,0.79,21,False
LS_10,CHL1,CHL1,0.0,0.0,0.19,0.0,21,False
LS_10,CHODL,CHODL,0.69,0.0,0.0,0.0,21,False
LS_10,CHRM4,CHRM4,0.0,0.0,0.0,0.0,21,False
LS_10,CHRM5,CHRM5,0.06,0.0,0.19,0.0,21,False
LS_10,CHRNA1,CHRNA1,0.0,0.0,0.0,0.0,21,False
LS_10,CHRNA10,CHRNA10,1.26,0.0,0.56,0.9,21,False
LS_10,CHRNA2,CHRNA2,0.06,0.0,0.0,0.0,21,False
LS_10,CHRNA3,CHRNA3,0.06,0.0,0.0,0.0,21,False
LS_10,CHRNA5,CHRNA5,3.03,0.0,3.52,0.68,21,False
LS_10,CHRNA6,CHRNA6,0.32,0.0,0.0,0.23,21,False
LS_10,CHRNA7,CHRNA7,1.83,0.0,0.74,0.79,21,False
LS_10,CHRNA9,CHRNA9,0.13,0.0,0.19,0.0,21,False
LS_10,CHRNB2,CHRNB2,0.0,0.0,0.0,0.0,21,False
LS_10,CHRNB4,CHRNB4,0.0,0.0,0.0,0.0,21,False
LS_10,CHRND,CHRND,0.0,0.0,0.0,0.0,21,False
LS_10,CHRNE,CHRNE,1.39,0.0,0.74,0.68,21,False
LS_10,CHRNG,CHRNG,0.13,0.0,0.19,0.0,21,False
LS_10,CLCNKB,CLCNKB,0.13,0.0,0.19,0.0,21,False
LS_10,CLDN1,CLDN1,0.0,0.0,0.0,0.0,21,False
LS_10,CLDN11,CLDN11,0.0,0.0,0.0,0.0,21,False
LS_10,CLDN12,CLDN12,3.47,0.0,1.48,0.56,21,False
LS_10,CLDN16,CLDN16,0.0,0.0,0.0,0.0,21,False
LS_10,CLDN19,CLDN19,0.19,0.0,0.0,0.34,21,False
LS_10,CLDN20,CLDN20,0.19,0.0,0.0,0.0,21,False
LS_10,CLDN22,CLDN22,0.0,0.0,0.0,0.0,21,False
LS_10,CLDN24,CLDN24,0.0,0.0,0.0,0.0,21,False
LS_10,CLDN3,CLDN3,0.0,0.0,0.0,0.0,21,False
LS_10,CLDN4,CLDN4,0.0,0.0,0.0,0.0,21,False
LS_10,CLDN6,CLDN6,0.0,0.0,0.0,0.0,21,False
LS_10,CLDN7,CLDN7,2.53,0.0,1.85,0.56,21,False
LS_10,CLDN9,CLDN9,0.51,0.0,0.0,0.0,21,False
LS_10,CLEC12B,CLEC12B,1.71,0.0,0.0,1.24,21,False
LS_10,CLEC14A,CLEC14A,6.95,9.52,1.3,0.45,21,False
LS_10,CLEC17A,CLEC17A,0.06,0.0,0.19,0.23,21,False
LS_10,CLEC1A,CLEC1A,0.0,0.0,0.0,0.0,21,False
LS_10,CLEC1B,CLEC1B,2.15,0.0,0.19,0.34,21,False
LS_10,CLEC2D,CLEC2D,15.16,19.05,6.3,5.54,21,False
LS_10,CLEC4G,CLEC4G,0.95,0.0,0.93,3.73,21,False
LS_10,CLEC4M,CLEC4M,0.0,0.0,0.0,0.0,21,False
LS_10,CLEC7A,CLEC7A,0.51,0.0,0.56,5.08,21,False
LS_10,CLEC9A,CLEC9A,0.63,0.0,6.67,0.23,21,False
LS_10,CLMP,CLMP,0.06,0.0,0.0,0.0,21,False
LS_10,CLSTN2,CLSTN2,2.02,0.0,0.19,0.45,21,False
LS_10,CLSTN3,CLSTN3,9.03,4.76,7.04,3.28,21,False
LS_10,CMKLR1,CMKLR1,0.19,0.0,0.0,0.11,21,False
LS_10,CNNM4,CNNM4,7.77,4.76,6.85,2.71,21,False
LS_10,CNR1,CNR1,0.13,0.0,0.19,0.0,21,False
LS_10,CNR2,CNR2,0.63,0.0,0.37,0.11,21,False
LS_10,CNTN1,CNTN1,0.19,0.0,0.37,0.0,21,False
LS_10,CNTN2,CNTN2,0.06,0.0,0.19,0.0,21,False
LS_10,CNTN4,CNTN4,1.9,9.52,0.19,0.0,21,False
LS_10,CNTN5,CNTN5,0.13,0.0,0.19,0.0,21,False
LS_10,CNTNAP1,CNTNAP1,0.13,0.0,0.0,0.0,21,False
LS_10,CNTNAP2,CNTNAP2,0.13,0.0,0.0,0.0,21,False
LS_10,CNTNAP3,CNTNAP3,0.0,0.0,0.0,0.0,21,False
LS_10,CNTNAP3B,CNTNAP3B,0.13,0.0,0.0,0.0,21,False
LS_10,CNTNAP5,CNTNAP5,0.0,0.0,0.0,0.0,21,False
LS_10,CORIN,CORIN,0.0,0.0,0.0,0.0,21,False
LS_10,CPM,CPM,3.6,4.76,0.19,9.83,21,False
LS_10,CR1,CR1,1.45,0.0,1.67,5.31,21,False
LS_10,CR2,CR2,0.19,0.0,0.0,0.0,21,False
LS_10,CRB1,CRB1,0.0,0.0,0.0,0.0,21,False
LS_10,CRB2,CRB2,0.13,0.0,0.0,0.23,21,False
LS_10,CRB3,CRB3,0.0,0.0,0.0,0.0,21,False
LS_10,CRHR1,CRHR1,0.0,0.0,0.0,0.0,21,False
LS_10,CRHR2,CRHR2,0.06,0.0,0.0,0.0,21,False
LS_10,CRIM1,CRIM1,12.95,28.57,8.89,1.13,21,False
LS_10,CRLF2,CRLF2,1.83,0.0,0.37,0.11,21,False
LS_10,CRTAM,CRTAM,0.25,0.0,0.56,1.13,21,False
LS_10,CSF1,CSF1,1.96,0.0,1.11,0.34,21,False
LS_10,CSF2RB,CSF2RB,3.85,0.0,9.44,2.49,21,False
LS_10,CSMD1,CSMD1,0.0,0.0,0.0,0.23,21,False
LS_10,CSMD2,CSMD2,0.0,0.0,0.0,0.0,21,False
LS_10,CSPG4,CSPG4,1.01,0.0,0.0,0.23,21,False
LS_10,CSPG5,CSPG5,0.51,0.0,0.0,0.11,21,False
LS_10,CTLA4,CTLA4,0.06,0.0,0.19,0.0,21,False
LS_10,CTNS,CTNS,10.74,4.76,5.37,3.5,21,False
LS_10,CUZD1,CUZD1,0.57,0.0,0.0,0.0,21,False
LS_10,CX3CR1,CX3CR1,1.77,0.0,0.19,1.92,21,False
LS_10,CXADR,CXADR,0.25,0.0,0.37,0.0,21,False
LS_10,CXCL16,CXCL16,0.44,0.0,0.74,1.47,21,False
LS_10,CXCR1,CXCR1,0.06,0.0,0.0,0.11,21,False
LS_10,CXCR2,CXCR2,0.95,0.0,0.19,2.26,21,False
LS_10,CXCR3,CXCR3,1.07,0.0,0.37,0.23,21,False
LS_10,CXCR5,CXCR5,0.25,0.0,0.0,0.34,21,False
LS_10,CXCR6,CXCR6,0.19,0.0,0.0,0.34,21,False
LS_10,CYSLTR2,CYSLTR2,2.84,0.0,0.56,0.56,21,False
LS_10,DAG1,DAG1,9.98,14.29,6.48,2.6,21,False
LS_10,DAGLA,DAGLA,1.07,0.0,0.19,1.13,21,False
LS_10,DCBLD1,DCBLD1,3.1,0.0,0.93,0.68,21,False
LS_10,DCBLD2,DCBLD2,5.24,4.76,8.33,1.69,21,False
LS_10,DCC,DCC,0.0,0.0,0.0,0.0,21,False
LS_10,DCHS1,DCHS1,2.21,0.0,2.78,0.11,21,False
LS_10,DCHS2,DCHS2,0.0,0.0,0.0,0.0,21,False
LS_10,DCSTAMP,DCSTAMP,0.13,0.0,0.37,0.0,21,False
LS_10,DCT,DCT,0.06,0.0,0.0,0.0,21,False
LS_10,DDR1,DDR1,1.2,0.0,0.37,0.9,21,False
LS_10,DDR2,DDR2,0.0,0.0,0.56,0.11,21,False
LS_10,DISP1,DISP1,2.4,0.0,1.67,0.56,21,False
LS_10,DISP2,DISP2,0.32,0.0,0.37,0.23,21,False
LS_10,DLK1,DLK1,2.97,9.52,4.81,0.0,21,False
LS_10,DLK2,DLK2,0.25,0.0,0.19,0.0,21,False
LS_10,DLL1,DLL1,0.57,0.0,0.56,0.11,21,False
LS_10,DLL3,DLL3,3.66,4.76,0.56,0.45,21,False
LS_10,DLL4,DLL4,0.44,0.0,0.19,0.11,21,False
LS_10,DNER,DNER,0.0,0.0,0.0,0.0,21,False
LS_10,DPEP1,DPEP1,1.52,4.76,0.0,0.0,21,False
LS_10,DPEP3,DPEP3,1.07,0.0,3.52,1.36,21,False
LS_10,DPP10,DPP10,3.1,9.52,2.41,0.34,21,False
LS_10,DPP4,DPP4,0.19,0.0,0.19,0.23,21,False
LS_10,DPP6,DPP6,0.06,0.0,0.0,0.0,21,False
LS_10,DRD2,DRD2,0.0,0.0,0.0,0.0,21,False
LS_10,DRD4,DRD4,0.82,0.0,0.19,0.34,21,False
LS_10,DSC1,DSC1,0.0,0.0,0.0,0.0,21,False
LS_10,DSC2,DSC2,3.41,9.52,0.56,0.56,21,False
LS_10,DSC3,DSC3,0.0,0.0,0.0,0.0,21,False
LS_10,DSCAML1,DSCAML1,0.06,0.0,0.0,0.0,21,False
LS_10,DSG3,DSG3,0.0,0.0,0.0,0.0,21,False
LS_10,DUOX1,DUOX1,0.19,0.0,0.19,0.11,21,False
LS_10,DUOX2,DUOX2,0.0,0.0,0.0,0.0,21,False
LS_10,DUOXA1,DUOXA1,0.0,0.0,0.0,0.11,21,False
LS_10,DYNAP,DYNAP,0.63,0.0,0.0,0.0,21,False
LS_10,ECE1,ECE1,10.99,23.81,2.41,1.02,21,False
LS_10,ECSCR,ECSCR,0.13,0.0,0.0,0.11,21,False
LS_10,EDA,EDA,0.76,0.0,0.74,0.11,21,False
LS_10,EDA2R,EDA2R,2.65,0.0,1.48,0.23,21,False
LS_10,EDAR,EDAR,0.06,0.0,0.0,0.0,21,False
LS_10,EDNRB,EDNRB,0.25,0.0,0.19,0.11,21,False
LS_10,EFNA1,EFNA1,4.49,4.76,6.85,0.23,21,False
LS_10,EFNA2,EFNA2,0.06,0.0,0.0,0.0,21,False
LS_10,EFNA3,EFNA3,2.59,0.0,2.59,1.02,21,False
LS_10,EFNA4,EFNA4,4.42,0.0,5.19,1.92,21,False
LS_10,EFNA5,EFNA5,0.82,4.76,0.0,0.11,21,False
LS_10,EFNB1,EFNB1,5.24,0.0,6.11,1.92,21,False
LS_10,EFNB2,EFNB2,1.33,0.0,1.3,0.23,21,False
LS_10,EFNB3,EFNB3,0.69,0.0,0.0,0.0,21,False
LS_10,EGF,EGF,0.44,0.0,0.37,0.0,21,False
LS_10,ELFN1,ELFN1,0.0,0.0,0.19,0.0,21,False
LS_10,ELFN2,ELFN2,0.19,0.0,0.0,0.11,21,False
LS_10,EMCN,EMCN,0.0,0.0,4.07,0.0,21,False
LS_10,EMP1,EMP1,17.5,28.57,9.26,5.65,21,False
LS_10,EMP2,EMP2,0.82,0.0,1.48,0.23,21,False
LS_10,ENPEP,ENPEP,0.13,0.0,0.19,0.0,21,False
LS_10,ENPP1,ENPP1,0.0,0.0,0.0,0.0,21,False
LS_10,ENPP4,ENPP4,5.5,4.76,5.74,1.47,21,False
LS_10,ENPP5,ENPP5,0.0,0.0,1.67,0.0,21,False
LS_10,ENPP6,ENPP6,0.0,0.0,0.19,0.11,21,False
LS_10,ENTPD1,ENTPD1,5.75,4.76,2.78,9.6,21,False
LS_10,ENTPD3,ENTPD3,0.0,0.0,0.0,0.0,21,False
LS_10,EPCAM,EPCAM,6.7,4.76,4.26,1.69,21,False
LS_10,EPGN,EPGN,0.38,0.0,0.56,0.0,21,False
LS_10,EPHA1,EPHA1,3.35,0.0,2.41,1.92,21,False
LS_10,EPHA10,EPHA10,0.06,0.0,0.0,0.11,21,False
LS_10,EPHA2,EPHA2,0.06,0.0,0.0,0.0,21,False
LS_10,EPHA3,EPHA3,0.38,0.0,0.0,0.0,21,False
LS_10,EPHA4,EPHA4,0.32,0.0,0.19,0.0,21,False
LS_10,EPHA5,EPHA5,0.0,0.0,0.0,0.0,21,False
LS_10,EPHA7,EPHA7,0.0,0.0,0.0,0.0,21,False
LS_10,EPHA8,EPHA8,0.0,0.0,0.0,0.0,21,False
LS_10,EPHB1,EPHB1,0.25,0.0,0.0,0.11,21,False
LS_10,EPHB2,EPHB2,0.63,0.0,0.19,1.47,21,False
LS_10,EPHB3,EPHB3,1.52,0.0,0.0,1.92,21,False
LS_10,EPHB4,EPHB4,10.11,14.29,6.11,3.84,21,False
LS_10,EPOR,EPOR,6.44,0.0,3.89,3.05,21,False
LS_10,EQTN,EQTN,0.0,0.0,0.0,0.0,21,False
LS_10,ERBB2,ERBB2,1.83,0.0,1.48,0.56,21,False
LS_10,ERBB3,ERBB3,0.13,0.0,0.0,0.0,21,False
LS_10,ERBB4,ERBB4,0.19,0.0,0.0,0.0,21,False
LS_10,ERMAP,ERMAP,9.85,0.0,4.63,4.41,21,False
LS_10,ERVFRD-1,ERVFRD-1,0.51,0.0,0.0,0.11,21,False
LS_10,ERVK13-1,ERVK13-1,7.71,4.76,6.67,1.92,21,False
LS_10,ERVMER34-1,ERVMER34-1,0.06,0.0,0.0,0.0,21,False
LS_10,ERVW-1,ERVW-1,0.0,0.0,0.19,0.11,21,False
LS_10,ESAM,ESAM,8.91,14.29,8.89,0.79,21,False
LS_10,ESYT3,ESYT3,0.51,0.0,0.37,0.0,21,False
LS_10,EVA1C,EVA1C,2.4,0.0,5.93,1.02,21,False
LS_10,EVC2,EVC2,2.78,0.0,3.15,1.02,21,False
LS_10,F2RL2,F2RL2,1.64,0.0,3.33,0.56,21,False
LS_10,F2RL3,F2RL3,0.51,0.0,0.0,0.0,21,False
LS_10,F3,F3,2.91,0.0,0.19,0.68,21,False
LS_10,FAIM2,FAIM2,0.0,0.0,0.0,0.0,21,False
LS_10,FAM171A1,FAM171A1,5.5,9.52,0.56,0.23,21,False
LS_10,FAM171A2,FAM171A2,2.65,0.0,7.41,0.56,21,False
LS_10,FAM171B,FAM171B,2.08,4.76,9.63,0.68,21,False
LS_10,FAM174B,FAM174B,3.35,4.76,6.11,1.13,21,False
LS_10,FAM187B,FAM187B,0.0,0.0,0.0,0.0,21,False
LS_10,FAP,FAP,0.0,0.0,0.0,0.0,21,False
LS_10,FAS,FAS,13.9,33.33,4.07,7.23,21,False
LS_10,FASLG,FASLG,0.06,0.0,0.0,0.0,21,False
LS_10,FAT1,FAT1,0.38,0.0,0.0,0.0,21,False
LS_10,FAT2,FAT2,0.0,0.0,0.0,0.0,21,False
LS_10,FAT3,FAT3,0.06,0.0,0.19,0.0,21,False
LS_10,FAT4,FAT4,0.0,0.0,2.41,0.0,21,False
LS_10,FCAMR,FCAMR,0.0,0.0,0.0,0.0,21,False
LS_10,FCAR,FCAR,0.19,0.0,0.19,4.41,21,False
LS_10,FCGR1B,FCGR1B,6.25,4.76,0.19,5.42,21,False
LS_10,FCGR2A,FCGR2A,12.19,19.05,0.74,8.25,21,False
LS_10,FCGR2B,FCGR2B,2.65,0.0,0.19,3.16,21,False
LS_10,FCGR3A,FCGR3A,0.19,0.0,0.0,0.34,21,False
LS_10,FCGR3B,FCGR3B,0.32,0.0,0.0,0.0,21,False
LS_10,FCRL1,FCRL1,0.19,0.0,0.19,0.23,21,False
LS_10,FCRL2,FCRL2,0.19,0.0,0.37,0.0,21,False
LS_10,FCRL3,FCRL3,0.19,0.0,0.19,0.0,21,False
LS_10,FCRL4,FCRL4,0.0,0.0,0.0,0.0,21,False
LS_10,FCRL5,FCRL5,0.19,0.0,0.37,0.0,21,False
LS_10,FCRL6,FCRL6,0.06,0.0,0.0,0.0,21,False
LS_10,FFAR1,FFAR1,0.0,0.0,0.0,0.0,21,False
LS_10,FFAR2,FFAR2,0.13,0.0,0.0,0.56,21,False
LS_10,FFAR3,FFAR3,0.25,0.0,0.0,0.0,21,False
LS_10,FFAR4,FFAR4,0.44,0.0,0.0,0.23,21,False
LS_10,FGFR1,FGFR1,24.45,47.62,5.56,6.21,21,False
LS_10,FGFR2,FGFR2,0.06,0.0,0.0,0.0,21,False
LS_10,FGFR3,FGFR3,1.52,0.0,0.19,0.11,21,False
LS_10,FGFR4,FGFR4,0.06,0.0,0.19,0.0,21,False
LS_10,FGFRL1,FGFRL1,11.31,19.05,5.93,2.26,21,False
LS_10,FKRP,FKRP,6.76,0.0,3.7,1.92,21,False
LS_10,FLRT1,FLRT1,0.13,0.0,0.0,0.0,21,False
LS_10,FLRT2,FLRT2,0.06,0.0,0.0,0.0,21,False
LS_10,FLRT3,FLRT3,0.06,0.0,0.0,0.0,21,False
LS_10,FLT1,FLT1,0.19,0.0,0.37,0.34,21,False
LS_10,FLT3LG,FLT3LG,9.73,4.76,6.67,3.95,21,False
LS_10,FLT4,FLT4,7.14,14.29,0.19,0.23,21,False
LS_10,FLVCR1,FLVCR1,14.02,23.81,9.44,5.54,21,False
LS_10,FLVCR2,FLVCR2,1.07,0.0,0.74,0.9,21,False
LS_10,FNDC4,FNDC4,0.06,0.0,0.0,0.0,21,False
LS_10,FNDC5,FNDC5,0.0,0.0,0.0,0.0,21,False
LS_10,FNDC9,FNDC9,0.19,0.0,0.19,0.0,21,False
LS_10,FOLH1,FOLH1,1.64,0.0,0.74,0.11,21,False
LS_10,FOLR1,FOLR1,0.0,0.0,0.0,0.0,21,False
LS_10,FOLR2,FOLR2,0.13,0.0,0.19,0.79,21,False
LS_10,FPR1,FPR1,0.82,0.0,0.56,7.34,21,False
LS_10,FPR2,FPR2,0.44,0.0,0.0,2.15,21,False
LS_10,FPR3,FPR3,0.13,0.0,0.0,0.0,21,False
LS_10,FRAS1,FRAS1,0.0,0.0,0.0,0.0,21,False
LS_10,FREM2,FREM2,0.0,0.0,0.0,0.0,21,False
LS_10,FRRS1,FRRS1,2.34,0.0,1.11,0.9,21,False
LS_10,FURIN,FURIN,19.27,47.62,10.0,8.36,21,False
LS_10,FZD1,FZD1,2.97,0.0,3.89,1.36,21,False
LS_10,FZD2,FZD2,5.43,0.0,0.56,9.94,21,False
LS_10,FZD3,FZD3,2.15,0.0,4.44,0.68,21,False
LS_10,FZD4,FZD4,0.13,0.0,0.19,0.0,21,False
LS_10,FZD5,FZD5,2.84,0.0,2.41,1.13,21,False
LS_10,FZD6,FZD6,4.99,9.52,7.59,0.79,21,False
LS_10,FZD7,FZD7,0.95,0.0,0.74,0.11,21,False
LS_10,FZD8,FZD8,0.06,0.0,0.0,0.0,21,False
LS_10,FZD9,FZD9,0.0,0.0,0.19,0.11,21,False
LS_10,GABBR1,GABBR1,2.15,0.0,4.81,1.81,21,False
LS_10,GABRA1,GABRA1,0.13,0.0,0.0,0.0,21,False
LS_10,GABRA4,GABRA4,0.06,0.0,0.0,0.11,21,False
LS_10,GABRB1,GABRB1,0.0,0.0,0.0,0.0,21,False
LS_10,GABRB2,GABRB2,0.32,0.0,0.0,0.0,21,False
LS_10,GABRB3,GABRB3,0.0,0.0,0.37,0.0,21,False
LS_10,GABRD,GABRD,3.28,4.76,0.93,0.34,21,False
LS_10,GABRE,GABRE,0.38,0.0,0.0,0.0,21,False
LS_10,GABRG1,GABRG1,0.0,0.0,0.0,0.0,21,False
LS_10,GABRG2,GABRG2,0.0,0.0,0.0,0.0,21,False
LS_10,GABRP,GABRP,0.0,0.0,0.0,0.0,21,False
LS_10,GABRR1,GABRR1,0.0,0.0,0.0,0.0,21,False
LS_10,GABRR2,GABRR2,0.13,0.0,0.0,0.0,21,False
LS_10,GALR1,GALR1,0.0,0.0,0.0,0.0,21,False
LS_10,GALR2,GALR2,0.13,0.0,0.19,0.45,21,False
LS_10,GALR3,GALR3,0.95,0.0,0.93,0.56,21,False
LS_10,GAS1,GAS1,0.13,0.0,0.74,0.11,21,False
LS_10,GCGR,GCGR,0.0,0.0,0.0,0.0,21,False
LS_10,GDPD2,GDPD2,0.0,0.0,0.0,0.0,21,False
LS_10,GDPD5,GDPD5,2.02,0.0,1.3,2.03,21,False
LS_10,GFRA1,GFRA1,0.0,0.0,0.0,0.0,21,False
LS_10,GFRA2,GFRA2,0.19,0.0,0.0,0.0,21,False
LS_10,GFRA3,GFRA3,1.26,0.0,0.0,0.0,21,False
LS_10,GGT1,GGT1,0.0,0.0,0.19,0.0,21,False
LS_10,GGT7,GGT7,4.42,4.76,8.7,2.49,21,False
LS_10,GHR,GHR,0.0,0.0,0.0,0.0,21,False
LS_10,GHRHR,GHRHR,0.0,0.0,0.0,0.0,21,False
LS_10,GHSR,GHSR,0.06,0.0,0.0,0.0,21,False
LS_10,GIPR,GIPR,0.19,0.0,0.0,0.23,21,False
LS_10,GJA1,GJA1,3.47,9.52,0.0,0.11,21,False
LS_10,GJA3,GJA3,1.58,0.0,0.0,0.56,21,False
LS_10,GJA4,GJA4,0.32,0.0,0.56,0.0,21,False
LS_10,GJB2,GJB2,0.0,0.0,0.0,0.0,21,False
LS_10,GJB3,GJB3,0.0,0.0,0.0,0.0,21,False
LS_10,GJB6,GJB6,0.06,0.0,0.0,0.0,21,False
LS_10,GJB7,GJB7,0.06,0.0,0.19,0.0,21,False
LS_10,GJC2,GJC2,0.44,0.0,2.78,0.34,21,False
LS_10,GJC3,GJC3,0.13,0.0,0.74,0.0,21,False
LS_10,GJD2,GJD2,0.0,0.0,0.0,0.0,21,False
LS_10,GLDN,GLDN,0.13,0.0,0.0,0.0,21,False
LS_10,GLP1R,GLP1R,0.57,0.0,0.0,0.0,21,False
LS_10,GLP2R,GLP2R,0.0,0.0,0.0,0.0,21,False
LS_10,GLRA2,GLRA2,0.13,0.0,0.0,0.0,21,False
LS_10,GLRA3,GLRA3,0.0,0.0,0.0,0.0,21,False
LS_10,GLRA4,GLRA4,0.06,0.0,0.0,0.0,21,False
LS_10,GLRB,GLRB,0.25,0.0,1.48,0.0,21,False
LS_10,GML,GML,0.0,0.0,0.0,0.0,21,False
LS_10,GNRHR,GNRHR,0.06,0.0,0.0,0.0,21,False
LS_10,GP1BA,GP1BA,0.82,0.0,2.41,0.11,21,False
LS_10,GP1BB,GP1BB,15.1,28.57,5.93,0.79,21,False
LS_10,GP5,GP5,0.06,0.0,0.0,0.0,21,False
LS_10,GP6,GP6,1.2,0.0,0.0,0.45,21,False
LS_10,GPA33,GPA33,6.0,4.76,1.67,1.02,21,False
LS_10,GPBAR1,GPBAR1,0.57,0.0,0.0,8.02,21,False
LS_10,GPC1,GPC1,6.63,9.52,1.3,1.13,21,False
LS_10,GPC2,GPC2,4.17,4.76,7.59,0.68,21,False
LS_10,GPC3,GPC3,0.13,0.0,0.19,0.0,21,False
LS_10,GPC4,GPC4,0.19,0.0,0.0,0.0,21,False
LS_10,GPC5,GPC5,0.25,0.0,4.07,0.11,21,False
LS_10,GPC6,GPC6,0.13,0.0,0.74,0.0,21,False
LS_10,GPER1,GPER1,0.32,0.0,0.19,0.34,21,False
LS_10,GPIHBP1,GPIHBP1,0.0,0.0,0.0,0.0,21,False
LS_10,GPM6A,GPM6A,0.06,0.0,0.0,0.0,21,False
LS_10,GPM6B,GPM6B,5.37,9.52,2.04,1.24,21,False
LS_10,GPNMB,GPNMB,0.38,0.0,0.19,0.0,21,False
LS_10,GPR1,GPR1,0.0,0.0,0.0,0.11,21,False
LS_10,GPR101,GPR101,0.0,0.0,0.0,0.0,21,False
LS_10,GPR12,GPR12,7.9,14.29,2.78,3.5,21,False
LS_10,GPR132,GPR132,1.14,0.0,0.56,2.94,21,False
LS_10,GPR137B,GPR137B,4.36,0.0,5.37,1.69,21,False
LS_10,GPR137C,GPR137C,5.24,0.0,1.85,1.36,21,False
LS_10,GPR141,GPR141,2.21,0.0,4.44,4.41,21,False
LS_10,GPR142,GPR142,0.0,0.0,0.0,0.0,21,False
LS_10,GPR15,GPR15,0.0,0.0,0.0,0.0,21,False
LS_10,GPR150,GPR150,1.07,0.0,1.67,0.34,21,False
LS_10,GPR151,GPR151,0.51,0.0,0.0,0.0,21,False
LS_10,GPR152,GPR152,0.63,0.0,0.0,0.0,21,False
LS_10,GPR153,GPR153,1.96,0.0,0.0,0.56,21,False
LS_10,GPR155,GPR155,0.44,0.0,0.56,0.79,21,False
LS_10,GPR157,GPR157,1.45,0.0,2.04,0.68,21,False
LS_10,GPR158,GPR158,0.0,0.0,0.0,0.0,21,False
LS_10,GPR160,GPR160,5.24,0.0,2.41,6.55,21,False
LS_10,GPR161,GPR161,1.01,0.0,1.11,0.23,21,False
LS_10,GPR162,GPR162,2.97,0.0,4.81,3.5,21,False
LS_10,GPR17,GPR17,0.06,0.0,0.0,0.0,21,False
LS_10,GPR171,GPR171,1.33,0.0,1.11,0.11,21,False
LS_10,GPR173,GPR173,0.32,0.0,1.3,0.11,21,False
LS_10,GPR174,GPR174,24.07,52.38,8.52,1.36,21,False
LS_10,GPR176,GPR176,0.19,0.0,0.0,0.11,21,False
LS_10,GPR179,GPR179,0.06,0.0,0.0,0.0,21,False
LS_10,GPR18,GPR18,0.95,0.0,0.37,0.79,21,False
LS_10,GPR180,GPR180,16.87,28.57,7.96,4.52,21,False
LS_10,GPR182,GPR182,0.0,0.0,0.0,0.0,21,False
LS_10,GPR19,GPR19,2.27,0.0,0.56,0.34,21,False
LS_10,GPR20,GPR20,0.0,0.0,0.0,0.0,21,False
LS_10,GPR21,GPR21,0.06,0.0,0.19,0.0,21,False
LS_10,GPR22,GPR22,0.38,0.0,0.93,0.11,21,False
LS_10,GPR25,GPR25,0.06,0.0,0.0,0.11,21,False
LS_10,GPR3,GPR3,1.45,0.0,1.11,0.11,21,False
LS_10,GPR31,GPR31,0.0,0.0,0.0,0.0,21,False
LS_10,GPR32,GPR32,0.32,0.0,0.19,0.0,21,False
LS_10,GPR33,GPR33,0.0,0.0,0.0,0.0,21,False
LS_10,GPR34,GPR34,0.69,0.0,0.19,0.34,21,False
LS_10,GPR35,GPR35,4.55,0.0,0.93,3.62,21,False
LS_10,GPR37,GPR37,0.06,0.0,0.19,0.0,21,False
LS_10,GPR37L1,GPR37L1,0.0,0.0,0.0,0.11,21,False
LS_10,GPR39,GPR39,0.0,0.0,0.0,0.0,21,False
LS_10,GPR4,GPR4,0.0,0.0,0.0,0.0,21,False
LS_10,GPR42,GPR42,0.0,0.0,0.19,0.0,21,False
LS_10,GPR45,GPR45,0.0,0.0,0.0,0.0,21,False
LS_10,GPR52,GPR52,0.19,0.0,0.0,0.0,21,False
LS_10,GPR55,GPR55,1.45,0.0,0.0,0.23,21,False
LS_10,GPR61,GPR61,0.06,0.0,0.19,0.0,21,False
LS_10,GPR62,GPR62,0.0,0.0,0.0,0.0,21,False
LS_10,GPR63,GPR63,0.19,0.0,2.78,0.45,21,False
LS_10,GPR65,GPR65,5.24,0.0,0.74,5.08,21,False
LS_10,GPR68,GPR68,0.38,0.0,0.0,0.11,21,False
LS_10,GPR75,GPR75,0.63,0.0,0.37,0.34,21,False
LS_10,GPR78,GPR78,0.0,0.0,0.0,0.0,21,False
LS_10,GPR82,GPR82,1.01,0.0,0.56,0.0,21,False
LS_10,GPR83,GPR83,0.13,0.0,0.0,0.0,21,False
LS_10,GPR84,GPR84,1.33,0.0,0.19,2.15,21,False
LS_10,GPR85,GPR85,3.16,0.0,0.74,2.15,21,False
LS_10,GPR87,GPR87,0.06,0.0,0.0,0.0,21,False
LS_10,GPR88,GPR88,0.13,0.0,0.0,0.0,21,False
LS_10,GPRC5A,GPRC5A,0.0,0.0,0.0,0.11,21,False
LS_10,GPRC5B,GPRC5B,0.25,0.0,0.19,0.0,21,False
LS_10,GPRC5C,GPRC5C,3.98,0.0,4.63,1.36,21,False
LS_10,GPRC5D,GPRC5D,0.06,0.0,0.0,0.0,21,False
LS_10,GRAMD1B,GRAMD1B,5.43,4.76,5.37,6.33,21,False
LS_10,GRIA3,GRIA3,0.06,0.0,0.0,0.0,21,False
LS_10,GRID1,GRID1,0.25,0.0,0.0,0.23,21,False
LS_10,GRIK1,GRIK1,0.0,0.0,0.0,0.0,21,False
LS_10,GRIK2,GRIK2,0.0,0.0,0.0,0.0,21,False
LS_10,GRIK3,GRIK3,0.06,0.0,0.0,0.0,21,False
LS_10,GRIK4,GRIK4,0.0,0.0,0.0,0.0,21,False
LS_10,GRIK5,GRIK5,5.24,0.0,4.81,2.26,21,False
LS_10,GRIN1,GRIN1,0.32,0.0,0.19,0.0,21,False
LS_10,GRIN2B,GRIN2B,0.0,0.0,0.0,0.0,21,False
LS_10,GRIN2C,GRIN2C,0.13,0.0,0.19,0.0,21,False
LS_10,GRIN2D,GRIN2D,0.44,0.0,0.37,0.45,21,False
LS_10,GRIN3A,GRIN3A,0.06,0.0,0.0,0.0,21,False
LS_10,GRIN3B,GRIN3B,0.0,0.0,0.19,0.0,21,False
LS_10,GRM1,GRM1,0.19,0.0,0.0,0.0,21,False
LS_10,GRM2,GRM2,0.13,0.0,0.0,0.0,21,False
LS_10,GRM3,GRM3,0.0,0.0,0.0,0.0,21,False
LS_10,GRM4,GRM4,0.0,0.0,0.0,0.0,21,False
LS_10,GRM6,GRM6,0.0,0.0,0.0,0.0,21,False
LS_10,GRM7,GRM7,0.13,0.0,0.0,0.0,21,False
LS_10,GRPR,GRPR,0.13,0.0,0.0,0.0,21,False
LS_10,GSG1,GSG1,0.06,0.0,0.19,0.0,21,False
LS_10,GSG1L,GSG1L,0.51,0.0,0.0,0.11,21,False
LS_10,GUCY2C,GUCY2C,0.13,0.0,0.0,0.11,21,False
LS_10,GYPA,GYPA,0.25,0.0,0.19,0.0,21,False
LS_10,HAVCR1,HAVCR1,0.06,0.0,0.0,0.0,21,False
LS_10,HAVCR2,HAVCR2,12.57,19.05,1.48,4.97,21,False
LS_10,HCAR1,HCAR1,0.13,0.0,0.0,0.0,21,False
LS_10,HCAR2,HCAR2,3.28,0.0,0.37,4.07,21,False
LS_10,HCAR3,HCAR3,3.1,0.0,0.37,4.63,21,False
LS_10,HCRTR1,HCRTR1,0.25,0.0,0.0,0.0,21,False
LS_10,HCRTR2,HCRTR2,0.0,0.0,0.0,0.0,21,False
LS_10,HEG1,HEG1,2.02,0.0,5.0,1.13,21,False
LS_10,HEPACAM2,HEPACAM2,0.0,0.0,0.0,0.0,21,False
LS_10,HEPH,HEPH,0.19,0.0,0.0,0.0,21,False
LS_10,HEPHL1,HEPHL1,0.0,0.0,0.0,0.0,21,False
LS_10,HFE,HFE,0.0,0.0,0.19,0.23,21,False
LS_10,HHLA2,HHLA2,0.25,0.0,0.37,0.68,21,False
LS_10,HLA-DOB,HLA-DOB,0.44,0.0,0.19,0.34,21,False
LS_10,HLA-DQB2,HLA-DQB2,2.4,0.0,2.59,2.82,21,False
LS_10,HLA-G,HLA-G,3.79,0.0,1.85,4.97,21,False
LS_10,HRH1,HRH1,0.51,0.0,0.19,0.9,21,False
LS_10,HRH3,HRH3,0.0,0.0,0.0,0.0,21,False
LS_10,HRH4,HRH4,0.13,0.0,0.19,0.0,21,False
LS_10,HTR1B,HTR1B,0.0,0.0,0.56,0.0,21,False
LS_10,HTR2A,HTR2A,0.06,0.0,0.19,0.0,21,False
LS_10,HTR2B,HTR2B,0.13,0.0,0.0,0.0,21,False
LS_10,HTR3A,HTR3A,0.19,0.0,0.0,0.45,21,False
LS_10,HTR3B,HTR3B,0.0,0.0,0.0,0.0,21,False
LS_10,HTR3C,HTR3C,0.0,0.0,0.0,0.0,21,False
LS_10,HTR3E,HTR3E,0.0,0.0,0.0,0.0,21,False
LS_10,HTR4,HTR4,0.0,0.0,0.0,0.0,21,False
LS_10,HTR6,HTR6,0.13,0.0,0.19,0.0,21,False
LS_10,HTR7,HTR7,0.76,0.0,0.37,0.68,21,False
LS_10,HYAL2,HYAL2,4.17,4.76,1.67,2.26,21,False
LS_10,ICAM1,ICAM1,9.48,14.29,2.59,3.16,21,False
LS_10,ICAM5,ICAM5,3.73,0.0,0.93,0.68,21,False
LS_10,ICOS,ICOS,0.19,0.0,0.0,0.0,21,False
LS_10,ICOSLG,ICOSLG,5.69,4.76,3.7,2.26,21,False
LS_10,IFNLR1,IFNLR1,0.19,0.0,0.37,0.0,21,False
LS_10,IGDCC4,IGDCC4,0.25,0.0,0.0,0.0,21,False
LS_10,IGF2R,IGF2R,11.62,19.05,3.52,5.54,21,False
LS_10,IGSF1,IGSF1,0.25,0.0,0.0,0.0,21,False
LS_10,IGSF11,IGSF11,0.13,0.0,0.19,0.0,21,False
LS_10,IGSF3,IGSF3,0.38,0.0,0.0,0.9,21,False
LS_10,IGSF9,IGSF9,0.63,0.0,0.37,0.0,21,False
LS_10,IGSF9B,IGSF9B,0.44,0.0,0.37,0.11,21,False
LS_10,IL11RA,IL11RA,2.59,0.0,2.96,1.81,21,False
LS_10,IL12RB1,IL12RB1,8.09,0.0,2.96,3.39,21,False
LS_10,IL13RA2,IL13RA2,0.0,0.0,0.0,0.0,21,False
LS_10,IL17RB,IL17RB,0.06,0.0,0.19,0.0,21,False
LS_10,IL17RD,IL17RD,0.06,0.0,0.19,0.0,21,False
LS_10,IL17RE,IL17RE,17.75,33.33,7.78,3.62,21,False
LS_10,IL18R1,IL18R1,2.08,0.0,2.78,0.11,21,False
LS_10,IL18RAP,IL18RAP,0.38,0.0,0.19,0.0,21,False
LS_10,IL1R1,IL1R1,0.82,0.0,0.19,0.0,21,False
LS_10,IL1R2,IL1R2,0.0,0.0,0.0,0.11,21,False
LS_10,IL1RAP,IL1RAP,28.17,66.67,5.74,9.94,21,True
LS_10,IL1RL1,IL1RL1,0.76,0.0,0.19,0.0,21,False
LS_10,IL1RL2,IL1RL2,0.0,0.0,0.0,0.0,21,False
LS_10,IL20RB,IL20RB,0.19,0.0,0.0,0.0,21,False
LS_10,IL21R,IL21R,0.32,0.0,0.0,0.11,21,False
LS_10,IL23R,IL23R,0.0,0.0,0.0,0.0,21,False
LS_10,IL2RA,IL2RA,1.52,0.0,0.37,0.0,21,False
LS_10,IL2RB,IL2RB,0.25,0.0,0.19,0.23,21,False
LS_10,IL31RA,IL31RA,0.38,0.0,0.19,0.68,21,False
LS_10,IL4R,IL4R,10.49,9.52,4.44,8.7,21,False
LS_10,IL5RA,IL5RA,5.87,9.52,0.56,0.9,21,False
LS_10,IL7R,IL7R,1.64,0.0,1.67,0.68,21,False
LS_10,IL9R,IL9R,6.57,14.29,1.11,0.56,21,False
LS_10,ILDR1,ILDR1,0.0,0.0,0.56,0.0,21,False
LS_10,IMPG2,IMPG2,0.38,0.0,0.19,0.23,21,False
LS_10,INSRR,INSRR,0.13,0.0,0.0,0.0,21,False
LS_10,ITGA1,ITGA1,1.52,0.0,0.0,0.56,21,False
LS_10,ITGA10,ITGA10,0.38,0.0,0.0,0.11,21,False
LS_10,ITGA11,ITGA11,1.39,0.0,0.37,0.23,21,False
LS_10,ITGA2,ITGA2,2.91,0.0,4.44,0.56,21,False
LS_10,ITGA2B,ITGA2B,6.13,4.76,4.81,1.36,21,False
LS_10,ITGA3,ITGA3,0.0,0.0,0.56,0.0,21,False
LS_10,ITGA7,ITGA7,2.91,0.0,0.37,4.63,21,False
LS_10,ITGA8,ITGA8,0.06,0.0,0.0,0.0,21,False
LS_10,ITGAD,ITGAD,0.0,0.0,0.0,0.0,21,False
LS_10,ITGAV,ITGAV,10.17,9.52,9.26,2.49,21,False
LS_10,ITGAX,ITGAX,6.7,14.29,0.93,6.55,21,False
LS_10,ITGB3,ITGB3,0.13,0.0,0.0,0.11,21,False
LS_10,ITGB4,ITGB4,3.16,0.0,1.11,0.45,21,False
LS_10,ITGB5,ITGB5,4.49,4.76,0.0,0.79,21,False
LS_10,ITGB6,ITGB6,0.0,0.0,0.0,0.0,21,False
LS_10,ITGB8,ITGB8,1.52,0.0,4.26,0.0,21,False
LS_10,ITLN1,ITLN1,0.06,0.0,0.0,0.0,21,False
LS_10,IZUMO1,IZUMO1,0.0,0.0,0.0,0.11,21,False
LS_10,JAG1,JAG1,10.8,14.29,1.67,2.94,21,False
LS_10,JAG2,JAG2,0.06,0.0,0.19,0.0,21,False
LS_10,JAM2,JAM2,0.63,0.0,5.56,0.0,21,False
LS_10,JAM3,JAM3,3.79,0.0,3.7,0.45,21,False
LS_10,KCNJ12,KCNJ12,0.06,0.0,2.59,0.34,21,False
LS_10,KCNJ3,KCNJ3,0.25,0.0,0.0,0.0,21,False
LS_10,KCNJ4,KCNJ4,0.0,0.0,0.0,0.0,21,False
LS_10,KCNK5,KCNK5,8.78,14.29,1.85,1.92,21,False
LS_10,KCNMB1,KCNMB1,2.34,0.0,1.48,1.36,21,False
LS_10,KCNMB2,KCNMB2,0.13,0.0,0.0,0.0,21,False
LS_10,KCNMB3,KCNMB3,3.54,0.0,1.48,0.79,21,False
LS_10,KCNMB4,KCNMB4,8.4,23.81,4.81,1.36,21,False
LS_10,KCNS1,KCNS1,0.13,0.0,0.37,0.11,21,False
LS_10,KCNV2,KCNV2,0.0,0.0,0.0,0.0,21,False
LS_10,KDR,KDR,0.25,0.0,0.19,0.0,21,False
LS_10,KEL,KEL,0.19,0.0,0.56,0.0,21,False
LS_10,KIAA0319,KIAA0319,0.06,0.0,0.19,0.0,21,False
LS_10,KIAA1324,KIAA1324,0.06,0.0,0.0,0.23,21,False
LS_10,KIAA1324L,KIAA1324L,3.03,0.0,2.41,0.9,21,False
LS_10,KIAA1549L,KIAA1549L,0.19,0.0,0.0,0.11,21,False
LS_10,KIR2DL1,KIR2DL1,0.06,0.0,0.0,0.0,21,False
LS_10,KIR2DL3,KIR2DL3,0.13,0.0,0.0,0.0,21,False
LS_10,KIR2DL4,KIR2DL4,0.13,0.0,0.0,0.0,21,False
LS_10,KIR3DL1,KIR3DL1,0.06,0.0,0.0,0.0,21,False
LS_10,KIR3DL2,KIR3DL2,0.19,0.0,0.19,0.11,21,False
LS_10,KIR3DL3,KIR3DL3,0.0,0.0,0.0,0.0,21,False
LS_10,KIRREL2,KIRREL2,0.38,0.0,0.0,0.0,21,False
LS_10,KIRREL3,KIRREL3,0.32,0.0,0.0,0.11,21,False
LS_10,KISS1R,KISS1R,0.63,0.0,0.0,0.0,21,False
LS_10,KITLG,KITLG,3.73,4.76,0.0,0.34,21,False
LS_10,KL,KL,0.13,0.0,0.74,0.0,21,False
LS_10,KLRB1,KLRB1,1.01,0.0,1.11,0.0,21,False
LS_10,KLRC1,KLRC1,0.19,0.0,0.0,0.0,21,False
LS_10,KLRC2,KLRC2,0.76,0.0,0.0,0.0,21,False
LS_10,KLRC3,KLRC3,0.32,0.0,0.0,0.0,21,False
LS_10,KLRF1,KLRF1,0.51,0.0,0.37,0.11,21,False
LS_10,KLRF2,KLRF2,0.06,0.0,0.19,0.34,21,False
LS_10,KLRK1,KLRK1,1.33,0.0,0.0,0.11,21,False
LS_10,KREMEN1,KREMEN1,0.32,0.0,0.19,0.0,21,False
LS_10,KREMEN2,KREMEN2,0.38,0.0,0.0,0.45,21,False
LS_10,L1CAM,L1CAM,0.0,0.0,0.0,0.0,21,False
LS_10,LAG3,LAG3,1.58,0.0,7.04,0.11,21,False
LS_10,LAMP3,LAMP3,0.0,0.0,0.0,0.0,21,False
LS_10,LAMP5,LAMP5,5.37,9.52,0.19,1.92,21,False
LS_10,LAYN,LAYN,1.96,0.0,0.19,0.79,21,False
LS_10,LCT,LCT,3.47,4.76,0.74,0.23,21,False
LS_10,LDLRAD3,LDLRAD3,1.64,0.0,0.56,0.9,21,False
LS_10,LEPR,LEPR,3.98,0.0,2.41,1.24,21,False
LS_10,LGR4,LGR4,0.38,0.0,1.11,0.0,21,False
LS_10,LGR5,LGR5,0.0,0.0,0.19,0.0,21,False
LS_10,LGR6,LGR6,1.07,4.76,0.56,0.0,21,False
LS_10,LHFPL1,LHFPL1,0.0,0.0,0.0,0.0,21,False
LS_10,LHFPL4,LHFPL4,0.0,0.0,0.0,0.0,21,False
LS_10,LHFPL5,LHFPL5,14.34,14.29,6.3,2.82,21,False
LS_10,LIFR,LIFR,0.06,0.0,0.0,0.0,21,False
LS_10,LILRA1,LILRA1,5.05,0.0,1.48,7.46,21,False
LS_10,LILRA4,LILRA4,0.88,0.0,0.19,0.11,21,False
LS_10,LILRA5,LILRA5,0.76,0.0,0.74,4.63,21,False
LS_10,LILRA6,LILRA6,0.25,0.0,0.19,1.36,21,False
LS_10,LILRB1,LILRB1,2.72,0.0,1.3,6.44,21,False
LS_10,LILRB2,LILRB2,3.28,0.0,4.44,6.89,21,False
LS_10,LILRB3,LILRB3,1.52,0.0,0.37,4.41,21,False
LS_10,LILRB5,LILRB5,0.0,0.0,0.0,0.23,21,False
LS_10,LIM2,LIM2,0.0,0.0,0.0,0.0,21,False
LS_10,LINGO1,LINGO1,0.0,0.0,0.0,0.0,21,False
LS_10,LINGO2,LINGO2,0.0,0.0,0.0,0.0,21,False
LS_10,LINGO3,LINGO3,1.07,0.0,0.93,0.56,21,False
LS_10,LINGO4,LINGO4,0.0,0.0,0.0,0.0,21,False
LS_10,LMAN2L,LMAN2L,14.02,19.05,6.11,2.03,21,False
LS_10,LMBR1L,LMBR1L,16.3,23.81,9.44,4.52,21,False
LS_10,LMBRD2,LMBRD2,12.32,9.52,6.11,3.5,21,False
LS_10,LPAR1,LPAR1,4.49,4.76,0.74,2.03,21,False
LS_10,LPAR2,LPAR2,11.88,14.29,5.56,5.31,21,False
LS_10,LPAR3,LPAR3,0.06,0.0,0.0,0.0,21,False
LS_10,LPAR4,LPAR4,3.66,0.0,0.74,1.58,21,False
LS_10,LPAR5,LPAR5,4.23,4.76,0.74,0.34,21,False
LS_10,LPAR6,LPAR6,9.03,14.29,2.59,2.49,21,False
LS_10,LPL,LPL,0.51,0.0,0.0,1.02,21,False
LS_10,LRFN1,LRFN1,2.97,0.0,0.74,1.81,21,False
LS_10,LRFN2,LRFN2,0.06,0.0,0.0,0.0,21,False
LS_10,LRFN3,LRFN3,0.51,0.0,1.11,0.23,21,False
LS_10,LRFN4,LRFN4,12.57,9.52,7.59,6.78,21,False
LS_10,LRIG1,LRIG1,0.76,0.0,2.04,0.68,21,False
LS_10,LRIG2,LRIG2,9.67,0.0,8.52,5.2,21,False
LS_10,LRIG3,LRIG3,0.0,0.0,0.0,0.0,21,False
LS_10,LRIT3,LRIT3,0.0,0.0,0.0,0.0,21,False
LS_10,LRP11,LRP11,9.22,4.76,2.41,3.05,21,False
LS_10,LRP12,LRP12,9.41,4.76,2.96,1.24,21,False
LS_10,LRP1B,LRP1B,0.13,0.0,0.37,0.0,21,False
LS_10,LRP2,LRP2,0.06,0.0,0.0,0.0,21,False
LS_10,LRP3,LRP3,6.44,4.76,2.41,9.38,21,False
LS_10,LRP4,LRP4,4.04,4.76,0.37,1.36,21,False
LS_10,LRP5,LRP5,17.75,38.1,9.63,3.62,21,False
LS_10,LRP6,LRP6,4.61,9.52,5.56,1.92,21,False
LS_10,LRRC19,LRRC19,0.06,0.0,0.0,0.0,21,False
LS_10,LRRC24,LRRC24,1.45,0.0,0.74,1.36,21,False
LS_10,LRRC32,LRRC32,0.0,0.0,0.0,0.11,21,False
LS_10,LRRC37A,LRRC37A,1.45,0.0,0.19,0.34,21,False
LS_10,LRRC37A2,LRRC37A2,5.43,0.0,2.78,2.82,21,False
LS_10,LRRC37A3,LRRC37A3,2.84,0.0,1.11,1.81,21,False
LS_10,LRRC37B,LRRC37B,7.77,0.0,4.81,3.28,21,False
LS_10,LRRC38,LRRC38,1.58,0.0,0.0,0.0,21,False
LS_10,LRRC3B,LRRC3B,0.06,0.0,0.0,0.0,21,False
LS_10,LRRC4,LRRC4,0.32,0.0,0.37,1.02,21,False
LS_10,LRRC4B,LRRC4B,0.0,0.0,0.0,0.0,21,False
LS_10,LRRC4C,LRRC4C,0.0,0.0,0.74,0.0,21,False
LS_10,LRRN1,LRRN1,1.14,0.0,5.74,0.0,21,False
LS_10,LRRN2,LRRN2,1.39,0.0,0.93,0.0,21,False
LS_10,LRRN3,LRRN3,0.13,0.0,0.19,0.11,21,False
LS_10,LRRN4,LRRN4,0.06,0.0,0.0,0.0,21,False
LS_10,LRRN4CL,LRRN4CL,0.06,0.0,0.0,0.0,21,False
LS_10,LRRTM2,LRRTM2,0.38,0.0,0.37,0.0,21,False
LS_10,LRRTM3,LRRTM3,0.0,0.0,0.0,0.0,21,False
LS_10,LRTM1,LRTM1,0.0,0.0,0.0,0.0,21,False
LS_10,LRTM2,LRTM2,0.0,0.0,0.0,0.0,21,False
LS_10,LSAMP,LSAMP,1.14,0.0,0.0,0.11,21,False
LS_10,LSMEM1,LSMEM1,0.57,0.0,0.0,0.34,21,False
LS_10,LTK,LTK,9.73,14.29,1.11,2.94,21,False
LS_10,LY6D,LY6D,0.0,0.0,0.0,0.0,21,False
LS_10,LY6G6C,LY6G6C,0.44,0.0,0.19,0.11,21,False
LS_10,LY6G6D,LY6G6D,0.13,0.0,0.0,0.0,21,False
LS_10,LY6G6F,LY6G6F,0.0,0.0,0.0,0.11,21,False
LS_10,LY6H,LY6H,0.82,0.0,0.19,0.11,21,False
LS_10,LY6K,LY6K,0.51,0.0,0.0,0.11,21,False
LS_10,LY9,LY9,8.34,14.29,0.93,2.37,21,False
LS_10,LYNX1,LYNX1,0.0,0.0,0.19,0.23,21,False
LS_10,LYPD1,LYPD1,0.06,0.0,0.0,0.11,21,False
LS_10,LYPD2,LYPD2,0.13,0.0,0.0,0.11,21,False
LS_10,LYPD3,LYPD3,1.33,0.0,1.11,0.34,21,False
LS_10,LYPD5,LYPD5,1.26,0.0,0.93,0.23,21,False
LS_10,LYPD6B,LYPD6B,0.06,0.0,0.37,0.0,21,False
LS_10,LYPD8,LYPD8,0.06,0.0,0.0,0.11,21,False
LS_10,LYSMD3,LYSMD3,11.62,9.52,8.15,3.28,21,False
LS_10,LYVE1,LYVE1,0.0,0.0,0.0,0.0,21,False
LS_10,MAG,MAG,0.32,0.0,0.19,0.23,21,False
LS_10,MAMDC4,MAMDC4,4.04,0.0,0.37,2.26,21,False
LS_10,MANSC1,MANSC1,3.47,0.0,5.93,1.47,21,False
LS_10,MANSC4,MANSC4,0.0,0.0,0.0,0.0,21,False
LS_10,MAS1,MAS1,0.19,0.0,0.0,0.11,21,False
LS_10,MC1R,MC1R,1.01,0.0,0.19,0.56,21,False
LS_10,MC2R,MC2R,0.06,0.0,0.0,0.0,21,False
LS_10,MC4R,MC4R,0.0,0.0,0.0,0.0,21,False
LS_10,MCAM,MCAM,0.44,0.0,0.19,0.0,21,False
LS_10,MCHR1,MCHR1,0.0,0.0,0.0,0.0,21,False
LS_10,MDGA1,MDGA1,2.72,0.0,0.74,0.0,21,False
LS_10,MDGA2,MDGA2,0.0,0.0,1.11,0.0,21,False
LS_10,MEGF10,MEGF10,7.83,14.29,0.19,1.13,21,False
LS_10,MEGF11,MEGF11,0.38,0.0,0.56,0.23,21,False
LS_10,MEGF8,MEGF8,14.09,19.05,9.26,5.65,21,False
LS_10,MEP1A,MEP1A,0.0,0.0,0.0,0.0,21,False
LS_10,MEP1B,MEP1B,0.0,0.0,0.0,0.0,21,False
LS_10,MERTK,MERTK,4.3,0.0,5.37,1.24,21,False
LS_10,MET,MET,0.19,0.0,0.0,0.0,21,False
LS_10,MFAP3,MFAP3,6.25,0.0,4.63,0.45,21,False
LS_10,MFAP3L,MFAP3L,1.07,0.0,1.11,0.0,21,False
LS_10,MFRP,MFRP,0.13,0.0,0.0,0.0,21,False
LS_10,MFSD2A,MFSD2A,3.16,0.0,1.48,5.31,21,False
LS_10,MFSD2B,MFSD2B,4.8,4.76,0.56,0.0,21,False
LS_10,MFSD6L,MFSD6L,0.13,0.0,0.19,0.0,21,False
LS_10,MFSD8,MFSD8,9.79,9.52,5.56,2.15,21,False
LS_10,MICA,MICA,12.32,14.29,4.44,3.39,21,False
LS_10,MICB,MICB,18.95,52.38,4.81,4.86,21,False
LS_10,MILR1,MILR1,18.76,33.33,3.15,6.55,21,False
LS_10,MIP,MIP,0.13,0.0,0.0,0.11,21,False
LS_10,MLNR,MLNR,0.88,0.0,0.56,0.0,21,False
LS_10,MME,MME,0.13,0.0,0.93,0.34,21,False
LS_10,MMEL1,MMEL1,5.05,0.0,2.22,2.49,21,False
LS_10,MMP14,MMP14,7.71,14.29,0.56,3.05,21,False
LS_10,MMP16,MMP16,0.51,0.0,0.56,0.0,21,False
LS_10,MMP17,MMP17,5.43,9.52,1.3,7.46,21,False
LS_10,MMP25,MMP25,0.57,0.0,0.0,2.94,21,False
LS_10,MPZ,MPZ,3.28,0.0,2.59,1.13,21,False
LS_10,MPZL2,MPZL2,0.25,0.0,3.7,0.34,21,False
LS_10,MPZL3,MPZL3,2.02,0.0,1.3,0.56,21,False
LS_10,MRC1,MRC1,1.01,0.0,0.74,2.26,21,False
LS_10,MRC2,MRC2,22.8,52.38,7.22,4.41,21,False
LS_10,MRGPRD,MRGPRD,0.0,0.0,0.0,0.0,21,False
LS_10,MRGPRE,MRGPRE,0.25,0.0,0.0,0.11,21,False
LS_10,MRGPRF,MRGPRF,0.32,0.0,0.0,0.23,21,False
LS_10,MRGPRX2,MRGPRX2,0.0,0.0,0.0,0.0,21,False
LS_10,MRGPRX3,MRGPRX3,0.0,0.0,0.0,0.0,21,False
LS_10,MRVI1,MRVI1,1.52,0.0,0.37,0.9,21,False
LS_10,MS4A1,MS4A1,0.51,0.0,1.67,0.11,21,False
LS_10,MS4A15,MS4A15,0.0,0.0,0.0,0.0,21,False
LS_10,MSLNL,MSLNL,0.0,0.0,0.0,0.0,21,False
LS_10,MSR1,MSR1,0.06,0.0,0.0,0.11,21,False
LS_10,MST1R,MST1R,0.38,0.0,0.0,0.0,21,False
LS_10,MUC1,MUC1,3.22,4.76,1.11,0.79,21,False
LS_10,MUC12,MUC12,2.46,0.0,0.56,2.03,21,False
LS_10,MUC16,MUC16,0.0,0.0,0.0,0.0,21,False
LS_10,MUC3A,MUC3A,0.0,0.0,0.0,0.0,21,False
LS_10,MUC4,MUC4,0.88,0.0,0.0,0.11,21,False
LS_10,MUSK,MUSK,0.06,0.0,0.0,0.11,21,False
LS_10,MXRA8,MXRA8,0.13,0.0,0.0,0.11,21,False
LS_10,MYADML2,MYADML2,0.0,0.0,0.0,0.0,21,False
LS_10,MYOF,MYOF,3.6,4.76,0.56,6.67,21,False
LS_10,NCAM1,NCAM1,8.34,14.29,0.19,2.15,21,False
LS_10,NCAM2,NCAM2,0.13,0.0,0.0,0.34,21,False
LS_10,NCMAP,NCMAP,0.0,0.0,0.0,0.0,21,False
LS_10,NCR1,NCR1,0.57,0.0,0.19,0.0,21,False
LS_10,NCR2,NCR2,0.06,0.0,0.0,0.0,21,False
LS_10,NCR3,NCR3,2.91,4.76,0.93,0.11,21,False
LS_10,NCR3LG1,NCR3LG1,1.39,0.0,0.56,1.47,21,False
LS_10,NEO1,NEO1,0.88,0.0,0.0,0.34,21,False
LS_10,NETO1,NETO1,2.59,9.52,0.0,0.11,21,False
LS_10,NFASC,NFASC,0.38,0.0,0.0,0.0,21,False
LS_10,NGFR,NGFR,0.06,0.0,0.19,0.0,21,False
LS_10,NIPAL1,NIPAL1,0.06,0.0,0.19,0.0,21,False
LS_10,NIPAL4,NIPAL4,0.19,0.0,0.19,0.0,21,False
LS_10,NKAIN1,NKAIN1,0.06,0.0,0.0,0.11,21,False
LS_10,NKAIN3,NKAIN3,0.13,0.0,0.0,0.0,21,False
LS_10,NLGN1,NLGN1,0.06,0.0,1.48,0.11,21,False
LS_10,NLGN2,NLGN2,2.97,0.0,6.85,0.9,21,False
LS_10,NLGN3,NLGN3,0.69,0.0,0.56,0.23,21,False
LS_10,NLGN4Y,NLGN4Y,0.06,0.0,0.0,0.0,21,False
LS_10,NMBR,NMBR,0.06,0.0,0.0,0.0,21,False
LS_10,NMUR1,NMUR1,4.74,4.76,0.37,2.15,21,False
LS_10,NOTCH3,NOTCH3,0.25,0.0,0.0,0.11,21,False
LS_10,NOTCH4,NOTCH4,4.99,0.0,2.22,1.81,21,False
LS_10,NPBWR1,NPBWR1,0.06,0.0,0.0,0.0,21,False
LS_10,NPBWR2,NPBWR2,0.06,0.0,0.0,0.0,21,False
LS_10,NPC1,NPC1,7.96,0.0,4.44,2.82,21,False
LS_10,NPC1L1,NPC1L1,0.06,0.0,0.0,0.0,21,False
LS_10,NPFFR1,NPFFR1,0.0,0.0,0.0,0.0,21,False
LS_10,NPHS1,NPHS1,0.0,0.0,0.0,0.0,21,False
LS_10,NPR1,NPR1,0.0,0.0,0.0,0.0,21,False
LS_10,NPR2,NPR2,0.44,0.0,0.93,0.0,21,False
LS_10,NRCAM,NRCAM,0.57,0.0,0.19,0.11,21,False
LS_10,NRG1,NRG1,0.0,0.0,0.0,0.23,21,False
LS_10,NRG2,NRG2,0.32,0.0,0.56,0.23,21,False
LS_10,NRG4,NRG4,11.81,9.52,1.67,5.99,21,False
LS_10,NRN1,NRN1,0.0,0.0,0.0,0.0,21,False
LS_10,NRN1L,NRN1L,0.69,0.0,0.0,0.34,21,False
LS_10,NRP1,NRP1,3.6,4.76,0.0,1.47,21,False
LS_10,NRP2,NRP2,0.69,0.0,0.0,0.45,21,False
LS_10,NRXN1,NRXN1,0.0,0.0,0.19,0.0,21,False
LS_10,NRXN2,NRXN2,29.69,47.62,4.44,6.55,21,False
LS_10,NRXN3,NRXN3,0.13,0.0,0.0,0.0,21,False
LS_10,NT5E,NT5E,6.63,14.29,0.19,0.56,21,False
LS_10,NTM,NTM,0.0,0.0,0.0,0.0,21,False
LS_10,NTNG1,NTNG1,0.0,0.0,0.0,0.0,21,False
LS_10,NTNG2,NTNG2,13.27,19.05,5.0,4.07,21,False
LS_10,NTRK1,NTRK1,2.21,0.0,0.37,0.11,21,False
LS_10,NTRK2,NTRK2,0.0,0.0,0.0,0.0,21,False
LS_10,NTRK3,NTRK3,0.32,0.0,0.0,0.0,21,False
LS_10,NTSR1,NTSR1,2.02,0.0,0.19,2.71,21,False
LS_10,NUP210L,NUP210L,0.32,0.0,0.0,0.11,21,False
LS_10,OLR1,OLR1,0.13,0.0,0.0,0.34,21,False
LS_10,OMG,OMG,0.88,0.0,0.19,0.56,21,False
LS_10,OPALIN,OPALIN,0.38,0.0,0.37,0.0,21,False
LS_10,OPCML,OPCML,0.0,0.0,0.0,0.0,21,False
LS_10,OPN1SW,OPN1SW,0.57,0.0,0.19,0.0,21,False
LS_10,OPN3,OPN3,17.37,28.57,6.85,9.83,21,False
LS_10,OPRD1,OPRD1,0.0,0.0,0.0,0.0,21,False
LS_10,OPRK1,OPRK1,0.06,0.0,0.0,0.0,21,False
LS_10,OPRL1,OPRL1,4.36,0.0,3.89,2.03,21,False
LS_10,OPRM1,OPRM1,0.0,0.0,0.0,0.0,21,False
LS_10,OR10A2,OR10A2,0.06,0.0,0.37,0.0,21,False
LS_10,OR10A4,OR10A4,0.0,0.0,0.0,0.0,21,False
LS_10,OR10A5,OR10A5,0.0,0.0,0.0,0.0,21,False
LS_10,OR10AD1,OR10AD1,0.0,0.0,0.0,0.0,21,False
LS_10,OR10G3,OR10G3,0.0,0.0,0.0,0.0,21,False
LS_10,OR10H1,OR10H1,0.32,0.0,0.37,0.0,21,False
LS_10,OR10H5,OR10H5,0.06,0.0,0.0,0.11,21,False
LS_10,OR10K1,OR10K1,0.0,0.0,0.0,0.0,21,False
LS_10,OR10X1,OR10X1,0.0,0.0,0.0,0.0,21,False
LS_10,OR10Z1,OR10Z1,0.06,0.0,0.0,0.0,21,False
LS_10,OR11G2,OR11G2,0.0,0.0,0.0,0.11,21,False
LS_10,OR11H4,OR11H4,0.0,0.0,0.0,0.0,21,False
LS_10,OR11L1,OR11L1,0.13,0.0,0.0,0.0,21,False
LS_10,OR13A1,OR13A1,0.0,0.0,0.0,0.0,21,False
LS_10,OR13C2,OR13C2,0.0,0.0,0.0,0.0,21,False
LS_10,OR13C3,OR13C3,0.0,0.0,0.0,0.0,21,False
LS_10,OR13C4,OR13C4,0.0,0.0,0.0,0.0,21,False
LS_10,OR13C5,OR13C5,0.0,0.0,0.0,0.11,21,False
LS_10,OR13C9,OR13C9,0.0,0.0,0.0,0.0,21,False
LS_10,OR13D1,OR13D1,0.0,0.0,0.0,0.0,21,False
LS_10,OR13F1,OR13F1,0.0,0.0,0.0,0.0,21,False
LS_10,OR13G1,OR13G1,0.06,0.0,0.0,0.0,21,False
LS_10,OR14A16,OR14A16,0.0,0.0,0.0,0.0,21,False
LS_10,OR14A2,OR14A2,0.0,0.0,0.0,0.0,21,False
LS_10,OR14J1,OR14J1,0.0,0.0,0.0,0.0,21,False
LS_10,OR14K1,OR14K1,0.0,0.0,0.0,0.0,21,False
LS_10,OR1A1,OR1A1,0.0,0.0,0.0,0.0,21,False
LS_10,OR1B1,OR1B1,0.0,0.0,0.0,0.0,21,False
LS_10,OR1C1,OR1C1,0.13,0.0,0.19,0.0,21,False
LS_10,OR1G1,OR1G1,0.0,0.0,0.0,0.0,21,False
LS_10,OR1I1,OR1I1,0.0,0.0,0.0,0.0,21,False
LS_10,OR1K1,OR1K1,0.0,0.0,0.0,0.0,21,False
LS_10,OR1L3,OR1L3,0.0,0.0,0.0,0.0,21,False
LS_10,OR1L6,OR1L6,0.0,0.0,0.0,0.0,21,False
LS_10,OR1L8,OR1L8,0.0,0.0,0.0,0.0,21,False
LS_10,OR1N1,OR1N1,0.0,0.0,0.0,0.0,21,False
LS_10,OR1N2,OR1N2,0.0,0.0,0.0,0.0,21,False
LS_10,OR2A1,OR2A1,0.0,0.0,0.0,0.0,21,False
LS_10,OR2A7,OR2A7,0.06,0.0,0.0,0.0,21,False
LS_10,OR2AE1,OR2AE1,0.0,0.0,0.0,0.0,21,False
LS_10,OR2AG1,OR2AG1,0.0,0.0,0.0,0.0,21,False
LS_10,OR2AG2,OR2AG2,0.13,0.0,0.0,0.11,21,False
LS_10,OR2AJ1,OR2AJ1,0.06,0.0,0.0,0.0,21,False
LS_10,OR2AK2,OR2AK2,0.32,0.0,0.56,0.0,21,False
LS_10,OR2AT4,OR2AT4,0.0,0.0,0.0,0.0,21,False
LS_10,OR2B11,OR2B11,0.76,0.0,0.37,0.23,21,False
LS_10,OR2B2,OR2B2,0.0,0.0,0.0,0.0,21,False
LS_10,OR2B6,OR2B6,0.0,0.0,0.0,0.0,21,False
LS_10,OR2C1,OR2C1,0.0,0.0,0.0,0.0,21,False
LS_10,OR2C3,OR2C3,0.0,0.0,0.19,0.0,21,False
LS_10,OR2D2,OR2D2,0.19,0.0,0.37,0.11,21,False
LS_10,OR2D3,OR2D3,0.06,0.0,0.19,0.0,21,False
LS_10,OR2G3,OR2G3,0.0,0.0,0.0,0.0,21,False
LS_10,OR2G6,OR2G6,0.0,0.0,0.0,0.0,21,False
LS_10,OR2H2,OR2H2,0.0,0.0,0.0,0.0,21,False
LS_10,OR2I1P,OR2I1P,0.0,0.0,0.0,0.0,21,False
LS_10,OR2L13,OR2L13,0.25,0.0,1.11,0.11,21,False
LS_10,OR2L2,OR2L2,0.38,0.0,1.3,0.0,21,False
LS_10,OR2L3,OR2L3,0.0,0.0,0.19,0.0,21,False
LS_10,OR2L5,OR2L5,0.0,0.0,0.37,0.11,21,False
LS_10,OR2L8,OR2L8,0.0,0.0,0.0,0.0,21,False
LS_10,OR2M3,OR2M3,0.0,0.0,0.0,0.0,21,False
LS_10,OR2M4,OR2M4,0.06,0.0,0.0,0.0,21,False
LS_10,OR2T11,OR2T11,0.0,0.0,0.0,0.0,21,False
LS_10,OR2T12,OR2T12,0.0,0.0,0.0,0.0,21,False
LS_10,OR2T2,OR2T2,0.0,0.0,0.0,0.0,21,False
LS_10,OR2T33,OR2T33,0.19,0.0,0.19,0.0,21,False
LS_10,OR2T4,OR2T4,0.0,0.0,0.0,0.0,21,False
LS_10,OR2T8,OR2T8,0.51,0.0,0.19,0.11,21,False
LS_10,OR2V1,OR2V1,0.32,0.0,0.0,0.0,21,False
LS_10,OR2W3,OR2W3,0.63,0.0,0.37,0.11,21,False
LS_10,OR3A1,OR3A1,0.25,0.0,0.0,0.0,21,False
LS_10,OR3A2,OR3A2,1.33,0.0,0.19,0.0,21,False
LS_10,OR3A3,OR3A3,0.0,0.0,0.0,0.11,21,False
LS_10,OR4D1,OR4D1,1.07,0.0,2.96,0.23,21,False
LS_10,OR4D9,OR4D9,0.0,0.0,0.0,0.0,21,False
LS_10,OR51B2,OR51B2,0.0,0.0,0.0,0.0,21,False
LS_10,OR51B4,OR51B4,0.0,0.0,0.0,0.0,21,False
LS_10,OR51B5,OR51B5,0.0,0.0,0.0,0.0,21,False
LS_10,OR51I1,OR51I1,0.0,0.0,0.0,0.0,21,False
LS_10,OR51I2,OR51I2,0.06,0.0,0.0,0.0,21,False
LS_10,OR51M1,OR51M1,0.0,0.0,0.0,0.0,21,False
LS_10,OR51Q1,OR51Q1,0.0,0.0,0.0,0.11,21,False
LS_10,OR51V1,OR51V1,0.0,0.0,0.0,0.0,21,False
LS_10,OR52A1,OR52A1,0.0,0.0,0.0,0.0,21,False
LS_10,OR52A5,OR52A5,0.0,0.0,0.0,0.0,21,False
LS_10,OR52B6,OR52B6,0.0,0.0,0.0,0.0,21,False
LS_10,OR52D1,OR52D1,0.0,0.0,0.0,0.0,21,False
LS_10,OR52H1,OR52H1,0.0,0.0,0.0,0.0,21,False
LS_10,OR52I1,OR52I1,0.0,0.0,0.0,0.0,21,False
LS_10,OR52I2,OR52I2,0.0,0.0,0.0,0.0,21,False
LS_10,OR52K1,OR52K1,0.0,0.0,0.0,0.0,21,False
LS_10,OR52K2,OR52K2,0.06,0.0,0.0,0.0,21,False
LS_10,OR52N1,OR52N1,0.06,0.0,0.0,0.0,21,False
LS_10,OR52N2,OR52N2,0.25,0.0,0.56,0.0,21,False
LS_10,OR52N4,OR52N4,0.06,0.0,0.0,0.0,21,False
LS_10,OR52N5,OR52N5,0.0,0.0,0.37,0.0,21,False
LS_10,OR56A4,OR56A4,0.0,0.0,0.0,0.0,21,False
LS_10,OR56B1,OR56B1,0.06,0.0,0.0,0.0,21,False
LS_10,OR5AN1,OR5AN1,0.06,0.0,0.0,0.0,21,False
LS_10,OR5AS1,OR5AS1,0.06,0.0,0.0,0.0,21,False
LS_10,OR5AU1,OR5AU1,0.0,0.0,0.0,0.0,21,False
LS_10,OR5B12,OR5B12,0.06,0.0,0.0,0.0,21,False
LS_10,OR5B2,OR5B2,0.0,0.0,0.0,0.0,21,False
LS_10,OR5B21,OR5B21,0.0,0.0,0.0,0.0,21,False
LS_10,OR5H1,OR5H1,0.0,0.0,0.0,0.0,21,False
LS_10,OR5H14,OR5H14,0.0,0.0,0.0,0.0,21,False
LS_10,OR5K2,OR5K2,0.0,0.0,0.0,0.0,21,False
LS_10,OR6A2,OR6A2,0.06,0.0,0.37,0.0,21,False
LS_10,OR6C2,OR6C2,0.0,0.0,0.0,0.0,21,False
LS_10,OR6C75,OR6C75,0.0,0.0,0.0,0.0,21,False
LS_10,OR6F1,OR6F1,0.0,0.0,0.0,0.0,21,False
LS_10,OR6J1,OR6J1,0.13,0.0,0.0,0.0,21,False
LS_10,OR6K3,OR6K3,0.0,0.0,0.0,0.0,21,False
LS_10,OR6N1,OR6N1,0.0,0.0,0.0,0.0,21,False
LS_10,OR6P1,OR6P1,0.0,0.0,0.0,0.0,21,False
LS_10,OR6V1,OR6V1,0.0,0.0,0.0,0.0,21,False
LS_10,OR6Y1,OR6Y1,0.0,0.0,0.0,0.0,21,False
LS_10,OR7A17,OR7A17,0.0,0.0,0.0,0.0,21,False
LS_10,OR7A5,OR7A5,0.0,0.0,0.0,0.0,21,False
LS_10,OR7C1,OR7C1,0.06,0.0,0.0,0.0,21,False
LS_10,OR7D2,OR7D2,0.25,0.0,0.0,0.0,21,False
LS_10,OR8D4,OR8D4,0.0,0.0,0.0,0.0,21,False
LS_10,OR8G5,OR8G5,0.0,0.0,0.0,0.0,21,False
LS_10,OR9A4,OR9A4,0.06,0.0,0.0,0.0,21,False
LS_10,OSMR,OSMR,0.06,0.0,0.0,0.0,21,False
LS_10,OSTM1,OSTM1,13.2,9.52,6.67,5.31,21,False
LS_10,OTOA,OTOA,0.25,0.0,0.56,1.36,21,False
LS_10,OTOP2,OTOP2,0.0,0.0,0.0,0.0,21,False
LS_10,OXER1,OXER1,1.52,0.0,0.74,1.13,21,False
LS_10,OXTR,OXTR,1.33,0.0,0.19,0.11,21,False
LS_10,P2RX2,P2RX2,0.0,0.0,0.0,0.0,21,False
LS_10,P2RX3,P2RX3,0.0,0.0,0.0,0.11,21,False
LS_10,P2RX6,P2RX6,0.13,0.0,0.74,0.11,21,False
LS_10,P2RX7,P2RX7,6.51,0.0,5.93,8.25,21,False
LS_10,P2RY1,P2RY1,6.63,0.0,4.26,1.58,21,False
LS_10,P2RY10,P2RY10,2.84,4.76,1.11,0.23,21,False
LS_10,P2RY11,P2RY11,4.93,0.0,2.96,4.75,21,False
LS_10,P2RY12,P2RY12,0.19,0.0,0.0,0.0,21,False
LS_10,P2RY13,P2RY13,3.54,4.76,2.22,5.88,21,False
LS_10,P2RY14,P2RY14,1.71,0.0,1.48,0.23,21,False
LS_10,P2RY4,P2RY4,0.0,0.0,0.0,0.0,21,False
LS_10,P2RY6,P2RY6,0.25,0.0,0.0,1.02,21,False
LS_10,PANX1,PANX1,12.95,19.05,8.33,5.2,21,False
LS_10,PANX2,PANX2,1.26,0.0,0.74,0.23,21,False
LS_10,PARM1,PARM1,0.06,0.0,0.37,0.11,21,False
LS_10,PCDH1,PCDH1,0.0,0.0,0.0,0.0,21,False
LS_10,PCDH10,PCDH10,0.32,0.0,0.0,0.0,21,False
LS_10,PCDH11X,PCDH11X,0.0,0.0,0.0,0.0,21,False
LS_10,PCDH11Y,PCDH11Y,0.0,0.0,0.0,0.0,21,False
LS_10,PCDH12,PCDH12,0.13,0.0,0.19,0.11,21,False
LS_10,PCDH15,PCDH15,0.69,0.0,0.0,0.0,21,False
LS_10,PCDH18,PCDH18,0.0,0.0,0.0,0.0,21,False
LS_10,PCDH20,PCDH20,0.0,0.0,0.19,0.0,21,False
LS_10,PCDH7,PCDH7,0.13,0.0,0.0,0.0,21,False
LS_10,PCDH8,PCDH8,0.06,0.0,0.19,0.0,21,False
LS_10,PCDHA10,PCDHA10,0.0,0.0,0.0,0.0,21,False
LS_10,PCDHA11,PCDHA11,0.0,0.0,0.0,0.0,21,False
LS_10,PCDHA12,PCDHA12,0.0,0.0,0.0,0.0,21,False
LS_10,PCDHA4,PCDHA4,0.0,0.0,0.0,0.0,21,False
LS_10,PCDHA9,PCDHA9,0.0,0.0,0.0,0.0,21,False
LS_10,PCDHB1,PCDHB1,0.0,0.0,0.0,0.0,21,False
LS_10,PCDHB10,PCDHB10,0.0,0.0,0.0,0.0,21,False
LS_10,PCDHB11,PCDHB11,0.0,0.0,0.0,0.0,21,False
LS_10,PCDHB12,PCDHB12,0.0,0.0,0.0,0.0,21,False
LS_10,PCDHB13,PCDHB13,0.0,0.0,0.0,0.0,21,False
LS_10,PCDHB14,PCDHB14,0.06,0.0,0.0,0.0,21,False
LS_10,PCDHB15,PCDHB15,0.0,0.0,0.0,0.0,21,False
LS_10,PCDHB16,PCDHB16,0.0,0.0,0.0,0.0,21,False
LS_10,PCDHB2,PCDHB2,0.0,0.0,0.0,0.0,21,False
LS_10,PCDHB5,PCDHB5,0.0,0.0,0.0,0.0,21,False
LS_10,PCDHB8,PCDHB8,0.0,0.0,0.0,0.0,21,False
LS_10,PCDHB9,PCDHB9,0.06,0.0,0.0,0.0,21,False
LS_10,PCDHGA1,PCDHGA1,0.0,0.0,0.0,0.0,21,False
LS_10,PCDHGA10,PCDHGA10,0.38,0.0,0.19,0.34,21,False
LS_10,PCDHGA11,PCDHGA11,0.88,0.0,0.19,0.0,21,False
LS_10,PCDHGA12,PCDHGA12,0.38,0.0,0.56,0.11,21,False
LS_10,PCDHGA2,PCDHGA2,0.0,0.0,0.0,0.0,21,False
LS_10,PCDHGA3,PCDHGA3,0.0,0.0,0.0,0.0,21,False
LS_10,PCDHGA4,PCDHGA4,0.06,0.0,0.0,0.0,21,False
LS_10,PCDHGA5,PCDHGA5,0.38,0.0,0.0,0.0,21,False
LS_10,PCDHGA6,PCDHGA6,0.69,0.0,0.74,0.11,21,False
LS_10,PCDHGA7,PCDHGA7,0.25,0.0,0.0,0.0,21,False
LS_10,PCDHGA8,PCDHGA8,0.51,0.0,0.0,0.11,21,False
LS_10,PCDHGA9,PCDHGA9,0.06,0.0,0.19,0.0,21,False
LS_10,PCDHGB1,PCDHGB1,0.13,0.0,0.19,0.0,21,False
LS_10,PCDHGB2,PCDHGB2,0.82,0.0,0.56,0.11,21,False
LS_10,PCDHGB3,PCDHGB3,0.25,0.0,0.19,0.11,21,False
LS_10,PCDHGB4,PCDHGB4,0.32,0.0,0.0,0.23,21,False
LS_10,PCDHGB5,PCDHGB5,0.25,0.0,0.0,0.0,21,False
LS_10,PCDHGB6,PCDHGB6,0.32,0.0,0.0,0.0,21,False
LS_10,PCDHGB7,PCDHGB7,0.57,0.0,0.56,0.0,21,False
LS_10,PCDHGC3,PCDHGC3,1.9,0.0,0.0,0.56,21,False
LS_10,PCDHGC4,PCDHGC4,0.06,0.0,0.0,0.0,21,False
LS_10,PCDHGC5,PCDHGC5,0.06,0.0,0.0,0.0,21,False
LS_10,PCSK5,PCSK5,1.01,0.0,1.85,1.13,21,False
LS_10,PDCD1,PDCD1,0.32,0.0,0.0,0.0,21,False
LS_10,PDCD1LG2,PDCD1LG2,0.0,0.0,0.37,0.0,21,False
LS_10,PDGFRA,PDGFRA,0.13,0.0,0.19,0.0,21,False
LS_10,PDGFRB,PDGFRB,2.21,4.76,0.0,0.45,21,False
LS_10,PEAR1,PEAR1,2.34,0.0,4.07,0.34,21,False
LS_10,PGAP1,PGAP1,4.17,0.0,2.59,0.68,21,False
LS_10,PHEX,PHEX,0.06,0.0,0.0,0.0,21,False
LS_10,PI16,PI16,0.19,0.0,0.0,0.0,21,False
LS_10,PIEZO2,PIEZO2,7.71,14.29,0.74,0.45,21,False
LS_10,PIGO,PIGO,18.32,47.62,10.0,6.21,21,False
LS_10,PIGR,PIGR,0.06,0.0,0.0,0.11,21,False
LS_10,PIK3IP1,PIK3IP1,4.23,0.0,7.41,1.69,21,False
LS_10,PKD1L1,PKD1L1,0.19,0.0,0.0,0.0,21,False
LS_10,PKD1L3,PKD1L3,0.25,0.0,0.0,0.23,21,False
LS_10,PKD2L1,PKD2L1,0.0,0.0,0.0,0.0,21,False
LS_10,PKDREJ,PKDREJ,0.13,0.0,0.0,0.23,21,False
LS_10,PKHD1,PKHD1,0.0,0.0,0.0,0.0,21,False
LS_10,PKHD1L1,PKHD1L1,0.06,0.0,0.0,0.0,21,False
LS_10,PLA2R1,PLA2R1,0.13,0.0,0.93,0.0,21,False
LS_10,PLD5,PLD5,0.0,0.0,0.0,0.0,21,False
LS_10,PLET1,PLET1,0.0,0.0,0.0,0.0,21,False
LS_10,PLP1,PLP1,0.06,0.0,0.37,0.0,21,False
LS_10,PLVAP,PLVAP,0.88,0.0,0.37,0.11,21,False
LS_10,PLXDC1,PLXDC1,0.13,0.0,0.0,0.11,21,False
LS_10,PLXNA1,PLXNA1,0.69,0.0,0.0,0.23,21,False
LS_10,PLXNA2,PLXNA2,1.96,0.0,0.0,0.23,21,False
LS_10,PLXNA3,PLXNA3,3.47,0.0,1.3,1.58,21,False
LS_10,PLXNA4,PLXNA4,0.19,0.0,0.0,0.0,21,False
LS_10,PLXNB1,PLXNB1,3.47,0.0,4.26,1.36,21,False
LS_10,PLXNB3,PLXNB3,0.19,0.0,0.0,0.0,21,False
LS_10,PMEL,PMEL,1.01,0.0,0.56,0.23,21,False
LS_10,PMEPA1,PMEPA1,3.41,0.0,5.74,0.56,21,False
LS_10,PODXL,PODXL,1.58,0.0,1.3,0.23,21,False
LS_10,PRLHR,PRLHR,0.0,0.0,0.0,0.0,21,False
LS_10,PRLR,PRLR,1.2,4.76,0.19,4.29,21,False
LS_10,PRND,PRND,0.0,0.0,0.0,0.0,21,False
LS_10,PROCR,PROCR,3.28,0.0,2.04,2.03,21,False
LS_10,PROKR1,PROKR1,0.06,0.0,0.0,0.0,21,False
LS_10,PROKR2,PROKR2,0.0,0.0,0.0,0.0,21,False
LS_10,PROM2,PROM2,0.13,0.0,0.0,0.11,21,False
LS_10,PRPH2,PRPH2,0.13,0.0,0.0,0.0,21,False
LS_10,PRRT3,PRRT3,3.85,0.0,7.04,1.02,21,False
LS_10,PRSS41,PRSS41,0.0,0.0,0.0,0.0,21,False
LS_10,PRSS8,PRSS8,0.0,0.0,0.0,0.23,21,False
LS_10,PRTG,PRTG,0.0,0.0,0.74,0.0,21,False
LS_10,PSCA,PSCA,0.57,0.0,0.0,0.11,21,False
LS_10,PSEN2,PSEN2,2.15,0.0,4.26,1.24,21,False
LS_10,PTCH1,PTCH1,0.88,0.0,0.0,0.0,21,False
LS_10,PTCHD1,PTCHD1,0.0,0.0,0.0,0.0,21,False
LS_10,PTCHD4,PTCHD4,0.0,0.0,0.19,0.0,21,False
LS_10,PTCRA,PTCRA,1.64,4.76,0.0,0.23,21,False
LS_10,PTGDR,PTGDR,0.32,0.0,0.19,0.0,21,False
LS_10,PTGDR2,PTGDR2,1.64,0.0,3.15,0.11,21,False
LS_10,PTGER1,PTGER1,3.22,0.0,0.19,0.45,21,False
LS_10,PTGER3,PTGER3,0.06,0.0,0.19,0.23,21,False
LS_10,PTGFR,PTGFR,0.19,0.0,0.0,0.0,21,False
LS_10,PTGFRN,PTGFRN,4.04,0.0,0.19,1.24,21,False
LS_10,PTGIR,PTGIR,9.79,19.05,2.59,7.8,21,False
LS_10,PTH1R,PTH1R,0.13,0.0,0.0,0.11,21,False
LS_10,PTH2R,PTH2R,11.69,19.05,0.19,1.92,21,False
LS_10,PTPRB,PTPRB,0.19,0.0,0.19,0.11,21,False
LS_10,PTPRD,PTPRD,1.64,4.76,2.96,0.34,21,False
LS_10,PTPRF,PTPRF,1.71,0.0,0.37,0.11,21,False
LS_10,PTPRG,PTPRG,0.13,0.0,0.0,0.0,21,False
LS_10,PTPRH,PTPRH,0.32,0.0,0.0,0.11,21,False
LS_10,PTPRK,PTPRK,0.25,0.0,0.37,0.0,21,False
LS_10,PTPRM,PTPRM,9.03,9.52,6.3,2.26,21,False
LS_10,PTPRN,PTPRN,0.06,0.0,0.0,0.0,21,False
LS_10,PTPRN2,PTPRN2,5.43,9.52,1.85,0.79,21,False
LS_10,PTPRO,PTPRO,1.83,0.0,0.19,0.79,21,False
LS_10,PTPRR,PTPRR,0.0,0.0,0.0,0.0,21,False
LS_10,PTPRS,PTPRS,3.6,0.0,0.74,0.11,21,False
LS_10,PTPRU,PTPRU,0.13,0.0,0.0,0.0,21,False
LS_10,PVR,PVR,8.78,9.52,7.04,2.03,21,False
LS_10,QRFPR,QRFPR,0.19,0.0,0.0,0.0,21,False
LS_10,QSOX2,QSOX2,11.88,14.29,7.22,3.62,21,False
LS_10,RAET1E,RAET1E,0.38,0.0,0.19,0.23,21,False
LS_10,RAET1G,RAET1G,0.06,0.0,0.0,0.0,21,False
LS_10,RAMP2,RAMP2,0.44,0.0,0.19,0.11,21,False
LS_10,RAMP3,RAMP3,0.0,0.0,0.0,0.0,21,False
LS_10,RECK,RECK,9.98,14.29,6.67,4.86,21,False
LS_10,RET,RET,2.15,0.0,0.19,1.58,21,False
LS_10,RGMA,RGMA,0.69,0.0,3.7,0.79,21,False
LS_10,RGMB,RGMB,0.06,0.0,0.0,0.0,21,False
LS_10,RHAG,RHAG,0.13,0.0,0.37,0.23,21,False
LS_10,RHBDF2,RHBDF2,11.37,14.29,5.74,8.59,21,False
LS_10,RHBDL2,RHBDL2,0.06,0.0,0.0,0.0,21,False
LS_10,RHO,RHO,0.0,0.0,0.0,0.0,21,False
LS_10,RNF150,RNF150,0.06,0.0,4.26,0.11,21,False
LS_10,RNF43,RNF43,1.52,0.0,0.74,0.56,21,False
LS_10,ROBO1,ROBO1,4.74,9.52,2.96,0.34,21,False
LS_10,ROBO2,ROBO2,0.76,0.0,0.19,0.0,21,False
LS_10,ROR1,ROR1,0.0,0.0,0.19,0.0,21,False
LS_10,ROR2,ROR2,0.32,0.0,0.37,0.0,21,False
LS_10,RPRM,RPRM,0.0,0.0,0.0,0.0,21,False
LS_10,RPRML,RPRML,0.51,0.0,0.0,0.0,21,False
LS_10,RRH,RRH,0.06,0.0,0.0,0.0,21,False
LS_10,RTN4RL1,RTN4RL1,0.38,0.0,0.0,0.11,21,False
LS_10,RTN4RL2,RTN4RL2,1.14,0.0,2.04,2.6,21,False
LS_10,RXFP1,RXFP1,8.72,14.29,2.59,5.42,21,False
LS_10,RXFP2,RXFP2,0.0,0.0,0.0,0.0,21,False
LS_10,RXFP4,RXFP4,0.19,0.0,0.0,0.0,21,False
LS_10,S1PR1,S1PR1,1.9,0.0,0.74,0.45,21,False
LS_10,S1PR2,S1PR2,0.51,0.0,0.37,0.34,21,False
LS_10,S1PR3,S1PR3,0.95,0.0,0.19,1.81,21,False
LS_10,S1PR5,S1PR5,0.13,0.0,0.37,0.0,21,False
LS_10,SCARA5,SCARA5,0.0,0.0,0.0,0.0,21,False
LS_10,SCARF2,SCARF2,0.88,0.0,0.56,0.56,21,False
LS_10,SCN11A,SCN11A,0.25,0.0,0.0,0.11,21,False
LS_10,SCN1B,SCN1B,10.74,23.81,1.67,2.49,21,False
LS_10,SCN2A,SCN2A,1.33,4.76,0.19,0.0,21,False
LS_10,SCN3A,SCN3A,0.25,0.0,0.37,0.11,21,False
LS_10,SCN3B,SCN3B,0.0,0.0,0.19,0.11,21,False
LS_10,SCN4A,SCN4A,0.25,0.0,0.93,0.11,21,False
LS_10,SCN4B,SCN4B,0.13,0.0,0.0,0.11,21,False
LS_10,SCN5A,SCN5A,0.0,0.0,0.0,0.0,21,False
LS_10,SCN7A,SCN7A,0.0,0.0,0.19,0.0,21,False
LS_10,SCN8A,SCN8A,1.07,0.0,1.3,0.0,21,False
LS_10,SCN9A,SCN9A,2.27,4.76,9.44,0.68,21,False
LS_10,SCNN1A,SCNN1A,0.44,0.0,0.37,0.23,21,False
LS_10,SCNN1B,SCNN1B,0.0,0.0,0.0,0.0,21,False
LS_10,SCNN1D,SCNN1D,3.28,0.0,1.48,1.81,21,False
LS_10,SDC1,SDC1,0.32,0.0,0.0,0.0,21,False
LS_10,SDC2,SDC2,1.2,9.52,0.0,0.11,21,False
LS_10,SDK1,SDK1,0.19,0.0,0.0,0.0,21,False
LS_10,SECTM1,SECTM1,0.88,0.0,1.11,1.47,21,False
LS_10,SELE,SELE,0.0,0.0,0.0,0.0,21,False
LS_10,SELP,SELP,3.73,4.76,1.11,0.11,21,False
LS_10,SEMA4B,SEMA4B,7.45,9.52,2.96,3.05,21,False
LS_10,SEMA4C,SEMA4C,5.87,0.0,3.33,2.15,21,False
LS_10,SEMA4F,SEMA4F,1.01,0.0,1.85,0.11,21,False
LS_10,SEMA4G,SEMA4G,0.13,0.0,0.37,0.0,21,False
LS_10,SEMA5A,SEMA5A,0.06,0.0,0.0,0.0,21,False
LS_10,SEMA5B,SEMA5B,0.44,0.0,0.37,0.0,21,False
LS_10,SEMA6A,SEMA6A,0.63,0.0,0.37,0.11,21,False
LS_10,SEMA6B,SEMA6B,1.96,0.0,0.0,1.92,21,False
LS_10,SEMA6C,SEMA6C,1.52,0.0,2.22,0.45,21,False
LS_10,SEMA6D,SEMA6D,0.0,0.0,0.0,0.0,21,False
LS_10,SEMA7A,SEMA7A,2.59,0.0,2.41,0.45,21,False
LS_10,SERINC2,SERINC2,3.98,4.76,0.19,1.92,21,False
LS_10,SERINC4,SERINC4,0.88,0.0,1.48,0.34,21,False
LS_10,SERINC5,SERINC5,18.13,33.33,7.04,6.44,21,False
LS_10,SEZ6,SEZ6,0.32,0.0,0.19,0.11,21,False
LS_10,SEZ6L2,SEZ6L2,2.08,4.76,0.37,0.56,21,False
LS_10,SGCA,SGCA,0.25,0.0,0.37,0.11,21,False
LS_10,SGCB,SGCB,1.39,0.0,1.11,0.56,21,False
LS_10,SGCD,SGCD,0.0,0.0,0.0,0.0,21,False
LS_10,SGCE,SGCE,0.0,0.0,0.0,0.0,21,False
LS_10,SGCZ,SGCZ,0.0,0.0,0.37,0.0,21,False
LS_10,SHISA4,SHISA4,0.38,0.0,0.37,0.0,21,False
LS_10,SHISA7,SHISA7,0.19,0.0,0.0,0.11,21,False
LS_10,SHISA8,SHISA8,0.06,0.0,0.19,0.11,21,False
LS_10,SHISA9,SHISA9,0.0,0.0,0.0,0.11,21,False
LS_10,SIDT1,SIDT1,6.0,0.0,7.04,3.16,21,False
LS_10,SIDT2,SIDT2,5.69,0.0,5.0,4.75,21,False
LS_10,SIGLEC1,SIGLEC1,0.51,0.0,0.0,0.79,21,False
LS_10,SIGLEC10,SIGLEC10,5.24,9.52,5.56,3.73,21,False
LS_10,SIGLEC11,SIGLEC11,0.0,0.0,0.0,1.13,21,False
LS_10,SIGLEC12,SIGLEC12,18.19,38.1,0.19,5.42,21,False
LS_10,SIGLEC14,SIGLEC14,0.63,0.0,0.37,1.92,21,False
LS_10,SIGLEC15,SIGLEC15,2.46,0.0,1.3,0.79,21,False
LS_10,SIGLEC5,SIGLEC5,1.96,0.0,0.19,1.58,21,False
LS_10,SIGLEC6,SIGLEC6,3.79,4.76,0.37,0.56,21,False
LS_10,SIGLEC7,SIGLEC7,1.64,0.0,0.19,2.94,21,False
LS_10,SIGLEC8,SIGLEC8,0.25,0.0,0.0,0.0,21,False
LS_10,SIGLEC9,SIGLEC9,1.64,0.0,0.0,8.81,21,False
LS_10,SIGLECL1,SIGLECL1,0.0,0.0,0.19,0.0,21,False
LS_10,SIRPG,SIRPG,0.25,0.0,0.19,0.11,21,False
LS_10,SIT1,SIT1,1.58,0.0,0.19,1.47,21,False
LS_10,SLAMF1,SLAMF1,0.38,0.0,0.0,0.23,21,False
LS_10,SLAMF6,SLAMF6,4.04,0.0,0.0,0.45,21,False
LS_10,SLAMF7,SLAMF7,0.13,0.0,0.0,0.11,21,False
LS_10,SLAMF8,SLAMF8,0.19,0.0,0.19,0.45,21,False
LS_10,SLAMF9,SLAMF9,0.0,0.0,0.19,0.23,21,False
LS_10,SLC10A1,SLC10A1,0.32,0.0,0.19,0.11,21,False
LS_10,SLC10A2,SLC10A2,0.0,0.0,0.0,0.11,21,False
LS_10,SLC10A4,SLC10A4,0.19,0.0,0.0,0.11,21,False
LS_10,SLC10A5,SLC10A5,0.32,0.0,1.3,0.11,21,False
LS_10,SLC10A6,SLC10A6,0.0,0.0,0.0,0.0,21,False
LS_10,SLC11A2,SLC11A2,13.39,19.05,9.44,4.29,21,False
LS_10,SLC12A1,SLC12A1,0.0,0.0,0.0,0.0,21,False
LS_10,SLC12A3,SLC12A3,0.13,0.0,0.0,0.0,21,False
LS_10,SLC12A4,SLC12A4,9.41,4.76,5.37,3.95,21,False
LS_10,SLC12A5,SLC12A5,8.97,23.81,3.33,1.13,21,False
LS_10,SLC12A8,SLC12A8,0.13,0.0,0.0,0.11,21,False
LS_10,SLC13A3,SLC13A3,0.32,0.0,0.0,0.0,21,False
LS_10,SLC13A4,SLC13A4,0.0,0.0,0.0,0.0,21,False
LS_10,SLC14A1,SLC14A1,2.97,4.76,0.56,0.11,21,False
LS_10,SLC14A2,SLC14A2,0.06,0.0,0.0,0.11,21,False
LS_10,SLC15A2,SLC15A2,11.81,19.05,3.15,5.99,21,False
LS_10,SLC15A3,SLC15A3,0.51,0.0,0.37,5.31,21,False
LS_10,SLC15A5,SLC15A5,0.0,0.0,0.0,0.0,21,False
LS_10,SLC16A4,SLC16A4,0.95,0.0,0.19,0.23,21,False
LS_10,SLC16A5,SLC16A5,4.99,0.0,3.33,3.39,21,False
LS_10,SLC16A6,SLC16A6,0.19,0.0,0.37,0.79,21,False
LS_10,SLC16A8,SLC16A8,0.19,0.0,0.19,0.23,21,False
LS_10,SLC17A5,SLC17A5,8.34,4.76,5.56,4.41,21,False
LS_10,SLC17A7,SLC17A7,0.06,0.0,0.0,0.0,21,False
LS_10,SLC18A1,SLC18A1,0.13,0.0,0.0,0.0,21,False
LS_10,SLC18A2,SLC18A2,8.02,14.29,7.22,0.56,21,False
LS_10,SLC19A2,SLC19A2,5.75,0.0,6.3,4.41,21,False
LS_10,SLC1A1,SLC1A1,0.0,0.0,0.0,0.0,21,False
LS_10,SLC1A2,SLC1A2,0.06,0.0,0.0,0.11,21,False
LS_10,SLC1A3,SLC1A3,8.59,4.76,1.85,8.59,21,False
LS_10,SLC1A7,SLC1A7,0.13,0.0,0.0,0.11,21,False
LS_10,SLC20A2,SLC20A2,15.92,23.81,9.81,6.1,21,False
LS_10,SLC22A1,SLC22A1,0.0,0.0,0.0,0.0,21,False
LS_10,SLC22A11,SLC22A11,0.13,0.0,0.0,0.0,21,False
LS_10,SLC22A13,SLC22A13,0.19,0.0,0.0,0.11,21,False
LS_10,SLC22A14,SLC22A14,0.0,0.0,0.0,0.0,21,False
LS_10,SLC22A15,SLC22A15,2.15,0.0,2.78,6.67,21,False
LS_10,SLC22A23,SLC22A23,0.13,0.0,0.19,0.34,21,False
LS_10,SLC22A4,SLC22A4,8.97,9.52,4.26,7.91,21,False
LS_10,SLC22A5,SLC22A5,5.87,4.76,5.93,3.84,21,False
LS_10,SLC22A7,SLC22A7,0.0,0.0,0.19,0.0,21,False
LS_10,SLC23A1,SLC23A1,0.44,0.0,0.74,0.0,21,False
LS_10,SLC24A2,SLC24A2,0.06,0.0,0.0,0.0,21,False
LS_10,SLC24A3,SLC24A3,12.51,23.81,2.41,3.05,21,False
LS_10,SLC24A4,SLC24A4,2.65,0.0,0.56,4.18,21,False
LS_10,SLC24A5,SLC24A5,0.44,0.0,0.0,0.0,21,False
LS_10,SLC26A1,SLC26A1,0.76,0.0,0.37,0.23,21,False
LS_10,SLC26A2,SLC26A2,17.56,33.33,6.67,6.1,21,False
LS_10,SLC26A3,SLC26A3,0.0,0.0,0.0,0.0,21,False
LS_10,SLC26A4,SLC26A4,0.13,0.0,0.0,0.0,21,False
LS_10,SLC26A5,SLC26A5,0.0,0.0,0.0,0.0,21,False
LS_10,SLC26A6,SLC26A6,14.02,14.29,4.44,6.55,21,False
LS_10,SLC26A8,SLC26A8,1.26,0.0,0.93,1.24,21,False
LS_10,SLC26A9,SLC26A9,0.0,0.0,0.0,0.23,21,False
LS_10,SLC28A1,SLC28A1,0.0,0.0,0.0,0.0,21,False
LS_10,SLC28A2,SLC28A2,0.0,0.0,0.0,0.23,21,False
LS_10,SLC28A3,SLC28A3,2.15,0.0,0.0,2.49,21,False
LS_10,SLC29A2,SLC29A2,3.47,0.0,5.93,1.13,21,False
LS_10,SLC29A4,SLC29A4,1.39,0.0,0.19,0.0,21,False
LS_10,SLC2A1,SLC2A1,15.48,19.05,8.33,3.16,21,False
LS_10,SLC2A10,SLC2A10,0.19,0.0,1.67,0.34,21,False
LS_10,SLC2A12,SLC2A12,1.58,0.0,0.0,0.34,21,False
LS_10,SLC2A13,SLC2A13,6.25,4.76,4.44,2.37,21,False
LS_10,SLC2A14,SLC2A14,0.57,0.0,0.19,0.68,21,False
LS_10,SLC2A4,SLC2A4,0.76,0.0,0.37,0.0,21,False
LS_10,SLC2A6,SLC2A6,4.8,4.76,2.78,2.15,21,False
LS_10,SLC2A7,SLC2A7,0.44,0.0,0.0,0.11,21,False
LS_10,SLC2A8,SLC2A8,6.82,9.52,6.48,2.6,21,False
LS_10,SLC2A9,SLC2A9,6.82,0.0,4.26,9.83,21,False
LS_10,SLC30A1,SLC30A1,8.4,0.0,4.07,4.86,21,False
LS_10,SLC31A1,SLC31A1,13.96,14.29,5.37,9.72,21,False
LS_10,SLC32A1,SLC32A1,0.06,0.0,0.0,0.0,21,False
LS_10,SLC33A1,SLC33A1,14.47,23.81,6.48,5.88,21,False
LS_10,SLC34A1,SLC34A1,0.06,0.0,0.0,0.0,21,False
LS_10,SLC34A2,SLC34A2,0.0,0.0,0.0,0.0,21,False
LS_10,SLC35A5,SLC35A5,14.53,14.29,7.41,3.16,21,False
LS_10,SLC36A1,SLC36A1,9.73,4.76,1.48,8.59,21,False
LS_10,SLC36A3,SLC36A3,0.0,0.0,0.0,0.0,21,False
LS_10,SLC37A2,SLC37A2,0.82,0.0,0.19,4.41,21,False
LS_10,SLC37A3,SLC37A3,1.33,0.0,2.96,0.56,21,False
LS_10,SLC38A11,SLC38A11,0.06,0.0,0.0,0.0,21,False
LS_10,SLC38A4,SLC38A4,0.19,0.0,0.19,0.0,21,False
LS_10,SLC38A8,SLC38A8,0.0,0.0,0.0,0.0,21,False
LS_10,SLC38A9,SLC38A9,14.02,23.81,7.04,3.73,21,False
LS_10,SLC39A14,SLC39A14,7.45,4.76,5.74,2.6,21,False
LS_10,SLC39A2,SLC39A2,0.0,0.0,0.0,0.0,21,False
LS_10,SLC39A5,SLC39A5,0.0,0.0,0.0,0.23,21,False
LS_10,SLC3A1,SLC3A1,1.45,0.0,0.74,0.23,21,False
LS_10,SLC41A1,SLC41A1,0.88,0.0,4.63,0.45,21,False
LS_10,SLC41A2,SLC41A2,0.44,0.0,0.56,0.34,21,False
LS_10,SLC43A2,SLC43A2,2.46,0.0,4.44,2.71,21,False
LS_10,SLC44A3,SLC44A3,1.58,4.76,0.0,0.23,21,False
LS_10,SLC44A4,SLC44A4,1.01,0.0,0.56,0.56,21,False
LS_10,SLC44A5,SLC44A5,0.32,0.0,0.19,0.0,21,False
LS_10,SLC45A2,SLC45A2,0.0,0.0,0.0,0.0,21,False
LS_10,SLC45A4,SLC45A4,3.35,0.0,1.48,1.81,21,False
LS_10,SLC46A1,SLC46A1,1.64,0.0,3.33,1.69,21,False
LS_10,SLC46A2,SLC46A2,0.0,0.0,0.0,0.11,21,False
LS_10,SLC46A3,SLC46A3,9.16,9.52,6.67,2.15,21,False
LS_10,SLC47A1,SLC47A1,0.44,0.0,0.0,0.56,21,False
LS_10,SLC4A1,SLC4A1,0.25,0.0,0.19,0.23,21,False
LS_10,SLC4A10,SLC4A10,0.0,0.0,0.0,0.0,21,False
LS_10,SLC4A4,SLC4A4,0.44,0.0,0.74,0.0,21,False
LS_10,SLC4A5,SLC4A5,0.69,0.0,1.11,0.23,21,False
LS_10,SLC4A8,SLC4A8,2.65,0.0,2.96,0.68,21,False
LS_10,SLC51A,SLC51A,0.06,0.0,0.0,0.0,21,False
LS_10,SLC51B,SLC51B,0.0,0.0,0.0,0.0,21,False
LS_10,SLC52A1,SLC52A1,0.06,0.0,0.0,0.0,21,False
LS_10,SLC52A3,SLC52A3,2.91,0.0,0.19,0.56,21,False
LS_10,SLC5A10,SLC5A10,3.16,4.76,0.74,0.56,21,False
LS_10,SLC5A11,SLC5A11,0.0,0.0,0.0,0.23,21,False
LS_10,SLC5A12,SLC5A12,0.0,0.0,0.0,0.0,21,False
LS_10,SLC5A2,SLC5A2,0.82,0.0,0.93,0.34,21,False
LS_10,SLC5A4,SLC5A4,0.0,0.0,0.0,0.11,21,False
LS_10,SLC5A5,SLC5A5,0.19,0.0,0.74,0.11,21,False
LS_10,SLC5A9,SLC5A9,0.06,0.0,0.0,0.0,21,False
LS_10,SLC6A1,SLC6A1,0.0,0.0,0.0,0.0,21,False
LS_10,SLC6A11,SLC6A11,0.0,0.0,0.0,0.0,21,False
LS_10,SLC6A12,SLC6A12,0.19,0.0,0.0,0.0,21,False
LS_10,SLC6A13,SLC6A13,0.06,0.0,0.0,0.0,21,False
LS_10,SLC6A16,SLC6A16,0.0,0.0,0.74,0.0,21,False
LS_10,SLC6A19,SLC6A19,0.0,0.0,0.0,0.0,21,False
LS_10,SLC6A2,SLC6A2,0.0,0.0,0.37,0.0,21,False
LS_10,SLC6A20,SLC6A20,0.19,0.0,0.0,0.0,21,False
LS_10,SLC6A3,SLC6A3,0.0,0.0,0.0,0.0,21,False
LS_10,SLC6A4,SLC6A4,0.06,0.0,0.19,0.0,21,False
LS_10,SLC6A6,SLC6A6,16.8,23.81,10.0,4.97,21,False
LS_10,SLC6A7,SLC6A7,0.0,0.0,0.0,0.0,21,False
LS_10,SLC6A8,SLC6A8,0.32,0.0,0.74,0.23,21,False
LS_10,SLC6A9,SLC6A9,0.69,0.0,0.0,0.0,21,False
LS_10,SLC7A10,SLC7A10,0.13,0.0,0.0,0.0,21,False
LS_10,SLC7A2,SLC7A2,0.82,0.0,0.0,0.11,21,False
LS_10,SLC7A3,SLC7A3,0.13,0.0,0.56,0.0,21,False
LS_10,SLC7A4,SLC7A4,0.0,0.0,0.0,0.0,21,False
LS_10,SLC7A6,SLC7A6,21.29,52.38,8.7,6.44,21,False
LS_10,SLC7A9,SLC7A9,0.0,0.0,0.19,0.0,21,False
LS_10,SLC8A1,SLC8A1,1.01,0.0,2.59,9.6,21,False
LS_10,SLC8A2,SLC8A2,0.0,0.0,0.19,0.0,21,False
LS_10,SLC8A3,SLC8A3,1.64,0.0,9.26,0.11,21,False
LS_10,SLC8B1,SLC8B1,14.34,23.81,8.33,8.36,21,False
LS_10,SLC9A1,SLC9A1,15.86,33.33,7.41,8.59,21,False
LS_10,SLC9A2,SLC9A2,0.06,0.0,0.0,0.0,21,False
LS_10,SLC9A3,SLC9A3,4.49,0.0,2.04,0.34,21,False
LS_10,SLC9A6,SLC9A6,7.77,0.0,2.96,3.62,21,False
LS_10,SLCO1A2,SLCO1A2,0.06,0.0,0.0,0.0,21,False
LS_10,SLCO1B3,SLCO1B3,0.06,0.0,0.0,0.0,21,False
LS_10,SLCO1C1,SLCO1C1,0.0,0.0,0.0,0.0,21,False
LS_10,SLCO2A1,SLCO2A1,0.63,0.0,0.37,0.11,21,False
LS_10,SLCO2B1,SLCO2B1,0.0,0.0,0.0,0.0,21,False
LS_10,SLCO4A1,SLCO4A1,12.26,14.29,7.59,3.28,21,False
LS_10,SLCO4C1,SLCO4C1,3.47,0.0,0.74,3.05,21,False
LS_10,SLCO5A1,SLCO5A1,11.94,28.57,2.78,1.92,21,False
LS_10,SLITRK4,SLITRK4,4.8,9.52,0.56,1.02,21,False
LS_10,SLITRK5,SLITRK5,0.25,0.0,1.3,0.0,21,False
LS_10,SLITRK6,SLITRK6,1.39,4.76,0.0,0.0,21,False
LS_10,SMO,SMO,4.86,0.0,6.67,0.45,21,False
LS_10,SORCS1,SORCS1,0.63,0.0,0.0,0.0,21,False
LS_10,SORCS2,SORCS2,0.38,0.0,0.0,0.56,21,False
LS_10,SORCS3,SORCS3,0.0,0.0,0.0,0.0,21,False
LS_10,SORT1,SORT1,5.56,4.76,2.59,7.12,21,False
LS_10,SPRN,SPRN,0.0,0.0,0.0,0.0,21,False
LS_10,SSPN,SSPN,3.6,0.0,5.19,1.02,21,False
LS_10,SSTR1,SSTR1,0.13,0.0,0.19,0.0,21,False
LS_10,SSTR2,SSTR2,0.44,0.0,0.19,0.0,21,False
LS_10,SSTR3,SSTR3,0.06,0.0,0.0,0.0,21,False
LS_10,STAB2,STAB2,0.0,0.0,0.0,0.0,21,False
LS_10,STEAP4,STEAP4,0.0,0.0,0.19,0.0,21,False
LS_10,STS,STS,3.35,0.0,1.48,3.16,21,False
LS_10,SUCNR1,SUCNR1,35.57,66.67,6.3,6.55,21,False
LS_10,SUSD1,SUSD1,26.15,61.9,8.89,8.14,21,False
LS_10,SUSD2,SUSD2,0.25,0.0,0.19,0.0,21,False
LS_10,SUSD4,SUSD4,0.06,0.0,0.0,0.0,21,False
LS_10,SUSD5,SUSD5,0.25,0.0,0.37,0.11,21,False
LS_10,SV2B,SV2B,1.2,0.0,0.19,0.23,21,False
LS_10,SV2C,SV2C,0.51,0.0,0.19,0.0,21,False
LS_10,SVOPL,SVOPL,16.55,23.81,8.7,0.45,21,False
LS_10,SYP,SYP,1.07,0.0,1.11,0.34,21,False
LS_10,TACR1,TACR1,0.06,0.0,0.0,0.0,21,False
LS_10,TACR2,TACR2,0.06,0.0,0.19,0.23,21,False
LS_10,TACSTD2,TACSTD2,0.69,0.0,0.0,0.34,21,False
LS_10,TARM1,TARM1,0.57,0.0,0.0,0.56,21,False
LS_10,TAS1R1,TAS1R1,0.13,0.0,0.0,0.0,21,False
LS_10,TAS1R3,TAS1R3,0.0,0.0,0.0,0.0,21,False
LS_10,TAS2R10,TAS2R10,0.38,0.0,0.56,0.0,21,False
LS_10,TAS2R14,TAS2R14,2.84,0.0,1.48,0.79,21,False
LS_10,TAS2R19,TAS2R19,0.44,0.0,0.74,0.23,21,False
LS_10,TAS2R20,TAS2R20,0.25,0.0,0.19,0.0,21,False
LS_10,TAS2R3,TAS2R3,0.06,0.0,0.0,0.0,21,False
LS_10,TAS2R30,TAS2R30,0.95,0.0,0.74,0.11,21,False
LS_10,TAS2R4,TAS2R4,0.57,0.0,0.37,0.11,21,False
LS_10,TAS2R46,TAS2R46,0.19,0.0,0.19,0.0,21,False
LS_10,TAS2R7,TAS2R7,0.0,0.0,0.0,0.0,21,False
LS_10,TAS2R8,TAS2R8,0.0,0.0,0.0,0.0,21,False
LS_10,TAS2R9,TAS2R9,0.0,0.0,0.0,0.0,21,False
LS_10,TBXA2R,TBXA2R,11.5,19.05,4.63,1.58,21,False
LS_10,TCTN2,TCTN2,8.28,0.0,5.37,1.13,21,False
LS_10,TECTA,TECTA,0.0,0.0,0.0,0.0,21,False
LS_10,TEK,TEK,0.06,0.0,0.0,0.0,21,False
LS_10,TENM1,TENM1,0.38,0.0,0.0,0.11,21,False
LS_10,TENM3,TENM3,0.06,0.0,0.0,0.0,21,False
LS_10,TENM4,TENM4,0.0,0.0,0.0,0.0,21,False
LS_10,TEX101,TEX101,0.0,0.0,0.0,0.0,21,False
LS_10,TGFA,TGFA,0.51,0.0,0.0,0.23,21,False
LS_10,TGFBR3,TGFBR3,0.44,0.0,0.37,0.0,21,False
LS_10,THBD,THBD,1.45,0.0,0.37,0.9,21,False
LS_10,THSD1,THSD1,1.07,0.0,0.56,0.45,21,False
LS_10,THSD7A,THSD7A,19.01,33.33,2.22,1.69,21,False
LS_10,THSD7B,THSD7B,0.0,0.0,0.0,0.0,21,False
LS_10,THY1,THY1,0.06,0.0,1.85,0.0,21,False
LS_10,TIGIT,TIGIT,0.51,0.0,0.56,0.23,21,False
LS_10,TIMD4,TIMD4,0.0,0.0,0.0,0.11,21,False
LS_10,TLR1,TLR1,7.26,4.76,2.59,3.5,21,False
LS_10,TLR10,TLR10,1.45,0.0,0.93,0.11,21,False
LS_10,TLR3,TLR3,1.07,0.0,1.85,0.11,21,False
LS_10,TLR4,TLR4,3.6,0.0,2.04,5.76,21,False
LS_10,TLR5,TLR5,0.57,0.0,0.19,2.82,21,False
LS_10,TLR6,TLR6,5.62,0.0,2.04,3.39,21,False
LS_10,TLR7,TLR7,1.14,0.0,0.37,1.81,21,False
LS_10,TLR8,TLR8,0.38,0.0,0.0,2.71,21,False
LS_10,TLR9,TLR9,3.16,0.0,1.67,0.11,21,False
LS_10,TM4SF1,TM4SF1,17.94,33.33,5.19,1.81,21,False
LS_10,TM4SF18,TM4SF18,0.0,0.0,0.0,0.0,21,False
LS_10,TM4SF20,TM4SF20,0.0,0.0,0.0,0.0,21,False
LS_10,TM4SF5,TM4SF5,0.0,0.0,0.0,0.0,21,False
LS_10,TMC7,TMC7,0.13,0.0,0.0,0.0,21,False
LS_10,TMEFF1,TMEFF1,3.28,4.76,2.22,0.23,21,False
LS_10,TMEFF2,TMEFF2,0.0,0.0,0.19,0.0,21,False
LS_10,TMEM104,TMEM104,14.02,14.29,4.44,7.12,21,False
LS_10,TMEM106A,TMEM106A,14.97,19.05,10.0,4.97,21,False
LS_10,TMEM108,TMEM108,0.0,0.0,0.0,0.0,21,False
LS_10,TMEM116,TMEM116,9.85,9.52,3.89,2.94,21,False
LS_10,TMEM132A,TMEM132A,0.0,0.0,0.0,0.11,21,False
LS_10,TMEM132B,TMEM132B,0.0,0.0,0.0,0.0,21,False
LS_10,TMEM132C,TMEM132C,0.0,0.0,0.0,0.0,21,False
LS_10,TMEM132E,TMEM132E,0.0,0.0,0.0,0.0,21,False
LS_10,TMEM140,TMEM140,5.12,4.76,5.56,0.56,21,False
LS_10,TMEM145,TMEM145,0.57,0.0,0.19,0.56,21,False
LS_10,TMEM150A,TMEM150A,2.65,0.0,8.33,2.37,21,False
LS_10,TMEM150B,TMEM150B,2.08,0.0,1.67,2.03,21,False
LS_10,TMEM154,TMEM154,8.65,9.52,6.11,3.5,21,False
LS_10,TMEM158,TMEM158,1.71,0.0,1.11,0.45,21,False
LS_10,TMEM171,TMEM171,0.0,0.0,0.0,0.0,21,False
LS_10,TMEM178A,TMEM178A,0.19,0.0,0.0,0.0,21,False
LS_10,TMEM178B,TMEM178B,0.0,0.0,0.0,0.0,21,False
LS_10,TMEM182,TMEM182,6.44,0.0,5.93,0.9,21,False
LS_10,TMEM184A,TMEM184A,0.76,0.0,0.0,0.0,21,False
LS_10,TMEM204,TMEM204,3.85,0.0,4.44,1.13,21,False
LS_10,TMEM213,TMEM213,0.13,0.0,0.0,0.0,21,False
LS_10,TMEM217,TMEM217,7.39,9.52,4.44,2.15,21,False
LS_10,TMEM231,TMEM231,3.03,0.0,5.74,0.9,21,False
LS_10,TMEM235,TMEM235,0.0,0.0,0.0,0.0,21,False
LS_10,TMEM255A,TMEM255A,0.38,0.0,0.0,0.0,21,False
LS_10,TMEM255B,TMEM255B,1.9,0.0,0.56,1.02,21,False
LS_10,TMEM37,TMEM37,0.88,0.0,0.0,0.0,21,False
LS_10,TMEM62,TMEM62,14.34,23.81,9.63,4.52,21,False
LS_10,TMEM63B,TMEM63B,2.4,0.0,0.93,1.13,21,False
LS_10,TMEM63C,TMEM63C,0.06,0.0,0.19,0.11,21,False
LS_10,TMEM67,TMEM67,7.26,0.0,8.33,0.68,21,False
LS_10,TMEM8B,TMEM8B,3.28,0.0,3.89,1.92,21,False
LS_10,TMEM95,TMEM95,0.06,0.0,0.0,0.0,21,False
LS_10,TMPRSS11B,TMPRSS11B,0.0,0.0,0.0,0.0,21,False
LS_10,TMPRSS11D,TMPRSS11D,0.0,0.0,0.0,0.0,21,False
LS_10,TMPRSS13,TMPRSS13,0.19,0.0,0.0,0.79,21,False
LS_10,TMPRSS15,TMPRSS15,0.06,0.0,0.0,0.0,21,False
LS_10,TMPRSS5,TMPRSS5,0.13,0.0,0.0,0.23,21,False
LS_10,TMPRSS6,TMPRSS6,0.0,0.0,0.0,0.0,21,False
LS_10,TNFRSF10A,TNFRSF10A,12.19,19.05,8.33,6.33,21,False
LS_10,TNFRSF10C,TNFRSF10C,3.22,0.0,3.15,0.56,21,False
LS_10,TNFRSF10D,TNFRSF10D,7.39,4.76,3.33,4.75,21,False
LS_10,TNFRSF11A,TNFRSF11A,1.83,0.0,0.37,2.71,21,False
LS_10,TNFRSF13B,TNFRSF13B,0.13,0.0,0.0,0.0,21,False
LS_10,TNFRSF17,TNFRSF17,0.0,0.0,0.19,0.11,21,False
LS_10,TNFRSF18,TNFRSF18,2.59,0.0,0.37,0.11,21,False
LS_10,TNFRSF19,TNFRSF19,0.32,0.0,0.56,0.0,21,False
LS_10,TNFRSF25,TNFRSF25,6.63,0.0,1.11,1.36,21,False
LS_10,TNFRSF4,TNFRSF4,3.73,0.0,0.56,0.23,21,False
LS_10,TNFRSF8,TNFRSF8,0.63,0.0,0.19,0.34,21,False
LS_10,TNFRSF9,TNFRSF9,0.06,0.0,0.0,0.0,21,False
LS_10,TNFSF11,TNFSF11,0.0,0.0,0.0,0.0,21,False
LS_10,TNFSF15,TNFSF15,0.19,0.0,0.37,0.56,21,False
LS_10,TNFSF18,TNFSF18,0.0,0.0,0.0,0.0,21,False
LS_10,TNFSF4,TNFSF4,9.22,14.29,10.0,0.56,21,False
LS_10,TNFSF8,TNFSF8,3.1,0.0,4.63,1.47,21,False
LS_10,TPBG,TPBG,2.53,0.0,6.48,0.68,21,False
LS_10,TPBGL,TPBGL,0.0,0.0,0.0,0.0,21,False
LS_10,TPO,TPO,2.59,4.76,0.0,0.23,21,False
LS_10,TPSG1,TPSG1,0.06,0.0,0.0,0.11,21,False
LS_10,TRABD2A,TRABD2A,1.07,0.0,0.93,0.68,21,False
LS_10,TRABD2B,TRABD2B,0.0,0.0,0.0,0.0,21,False
LS_10,TRAT1,TRAT1,9.79,23.81,0.74,0.23,21,False
LS_10,TREH,TREH,0.0,0.0,0.0,0.0,21,False
LS_10,TREM2,TREM2,3.16,0.0,0.0,6.21,21,False
LS_10,TREML2,TREML2,2.34,0.0,1.3,0.79,21,False
LS_10,TRHDE,TRHDE,0.0,0.0,0.19,0.0,21,False
LS_10,TRHR,TRHR,0.0,0.0,0.0,0.0,21,False
LS_10,TRIL,TRIL,0.06,0.0,0.0,0.0,21,False
LS_10,TRPV4,TRPV4,0.0,0.0,0.0,0.11,21,False
LS_10,TRPV5,TRPV5,0.63,0.0,0.0,0.11,21,False
LS_10,TRPV6,TRPV6,0.32,0.0,0.0,0.34,21,False
LS_10,TSHR,TSHR,0.38,0.0,0.19,0.11,21,False
LS_10,TSPAN1,TSPAN1,0.06,0.0,0.0,0.0,21,False
LS_10,TSPAN11,TSPAN11,0.0,0.0,0.0,0.0,21,False
LS_10,TSPAN15,TSPAN15,0.32,0.0,0.0,0.11,21,False
LS_10,TSPAN17,TSPAN17,5.75,4.76,8.52,3.62,21,False
LS_10,TSPAN18,TSPAN18,0.19,0.0,0.37,0.0,21,False
LS_10,TSPAN5,TSPAN5,11.81,28.57,5.74,2.15,21,False
LS_10,TSPAN6,TSPAN6,0.0,0.0,0.0,0.0,21,False
LS_10,TSPAN7,TSPAN7,19.84,38.1,4.07,2.15,21,False
LS_10,TSPAN8,TSPAN8,0.0,0.0,0.0,0.0,21,False
LS_10,TSPAN9,TSPAN9,0.69,0.0,0.0,0.0,21,False
LS_10,TTYH1,TTYH1,0.69,0.0,1.3,0.11,21,False
LS_10,TTYH2,TTYH2,4.86,0.0,2.78,4.18,21,False
LS_10,TYRO3,TYRO3,2.27,0.0,2.22,0.9,21,False
LS_10,TYRP1,TYRP1,0.0,0.0,0.0,0.0,21,False
LS_10,UGT8,UGT8,0.0,0.0,0.0,0.0,21,False
LS_10,ULBP1,ULBP1,0.06,0.0,0.0,0.0,21,False
LS_10,ULBP2,ULBP2,0.69,0.0,0.19,0.0,21,False
LS_10,ULBP3,ULBP3,0.76,0.0,0.56,0.11,21,False
LS_10,UMODL1,UMODL1,20.66,33.33,1.48,1.36,21,False
LS_10,UNC5A,UNC5A,0.06,0.0,0.0,0.0,21,False
LS_10,UNC5B,UNC5B,1.39,0.0,0.37,0.11,21,False
LS_10,UNC5C,UNC5C,1.45,0.0,0.19,0.0,21,False
LS_10,UNC93A,UNC93A,0.0,0.0,0.0,0.0,21,False
LS_10,UPK1A,UPK1A,0.0,0.0,0.0,0.0,21,False
LS_10,UPK1B,UPK1B,0.0,0.0,0.0,0.0,21,False
LS_10,UPK2,UPK2,0.06,0.0,0.0,0.0,21,False
LS_10,UPK3A,UPK3A,2.72,4.76,0.19,8.93,21,False
LS_10,UPK3B,UPK3B,0.38,0.0,0.0,0.11,21,False
LS_10,USH2A,USH2A,0.0,0.0,0.0,0.0,21,False
LS_10,UTS2R,UTS2R,0.0,0.0,0.0,0.0,21,False
LS_10,VASN,VASN,1.45,0.0,0.0,0.11,21,False
LS_10,VCAM1,VCAM1,0.0,0.0,0.0,0.0,21,False
LS_10,VIPR1,VIPR1,0.82,0.0,0.74,1.81,21,False
LS_10,VIPR2,VIPR2,0.63,0.0,0.0,0.0,21,False
LS_10,VLDLR,VLDLR,4.93,4.76,0.56,0.45,21,False
LS_10,VN1R1,VN1R1,0.19,0.0,0.37,0.11,21,False
LS_10,VNN1,VNN1,8.53,14.29,1.67,2.15,21,False
LS_10,VNN2,VNN2,1.33,0.0,1.3,1.36,21,False
LS_10,VNN3,VNN3,0.0,0.0,0.19,0.0,21,False
LS_10,VSIG1,VSIG1,0.0,0.0,0.19,0.0,21,False
LS_10,VSIG10L,VSIG10L,2.65,0.0,2.04,0.34,21,False
LS_10,VSIG2,VSIG2,0.06,0.0,0.37,0.11,21,False
LS_10,VSIG8,VSIG8,0.25,0.0,1.3,0.11,21,False
LS_10,VSTM4,VSTM4,1.07,0.0,0.37,0.23,21,False
LS_10,VSTM5,VSTM5,0.0,0.0,0.0,0.0,21,False
LS_10,XCR1,XCR1,0.0,0.0,0.0,0.0,21,False
LS_10,XKR3,XKR3,0.44,0.0,0.37,0.0,21,False
LS_10,XPNPEP2,XPNPEP2,1.01,0.0,0.37,0.23,21,False
LS_10,ZACN,ZACN,1.45,0.0,1.11,0.56,21,False
LS_10,ZAN,ZAN,2.34,0.0,2.04,0.68,21,False
LS_10,ZDHHC11,ZDHHC11,0.13,0.0,0.37,0.23,21,False
LS_10,ZDHHC11B,ZDHHC11B,0.57,0.0,0.0,0.0,21,False
LS_10,ZP1,ZP1,0.0,0.0,0.0,0.0,21,False
LS_10,ZPLD1,ZPLD1,0.0,0.0,0.0,0.0,21,False
LS_19,ABCA1,ABCA1,5.42,0.0,2.41,2.03,8,False
LS_19,ABCA12,ABCA12,0.0,0.0,0.19,0.0,8,False
LS_19,ABCA13,ABCA13,0.54,0.0,3.52,0.68,8,False
LS_19,ABCA3,ABCA3,0.77,0.0,1.11,0.56,8,False
LS_19,ABCA4,ABCA4,0.08,0.0,0.0,0.0,8,False
LS_19,ABCA5,ABCA5,1.86,0.0,5.74,0.9,8,False
LS_19,ABCA6,ABCA6,0.08,0.0,0.19,0.68,8,False
LS_19,ABCA8,ABCA8,0.0,0.0,0.0,0.0,8,False
LS_19,ABCA9,ABCA9,0.23,0.0,0.0,0.11,8,False
LS_19,ABCB11,ABCB11,0.0,0.0,0.19,0.0,8,False
LS_19,ABCB4,ABCB4,0.15,0.0,0.19,0.23,8,False
LS_19,ABCB5,ABCB5,0.0,0.0,0.0,0.0,8,False
LS_19,ABCB9,ABCB9,2.48,0.0,2.96,1.69,8,False
LS_19,ABCC10,ABCC10,6.66,0.0,4.26,2.71,8,False
LS_19,ABCC11,ABCC11,0.23,0.0,0.0,0.34,8,False
LS_19,ABCC2,ABCC2,0.15,0.0,0.19,0.23,8,False
LS_19,ABCC3,ABCC3,0.0,0.0,0.0,0.34,8,False
LS_19,ABCC5,ABCC5,11.08,25.0,7.96,4.07,8,False
LS_19,ABCC9,ABCC9,0.0,0.0,0.0,0.0,8,False
LS_19,ABCG2,ABCG2,0.08,0.0,0.56,0.11,8,False
LS_19,ABCG4,ABCG4,0.0,0.0,0.0,0.0,8,False
LS_19,ACE,ACE,1.16,0.0,1.11,0.34,8,False
LS_19,ACE2,ACE2,0.08,0.0,0.0,0.0,8,False
LS_19,ACHE,ACHE,0.0,0.0,0.37,0.0,8,False
LS_19,ACKR1,ACKR1,0.0,0.0,0.0,0.11,8,False
LS_19,ACKR2,ACKR2,0.15,0.0,0.0,0.0,8,False
LS_19,ACKR3,ACKR3,0.7,0.0,1.3,1.36,8,False
LS_19,ACKR4,ACKR4,0.0,0.0,0.0,0.11,8,False
LS_19,ACVR1,ACVR1,4.49,0.0,2.22,1.24,8,False
LS_19,ACVR1B,ACVR1B,5.27,0.0,4.44,4.97,8,False
LS_19,ACVR1C,ACVR1C,0.0,0.0,0.19,0.0,8,False
LS_19,ACVR2A,ACVR2A,0.15,0.0,1.67,0.11,8,False
LS_19,ACVR2B,ACVR2B,0.23,0.0,2.59,1.47,8,False
LS_19,ACVRL1,ACVRL1,0.0,0.0,0.19,2.49,8,False
LS_19,ADAM11,ADAM11,0.31,0.0,0.74,0.11,8,False
LS_19,ADAM12,ADAM12,0.23,0.0,0.37,0.23,8,False
LS_19,ADAM19,ADAM19,0.54,0.0,1.11,0.11,8,False
LS_19,ADAM20,ADAM20,0.15,0.0,0.0,0.0,8,False
LS_19,ADAM21,ADAM21,0.0,0.0,0.19,0.0,8,False
LS_19,ADAM22,ADAM22,1.24,0.0,8.89,0.56,8,False
LS_19,ADAM23,ADAM23,0.46,12.5,0.0,0.23,8,False
LS_19,ADAM30,ADAM30,0.0,0.0,0.0,0.0,8,False
LS_19,ADAM32,ADAM32,0.0,0.0,1.3,0.23,8,False
LS_19,ADAM33,ADAM33,0.0,0.0,0.0,0.0,8,False
LS_19,ADAM9,ADAM9,2.48,0.0,4.81,6.55,8,False
LS_19,ADCY2,ADCY2,1.55,12.5,0.0,0.0,8,False
LS_19,ADCY5,ADCY5,0.0,0.0,0.0,0.0,8,False
LS_19,ADCY6,ADCY6,1.86,0.0,1.11,1.02,8,False
LS_19,ADCY9,ADCY9,2.17,0.0,1.67,5.99,8,False
LS_19,ADORA1,ADORA1,0.0,0.0,0.0,0.0,8,False
LS_19,ADORA2A,ADORA2A,1.39,0.0,1.85,1.58,8,False
LS_19,ADORA2B,ADORA2B,2.4,0.0,2.59,2.26,8,False
LS_19,ADORA3,ADORA3,0.0,0.0,0.0,0.11,8,False
LS_19,ADRA1B,ADRA1B,0.0,0.0,0.0,0.0,8,False
LS_19,ADRA1D,ADRA1D,0.0,0.0,0.0,0.0,8,False
LS_19,ADRA2A,ADRA2A,1.01,0.0,3.7,0.0,8,False
LS_19,ADRA2B,ADRA2B,0.0,0.0,0.0,0.11,8,False
LS_19,ADRA2C,ADRA2C,0.0,0.0,0.0,0.0,8,False
LS_19,ADRB1,ADRB1,1.78,0.0,0.74,1.81,8,False
LS_19,ADRB3,ADRB3,0.0,0.0,0.0,0.0,8,False
LS_19,AGER,AGER,2.56,0.0,3.52,2.71,8,False
LS_19,AGTR1,AGTR1,0.0,0.0,0.0,0.0,8,False
LS_19,AJAP1,AJAP1,0.0,0.0,0.0,0.0,8,False
LS_19,ALK,ALK,0.0,0.0,0.0,0.0,8,False
LS_19,ALPL,ALPL,0.0,0.0,0.0,0.0,8,False
LS_19,ALPP,ALPP,0.0,0.0,0.0,0.0,8,False
LS_19,AMHR2,AMHR2,0.08,0.0,0.37,0.0,8,False
LS_19,AMIGO1,AMIGO1,0.39,0.0,0.37,0.34,8,False
LS_19,AMIGO2,AMIGO2,0.08,0.0,0.37,0.79,8,False
LS_19,AMIGO3,AMIGO3,0.0,0.0,0.0,0.11,8,False
LS_19,AMN,AMN,30.29,50.0,4.63,3.73,8,False
LS_19,ANKH,ANKH,0.93,0.0,9.26,4.29,8,False
LS_19,ANO1,ANO1,0.0,0.0,0.0,0.0,8,False
LS_19,ANO2,ANO2,0.08,0.0,0.0,0.0,8,False
LS_19,ANO5,ANO5,0.0,0.0,1.3,0.23,8,False
LS_19,ANO7,ANO7,0.85,0.0,0.56,1.02,8,False
LS_19,ANO9,ANO9,0.08,0.0,1.85,0.11,8,False
LS_19,ANTXR1,ANTXR1,0.0,0.0,0.37,0.0,8,False
LS_19,ANTXRL,ANTXRL,0.0,0.0,0.0,0.0,8,False
LS_19,AOC3,AOC3,0.15,0.0,0.0,0.11,8,False
LS_19,APCDD1,APCDD1,0.15,0.0,0.19,0.34,8,False
LS_19,APLNR,APLNR,0.0,0.0,0.0,0.0,8,False
LS_19,APLP1,APLP1,0.0,0.0,0.0,0.0,8,False
LS_19,AQP1,AQP1,0.08,0.0,0.0,0.23,8,False
LS_19,AQP10,AQP10,0.0,0.0,0.19,0.0,8,False
LS_19,AQP5,AQP5,0.0,0.0,0.0,0.0,8,False
LS_19,AQP8,AQP8,0.0,0.0,0.0,0.0,8,False
LS_19,AQP9,AQP9,0.0,0.0,0.0,0.11,8,False
LS_19,ART3,ART3,0.0,0.0,0.0,0.11,8,False
LS_19,ART4,ART4,0.0,0.0,0.0,0.0,8,False
LS_19,ASGR2,ASGR2,0.46,0.0,0.37,4.52,8,False
LS_19,ASIC1,ASIC1,0.0,0.0,0.19,0.23,8,False
LS_19,ASIC4,ASIC4,0.08,0.0,0.0,0.0,8,False
LS_19,ASTN1,ASTN1,0.0,0.0,0.0,0.0,8,False
LS_19,ASTN2,ASTN2,0.15,0.0,0.19,0.0,8,False
LS_19,ATG9A,ATG9A,4.88,0.0,9.07,4.63,8,False
LS_19,ATP1A2,ATP1A2,0.0,0.0,0.0,0.11,8,False
LS_19,ATP1A3,ATP1A3,1.7,0.0,3.89,0.68,8,False
LS_19,ATP1A4,ATP1A4,0.0,0.0,0.0,0.0,8,False
LS_19,ATP1B2,ATP1B2,0.0,0.0,0.74,0.0,8,False
LS_19,ATP1B4,ATP1B4,0.08,0.0,0.0,0.0,8,False
LS_19,ATP2B2,ATP2B2,0.0,0.0,0.0,0.0,8,False
LS_19,ATP2B3,ATP2B3,0.0,0.0,0.0,0.34,8,False
LS_19,ATP4B,ATP4B,0.0,0.0,0.0,0.0,8,False
LS_19,ATRNL1,ATRNL1,0.0,0.0,0.0,0.0,8,False
LS_19,AVPR1A,AVPR1A,0.39,0.0,0.19,0.0,8,False
LS_19,AVPR1B,AVPR1B,0.0,0.0,1.3,0.0,8,False
LS_19,AVPR2,AVPR2,0.0,0.0,0.0,0.0,8,False
LS_19,AXL,AXL,0.08,0.0,0.0,0.68,8,False
LS_19,BACE2,BACE2,0.39,0.0,4.26,0.45,8,False
LS_19,BAMBI,BAMBI,4.88,0.0,1.3,0.79,8,False
LS_19,BCAM,BCAM,1.63,0.0,4.81,0.68,8,False
LS_19,BCAN,BCAN,0.0,0.0,0.0,0.0,8,False
LS_19,BEST2,BEST2,0.0,0.0,0.0,0.0,8,False
LS_19,BEST4,BEST4,0.15,0.0,0.74,0.0,8,False
LS_19,BMPR1A,BMPR1A,0.08,0.0,0.19,0.34,8,False
LS_19,BOC,BOC,0.0,0.0,0.0,0.0,8,False
LS_19,BTC,BTC,0.0,0.0,0.56,0.0,8,False
LS_19,BTLA,BTLA,0.31,0.0,0.0,0.56,8,False
LS_19,BTN1A1,BTN1A1,0.0,0.0,0.0,0.0,8,False
LS_19,BTN2A2,BTN2A2,6.58,0.0,6.3,5.65,8,False
LS_19,BTN3A1,BTN3A1,11.15,12.5,7.78,3.84,8,False
LS_19,BTN3A3,BTN3A3,8.75,25.0,7.22,2.26,8,False
LS_19,BTNL3,BTNL3,0.0,0.0,0.0,0.0,8,False
LS_19,BTNL9,BTNL9,0.0,0.0,0.0,0.0,8,False
LS_19,BVES,BVES,0.08,0.0,0.0,0.0,8,False
LS_19,C11orf24,C11orf24,6.04,12.5,7.78,8.14,8,False
LS_19,C14orf132,C14orf132,0.0,0.0,0.19,0.0,8,False
LS_19,C19orf18,C19orf18,0.08,0.0,0.0,0.0,8,False
LS_19,C1orf159,C1orf159,4.88,0.0,5.74,5.31,8,False
LS_19,C3AR1,C3AR1,2.63,0.0,0.0,0.56,8,False
LS_19,C5AR1,C5AR1,0.08,0.0,0.74,2.37,8,False
LS_19,C5AR2,C5AR2,0.0,0.0,0.19,0.45,8,False
LS_19,CA12,CA12,0.0,0.0,0.0,0.0,8,False
LS_19,CA14,CA14,0.15,0.0,0.0,0.0,8,False
LS_19,CA4,CA4,0.0,0.0,0.0,0.0,8,False
LS_19,CACHD1,CACHD1,1.78,0.0,2.96,0.34,8,False
LS_19,CACNA1C,CACNA1C,1.01,0.0,1.48,0.34,8,False
LS_19,CACNA1G,CACNA1G,0.0,0.0,0.37,0.11,8,False
LS_19,CACNA1I,CACNA1I,0.0,0.0,0.0,0.0,8,False
LS_19,CACNG4,CACNG4,0.08,0.0,0.0,0.0,8,False
LS_19,CACNG6,CACNG6,0.0,0.0,0.0,0.0,8,False
LS_19,CACNG7,CACNG7,0.0,0.0,0.0,0.0,8,False
LS_19,CACNG8,CACNG8,0.0,0.0,0.0,0.0,8,False
LS_19,CADM1,CADM1,0.23,0.0,0.19,0.56,8,False
LS_19,CADM2,CADM2,0.08,0.0,0.37,0.0,8,False
LS_19,CADM3,CADM3,0.0,0.0,0.0,0.0,8,False
LS_19,CADM4,CADM4,0.0,0.0,0.0,0.11,8,False
LS_19,CALCRL,CALCRL,8.21,25.0,8.33,0.9,8,False
LS_19,CALY,CALY,0.0,0.0,0.0,0.0,8,False
LS_19,CASR,CASR,0.0,0.0,0.0,0.0,8,False
LS_19,CATSPERD,CATSPERD,0.0,0.0,0.0,0.11,8,False
LS_19,CATSPERG,CATSPERG,1.86,0.0,1.85,0.79,8,False
LS_19,CCKBR,CCKBR,0.0,0.0,0.19,0.0,8,False
LS_19,CCR1,CCR1,2.09,0.0,0.37,3.5,8,False
LS_19,CCR10,CCR10,0.77,0.0,0.19,0.45,8,False
LS_19,CCR2,CCR2,0.15,0.0,0.37,7.23,8,False
LS_19,CCR3,CCR3,0.0,0.0,0.0,0.0,8,False
LS_19,CCR4,CCR4,0.08,0.0,0.0,0.0,8,False
LS_19,CCR5,CCR5,0.0,0.0,0.0,0.68,8,False
LS_19,CCR6,CCR6,0.0,0.0,0.19,0.11,8,False
LS_19,CCR7,CCR7,0.7,0.0,1.11,0.34,8,False
LS_19,CCR8,CCR8,0.0,0.0,0.0,0.0,8,False
LS_19,CCR9,CCR9,0.08,0.0,0.19,0.0,8,False
LS_19,CCRL2,CCRL2,3.1,0.0,2.04,1.13,8,False
LS_19,CD101,CD101,0.23,0.0,0.19,1.13,8,False
LS_19,CD160,CD160,0.08,0.0,0.19,0.23,8,False
LS_19,CD163,CD163,0.62,12.5,0.0,3.5,8,False
LS_19,CD163L1,CD163L1,0.0,0.0,0.0,0.34,8,False
LS_19,CD164L2,CD164L2,0.0,0.0,0.0,0.0,8,False
LS_19,CD177,CD177,0.0,0.0,0.0,0.0,8,False
LS_19,CD19,CD19,6.35,0.0,1.48,1.81,8,False
LS_19,CD1A,CD1A,0.0,0.0,0.0,0.23,8,False
LS_19,CD1B,CD1B,0.0,0.0,0.0,0.68,8,False
LS_19,CD1C,CD1C,0.08,0.0,0.19,1.58,8,False
LS_19,CD1E,CD1E,0.0,0.0,0.0,1.13,8,False
LS_19,CD2,CD2,1.39,0.0,0.19,1.02,8,False
LS_19,CD200R1,CD200R1,0.54,0.0,0.19,0.34,8,False
LS_19,CD200R1L,CD200R1L,0.0,0.0,0.0,0.0,8,False
LS_19,CD22,CD22,0.08,0.0,3.33,0.34,8,False
LS_19,CD226,CD226,0.23,0.0,0.19,0.0,8,False
LS_19,CD24,CD24,0.08,0.0,1.67,0.79,8,False
LS_19,CD248,CD248,0.15,0.0,0.74,0.23,8,False
LS_19,CD27,CD27,0.15,0.0,0.37,0.45,8,False
LS_19,CD274,CD274,0.39,0.0,0.37,0.0,8,False
LS_19,CD276,CD276,1.32,0.0,0.0,0.68,8,False
LS_19,CD28,CD28,0.0,0.0,0.37,0.0,8,False
LS_19,CD300E,CD300E,0.08,0.0,0.0,1.47,8,False
LS_19,CD300LD,CD300LD,0.0,0.0,0.0,0.0,8,False
LS_19,CD300LG,CD300LG,0.0,0.0,0.0,0.0,8,False
LS_19,CD40,CD40,0.93,0.0,4.26,0.79,8,False
LS_19,CD40LG,CD40LG,0.0,0.0,0.56,0.11,8,False
LS_19,CD5,CD5,0.39,0.0,0.74,0.23,8,False
LS_19,CD6,CD6,0.7,0.0,0.37,0.23,8,False
LS_19,CD7,CD7,21.38,37.5,9.07,3.05,8,False
LS_19,CD70,CD70,1.08,0.0,0.0,0.9,8,True
LS_19,CD79A,CD79A,9.22,25.0,7.59,0.9,8,False
LS_19,CD80,CD80,0.0,0.0,0.0,0.0,8,False
LS_19,CD8A,CD8A,0.15,0.0,0.0,0.0,8,False
LS_19,CD8B,CD8B,0.15,0.0,0.19,0.45,8,False
LS_19,CD9,CD9,35.94,75.0,7.59,6.78,8,False
LS_19,CD96,CD96,61.97,75.0,2.41,3.28,8,True
LS_19,CDH1,CDH1,0.0,0.0,0.19,0.11,8,False
LS_19,CDH10,CDH10,0.0,0.0,0.0,0.0,8,False
LS_19,CDH11,CDH11,0.0,0.0,0.0,0.0,8,False
LS_19,CDH12,CDH12,0.0,0.0,0.0,0.0,8,False
LS_19,CDH13,CDH13,0.15,0.0,0.0,0.0,8,False
LS_19,CDH15,CDH15,0.0,0.0,0.0,0.0,8,False
LS_19,CDH18,CDH18,0.0,0.0,0.0,0.0,8,False
LS_19,CDH2,CDH2,2.79,0.0,5.19,0.34,8,False
LS_19,CDH20,CDH20,0.0,0.0,0.19,0.0,8,False
LS_19,CDH22,CDH22,0.0,0.0,0.0,0.11,8,False
LS_19,CDH23,CDH23,0.46,0.0,0.93,1.81,8,False
LS_19,CDH24,CDH24,0.31,0.0,1.3,0.79,8,False
LS_19,CDH26,CDH26,3.1,0.0,8.15,1.92,8,False
LS_19,CDH3,CDH3,0.0,0.0,0.0,0.11,8,False
LS_19,CDH4,CDH4,1.08,0.0,1.85,0.34,8,False
LS_19,CDH5,CDH5,0.0,0.0,0.0,0.11,8,False
LS_19,CDH6,CDH6,0.0,0.0,0.0,0.0,8,False
LS_19,CDH7,CDH7,0.0,0.0,5.37,0.11,8,False
LS_19,CDH8,CDH8,0.0,0.0,0.0,0.0,8,False
LS_19,CDH9,CDH9,0.08,0.0,2.22,0.0,8,False
LS_19,CDHR1,CDHR1,0.0,0.0,0.0,0.0,8,False
LS_19,CDHR2,CDHR2,0.23,0.0,0.0,0.0,8,False
LS_19,CDHR3,CDHR3,0.08,0.0,0.0,0.23,8,False
LS_19,CDHR4,CDHR4,0.0,0.0,0.0,0.0,8,False
LS_19,CDHR5,CDHR5,0.0,0.0,0.0,0.11,8,False
LS_19,CDON,CDON,0.15,0.0,0.0,0.0,8,False
LS_19,CEACAM1,CEACAM1,0.46,0.0,1.3,0.0,8,False
LS_19,CEACAM19,CEACAM19,0.15,0.0,0.74,0.68,8,False
LS_19,CEACAM21,CEACAM21,7.36,0.0,8.15,1.92,8,False
LS_19,CEACAM3,CEACAM3,0.0,0.0,0.0,0.0,8,False
LS_19,CEACAM6,CEACAM6,0.7,0.0,0.0,0.56,8,False
LS_19,CEACAM8,CEACAM8,0.0,0.0,0.0,0.34,8,False
LS_19,CELSR1,CELSR1,0.31,0.0,0.19,0.34,8,False
LS_19,CELSR2,CELSR2,0.23,0.0,0.37,0.34,8,False
LS_19,CELSR3,CELSR3,0.31,0.0,0.93,0.79,8,False
LS_19,CHL1,CHL1,0.0,0.0,0.19,0.0,8,False
LS_19,CHODL,CHODL,0.0,0.0,0.0,0.0,8,False
LS_19,CHRM4,CHRM4,0.0,0.0,0.0,0.0,8,False
LS_19,CHRM5,CHRM5,0.08,0.0,0.19,0.0,8,False
LS_19,CHRNA1,CHRNA1,0.0,0.0,0.0,0.0,8,False
LS_19,CHRNA10,CHRNA10,0.39,0.0,0.56,0.9,8,False
LS_19,CHRNA2,CHRNA2,0.0,0.0,0.0,0.0,8,False
LS_19,CHRNA3,CHRNA3,0.0,0.0,0.0,0.0,8,False
LS_19,CHRNA5,CHRNA5,0.31,0.0,3.52,0.68,8,False
LS_19,CHRNA6,CHRNA6,0.0,0.0,0.0,0.23,8,False
LS_19,CHRNA7,CHRNA7,0.85,0.0,0.74,0.79,8,False
LS_19,CHRNA9,CHRNA9,0.0,0.0,0.19,0.0,8,False
LS_19,CHRNB2,CHRNB2,0.08,0.0,0.0,0.0,8,False
LS_19,CHRNB4,CHRNB4,0.0,0.0,0.0,0.0,8,False
LS_19,CHRND,CHRND,0.0,0.0,0.0,0.0,8,False
LS_19,CHRNE,CHRNE,0.93,0.0,0.74,0.68,8,False
LS_19,CHRNG,CHRNG,0.0,0.0,0.19,0.0,8,False
LS_19,CLCNKB,CLCNKB,0.0,0.0,0.19,0.0,8,False
LS_19,CLDN1,CLDN1,0.0,0.0,0.0,0.0,8,False
LS_19,CLDN11,CLDN11,0.0,0.0,0.0,0.0,8,False
LS_19,CLDN12,CLDN12,0.7,0.0,1.48,0.56,8,False
LS_19,CLDN16,CLDN16,0.0,0.0,0.0,0.0,8,False
LS_19,CLDN19,CLDN19,0.0,0.0,0.0,0.34,8,False
LS_19,CLDN20,CLDN20,0.08,0.0,0.0,0.0,8,False
LS_19,CLDN22,CLDN22,0.0,0.0,0.0,0.0,8,False
LS_19,CLDN24,CLDN24,0.0,0.0,0.0,0.0,8,False
LS_19,CLDN3,CLDN3,0.0,0.0,0.0,0.0,8,False
LS_19,CLDN4,CLDN4,0.08,0.0,0.0,0.0,8,False
LS_19,CLDN6,CLDN6,0.0,0.0,0.0,0.0,8,False
LS_19,CLDN7,CLDN7,1.32,0.0,1.85,0.56,8,False
LS_19,CLDN9,CLDN9,0.08,0.0,0.0,0.0,8,False
LS_19,CLEC12B,CLEC12B,2.87,0.0,0.0,1.24,8,False
LS_19,CLEC14A,CLEC14A,1.24,12.5,1.3,0.45,8,False
LS_19,CLEC17A,CLEC17A,0.0,0.0,0.19,0.23,8,False
LS_19,CLEC1A,CLEC1A,0.0,0.0,0.0,0.0,8,False
LS_19,CLEC1B,CLEC1B,0.31,0.0,0.19,0.34,8,False
LS_19,CLEC2D,CLEC2D,11.7,25.0,6.3,5.54,8,False
LS_19,CLEC4G,CLEC4G,0.46,0.0,0.93,3.73,8,False
LS_19,CLEC4M,CLEC4M,0.0,0.0,0.0,0.0,8,False
LS_19,CLEC7A,CLEC7A,0.39,0.0,0.56,5.08,8,False
LS_19,CLEC9A,CLEC9A,0.23,0.0,6.67,0.23,8,False
LS_19,CLMP,CLMP,0.0,0.0,0.0,0.0,8,False
LS_19,CLSTN2,CLSTN2,0.46,0.0,0.19,0.45,8,False
LS_19,CLSTN3,CLSTN3,6.97,12.5,7.04,3.28,8,False
LS_19,CMKLR1,CMKLR1,0.0,0.0,0.0,0.11,8,False
LS_19,CNNM4,CNNM4,6.74,0.0,6.85,2.71,8,False
LS_19,CNR1,CNR1,0.0,0.0,0.19,0.0,8,False
LS_19,CNR2,CNR2,0.15,0.0,0.37,0.11,8,False
LS_19,CNTN1,CNTN1,0.0,0.0,0.37,0.0,8,False
LS_19,CNTN2,CNTN2,0.0,0.0,0.19,0.0,8,False
LS_19,CNTN4,CNTN4,0.31,0.0,0.19,0.0,8,False
LS_19,CNTN5,CNTN5,0.15,0.0,0.19,0.0,8,False
LS_19,CNTNAP1,CNTNAP1,0.0,0.0,0.0,0.0,8,False
LS_19,CNTNAP2,CNTNAP2,0.0,0.0,0.0,0.0,8,False
LS_19,CNTNAP3,CNTNAP3,0.0,0.0,0.0,0.0,8,False
LS_19,CNTNAP3B,CNTNAP3B,0.08,0.0,0.0,0.0,8,False
LS_19,CNTNAP5,CNTNAP5,0.08,0.0,0.0,0.0,8,False
LS_19,CORIN,CORIN,0.0,0.0,0.0,0.0,8,False
LS_19,CPM,CPM,0.31,0.0,0.19,9.83,8,False
LS_19,CR1,CR1,0.08,0.0,1.67,5.31,8,False
LS_19,CR2,CR2,0.0,0.0,0.0,0.0,8,False
LS_19,CRB1,CRB1,0.0,0.0,0.0,0.0,8,False
LS_19,CRB2,CRB2,0.15,0.0,0.0,0.23,8,False
LS_19,CRB3,CRB3,0.0,0.0,0.0,0.0,8,False
LS_19,CRHR1,CRHR1,0.0,0.0,0.0,0.0,8,False
LS_19,CRHR2,CRHR2,0.08,0.0,0.0,0.0,8,False
LS_19,CRIM1,CRIM1,9.99,0.0,8.89,1.13,8,False
LS_19,CRLF2,CRLF2,2.71,0.0,0.37,0.11,8,False
LS_19,CRTAM,CRTAM,0.7,0.0,0.56,1.13,8,False
LS_19,CSF1,CSF1,0.46,0.0,1.11,0.34,8,False
LS_19,CSF2RB,CSF2RB,1.47,0.0,9.44,2.49,8,False
LS_19,CSMD1,CSMD1,0.0,0.0,0.0,0.23,8,False
LS_19,CSMD2,CSMD2,0.0,0.0,0.0,0.0,8,False
LS_19,CSPG4,CSPG4,0.23,0.0,0.0,0.23,8,False
LS_19,CSPG5,CSPG5,0.39,0.0,0.0,0.11,8,False
LS_19,CTLA4,CTLA4,0.0,0.0,0.19,0.0,8,False
LS_19,CTNS,CTNS,7.75,0.0,5.37,3.5,8,False
LS_19,CUZD1,CUZD1,0.0,0.0,0.0,0.0,8,False
LS_19,CX3CR1,CX3CR1,0.46,0.0,0.19,1.92,8,False
LS_19,CXADR,CXADR,0.0,0.0,0.37,0.0,8,False
LS_19,CXCL16,CXCL16,0.31,0.0,0.74,1.47,8,False
LS_19,CXCR1,CXCR1,0.08,0.0,0.0,0.11,8,False
LS_19,CXCR2,CXCR2,0.62,0.0,0.19,2.26,8,False
LS_19,CXCR3,CXCR3,1.01,0.0,0.37,0.23,8,False
LS_19,CXCR5,CXCR5,0.39,0.0,0.0,0.34,8,False
LS_19,CXCR6,CXCR6,0.08,0.0,0.0,0.34,8,False
LS_19,CYSLTR2,CYSLTR2,1.86,0.0,0.56,0.56,8,False
LS_19,DAG1,DAG1,1.63,0.0,6.48,2.6,8,False
LS_19,DAGLA,DAGLA,0.08,0.0,0.19,1.13,8,False
LS_19,DCBLD1,DCBLD1,1.01,0.0,0.93,0.68,8,False
LS_19,DCBLD2,DCBLD2,0.85,0.0,8.33,1.69,8,False
LS_19,DCC,DCC,0.0,0.0,0.0,0.0,8,False
LS_19,DCHS1,DCHS1,0.39,0.0,2.78,0.11,8,False
LS_19,DCHS2,DCHS2,0.0,0.0,0.0,0.0,8,False
LS_19,DCSTAMP,DCSTAMP,0.15,0.0,0.37,0.0,8,False
LS_19,DCT,DCT,0.0,0.0,0.0,0.0,8,False
LS_19,DDR1,DDR1,0.0,0.0,0.37,0.9,8,False
LS_19,DDR2,DDR2,0.08,0.0,0.56,0.11,8,False
LS_19,DISP1,DISP1,1.39,0.0,1.67,0.56,8,False
LS_19,DISP2,DISP2,0.54,0.0,0.37,0.23,8,False
LS_19,DLK1,DLK1,0.31,0.0,4.81,0.0,8,False
LS_19,DLK2,DLK2,0.08,0.0,0.19,0.0,8,False
LS_19,DLL1,DLL1,0.62,0.0,0.56,0.11,8,False
LS_19,DLL3,DLL3,0.7,0.0,0.56,0.45,8,False
LS_19,DLL4,DLL4,0.0,0.0,0.19,0.11,8,False
LS_19,DNER,DNER,0.0,0.0,0.0,0.0,8,False
LS_19,DPEP1,DPEP1,0.23,0.0,0.0,0.0,8,False
LS_19,DPEP3,DPEP3,0.31,0.0,3.52,1.36,8,False
LS_19,DPP10,DPP10,0.46,0.0,2.41,0.34,8,False
LS_19,DPP4,DPP4,0.0,0.0,0.19,0.23,8,False
LS_19,DPP6,DPP6,0.0,0.0,0.0,0.0,8,False
LS_19,DRD2,DRD2,0.0,0.0,0.0,0.0,8,False
LS_19,DRD4,DRD4,0.46,0.0,0.19,0.34,8,False
LS_19,DSC1,DSC1,0.0,0.0,0.0,0.0,8,False
LS_19,DSC2,DSC2,1.08,0.0,0.56,0.56,8,False
LS_19,DSC3,DSC3,0.0,0.0,0.0,0.0,8,False
LS_19,DSCAML1,DSCAML1,0.0,0.0,0.0,0.0,8,False
LS_19,DSG3,DSG3,0.0,0.0,0.0,0.0,8,False
LS_19,DUOX1,DUOX1,0.0,0.0,0.19,0.11,8,False
LS_19,DUOX2,DUOX2,0.0,0.0,0.0,0.0,8,False
LS_19,DUOXA1,DUOXA1,0.0,0.0,0.0,0.11,8,False
LS_19,DYNAP,DYNAP,0.0,0.0,0.0,0.0,8,False
LS_19,ECE1,ECE1,4.88,0.0,2.41,1.02,8,False
LS_19,ECSCR,ECSCR,0.15,0.0,0.0,0.11,8,False
LS_19,EDA,EDA,0.15,0.0,0.74,0.11,8,False
LS_19,EDA2R,EDA2R,1.94,0.0,1.48,0.23,8,False
LS_19,EDAR,EDAR,0.0,0.0,0.0,0.0,8,False
LS_19,EDNRB,EDNRB,0.0,0.0,0.19,0.11,8,False
LS_19,EFNA1,EFNA1,1.7,0.0,6.85,0.23,8,False
LS_19,EFNA2,EFNA2,0.0,0.0,0.0,0.0,8,False
LS_19,EFNA3,EFNA3,2.32,0.0,2.59,1.02,8,False
LS_19,EFNA4,EFNA4,5.11,12.5,5.19,1.92,8,False
LS_19,EFNA5,EFNA5,0.0,0.0,0.0,0.11,8,False
LS_19,EFNB1,EFNB1,2.71,0.0,6.11,1.92,8,False
LS_19,EFNB2,EFNB2,0.31,0.0,1.3,0.23,8,False
LS_19,EFNB3,EFNB3,0.0,0.0,0.0,0.0,8,False
LS_19,EGF,EGF,0.0,0.0,0.37,0.0,8,False
LS_19,ELFN1,ELFN1,0.0,0.0,0.19,0.0,8,False
LS_19,ELFN2,ELFN2,0.0,0.0,0.0,0.11,8,False
LS_19,EMCN,EMCN,0.0,0.0,4.07,0.0,8,False
LS_19,EMP1,EMP1,10.15,25.0,9.26,5.65,8,False
LS_19,EMP2,EMP2,0.0,0.0,1.48,0.23,8,False
LS_19,ENPEP,ENPEP,0.15,0.0,0.19,0.0,8,False
LS_19,ENPP1,ENPP1,0.0,0.0,0.0,0.0,8,False
LS_19,ENPP4,ENPP4,4.49,0.0,5.74,1.47,8,False
LS_19,ENPP5,ENPP5,0.0,0.0,1.67,0.0,8,False
LS_19,ENPP6,ENPP6,0.0,0.0,0.19,0.11,8,False
LS_19,ENTPD1,ENTPD1,1.16,0.0,2.78,9.6,8,False
LS_19,ENTPD3,ENTPD3,0.0,0.0,0.0,0.0,8,False
LS_19,EPCAM,EPCAM,0.31,0.0,4.26,1.69,8,False
LS_19,EPGN,EPGN,0.62,0.0,0.56,0.0,8,False
LS_19,EPHA1,EPHA1,1.63,0.0,2.41,1.92,8,False
LS_19,EPHA10,EPHA10,0.08,0.0,0.0,0.11,8,False
LS_19,EPHA2,EPHA2,0.0,0.0,0.0,0.0,8,False
LS_19,EPHA3,EPHA3,0.0,0.0,0.0,0.0,8,False
LS_19,EPHA4,EPHA4,0.15,0.0,0.19,0.0,8,False
LS_19,EPHA5,EPHA5,0.0,0.0,0.0,0.0,8,False
LS_19,EPHA7,EPHA7,0.08,0.0,0.0,0.0,8,False
LS_19,EPHA8,EPHA8,0.0,0.0,0.0,0.0,8,False
LS_19,EPHB1,EPHB1,0.0,0.0,0.0,0.11,8,False
LS_19,EPHB2,EPHB2,0.08,0.0,0.19,1.47,8,False
LS_19,EPHB3,EPHB3,0.08,0.0,0.0,1.92,8,False
LS_19,EPHB4,EPHB4,4.26,0.0,6.11,3.84,8,False
LS_19,EPOR,EPOR,2.01,0.0,3.89,3.05,8,False
LS_19,EQTN,EQTN,0.0,0.0,0.0,0.0,8,False
LS_19,ERBB2,ERBB2,0.7,0.0,1.48,0.56,8,False
LS_19,ERBB3,ERBB3,0.0,0.0,0.0,0.0,8,False
LS_19,ERBB4,ERBB4,0.15,0.0,0.0,0.0,8,False
LS_19,ERMAP,ERMAP,4.65,0.0,4.63,4.41,8,False
LS_19,ERVFRD-1,ERVFRD-1,0.62,0.0,0.0,0.11,8,False
LS_19,ERVK13-1,ERVK13-1,4.26,0.0,6.67,1.92,8,False
LS_19,ERVMER34-1,ERVMER34-1,0.0,0.0,0.0,0.0,8,False
LS_19,ERVW-1,ERVW-1,0.0,0.0,0.19,0.11,8,False
LS_19,ESAM,ESAM,2.09,12.5,8.89,0.79,8,False
LS_19,ESYT3,ESYT3,0.31,0.0,0.37,0.0,8,False
LS_19,EVA1C,EVA1C,0.62,0.0,5.93,1.02,8,False
LS_19,EVC2,EVC2,0.15,0.0,3.15,1.02,8,False
LS_19,F2RL2,F2RL2,0.62,0.0,3.33,0.56,8,False
LS_19,F2RL3,F2RL3,0.08,0.0,0.0,0.0,8,False
LS_19,F3,F3,1.08,0.0,0.19,0.68,8,False
LS_19,FAIM2,FAIM2,0.0,0.0,0.0,0.0,8,False
LS_19,FAM171A1,FAM171A1,0.7,0.0,0.56,0.23,8,False
LS_19,FAM171A2,FAM171A2,0.7,0.0,7.41,0.56,8,False
LS_19,FAM171B,FAM171B,0.39,0.0,9.63,0.68,8,False
LS_19,FAM174B,FAM174B,2.4,12.5,6.11,1.13,8,False
LS_19,FAM187B,FAM187B,0.0,0.0,0.0,0.0,8,False
LS_19,FAP,FAP,0.0,0.0,0.0,0.0,8,False
LS_19,FAS,FAS,9.14,25.0,4.07,7.23,8,False
LS_19,FASLG,FASLG,0.0,0.0,0.0,0.0,8,False
LS_19,FAT1,FAT1,0.15,0.0,0.0,0.0,8,False
LS_19,FAT2,FAT2,0.08,0.0,0.0,0.0,8,False
LS_19,FAT3,FAT3,0.0,0.0,0.19,0.0,8,False
LS_19,FAT4,FAT4,0.0,0.0,2.41,0.0,8,False
LS_19,FCAMR,FCAMR,0.0,0.0,0.0,0.0,8,False
LS_19,FCAR,FCAR,0.0,0.0,0.19,4.41,8,False
LS_19,FCGR1B,FCGR1B,1.16,0.0,0.19,5.42,8,False
LS_19,FCGR2A,FCGR2A,1.39,0.0,0.74,8.25,8,False
LS_19,FCGR2B,FCGR2B,0.15,0.0,0.19,3.16,8,False
LS_19,FCGR3A,FCGR3A,0.15,0.0,0.0,0.34,8,False
LS_19,FCGR3B,FCGR3B,0.0,0.0,0.0,0.0,8,False
LS_19,FCRL1,FCRL1,0.0,0.0,0.19,0.23,8,False
LS_19,FCRL2,FCRL2,0.0,0.0,0.37,0.0,8,False
LS_19,FCRL3,FCRL3,0.0,0.0,0.19,0.0,8,False
LS_19,FCRL4,FCRL4,0.0,0.0,0.0,0.0,8,False
LS_19,FCRL5,FCRL5,0.0,0.0,0.37,0.0,8,False
LS_19,FCRL6,FCRL6,0.0,0.0,0.0,0.0,8,False
LS_19,FFAR1,FFAR1,0.0,0.0,0.0,0.0,8,False
LS_19,FFAR2,FFAR2,0.08,0.0,0.0,0.56,8,False
LS_19,FFAR3,FFAR3,0.0,0.0,0.0,0.0,8,False
LS_19,FFAR4,FFAR4,0.08,0.0,0.0,0.23,8,False
LS_19,FGFR1,FGFR1,6.35,12.5,5.56,6.21,8,False
LS_19,FGFR2,FGFR2,0.0,0.0,0.0,0.0,8,False
LS_19,FGFR3,FGFR3,0.15,0.0,0.19,0.11,8,False
LS_19,FGFR4,FGFR4,0.31,0.0,0.19,0.0,8,False
LS_19,FGFRL1,FGFRL1,7.82,0.0,5.93,2.26,8,False
LS_19,FKRP,FKRP,2.25,0.0,3.7,1.92,8,False
LS_19,FLRT1,FLRT1,0.0,0.0,0.0,0.0,8,False
LS_19,FLRT2,FLRT2,0.0,0.0,0.0,0.0,8,False
LS_19,FLRT3,FLRT3,0.0,0.0,0.0,0.0,8,False
LS_19,FLT1,FLT1,0.0,0.0,0.37,0.34,8,False
LS_19,FLT3LG,FLT3LG,9.99,12.5,6.67,3.95,8,False
LS_19,FLT4,FLT4,0.31,0.0,0.19,0.23,8,False
LS_19,FLVCR1,FLVCR1,5.89,12.5,9.44,5.54,8,False
LS_19,FLVCR2,FLVCR2,0.15,0.0,0.74,0.9,8,False
LS_19,FNDC4,FNDC4,0.0,0.0,0.0,0.0,8,False
LS_19,FNDC5,FNDC5,0.0,0.0,0.0,0.0,8,False
LS_19,FNDC9,FNDC9,0.15,0.0,0.19,0.0,8,False
LS_19,FOLH1,FOLH1,0.31,0.0,0.74,0.11,8,False
LS_19,FOLR1,FOLR1,0.0,0.0,0.0,0.0,8,False
LS_19,FOLR2,FOLR2,0.0,0.0,0.19,0.79,8,False
LS_19,FPR1,FPR1,0.31,0.0,0.56,7.34,8,False
LS_19,FPR2,FPR2,0.46,0.0,0.0,2.15,8,False
LS_19,FPR3,FPR3,0.0,0.0,0.0,0.0,8,False
LS_19,FRAS1,FRAS1,0.0,0.0,0.0,0.0,8,False
LS_19,FREM2,FREM2,0.0,0.0,0.0,0.0,8,False
LS_19,FRRS1,FRRS1,1.86,0.0,1.11,0.9,8,False
LS_19,FURIN,FURIN,17.97,37.5,10.0,8.36,8,False
LS_19,FZD1,FZD1,0.31,0.0,3.89,1.36,8,False
LS_19,FZD2,FZD2,1.94,0.0,0.56,9.94,8,False
LS_19,FZD3,FZD3,0.31,0.0,4.44,0.68,8,False
LS_19,FZD4,FZD4,0.0,0.0,0.19,0.0,8,False
LS_19,FZD5,FZD5,0.39,0.0,2.41,1.13,8,False
LS_19,FZD6,FZD6,1.94,0.0,7.59,0.79,8,False
LS_19,FZD7,FZD7,0.39,0.0,0.74,0.11,8,False
LS_19,FZD8,FZD8,0.0,0.0,0.0,0.0,8,False
LS_19,FZD9,FZD9,0.0,0.0,0.19,0.11,8,False
LS_19,GABBR1,GABBR1,0.62,0.0,4.81,1.81,8,False
LS_19,GABRA1,GABRA1,0.0,0.0,0.0,0.0,8,False
LS_19,GABRA4,GABRA4,0.54,0.0,0.0,0.11,8,False
LS_19,GABRB1,GABRB1,0.08,0.0,0.0,0.0,8,False
LS_19,GABRB2,GABRB2,0.15,0.0,0.0,0.0,8,False
LS_19,GABRB3,GABRB3,0.0,0.0,0.37,0.0,8,False
LS_19,GABRD,GABRD,0.85,0.0,0.93,0.34,8,False
LS_19,GABRE,GABRE,0.0,0.0,0.0,0.0,8,False
LS_19,GABRG1,GABRG1,0.0,0.0,0.0,0.0,8,False
LS_19,GABRG2,GABRG2,0.0,0.0,0.0,0.0,8,False
LS_19,GABRP,GABRP,0.08,0.0,0.0,0.0,8,False
LS_19,GABRR1,GABRR1,0.08,0.0,0.0,0.0,8,False
LS_19,GABRR2,GABRR2,0.15,0.0,0.0,0.0,8,False
LS_19,GALR1,GALR1,0.0,0.0,0.0,0.0,8,False
LS_19,GALR2,GALR2,0.23,0.0,0.19,0.45,8,False
LS_19,GALR3,GALR3,0.23,0.0,0.93,0.56,8,False
LS_19,GAS1,GAS1,0.08,0.0,0.74,0.11,8,False
LS_19,GCGR,GCGR,0.0,0.0,0.0,0.0,8,False
LS_19,GDPD2,GDPD2,0.0,0.0,0.0,0.0,8,False
LS_19,GDPD5,GDPD5,0.85,0.0,1.3,2.03,8,False
LS_19,GFRA1,GFRA1,0.0,0.0,0.0,0.0,8,False
LS_19,GFRA2,GFRA2,0.0,0.0,0.0,0.0,8,False
LS_19,GFRA3,GFRA3,0.0,0.0,0.0,0.0,8,False
LS_19,GGT1,GGT1,0.0,0.0,0.19,0.0,8,False
LS_19,GGT7,GGT7,2.01,0.0,8.7,2.49,8,False
LS_19,GHR,GHR,0.0,0.0,0.0,0.0,8,False
LS_19,GHRHR,GHRHR,0.0,0.0,0.0,0.0,8,False
LS_19,GHSR,GHSR,0.0,0.0,0.0,0.0,8,False
LS_19,GIPR,GIPR,0.0,0.0,0.0,0.23,8,False
LS_19,GJA1,GJA1,1.01,0.0,0.0,0.11,8,False
LS_19,GJA3,GJA3,1.01,0.0,0.0,0.56,8,False
LS_19,GJA4,GJA4,0.15,0.0,0.56,0.0,8,False
LS_19,GJB2,GJB2,0.0,0.0,0.0,0.0,8,False
LS_19,GJB3,GJB3,0.0,0.0,0.0,0.0,8,False
LS_19,GJB6,GJB6,0.0,0.0,0.0,0.0,8,False
LS_19,GJB7,GJB7,0.0,0.0,0.19,0.0,8,False
LS_19,GJC2,GJC2,0.23,0.0,2.78,0.34,8,False
LS_19,GJC3,GJC3,0.08,0.0,0.74,0.0,8,False
LS_19,GJD2,GJD2,0.0,0.0,0.0,0.0,8,False
LS_19,GLDN,GLDN,0.0,0.0,0.0,0.0,8,False
LS_19,GLP1R,GLP1R,0.0,0.0,0.0,0.0,8,False
LS_19,GLP2R,GLP2R,0.0,0.0,0.0,0.0,8,False
LS_19,GLRA2,GLRA2,0.0,0.0,0.0,0.0,8,False
LS_19,GLRA3,GLRA3,0.0,0.0,0.0,0.0,8,False
LS_19,GLRA4,GLRA4,0.0,0.0,0.0,0.0,8,False
LS_19,GLRB,GLRB,0.0,0.0,1.48,0.0,8,False
LS_19,GML,GML,0.0,0.0,0.0,0.0,8,False
LS_19,GNRHR,GNRHR,0.0,0.0,0.0,0.0,8,False
LS_19,GP1BA,GP1BA,0.46,0.0,2.41,0.11,8,False
LS_19,GP1BB,GP1BB,3.41,0.0,5.93,0.79,8,False
LS_19,GP5,GP5,0.0,0.0,0.0,0.0,8,False
LS_19,GP6,GP6,0.08,0.0,0.0,0.45,8,False
LS_19,GPA33,GPA33,6.89,12.5,1.67,1.02,8,False
LS_19,GPBAR1,GPBAR1,0.15,0.0,0.0,8.02,8,False
LS_19,GPC1,GPC1,0.7,0.0,1.3,1.13,8,False
LS_19,GPC2,GPC2,1.86,0.0,7.59,0.68,8,False
LS_19,GPC3,GPC3,0.08,0.0,0.19,0.0,8,False
LS_19,GPC4,GPC4,0.08,0.0,0.0,0.0,8,False
LS_19,GPC5,GPC5,0.0,0.0,4.07,0.11,8,False
LS_19,GPC6,GPC6,0.23,0.0,0.74,0.0,8,False
LS_19,GPER1,GPER1,0.15,0.0,0.19,0.34,8,False
LS_19,GPIHBP1,GPIHBP1,0.0,0.0,0.0,0.0,8,False
LS_19,GPM6A,GPM6A,0.0,0.0,0.0,0.0,8,False
LS_19,GPM6B,GPM6B,0.93,0.0,2.04,1.24,8,False
LS_19,GPNMB,GPNMB,0.08,0.0,0.19,0.0,8,False
LS_19,GPR1,GPR1,0.0,0.0,0.0,0.11,8,False
LS_19,GPR101,GPR101,0.0,0.0,0.0,0.0,8,False
LS_19,GPR12,GPR12,0.77,0.0,2.78,3.5,8,False
LS_19,GPR132,GPR132,1.01,0.0,0.56,2.94,8,False
LS_19,GPR137B,GPR137B,2.48,0.0,5.37,1.69,8,False
LS_19,GPR137C,GPR137C,1.08,0.0,1.85,1.36,8,False
LS_19,GPR141,GPR141,1.08,0.0,4.44,4.41,8,False
LS_19,GPR142,GPR142,0.0,0.0,0.0,0.0,8,False
LS_19,GPR15,GPR15,0.0,0.0,0.0,0.0,8,False
LS_19,GPR150,GPR150,0.62,0.0,1.67,0.34,8,False
LS_19,GPR151,GPR151,0.08,0.0,0.0,0.0,8,False
LS_19,GPR152,GPR152,0.0,0.0,0.0,0.0,8,False
LS_19,GPR153,GPR153,0.23,0.0,0.0,0.56,8,False
LS_19,GPR155,GPR155,0.93,0.0,0.56,0.79,8,False
LS_19,GPR157,GPR157,1.47,0.0,2.04,0.68,8,False
LS_19,GPR158,GPR158,0.0,0.0,0.0,0.0,8,False
LS_19,GPR160,GPR160,1.78,0.0,2.41,6.55,8,False
LS_19,GPR161,GPR161,0.23,0.0,1.11,0.23,8,False
LS_19,GPR162,GPR162,1.63,0.0,4.81,3.5,8,False
LS_19,GPR17,GPR17,0.08,0.0,0.0,0.0,8,False
LS_19,GPR171,GPR171,0.39,0.0,1.11,0.11,8,False
LS_19,GPR173,GPR173,0.0,0.0,1.3,0.11,8,False
LS_19,GPR174,GPR174,18.05,37.5,8.52,1.36,8,False
LS_19,GPR176,GPR176,0.08,0.0,0.0,0.11,8,False
LS_19,GPR179,GPR179,0.08,0.0,0.0,0.0,8,False
LS_19,GPR18,GPR18,0.39,0.0,0.37,0.79,8,False
LS_19,GPR180,GPR180,8.13,25.0,7.96,4.52,8,False
LS_19,GPR182,GPR182,0.0,0.0,0.0,0.0,8,False
LS_19,GPR19,GPR19,0.08,0.0,0.56,0.34,8,False
LS_19,GPR20,GPR20,0.08,0.0,0.0,0.0,8,False
LS_19,GPR21,GPR21,0.0,0.0,0.19,0.0,8,False
LS_19,GPR22,GPR22,0.08,0.0,0.93,0.11,8,False
LS_19,GPR25,GPR25,0.0,0.0,0.0,0.11,8,False
LS_19,GPR3,GPR3,0.31,0.0,1.11,0.11,8,False
LS_19,GPR31,GPR31,0.0,0.0,0.0,0.0,8,False
LS_19,GPR32,GPR32,0.46,0.0,0.19,0.0,8,False
LS_19,GPR33,GPR33,0.0,0.0,0.0,0.0,8,False
LS_19,GPR34,GPR34,0.23,0.0,0.19,0.34,8,False
LS_19,GPR35,GPR35,2.4,0.0,0.93,3.62,8,False
LS_19,GPR37,GPR37,0.0,0.0,0.19,0.0,8,False
LS_19,GPR37L1,GPR37L1,0.08,0.0,0.0,0.11,8,False
LS_19,GPR39,GPR39,0.0,0.0,0.0,0.0,8,False
LS_19,GPR4,GPR4,0.0,0.0,0.0,0.0,8,False
LS_19,GPR42,GPR42,0.0,0.0,0.19,0.0,8,False
LS_19,GPR45,GPR45,0.0,0.0,0.0,0.0,8,False
LS_19,GPR52,GPR52,0.0,0.0,0.0,0.0,8,False
LS_19,GPR55,GPR55,1.08,0.0,0.0,0.23,8,False
LS_19,GPR61,GPR61,0.0,0.0,0.19,0.0,8,False
LS_19,GPR62,GPR62,0.0,0.0,0.0,0.0,8,False
LS_19,GPR63,GPR63,0.23,0.0,2.78,0.45,8,False
LS_19,GPR65,GPR65,2.09,0.0,0.74,5.08,8,False
LS_19,GPR68,GPR68,0.0,0.0,0.0,0.11,8,False
LS_19,GPR75,GPR75,0.31,0.0,0.37,0.34,8,False
LS_19,GPR78,GPR78,0.0,0.0,0.0,0.0,8,False
LS_19,GPR82,GPR82,0.15,0.0,0.56,0.0,8,False
LS_19,GPR83,GPR83,0.0,0.0,0.0,0.0,8,False
LS_19,GPR84,GPR84,0.46,0.0,0.19,2.15,8,False
LS_19,GPR85,GPR85,1.39,0.0,0.74,2.15,8,False
LS_19,GPR87,GPR87,0.0,0.0,0.0,0.0,8,False
LS_19,GPR88,GPR88,0.0,0.0,0.0,0.0,8,False
LS_19,GPRC5A,GPRC5A,0.0,0.0,0.0,0.11,8,False
LS_19,GPRC5B,GPRC5B,0.08,0.0,0.19,0.0,8,False
LS_19,GPRC5C,GPRC5C,4.11,0.0,4.63,1.36,8,False
LS_19,GPRC5D,GPRC5D,0.23,0.0,0.0,0.0,8,False
LS_19,GRAMD1B,GRAMD1B,1.08,0.0,5.37,6.33,8,False
LS_19,GRIA3,GRIA3,0.0,0.0,0.0,0.0,8,False
LS_19,GRID1,GRID1,0.08,0.0,0.0,0.23,8,False
LS_19,GRIK1,GRIK1,0.0,0.0,0.0,0.0,8,False
LS_19,GRIK2,GRIK2,0.0,0.0,0.0,0.0,8,False
LS_19,GRIK3,GRIK3,0.0,0.0,0.0,0.0,8,False
LS_19,GRIK4,GRIK4,0.0,0.0,0.0,0.0,8,False
LS_19,GRIK5,GRIK5,2.48,12.5,4.81,2.26,8,False
LS_19,GRIN1,GRIN1,0.0,0.0,0.19,0.0,8,False
LS_19,GRIN2B,GRIN2B,0.0,0.0,0.0,0.0,8,False
LS_19,GRIN2C,GRIN2C,0.0,0.0,0.19,0.0,8,False
LS_19,GRIN2D,GRIN2D,0.23,0.0,0.37,0.45,8,False
LS_19,GRIN3A,GRIN3A,0.0,0.0,0.0,0.0,8,False
LS_19,GRIN3B,GRIN3B,0.0,0.0,0.19,0.0,8,False
LS_19,GRM1,GRM1,0.0,0.0,0.0,0.0,8,False
LS_19,GRM2,GRM2,0.23,0.0,0.0,0.0,8,False
LS_19,GRM3,GRM3,0.0,0.0,0.0,0.0,8,False
LS_19,GRM4,GRM4,0.0,0.0,0.0,0.0,8,False
LS_19,GRM6,GRM6,0.0,0.0,0.0,0.0,8,False
LS_19,GRM7,GRM7,0.08,0.0,0.0,0.0,8,False
LS_19,GRPR,GRPR,0.08,0.0,0.0,0.0,8,False
LS_19,GSG1,GSG1,0.0,0.0,0.19,0.0,8,False
LS_19,GSG1L,GSG1L,0.0,0.0,0.0,0.11,8,False
LS_19,GUCY2C,GUCY2C,0.0,0.0,0.0,0.11,8,False
LS_19,GYPA,GYPA,0.0,0.0,0.19,0.0,8,False
LS_19,HAVCR1,HAVCR1,0.08,0.0,0.0,0.0,8,False
LS_19,HAVCR2,HAVCR2,12.24,0.0,1.48,4.97,8,False
LS_19,HCAR1,HCAR1,0.08,0.0,0.0,0.0,8,False
LS_19,HCAR2,HCAR2,0.54,0.0,0.37,4.07,8,False
LS_19,HCAR3,HCAR3,0.93,0.0,0.37,4.63,8,False
LS_19,HCRTR1,HCRTR1,0.0,0.0,0.0,0.0,8,False
LS_19,HCRTR2,HCRTR2,0.0,0.0,0.0,0.0,8,False
LS_19,HEG1,HEG1,0.15,0.0,5.0,1.13,8,False
LS_19,HEPACAM2,HEPACAM2,0.0,0.0,0.0,0.0,8,False
LS_19,HEPH,HEPH,0.0,0.0,0.0,0.0,8,False
LS_19,HEPHL1,HEPHL1,0.0,0.0,0.0,0.0,8,False
LS_19,HFE,HFE,0.15,0.0,0.19,0.23,8,False
LS_19,HHLA2,HHLA2,0.08,0.0,0.37,0.68,8,False
LS_19,HLA-DOB,HLA-DOB,0.23,0.0,0.19,0.34,8,False
LS_19,HLA-DQB2,HLA-DQB2,2.71,0.0,2.59,2.82,8,False
LS_19,HLA-G,HLA-G,4.96,0.0,1.85,4.97,8,False
LS_19,HRH1,HRH1,0.15,0.0,0.19,0.9,8,False
LS_19,HRH3,HRH3,0.0,0.0,0.0,0.0,8,False
LS_19,HRH4,HRH4,0.39,0.0,0.19,0.0,8,False
LS_19,HTR1B,HTR1B,0.0,0.0,0.56,0.0,8,False
LS_19,HTR2A,HTR2A,0.0,0.0,0.19,0.0,8,False
LS_19,HTR2B,HTR2B,0.0,0.0,0.0,0.0,8,False
LS_19,HTR3A,HTR3A,0.08,0.0,0.0,0.45,8,False
LS_19,HTR3B,HTR3B,0.0,0.0,0.0,0.0,8,False
LS_19,HTR3C,HTR3C,0.0,0.0,0.0,0.0,8,False
LS_19,HTR3E,HTR3E,0.0,0.0,0.0,0.0,8,False
LS_19,HTR4,HTR4,0.0,0.0,0.0,0.0,8,False
LS_19,HTR6,HTR6,0.08,0.0,0.19,0.0,8,False
LS_19,HTR7,HTR7,0.85,0.0,0.37,0.68,8,False
LS_19,HYAL2,HYAL2,2.32,0.0,1.67,2.26,8,False
LS_19,ICAM1,ICAM1,6.2,12.5,2.59,3.16,8,False
LS_19,ICAM5,ICAM5,1.32,0.0,0.93,0.68,8,False
LS_19,ICOS,ICOS,0.08,0.0,0.0,0.0,8,False
LS_19,ICOSLG,ICOSLG,3.33,0.0,3.7,2.26,8,False
LS_19,IFNLR1,IFNLR1,0.0,0.0,0.37,0.0,8,False
LS_19,IGDCC4,IGDCC4,0.0,0.0,0.0,0.0,8,False
LS_19,IGF2R,IGF2R,2.87,12.5,3.52,5.54,8,False
LS_19,IGSF1,IGSF1,0.0,0.0,0.0,0.0,8,False
LS_19,IGSF11,IGSF11,0.0,0.0,0.19,0.0,8,False
LS_19,IGSF3,IGSF3,0.0,0.0,0.0,0.9,8,False
LS_19,IGSF9,IGSF9,0.08,0.0,0.37,0.0,8,False
LS_19,IGSF9B,IGSF9B,0.0,0.0,0.37,0.11,8,False
LS_19,IL11RA,IL11RA,2.94,0.0,2.96,1.81,8,False
LS_19,IL12RB1,IL12RB1,6.04,0.0,2.96,3.39,8,False
LS_19,IL13RA2,IL13RA2,0.0,0.0,0.0,0.0,8,False
LS_19,IL17RB,IL17RB,0.0,0.0,0.19,0.0,8,False
LS_19,IL17RD,IL17RD,0.0,0.0,0.19,0.0,8,False
LS_19,IL17RE,IL17RE,8.29,25.0,7.78,3.62,8,False
LS_19,IL18R1,IL18R1,0.46,0.0,2.78,0.11,8,False
LS_19,IL18RAP,IL18RAP,0.0,0.0,0.19,0.0,8,False
LS_19,IL1R1,IL1R1,0.46,0.0,0.19,0.0,8,False
LS_19,IL1R2,IL1R2,0.0,0.0,0.0,0.11,8,False
LS_19,IL1RAP,IL1RAP,29.82,50.0,5.74,9.94,8,True
LS_19,IL1RL1,IL1RL1,0.23,0.0,0.19,0.0,8,False
LS_19,IL1RL2,IL1RL2,0.0,0.0,0.0,0.0,8,False
LS_19,IL20RB,IL20RB,0.15,0.0,0.0,0.0,8,False
LS_19,IL21R,IL21R,0.08,0.0,0.0,0.11,8,False
LS_19,IL23R,IL23R,0.0,0.0,0.0,0.0,8,False
LS_19,IL2RA,IL2RA,2.09,0.0,0.37,0.0,8,False
LS_19,IL2RB,IL2RB,0.15,0.0,0.19,0.23,8,False
LS_19,IL31RA,IL31RA,0.0,0.0,0.19,0.68,8,False
LS_19,IL4R,IL4R,3.02,0.0,4.44,8.7,8,False
LS_19,IL5RA,IL5RA,1.63,0.0,0.56,0.9,8,False
LS_19,IL7R,IL7R,0.54,0.0,1.67,0.68,8,False
LS_19,IL9R,IL9R,4.11,12.5,1.11,0.56,8,False
LS_19,ILDR1,ILDR1,0.0,0.0,0.56,0.0,8,False
LS_19,IMPG2,IMPG2,0.23,0.0,0.19,0.23,8,False
LS_19,INSRR,INSRR,0.15,0.0,0.0,0.0,8,False
LS_19,ITGA1,ITGA1,0.08,0.0,0.0,0.56,8,False
LS_19,ITGA10,ITGA10,0.08,0.0,0.0,0.11,8,False
LS_19,ITGA11,ITGA11,0.39,0.0,0.37,0.23,8,False
LS_19,ITGA2,ITGA2,0.85,0.0,4.44,0.56,8,False
LS_19,ITGA2B,ITGA2B,3.8,0.0,4.81,1.36,8,False
LS_19,ITGA3,ITGA3,0.0,0.0,0.56,0.0,8,False
LS_19,ITGA7,ITGA7,0.39,0.0,0.37,4.63,8,False
LS_19,ITGA8,ITGA8,0.0,0.0,0.0,0.0,8,False
LS_19,ITGAD,ITGAD,0.08,0.0,0.0,0.0,8,False
LS_19,ITGAV,ITGAV,3.87,0.0,9.26,2.49,8,False
LS_19,ITGAX,ITGAX,11.93,12.5,0.93,6.55,8,False
LS_19,ITGB3,ITGB3,0.08,0.0,0.0,0.11,8,False
LS_19,ITGB4,ITGB4,0.23,0.0,1.11,0.45,8,False
LS_19,ITGB5,ITGB5,0.85,0.0,0.0,0.79,8,False
LS_19,ITGB6,ITGB6,0.0,0.0,0.0,0.0,8,False
LS_19,ITGB8,ITGB8,1.32,0.0,4.26,0.0,8,False
LS_19,ITLN1,ITLN1,0.08,0.0,0.0,0.0,8,False
LS_19,IZUMO1,IZUMO1,0.0,0.0,0.0,0.11,8,False
LS_19,JAG1,JAG1,2.09,0.0,1.67,2.94,8,False
LS_19,JAG2,JAG2,0.15,0.0,0.19,0.0,8,False
LS_19,JAM2,JAM2,0.08,0.0,5.56,0.0,8,False
LS_19,JAM3,JAM3,0.77,0.0,3.7,0.45,8,False
LS_19,KCNJ12,KCNJ12,0.0,0.0,2.59,0.34,8,False
LS_19,KCNJ3,KCNJ3,0.0,0.0,0.0,0.0,8,False
LS_19,KCNJ4,KCNJ4,0.0,0.0,0.0,0.0,8,False
LS_19,KCNK5,KCNK5,3.02,0.0,1.85,1.92,8,False
LS_19,KCNMB1,KCNMB1,0.77,0.0,1.48,1.36,8,False
LS_19,KCNMB2,KCNMB2,0.08,0.0,0.0,0.0,8,False
LS_19,KCNMB3,KCNMB3,1.32,0.0,1.48,0.79,8,False
LS_19,KCNMB4,KCNMB4,3.72,0.0,4.81,1.36,8,False
LS_19,KCNS1,KCNS1,0.0,0.0,0.37,0.11,8,False
LS_19,KCNV2,KCNV2,0.0,0.0,0.0,0.0,8,False
LS_19,KDR,KDR,0.0,0.0,0.19,0.0,8,False
LS_19,KEL,KEL,0.0,0.0,0.56,0.0,8,False
LS_19,KIAA0319,KIAA0319,0.0,0.0,0.19,0.0,8,False
LS_19,KIAA1324,KIAA1324,0.0,0.0,0.0,0.23,8,False
LS_19,KIAA1324L,KIAA1324L,1.01,0.0,2.41,0.9,8,False
LS_19,KIAA1549L,KIAA1549L,0.0,0.0,0.0,0.11,8,False
LS_19,KIR2DL1,KIR2DL1,0.0,0.0,0.0,0.0,8,False
LS_19,KIR2DL3,KIR2DL3,0.0,0.0,0.0,0.0,8,False
LS_19,KIR2DL4,KIR2DL4,0.0,0.0,0.0,0.0,8,False
LS_19,KIR3DL1,KIR3DL1,0.0,0.0,0.0,0.0,8,False
LS_19,KIR3DL2,KIR3DL2,0.0,0.0,0.19,0.11,8,False
LS_19,KIR3DL3,KIR3DL3,0.0,0.0,0.0,0.0,8,False
LS_19,KIRREL2,KIRREL2,0.0,0.0,0.0,0.0,8,False
LS_19,KIRREL3,KIRREL3,0.39,0.0,0.0,0.11,8,False
LS_19,KISS1R,KISS1R,0.0,0.0,0.0,0.0,8,False
LS_19,KITLG,KITLG,0.23,0.0,0.0,0.34,8,False
LS_19,KL,KL,0.08,0.0,0.74,0.0,8,False
LS_19,KLRB1,KLRB1,0.31,0.0,1.11,0.0,8,False
LS_19,KLRC1,KLRC1,0.0,0.0,0.0,0.0,8,False
LS_19,KLRC2,KLRC2,0.08,0.0,0.0,0.0,8,False
LS_19,KLRC3,KLRC3,0.0,0.0,0.0,0.0,8,False
LS_19,KLRF1,KLRF1,0.39,0.0,0.37,0.11,8,False
LS_19,KLRF2,KLRF2,0.0,0.0,0.19,0.34,8,False
LS_19,KLRK1,KLRK1,0.77,0.0,0.0,0.11,8,False
LS_19,KREMEN1,KREMEN1,0.31,0.0,0.19,0.0,8,False
LS_19,KREMEN2,KREMEN2,0.0,0.0,0.0,0.45,8,False
LS_19,L1CAM,L1CAM,0.0,0.0,0.0,0.0,8,False
LS_19,LAG3,LAG3,3.56,0.0,7.04,0.11,8,False
LS_19,LAMP3,LAMP3,0.0,0.0,0.0,0.0,8,False
LS_19,LAMP5,LAMP5,0.77,12.5,0.19,1.92,8,False
LS_19,LAYN,LAYN,0.08,0.0,0.19,0.79,8,False
LS_19,LCT,LCT,2.79,0.0,0.74,0.23,8,False
LS_19,LDLRAD3,LDLRAD3,0.31,0.0,0.56,0.9,8,False
LS_19,LEPR,LEPR,4.03,0.0,2.41,1.24,8,False
LS_19,LGR4,LGR4,0.15,0.0,1.11,0.0,8,False
LS_19,LGR5,LGR5,0.08,0.0,0.19,0.0,8,False
LS_19,LGR6,LGR6,0.85,0.0,0.56,0.0,8,False
LS_19,LHFPL1,LHFPL1,0.0,0.0,0.0,0.0,8,False
LS_19,LHFPL4,LHFPL4,0.15,0.0,0.0,0.0,8,False
LS_19,LHFPL5,LHFPL5,4.96,0.0,6.3,2.82,8,False
LS_19,LIFR,LIFR,0.23,0.0,0.0,0.0,8,False
LS_19,LILRA1,LILRA1,3.18,12.5,1.48,7.46,8,False
LS_19,LILRA4,LILRA4,0.15,0.0,0.19,0.11,8,False
LS_19,LILRA5,LILRA5,0.08,0.0,0.74,4.63,8,False
LS_19,LILRA6,LILRA6,0.0,0.0,0.19,1.36,8,False
LS_19,LILRB1,LILRB1,0.31,0.0,1.3,6.44,8,False
LS_19,LILRB2,LILRB2,1.47,0.0,4.44,6.89,8,False
LS_19,LILRB3,LILRB3,0.39,0.0,0.37,4.41,8,False
LS_19,LILRB5,LILRB5,0.08,0.0,0.0,0.23,8,False
LS_19,LIM2,LIM2,0.0,0.0,0.0,0.0,8,False
LS_19,LINGO1,LINGO1,0.0,0.0,0.0,0.0,8,False
LS_19,LINGO2,LINGO2,0.0,0.0,0.0,0.0,8,False
LS_19,LINGO3,LINGO3,2.25,0.0,0.93,0.56,8,False
LS_19,LINGO4,LINGO4,0.0,0.0,0.0,0.0,8,False
LS_19,LMAN2L,LMAN2L,8.6,12.5,6.11,2.03,8,False
LS_19,LMBR1L,LMBR1L,14.79,37.5,9.44,4.52,8,False
LS_19,LMBRD2,LMBRD2,7.05,0.0,6.11,3.5,8,False
LS_19,LPAR1,LPAR1,1.24,0.0,0.74,2.03,8,False
LS_19,LPAR2,LPAR2,6.97,0.0,5.56,5.31,8,False
LS_19,LPAR3,LPAR3,0.08,0.0,0.0,0.0,8,False
LS_19,LPAR4,LPAR4,1.63,0.0,0.74,1.58,8,False
LS_19,LPAR5,LPAR5,1.32,0.0,0.74,0.34,8,False
LS_19,LPAR6,LPAR6,4.8,25.0,2.59,2.49,8,False
LS_19,LPL,LPL,0.0,0.0,0.0,1.02,8,False
LS_19,LRFN1,LRFN1,1.47,0.0,0.74,1.81,8,False
LS_19,LRFN2,LRFN2,0.0,0.0,0.0,0.0,8,False
LS_19,LRFN3,LRFN3,0.15,0.0,1.11,0.23,8,False
LS_19,LRFN4,LRFN4,8.99,0.0,7.59,6.78,8,False
LS_19,LRIG1,LRIG1,0.08,0.0,2.04,0.68,8,False
LS_19,LRIG2,LRIG2,7.9,0.0,8.52,5.2,8,False
LS_19,LRIG3,LRIG3,0.0,0.0,0.0,0.0,8,False
LS_19,LRIT3,LRIT3,0.23,0.0,0.0,0.0,8,False
LS_19,LRP11,LRP11,2.01,0.0,2.41,3.05,8,False
LS_19,LRP12,LRP12,5.11,12.5,2.96,1.24,8,False
LS_19,LRP1B,LRP1B,0.0,0.0,0.37,0.0,8,False
LS_19,LRP2,LRP2,0.0,0.0,0.0,0.0,8,False
LS_19,LRP3,LRP3,1.55,0.0,2.41,9.38,8,False
LS_19,LRP4,LRP4,0.23,0.0,0.37,1.36,8,False
LS_19,LRP5,LRP5,7.36,0.0,9.63,3.62,8,False
LS_19,LRP6,LRP6,0.77,0.0,5.56,1.92,8,False
LS_19,LRRC19,LRRC19,0.0,0.0,0.0,0.0,8,False
LS_19,LRRC24,LRRC24,1.01,0.0,0.74,1.36,8,False
LS_19,LRRC32,LRRC32,0.0,0.0,0.0,0.11,8,False
LS_19,LRRC37A,LRRC37A,1.08,0.0,0.19,0.34,8,False
LS_19,LRRC37A2,LRRC37A2,2.87,0.0,2.78,2.82,8,False
LS_19,LRRC37A3,LRRC37A3,1.39,0.0,1.11,1.81,8,False
LS_19,LRRC37B,LRRC37B,4.18,0.0,4.81,3.28,8,False
LS_19,LRRC38,LRRC38,0.15,0.0,0.0,0.0,8,False
LS_19,LRRC3B,LRRC3B,0.0,0.0,0.0,0.0,8,False
LS_19,LRRC4,LRRC4,0.31,0.0,0.37,1.02,8,False
LS_19,LRRC4B,LRRC4B,0.08,0.0,0.0,0.0,8,False
LS_19,LRRC4C,LRRC4C,0.0,0.0,0.74,0.0,8,False
LS_19,LRRN1,LRRN1,0.31,0.0,5.74,0.0,8,False
LS_19,LRRN2,LRRN2,0.31,0.0,0.93,0.0,8,False
LS_19,LRRN3,LRRN3,0.0,0.0,0.19,0.11,8,False
LS_19,LRRN4,LRRN4,0.0,0.0,0.0,0.0,8,False
LS_19,LRRN4CL,LRRN4CL,0.08,0.0,0.0,0.0,8,False
LS_19,LRRTM2,LRRTM2,0.08,0.0,0.37,0.0,8,False
LS_19,LRRTM3,LRRTM3,0.0,0.0,0.0,0.0,8,False
LS_19,LRTM1,LRTM1,0.0,0.0,0.0,0.0,8,False
LS_19,LRTM2,LRTM2,0.0,0.0,0.0,0.0,8,False
LS_19,LSAMP,LSAMP,0.08,0.0,0.0,0.11,8,False
LS_19,LSMEM1,LSMEM1,0.54,0.0,0.0,0.34,8,False
LS_19,LTK,LTK,11.0,25.0,1.11,2.94,8,False
LS_19,LY6D,LY6D,0.0,0.0,0.0,0.0,8,False
LS_19,LY6G6C,LY6G6C,0.54,0.0,0.19,0.11,8,False
LS_19,LY6G6D,LY6G6D,0.08,0.0,0.0,0.0,8,False
LS_19,LY6G6F,LY6G6F,0.08,0.0,0.0,0.11,8,False
LS_19,LY6H,LY6H,0.08,0.0,0.19,0.11,8,False
LS_19,LY6K,LY6K,0.31,0.0,0.0,0.11,8,False
LS_19,LY9,LY9,1.7,0.0,0.93,2.37,8,False
LS_19,LYNX1,LYNX1,0.08,0.0,0.19,0.23,8,False
LS_19,LYPD1,LYPD1,0.0,0.0,0.0,0.11,8,False
LS_19,LYPD2,LYPD2,0.0,0.0,0.0,0.11,8,False
LS_19,LYPD3,LYPD3,0.23,0.0,1.11,0.34,8,False
LS_19,LYPD5,LYPD5,0.31,0.0,0.93,0.23,8,False
LS_19,LYPD6B,LYPD6B,0.08,0.0,0.37,0.0,8,False
LS_19,LYPD8,LYPD8,0.08,0.0,0.0,0.11,8,False
LS_19,LYSMD3,LYSMD3,7.28,12.5,8.15,3.28,8,False
LS_19,LYVE1,LYVE1,0.0,0.0,0.0,0.0,8,False
LS_19,MAG,MAG,0.15,0.0,0.19,0.23,8,False
LS_19,MAMDC4,MAMDC4,1.08,0.0,0.37,2.26,8,False
LS_19,MANSC1,MANSC1,0.62,0.0,5.93,1.47,8,False
LS_19,MANSC4,MANSC4,0.0,0.0,0.0,0.0,8,False
LS_19,MAS1,MAS1,0.54,0.0,0.0,0.11,8,False
LS_19,MC1R,MC1R,0.39,0.0,0.19,0.56,8,False
LS_19,MC2R,MC2R,0.0,0.0,0.0,0.0,8,False
LS_19,MC4R,MC4R,0.0,0.0,0.0,0.0,8,False
LS_19,MCAM,MCAM,0.0,0.0,0.19,0.0,8,False
LS_19,MCHR1,MCHR1,0.0,0.0,0.0,0.0,8,False
LS_19,MDGA1,MDGA1,0.39,0.0,0.74,0.0,8,False
LS_19,MDGA2,MDGA2,0.0,0.0,1.11,0.0,8,False
LS_19,MEGF10,MEGF10,1.16,12.5,0.19,1.13,8,False
LS_19,MEGF11,MEGF11,0.15,0.0,0.56,0.23,8,False
LS_19,MEGF8,MEGF8,7.13,12.5,9.26,5.65,8,False
LS_19,MEP1A,MEP1A,0.0,0.0,0.0,0.0,8,False
LS_19,MEP1B,MEP1B,0.0,0.0,0.0,0.0,8,False
LS_19,MERTK,MERTK,5.42,0.0,5.37,1.24,8,False
LS_19,MET,MET,0.0,0.0,0.0,0.0,8,False
LS_19,MFAP3,MFAP3,2.94,0.0,4.63,0.45,8,False
LS_19,MFAP3L,MFAP3L,0.08,0.0,1.11,0.0,8,False
LS_19,MFRP,MFRP,0.0,0.0,0.0,0.0,8,False
LS_19,MFSD2A,MFSD2A,0.54,0.0,1.48,5.31,8,False
LS_19,MFSD2B,MFSD2B,2.71,25.0,0.56,0.0,8,False
LS_19,MFSD6L,MFSD6L,0.0,0.0,0.19,0.0,8,False
LS_19,MFSD8,MFSD8,9.14,0.0,5.56,2.15,8,False
LS_19,MICA,MICA,5.03,0.0,4.44,3.39,8,False
LS_19,MICB,MICB,3.87,0.0,4.81,4.86,8,False
LS_19,MILR1,MILR1,13.79,50.0,3.15,6.55,8,False
LS_19,MIP,MIP,0.0,0.0,0.0,0.11,8,False
LS_19,MLNR,MLNR,0.31,0.0,0.56,0.0,8,False
LS_19,MME,MME,0.0,0.0,0.93,0.34,8,False
LS_19,MMEL1,MMEL1,2.25,0.0,2.22,2.49,8,False
LS_19,MMP14,MMP14,0.7,0.0,0.56,3.05,8,False
LS_19,MMP16,MMP16,0.0,0.0,0.56,0.0,8,False
LS_19,MMP17,MMP17,0.85,0.0,1.3,7.46,8,False
LS_19,MMP25,MMP25,0.0,0.0,0.0,2.94,8,False
LS_19,MPZ,MPZ,3.25,0.0,2.59,1.13,8,False
LS_19,MPZL2,MPZL2,0.0,0.0,3.7,0.34,8,False
LS_19,MPZL3,MPZL3,1.24,0.0,1.3,0.56,8,False
LS_19,MRC1,MRC1,0.08,0.0,0.74,2.26,8,False
LS_19,MRC2,MRC2,14.64,0.0,7.22,4.41,8,False
LS_19,MRGPRD,MRGPRD,0.0,0.0,0.0,0.0,8,False
LS_19,MRGPRE,MRGPRE,0.0,0.0,0.0,0.11,8,False
LS_19,MRGPRF,MRGPRF,0.0,0.0,0.0,0.23,8,False
LS_19,MRGPRX2,MRGPRX2,0.0,0.0,0.0,0.0,8,False
LS_19,MRGPRX3,MRGPRX3,0.0,0.0,0.0,0.0,8,False
LS_19,MRVI1,MRVI1,0.62,0.0,0.37,0.9,8,False
LS_19,MS4A1,MS4A1,0.0,0.0,1.67,0.11,8,False
LS_19,MS4A15,MS4A15,0.0,0.0,0.0,0.0,8,False
LS_19,MSLNL,MSLNL,0.0,0.0,0.0,0.0,8,False
LS_19,MSR1,MSR1,0.08,0.0,0.0,0.11,8,False
LS_19,MST1R,MST1R,0.08,0.0,0.0,0.0,8,False
LS_19,MUC1,MUC1,1.16,0.0,1.11,0.79,8,False
LS_19,MUC12,MUC12,0.31,0.0,0.56,2.03,8,False
LS_19,MUC16,MUC16,0.08,0.0,0.0,0.0,8,False
LS_19,MUC3A,MUC3A,0.0,0.0,0.0,0.0,8,False
LS_19,MUC4,MUC4,0.08,0.0,0.0,0.11,8,False
LS_19,MUSK,MUSK,0.0,0.0,0.0,0.11,8,False
LS_19,MXRA8,MXRA8,0.0,0.0,0.0,0.11,8,False
LS_19,MYADML2,MYADML2,0.0,0.0,0.0,0.0,8,False
LS_19,MYOF,MYOF,3.95,0.0,0.56,6.67,8,False
LS_19,NCAM1,NCAM1,0.54,0.0,0.19,2.15,8,False
LS_19,NCAM2,NCAM2,0.0,0.0,0.0,0.34,8,False
LS_19,NCMAP,NCMAP,0.0,0.0,0.0,0.0,8,False
LS_19,NCR1,NCR1,0.7,0.0,0.19,0.0,8,False
LS_19,NCR2,NCR2,0.0,0.0,0.0,0.0,8,False
LS_19,NCR3,NCR3,3.64,0.0,0.93,0.11,8,False
LS_19,NCR3LG1,NCR3LG1,0.15,0.0,0.56,1.47,8,False
LS_19,NEO1,NEO1,0.0,0.0,0.0,0.34,8,False
LS_19,NETO1,NETO1,2.25,12.5,0.0,0.11,8,False
LS_19,NFASC,NFASC,0.0,0.0,0.0,0.0,8,False
LS_19,NGFR,NGFR,0.0,0.0,0.19,0.0,8,False
LS_19,NIPAL1,NIPAL1,0.0,0.0,0.19,0.0,8,False
LS_19,NIPAL4,NIPAL4,0.0,0.0,0.19,0.0,8,False
LS_19,NKAIN1,NKAIN1,0.0,0.0,0.0,0.11,8,False
LS_19,NKAIN3,NKAIN3,0.0,0.0,0.0,0.0,8,False
LS_19,NLGN1,NLGN1,0.0,0.0,1.48,0.11,8,False
LS_19,NLGN2,NLGN2,0.85,0.0,6.85,0.9,8,False
LS_19,NLGN3,NLGN3,0.7,0.0,0.56,0.23,8,False
LS_19,NLGN4Y,NLGN4Y,0.0,0.0,0.0,0.0,8,False
LS_19,NMBR,NMBR,0.08,0.0,0.0,0.0,8,False
LS_19,NMUR1,NMUR1,1.24,0.0,0.37,2.15,8,False
LS_19,NOTCH3,NOTCH3,0.31,0.0,0.0,0.11,8,False
LS_19,NOTCH4,NOTCH4,0.93,0.0,2.22,1.81,8,False
LS_19,NPBWR1,NPBWR1,0.0,0.0,0.0,0.0,8,False
LS_19,NPBWR2,NPBWR2,0.0,0.0,0.0,0.0,8,False
LS_19,NPC1,NPC1,3.95,0.0,4.44,2.82,8,False
LS_19,NPC1L1,NPC1L1,0.0,0.0,0.0,0.0,8,False
LS_19,NPFFR1,NPFFR1,0.0,0.0,0.0,0.0,8,False
LS_19,NPHS1,NPHS1,0.0,0.0,0.0,0.0,8,False
LS_19,NPR1,NPR1,0.0,0.0,0.0,0.0,8,False
LS_19,NPR2,NPR2,0.7,0.0,0.93,0.0,8,False
LS_19,NRCAM,NRCAM,0.0,0.0,0.19,0.11,8,False
LS_19,NRG1,NRG1,0.0,0.0,0.0,0.23,8,False
LS_19,NRG2,NRG2,0.31,0.0,0.56,0.23,8,False
LS_19,NRG4,NRG4,25.72,50.0,1.67,5.99,8,False
LS_19,NRN1,NRN1,0.0,0.0,0.0,0.0,8,False
LS_19,NRN1L,NRN1L,0.15,0.0,0.0,0.34,8,False
LS_19,NRP1,NRP1,0.62,0.0,0.0,1.47,8,False
LS_19,NRP2,NRP2,0.15,0.0,0.0,0.45,8,False
LS_19,NRXN1,NRXN1,0.0,0.0,0.19,0.0,8,False
LS_19,NRXN2,NRXN2,17.97,37.5,4.44,6.55,8,False
LS_19,NRXN3,NRXN3,0.08,0.0,0.0,0.0,8,False
LS_19,NT5E,NT5E,3.49,25.0,0.19,0.56,8,False
LS_19,NTM,NTM,0.0,0.0,0.0,0.0,8,False
LS_19,NTNG1,NTNG1,0.0,0.0,0.0,0.0,8,False
LS_19,NTNG2,NTNG2,5.73,0.0,5.0,4.07,8,False
LS_19,NTRK1,NTRK1,0.23,0.0,0.37,0.11,8,False
LS_19,NTRK2,NTRK2,0.0,0.0,0.0,0.0,8,False
LS_19,NTRK3,NTRK3,0.0,0.0,0.0,0.0,8,False
LS_19,NTSR1,NTSR1,1.24,0.0,0.19,2.71,8,False
LS_19,NUP210L,NUP210L,0.31,0.0,0.0,0.11,8,False
LS_19,OLR1,OLR1,0.0,0.0,0.0,0.34,8,False
LS_19,OMG,OMG,0.31,0.0,0.19,0.56,8,False
LS_19,OPALIN,OPALIN,0.08,0.0,0.37,0.0,8,False
LS_19,OPCML,OPCML,0.0,0.0,0.0,0.0,8,False
LS_19,OPN1SW,OPN1SW,0.23,0.0,0.19,0.0,8,False
LS_19,OPN3,OPN3,7.82,0.0,6.85,9.83,8,False
LS_19,OPRD1,OPRD1,0.08,0.0,0.0,0.0,8,False
LS_19,OPRK1,OPRK1,0.0,0.0,0.0,0.0,8,False
LS_19,OPRL1,OPRL1,4.49,0.0,3.89,2.03,8,False
LS_19,OPRM1,OPRM1,0.0,0.0,0.0,0.0,8,False
LS_19,OR10A2,OR10A2,0.0,0.0,0.37,0.0,8,False
LS_19,OR10A4,OR10A4,0.0,0.0,0.0,0.0,8,False
LS_19,OR10A5,OR10A5,0.0,0.0,0.0,0.0,8,False
LS_19,OR10AD1,OR10AD1,0.0,0.0,0.0,0.0,8,False
LS_19,OR10G3,OR10G3,0.08,0.0,0.0,0.0,8,False
LS_19,OR10H1,OR10H1,0.23,0.0,0.37,0.0,8,False
LS_19,OR10H5,OR10H5,0.0,0.0,0.0,0.11,8,False
LS_19,OR10K1,OR10K1,0.0,0.0,0.0,0.0,8,False
LS_19,OR10X1,OR10X1,0.0,0.0,0.0,0.0,8,False
LS_19,OR10Z1,OR10Z1,0.0,0.0,0.0,0.0,8,False
LS_19,OR11G2,OR11G2,0.0,0.0,0.0,0.11,8,False
LS_19,OR11H4,OR11H4,0.0,0.0,0.0,0.0,8,False
LS_19,OR11L1,OR11L1,0.0,0.0,0.0,0.0,8,False
LS_19,OR13A1,OR13A1,0.0,0.0,0.0,0.0,8,False
LS_19,OR13C2,OR13C2,0.0,0.0,0.0,0.0,8,False
LS_19,OR13C3,OR13C3,0.0,0.0,0.0,0.0,8,False
LS_19,OR13C4,OR13C4,0.08,0.0,0.0,0.0,8,False
LS_19,OR13C5,OR13C5,0.0,0.0,0.0,0.11,8,False
LS_19,OR13C9,OR13C9,0.0,0.0,0.0,0.0,8,False
LS_19,OR13D1,OR13D1,0.0,0.0,0.0,0.0,8,False
LS_19,OR13F1,OR13F1,0.08,0.0,0.0,0.0,8,False
LS_19,OR13G1,OR13G1,0.0,0.0,0.0,0.0,8,False
LS_19,OR14A16,OR14A16,0.0,0.0,0.0,0.0,8,False
LS_19,OR14A2,OR14A2,0.0,0.0,0.0,0.0,8,False
LS_19,OR14J1,OR14J1,0.0,0.0,0.0,0.0,8,False
LS_19,OR14K1,OR14K1,0.0,0.0,0.0,0.0,8,False
LS_19,OR1A1,OR1A1,0.0,0.0,0.0,0.0,8,False
LS_19,OR1B1,OR1B1,0.0,0.0,0.0,0.0,8,False
LS_19,OR1C1,OR1C1,0.0,0.0,0.19,0.0,8,False
LS_19,OR1G1,OR1G1,0.0,0.0,0.0,0.0,8,False
LS_19,OR1I1,OR1I1,0.0,0.0,0.0,0.0,8,False
LS_19,OR1K1,OR1K1,0.0,0.0,0.0,0.0,8,False
LS_19,OR1L3,OR1L3,0.0,0.0,0.0,0.0,8,False
LS_19,OR1L6,OR1L6,0.0,0.0,0.0,0.0,8,False
LS_19,OR1L8,OR1L8,0.0,0.0,0.0,0.0,8,False
LS_19,OR1N1,OR1N1,0.0,0.0,0.0,0.0,8,False
LS_19,OR1N2,OR1N2,0.0,0.0,0.0,0.0,8,False
LS_19,OR2A1,OR2A1,0.0,0.0,0.0,0.0,8,False
LS_19,OR2A7,OR2A7,0.0,0.0,0.0,0.0,8,False
LS_19,OR2AE1,OR2AE1,0.0,0.0,0.0,0.0,8,False
LS_19,OR2AG1,OR2AG1,0.0,0.0,0.0,0.0,8,False
LS_19,OR2AG2,OR2AG2,0.0,0.0,0.0,0.11,8,False
LS_19,OR2AJ1,OR2AJ1,0.08,0.0,0.0,0.0,8,False
LS_19,OR2AK2,OR2AK2,0.46,0.0,0.56,0.0,8,False
LS_19,OR2AT4,OR2AT4,0.0,0.0,0.0,0.0,8,False
LS_19,OR2B11,OR2B11,0.31,0.0,0.37,0.23,8,False
LS_19,OR2B2,OR2B2,0.08,0.0,0.0,0.0,8,False
LS_19,OR2B6,OR2B6,0.0,0.0,0.0,0.0,8,False
LS_19,OR2C1,OR2C1,0.0,0.0,0.0,0.0,8,False
LS_19,OR2C3,OR2C3,0.0,0.0,0.19,0.0,8,False
LS_19,OR2D2,OR2D2,0.0,0.0,0.37,0.11,8,False
LS_19,OR2D3,OR2D3,0.0,0.0,0.19,0.0,8,False
LS_19,OR2G3,OR2G3,0.0,0.0,0.0,0.0,8,False
LS_19,OR2G6,OR2G6,0.0,0.0,0.0,0.0,8,False
LS_19,OR2H2,OR2H2,0.0,0.0,0.0,0.0,8,False
LS_19,OR2I1P,OR2I1P,0.0,0.0,0.0,0.0,8,False
LS_19,OR2L13,OR2L13,0.46,0.0,1.11,0.11,8,False
LS_19,OR2L2,OR2L2,0.46,0.0,1.3,0.0,8,False
LS_19,OR2L3,OR2L3,0.15,0.0,0.19,0.0,8,False
LS_19,OR2L5,OR2L5,0.15,0.0,0.37,0.11,8,False
LS_19,OR2L8,OR2L8,0.08,0.0,0.0,0.0,8,False
LS_19,OR2M3,OR2M3,0.08,0.0,0.0,0.0,8,False
LS_19,OR2M4,OR2M4,0.0,0.0,0.0,0.0,8,False
LS_19,OR2T11,OR2T11,0.0,0.0,0.0,0.0,8,False
LS_19,OR2T12,OR2T12,0.0,0.0,0.0,0.0,8,False
LS_19,OR2T2,OR2T2,0.0,0.0,0.0,0.0,8,False
LS_19,OR2T33,OR2T33,0.08,0.0,0.19,0.0,8,False
LS_19,OR2T4,OR2T4,0.0,0.0,0.0,0.0,8,False
LS_19,OR2T8,OR2T8,0.15,0.0,0.19,0.11,8,False
LS_19,OR2V1,OR2V1,0.0,0.0,0.0,0.0,8,False
LS_19,OR2W3,OR2W3,0.54,0.0,0.37,0.11,8,False
LS_19,OR3A1,OR3A1,0.0,0.0,0.0,0.0,8,False
LS_19,OR3A2,OR3A2,0.23,0.0,0.19,0.0,8,False
LS_19,OR3A3,OR3A3,0.0,0.0,0.0,0.11,8,False
LS_19,OR4D1,OR4D1,0.93,0.0,2.96,0.23,8,False
LS_19,OR4D9,OR4D9,0.0,0.0,0.0,0.0,8,False
LS_19,OR51B2,OR51B2,0.0,0.0,0.0,0.0,8,False
LS_19,OR51B4,OR51B4,0.0,0.0,0.0,0.0,8,False
LS_19,OR51B5,OR51B5,0.0,0.0,0.0,0.0,8,False
LS_19,OR51I1,OR51I1,0.0,0.0,0.0,0.0,8,False
LS_19,OR51I2,OR51I2,0.0,0.0,0.0,0.0,8,False
LS_19,OR51M1,OR51M1,0.0,0.0,0.0,0.0,8,False
LS_19,OR51Q1,OR51Q1,0.0,0.0,0.0,0.11,8,False
LS_19,OR51V1,OR51V1,0.0,0.0,0.0,0.0,8,False
LS_19,OR52A1,OR52A1,0.0,0.0,0.0,0.0,8,False
LS_19,OR52A5,OR52A5,0.0,0.0,0.0,0.0,8,False
LS_19,OR52B6,OR52B6,0.0,0.0,0.0,0.0,8,False
LS_19,OR52D1,OR52D1,0.0,0.0,0.0,0.0,8,False
LS_19,OR52H1,OR52H1,0.0,0.0,0.0,0.0,8,False
LS_19,OR52I1,OR52I1,0.0,0.0,0.0,0.0,8,False
LS_19,OR52I2,OR52I2,0.0,0.0,0.0,0.0,8,False
LS_19,OR52K1,OR52K1,0.0,0.0,0.0,0.0,8,False
LS_19,OR52K2,OR52K2,0.0,0.0,0.0,0.0,8,False
LS_19,OR52N1,OR52N1,0.08,0.0,0.0,0.0,8,False
LS_19,OR52N2,OR52N2,0.08,0.0,0.56,0.0,8,False
LS_19,OR52N4,OR52N4,0.08,0.0,0.0,0.0,8,False
LS_19,OR52N5,OR52N5,0.0,0.0,0.37,0.0,8,False
LS_19,OR56A4,OR56A4,0.0,0.0,0.0,0.0,8,False
LS_19,OR56B1,OR56B1,0.0,0.0,0.0,0.0,8,False
LS_19,OR5AN1,OR5AN1,0.0,0.0,0.0,0.0,8,False
LS_19,OR5AS1,OR5AS1,0.0,0.0,0.0,0.0,8,False
LS_19,OR5AU1,OR5AU1,0.0,0.0,0.0,0.0,8,False
LS_19,OR5B12,OR5B12,0.0,0.0,0.0,0.0,8,False
LS_19,OR5B2,OR5B2,0.0,0.0,0.0,0.0,8,False
LS_19,OR5B21,OR5B21,0.0,0.0,0.0,0.0,8,False
LS_19,OR5H1,OR5H1,0.0,0.0,0.0,0.0,8,False
LS_19,OR5H14,OR5H14,0.0,0.0,0.0,0.0,8,False
LS_19,OR5K2,OR5K2,0.0,0.0,0.0,0.0,8,False
LS_19,OR6A2,OR6A2,0.0,0.0,0.37,0.0,8,False
LS_19,OR6C2,OR6C2,0.0,0.0,0.0,0.0,8,False
LS_19,OR6C75,OR6C75,0.0,0.0,0.0,0.0,8,False
LS_19,OR6F1,OR6F1,0.0,0.0,0.0,0.0,8,False
LS_19,OR6J1,OR6J1,0.15,0.0,0.0,0.0,8,False
LS_19,OR6K3,OR6K3,0.0,0.0,0.0,0.0,8,False
LS_19,OR6N1,OR6N1,0.0,0.0,0.0,0.0,8,False
LS_19,OR6P1,OR6P1,0.0,0.0,0.0,0.0,8,False
LS_19,OR6V1,OR6V1,0.0,0.0,0.0,0.0,8,False
LS_19,OR6Y1,OR6Y1,0.0,0.0,0.0,0.0,8,False
LS_19,OR7A17,OR7A17,0.0,0.0,0.0,0.0,8,False
LS_19,OR7A5,OR7A5,0.0,0.0,0.0,0.0,8,False
LS_19,OR7C1,OR7C1,0.0,0.0,0.0,0.0,8,False
LS_19,OR7D2,OR7D2,0.08,0.0,0.0,0.0,8,False
LS_19,OR8D4,OR8D4,0.0,0.0,0.0,0.0,8,False
LS_19,OR8G5,OR8G5,0.0,0.0,0.0,0.0,8,False
LS_19,OR9A4,OR9A4,0.0,0.0,0.0,0.0,8,False
LS_19,OSMR,OSMR,0.0,0.0,0.0,0.0,8,False
LS_19,OSTM1,OSTM1,10.38,12.5,6.67,5.31,8,False
LS_19,OTOA,OTOA,0.15,0.0,0.56,1.36,8,False
LS_19,OTOP2,OTOP2,0.0,0.0,0.0,0.0,8,False
LS_19,OXER1,OXER1,1.08,0.0,0.74,1.13,8,False
LS_19,OXTR,OXTR,0.7,0.0,0.19,0.11,8,False
LS_19,P2RX2,P2RX2,0.0,0.0,0.0,0.0,8,False
LS_19,P2RX3,P2RX3,0.08,0.0,0.0,0.11,8,False
LS_19,P2RX6,P2RX6,0.08,0.0,0.74,0.11,8,False
LS_19,P2RX7,P2RX7,5.73,25.0,5.93,8.25,8,False
LS_19,P2RY1,P2RY1,2.09,0.0,4.26,1.58,8,False
LS_19,P2RY10,P2RY10,1.16,0.0,1.11,0.23,8,False
LS_19,P2RY11,P2RY11,6.12,0.0,2.96,4.75,8,False
LS_19,P2RY12,P2RY12,0.08,0.0,0.0,0.0,8,False
LS_19,P2RY13,P2RY13,1.24,0.0,2.22,5.88,8,False
LS_19,P2RY14,P2RY14,0.54,0.0,1.48,0.23,8,False
LS_19,P2RY4,P2RY4,0.08,0.0,0.0,0.0,8,False
LS_19,P2RY6,P2RY6,0.15,0.0,0.0,1.02,8,False
LS_19,PANX1,PANX1,6.43,0.0,8.33,5.2,8,False
LS_19,PANX2,PANX2,1.86,0.0,0.74,0.23,8,False
LS_19,PARM1,PARM1,0.0,0.0,0.37,0.11,8,False
LS_19,PCDH1,PCDH1,0.0,0.0,0.0,0.0,8,False
LS_19,PCDH10,PCDH10,0.0,0.0,0.0,0.0,8,False
LS_19,PCDH11X,PCDH11X,0.0,0.0,0.0,0.0,8,False
LS_19,PCDH11Y,PCDH11Y,0.08,0.0,0.0,0.0,8,False
LS_19,PCDH12,PCDH12,0.0,0.0,0.19,0.11,8,False
LS_19,PCDH15,PCDH15,0.0,0.0,0.0,0.0,8,False
LS_19,PCDH18,PCDH18,0.0,0.0,0.0,0.0,8,False
LS_19,PCDH20,PCDH20,0.0,0.0,0.19,0.0,8,False
LS_19,PCDH7,PCDH7,0.08,0.0,0.0,0.0,8,False
LS_19,PCDH8,PCDH8,0.0,0.0,0.19,0.0,8,False
LS_19,PCDHA10,PCDHA10,0.0,0.0,0.0,0.0,8,False
LS_19,PCDHA11,PCDHA11,0.0,0.0,0.0,0.0,8,False
LS_19,PCDHA12,PCDHA12,0.0,0.0,0.0,0.0,8,False
LS_19,PCDHA4,PCDHA4,0.0,0.0,0.0,0.0,8,False
LS_19,PCDHA9,PCDHA9,0.0,0.0,0.0,0.0,8,False
LS_19,PCDHB1,PCDHB1,0.0,0.0,0.0,0.0,8,False
LS_19,PCDHB10,PCDHB10,0.0,0.0,0.0,0.0,8,False
LS_19,PCDHB11,PCDHB11,0.0,0.0,0.0,0.0,8,False
LS_19,PCDHB12,PCDHB12,0.0,0.0,0.0,0.0,8,False
LS_19,PCDHB13,PCDHB13,0.08,0.0,0.0,0.0,8,False
LS_19,PCDHB14,PCDHB14,0.0,0.0,0.0,0.0,8,False
LS_19,PCDHB15,PCDHB15,0.08,0.0,0.0,0.0,8,False
LS_19,PCDHB16,PCDHB16,0.0,0.0,0.0,0.0,8,False
LS_19,PCDHB2,PCDHB2,0.08,0.0,0.0,0.0,8,False
LS_19,PCDHB5,PCDHB5,0.0,0.0,0.0,0.0,8,False
LS_19,PCDHB8,PCDHB8,0.0,0.0,0.0,0.0,8,False
LS_19,PCDHB9,PCDHB9,0.0,0.0,0.0,0.0,8,False
LS_19,PCDHGA1,PCDHGA1,0.0,0.0,0.0,0.0,8,False
LS_19,PCDHGA10,PCDHGA10,0.23,0.0,0.19,0.34,8,False
LS_19,PCDHGA11,PCDHGA11,0.15,0.0,0.19,0.0,8,False
LS_19,PCDHGA12,PCDHGA12,0.08,0.0,0.56,0.11,8,False
LS_19,PCDHGA2,PCDHGA2,0.0,0.0,0.0,0.0,8,False
LS_19,PCDHGA3,PCDHGA3,0.0,0.0,0.0,0.0,8,False
LS_19,PCDHGA4,PCDHGA4,0.0,0.0,0.0,0.0,8,False
LS_19,PCDHGA5,PCDHGA5,0.0,0.0,0.0,0.0,8,False
LS_19,PCDHGA6,PCDHGA6,0.31,0.0,0.74,0.11,8,False
LS_19,PCDHGA7,PCDHGA7,0.08,0.0,0.0,0.0,8,False
LS_19,PCDHGA8,PCDHGA8,0.15,0.0,0.0,0.11,8,False
LS_19,PCDHGA9,PCDHGA9,0.0,0.0,0.19,0.0,8,False
LS_19,PCDHGB1,PCDHGB1,0.0,0.0,0.19,0.0,8,False
LS_19,PCDHGB2,PCDHGB2,0.39,0.0,0.56,0.11,8,False
LS_19,PCDHGB3,PCDHGB3,0.31,0.0,0.19,0.11,8,False
LS_19,PCDHGB4,PCDHGB4,0.08,0.0,0.0,0.23,8,False
LS_19,PCDHGB5,PCDHGB5,0.0,0.0,0.0,0.0,8,False
LS_19,PCDHGB6,PCDHGB6,0.54,0.0,0.0,0.0,8,False
LS_19,PCDHGB7,PCDHGB7,0.62,0.0,0.56,0.0,8,False
LS_19,PCDHGC3,PCDHGC3,1.24,0.0,0.0,0.56,8,False
LS_19,PCDHGC4,PCDHGC4,0.0,0.0,0.0,0.0,8,False
LS_19,PCDHGC5,PCDHGC5,0.0,0.0,0.0,0.0,8,False
LS_19,PCSK5,PCSK5,0.39,0.0,1.85,1.13,8,False
LS_19,PDCD1,PDCD1,0.46,0.0,0.0,0.0,8,False
LS_19,PDCD1LG2,PDCD1LG2,0.08,0.0,0.37,0.0,8,False
LS_19,PDGFRA,PDGFRA,0.08,0.0,0.19,0.0,8,False
LS_19,PDGFRB,PDGFRB,0.7,12.5,0.0,0.45,8,False
LS_19,PEAR1,PEAR1,0.31,0.0,4.07,0.34,8,False
LS_19,PGAP1,PGAP1,1.24,0.0,2.59,0.68,8,False
LS_19,PHEX,PHEX,0.08,0.0,0.0,0.0,8,False
LS_19,PI16,PI16,0.08,0.0,0.0,0.0,8,False
LS_19,PIEZO2,PIEZO2,3.8,12.5,0.74,0.45,8,False
LS_19,PIGO,PIGO,13.17,12.5,10.0,6.21,8,False
LS_19,PIGR,PIGR,0.0,0.0,0.0,0.11,8,False
LS_19,PIK3IP1,PIK3IP1,10.77,0.0,7.41,1.69,8,False
LS_19,PKD1L1,PKD1L1,0.08,0.0,0.0,0.0,8,False
LS_19,PKD1L3,PKD1L3,0.23,0.0,0.0,0.23,8,False
LS_19,PKD2L1,PKD2L1,0.0,0.0,0.0,0.0,8,False
LS_19,PKDREJ,PKDREJ,0.15,0.0,0.0,0.23,8,False
LS_19,PKHD1,PKHD1,0.0,0.0,0.0,0.0,8,False
LS_19,PKHD1L1,PKHD1L1,0.0,0.0,0.0,0.0,8,False
LS_19,PLA2R1,PLA2R1,0.39,0.0,0.93,0.0,8,False
LS_19,PLD5,PLD5,0.0,0.0,0.0,0.0,8,False
LS_19,PLET1,PLET1,0.0,0.0,0.0,0.0,8,False
LS_19,PLP1,PLP1,0.0,0.0,0.37,0.0,8,False
LS_19,PLVAP,PLVAP,0.31,0.0,0.37,0.11,8,False
LS_19,PLXDC1,PLXDC1,0.0,0.0,0.0,0.11,8,False
LS_19,PLXNA1,PLXNA1,0.15,0.0,0.0,0.23,8,False
LS_19,PLXNA2,PLXNA2,0.39,0.0,0.0,0.23,8,False
LS_19,PLXNA3,PLXNA3,3.18,0.0,1.3,1.58,8,False
LS_19,PLXNA4,PLXNA4,0.08,0.0,0.0,0.0,8,False
LS_19,PLXNB1,PLXNB1,1.7,12.5,4.26,1.36,8,False
LS_19,PLXNB3,PLXNB3,0.0,0.0,0.0,0.0,8,False
LS_19,PMEL,PMEL,0.15,0.0,0.56,0.23,8,False
LS_19,PMEPA1,PMEPA1,0.77,0.0,5.74,0.56,8,False
LS_19,PODXL,PODXL,0.31,0.0,1.3,0.23,8,False
LS_19,PRLHR,PRLHR,0.0,0.0,0.0,0.0,8,False
LS_19,PRLR,PRLR,0.08,0.0,0.19,4.29,8,False
LS_19,PRND,PRND,0.0,0.0,0.0,0.0,8,False
LS_19,PROCR,PROCR,1.16,0.0,2.04,2.03,8,False
LS_19,PROKR1,PROKR1,0.0,0.0,0.0,0.0,8,False
LS_19,PROKR2,PROKR2,0.0,0.0,0.0,0.0,8,False
LS_19,PROM2,PROM2,0.15,0.0,0.0,0.11,8,False
LS_19,PRPH2,PRPH2,0.0,0.0,0.0,0.0,8,False
LS_19,PRRT3,PRRT3,1.94,0.0,7.04,1.02,8,False
LS_19,PRSS41,PRSS41,0.0,0.0,0.0,0.0,8,False
LS_19,PRSS8,PRSS8,0.0,0.0,0.0,0.23,8,False
LS_19,PRTG,PRTG,0.0,0.0,0.74,0.0,8,False
LS_19,PSCA,PSCA,0.62,0.0,0.0,0.11,8,False
LS_19,PSEN2,PSEN2,4.49,0.0,4.26,1.24,8,False
LS_19,PTCH1,PTCH1,0.15,0.0,0.0,0.0,8,False
LS_19,PTCHD1,PTCHD1,0.0,0.0,0.0,0.0,8,False
LS_19,PTCHD4,PTCHD4,0.0,0.0,0.19,0.0,8,False
LS_19,PTCRA,PTCRA,0.15,0.0,0.0,0.23,8,False
LS_19,PTGDR,PTGDR,0.08,0.0,0.19,0.0,8,False
LS_19,PTGDR2,PTGDR2,0.46,0.0,3.15,0.11,8,False
LS_19,PTGER1,PTGER1,4.03,0.0,0.19,0.45,8,False
LS_19,PTGER3,PTGER3,0.0,0.0,0.19,0.23,8,False
LS_19,PTGFR,PTGFR,0.0,0.0,0.0,0.0,8,False
LS_19,PTGFRN,PTGFRN,0.23,0.0,0.19,1.24,8,False
LS_19,PTGIR,PTGIR,1.63,0.0,2.59,7.8,8,False
LS_19,PTH1R,PTH1R,0.0,0.0,0.0,0.11,8,False
LS_19,PTH2R,PTH2R,6.89,0.0,0.19,1.92,8,False
LS_19,PTPRB,PTPRB,0.31,0.0,0.19,0.11,8,False
LS_19,PTPRD,PTPRD,0.0,0.0,2.96,0.34,8,False
LS_19,PTPRF,PTPRF,0.62,0.0,0.37,0.11,8,False
LS_19,PTPRG,PTPRG,0.0,0.0,0.0,0.0,8,False
LS_19,PTPRH,PTPRH,0.31,0.0,0.0,0.11,8,False
LS_19,PTPRK,PTPRK,0.0,0.0,0.37,0.0,8,False
LS_19,PTPRM,PTPRM,0.85,0.0,6.3,2.26,8,False
LS_19,PTPRN,PTPRN,0.0,0.0,0.0,0.0,8,False
LS_19,PTPRN2,PTPRN2,5.27,0.0,1.85,0.79,8,False
LS_19,PTPRO,PTPRO,1.16,0.0,0.19,0.79,8,False
LS_19,PTPRR,PTPRR,0.62,0.0,0.0,0.0,8,False
LS_19,PTPRS,PTPRS,0.62,0.0,0.74,0.11,8,False
LS_19,PTPRU,PTPRU,0.0,0.0,0.0,0.0,8,False
LS_19,PVR,PVR,4.26,0.0,7.04,2.03,8,False
LS_19,QRFPR,QRFPR,0.0,0.0,0.0,0.0,8,False
LS_19,QSOX2,QSOX2,6.74,12.5,7.22,3.62,8,False
LS_19,RAET1E,RAET1E,0.62,0.0,0.19,0.23,8,False
LS_19,RAET1G,RAET1G,0.08,0.0,0.0,0.0,8,False
LS_19,RAMP2,RAMP2,0.0,0.0,0.19,0.11,8,False
LS_19,RAMP3,RAMP3,0.0,0.0,0.0,0.0,8,False
LS_19,RECK,RECK,8.21,0.0,6.67,4.86,8,False
LS_19,RET,RET,0.77,0.0,0.19,1.58,8,False
LS_19,RGMA,RGMA,0.15,0.0,3.7,0.79,8,False
LS_19,RGMB,RGMB,0.08,0.0,0.0,0.0,8,False
LS_19,RHAG,RHAG,0.08,0.0,0.37,0.23,8,False
LS_19,RHBDF2,RHBDF2,14.33,12.5,5.74,8.59,8,False
LS_19,RHBDL2,RHBDL2,0.0,0.0,0.0,0.0,8,False
LS_19,RHO,RHO,0.0,0.0,0.0,0.0,8,False
LS_19,RNF150,RNF150,0.31,0.0,4.26,0.11,8,False
LS_19,RNF43,RNF43,0.77,0.0,0.74,0.56,8,False
LS_19,ROBO1,ROBO1,0.46,0.0,2.96,0.34,8,False
LS_19,ROBO2,ROBO2,0.08,0.0,0.19,0.0,8,False
LS_19,ROR1,ROR1,0.0,0.0,0.19,0.0,8,False
LS_19,ROR2,ROR2,0.15,0.0,0.37,0.0,8,False
LS_19,RPRM,RPRM,0.0,0.0,0.0,0.0,8,False
LS_19,RPRML,RPRML,0.0,0.0,0.0,0.0,8,False
LS_19,RRH,RRH,0.0,0.0,0.0,0.0,8,False
LS_19,RTN4RL1,RTN4RL1,0.08,0.0,0.0,0.11,8,False
LS_19,RTN4RL2,RTN4RL2,1.55,0.0,2.04,2.6,8,False
LS_19,RXFP1,RXFP1,6.27,12.5,2.59,5.42,8,False
LS_19,RXFP2,RXFP2,0.0,0.0,0.0,0.0,8,False
LS_19,RXFP4,RXFP4,0.0,0.0,0.0,0.0,8,False
LS_19,S1PR1,S1PR1,0.7,0.0,0.74,0.45,8,False
LS_19,S1PR2,S1PR2,0.54,0.0,0.37,0.34,8,False
LS_19,S1PR3,S1PR3,0.15,0.0,0.19,1.81,8,False
LS_19,S1PR5,S1PR5,0.0,0.0,0.37,0.0,8,False
LS_19,SCARA5,SCARA5,0.0,0.0,0.0,0.0,8,False
LS_19,SCARF2,SCARF2,0.85,0.0,0.56,0.56,8,False
LS_19,SCN11A,SCN11A,0.0,0.0,0.0,0.11,8,False
LS_19,SCN1B,SCN1B,3.25,0.0,1.67,2.49,8,False
LS_19,SCN2A,SCN2A,0.39,0.0,0.19,0.0,8,False
LS_19,SCN3A,SCN3A,0.0,0.0,0.37,0.11,8,False
LS_19,SCN3B,SCN3B,0.0,0.0,0.19,0.11,8,False
LS_19,SCN4A,SCN4A,0.31,0.0,0.93,0.11,8,False
LS_19,SCN4B,SCN4B,0.08,0.0,0.0,0.11,8,False
LS_19,SCN5A,SCN5A,0.0,0.0,0.0,0.0,8,False
LS_19,SCN7A,SCN7A,0.0,0.0,0.19,0.0,8,False
LS_19,SCN8A,SCN8A,0.15,0.0,1.3,0.0,8,False
LS_19,SCN9A,SCN9A,1.01,12.5,9.44,0.68,8,False
LS_19,SCNN1A,SCNN1A,0.23,0.0,0.37,0.23,8,False
LS_19,SCNN1B,SCNN1B,0.0,0.0,0.0,0.0,8,False
LS_19,SCNN1D,SCNN1D,1.16,0.0,1.48,1.81,8,False
LS_19,SDC1,SDC1,0.0,0.0,0.0,0.0,8,False
LS_19,SDC2,SDC2,0.0,0.0,0.0,0.11,8,False
LS_19,SDK1,SDK1,0.31,0.0,0.0,0.0,8,False
LS_19,SECTM1,SECTM1,1.94,0.0,1.11,1.47,8,False
LS_19,SELE,SELE,0.0,0.0,0.0,0.0,8,False
LS_19,SELP,SELP,0.85,0.0,1.11,0.11,8,False
LS_19,SEMA4B,SEMA4B,3.1,0.0,2.96,3.05,8,False
LS_19,SEMA4C,SEMA4C,1.7,0.0,3.33,2.15,8,False
LS_19,SEMA4F,SEMA4F,0.54,0.0,1.85,0.11,8,False
LS_19,SEMA4G,SEMA4G,0.23,0.0,0.37,0.0,8,False
LS_19,SEMA5A,SEMA5A,0.0,0.0,0.0,0.0,8,False
LS_19,SEMA5B,SEMA5B,0.0,0.0,0.37,0.0,8,False
LS_19,SEMA6A,SEMA6A,0.7,0.0,0.37,0.11,8,False
LS_19,SEMA6B,SEMA6B,1.78,0.0,0.0,1.92,8,False
LS_19,SEMA6C,SEMA6C,0.7,0.0,2.22,0.45,8,False
LS_19,SEMA6D,SEMA6D,0.0,0.0,0.0,0.0,8,False
LS_19,SEMA7A,SEMA7A,3.18,0.0,2.41,0.45,8,False
LS_19,SERINC2,SERINC2,0.08,0.0,0.19,1.92,8,False
LS_19,SERINC4,SERINC4,0.7,0.0,1.48,0.34,8,False
LS_19,SERINC5,SERINC5,11.46,12.5,7.04,6.44,8,False
LS_19,SEZ6,SEZ6,0.39,0.0,0.19,0.11,8,False
LS_19,SEZ6L2,SEZ6L2,0.31,0.0,0.37,0.56,8,False
LS_19,SGCA,SGCA,0.31,0.0,0.37,0.11,8,False
LS_19,SGCB,SGCB,0.0,0.0,1.11,0.56,8,False
LS_19,SGCD,SGCD,0.0,0.0,0.0,0.0,8,False
LS_19,SGCE,SGCE,0.0,0.0,0.0,0.0,8,False
LS_19,SGCZ,SGCZ,0.0,0.0,0.37,0.0,8,False
LS_19,SHISA4,SHISA4,0.0,0.0,0.37,0.0,8,False
LS_19,SHISA7,SHISA7,0.0,0.0,0.0,0.11,8,False
LS_19,SHISA8,SHISA8,0.0,0.0,0.19,0.11,8,False
LS_19,SHISA9,SHISA9,0.08,0.0,0.0,0.11,8,False
LS_19,SIDT1,SIDT1,5.42,0.0,7.04,3.16,8,False
LS_19,SIDT2,SIDT2,5.34,0.0,5.0,4.75,8,False
LS_19,SIGLEC1,SIGLEC1,0.46,0.0,0.0,0.79,8,False
LS_19,SIGLEC10,SIGLEC10,2.01,0.0,5.56,3.73,8,False
LS_19,SIGLEC11,SIGLEC11,0.0,0.0,0.0,1.13,8,False
LS_19,SIGLEC12,SIGLEC12,5.5,12.5,0.19,5.42,8,False
LS_19,SIGLEC14,SIGLEC14,0.77,0.0,0.37,1.92,8,False
LS_19,SIGLEC15,SIGLEC15,1.86,0.0,1.3,0.79,8,False
LS_19,SIGLEC5,SIGLEC5,0.62,0.0,0.19,1.58,8,False
LS_19,SIGLEC6,SIGLEC6,0.77,0.0,0.37,0.56,8,False
LS_19,SIGLEC7,SIGLEC7,0.08,0.0,0.19,2.94,8,False
LS_19,SIGLEC8,SIGLEC8,0.15,0.0,0.0,0.0,8,False
LS_19,SIGLEC9,SIGLEC9,0.15,0.0,0.0,8.81,8,False
LS_19,SIGLECL1,SIGLECL1,0.0,0.0,0.19,0.0,8,False
LS_19,SIRPG,SIRPG,0.15,0.0,0.19,0.11,8,False
LS_19,SIT1,SIT1,0.39,0.0,0.19,1.47,8,False
LS_19,SLAMF1,SLAMF1,0.15,0.0,0.0,0.23,8,False
LS_19,SLAMF6,SLAMF6,2.56,0.0,0.0,0.45,8,False
LS_19,SLAMF7,SLAMF7,0.0,0.0,0.0,0.11,8,False
LS_19,SLAMF8,SLAMF8,0.0,0.0,0.19,0.45,8,False
LS_19,SLAMF9,SLAMF9,0.0,0.0,0.19,0.23,8,False
LS_19,SLC10A1,SLC10A1,0.54,0.0,0.19,0.11,8,False
LS_19,SLC10A2,SLC10A2,0.0,0.0,0.0,0.11,8,False
LS_19,SLC10A4,SLC10A4,0.0,0.0,0.0,0.11,8,False
LS_19,SLC10A5,SLC10A5,0.0,0.0,1.3,0.11,8,False
LS_19,SLC10A6,SLC10A6,0.0,0.0,0.0,0.0,8,False
LS_19,SLC11A2,SLC11A2,6.66,0.0,9.44,4.29,8,False
LS_19,SLC12A1,SLC12A1,0.0,0.0,0.0,0.0,8,False
LS_19,SLC12A3,SLC12A3,0.0,0.0,0.0,0.0,8,False
LS_19,SLC12A4,SLC12A4,4.73,0.0,5.37,3.95,8,False
LS_19,SLC12A5,SLC12A5,3.49,0.0,3.33,1.13,8,False
LS_19,SLC12A8,SLC12A8,0.08,0.0,0.0,0.11,8,False
LS_19,SLC13A3,SLC13A3,0.08,0.0,0.0,0.0,8,False
LS_19,SLC13A4,SLC13A4,0.08,0.0,0.0,0.0,8,False
LS_19,SLC14A1,SLC14A1,1.39,0.0,0.56,0.11,8,False
LS_19,SLC14A2,SLC14A2,0.0,0.0,0.0,0.11,8,False
LS_19,SLC15A2,SLC15A2,7.75,12.5,3.15,5.99,8,False
LS_19,SLC15A3,SLC15A3,0.15,0.0,0.37,5.31,8,False
LS_19,SLC15A5,SLC15A5,0.0,0.0,0.0,0.0,8,False
LS_19,SLC16A4,SLC16A4,0.31,0.0,0.19,0.23,8,False
LS_19,SLC16A5,SLC16A5,7.36,12.5,3.33,3.39,8,False
LS_19,SLC16A6,SLC16A6,0.23,0.0,0.37,0.79,8,False
LS_19,SLC16A8,SLC16A8,0.08,0.0,0.19,0.23,8,False
LS_19,SLC17A5,SLC17A5,7.51,0.0,5.56,4.41,8,False
LS_19,SLC17A7,SLC17A7,0.0,0.0,0.0,0.0,8,False
LS_19,SLC18A1,SLC18A1,0.15,0.0,0.0,0.0,8,False
LS_19,SLC18A2,SLC18A2,0.46,0.0,7.22,0.56,8,False
LS_19,SLC19A2,SLC19A2,2.4,0.0,6.3,4.41,8,False
LS_19,SLC1A1,SLC1A1,0.0,0.0,0.0,0.0,8,False
LS_19,SLC1A2,SLC1A2,0.15,0.0,0.0,0.11,8,False
LS_19,SLC1A3,SLC1A3,7.36,0.0,1.85,8.59,8,False
LS_19,SLC1A7,SLC1A7,0.0,0.0,0.0,0.11,8,False
LS_19,SLC20A2,SLC20A2,11.08,12.5,9.81,6.1,8,False
LS_19,SLC22A1,SLC22A1,0.0,0.0,0.0,0.0,8,False
LS_19,SLC22A11,SLC22A11,0.0,0.0,0.0,0.0,8,False
LS_19,SLC22A13,SLC22A13,0.08,0.0,0.0,0.11,8,False
LS_19,SLC22A14,SLC22A14,0.0,0.0,0.0,0.0,8,False
LS_19,SLC22A15,SLC22A15,1.78,0.0,2.78,6.67,8,False
LS_19,SLC22A23,SLC22A23,0.15,0.0,0.19,0.34,8,False
LS_19,SLC22A4,SLC22A4,4.26,0.0,4.26,7.91,8,False
LS_19,SLC22A5,SLC22A5,4.26,0.0,5.93,3.84,8,False
LS_19,SLC22A7,SLC22A7,0.0,0.0,0.19,0.0,8,False
LS_19,SLC23A1,SLC23A1,0.08,0.0,0.74,0.0,8,False
LS_19,SLC24A2,SLC24A2,0.0,0.0,0.0,0.0,8,False
LS_19,SLC24A3,SLC24A3,8.75,12.5,2.41,3.05,8,False
LS_19,SLC24A4,SLC24A4,1.47,0.0,0.56,4.18,8,False
LS_19,SLC24A5,SLC24A5,0.0,0.0,0.0,0.0,8,False
LS_19,SLC26A1,SLC26A1,0.31,0.0,0.37,0.23,8,False
LS_19,SLC26A2,SLC26A2,9.37,0.0,6.67,6.1,8,False
LS_19,SLC26A3,SLC26A3,0.0,0.0,0.0,0.0,8,False
LS_19,SLC26A4,SLC26A4,0.15,0.0,0.0,0.0,8,False
LS_19,SLC26A5,SLC26A5,0.08,0.0,0.0,0.0,8,False
LS_19,SLC26A6,SLC26A6,4.88,0.0,4.44,6.55,8,False
LS_19,SLC26A8,SLC26A8,1.63,0.0,0.93,1.24,8,False
LS_19,SLC26A9,SLC26A9,0.0,0.0,0.0,0.23,8,False
LS_19,SLC28A1,SLC28A1,0.0,0.0,0.0,0.0,8,False
LS_19,SLC28A2,SLC28A2,0.08,0.0,0.0,0.23,8,False
LS_19,SLC28A3,SLC28A3,0.15,0.0,0.0,2.49,8,False
LS_19,SLC29A2,SLC29A2,2.87,0.0,5.93,1.13,8,False
LS_19,SLC29A4,SLC29A4,0.23,0.0,0.19,0.0,8,False
LS_19,SLC2A1,SLC2A1,8.83,0.0,8.33,3.16,8,False
LS_19,SLC2A10,SLC2A10,0.08,0.0,1.67,0.34,8,False
LS_19,SLC2A12,SLC2A12,0.23,0.0,0.0,0.34,8,False
LS_19,SLC2A13,SLC2A13,1.24,0.0,4.44,2.37,8,False
LS_19,SLC2A14,SLC2A14,1.39,0.0,0.19,0.68,8,False
LS_19,SLC2A4,SLC2A4,0.31,0.0,0.37,0.0,8,False
LS_19,SLC2A6,SLC2A6,1.24,0.0,2.78,2.15,8,False
LS_19,SLC2A7,SLC2A7,0.0,0.0,0.0,0.11,8,False
LS_19,SLC2A8,SLC2A8,2.25,0.0,6.48,2.6,8,False
LS_19,SLC2A9,SLC2A9,2.56,0.0,4.26,9.83,8,False
LS_19,SLC30A1,SLC30A1,6.35,0.0,4.07,4.86,8,False
LS_19,SLC31A1,SLC31A1,3.49,0.0,5.37,9.72,8,False
LS_19,SLC32A1,SLC32A1,0.0,0.0,0.0,0.0,8,False
LS_19,SLC33A1,SLC33A1,12.16,25.0,6.48,5.88,8,False
LS_19,SLC34A1,SLC34A1,0.0,0.0,0.0,0.0,8,False
LS_19,SLC34A2,SLC34A2,0.0,0.0,0.0,0.0,8,False
LS_19,SLC35A5,SLC35A5,7.67,12.5,7.41,3.16,8,False
LS_19,SLC36A1,SLC36A1,6.58,12.5,1.48,8.59,8,False
LS_19,SLC36A3,SLC36A3,0.0,0.0,0.0,0.0,8,False
LS_19,SLC37A2,SLC37A2,0.39,0.0,0.19,4.41,8,False
LS_19,SLC37A3,SLC37A3,0.23,0.0,2.96,0.56,8,False
LS_19,SLC38A11,SLC38A11,0.08,0.0,0.0,0.0,8,False
LS_19,SLC38A4,SLC38A4,0.15,0.0,0.19,0.0,8,False
LS_19,SLC38A8,SLC38A8,0.0,0.0,0.0,0.0,8,False
LS_19,SLC38A9,SLC38A9,8.91,25.0,7.04,3.73,8,False
LS_19,SLC39A14,SLC39A14,3.56,0.0,5.74,2.6,8,False
LS_19,SLC39A2,SLC39A2,0.0,0.0,0.0,0.0,8,False
LS_19,SLC39A5,SLC39A5,0.08,0.0,0.0,0.23,8,False
LS_19,SLC3A1,SLC3A1,0.54,0.0,0.74,0.23,8,False
LS_19,SLC41A1,SLC41A1,0.23,0.0,4.63,0.45,8,False
LS_19,SLC41A2,SLC41A2,0.23,0.0,0.56,0.34,8,False
LS_19,SLC43A2,SLC43A2,3.18,0.0,4.44,2.71,8,False
LS_19,SLC44A3,SLC44A3,0.93,12.5,0.0,0.23,8,False
LS_19,SLC44A4,SLC44A4,0.15,0.0,0.56,0.56,8,False
LS_19,SLC44A5,SLC44A5,1.01,0.0,0.19,0.0,8,False
LS_19,SLC45A2,SLC45A2,0.0,0.0,0.0,0.0,8,False
LS_19,SLC45A4,SLC45A4,2.17,0.0,1.48,1.81,8,False
LS_19,SLC46A1,SLC46A1,1.39,0.0,3.33,1.69,8,False
LS_19,SLC46A2,SLC46A2,0.0,0.0,0.0,0.11,8,False
LS_19,SLC46A3,SLC46A3,12.78,12.5,6.67,2.15,8,False
LS_19,SLC47A1,SLC47A1,0.0,0.0,0.0,0.56,8,False
LS_19,SLC4A1,SLC4A1,0.15,0.0,0.19,0.23,8,False
LS_19,SLC4A10,SLC4A10,0.0,0.0,0.0,0.0,8,False
LS_19,SLC4A4,SLC4A4,0.46,0.0,0.74,0.0,8,False
LS_19,SLC4A5,SLC4A5,0.85,0.0,1.11,0.23,8,False
LS_19,SLC4A8,SLC4A8,2.63,0.0,2.96,0.68,8,False
LS_19,SLC51A,SLC51A,0.08,0.0,0.0,0.0,8,False
LS_19,SLC51B,SLC51B,0.0,0.0,0.0,0.0,8,False
LS_19,SLC52A1,SLC52A1,0.0,0.0,0.0,0.0,8,False
LS_19,SLC52A3,SLC52A3,2.48,0.0,0.19,0.56,8,False
LS_19,SLC5A10,SLC5A10,2.87,0.0,0.74,0.56,8,False
LS_19,SLC5A11,SLC5A11,0.0,0.0,0.0,0.23,8,False
LS_19,SLC5A12,SLC5A12,0.0,0.0,0.0,0.0,8,False
LS_19,SLC5A2,SLC5A2,0.54,0.0,0.93,0.34,8,False
LS_19,SLC5A4,SLC5A4,0.0,0.0,0.0,0.11,8,False
LS_19,SLC5A5,SLC5A5,0.0,0.0,0.74,0.11,8,False
LS_19,SLC5A9,SLC5A9,0.0,0.0,0.0,0.0,8,False
LS_19,SLC6A1,SLC6A1,0.0,0.0,0.0,0.0,8,False
LS_19,SLC6A11,SLC6A11,0.0,0.0,0.0,0.0,8,False
LS_19,SLC6A12,SLC6A12,0.0,0.0,0.0,0.0,8,False
LS_19,SLC6A13,SLC6A13,0.08,0.0,0.0,0.0,8,False
LS_19,SLC6A16,SLC6A16,0.0,0.0,0.74,0.0,8,False
LS_19,SLC6A19,SLC6A19,0.0,0.0,0.0,0.0,8,False
LS_19,SLC6A2,SLC6A2,0.0,0.0,0.37,0.0,8,False
LS_19,SLC6A20,SLC6A20,0.31,0.0,0.0,0.0,8,False
LS_19,SLC6A3,SLC6A3,0.0,0.0,0.0,0.0,8,False
LS_19,SLC6A4,SLC6A4,0.0,0.0,0.19,0.0,8,False
LS_19,SLC6A6,SLC6A6,13.94,25.0,10.0,4.97,8,False
LS_19,SLC6A7,SLC6A7,0.0,0.0,0.0,0.0,8,False
LS_19,SLC6A8,SLC6A8,0.08,0.0,0.74,0.23,8,False
LS_19,SLC6A9,SLC6A9,0.15,0.0,0.0,0.0,8,False
LS_19,SLC7A10,SLC7A10,0.08,0.0,0.0,0.0,8,False
LS_19,SLC7A2,SLC7A2,0.0,0.0,0.0,0.11,8,False
LS_19,SLC7A3,SLC7A3,0.0,0.0,0.56,0.0,8,False
LS_19,SLC7A4,SLC7A4,0.0,0.0,0.0,0.0,8,False
LS_19,SLC7A6,SLC7A6,15.03,50.0,8.7,6.44,8,False
LS_19,SLC7A9,SLC7A9,0.0,0.0,0.19,0.0,8,False
LS_19,SLC8A1,SLC8A1,0.08,0.0,2.59,9.6,8,False
LS_19,SLC8A2,SLC8A2,0.0,0.0,0.19,0.0,8,False
LS_19,SLC8A3,SLC8A3,1.01,0.0,9.26,0.11,8,False
LS_19,SLC8B1,SLC8B1,13.32,0.0,8.33,8.36,8,False
LS_19,SLC9A1,SLC9A1,8.21,0.0,7.41,8.59,8,False
LS_19,SLC9A2,SLC9A2,0.0,0.0,0.0,0.0,8,False
LS_19,SLC9A3,SLC9A3,0.85,0.0,2.04,0.34,8,False
LS_19,SLC9A6,SLC9A6,4.88,0.0,2.96,3.62,8,False
LS_19,SLCO1A2,SLCO1A2,0.0,0.0,0.0,0.0,8,False
LS_19,SLCO1B3,SLCO1B3,0.0,0.0,0.0,0.0,8,False
LS_19,SLCO1C1,SLCO1C1,0.0,0.0,0.0,0.0,8,False
LS_19,SLCO2A1,SLCO2A1,0.15,0.0,0.37,0.11,8,False
LS_19,SLCO2B1,SLCO2B1,0.0,0.0,0.0,0.0,8,False
LS_19,SLCO4A1,SLCO4A1,4.65,0.0,7.59,3.28,8,False
LS_19,SLCO4C1,SLCO4C1,0.77,0.0,0.74,3.05,8,False
LS_19,SLCO5A1,SLCO5A1,2.94,0.0,2.78,1.92,8,False
LS_19,SLITRK4,SLITRK4,6.27,0.0,0.56,1.02,8,False
LS_19,SLITRK5,SLITRK5,0.93,0.0,1.3,0.0,8,False
LS_19,SLITRK6,SLITRK6,0.23,0.0,0.0,0.0,8,False
LS_19,SMO,SMO,0.08,0.0,6.67,0.45,8,False
LS_19,SORCS1,SORCS1,0.0,0.0,0.0,0.0,8,False
LS_19,SORCS2,SORCS2,0.08,0.0,0.0,0.56,8,False
LS_19,SORCS3,SORCS3,0.0,0.0,0.0,0.0,8,False
LS_19,SORT1,SORT1,6.04,12.5,2.59,7.12,8,False
LS_19,SPRN,SPRN,0.0,0.0,0.0,0.0,8,False
LS_19,SSPN,SSPN,2.32,0.0,5.19,1.02,8,False
LS_19,SSTR1,SSTR1,0.0,0.0,0.19,0.0,8,False
LS_19,SSTR2,SSTR2,0.08,0.0,0.19,0.0,8,False
LS_19,SSTR3,SSTR3,0.0,0.0,0.0,0.0,8,False
LS_19,STAB2,STAB2,0.0,0.0,0.0,0.0,8,False
LS_19,STEAP4,STEAP4,0.0,0.0,0.19,0.0,8,False
LS_19,STS,STS,0.7,0.0,1.48,3.16,8,False
LS_19,SUCNR1,SUCNR1,41.21,62.5,6.3,6.55,8,False
LS_19,SUSD1,SUSD1,13.63,37.5,8.89,8.14,8,False
LS_19,SUSD2,SUSD2,0.15,0.0,0.19,0.0,8,False
LS_19,SUSD4,SUSD4,0.0,0.0,0.0,0.0,8,False
LS_19,SUSD5,SUSD5,0.0,0.0,0.37,0.11,8,False
LS_19,SV2B,SV2B,0.39,0.0,0.19,0.23,8,False
LS_19,SV2C,SV2C,0.23,0.0,0.19,0.0,8,False
LS_19,SVOPL,SVOPL,7.82,0.0,8.7,0.45,8,False
LS_19,SYP,SYP,0.77,0.0,1.11,0.34,8,False
LS_19,TACR1,TACR1,0.0,0.0,0.0,0.0,8,False
LS_19,TACR2,TACR2,0.08,0.0,0.19,0.23,8,False
LS_19,TACSTD2,TACSTD2,0.0,0.0,0.0,0.34,8,False
LS_19,TARM1,TARM1,0.08,0.0,0.0,0.56,8,False
LS_19,TAS1R1,TAS1R1,0.0,0.0,0.0,0.0,8,False
LS_19,TAS1R3,TAS1R3,0.0,0.0,0.0,0.0,8,False
LS_19,TAS2R10,TAS2R10,0.7,0.0,0.56,0.0,8,False
LS_19,TAS2R14,TAS2R14,2.25,0.0,1.48,0.79,8,False
LS_19,TAS2R19,TAS2R19,0.23,0.0,0.74,0.23,8,False
LS_19,TAS2R20,TAS2R20,0.08,0.0,0.19,0.0,8,False
LS_19,TAS2R3,TAS2R3,0.15,0.0,0.0,0.0,8,False
LS_19,TAS2R30,TAS2R30,0.39,0.0,0.74,0.11,8,False
LS_19,TAS2R4,TAS2R4,0.62,0.0,0.37,0.11,8,False
LS_19,TAS2R46,TAS2R46,0.23,0.0,0.19,0.0,8,False
LS_19,TAS2R7,TAS2R7,0.0,0.0,0.0,0.0,8,False
LS_19,TAS2R8,TAS2R8,0.0,0.0,0.0,0.0,8,False
LS_19,TAS2R9,TAS2R9,0.0,0.0,0.0,0.0,8,False
LS_19,TBXA2R,TBXA2R,6.74,12.5,4.63,1.58,8,False
LS_19,TCTN2,TCTN2,2.32,0.0,5.37,1.13,8,False
LS_19,TECTA,TECTA,0.0,0.0,0.0,0.0,8,False
LS_19,TEK,TEK,0.0,0.0,0.0,0.0,8,False
LS_19,TENM1,TENM1,0.39,0.0,0.0,0.11,8,False
LS_19,TENM3,TENM3,0.08,0.0,0.0,0.0,8,False
LS_19,TENM4,TENM4,0.0,0.0,0.0,0.0,8,False
LS_19,TEX101,TEX101,0.0,0.0,0.0,0.0,8,False
LS_19,TGFA,TGFA,0.08,0.0,0.0,0.23,8,False
LS_19,TGFBR3,TGFBR3,0.0,0.0,0.37,0.0,8,False
LS_19,THBD,THBD,0.15,0.0,0.37,0.9,8,False
LS_19,THSD1,THSD1,0.77,0.0,0.56,0.45,8,False
LS_19,THSD7A,THSD7A,3.41,25.0,2.22,1.69,8,False
LS_19,THSD7B,THSD7B,0.0,0.0,0.0,0.0,8,False
LS_19,THY1,THY1,0.0,0.0,1.85,0.0,8,False
LS_19,TIGIT,TIGIT,0.08,0.0,0.56,0.23,8,False
LS_19,TIMD4,TIMD4,0.0,0.0,0.0,0.11,8,False
LS_19,TLR1,TLR1,4.65,0.0,2.59,3.5,8,False
LS_19,TLR10,TLR10,0.77,0.0,0.93,0.11,8,False
LS_19,TLR3,TLR3,0.23,0.0,1.85,0.11,8,False
LS_19,TLR4,TLR4,1.55,0.0,2.04,5.76,8,False
LS_19,TLR5,TLR5,0.15,0.0,0.19,2.82,8,False
LS_19,TLR6,TLR6,3.1,0.0,2.04,3.39,8,False
LS_19,TLR7,TLR7,0.46,0.0,0.37,1.81,8,False
LS_19,TLR8,TLR8,0.15,0.0,0.0,2.71,8,False
LS_19,TLR9,TLR9,2.09,0.0,1.67,0.11,8,False
LS_19,TM4SF1,TM4SF1,2.4,25.0,5.19,1.81,8,False
LS_19,TM4SF18,TM4SF18,0.0,0.0,0.0,0.0,8,False
LS_19,TM4SF20,TM4SF20,0.0,0.0,0.0,0.0,8,False
LS_19,TM4SF5,TM4SF5,0.0,0.0,0.0,0.0,8,False
LS_19,TMC7,TMC7,0.0,0.0,0.0,0.0,8,False
LS_19,TMEFF1,TMEFF1,0.46,0.0,2.22,0.23,8,False
LS_19,TMEFF2,TMEFF2,0.0,0.0,0.19,0.0,8,False
LS_19,TMEM104,TMEM104,7.44,0.0,4.44,7.12,8,False
LS_19,TMEM106A,TMEM106A,15.26,25.0,10.0,4.97,8,False
LS_19,TMEM108,TMEM108,0.0,0.0,0.0,0.0,8,False
LS_19,TMEM116,TMEM116,3.18,0.0,3.89,2.94,8,False
LS_19,TMEM132A,TMEM132A,0.0,0.0,0.0,0.11,8,False
LS_19,TMEM132B,TMEM132B,0.0,0.0,0.0,0.0,8,False
LS_19,TMEM132C,TMEM132C,0.0,0.0,0.0,0.0,8,False
LS_19,TMEM132E,TMEM132E,0.0,0.0,0.0,0.0,8,False
LS_19,TMEM140,TMEM140,7.13,0.0,5.56,0.56,8,False
LS_19,TMEM145,TMEM145,0.08,0.0,0.19,0.56,8,False
LS_19,TMEM150A,TMEM150A,13.4,12.5,8.33,2.37,8,False
LS_19,TMEM150B,TMEM150B,0.85,0.0,1.67,2.03,8,False
LS_19,TMEM154,TMEM154,7.67,0.0,6.11,3.5,8,False
LS_19,TMEM158,TMEM158,0.23,0.0,1.11,0.45,8,False
LS_19,TMEM171,TMEM171,0.0,0.0,0.0,0.0,8,False
LS_19,TMEM178A,TMEM178A,0.54,0.0,0.0,0.0,8,False
LS_19,TMEM178B,TMEM178B,0.0,0.0,0.0,0.0,8,False
LS_19,TMEM182,TMEM182,4.03,0.0,5.93,0.9,8,False
LS_19,TMEM184A,TMEM184A,0.23,0.0,0.0,0.0,8,False
LS_19,TMEM204,TMEM204,1.47,0.0,4.44,1.13,8,False
LS_19,TMEM213,TMEM213,0.0,0.0,0.0,0.0,8,False
LS_19,TMEM217,TMEM217,4.96,0.0,4.44,2.15,8,False
LS_19,TMEM231,TMEM231,0.85,0.0,5.74,0.9,8,False
LS_19,TMEM235,TMEM235,0.0,0.0,0.0,0.0,8,False
LS_19,TMEM255A,TMEM255A,0.0,0.0,0.0,0.0,8,False
LS_19,TMEM255B,TMEM255B,1.55,0.0,0.56,1.02,8,False
LS_19,TMEM37,TMEM37,0.0,0.0,0.0,0.0,8,False
LS_19,TMEM62,TMEM62,8.29,0.0,9.63,4.52,8,False
LS_19,TMEM63B,TMEM63B,1.16,0.0,0.93,1.13,8,False
LS_19,TMEM63C,TMEM63C,0.0,0.0,0.19,0.11,8,False
LS_19,TMEM67,TMEM67,5.5,0.0,8.33,0.68,8,False
LS_19,TMEM8B,TMEM8B,0.93,0.0,3.89,1.92,8,False
LS_19,TMEM95,TMEM95,0.0,0.0,0.0,0.0,8,False
LS_19,TMPRSS11B,TMPRSS11B,0.0,0.0,0.0,0.0,8,False
LS_19,TMPRSS11D,TMPRSS11D,0.0,0.0,0.0,0.0,8,False
LS_19,TMPRSS13,TMPRSS13,0.08,0.0,0.0,0.79,8,False
LS_19,TMPRSS15,TMPRSS15,0.0,0.0,0.0,0.0,8,False
LS_19,TMPRSS5,TMPRSS5,0.0,0.0,0.0,0.23,8,False
LS_19,TMPRSS6,TMPRSS6,0.0,0.0,0.0,0.0,8,False
LS_19,TNFRSF10A,TNFRSF10A,6.35,0.0,8.33,6.33,8,False
LS_19,TNFRSF10C,TNFRSF10C,1.63,0.0,3.15,0.56,8,False
LS_19,TNFRSF10D,TNFRSF10D,2.79,0.0,3.33,4.75,8,False
LS_19,TNFRSF11A,TNFRSF11A,0.15,0.0,0.37,2.71,8,False
LS_19,TNFRSF13B,TNFRSF13B,0.0,0.0,0.0,0.0,8,False
LS_19,TNFRSF17,TNFRSF17,0.0,0.0,0.19,0.11,8,False
LS_19,TNFRSF18,TNFRSF18,4.65,12.5,0.37,0.11,8,False
LS_19,TNFRSF19,TNFRSF19,0.23,0.0,0.56,0.0,8,False
LS_19,TNFRSF25,TNFRSF25,6.51,0.0,1.11,1.36,8,False
LS_19,TNFRSF4,TNFRSF4,8.29,12.5,0.56,0.23,8,False
LS_19,TNFRSF8,TNFRSF8,0.08,0.0,0.19,0.34,8,False
LS_19,TNFRSF9,TNFRSF9,0.0,0.0,0.0,0.0,8,False
LS_19,TNFSF11,TNFSF11,0.0,0.0,0.0,0.0,8,False
LS_19,TNFSF15,TNFSF15,0.08,0.0,0.37,0.56,8,False
LS_19,TNFSF18,TNFSF18,0.0,0.0,0.0,0.0,8,False
LS_19,TNFSF4,TNFSF4,7.82,0.0,10.0,0.56,8,False
LS_19,TNFSF8,TNFSF8,4.03,0.0,4.63,1.47,8,False
LS_19,TPBG,TPBG,2.01,0.0,6.48,0.68,8,False
LS_19,TPBGL,TPBGL,0.0,0.0,0.0,0.0,8,False
LS_19,TPO,TPO,0.15,0.0,0.0,0.23,8,False
LS_19,TPSG1,TPSG1,0.0,0.0,0.0,0.11,8,False
LS_19,TRABD2A,TRABD2A,1.01,0.0,0.93,0.68,8,False
LS_19,TRABD2B,TRABD2B,0.0,0.0,0.0,0.0,8,False
LS_19,TRAT1,TRAT1,2.4,0.0,0.74,0.23,8,False
LS_19,TREH,TREH,0.0,0.0,0.0,0.0,8,False
LS_19,TREM2,TREM2,0.15,0.0,0.0,6.21,8,False
LS_19,TREML2,TREML2,2.01,0.0,1.3,0.79,8,False
LS_19,TRHDE,TRHDE,0.0,0.0,0.19,0.0,8,False
LS_19,TRHR,TRHR,0.0,0.0,0.0,0.0,8,False
LS_19,TRIL,TRIL,0.0,0.0,0.0,0.0,8,False
LS_19,TRPV4,TRPV4,0.0,0.0,0.0,0.11,8,False
LS_19,TRPV5,TRPV5,0.0,0.0,0.0,0.11,8,False
LS_19,TRPV6,TRPV6,0.08,0.0,0.0,0.34,8,False
LS_19,TSHR,TSHR,0.23,0.0,0.19,0.11,8,False
LS_19,TSPAN1,TSPAN1,0.0,0.0,0.0,0.0,8,False
LS_19,TSPAN11,TSPAN11,0.0,0.0,0.0,0.0,8,False
LS_19,TSPAN15,TSPAN15,0.0,0.0,0.0,0.11,8,False
LS_19,TSPAN17,TSPAN17,8.29,12.5,8.52,3.62,8,False
LS_19,TSPAN18,TSPAN18,0.0,0.0,0.37,0.0,8,False
LS_19,TSPAN5,TSPAN5,2.01,0.0,5.74,2.15,8,False
LS_19,TSPAN6,TSPAN6,0.0,0.0,0.0,0.0,8,False
LS_19,TSPAN7,TSPAN7,2.63,0.0,4.07,2.15,8,False
LS_19,TSPAN8,TSPAN8,0.0,0.0,0.0,0.0,8,False
LS_19,TSPAN9,TSPAN9,0.0,0.0,0.0,0.0,8,False
LS_19,TTYH1,TTYH1,0.23,0.0,1.3,0.11,8,False
LS_19,TTYH2,TTYH2,4.18,0.0,2.78,4.18,8,False
LS_19,TYRO3,TYRO3,0.62,0.0,2.22,0.9,8,False
LS_19,TYRP1,TYRP1,0.0,0.0,0.0,0.0,8,False
LS_19,UGT8,UGT8,0.0,0.0,0.0,0.0,8,False
LS_19,ULBP1,ULBP1,0.08,0.0,0.0,0.0,8,False
LS_19,ULBP2,ULBP2,0.0,0.0,0.19,0.0,8,False
LS_19,ULBP3,ULBP3,0.23,0.0,0.56,0.11,8,False
LS_19,UMODL1,UMODL1,20.06,62.5,1.48,1.36,8,False
LS_19,UNC5A,UNC5A,0.0,0.0,0.0,0.0,8,False
LS_19,UNC5B,UNC5B,0.23,0.0,0.37,0.11,8,False
LS_19,UNC5C,UNC5C,0.15,0.0,0.19,0.0,8,False
LS_19,UNC93A,UNC93A,0.0,0.0,0.0,0.0,8,False
LS_19,UPK1A,UPK1A,0.0,0.0,0.0,0.0,8,False
LS_19,UPK1B,UPK1B,0.0,0.0,0.0,0.0,8,False
LS_19,UPK2,UPK2,0.23,0.0,0.0,0.0,8,False
LS_19,UPK3A,UPK3A,0.31,0.0,0.19,8.93,8,False
LS_19,UPK3B,UPK3B,0.31,0.0,0.0,0.11,8,False
LS_19,USH2A,USH2A,0.08,0.0,0.0,0.0,8,False
LS_19,UTS2R,UTS2R,0.0,0.0,0.0,0.0,8,False
LS_19,VASN,VASN,0.08,0.0,0.0,0.11,8,False
LS_19,VCAM1,VCAM1,0.0,0.0,0.0,0.0,8,False
LS_19,VIPR1,VIPR1,0.0,0.0,0.74,1.81,8,False
LS_19,VIPR2,VIPR2,0.08,0.0,0.0,0.0,8,False
LS_19,VLDLR,VLDLR,0.93,0.0,0.56,0.45,8,False
LS_19,VN1R1,VN1R1,0.93,0.0,0.37,0.11,8,False
LS_19,VNN1,VNN1,14.79,25.0,1.67,2.15,8,False
LS_19,VNN2,VNN2,1.39,0.0,1.3,1.36,8,False
LS_19,VNN3,VNN3,0.0,0.0,0.19,0.0,8,False
LS_19,VSIG1,VSIG1,0.0,0.0,0.19,0.0,8,False
LS_19,VSIG10L,VSIG10L,1.16,0.0,2.04,0.34,8,False
LS_19,VSIG2,VSIG2,0.0,0.0,0.37,0.11,8,False
LS_19,VSIG8,VSIG8,0.08,0.0,1.3,0.11,8,False
LS_19,VSTM4,VSTM4,0.31,0.0,0.37,0.23,8,False
LS_19,VSTM5,VSTM5,0.0,0.0,0.0,0.0,8,False
LS_19,XCR1,XCR1,0.0,0.0,0.0,0.0,8,False
LS_19,XKR3,XKR3,0.31,0.0,0.37,0.0,8,False
LS_19,XPNPEP2,XPNPEP2,0.31,0.0,0.37,0.23,8,False
LS_19,ZACN,ZACN,0.62,0.0,1.11,0.56,8,False
LS_19,ZAN,ZAN,2.32,0.0,2.04,0.68,8,False
LS_19,ZDHHC11,ZDHHC11,0.23,0.0,0.37,0.23,8,False
LS_19,ZDHHC11B,ZDHHC11B,0.08,0.0,0.0,0.0,8,False
LS_19,ZP1,ZP1,0.0,0.0,0.0,0.0,8,False
LS_19,ZPLD1,ZPLD1,0.0,0.0,0.0,0.0,8,False
LS_20,ABCA1,ABCA1,2.56,0.0,2.41,2.03,17,False
LS_20,ABCA12,ABCA12,0.08,0.0,0.19,0.0,17,False
LS_20,ABCA13,ABCA13,0.48,0.0,3.52,0.68,17,False
LS_20,ABCA3,ABCA3,0.56,0.0,1.11,0.56,17,False
LS_20,ABCA4,ABCA4,0.08,0.0,0.0,0.0,17,False
LS_20,ABCA5,ABCA5,0.48,0.0,5.74,0.9,17,False
LS_20,ABCA6,ABCA6,0.56,0.0,0.19,0.68,17,False
LS_20,ABCA8,ABCA8,0.0,0.0,0.0,0.0,17,False
LS_20,ABCA9,ABCA9,0.0,0.0,0.0,0.11,17,False
LS_20,ABCB11,ABCB11,6.0,5.88,0.19,0.0,17,False
LS_20,ABCB4,ABCB4,0.16,0.0,0.19,0.23,17,False
LS_20,ABCB5,ABCB5,0.0,0.0,0.0,0.0,17,False
LS_20,ABCB9,ABCB9,2.56,0.0,2.96,1.69,17,False
LS_20,ABCC10,ABCC10,4.16,0.0,4.26,2.71,17,False
LS_20,ABCC11,ABCC11,0.32,0.0,0.0,0.34,17,False
LS_20,ABCC2,ABCC2,0.72,0.0,0.19,0.23,17,False
LS_20,ABCC3,ABCC3,0.0,0.0,0.0,0.34,17,False
LS_20,ABCC5,ABCC5,8.87,11.76,7.96,4.07,17,False
LS_20,ABCC9,ABCC9,0.0,0.0,0.0,0.0,17,False
LS_20,ABCG2,ABCG2,0.48,0.0,0.56,0.11,17,False
LS_20,ABCG4,ABCG4,0.0,0.0,0.0,0.0,17,False
LS_20,ACE,ACE,0.56,0.0,1.11,0.34,17,False
LS_20,ACE2,ACE2,0.0,0.0,0.0,0.0,17,False
LS_20,ACHE,ACHE,0.24,0.0,0.37,0.0,17,False
LS_20,ACKR1,ACKR1,0.56,0.0,0.0,0.11,17,False
LS_20,ACKR2,ACKR2,0.08,0.0,0.0,0.0,17,False
LS_20,ACKR3,ACKR3,0.88,0.0,1.3,1.36,17,False
LS_20,ACKR4,ACKR4,0.4,0.0,0.0,0.11,17,False
LS_20,ACVR1,ACVR1,2.08,0.0,2.22,1.24,17,False
LS_20,ACVR1B,ACVR1B,8.63,5.88,4.44,4.97,17,False
LS_20,ACVR1C,ACVR1C,0.08,0.0,0.19,0.0,17,False
LS_20,ACVR2A,ACVR2A,0.24,0.0,1.67,0.11,17,False
LS_20,ACVR2B,ACVR2B,3.76,0.0,2.59,1.47,17,False
LS_20,ACVRL1,ACVRL1,0.4,0.0,0.19,2.49,17,False
LS_20,ADAM11,ADAM11,0.16,0.0,0.74,0.11,17,False
LS_20,ADAM12,ADAM12,0.32,0.0,0.37,0.23,17,False
LS_20,ADAM19,ADAM19,0.32,0.0,1.11,0.11,17,False
LS_20,ADAM20,ADAM20,0.0,0.0,0.0,0.0,17,False
LS_20,ADAM21,ADAM21,0.0,0.0,0.19,0.0,17,False
LS_20,ADAM22,ADAM22,1.92,0.0,8.89,0.56,17,False
LS_20,ADAM23,ADAM23,1.84,0.0,0.0,0.23,17,False
LS_20,ADAM30,ADAM30,0.0,0.0,0.0,0.0,17,False
LS_20,ADAM32,ADAM32,0.32,0.0,1.3,0.23,17,False
LS_20,ADAM33,ADAM33,0.0,0.0,0.0,0.0,17,False
LS_20,ADAM9,ADAM9,6.87,5.88,4.81,6.55,17,False
LS_20,ADCY2,ADCY2,0.32,0.0,0.0,0.0,17,False
LS_20,ADCY5,ADCY5,0.0,0.0,0.0,0.0,17,False
LS_20,ADCY6,ADCY6,1.44,0.0,1.11,1.02,17,False
LS_20,ADCY9,ADCY9,6.31,11.76,1.67,5.99,17,False
LS_20,ADORA1,ADORA1,0.0,0.0,0.0,0.0,17,False
LS_20,ADORA2A,ADORA2A,0.96,0.0,1.85,1.58,17,False
LS_20,ADORA2B,ADORA2B,7.51,5.88,2.59,2.26,17,False
LS_20,ADORA3,ADORA3,0.0,0.0,0.0,0.11,17,False
LS_20,ADRA1B,ADRA1B,0.08,0.0,0.0,0.0,17,False
LS_20,ADRA1D,ADRA1D,0.0,0.0,0.0,0.0,17,False
LS_20,ADRA2A,ADRA2A,0.88,0.0,3.7,0.0,17,False
LS_20,ADRA2B,ADRA2B,0.0,0.0,0.0,0.11,17,False
LS_20,ADRA2C,ADRA2C,0.16,0.0,0.0,0.0,17,False
LS_20,ADRB1,ADRB1,0.88,0.0,0.74,1.81,17,False
LS_20,ADRB3,ADRB3,0.0,0.0,0.0,0.0,17,False
LS_20,AGER,AGER,3.6,0.0,3.52,2.71,17,False
LS_20,AGTR1,AGTR1,0.0,0.0,0.0,0.0,17,False
LS_20,AJAP1,AJAP1,0.0,0.0,0.0,0.0,17,False
LS_20,ALK,ALK,0.0,0.0,0.0,0.0,17,False
LS_20,ALPL,ALPL,0.0,0.0,0.0,0.0,17,False
LS_20,ALPP,ALPP,0.0,0.0,0.0,0.0,17,False
LS_20,AMHR2,AMHR2,1.76,0.0,0.37,0.0,17,False
LS_20,AMIGO1,AMIGO1,0.4,0.0,0.37,0.34,17,False
LS_20,AMIGO2,AMIGO2,0.24,0.0,0.37,0.79,17,False
LS_20,AMIGO3,AMIGO3,0.0,0.0,0.0,0.11,17,False
LS_20,AMN,AMN,7.35,11.76,4.63,3.73,17,False
LS_20,ANKH,ANKH,3.44,0.0,9.26,4.29,17,False
LS_20,ANO1,ANO1,0.0,0.0,0.0,0.0,17,False
LS_20,ANO2,ANO2,0.0,0.0,0.0,0.0,17,False
LS_20,ANO5,ANO5,0.16,0.0,1.3,0.23,17,False
LS_20,ANO7,ANO7,0.24,0.0,0.56,1.02,17,False
LS_20,ANO9,ANO9,0.08,0.0,1.85,0.11,17,False
LS_20,ANTXR1,ANTXR1,0.0,0.0,0.37,0.0,17,False
LS_20,ANTXRL,ANTXRL,0.0,0.0,0.0,0.0,17,False
LS_20,AOC3,AOC3,0.16,0.0,0.0,0.11,17,False
LS_20,APCDD1,APCDD1,0.8,0.0,0.19,0.34,17,False
LS_20,APLNR,APLNR,0.32,0.0,0.0,0.0,17,False
LS_20,APLP1,APLP1,0.08,0.0,0.0,0.0,17,False
LS_20,AQP1,AQP1,2.88,5.88,0.0,0.23,17,False
LS_20,AQP10,AQP10,0.4,0.0,0.19,0.0,17,False
LS_20,AQP5,AQP5,0.0,0.0,0.0,0.0,17,False
LS_20,AQP8,AQP8,0.0,0.0,0.0,0.0,17,False
LS_20,AQP9,AQP9,0.0,0.0,0.0,0.11,17,False
LS_20,ART3,ART3,0.0,0.0,0.0,0.11,17,False
LS_20,ART4,ART4,2.96,5.88,0.0,0.0,17,False
LS_20,ASGR2,ASGR2,1.84,0.0,0.37,4.52,17,False
LS_20,ASIC1,ASIC1,0.0,0.0,0.19,0.23,17,False
LS_20,ASIC4,ASIC4,0.64,0.0,0.0,0.0,17,False
LS_20,ASTN1,ASTN1,0.0,0.0,0.0,0.0,17,False
LS_20,ASTN2,ASTN2,0.8,0.0,0.19,0.0,17,False
LS_20,ATG9A,ATG9A,8.87,11.76,9.07,4.63,17,False
LS_20,ATP1A2,ATP1A2,0.08,0.0,0.0,0.11,17,False
LS_20,ATP1A3,ATP1A3,0.8,0.0,3.89,0.68,17,False
LS_20,ATP1A4,ATP1A4,0.0,0.0,0.0,0.0,17,False
LS_20,ATP1B2,ATP1B2,0.72,0.0,0.74,0.0,17,False
LS_20,ATP1B4,ATP1B4,0.0,0.0,0.0,0.0,17,False
LS_20,ATP2B2,ATP2B2,0.08,0.0,0.0,0.0,17,False
LS_20,ATP2B3,ATP2B3,0.0,0.0,0.0,0.34,17,False
LS_20,ATP4B,ATP4B,0.0,0.0,0.0,0.0,17,False
LS_20,ATRNL1,ATRNL1,0.0,0.0,0.0,0.0,17,False
LS_20,AVPR1A,AVPR1A,0.0,0.0,0.19,0.0,17,False
LS_20,AVPR1B,AVPR1B,0.0,0.0,1.3,0.0,17,False
LS_20,AVPR2,AVPR2,0.0,0.0,0.0,0.0,17,False
LS_20,AXL,AXL,0.64,0.0,0.0,0.68,17,False
LS_20,BACE2,BACE2,2.56,0.0,4.26,0.45,17,False
LS_20,BAMBI,BAMBI,8.23,5.88,1.3,0.79,17,False
LS_20,BCAM,BCAM,1.28,0.0,4.81,0.68,17,False
LS_20,BCAN,BCAN,0.0,0.0,0.0,0.0,17,False
LS_20,BEST2,BEST2,0.0,0.0,0.0,0.0,17,False
LS_20,BEST4,BEST4,0.4,0.0,0.74,0.0,17,False
LS_20,BMPR1A,BMPR1A,1.92,0.0,0.19,0.34,17,False
LS_20,BOC,BOC,0.0,0.0,0.0,0.0,17,False
LS_20,BTC,BTC,0.0,0.0,0.56,0.0,17,False
LS_20,BTLA,BTLA,0.96,0.0,0.0,0.56,17,False
LS_20,BTN1A1,BTN1A1,0.08,0.0,0.0,0.0,17,False
LS_20,BTN2A2,BTN2A2,4.72,0.0,6.3,5.65,17,False
LS_20,BTN3A1,BTN3A1,8.15,5.88,7.78,3.84,17,False
LS_20,BTN3A3,BTN3A3,5.28,5.88,7.22,2.26,17,False
LS_20,BTNL3,BTNL3,0.0,0.0,0.0,0.0,17,False
LS_20,BTNL9,BTNL9,0.0,0.0,0.0,0.0,17,False
LS_20,BVES,BVES,0.48,0.0,0.0,0.0,17,False
LS_20,C11orf24,C11orf24,11.19,11.76,7.78,8.14,17,False
LS_20,C14orf132,C14orf132,0.0,0.0,0.19,0.0,17,False
LS_20,C19orf18,C19orf18,0.32,0.0,0.0,0.0,17,False
LS_20,C1orf159,C1orf159,5.2,0.0,5.74,5.31,17,False
LS_20,C3AR1,C3AR1,2.64,0.0,0.0,0.56,17,False
LS_20,C5AR1,C5AR1,0.4,0.0,0.74,2.37,17,False
LS_20,C5AR2,C5AR2,1.76,0.0,0.19,0.45,17,False
LS_20,CA12,CA12,0.0,0.0,0.0,0.0,17,False
LS_20,CA14,CA14,0.0,0.0,0.0,0.0,17,False
LS_20,CA4,CA4,0.0,0.0,0.0,0.0,17,False
LS_20,CACHD1,CACHD1,0.96,0.0,2.96,0.34,17,False
LS_20,CACNA1C,CACNA1C,2.32,0.0,1.48,0.34,17,False
LS_20,CACNA1G,CACNA1G,0.16,0.0,0.37,0.11,17,False
LS_20,CACNA1I,CACNA1I,0.0,0.0,0.0,0.0,17,False
LS_20,CACNG4,CACNG4,0.0,0.0,0.0,0.0,17,False
LS_20,CACNG6,CACNG6,0.0,0.0,0.0,0.0,17,False
LS_20,CACNG7,CACNG7,0.0,0.0,0.0,0.0,17,False
LS_20,CACNG8,CACNG8,0.0,0.0,0.0,0.0,17,False
LS_20,CADM1,CADM1,1.84,0.0,0.19,0.56,17,False
LS_20,CADM2,CADM2,0.08,0.0,0.37,0.0,17,False
LS_20,CADM3,CADM3,0.0,0.0,0.0,0.0,17,False
LS_20,CADM4,CADM4,0.08,0.0,0.0,0.11,17,False
LS_20,CALCRL,CALCRL,1.84,0.0,8.33,0.9,17,False
LS_20,CALY,CALY,0.0,0.0,0.0,0.0,17,False
LS_20,CASR,CASR,0.0,0.0,0.0,0.0,17,False
LS_20,CATSPERD,CATSPERD,0.32,0.0,0.0,0.11,17,False
LS_20,CATSPERG,CATSPERG,1.36,0.0,1.85,0.79,17,False
LS_20,CCKBR,CCKBR,0.0,0.0,0.19,0.0,17,False
LS_20,CCR1,CCR1,1.68,0.0,0.37,3.5,17,False
LS_20,CCR10,CCR10,0.4,0.0,0.19,0.45,17,False
LS_20,CCR2,CCR2,2.96,0.0,0.37,7.23,17,False
LS_20,CCR3,CCR3,0.0,0.0,0.0,0.0,17,False
LS_20,CCR4,CCR4,0.16,0.0,0.0,0.0,17,False
LS_20,CCR5,CCR5,0.16,0.0,0.0,0.68,17,False
LS_20,CCR6,CCR6,0.0,0.0,0.19,0.11,17,False
LS_20,CCR7,CCR7,1.04,0.0,1.11,0.34,17,False
LS_20,CCR8,CCR8,0.0,0.0,0.0,0.0,17,False
LS_20,CCR9,CCR9,0.0,0.0,0.19,0.0,17,False
LS_20,CCRL2,CCRL2,2.0,0.0,2.04,1.13,17,False
LS_20,CD101,CD101,0.16,0.0,0.19,1.13,17,False
LS_20,CD160,CD160,0.08,0.0,0.19,0.23,17,False
LS_20,CD163,CD163,0.88,0.0,0.0,3.5,17,False
LS_20,CD163L1,CD163L1,0.48,0.0,0.0,0.34,17,False
LS_20,CD164L2,CD164L2,0.0,0.0,0.0,0.0,17,False
LS_20,CD177,CD177,0.08,0.0,0.0,0.0,17,False
LS_20,CD19,CD19,3.52,5.88,1.48,1.81,17,False
LS_20,CD1A,CD1A,0.0,0.0,0.0,0.23,17,False
LS_20,CD1B,CD1B,0.0,0.0,0.0,0.68,17,False
LS_20,CD1C,CD1C,0.16,0.0,0.19,1.58,17,False
LS_20,CD1E,CD1E,0.32,0.0,0.0,1.13,17,False
LS_20,CD2,CD2,1.2,0.0,0.19,1.02,17,False
LS_20,CD200R1,CD200R1,3.12,5.88,0.19,0.34,17,False
LS_20,CD200R1L,CD200R1L,0.0,0.0,0.0,0.0,17,False
LS_20,CD22,CD22,0.56,0.0,3.33,0.34,17,False
LS_20,CD226,CD226,0.4,0.0,0.19,0.0,17,False
LS_20,CD24,CD24,9.03,5.88,1.67,0.79,17,False
LS_20,CD248,CD248,0.24,0.0,0.74,0.23,17,False
LS_20,CD27,CD27,0.16,0.0,0.37,0.45,17,False
LS_20,CD274,CD274,0.16,0.0,0.37,0.0,17,False
LS_20,CD276,CD276,0.8,0.0,0.0,0.68,17,False
LS_20,CD28,CD28,0.08,0.0,0.37,0.0,17,False
LS_20,CD300E,CD300E,0.48,0.0,0.0,1.47,17,False
LS_20,CD300LD,CD300LD,0.0,0.0,0.0,0.0,17,False
LS_20,CD300LG,CD300LG,0.0,0.0,0.0,0.0,17,False
LS_20,CD40,CD40,1.04,0.0,4.26,0.79,17,False
LS_20,CD40LG,CD40LG,1.04,0.0,0.56,0.11,17,False
LS_20,CD5,CD5,0.32,0.0,0.74,0.23,17,False
LS_20,CD6,CD6,0.8,0.0,0.37,0.23,17,False
LS_20,CD7,CD7,6.71,5.88,9.07,3.05,17,False
LS_20,CD70,CD70,3.76,5.88,0.0,0.9,17,True
LS_20,CD79A,CD79A,5.92,5.88,7.59,0.9,17,False
LS_20,CD80,CD80,0.0,0.0,0.0,0.0,17,False
LS_20,CD8A,CD8A,0.24,0.0,0.0,0.0,17,False
LS_20,CD8B,CD8B,0.0,0.0,0.19,0.45,17,False
LS_20,CD9,CD9,22.62,41.18,7.59,6.78,17,False
LS_20,CD96,CD96,27.74,58.82,2.41,3.28,17,True
LS_20,CDH1,CDH1,0.0,0.0,0.19,0.11,17,False
LS_20,CDH10,CDH10,0.0,0.0,0.0,0.0,17,False
LS_20,CDH11,CDH11,0.0,0.0,0.0,0.0,17,False
LS_20,CDH12,CDH12,0.4,0.0,0.0,0.0,17,False
LS_20,CDH13,CDH13,0.08,0.0,0.0,0.0,17,False
LS_20,CDH15,CDH15,0.08,0.0,0.0,0.0,17,False
LS_20,CDH18,CDH18,0.0,0.0,0.0,0.0,17,False
LS_20,CDH2,CDH2,0.56,0.0,5.19,0.34,17,False
LS_20,CDH20,CDH20,0.16,0.0,0.19,0.0,17,False
LS_20,CDH22,CDH22,0.0,0.0,0.0,0.11,17,False
LS_20,CDH23,CDH23,1.04,0.0,0.93,1.81,17,False
LS_20,CDH24,CDH24,0.72,0.0,1.3,0.79,17,False
LS_20,CDH26,CDH26,2.16,0.0,8.15,1.92,17,False
LS_20,CDH3,CDH3,0.08,0.0,0.0,0.11,17,False
LS_20,CDH4,CDH4,0.32,0.0,1.85,0.34,17,False
LS_20,CDH5,CDH5,0.0,0.0,0.0,0.11,17,False
LS_20,CDH6,CDH6,0.0,0.0,0.0,0.0,17,False
LS_20,CDH7,CDH7,0.0,0.0,5.37,0.11,17,False
LS_20,CDH8,CDH8,0.0,0.0,0.0,0.0,17,False
LS_20,CDH9,CDH9,0.24,0.0,2.22,0.0,17,False
LS_20,CDHR1,CDHR1,0.08,0.0,0.0,0.0,17,False
LS_20,CDHR2,CDHR2,0.0,0.0,0.0,0.0,17,False
LS_20,CDHR3,CDHR3,0.0,0.0,0.0,0.23,17,False
LS_20,CDHR4,CDHR4,0.0,0.0,0.0,0.0,17,False
LS_20,CDHR5,CDHR5,0.0,0.0,0.0,0.11,17,False
LS_20,CDON,CDON,0.16,0.0,0.0,0.0,17,False
LS_20,CEACAM1,CEACAM1,0.16,0.0,1.3,0.0,17,False
LS_20,CEACAM19,CEACAM19,0.08,0.0,0.74,0.68,17,False
LS_20,CEACAM21,CEACAM21,5.12,0.0,8.15,1.92,17,False
LS_20,CEACAM3,CEACAM3,0.16,0.0,0.0,0.0,17,False
LS_20,CEACAM6,CEACAM6,0.72,0.0,0.0,0.56,17,False
LS_20,CEACAM8,CEACAM8,0.24,0.0,0.0,0.34,17,False
LS_20,CELSR1,CELSR1,0.16,0.0,0.19,0.34,17,False
LS_20,CELSR2,CELSR2,0.08,0.0,0.37,0.34,17,False
LS_20,CELSR3,CELSR3,1.28,0.0,0.93,0.79,17,False
LS_20,CHL1,CHL1,0.0,0.0,0.19,0.0,17,False
LS_20,CHODL,CHODL,0.0,0.0,0.0,0.0,17,False
LS_20,CHRM4,CHRM4,0.08,0.0,0.0,0.0,17,False
LS_20,CHRM5,CHRM5,0.08,0.0,0.19,0.0,17,False
LS_20,CHRNA1,CHRNA1,0.0,0.0,0.0,0.0,17,False
LS_20,CHRNA10,CHRNA10,0.72,0.0,0.56,0.9,17,False
LS_20,CHRNA2,CHRNA2,0.16,0.0,0.0,0.0,17,False
LS_20,CHRNA3,CHRNA3,0.0,0.0,0.0,0.0,17,False
LS_20,CHRNA5,CHRNA5,0.48,0.0,3.52,0.68,17,False
LS_20,CHRNA6,CHRNA6,0.16,0.0,0.0,0.23,17,False
LS_20,CHRNA7,CHRNA7,0.8,0.0,0.74,0.79,17,False
LS_20,CHRNA9,CHRNA9,0.0,0.0,0.19,0.0,17,False
LS_20,CHRNB2,CHRNB2,0.0,0.0,0.0,0.0,17,False
LS_20,CHRNB4,CHRNB4,0.0,0.0,0.0,0.0,17,False
LS_20,CHRND,CHRND,0.0,0.0,0.0,0.0,17,False
LS_20,CHRNE,CHRNE,0.4,0.0,0.74,0.68,17,False
LS_20,CHRNG,CHRNG,0.0,0.0,0.19,0.0,17,False
LS_20,CLCNKB,CLCNKB,0.0,0.0,0.19,0.0,17,False
LS_20,CLDN1,CLDN1,0.0,0.0,0.0,0.0,17,False
LS_20,CLDN11,CLDN11,0.0,0.0,0.0,0.0,17,False
LS_20,CLDN12,CLDN12,2.0,0.0,1.48,0.56,17,False
LS_20,CLDN16,CLDN16,0.0,0.0,0.0,0.0,17,False
LS_20,CLDN19,CLDN19,0.0,0.0,0.0,0.34,17,False
LS_20,CLDN20,CLDN20,0.0,0.0,0.0,0.0,17,False
LS_20,CLDN22,CLDN22,0.0,0.0,0.0,0.0,17,False
LS_20,CLDN24,CLDN24,0.0,0.0,0.0,0.0,17,False
LS_20,CLDN3,CLDN3,0.0,0.0,0.0,0.0,17,False
LS_20,CLDN4,CLDN4,0.0,0.0,0.0,0.0,17,False
LS_20,CLDN6,CLDN6,1.04,0.0,0.0,0.0,17,False
LS_20,CLDN7,CLDN7,2.08,0.0,1.85,0.56,17,False
LS_20,CLDN9,CLDN9,0.08,0.0,0.0,0.0,17,False
LS_20,CLEC12B,CLEC12B,1.76,0.0,0.0,1.24,17,False
LS_20,CLEC14A,CLEC14A,5.04,11.76,1.3,0.45,17,False
LS_20,CLEC17A,CLEC17A,0.0,0.0,0.19,0.23,17,False
LS_20,CLEC1A,CLEC1A,0.0,0.0,0.0,0.0,17,False
LS_20,CLEC1B,CLEC1B,0.8,0.0,0.19,0.34,17,False
LS_20,CLEC2D,CLEC2D,7.35,0.0,6.3,5.54,17,False
LS_20,CLEC4G,CLEC4G,0.56,0.0,0.93,3.73,17,False
LS_20,CLEC4M,CLEC4M,0.0,0.0,0.0,0.0,17,False
LS_20,CLEC7A,CLEC7A,0.24,0.0,0.56,5.08,17,False
LS_20,CLEC9A,CLEC9A,0.24,0.0,6.67,0.23,17,False
LS_20,CLMP,CLMP,0.24,0.0,0.0,0.0,17,False
LS_20,CLSTN2,CLSTN2,1.12,0.0,0.19,0.45,17,False
LS_20,CLSTN3,CLSTN3,3.52,0.0,7.04,3.28,17,False
LS_20,CMKLR1,CMKLR1,0.08,0.0,0.0,0.11,17,False
LS_20,CNNM4,CNNM4,3.68,0.0,6.85,2.71,17,False
LS_20,CNR1,CNR1,0.08,0.0,0.19,0.0,17,False
LS_20,CNR2,CNR2,0.48,0.0,0.37,0.11,17,False
LS_20,CNTN1,CNTN1,0.08,0.0,0.37,0.0,17,False
LS_20,CNTN2,CNTN2,0.0,0.0,0.19,0.0,17,False
LS_20,CNTN4,CNTN4,0.96,0.0,0.19,0.0,17,False
LS_20,CNTN5,CNTN5,0.0,0.0,0.19,0.0,17,False
LS_20,CNTNAP1,CNTNAP1,0.24,0.0,0.0,0.0,17,False
LS_20,CNTNAP2,CNTNAP2,0.0,0.0,0.0,0.0,17,False
LS_20,CNTNAP3,CNTNAP3,0.0,0.0,0.0,0.0,17,False
LS_20,CNTNAP3B,CNTNAP3B,0.0,0.0,0.0,0.0,17,False
LS_20,CNTNAP5,CNTNAP5,0.0,0.0,0.0,0.0,17,False
LS_20,CORIN,CORIN,0.0,0.0,0.0,0.0,17,False
LS_20,CPM,CPM,2.64,0.0,0.19,9.83,17,False
LS_20,CR1,CR1,3.92,5.88,1.67,5.31,17,False
LS_20,CR2,CR2,0.8,0.0,0.0,0.0,17,False
LS_20,CRB1,CRB1,0.08,0.0,0.0,0.0,17,False
LS_20,CRB2,CRB2,0.0,0.0,0.0,0.23,17,False
LS_20,CRB3,CRB3,0.0,0.0,0.0,0.0,17,False
LS_20,CRHR1,CRHR1,0.0,0.0,0.0,0.0,17,False
LS_20,CRHR2,CRHR2,0.0,0.0,0.0,0.0,17,False
LS_20,CRIM1,CRIM1,4.64,11.76,8.89,1.13,17,False
LS_20,CRLF2,CRLF2,1.36,0.0,0.37,0.11,17,False
LS_20,CRTAM,CRTAM,0.48,0.0,0.56,1.13,17,False
LS_20,CSF1,CSF1,4.32,5.88,1.11,0.34,17,False
LS_20,CSF2RB,CSF2RB,7.99,5.88,9.44,2.49,17,False
LS_20,CSMD1,CSMD1,0.0,0.0,0.0,0.23,17,False
LS_20,CSMD2,CSMD2,0.16,0.0,0.0,0.0,17,False
LS_20,CSPG4,CSPG4,0.72,0.0,0.0,0.23,17,False
LS_20,CSPG5,CSPG5,0.96,0.0,0.0,0.11,17,False
LS_20,CTLA4,CTLA4,0.0,0.0,0.19,0.0,17,False
LS_20,CTNS,CTNS,4.72,0.0,5.37,3.5,17,False
LS_20,CUZD1,CUZD1,0.48,0.0,0.0,0.0,17,False
LS_20,CX3CR1,CX3CR1,1.52,0.0,0.19,1.92,17,False
LS_20,CXADR,CXADR,4.56,5.88,0.37,0.0,17,False
LS_20,CXCL16,CXCL16,0.4,0.0,0.74,1.47,17,False
LS_20,CXCR1,CXCR1,0.0,0.0,0.0,0.11,17,False
LS_20,CXCR2,CXCR2,0.64,0.0,0.19,2.26,17,False
LS_20,CXCR3,CXCR3,0.48,0.0,0.37,0.23,17,False
LS_20,CXCR5,CXCR5,0.08,0.0,0.0,0.34,17,False
LS_20,CXCR6,CXCR6,0.08,0.0,0.0,0.34,17,False
LS_20,CYSLTR2,CYSLTR2,1.04,0.0,0.56,0.56,17,False
LS_20,DAG1,DAG1,5.92,0.0,6.48,2.6,17,False
LS_20,DAGLA,DAGLA,0.32,0.0,0.19,1.13,17,False
LS_20,DCBLD1,DCBLD1,1.2,0.0,0.93,0.68,17,False
LS_20,DCBLD2,DCBLD2,4.32,5.88,8.33,1.69,17,False
LS_20,DCC,DCC,0.0,0.0,0.0,0.0,17,False
LS_20,DCHS1,DCHS1,0.64,0.0,2.78,0.11,17,False
LS_20,DCHS2,DCHS2,0.0,0.0,0.0,0.0,17,False
LS_20,DCSTAMP,DCSTAMP,0.0,0.0,0.37,0.0,17,False
LS_20,DCT,DCT,0.0,0.0,0.0,0.0,17,False
LS_20,DDR1,DDR1,0.0,0.0,0.37,0.9,17,False
LS_20,DDR2,DDR2,0.16,0.0,0.56,0.11,17,False
LS_20,DISP1,DISP1,1.12,0.0,1.67,0.56,17,False
LS_20,DISP2,DISP2,0.4,0.0,0.37,0.23,17,False
LS_20,DLK1,DLK1,1.28,0.0,4.81,0.0,17,False
LS_20,DLK2,DLK2,0.48,0.0,0.19,0.0,17,False
LS_20,DLL1,DLL1,0.4,0.0,0.56,0.11,17,False
LS_20,DLL3,DLL3,1.2,0.0,0.56,0.45,17,False
LS_20,DLL4,DLL4,0.24,0.0,0.19,0.11,17,False
LS_20,DNER,DNER,0.0,0.0,0.0,0.0,17,False
LS_20,DPEP1,DPEP1,0.24,0.0,0.0,0.0,17,False
LS_20,DPEP3,DPEP3,4.64,5.88,3.52,1.36,17,False
LS_20,DPP10,DPP10,4.4,5.88,2.41,0.34,17,False
LS_20,DPP4,DPP4,0.0,0.0,0.19,0.23,17,False
LS_20,DPP6,DPP6,0.0,0.0,0.0,0.0,17,False
LS_20,DRD2,DRD2,0.0,0.0,0.0,0.0,17,False
LS_20,DRD4,DRD4,0.72,0.0,0.19,0.34,17,False
LS_20,DSC1,DSC1,0.0,0.0,0.0,0.0,17,False
LS_20,DSC2,DSC2,2.08,5.88,0.56,0.56,17,False
LS_20,DSC3,DSC3,0.0,0.0,0.0,0.0,17,False
LS_20,DSCAML1,DSCAML1,0.0,0.0,0.0,0.0,17,False
LS_20,DSG3,DSG3,0.0,0.0,0.0,0.0,17,False
LS_20,DUOX1,DUOX1,0.16,0.0,0.19,0.11,17,False
LS_20,DUOX2,DUOX2,0.0,0.0,0.0,0.0,17,False
LS_20,DUOXA1,DUOXA1,0.0,0.0,0.0,0.11,17,False
LS_20,DYNAP,DYNAP,0.0,0.0,0.0,0.0,17,False
LS_20,ECE1,ECE1,3.04,0.0,2.41,1.02,17,False
LS_20,ECSCR,ECSCR,0.48,0.0,0.0,0.11,17,False
LS_20,EDA,EDA,0.16,0.0,0.74,0.11,17,False
LS_20,EDA2R,EDA2R,1.44,0.0,1.48,0.23,17,False
LS_20,EDAR,EDAR,0.0,0.0,0.0,0.0,17,False
LS_20,EDNRB,EDNRB,0.0,0.0,0.19,0.11,17,False
LS_20,EFNA1,EFNA1,2.96,0.0,6.85,0.23,17,False
LS_20,EFNA2,EFNA2,0.0,0.0,0.0,0.0,17,False
LS_20,EFNA3,EFNA3,2.08,0.0,2.59,1.02,17,False
LS_20,EFNA4,EFNA4,2.56,0.0,5.19,1.92,17,False
LS_20,EFNA5,EFNA5,0.8,0.0,0.0,0.11,17,False
LS_20,EFNB1,EFNB1,2.56,0.0,6.11,1.92,17,False
LS_20,EFNB2,EFNB2,1.44,0.0,1.3,0.23,17,False
LS_20,EFNB3,EFNB3,0.08,0.0,0.0,0.0,17,False
LS_20,EGF,EGF,0.24,0.0,0.37,0.0,17,False
LS_20,ELFN1,ELFN1,0.0,0.0,0.19,0.0,17,False
LS_20,ELFN2,ELFN2,0.24,0.0,0.0,0.11,17,False
LS_20,EMCN,EMCN,0.0,0.0,4.07,0.0,17,False
LS_20,EMP1,EMP1,7.11,5.88,9.26,5.65,17,False
LS_20,EMP2,EMP2,2.0,0.0,1.48,0.23,17,False
LS_20,ENPEP,ENPEP,0.0,0.0,0.19,0.0,17,False
LS_20,ENPP1,ENPP1,0.16,0.0,0.0,0.0,17,False
LS_20,ENPP4,ENPP4,3.36,0.0,5.74,1.47,17,False
LS_20,ENPP5,ENPP5,0.16,0.0,1.67,0.0,17,False
LS_20,ENPP6,ENPP6,0.0,0.0,0.19,0.11,17,False
LS_20,ENTPD1,ENTPD1,2.8,0.0,2.78,9.6,17,False
LS_20,ENTPD3,ENTPD3,0.0,0.0,0.0,0.0,17,False
LS_20,EPCAM,EPCAM,2.4,0.0,4.26,1.69,17,False
LS_20,EPGN,EPGN,0.32,0.0,0.56,0.0,17,False
LS_20,EPHA1,EPHA1,1.28,0.0,2.41,1.92,17,False
LS_20,EPHA10,EPHA10,0.0,0.0,0.0,0.11,17,False
LS_20,EPHA2,EPHA2,0.16,0.0,0.0,0.0,17,False
LS_20,EPHA3,EPHA3,0.32,0.0,0.0,0.0,17,False
LS_20,EPHA4,EPHA4,2.24,5.88,0.19,0.0,17,False
LS_20,EPHA5,EPHA5,0.0,0.0,0.0,0.0,17,False
LS_20,EPHA7,EPHA7,0.0,0.0,0.0,0.0,17,False
LS_20,EPHA8,EPHA8,0.0,0.0,0.0,0.0,17,False
LS_20,EPHB1,EPHB1,0.0,0.0,0.0,0.11,17,False
LS_20,EPHB2,EPHB2,0.24,0.0,0.19,1.47,17,False
LS_20,EPHB3,EPHB3,1.28,0.0,0.0,1.92,17,False
LS_20,EPHB4,EPHB4,4.16,5.88,6.11,3.84,17,False
LS_20,EPOR,EPOR,7.27,5.88,3.89,3.05,17,False
LS_20,EQTN,EQTN,0.0,0.0,0.0,0.0,17,False
LS_20,ERBB2,ERBB2,1.04,0.0,1.48,0.56,17,False
LS_20,ERBB3,ERBB3,0.24,0.0,0.0,0.0,17,False
LS_20,ERBB4,ERBB4,0.0,0.0,0.0,0.0,17,False
LS_20,ERMAP,ERMAP,11.75,5.88,4.63,4.41,17,False
LS_20,ERVFRD-1,ERVFRD-1,0.72,0.0,0.0,0.11,17,False
LS_20,ERVK13-1,ERVK13-1,3.68,0.0,6.67,1.92,17,False
LS_20,ERVMER34-1,ERVMER34-1,0.0,0.0,0.0,0.0,17,False
LS_20,ERVW-1,ERVW-1,0.0,0.0,0.19,0.11,17,False
LS_20,ESAM,ESAM,3.28,5.88,8.89,0.79,17,False
LS_20,ESYT3,ESYT3,0.24,0.0,0.37,0.0,17,False
LS_20,EVA1C,EVA1C,1.2,0.0,5.93,1.02,17,False
LS_20,EVC2,EVC2,0.0,0.0,3.15,1.02,17,False
LS_20,F2RL2,F2RL2,0.8,0.0,3.33,0.56,17,False
LS_20,F2RL3,F2RL3,0.24,0.0,0.0,0.0,17,False
LS_20,F3,F3,0.8,0.0,0.19,0.68,17,False
LS_20,FAIM2,FAIM2,0.0,0.0,0.0,0.0,17,False
LS_20,FAM171A1,FAM171A1,7.27,17.65,0.56,0.23,17,False
LS_20,FAM171A2,FAM171A2,1.76,0.0,7.41,0.56,17,False
LS_20,FAM171B,FAM171B,0.56,0.0,9.63,0.68,17,False
LS_20,FAM174B,FAM174B,1.92,5.88,6.11,1.13,17,False
LS_20,FAM187B,FAM187B,0.0,0.0,0.0,0.0,17,False
LS_20,FAP,FAP,0.0,0.0,0.0,0.0,17,False
LS_20,FAS,FAS,5.04,5.88,4.07,7.23,17,False
LS_20,FASLG,FASLG,0.16,0.0,0.0,0.0,17,False
LS_20,FAT1,FAT1,0.24,0.0,0.0,0.0,17,False
LS_20,FAT2,FAT2,0.0,0.0,0.0,0.0,17,False
LS_20,FAT3,FAT3,0.0,0.0,0.19,0.0,17,False
LS_20,FAT4,FAT4,0.0,0.0,2.41,0.0,17,False
LS_20,FCAMR,FCAMR,0.0,0.0,0.0,0.0,17,False
LS_20,FCAR,FCAR,0.48,0.0,0.19,4.41,17,False
LS_20,FCGR1B,FCGR1B,1.6,0.0,0.19,5.42,17,False
LS_20,FCGR2A,FCGR2A,9.59,5.88,0.74,8.25,17,False
LS_20,FCGR2B,FCGR2B,2.08,0.0,0.19,3.16,17,False
LS_20,FCGR3A,FCGR3A,0.24,0.0,0.0,0.34,17,False
LS_20,FCGR3B,FCGR3B,0.32,0.0,0.0,0.0,17,False
LS_20,FCRL1,FCRL1,0.0,0.0,0.19,0.23,17,False
LS_20,FCRL2,FCRL2,0.0,0.0,0.37,0.0,17,False
LS_20,FCRL3,FCRL3,0.0,0.0,0.19,0.0,17,False
LS_20,FCRL4,FCRL4,0.0,0.0,0.0,0.0,17,False
LS_20,FCRL5,FCRL5,0.0,0.0,0.37,0.0,17,False
LS_20,FCRL6,FCRL6,0.0,0.0,0.0,0.0,17,False
LS_20,FFAR1,FFAR1,0.08,0.0,0.0,0.0,17,False
LS_20,FFAR2,FFAR2,0.08,0.0,0.0,0.56,17,False
LS_20,FFAR3,FFAR3,0.08,0.0,0.0,0.0,17,False
LS_20,FFAR4,FFAR4,0.08,0.0,0.0,0.23,17,False
LS_20,FGFR1,FGFR1,15.03,23.53,5.56,6.21,17,False
LS_20,FGFR2,FGFR2,0.88,0.0,0.0,0.0,17,False
LS_20,FGFR3,FGFR3,0.56,0.0,0.19,0.11,17,False
LS_20,FGFR4,FGFR4,0.16,0.0,0.19,0.0,17,False
LS_20,FGFRL1,FGFRL1,3.12,5.88,5.93,2.26,17,False
LS_20,FKRP,FKRP,3.04,0.0,3.7,1.92,17,False
LS_20,FLRT1,FLRT1,0.0,0.0,0.0,0.0,17,False
LS_20,FLRT2,FLRT2,0.0,0.0,0.0,0.0,17,False
LS_20,FLRT3,FLRT3,0.16,0.0,0.0,0.0,17,False
LS_20,FLT1,FLT1,0.24,0.0,0.37,0.34,17,False
LS_20,FLT3LG,FLT3LG,2.72,0.0,6.67,3.95,17,False
LS_20,FLT4,FLT4,1.36,0.0,0.19,0.23,17,False
LS_20,FLVCR1,FLVCR1,5.68,0.0,9.44,5.54,17,False
LS_20,FLVCR2,FLVCR2,0.32,0.0,0.74,0.9,17,False
LS_20,FNDC4,FNDC4,0.08,0.0,0.0,0.0,17,False
LS_20,FNDC5,FNDC5,0.0,0.0,0.0,0.0,17,False
LS_20,FNDC9,FNDC9,0.0,0.0,0.19,0.0,17,False
LS_20,FOLH1,FOLH1,0.88,0.0,0.74,0.11,17,False
LS_20,FOLR1,FOLR1,0.0,0.0,0.0,0.0,17,False
LS_20,FOLR2,FOLR2,0.08,0.0,0.19,0.79,17,False
LS_20,FPR1,FPR1,0.96,0.0,0.56,7.34,17,False
LS_20,FPR2,FPR2,0.16,0.0,0.0,2.15,17,False
LS_20,FPR3,FPR3,0.16,0.0,0.0,0.0,17,False
LS_20,FRAS1,FRAS1,0.0,0.0,0.0,0.0,17,False
LS_20,FREM2,FREM2,0.0,0.0,0.0,0.0,17,False
LS_20,FRRS1,FRRS1,1.68,0.0,1.11,0.9,17,False
LS_20,FURIN,FURIN,15.59,29.41,10.0,8.36,17,False
LS_20,FZD1,FZD1,2.32,0.0,3.89,1.36,17,False
LS_20,FZD2,FZD2,3.28,0.0,0.56,9.94,17,False
LS_20,FZD3,FZD3,4.0,5.88,4.44,0.68,17,False
LS_20,FZD4,FZD4,0.4,0.0,0.19,0.0,17,False
LS_20,FZD5,FZD5,3.84,0.0,2.41,1.13,17,False
LS_20,FZD6,FZD6,5.76,5.88,7.59,0.79,17,False
LS_20,FZD7,FZD7,2.56,0.0,0.74,0.11,17,False
LS_20,FZD8,FZD8,0.32,0.0,0.0,0.0,17,False
LS_20,FZD9,FZD9,0.0,0.0,0.19,0.11,17,False
LS_20,GABBR1,GABBR1,2.56,0.0,4.81,1.81,17,False
LS_20,GABRA1,GABRA1,1.52,0.0,0.0,0.0,17,False
LS_20,GABRA4,GABRA4,0.16,0.0,0.0,0.11,17,False
LS_20,GABRB1,GABRB1,0.0,0.0,0.0,0.0,17,False
LS_20,GABRB2,GABRB2,0.16,0.0,0.0,0.0,17,False
LS_20,GABRB3,GABRB3,0.0,0.0,0.37,0.0,17,False
LS_20,GABRD,GABRD,1.36,0.0,0.93,0.34,17,False
LS_20,GABRE,GABRE,0.32,0.0,0.0,0.0,17,False
LS_20,GABRG1,GABRG1,0.0,0.0,0.0,0.0,17,False
LS_20,GABRG2,GABRG2,0.0,0.0,0.0,0.0,17,False
LS_20,GABRP,GABRP,0.0,0.0,0.0,0.0,17,False
LS_20,GABRR1,GABRR1,0.0,0.0,0.0,0.0,17,False
LS_20,GABRR2,GABRR2,0.24,0.0,0.0,0.0,17,False
LS_20,GALR1,GALR1,0.0,0.0,0.0,0.0,17,False
LS_20,GALR2,GALR2,0.16,0.0,0.19,0.45,17,False
LS_20,GALR3,GALR3,0.88,0.0,0.93,0.56,17,False
LS_20,GAS1,GAS1,0.08,0.0,0.74,0.11,17,False
LS_20,GCGR,GCGR,0.0,0.0,0.0,0.0,17,False
LS_20,GDPD2,GDPD2,0.08,0.0,0.0,0.0,17,False
LS_20,GDPD5,GDPD5,1.04,0.0,1.3,2.03,17,False
LS_20,GFRA1,GFRA1,0.0,0.0,0.0,0.0,17,False
LS_20,GFRA2,GFRA2,0.0,0.0,0.0,0.0,17,False
LS_20,GFRA3,GFRA3,0.08,0.0,0.0,0.0,17,False
LS_20,GGT1,GGT1,0.32,0.0,0.19,0.0,17,False
LS_20,GGT7,GGT7,0.8,0.0,8.7,2.49,17,False
LS_20,GHR,GHR,0.0,0.0,0.0,0.0,17,False
LS_20,GHRHR,GHRHR,0.08,0.0,0.0,0.0,17,False
LS_20,GHSR,GHSR,0.0,0.0,0.0,0.0,17,False
LS_20,GIPR,GIPR,0.16,0.0,0.0,0.23,17,False
LS_20,GJA1,GJA1,1.2,0.0,0.0,0.11,17,False
LS_20,GJA3,GJA3,0.8,0.0,0.0,0.56,17,False
LS_20,GJA4,GJA4,0.72,0.0,0.56,0.0,17,False
LS_20,GJB2,GJB2,0.16,0.0,0.0,0.0,17,False
LS_20,GJB3,GJB3,0.0,0.0,0.0,0.0,17,False
LS_20,GJB6,GJB6,0.0,0.0,0.0,0.0,17,False
LS_20,GJB7,GJB7,0.0,0.0,0.19,0.0,17,False
LS_20,GJC2,GJC2,0.48,0.0,2.78,0.34,17,False
LS_20,GJC3,GJC3,0.08,0.0,0.74,0.0,17,False
LS_20,GJD2,GJD2,0.0,0.0,0.0,0.0,17,False
LS_20,GLDN,GLDN,0.08,0.0,0.0,0.0,17,False
LS_20,GLP1R,GLP1R,0.0,0.0,0.0,0.0,17,False
LS_20,GLP2R,GLP2R,0.0,0.0,0.0,0.0,17,False
LS_20,GLRA2,GLRA2,0.0,0.0,0.0,0.0,17,False
LS_20,GLRA3,GLRA3,0.0,0.0,0.0,0.0,17,False
LS_20,GLRA4,GLRA4,0.0,0.0,0.0,0.0,17,False
LS_20,GLRB,GLRB,0.0,0.0,1.48,0.0,17,False
LS_20,GML,GML,0.0,0.0,0.0,0.0,17,False
LS_20,GNRHR,GNRHR,0.08,0.0,0.0,0.0,17,False
LS_20,GP1BA,GP1BA,1.44,0.0,2.41,0.11,17,False
LS_20,GP1BB,GP1BB,14.47,17.65,5.93,0.79,17,False
LS_20,GP5,GP5,0.0,0.0,0.0,0.0,17,False
LS_20,GP6,GP6,0.4,0.0,0.0,0.45,17,False
LS_20,GPA33,GPA33,3.2,0.0,1.67,1.02,17,False
LS_20,GPBAR1,GPBAR1,0.24,0.0,0.0,8.02,17,False
LS_20,GPC1,GPC1,0.88,0.0,1.3,1.13,17,False
LS_20,GPC2,GPC2,1.76,0.0,7.59,0.68,17,False
LS_20,GPC3,GPC3,0.16,0.0,0.19,0.0,17,False
LS_20,GPC4,GPC4,1.04,0.0,0.0,0.0,17,False
LS_20,GPC5,GPC5,0.08,0.0,4.07,0.11,17,False
LS_20,GPC6,GPC6,0.0,0.0,0.74,0.0,17,False
LS_20,GPER1,GPER1,0.0,0.0,0.19,0.34,17,False
LS_20,GPIHBP1,GPIHBP1,0.0,0.0,0.0,0.0,17,False
LS_20,GPM6A,GPM6A,0.08,0.0,0.0,0.0,17,False
LS_20,GPM6B,GPM6B,4.96,0.0,2.04,1.24,17,False
LS_20,GPNMB,GPNMB,0.16,0.0,0.19,0.0,17,False
LS_20,GPR1,GPR1,0.0,0.0,0.0,0.11,17,False
LS_20,GPR101,GPR101,0.0,0.0,0.0,0.0,17,False
LS_20,GPR12,GPR12,4.56,11.76,2.78,3.5,17,False
LS_20,GPR132,GPR132,0.8,0.0,0.56,2.94,17,False
LS_20,GPR137B,GPR137B,2.48,0.0,5.37,1.69,17,False
LS_20,GPR137C,GPR137C,2.48,0.0,1.85,1.36,17,False
LS_20,GPR141,GPR141,2.24,0.0,4.44,4.41,17,False
LS_20,GPR142,GPR142,0.0,0.0,0.0,0.0,17,False
LS_20,GPR15,GPR15,0.0,0.0,0.0,0.0,17,False
LS_20,GPR150,GPR150,0.4,0.0,1.67,0.34,17,False
LS_20,GPR151,GPR151,0.08,0.0,0.0,0.0,17,False
LS_20,GPR152,GPR152,0.08,0.0,0.0,0.0,17,False
LS_20,GPR153,GPR153,0.8,0.0,0.0,0.56,17,False
LS_20,GPR155,GPR155,1.92,0.0,0.56,0.79,17,False
LS_20,GPR157,GPR157,0.48,0.0,2.04,0.68,17,False
LS_20,GPR158,GPR158,0.0,0.0,0.0,0.0,17,False
LS_20,GPR160,GPR160,2.08,0.0,2.41,6.55,17,False
LS_20,GPR161,GPR161,0.56,0.0,1.11,0.23,17,False
LS_20,GPR162,GPR162,0.56,0.0,4.81,3.5,17,False
LS_20,GPR17,GPR17,0.0,0.0,0.0,0.0,17,False
LS_20,GPR171,GPR171,0.48,0.0,1.11,0.11,17,False
LS_20,GPR173,GPR173,0.08,0.0,1.3,0.11,17,False
LS_20,GPR174,GPR174,11.35,11.76,8.52,1.36,17,False
LS_20,GPR176,GPR176,0.0,0.0,0.0,0.11,17,False
LS_20,GPR179,GPR179,0.08,0.0,0.0,0.0,17,False
LS_20,GPR18,GPR18,0.48,0.0,0.37,0.79,17,False
LS_20,GPR180,GPR180,6.47,0.0,7.96,4.52,17,False
LS_20,GPR182,GPR182,0.0,0.0,0.0,0.0,17,False
LS_20,GPR19,GPR19,0.32,0.0,0.56,0.34,17,False
LS_20,GPR20,GPR20,0.0,0.0,0.0,0.0,17,False
LS_20,GPR21,GPR21,0.0,0.0,0.19,0.0,17,False
LS_20,GPR22,GPR22,0.08,0.0,0.93,0.11,17,False
LS_20,GPR25,GPR25,0.0,0.0,0.0,0.11,17,False
LS_20,GPR3,GPR3,0.24,0.0,1.11,0.11,17,False
LS_20,GPR31,GPR31,0.0,0.0,0.0,0.0,17,False
LS_20,GPR32,GPR32,0.08,0.0,0.19,0.0,17,False
LS_20,GPR33,GPR33,0.0,0.0,0.0,0.0,17,False
LS_20,GPR34,GPR34,0.72,0.0,0.19,0.34,17,False
LS_20,GPR35,GPR35,2.08,0.0,0.93,3.62,17,False
LS_20,GPR37,GPR37,0.16,0.0,0.19,0.0,17,False
LS_20,GPR37L1,GPR37L1,0.16,0.0,0.0,0.11,17,False
LS_20,GPR39,GPR39,0.0,0.0,0.0,0.0,17,False
LS_20,GPR4,GPR4,0.0,0.0,0.0,0.0,17,False
LS_20,GPR42,GPR42,0.0,0.0,0.19,0.0,17,False
LS_20,GPR45,GPR45,0.0,0.0,0.0,0.0,17,False
LS_20,GPR52,GPR52,0.08,0.0,0.0,0.0,17,False
LS_20,GPR55,GPR55,0.4,0.0,0.0,0.23,17,False
LS_20,GPR61,GPR61,0.32,0.0,0.19,0.0,17,False
LS_20,GPR62,GPR62,0.0,0.0,0.0,0.0,17,False
LS_20,GPR63,GPR63,0.8,0.0,2.78,0.45,17,False
LS_20,GPR65,GPR65,3.28,0.0,0.74,5.08,17,False
LS_20,GPR68,GPR68,0.08,0.0,0.0,0.11,17,False
LS_20,GPR75,GPR75,0.24,0.0,0.37,0.34,17,False
LS_20,GPR78,GPR78,0.0,0.0,0.0,0.0,17,False
LS_20,GPR82,GPR82,0.24,0.0,0.56,0.0,17,False
LS_20,GPR83,GPR83,0.16,0.0,0.0,0.0,17,False
LS_20,GPR84,GPR84,0.64,0.0,0.19,2.15,17,False
LS_20,GPR85,GPR85,1.6,0.0,0.74,2.15,17,False
LS_20,GPR87,GPR87,0.0,0.0,0.0,0.0,17,False
LS_20,GPR88,GPR88,0.16,0.0,0.0,0.0,17,False
LS_20,GPRC5A,GPRC5A,0.0,0.0,0.0,0.11,17,False
LS_20,GPRC5B,GPRC5B,0.0,0.0,0.19,0.0,17,False
LS_20,GPRC5C,GPRC5C,2.48,0.0,4.63,1.36,17,False
LS_20,GPRC5D,GPRC5D,0.0,0.0,0.0,0.0,17,False
LS_20,GRAMD1B,GRAMD1B,0.88,0.0,5.37,6.33,17,False
LS_20,GRIA3,GRIA3,0.0,0.0,0.0,0.0,17,False
LS_20,GRID1,GRID1,0.0,0.0,0.0,0.23,17,False
LS_20,GRIK1,GRIK1,0.08,0.0,0.0,0.0,17,False
LS_20,GRIK2,GRIK2,0.0,0.0,0.0,0.0,17,False
LS_20,GRIK3,GRIK3,0.08,0.0,0.0,0.0,17,False
LS_20,GRIK4,GRIK4,0.0,0.0,0.0,0.0,17,False
LS_20,GRIK5,GRIK5,2.64,0.0,4.81,2.26,17,False
LS_20,GRIN1,GRIN1,0.08,0.0,0.19,0.0,17,False
LS_20,GRIN2B,GRIN2B,0.0,0.0,0.0,0.0,17,False
LS_20,GRIN2C,GRIN2C,0.0,0.0,0.19,0.0,17,False
LS_20,GRIN2D,GRIN2D,0.32,0.0,0.37,0.45,17,False
LS_20,GRIN3A,GRIN3A,0.16,0.0,0.0,0.0,17,False
LS_20,GRIN3B,GRIN3B,0.0,0.0,0.19,0.0,17,False
LS_20,GRM1,GRM1,0.0,0.0,0.0,0.0,17,False
LS_20,GRM2,GRM2,0.32,0.0,0.0,0.0,17,False
LS_20,GRM3,GRM3,0.0,0.0,0.0,0.0,17,False
LS_20,GRM4,GRM4,0.0,0.0,0.0,0.0,17,False
LS_20,GRM6,GRM6,0.0,0.0,0.0,0.0,17,False
LS_20,GRM7,GRM7,0.24,0.0,0.0,0.0,17,False
LS_20,GRPR,GRPR,0.0,0.0,0.0,0.0,17,False
LS_20,GSG1,GSG1,0.0,0.0,0.19,0.0,17,False
LS_20,GSG1L,GSG1L,0.0,0.0,0.0,0.11,17,False
LS_20,GUCY2C,GUCY2C,0.08,0.0,0.0,0.11,17,False
LS_20,GYPA,GYPA,8.39,5.88,0.19,0.0,17,False
LS_20,HAVCR1,HAVCR1,0.0,0.0,0.0,0.0,17,False
LS_20,HAVCR2,HAVCR2,5.84,5.88,1.48,4.97,17,False
LS_20,HCAR1,HCAR1,0.0,0.0,0.0,0.0,17,False
LS_20,HCAR2,HCAR2,0.72,0.0,0.37,4.07,17,False
LS_20,HCAR3,HCAR3,1.52,0.0,0.37,4.63,17,False
LS_20,HCRTR1,HCRTR1,0.08,0.0,0.0,0.0,17,False
LS_20,HCRTR2,HCRTR2,0.0,0.0,0.0,0.0,17,False
LS_20,HEG1,HEG1,0.4,0.0,5.0,1.13,17,False
LS_20,HEPACAM2,HEPACAM2,0.08,0.0,0.0,0.0,17,False
LS_20,HEPH,HEPH,0.48,0.0,0.0,0.0,17,False
LS_20,HEPHL1,HEPHL1,0.08,0.0,0.0,0.0,17,False
LS_20,HFE,HFE,0.08,0.0,0.19,0.23,17,False
LS_20,HHLA2,HHLA2,0.24,0.0,0.37,0.68,17,False
LS_20,HLA-DOB,HLA-DOB,0.4,0.0,0.19,0.34,17,False
LS_20,HLA-DQB2,HLA-DQB2,1.6,0.0,2.59,2.82,17,False
LS_20,HLA-G,HLA-G,2.08,0.0,1.85,4.97,17,False
LS_20,HRH1,HRH1,0.24,0.0,0.19,0.9,17,False
LS_20,HRH3,HRH3,0.0,0.0,0.0,0.0,17,False
LS_20,HRH4,HRH4,0.08,0.0,0.19,0.0,17,False
LS_20,HTR1B,HTR1B,0.0,0.0,0.56,0.0,17,False
LS_20,HTR2A,HTR2A,0.08,0.0,0.19,0.0,17,False
LS_20,HTR2B,HTR2B,0.0,0.0,0.0,0.0,17,False
LS_20,HTR3A,HTR3A,0.0,0.0,0.0,0.45,17,False
LS_20,HTR3B,HTR3B,0.0,0.0,0.0,0.0,17,False
LS_20,HTR3C,HTR3C,0.0,0.0,0.0,0.0,17,False
LS_20,HTR3E,HTR3E,0.0,0.0,0.0,0.0,17,False
LS_20,HTR4,HTR4,0.0,0.0,0.0,0.0,17,False
LS_20,HTR6,HTR6,0.0,0.0,0.19,0.0,17,False
LS_20,HTR7,HTR7,0.24,0.0,0.37,0.68,17,False
LS_20,HYAL2,HYAL2,2.88,0.0,1.67,2.26,17,False
LS_20,ICAM1,ICAM1,5.04,5.88,2.59,3.16,17,False
LS_20,ICAM5,ICAM5,1.84,0.0,0.93,0.68,17,False
LS_20,ICOS,ICOS,0.0,0.0,0.0,0.0,17,False
LS_20,ICOSLG,ICOSLG,2.0,0.0,3.7,2.26,17,False
LS_20,IFNLR1,IFNLR1,0.0,0.0,0.37,0.0,17,False
LS_20,IGDCC4,IGDCC4,0.08,0.0,0.0,0.0,17,False
LS_20,IGF2R,IGF2R,5.28,0.0,3.52,5.54,17,False
LS_20,IGSF1,IGSF1,0.0,0.0,0.0,0.0,17,False
LS_20,IGSF11,IGSF11,5.44,5.88,0.19,0.0,17,False
LS_20,IGSF3,IGSF3,0.48,0.0,0.0,0.9,17,False
LS_20,IGSF9,IGSF9,0.32,0.0,0.37,0.0,17,False
LS_20,IGSF9B,IGSF9B,0.16,0.0,0.37,0.11,17,False
LS_20,IL11RA,IL11RA,0.96,0.0,2.96,1.81,17,False
LS_20,IL12RB1,IL12RB1,4.56,0.0,2.96,3.39,17,False
LS_20,IL13RA2,IL13RA2,0.0,0.0,0.0,0.0,17,False
LS_20,IL17RB,IL17RB,0.0,0.0,0.19,0.0,17,False
LS_20,IL17RD,IL17RD,0.24,0.0,0.19,0.0,17,False
LS_20,IL17RE,IL17RE,6.0,11.76,7.78,3.62,17,False
LS_20,IL18R1,IL18R1,0.96,0.0,2.78,0.11,17,False
LS_20,IL18RAP,IL18RAP,0.24,0.0,0.19,0.0,17,False
LS_20,IL1R1,IL1R1,0.24,0.0,0.19,0.0,17,False
LS_20,IL1R2,IL1R2,0.08,0.0,0.0,0.11,17,False
LS_20,IL1RAP,IL1RAP,11.91,23.53,5.74,9.94,17,True
LS_20,IL1RL1,IL1RL1,3.04,5.88,0.19,0.0,17,False
LS_20,IL1RL2,IL1RL2,0.0,0.0,0.0,0.0,17,False
LS_20,IL20RB,IL20RB,0.56,0.0,0.0,0.0,17,False
LS_20,IL21R,IL21R,0.08,0.0,0.0,0.11,17,False
LS_20,IL23R,IL23R,0.0,0.0,0.0,0.0,17,False
LS_20,IL2RA,IL2RA,0.64,0.0,0.37,0.0,17,False
LS_20,IL2RB,IL2RB,0.24,0.0,0.19,0.23,17,False
LS_20,IL31RA,IL31RA,0.16,0.0,0.19,0.68,17,False
LS_20,IL4R,IL4R,2.32,0.0,4.44,8.7,17,False
LS_20,IL5RA,IL5RA,10.79,11.76,0.56,0.9,17,False
LS_20,IL7R,IL7R,1.12,0.0,1.67,0.68,17,False
LS_20,IL9R,IL9R,3.04,5.88,1.11,0.56,17,False
LS_20,ILDR1,ILDR1,0.0,0.0,0.56,0.0,17,False
LS_20,IMPG2,IMPG2,0.08,0.0,0.19,0.23,17,False
LS_20,INSRR,INSRR,0.0,0.0,0.0,0.0,17,False
LS_20,ITGA1,ITGA1,0.24,0.0,0.0,0.56,17,False
LS_20,ITGA10,ITGA10,0.24,0.0,0.0,0.11,17,False
LS_20,ITGA11,ITGA11,0.24,0.0,0.37,0.23,17,False
LS_20,ITGA2,ITGA2,0.56,0.0,4.44,0.56,17,False
LS_20,ITGA2B,ITGA2B,10.95,5.88,4.81,1.36,17,False
LS_20,ITGA3,ITGA3,0.16,0.0,0.56,0.0,17,False
LS_20,ITGA7,ITGA7,1.92,0.0,0.37,4.63,17,False
LS_20,ITGA8,ITGA8,0.0,0.0,0.0,0.0,17,False
LS_20,ITGAD,ITGAD,0.0,0.0,0.0,0.0,17,False
LS_20,ITGAV,ITGAV,4.72,0.0,9.26,2.49,17,False
LS_20,ITGAX,ITGAX,3.84,0.0,0.93,6.55,17,False
LS_20,ITGB3,ITGB3,0.0,0.0,0.0,0.11,17,False
LS_20,ITGB4,ITGB4,1.28,0.0,1.11,0.45,17,False
LS_20,ITGB5,ITGB5,1.6,0.0,0.0,0.79,17,False
LS_20,ITGB6,ITGB6,0.0,0.0,0.0,0.0,17,False
LS_20,ITGB8,ITGB8,0.72,0.0,4.26,0.0,17,False
LS_20,ITLN1,ITLN1,1.04,0.0,0.0,0.0,17,False
LS_20,IZUMO1,IZUMO1,0.0,0.0,0.0,0.11,17,False
LS_20,JAG1,JAG1,8.23,11.76,1.67,2.94,17,False
LS_20,JAG2,JAG2,0.08,0.0,0.19,0.0,17,False
LS_20,JAM2,JAM2,0.24,0.0,5.56,0.0,17,False
LS_20,JAM3,JAM3,0.88,0.0,3.7,0.45,17,False
LS_20,KCNJ12,KCNJ12,0.08,0.0,2.59,0.34,17,False
LS_20,KCNJ3,KCNJ3,0.08,0.0,0.0,0.0,17,False
LS_20,KCNJ4,KCNJ4,0.0,0.0,0.0,0.0,17,False
LS_20,KCNK5,KCNK5,5.68,5.88,1.85,1.92,17,False
LS_20,KCNMB1,KCNMB1,0.8,0.0,1.48,1.36,17,False
LS_20,KCNMB2,KCNMB2,0.08,0.0,0.0,0.0,17,False
LS_20,KCNMB3,KCNMB3,2.08,0.0,1.48,0.79,17,False
LS_20,KCNMB4,KCNMB4,3.84,5.88,4.81,1.36,17,False
LS_20,KCNS1,KCNS1,0.08,0.0,0.37,0.11,17,False
LS_20,KCNV2,KCNV2,0.0,0.0,0.0,0.0,17,False
LS_20,KDR,KDR,2.96,5.88,0.19,0.0,17,False
LS_20,KEL,KEL,2.48,5.88,0.56,0.0,17,False
LS_20,KIAA0319,KIAA0319,0.0,0.0,0.19,0.0,17,False
LS_20,KIAA1324,KIAA1324,0.16,0.0,0.0,0.23,17,False
LS_20,KIAA1324L,KIAA1324L,1.76,0.0,2.41,0.9,17,False
LS_20,KIAA1549L,KIAA1549L,0.08,0.0,0.0,0.11,17,False
LS_20,KIR2DL1,KIR2DL1,0.08,0.0,0.0,0.0,17,False
LS_20,KIR2DL3,KIR2DL3,0.0,0.0,0.0,0.0,17,False
LS_20,KIR2DL4,KIR2DL4,0.16,0.0,0.0,0.0,17,False
LS_20,KIR3DL1,KIR3DL1,0.08,0.0,0.0,0.0,17,False
LS_20,KIR3DL2,KIR3DL2,0.08,0.0,0.19,0.11,17,False
LS_20,KIR3DL3,KIR3DL3,0.0,0.0,0.0,0.0,17,False
LS_20,KIRREL2,KIRREL2,0.0,0.0,0.0,0.0,17,False
LS_20,KIRREL3,KIRREL3,0.56,0.0,0.0,0.11,17,False
LS_20,KISS1R,KISS1R,0.0,0.0,0.0,0.0,17,False
LS_20,KITLG,KITLG,1.36,0.0,0.0,0.34,17,False
LS_20,KL,KL,0.08,0.0,0.74,0.0,17,False
LS_20,KLRB1,KLRB1,0.32,0.0,1.11,0.0,17,False
LS_20,KLRC1,KLRC1,0.0,0.0,0.0,0.0,17,False
LS_20,KLRC2,KLRC2,0.16,0.0,0.0,0.0,17,False
LS_20,KLRC3,KLRC3,0.32,0.0,0.0,0.0,17,False
LS_20,KLRF1,KLRF1,0.32,0.0,0.37,0.11,17,False
LS_20,KLRF2,KLRF2,0.16,0.0,0.19,0.34,17,False
LS_20,KLRK1,KLRK1,0.48,0.0,0.0,0.11,17,False
LS_20,KREMEN1,KREMEN1,0.08,0.0,0.19,0.0,17,False
LS_20,KREMEN2,KREMEN2,0.24,0.0,0.0,0.45,17,False
LS_20,L1CAM,L1CAM,0.16,0.0,0.0,0.0,17,False
LS_20,LAG3,LAG3,0.4,0.0,7.04,0.11,17,False
LS_20,LAMP3,LAMP3,0.0,0.0,0.0,0.0,17,False
LS_20,LAMP5,LAMP5,8.87,11.76,0.19,1.92,17,False
LS_20,LAYN,LAYN,0.32,0.0,0.19,0.79,17,False
LS_20,LCT,LCT,2.16,0.0,0.74,0.23,17,False
LS_20,LDLRAD3,LDLRAD3,1.28,0.0,0.56,0.9,17,False
LS_20,LEPR,LEPR,7.91,5.88,2.41,1.24,17,False
LS_20,LGR4,LGR4,2.4,0.0,1.11,0.0,17,False
LS_20,LGR5,LGR5,0.24,0.0,0.19,0.0,17,False
LS_20,LGR6,LGR6,0.56,0.0,0.56,0.0,17,False
LS_20,LHFPL1,LHFPL1,0.0,0.0,0.0,0.0,17,False
LS_20,LHFPL4,LHFPL4,0.16,0.0,0.0,0.0,17,False
LS_20,LHFPL5,LHFPL5,7.27,5.88,6.3,2.82,17,False
LS_20,LIFR,LIFR,0.0,0.0,0.0,0.0,17,False
LS_20,LILRA1,LILRA1,2.88,0.0,1.48,7.46,17,False
LS_20,LILRA4,LILRA4,0.0,0.0,0.19,0.11,17,False
LS_20,LILRA5,LILRA5,0.56,0.0,0.74,4.63,17,False
LS_20,LILRA6,LILRA6,0.32,0.0,0.19,1.36,17,False
LS_20,LILRB1,LILRB1,2.24,0.0,1.3,6.44,17,False
LS_20,LILRB2,LILRB2,1.52,0.0,4.44,6.89,17,False
LS_20,LILRB3,LILRB3,0.64,0.0,0.37,4.41,17,False
LS_20,LILRB5,LILRB5,0.0,0.0,0.0,0.23,17,False
LS_20,LIM2,LIM2,0.0,0.0,0.0,0.0,17,False
LS_20,LINGO1,LINGO1,0.0,0.0,0.0,0.0,17,False
LS_20,LINGO2,LINGO2,0.0,0.0,0.0,0.0,17,False
LS_20,LINGO3,LINGO3,0.48,0.0,0.93,0.56,17,False
LS_20,LINGO4,LINGO4,0.0,0.0,0.0,0.0,17,False
LS_20,LMAN2L,LMAN2L,9.27,5.88,6.11,2.03,17,False
LS_20,LMBR1L,LMBR1L,17.27,35.29,9.44,4.52,17,False
LS_20,LMBRD2,LMBRD2,8.31,11.76,6.11,3.5,17,False
LS_20,LPAR1,LPAR1,2.48,0.0,0.74,2.03,17,False
LS_20,LPAR2,LPAR2,5.12,0.0,5.56,5.31,17,False
LS_20,LPAR3,LPAR3,0.32,0.0,0.0,0.0,17,False
LS_20,LPAR4,LPAR4,2.0,0.0,0.74,1.58,17,False
LS_20,LPAR5,LPAR5,2.48,0.0,0.74,0.34,17,False
LS_20,LPAR6,LPAR6,8.39,5.88,2.59,2.49,17,False
LS_20,LPL,LPL,0.32,0.0,0.0,1.02,17,False
LS_20,LRFN1,LRFN1,2.0,0.0,0.74,1.81,17,False
LS_20,LRFN2,LRFN2,0.0,0.0,0.0,0.0,17,False
LS_20,LRFN3,LRFN3,0.16,0.0,1.11,0.23,17,False
LS_20,LRFN4,LRFN4,7.27,5.88,7.59,6.78,17,False
LS_20,LRIG1,LRIG1,3.12,5.88,2.04,0.68,17,False
LS_20,LRIG2,LRIG2,9.51,11.76,8.52,5.2,17,False
LS_20,LRIG3,LRIG3,0.0,0.0,0.0,0.0,17,False
LS_20,LRIT3,LRIT3,0.32,0.0,0.0,0.0,17,False
LS_20,LRP11,LRP11,2.96,0.0,2.41,3.05,17,False
LS_20,LRP12,LRP12,3.76,0.0,2.96,1.24,17,False
LS_20,LRP1B,LRP1B,0.0,0.0,0.37,0.0,17,False
LS_20,LRP2,LRP2,0.08,0.0,0.0,0.0,17,False
LS_20,LRP3,LRP3,2.08,0.0,2.41,9.38,17,False
LS_20,LRP4,LRP4,2.08,0.0,0.37,1.36,17,False
LS_20,LRP5,LRP5,9.75,11.76,9.63,3.62,17,False
LS_20,LRP6,LRP6,7.51,23.53,5.56,1.92,17,False
LS_20,LRRC19,LRRC19,0.16,0.0,0.0,0.0,17,False
LS_20,LRRC24,LRRC24,1.12,0.0,0.74,1.36,17,False
LS_20,LRRC32,LRRC32,0.0,0.0,0.0,0.11,17,False
LS_20,LRRC37A,LRRC37A,0.4,0.0,0.19,0.34,17,False
LS_20,LRRC37A2,LRRC37A2,2.48,0.0,2.78,2.82,17,False
LS_20,LRRC37A3,LRRC37A3,1.68,0.0,1.11,1.81,17,False
LS_20,LRRC37B,LRRC37B,4.96,0.0,4.81,3.28,17,False
LS_20,LRRC38,LRRC38,0.32,0.0,0.0,0.0,17,False
LS_20,LRRC3B,LRRC3B,0.08,0.0,0.0,0.0,17,False
LS_20,LRRC4,LRRC4,0.16,0.0,0.37,1.02,17,False
LS_20,LRRC4B,LRRC4B,0.0,0.0,0.0,0.0,17,False
LS_20,LRRC4C,LRRC4C,0.0,0.0,0.74,0.0,17,False
LS_20,LRRN1,LRRN1,0.56,0.0,5.74,0.0,17,False
LS_20,LRRN2,LRRN2,0.64,0.0,0.93,0.0,17,False
LS_20,LRRN3,LRRN3,0.0,0.0,0.19,0.11,17,False
LS_20,LRRN4,LRRN4,0.0,0.0,0.0,0.0,17,False
LS_20,LRRN4CL,LRRN4CL,0.08,0.0,0.0,0.0,17,False
LS_20,LRRTM2,LRRTM2,0.08,0.0,0.37,0.0,17,False
LS_20,LRRTM3,LRRTM3,0.0,0.0,0.0,0.0,17,False
LS_20,LRTM1,LRTM1,0.0,0.0,0.0,0.0,17,False
LS_20,LRTM2,LRTM2,0.0,0.0,0.0,0.0,17,False
LS_20,LSAMP,LSAMP,0.16,0.0,0.0,0.11,17,False
LS_20,LSMEM1,LSMEM1,0.72,0.0,0.0,0.34,17,False
LS_20,LTK,LTK,5.36,0.0,1.11,2.94,17,False
LS_20,LY6D,LY6D,0.0,0.0,0.0,0.0,17,False
LS_20,LY6G6C,LY6G6C,0.48,0.0,0.19,0.11,17,False
LS_20,LY6G6D,LY6G6D,0.0,0.0,0.0,0.0,17,False
LS_20,LY6G6F,LY6G6F,0.08,0.0,0.0,0.11,17,False
LS_20,LY6H,LY6H,0.08,0.0,0.19,0.11,17,False
LS_20,LY6K,LY6K,0.16,0.0,0.0,0.11,17,False
LS_20,LY9,LY9,3.36,0.0,0.93,2.37,17,False
LS_20,LYNX1,LYNX1,0.0,0.0,0.19,0.23,17,False
LS_20,LYPD1,LYPD1,0.0,0.0,0.0,0.11,17,False
LS_20,LYPD2,LYPD2,0.0,0.0,0.0,0.11,17,False
LS_20,LYPD3,LYPD3,0.48,0.0,1.11,0.34,17,False
LS_20,LYPD5,LYPD5,0.08,0.0,0.93,0.23,17,False
LS_20,LYPD6B,LYPD6B,0.0,0.0,0.37,0.0,17,False
LS_20,LYPD8,LYPD8,2.0,0.0,0.0,0.11,17,False
LS_20,LYSMD3,LYSMD3,11.03,11.76,8.15,3.28,17,False
LS_20,LYVE1,LYVE1,0.0,0.0,0.0,0.0,17,False
LS_20,MAG,MAG,0.0,0.0,0.19,0.23,17,False
LS_20,MAMDC4,MAMDC4,1.44,0.0,0.37,2.26,17,False
LS_20,MANSC1,MANSC1,1.44,0.0,5.93,1.47,17,False
LS_20,MANSC4,MANSC4,0.0,0.0,0.0,0.0,17,False
LS_20,MAS1,MAS1,0.0,0.0,0.0,0.11,17,False
LS_20,MC1R,MC1R,1.36,0.0,0.19,0.56,17,False
LS_20,MC2R,MC2R,0.0,0.0,0.0,0.0,17,False
LS_20,MC4R,MC4R,0.0,0.0,0.0,0.0,17,False
LS_20,MCAM,MCAM,0.24,0.0,0.19,0.0,17,False
LS_20,MCHR1,MCHR1,0.0,0.0,0.0,0.0,17,False
LS_20,MDGA1,MDGA1,0.64,0.0,0.74,0.0,17,False
LS_20,MDGA2,MDGA2,0.0,0.0,1.11,0.0,17,False
LS_20,MEGF10,MEGF10,5.12,11.76,0.19,1.13,17,False
LS_20,MEGF11,MEGF11,0.48,0.0,0.56,0.23,17,False
LS_20,MEGF8,MEGF8,7.27,0.0,9.26,5.65,17,False
LS_20,MEP1A,MEP1A,0.0,0.0,0.0,0.0,17,False
LS_20,MEP1B,MEP1B,0.0,0.0,0.0,0.0,17,False
LS_20,MERTK,MERTK,3.44,0.0,5.37,1.24,17,False
LS_20,MET,MET,0.08,0.0,0.0,0.0,17,False
LS_20,MFAP3,MFAP3,4.08,0.0,4.63,0.45,17,False
LS_20,MFAP3L,MFAP3L,0.32,0.0,1.11,0.0,17,False
LS_20,MFRP,MFRP,0.08,0.0,0.0,0.0,17,False
LS_20,MFSD2A,MFSD2A,2.08,0.0,1.48,5.31,17,False
LS_20,MFSD2B,MFSD2B,5.12,5.88,0.56,0.0,17,False
LS_20,MFSD6L,MFSD6L,0.08,0.0,0.19,0.0,17,False
LS_20,MFSD8,MFSD8,10.07,11.76,5.56,2.15,17,False
LS_20,MICA,MICA,4.72,5.88,4.44,3.39,17,False
LS_20,MICB,MICB,5.84,0.0,4.81,4.86,17,False
LS_20,MILR1,MILR1,7.99,5.88,3.15,6.55,17,False
LS_20,MIP,MIP,0.0,0.0,0.0,0.11,17,False
LS_20,MLNR,MLNR,0.56,0.0,0.56,0.0,17,False
LS_20,MME,MME,0.0,0.0,0.93,0.34,17,False
LS_20,MMEL1,MMEL1,1.68,0.0,2.22,2.49,17,False
LS_20,MMP14,MMP14,5.52,11.76,0.56,3.05,17,False
LS_20,MMP16,MMP16,0.08,0.0,0.56,0.0,17,False
LS_20,MMP17,MMP17,2.08,0.0,1.3,7.46,17,False
LS_20,MMP25,MMP25,0.48,0.0,0.0,2.94,17,False
LS_20,MPZ,MPZ,6.39,5.88,2.59,1.13,17,False
LS_20,MPZL2,MPZL2,0.32,0.0,3.7,0.34,17,False
LS_20,MPZL3,MPZL3,0.56,0.0,1.3,0.56,17,False
LS_20,MRC1,MRC1,0.4,0.0,0.74,2.26,17,False
LS_20,MRC2,MRC2,5.44,11.76,7.22,4.41,17,False
LS_20,MRGPRD,MRGPRD,0.0,0.0,0.0,0.0,17,False
LS_20,MRGPRE,MRGPRE,0.08,0.0,0.0,0.11,17,False
LS_20,MRGPRF,MRGPRF,0.0,0.0,0.0,0.23,17,False
LS_20,MRGPRX2,MRGPRX2,0.0,0.0,0.0,0.0,17,False
LS_20,MRGPRX3,MRGPRX3,0.0,0.0,0.0,0.0,17,False
LS_20,MRVI1,MRVI1,1.04,0.0,0.37,0.9,17,False
LS_20,MS4A1,MS4A1,0.24,0.0,1.67,0.11,17,False
LS_20,MS4A15,MS4A15,0.0,0.0,0.0,0.0,17,False
LS_20,MSLNL,MSLNL,0.0,0.0,0.0,0.0,17,False
LS_20,MSR1,MSR1,0.08,0.0,0.0,0.11,17,False
LS_20,MST1R,MST1R,0.24,0.0,0.0,0.0,17,False
LS_20,MUC1,MUC1,2.4,0.0,1.11,0.79,17,False
LS_20,MUC12,MUC12,1.36,0.0,0.56,2.03,17,False
LS_20,MUC16,MUC16,0.0,0.0,0.0,0.0,17,False
LS_20,MUC3A,MUC3A,0.0,0.0,0.0,0.0,17,False
LS_20,MUC4,MUC4,0.16,0.0,0.0,0.11,17,False
LS_20,MUSK,MUSK,0.0,0.0,0.0,0.11,17,False
LS_20,MXRA8,MXRA8,0.08,0.0,0.0,0.11,17,False
LS_20,MYADML2,MYADML2,0.0,0.0,0.0,0.0,17,False
LS_20,MYOF,MYOF,1.68,0.0,0.56,6.67,17,False
LS_20,NCAM1,NCAM1,4.8,5.88,0.19,2.15,17,False
LS_20,NCAM2,NCAM2,0.08,0.0,0.0,0.34,17,False
LS_20,NCMAP,NCMAP,0.0,0.0,0.0,0.0,17,False
LS_20,NCR1,NCR1,0.24,0.0,0.19,0.0,17,False
LS_20,NCR2,NCR2,0.24,0.0,0.0,0.0,17,False
LS_20,NCR3,NCR3,1.04,0.0,0.93,0.11,17,False
LS_20,NCR3LG1,NCR3LG1,1.28,0.0,0.56,1.47,17,False
LS_20,NEO1,NEO1,5.28,5.88,0.0,0.34,17,False
LS_20,NETO1,NETO1,0.72,0.0,0.0,0.11,17,False
LS_20,NFASC,NFASC,0.0,0.0,0.0,0.0,17,False
LS_20,NGFR,NGFR,0.16,0.0,0.19,0.0,17,False
LS_20,NIPAL1,NIPAL1,0.16,0.0,0.19,0.0,17,False
LS_20,NIPAL4,NIPAL4,0.08,0.0,0.19,0.0,17,False
LS_20,NKAIN1,NKAIN1,0.0,0.0,0.0,0.11,17,False
LS_20,NKAIN3,NKAIN3,0.0,0.0,0.0,0.0,17,False
LS_20,NLGN1,NLGN1,0.56,0.0,1.48,0.11,17,False
LS_20,NLGN2,NLGN2,1.68,0.0,6.85,0.9,17,False
LS_20,NLGN3,NLGN3,0.56,0.0,0.56,0.23,17,False
LS_20,NLGN4Y,NLGN4Y,0.0,0.0,0.0,0.0,17,False
LS_20,NMBR,NMBR,0.0,0.0,0.0,0.0,17,False
LS_20,NMUR1,NMUR1,2.64,0.0,0.37,2.15,17,False
LS_20,NOTCH3,NOTCH3,0.24,0.0,0.0,0.11,17,False
LS_20,NOTCH4,NOTCH4,1.92,0.0,2.22,1.81,17,False
LS_20,NPBWR1,NPBWR1,0.0,0.0,0.0,0.0,17,False
LS_20,NPBWR2,NPBWR2,0.0,0.0,0.0,0.0,17,False
LS_20,NPC1,NPC1,4.32,0.0,4.44,2.82,17,False
LS_20,NPC1L1,NPC1L1,0.08,0.0,0.0,0.0,17,False
LS_20,NPFFR1,NPFFR1,0.0,0.0,0.0,0.0,17,False
LS_20,NPHS1,NPHS1,0.0,0.0,0.0,0.0,17,False
LS_20,NPR1,NPR1,0.0,0.0,0.0,0.0,17,False
LS_20,NPR2,NPR2,0.24,0.0,0.93,0.0,17,False
LS_20,NRCAM,NRCAM,2.24,5.88,0.19,0.11,17,False
LS_20,NRG1,NRG1,0.0,0.0,0.0,0.23,17,False
LS_20,NRG2,NRG2,0.16,0.0,0.56,0.23,17,False
LS_20,NRG4,NRG4,5.6,17.65,1.67,5.99,17,False
LS_20,NRN1,NRN1,0.0,0.0,0.0,0.0,17,False
LS_20,NRN1L,NRN1L,0.32,0.0,0.0,0.34,17,False
LS_20,NRP1,NRP1,2.96,5.88,0.0,1.47,17,False
LS_20,NRP2,NRP2,0.24,0.0,0.0,0.45,17,False
LS_20,NRXN1,NRXN1,0.0,0.0,0.19,0.0,17,False
LS_20,NRXN2,NRXN2,9.19,23.53,4.44,6.55,17,False
LS_20,NRXN3,NRXN3,0.0,0.0,0.0,0.0,17,False
LS_20,NT5E,NT5E,3.36,0.0,0.19,0.56,17,False
LS_20,NTM,NTM,0.0,0.0,0.0,0.0,17,False
LS_20,NTNG1,NTNG1,0.0,0.0,0.0,0.0,17,False
LS_20,NTNG2,NTNG2,3.52,0.0,5.0,4.07,17,False
LS_20,NTRK1,NTRK1,6.16,5.88,0.37,0.11,17,False
LS_20,NTRK2,NTRK2,0.0,0.0,0.0,0.0,17,False
LS_20,NTRK3,NTRK3,0.24,0.0,0.0,0.0,17,False
LS_20,NTSR1,NTSR1,0.4,0.0,0.19,2.71,17,False
LS_20,NUP210L,NUP210L,0.16,0.0,0.0,0.11,17,False
LS_20,OLR1,OLR1,0.0,0.0,0.0,0.34,17,False
LS_20,OMG,OMG,0.96,0.0,0.19,0.56,17,False
LS_20,OPALIN,OPALIN,0.16,0.0,0.37,0.0,17,False
LS_20,OPCML,OPCML,0.0,0.0,0.0,0.0,17,False
LS_20,OPN1SW,OPN1SW,0.08,0.0,0.19,0.0,17,False
LS_20,OPN3,OPN3,8.87,5.88,6.85,9.83,17,False
LS_20,OPRD1,OPRD1,0.0,0.0,0.0,0.0,17,False
LS_20,OPRK1,OPRK1,0.0,0.0,0.0,0.0,17,False
LS_20,OPRL1,OPRL1,1.76,0.0,3.89,2.03,17,False
LS_20,OPRM1,OPRM1,0.0,0.0,0.0,0.0,17,False
LS_20,OR10A2,OR10A2,0.0,0.0,0.37,0.0,17,False
LS_20,OR10A4,OR10A4,0.0,0.0,0.0,0.0,17,False
LS_20,OR10A5,OR10A5,0.0,0.0,0.0,0.0,17,False
LS_20,OR10AD1,OR10AD1,0.08,0.0,0.0,0.0,17,False
LS_20,OR10G3,OR10G3,0.0,0.0,0.0,0.0,17,False
LS_20,OR10H1,OR10H1,0.16,0.0,0.37,0.0,17,False
LS_20,OR10H5,OR10H5,0.0,0.0,0.0,0.11,17,False
LS_20,OR10K1,OR10K1,0.0,0.0,0.0,0.0,17,False
LS_20,OR10X1,OR10X1,0.0,0.0,0.0,0.0,17,False
LS_20,OR10Z1,OR10Z1,0.24,0.0,0.0,0.0,17,False
LS_20,OR11G2,OR11G2,0.0,0.0,0.0,0.11,17,False
LS_20,OR11H4,OR11H4,0.0,0.0,0.0,0.0,17,False
LS_20,OR11L1,OR11L1,0.0,0.0,0.0,0.0,17,False
LS_20,OR13A1,OR13A1,0.08,0.0,0.0,0.0,17,False
LS_20,OR13C2,OR13C2,0.0,0.0,0.0,0.0,17,False
LS_20,OR13C3,OR13C3,0.0,0.0,0.0,0.0,17,False
LS_20,OR13C4,OR13C4,0.0,0.0,0.0,0.0,17,False
LS_20,OR13C5,OR13C5,0.0,0.0,0.0,0.11,17,False
LS_20,OR13C9,OR13C9,0.0,0.0,0.0,0.0,17,False
LS_20,OR13D1,OR13D1,0.0,0.0,0.0,0.0,17,False
LS_20,OR13F1,OR13F1,0.08,0.0,0.0,0.0,17,False
LS_20,OR13G1,OR13G1,0.0,0.0,0.0,0.0,17,False
LS_20,OR14A16,OR14A16,0.0,0.0,0.0,0.0,17,False
LS_20,OR14A2,OR14A2,0.0,0.0,0.0,0.0,17,False
LS_20,OR14J1,OR14J1,0.0,0.0,0.0,0.0,17,False
LS_20,OR14K1,OR14K1,0.08,0.0,0.0,0.0,17,False
LS_20,OR1A1,OR1A1,0.0,0.0,0.0,0.0,17,False
LS_20,OR1B1,OR1B1,0.0,0.0,0.0,0.0,17,False
LS_20,OR1C1,OR1C1,0.0,0.0,0.19,0.0,17,False
LS_20,OR1G1,OR1G1,0.0,0.0,0.0,0.0,17,False
LS_20,OR1I1,OR1I1,0.0,0.0,0.0,0.0,17,False
LS_20,OR1K1,OR1K1,0.0,0.0,0.0,0.0,17,False
LS_20,OR1L3,OR1L3,0.0,0.0,0.0,0.0,17,False
LS_20,OR1L6,OR1L6,0.0,0.0,0.0,0.0,17,False
LS_20,OR1L8,OR1L8,0.0,0.0,0.0,0.0,17,False
LS_20,OR1N1,OR1N1,0.0,0.0,0.0,0.0,17,False
LS_20,OR1N2,OR1N2,0.0,0.0,0.0,0.0,17,False
LS_20,OR2A1,OR2A1,0.0,0.0,0.0,0.0,17,False
LS_20,OR2A7,OR2A7,0.0,0.0,0.0,0.0,17,False
LS_20,OR2AE1,OR2AE1,0.0,0.0,0.0,0.0,17,False
LS_20,OR2AG1,OR2AG1,0.0,0.0,0.0,0.0,17,False
LS_20,OR2AG2,OR2AG2,0.24,0.0,0.0,0.11,17,False
LS_20,OR2AJ1,OR2AJ1,0.0,0.0,0.0,0.0,17,False
LS_20,OR2AK2,OR2AK2,0.16,0.0,0.56,0.0,17,False
LS_20,OR2AT4,OR2AT4,0.0,0.0,0.0,0.0,17,False
LS_20,OR2B11,OR2B11,0.32,0.0,0.37,0.23,17,False
LS_20,OR2B2,OR2B2,0.0,0.0,0.0,0.0,17,False
LS_20,OR2B6,OR2B6,0.08,0.0,0.0,0.0,17,False
LS_20,OR2C1,OR2C1,0.0,0.0,0.0,0.0,17,False
LS_20,OR2C3,OR2C3,0.0,0.0,0.19,0.0,17,False
LS_20,OR2D2,OR2D2,0.08,0.0,0.37,0.11,17,False
LS_20,OR2D3,OR2D3,0.0,0.0,0.19,0.0,17,False
LS_20,OR2G3,OR2G3,0.0,0.0,0.0,0.0,17,False
LS_20,OR2G6,OR2G6,0.0,0.0,0.0,0.0,17,False
LS_20,OR2H2,OR2H2,0.0,0.0,0.0,0.0,17,False
LS_20,OR2I1P,OR2I1P,0.0,0.0,0.0,0.0,17,False
LS_20,OR2L13,OR2L13,0.16,0.0,1.11,0.11,17,False
LS_20,OR2L2,OR2L2,0.24,0.0,1.3,0.0,17,False
LS_20,OR2L3,OR2L3,0.08,0.0,0.19,0.0,17,False
LS_20,OR2L5,OR2L5,0.0,0.0,0.37,0.11,17,False
LS_20,OR2L8,OR2L8,0.0,0.0,0.0,0.0,17,False
LS_20,OR2M3,OR2M3,0.0,0.0,0.0,0.0,17,False
LS_20,OR2M4,OR2M4,0.0,0.0,0.0,0.0,17,False
LS_20,OR2T11,OR2T11,0.0,0.0,0.0,0.0,17,False
LS_20,OR2T12,OR2T12,0.0,0.0,0.0,0.0,17,False
LS_20,OR2T2,OR2T2,0.0,0.0,0.0,0.0,17,False
LS_20,OR2T33,OR2T33,0.0,0.0,0.19,0.0,17,False
LS_20,OR2T4,OR2T4,0.0,0.0,0.0,0.0,17,False
LS_20,OR2T8,OR2T8,0.16,0.0,0.19,0.11,17,False
LS_20,OR2V1,OR2V1,0.0,0.0,0.0,0.0,17,False
LS_20,OR2W3,OR2W3,0.8,0.0,0.37,0.11,17,False
LS_20,OR3A1,OR3A1,0.16,0.0,0.0,0.0,17,False
LS_20,OR3A2,OR3A2,0.32,0.0,0.19,0.0,17,False
LS_20,OR3A3,OR3A3,0.0,0.0,0.0,0.11,17,False
LS_20,OR4D1,OR4D1,1.44,0.0,2.96,0.23,17,False
LS_20,OR4D9,OR4D9,0.0,0.0,0.0,0.0,17,False
LS_20,OR51B2,OR51B2,0.0,0.0,0.0,0.0,17,False
LS_20,OR51B4,OR51B4,0.0,0.0,0.0,0.0,17,False
LS_20,OR51B5,OR51B5,0.0,0.0,0.0,0.0,17,False
LS_20,OR51I1,OR51I1,0.0,0.0,0.0,0.0,17,False
LS_20,OR51I2,OR51I2,0.0,0.0,0.0,0.0,17,False
LS_20,OR51M1,OR51M1,0.0,0.0,0.0,0.0,17,False
LS_20,OR51Q1,OR51Q1,0.0,0.0,0.0,0.11,17,False
LS_20,OR51V1,OR51V1,0.0,0.0,0.0,0.0,17,False
LS_20,OR52A1,OR52A1,0.0,0.0,0.0,0.0,17,False
LS_20,OR52A5,OR52A5,0.0,0.0,0.0,0.0,17,False
LS_20,OR52B6,OR52B6,0.0,0.0,0.0,0.0,17,False
LS_20,OR52D1,OR52D1,0.0,0.0,0.0,0.0,17,False
LS_20,OR52H1,OR52H1,0.16,0.0,0.0,0.0,17,False
LS_20,OR52I1,OR52I1,0.0,0.0,0.0,0.0,17,False
LS_20,OR52I2,OR52I2,0.0,0.0,0.0,0.0,17,False
LS_20,OR52K1,OR52K1,0.0,0.0,0.0,0.0,17,False
LS_20,OR52K2,OR52K2,0.0,0.0,0.0,0.0,17,False
LS_20,OR52N1,OR52N1,0.0,0.0,0.0,0.0,17,False
LS_20,OR52N2,OR52N2,0.08,0.0,0.56,0.0,17,False
LS_20,OR52N4,OR52N4,0.08,0.0,0.0,0.0,17,False
LS_20,OR52N5,OR52N5,0.0,0.0,0.37,0.0,17,False
LS_20,OR56A4,OR56A4,0.0,0.0,0.0,0.0,17,False
LS_20,OR56B1,OR56B1,0.0,0.0,0.0,0.0,17,False
LS_20,OR5AN1,OR5AN1,0.08,0.0,0.0,0.0,17,False
LS_20,OR5AS1,OR5AS1,0.0,0.0,0.0,0.0,17,False
LS_20,OR5AU1,OR5AU1,0.08,0.0,0.0,0.0,17,False
LS_20,OR5B12,OR5B12,0.0,0.0,0.0,0.0,17,False
LS_20,OR5B2,OR5B2,0.0,0.0,0.0,0.0,17,False
LS_20,OR5B21,OR5B21,0.0,0.0,0.0,0.0,17,False
LS_20,OR5H1,OR5H1,0.0,0.0,0.0,0.0,17,False
LS_20,OR5H14,OR5H14,0.0,0.0,0.0,0.0,17,False
LS_20,OR5K2,OR5K2,0.08,0.0,0.0,0.0,17,False
LS_20,OR6A2,OR6A2,0.16,0.0,0.37,0.0,17,False
LS_20,OR6C2,OR6C2,0.0,0.0,0.0,0.0,17,False
LS_20,OR6C75,OR6C75,0.0,0.0,0.0,0.0,17,False
LS_20,OR6F1,OR6F1,0.0,0.0,0.0,0.0,17,False
LS_20,OR6J1,OR6J1,0.08,0.0,0.0,0.0,17,False
LS_20,OR6K3,OR6K3,0.0,0.0,0.0,0.0,17,False
LS_20,OR6N1,OR6N1,0.0,0.0,0.0,0.0,17,False
LS_20,OR6P1,OR6P1,0.0,0.0,0.0,0.0,17,False
LS_20,OR6V1,OR6V1,0.0,0.0,0.0,0.0,17,False
LS_20,OR6Y1,OR6Y1,0.0,0.0,0.0,0.0,17,False
LS_20,OR7A17,OR7A17,0.0,0.0,0.0,0.0,17,False
LS_20,OR7A5,OR7A5,0.0,0.0,0.0,0.0,17,False
LS_20,OR7C1,OR7C1,0.08,0.0,0.0,0.0,17,False
LS_20,OR7D2,OR7D2,0.16,0.0,0.0,0.0,17,False
LS_20,OR8D4,OR8D4,0.0,0.0,0.0,0.0,17,False
LS_20,OR8G5,OR8G5,0.0,0.0,0.0,0.0,17,False
LS_20,OR9A4,OR9A4,0.0,0.0,0.0,0.0,17,False
LS_20,OSMR,OSMR,0.0,0.0,0.0,0.0,17,False
LS_20,OSTM1,OSTM1,10.63,5.88,6.67,5.31,17,False
LS_20,OTOA,OTOA,0.32,0.0,0.56,1.36,17,False
LS_20,OTOP2,OTOP2,0.16,0.0,0.0,0.0,17,False
LS_20,OXER1,OXER1,1.04,0.0,0.74,1.13,17,False
LS_20,OXTR,OXTR,0.24,0.0,0.19,0.11,17,False
LS_20,P2RX2,P2RX2,0.0,0.0,0.0,0.0,17,False
LS_20,P2RX3,P2RX3,0.0,0.0,0.0,0.11,17,False
LS_20,P2RX6,P2RX6,0.0,0.0,0.74,0.11,17,False
LS_20,P2RX7,P2RX7,3.04,0.0,5.93,8.25,17,False
LS_20,P2RY1,P2RY1,10.15,5.88,4.26,1.58,17,False
LS_20,P2RY10,P2RY10,0.8,0.0,1.11,0.23,17,False
LS_20,P2RY11,P2RY11,5.76,0.0,2.96,4.75,17,False
LS_20,P2RY12,P2RY12,0.0,0.0,0.0,0.0,17,False
LS_20,P2RY13,P2RY13,0.96,0.0,2.22,5.88,17,False
LS_20,P2RY14,P2RY14,0.8,0.0,1.48,0.23,17,False
LS_20,P2RY4,P2RY4,0.0,0.0,0.0,0.0,17,False
LS_20,P2RY6,P2RY6,0.16,0.0,0.0,1.02,17,False
LS_20,PANX1,PANX1,8.87,5.88,8.33,5.2,17,False
LS_20,PANX2,PANX2,0.32,0.0,0.74,0.23,17,False
LS_20,PARM1,PARM1,0.08,0.0,0.37,0.11,17,False
LS_20,PCDH1,PCDH1,0.0,0.0,0.0,0.0,17,False
LS_20,PCDH10,PCDH10,0.08,0.0,0.0,0.0,17,False
LS_20,PCDH11X,PCDH11X,0.0,0.0,0.0,0.0,17,False
LS_20,PCDH11Y,PCDH11Y,0.0,0.0,0.0,0.0,17,False
LS_20,PCDH12,PCDH12,0.16,0.0,0.19,0.11,17,False
LS_20,PCDH15,PCDH15,0.08,0.0,0.0,0.0,17,False
LS_20,PCDH18,PCDH18,0.0,0.0,0.0,0.0,17,False
LS_20,PCDH20,PCDH20,0.0,0.0,0.19,0.0,17,False
LS_20,PCDH7,PCDH7,0.08,0.0,0.0,0.0,17,False
LS_20,PCDH8,PCDH8,0.4,0.0,0.19,0.0,17,False
LS_20,PCDHA10,PCDHA10,0.0,0.0,0.0,0.0,17,False
LS_20,PCDHA11,PCDHA11,0.0,0.0,0.0,0.0,17,False
LS_20,PCDHA12,PCDHA12,0.0,0.0,0.0,0.0,17,False
LS_20,PCDHA4,PCDHA4,0.0,0.0,0.0,0.0,17,False
LS_20,PCDHA9,PCDHA9,0.0,0.0,0.0,0.0,17,False
LS_20,PCDHB1,PCDHB1,0.0,0.0,0.0,0.0,17,False
LS_20,PCDHB10,PCDHB10,0.0,0.0,0.0,0.0,17,False
LS_20,PCDHB11,PCDHB11,0.0,0.0,0.0,0.0,17,False
LS_20,PCDHB12,PCDHB12,0.0,0.0,0.0,0.0,17,False
LS_20,PCDHB13,PCDHB13,0.0,0.0,0.0,0.0,17,False
LS_20,PCDHB14,PCDHB14,0.0,0.0,0.0,0.0,17,False
LS_20,PCDHB15,PCDHB15,0.0,0.0,0.0,0.0,17,False
LS_20,PCDHB16,PCDHB16,0.0,0.0,0.0,0.0,17,False
LS_20,PCDHB2,PCDHB2,0.08,0.0,0.0,0.0,17,False
LS_20,PCDHB5,PCDHB5,0.0,0.0,0.0,0.0,17,False
LS_20,PCDHB8,PCDHB8,0.0,0.0,0.0,0.0,17,False
LS_20,PCDHB9,PCDHB9,0.08,0.0,0.0,0.0,17,False
LS_20,PCDHGA1,PCDHGA1,0.24,0.0,0.0,0.0,17,False
LS_20,PCDHGA10,PCDHGA10,0.24,0.0,0.19,0.34,17,False
LS_20,PCDHGA11,PCDHGA11,0.24,0.0,0.19,0.0,17,False
LS_20,PCDHGA12,PCDHGA12,0.4,0.0,0.56,0.11,17,False
LS_20,PCDHGA2,PCDHGA2,0.08,0.0,0.0,0.0,17,False
LS_20,PCDHGA3,PCDHGA3,0.0,0.0,0.0,0.0,17,False
LS_20,PCDHGA4,PCDHGA4,0.08,0.0,0.0,0.0,17,False
LS_20,PCDHGA5,PCDHGA5,0.08,0.0,0.0,0.0,17,False
LS_20,PCDHGA6,PCDHGA6,0.24,0.0,0.74,0.11,17,False
LS_20,PCDHGA7,PCDHGA7,0.08,0.0,0.0,0.0,17,False
LS_20,PCDHGA8,PCDHGA8,0.24,0.0,0.0,0.11,17,False
LS_20,PCDHGA9,PCDHGA9,0.0,0.0,0.19,0.0,17,False
LS_20,PCDHGB1,PCDHGB1,0.08,0.0,0.19,0.0,17,False
LS_20,PCDHGB2,PCDHGB2,0.72,0.0,0.56,0.11,17,False
LS_20,PCDHGB3,PCDHGB3,0.32,0.0,0.19,0.11,17,False
LS_20,PCDHGB4,PCDHGB4,0.08,0.0,0.0,0.23,17,False
LS_20,PCDHGB5,PCDHGB5,0.16,0.0,0.0,0.0,17,False
LS_20,PCDHGB6,PCDHGB6,0.08,0.0,0.0,0.0,17,False
LS_20,PCDHGB7,PCDHGB7,0.08,0.0,0.56,0.0,17,False
LS_20,PCDHGC3,PCDHGC3,0.8,0.0,0.0,0.56,17,False
LS_20,PCDHGC4,PCDHGC4,0.4,0.0,0.0,0.0,17,False
LS_20,PCDHGC5,PCDHGC5,0.0,0.0,0.0,0.0,17,False
LS_20,PCSK5,PCSK5,0.24,0.0,1.85,1.13,17,False
LS_20,PDCD1,PDCD1,0.0,0.0,0.0,0.0,17,False
LS_20,PDCD1LG2,PDCD1LG2,0.0,0.0,0.37,0.0,17,False
LS_20,PDGFRA,PDGFRA,0.0,0.0,0.19,0.0,17,False
LS_20,PDGFRB,PDGFRB,1.76,5.88,0.0,0.45,17,False
LS_20,PEAR1,PEAR1,0.96,0.0,4.07,0.34,17,False
LS_20,PGAP1,PGAP1,1.28,0.0,2.59,0.68,17,False
LS_20,PHEX,PHEX,0.0,0.0,0.0,0.0,17,False
LS_20,PI16,PI16,0.08,0.0,0.0,0.0,17,False
LS_20,PIEZO2,PIEZO2,1.52,0.0,0.74,0.45,17,False
LS_20,PIGO,PIGO,10.71,11.76,10.0,6.21,17,False
LS_20,PIGR,PIGR,0.0,0.0,0.0,0.11,17,False
LS_20,PIK3IP1,PIK3IP1,5.36,0.0,7.41,1.69,17,False
LS_20,PKD1L1,PKD1L1,0.08,0.0,0.0,0.0,17,False
LS_20,PKD1L3,PKD1L3,0.08,0.0,0.0,0.23,17,False
LS_20,PKD2L1,PKD2L1,0.0,0.0,0.0,0.0,17,False
LS_20,PKDREJ,PKDREJ,0.08,0.0,0.0,0.23,17,False
LS_20,PKHD1,PKHD1,0.08,0.0,0.0,0.0,17,False
LS_20,PKHD1L1,PKHD1L1,0.0,0.0,0.0,0.0,17,False
LS_20,PLA2R1,PLA2R1,0.08,0.0,0.93,0.0,17,False
LS_20,PLD5,PLD5,0.0,0.0,0.0,0.0,17,False
LS_20,PLET1,PLET1,0.0,0.0,0.0,0.0,17,False
LS_20,PLP1,PLP1,0.0,0.0,0.37,0.0,17,False
LS_20,PLVAP,PLVAP,1.28,0.0,0.37,0.11,17,False
LS_20,PLXDC1,PLXDC1,0.24,0.0,0.0,0.11,17,False
LS_20,PLXNA1,PLXNA1,0.32,0.0,0.0,0.23,17,False
LS_20,PLXNA2,PLXNA2,0.64,0.0,0.0,0.23,17,False
LS_20,PLXNA3,PLXNA3,1.52,0.0,1.3,1.58,17,False
LS_20,PLXNA4,PLXNA4,0.08,0.0,0.0,0.0,17,False
LS_20,PLXNB1,PLXNB1,1.6,0.0,4.26,1.36,17,False
LS_20,PLXNB3,PLXNB3,0.16,0.0,0.0,0.0,17,False
LS_20,PMEL,PMEL,0.32,0.0,0.56,0.23,17,False
LS_20,PMEPA1,PMEPA1,2.8,0.0,5.74,0.56,17,False
LS_20,PODXL,PODXL,0.56,0.0,1.3,0.23,17,False
LS_20,PRLHR,PRLHR,0.0,0.0,0.0,0.0,17,False
LS_20,PRLR,PRLR,0.16,0.0,0.19,4.29,17,False
LS_20,PRND,PRND,0.0,0.0,0.0,0.0,17,False
LS_20,PROCR,PROCR,0.32,0.0,2.04,2.03,17,False
LS_20,PROKR1,PROKR1,0.0,0.0,0.0,0.0,17,False
LS_20,PROKR2,PROKR2,0.0,0.0,0.0,0.0,17,False
LS_20,PROM2,PROM2,0.08,0.0,0.0,0.11,17,False
LS_20,PRPH2,PRPH2,0.0,0.0,0.0,0.0,17,False
LS_20,PRRT3,PRRT3,1.36,0.0,7.04,1.02,17,False
LS_20,PRSS41,PRSS41,0.0,0.0,0.0,0.0,17,False
LS_20,PRSS8,PRSS8,0.0,0.0,0.0,0.23,17,False
LS_20,PRTG,PRTG,0.0,0.0,0.74,0.0,17,False
LS_20,PSCA,PSCA,0.16,0.0,0.0,0.11,17,False
LS_20,PSEN2,PSEN2,2.8,0.0,4.26,1.24,17,False
LS_20,PTCH1,PTCH1,0.8,0.0,0.0,0.0,17,False
LS_20,PTCHD1,PTCHD1,0.0,0.0,0.0,0.0,17,False
LS_20,PTCHD4,PTCHD4,0.16,0.0,0.19,0.0,17,False
LS_20,PTCRA,PTCRA,1.36,5.88,0.0,0.23,17,False
LS_20,PTGDR,PTGDR,0.08,0.0,0.19,0.0,17,False
LS_20,PTGDR2,PTGDR2,0.96,0.0,3.15,0.11,17,False
LS_20,PTGER1,PTGER1,0.8,0.0,0.19,0.45,17,False
LS_20,PTGER3,PTGER3,6.79,5.88,0.19,0.23,17,False
LS_20,PTGFR,PTGFR,0.08,0.0,0.0,0.0,17,False
LS_20,PTGFRN,PTGFRN,2.4,0.0,0.19,1.24,17,False
LS_20,PTGIR,PTGIR,2.8,0.0,2.59,7.8,17,False
LS_20,PTH1R,PTH1R,0.08,0.0,0.0,0.11,17,False
LS_20,PTH2R,PTH2R,7.75,5.88,0.19,1.92,17,False
LS_20,PTPRB,PTPRB,0.08,0.0,0.19,0.11,17,False
LS_20,PTPRD,PTPRD,0.4,0.0,2.96,0.34,17,False
LS_20,PTPRF,PTPRF,0.24,0.0,0.37,0.11,17,False
LS_20,PTPRG,PTPRG,0.16,0.0,0.0,0.0,17,False
LS_20,PTPRH,PTPRH,0.16,0.0,0.0,0.11,17,False
LS_20,PTPRK,PTPRK,0.08,0.0,0.37,0.0,17,False
LS_20,PTPRM,PTPRM,2.72,0.0,6.3,2.26,17,False
LS_20,PTPRN,PTPRN,0.08,0.0,0.0,0.0,17,False
LS_20,PTPRN2,PTPRN2,1.44,0.0,1.85,0.79,17,False
LS_20,PTPRO,PTPRO,1.04,0.0,0.19,0.79,17,False
LS_20,PTPRR,PTPRR,0.0,0.0,0.0,0.0,17,False
LS_20,PTPRS,PTPRS,1.68,5.88,0.74,0.11,17,False
LS_20,PTPRU,PTPRU,1.68,0.0,0.0,0.0,17,False
LS_20,PVR,PVR,1.84,0.0,7.04,2.03,17,False
LS_20,QRFPR,QRFPR,0.0,0.0,0.0,0.0,17,False
LS_20,QSOX2,QSOX2,5.92,5.88,7.22,3.62,17,False
LS_20,RAET1E,RAET1E,0.16,0.0,0.19,0.23,17,False
LS_20,RAET1G,RAET1G,0.0,0.0,0.0,0.0,17,False
LS_20,RAMP2,RAMP2,0.16,0.0,0.19,0.11,17,False
LS_20,RAMP3,RAMP3,0.0,0.0,0.0,0.0,17,False
LS_20,RECK,RECK,4.64,0.0,6.67,4.86,17,False
LS_20,RET,RET,0.56,0.0,0.19,1.58,17,False
LS_20,RGMA,RGMA,0.48,0.0,3.7,0.79,17,False
LS_20,RGMB,RGMB,0.32,0.0,0.0,0.0,17,False
LS_20,RHAG,RHAG,2.32,5.88,0.37,0.23,17,False
LS_20,RHBDF2,RHBDF2,4.48,5.88,5.74,8.59,17,False
LS_20,RHBDL2,RHBDL2,0.0,0.0,0.0,0.0,17,False
LS_20,RHO,RHO,0.24,0.0,0.0,0.0,17,False
LS_20,RNF150,RNF150,0.0,0.0,4.26,0.11,17,False
LS_20,RNF43,RNF43,0.88,0.0,0.74,0.56,17,False
LS_20,ROBO1,ROBO1,4.96,5.88,2.96,0.34,17,False
LS_20,ROBO2,ROBO2,9.35,5.88,0.19,0.0,17,False
LS_20,ROR1,ROR1,2.88,5.88,0.19,0.0,17,False
LS_20,ROR2,ROR2,3.12,5.88,0.37,0.0,17,False
LS_20,RPRM,RPRM,0.0,0.0,0.0,0.0,17,False
LS_20,RPRML,RPRML,0.0,0.0,0.0,0.0,17,False
LS_20,RRH,RRH,0.16,0.0,0.0,0.0,17,False
LS_20,RTN4RL1,RTN4RL1,0.24,0.0,0.0,0.11,17,False
LS_20,RTN4RL2,RTN4RL2,0.88,0.0,2.04,2.6,17,False
LS_20,RXFP1,RXFP1,4.64,11.76,2.59,5.42,17,False
LS_20,RXFP2,RXFP2,0.0,0.0,0.0,0.0,17,False
LS_20,RXFP4,RXFP4,0.0,0.0,0.0,0.0,17,False
LS_20,S1PR1,S1PR1,1.36,0.0,0.74,0.45,17,False
LS_20,S1PR2,S1PR2,0.24,0.0,0.37,0.34,17,False
LS_20,S1PR3,S1PR3,0.48,0.0,0.19,1.81,17,False
LS_20,S1PR5,S1PR5,0.08,0.0,0.37,0.0,17,False
LS_20,SCARA5,SCARA5,0.0,0.0,0.0,0.0,17,False
LS_20,SCARF2,SCARF2,0.4,0.0,0.56,0.56,17,False
LS_20,SCN11A,SCN11A,0.32,0.0,0.0,0.11,17,False
LS_20,SCN1B,SCN1B,2.72,0.0,1.67,2.49,17,False
LS_20,SCN2A,SCN2A,0.24,0.0,0.19,0.0,17,False
LS_20,SCN3A,SCN3A,8.23,5.88,0.37,0.11,17,False
LS_20,SCN3B,SCN3B,0.0,0.0,0.19,0.11,17,False
LS_20,SCN4A,SCN4A,0.0,0.0,0.93,0.11,17,False
LS_20,SCN4B,SCN4B,0.0,0.0,0.0,0.11,17,False
LS_20,SCN5A,SCN5A,0.0,0.0,0.0,0.0,17,False
LS_20,SCN7A,SCN7A,0.0,0.0,0.19,0.0,17,False
LS_20,SCN8A,SCN8A,0.32,0.0,1.3,0.0,17,False
LS_20,SCN9A,SCN9A,0.8,0.0,9.44,0.68,17,False
LS_20,SCNN1A,SCNN1A,0.4,0.0,0.37,0.23,17,False
LS_20,SCNN1B,SCNN1B,0.0,0.0,0.0,0.0,17,False
LS_20,SCNN1D,SCNN1D,0.96,0.0,1.48,1.81,17,False
LS_20,SDC1,SDC1,0.0,0.0,0.0,0.0,17,False
LS_20,SDC2,SDC2,2.16,0.0,0.0,0.11,17,False
LS_20,SDK1,SDK1,0.24,0.0,0.0,0.0,17,False
LS_20,SECTM1,SECTM1,0.32,0.0,1.11,1.47,17,False
LS_20,SELE,SELE,0.0,0.0,0.0,0.0,17,False
LS_20,SELP,SELP,1.68,0.0,1.11,0.11,17,False
LS_20,SEMA4B,SEMA4B,4.56,0.0,2.96,3.05,17,False
LS_20,SEMA4C,SEMA4C,3.12,0.0,3.33,2.15,17,False
LS_20,SEMA4F,SEMA4F,0.8,0.0,1.85,0.11,17,False
LS_20,SEMA4G,SEMA4G,0.32,0.0,0.37,0.0,17,False
LS_20,SEMA5A,SEMA5A,0.0,0.0,0.0,0.0,17,False
LS_20,SEMA5B,SEMA5B,0.16,0.0,0.37,0.0,17,False
LS_20,SEMA6A,SEMA6A,0.16,0.0,0.37,0.11,17,False
LS_20,SEMA6B,SEMA6B,1.12,0.0,0.0,1.92,17,False
LS_20,SEMA6C,SEMA6C,1.2,0.0,2.22,0.45,17,False
LS_20,SEMA6D,SEMA6D,0.0,0.0,0.0,0.0,17,False
LS_20,SEMA7A,SEMA7A,1.28,0.0,2.41,0.45,17,False
LS_20,SERINC2,SERINC2,1.12,0.0,0.19,1.92,17,False
LS_20,SERINC4,SERINC4,0.48,0.0,1.48,0.34,17,False
LS_20,SERINC5,SERINC5,12.15,11.76,7.04,6.44,17,False
LS_20,SEZ6,SEZ6,0.16,0.0,0.19,0.11,17,False
LS_20,SEZ6L2,SEZ6L2,0.96,0.0,0.37,0.56,17,False
LS_20,SGCA,SGCA,0.08,0.0,0.37,0.11,17,False
LS_20,SGCB,SGCB,0.32,0.0,1.11,0.56,17,False
LS_20,SGCD,SGCD,0.0,0.0,0.0,0.0,17,False
LS_20,SGCE,SGCE,0.0,0.0,0.0,0.0,17,False
LS_20,SGCZ,SGCZ,0.0,0.0,0.37,0.0,17,False
LS_20,SHISA4,SHISA4,0.08,0.0,0.37,0.0,17,False
LS_20,SHISA7,SHISA7,0.08,0.0,0.0,0.11,17,False
LS_20,SHISA8,SHISA8,0.0,0.0,0.19,0.11,17,False
LS_20,SHISA9,SHISA9,0.0,0.0,0.0,0.11,17,False
LS_20,SIDT1,SIDT1,2.88,0.0,7.04,3.16,17,False
LS_20,SIDT2,SIDT2,5.92,0.0,5.0,4.75,17,False
LS_20,SIGLEC1,SIGLEC1,0.48,0.0,0.0,0.79,17,False
LS_20,SIGLEC10,SIGLEC10,1.6,0.0,5.56,3.73,17,False
LS_20,SIGLEC11,SIGLEC11,0.08,0.0,0.0,1.13,17,False
LS_20,SIGLEC12,SIGLEC12,6.79,0.0,0.19,5.42,17,False
LS_20,SIGLEC14,SIGLEC14,0.32,0.0,0.37,1.92,17,False
LS_20,SIGLEC15,SIGLEC15,1.12,0.0,1.3,0.79,17,False
LS_20,SIGLEC5,SIGLEC5,0.4,0.0,0.19,1.58,17,False
LS_20,SIGLEC6,SIGLEC6,1.44,0.0,0.37,0.56,17,False
LS_20,SIGLEC7,SIGLEC7,1.2,0.0,0.19,2.94,17,False
LS_20,SIGLEC8,SIGLEC8,0.0,0.0,0.0,0.0,17,False
LS_20,SIGLEC9,SIGLEC9,1.36,0.0,0.0,8.81,17,False
LS_20,SIGLECL1,SIGLECL1,0.0,0.0,0.19,0.0,17,False
LS_20,SIRPG,SIRPG,0.08,0.0,0.19,0.11,17,False
LS_20,SIT1,SIT1,0.4,0.0,0.19,1.47,17,False
LS_20,SLAMF1,SLAMF1,0.0,0.0,0.0,0.23,17,False
LS_20,SLAMF6,SLAMF6,2.08,0.0,0.0,0.45,17,False
LS_20,SLAMF7,SLAMF7,0.08,0.0,0.0,0.11,17,False
LS_20,SLAMF8,SLAMF8,0.0,0.0,0.19,0.45,17,False
LS_20,SLAMF9,SLAMF9,0.64,0.0,0.19,0.23,17,False
LS_20,SLC10A1,SLC10A1,0.4,0.0,0.19,0.11,17,False
LS_20,SLC10A2,SLC10A2,0.0,0.0,0.0,0.11,17,False
LS_20,SLC10A4,SLC10A4,4.24,5.88,0.0,0.11,17,False
LS_20,SLC10A5,SLC10A5,0.24,0.0,1.3,0.11,17,False
LS_20,SLC10A6,SLC10A6,0.0,0.0,0.0,0.0,17,False
LS_20,SLC11A2,SLC11A2,8.71,5.88,9.44,4.29,17,False
LS_20,SLC12A1,SLC12A1,0.08,0.0,0.0,0.0,17,False
LS_20,SLC12A3,SLC12A3,0.08,0.0,0.0,0.0,17,False
LS_20,SLC12A4,SLC12A4,2.96,0.0,5.37,3.95,17,False
LS_20,SLC12A5,SLC12A5,4.24,0.0,3.33,1.13,17,False
LS_20,SLC12A8,SLC12A8,0.08,0.0,0.0,0.11,17,False
LS_20,SLC13A3,SLC13A3,0.8,0.0,0.0,0.0,17,False
LS_20,SLC13A4,SLC13A4,0.0,0.0,0.0,0.0,17,False
LS_20,SLC14A1,SLC14A1,0.72,0.0,0.56,0.11,17,False
LS_20,SLC14A2,SLC14A2,0.16,0.0,0.0,0.11,17,False
LS_20,SLC15A2,SLC15A2,4.08,5.88,3.15,5.99,17,False
LS_20,SLC15A3,SLC15A3,0.64,0.0,0.37,5.31,17,False
LS_20,SLC15A5,SLC15A5,0.0,0.0,0.0,0.0,17,False
LS_20,SLC16A4,SLC16A4,0.32,0.0,0.19,0.23,17,False
LS_20,SLC16A5,SLC16A5,1.52,0.0,3.33,3.39,17,False
LS_20,SLC16A6,SLC16A6,0.0,0.0,0.37,0.79,17,False
LS_20,SLC16A8,SLC16A8,0.16,0.0,0.19,0.23,17,False
LS_20,SLC17A5,SLC17A5,6.47,0.0,5.56,4.41,17,False
LS_20,SLC17A7,SLC17A7,0.0,0.0,0.0,0.0,17,False
LS_20,SLC18A1,SLC18A1,0.0,0.0,0.0,0.0,17,False
LS_20,SLC18A2,SLC18A2,11.67,17.65,7.22,0.56,17,False
LS_20,SLC19A2,SLC19A2,7.59,5.88,6.3,4.41,17,False
LS_20,SLC1A1,SLC1A1,0.0,0.0,0.0,0.0,17,False
LS_20,SLC1A2,SLC1A2,0.0,0.0,0.0,0.11,17,False
LS_20,SLC1A3,SLC1A3,5.76,5.88,1.85,8.59,17,False
LS_20,SLC1A7,SLC1A7,0.0,0.0,0.0,0.11,17,False
LS_20,SLC20A2,SLC20A2,10.63,17.65,9.81,6.1,17,False
LS_20,SLC22A1,SLC22A1,0.0,0.0,0.0,0.0,17,False
LS_20,SLC22A11,SLC22A11,0.0,0.0,0.0,0.0,17,False
LS_20,SLC22A13,SLC22A13,0.0,0.0,0.0,0.11,17,False
LS_20,SLC22A14,SLC22A14,0.0,0.0,0.0,0.0,17,False
LS_20,SLC22A15,SLC22A15,1.76,0.0,2.78,6.67,17,False
LS_20,SLC22A23,SLC22A23,2.8,5.88,0.19,0.34,17,False
LS_20,SLC22A4,SLC22A4,4.88,0.0,4.26,7.91,17,False
LS_20,SLC22A5,SLC22A5,2.8,0.0,5.93,3.84,17,False
LS_20,SLC22A7,SLC22A7,0.0,0.0,0.19,0.0,17,False
LS_20,SLC23A1,SLC23A1,0.64,0.0,0.74,0.0,17,False
LS_20,SLC24A2,SLC24A2,0.0,0.0,0.0,0.0,17,False
LS_20,SLC24A3,SLC24A3,3.84,0.0,2.41,3.05,17,False
LS_20,SLC24A4,SLC24A4,1.04,0.0,0.56,4.18,17,False
LS_20,SLC24A5,SLC24A5,0.48,0.0,0.0,0.0,17,False
LS_20,SLC26A1,SLC26A1,0.56,0.0,0.37,0.23,17,False
LS_20,SLC26A2,SLC26A2,12.23,17.65,6.67,6.1,17,False
LS_20,SLC26A3,SLC26A3,0.16,0.0,0.0,0.0,17,False
LS_20,SLC26A4,SLC26A4,0.16,0.0,0.0,0.0,17,False
LS_20,SLC26A5,SLC26A5,0.0,0.0,0.0,0.0,17,False
LS_20,SLC26A6,SLC26A6,4.08,0.0,4.44,6.55,17,False
LS_20,SLC26A8,SLC26A8,0.64,0.0,0.93,1.24,17,False
LS_20,SLC26A9,SLC26A9,0.0,0.0,0.0,0.23,17,False
LS_20,SLC28A1,SLC28A1,0.0,0.0,0.0,0.0,17,False
LS_20,SLC28A2,SLC28A2,0.16,0.0,0.0,0.23,17,False
LS_20,SLC28A3,SLC28A3,1.04,0.0,0.0,2.49,17,False
LS_20,SLC29A2,SLC29A2,2.16,0.0,5.93,1.13,17,False
LS_20,SLC29A4,SLC29A4,0.48,0.0,0.19,0.0,17,False
LS_20,SLC2A1,SLC2A1,9.19,17.65,8.33,3.16,17,False
LS_20,SLC2A10,SLC2A10,0.4,0.0,1.67,0.34,17,False
LS_20,SLC2A12,SLC2A12,0.48,0.0,0.0,0.34,17,False
LS_20,SLC2A13,SLC2A13,3.36,0.0,4.44,2.37,17,False
LS_20,SLC2A14,SLC2A14,1.28,0.0,0.19,0.68,17,False
LS_20,SLC2A4,SLC2A4,0.32,0.0,0.37,0.0,17,False
LS_20,SLC2A6,SLC2A6,1.44,0.0,2.78,2.15,17,False
LS_20,SLC2A7,SLC2A7,0.32,0.0,0.0,0.11,17,False
LS_20,SLC2A8,SLC2A8,4.32,5.88,6.48,2.6,17,False
LS_20,SLC2A9,SLC2A9,2.32,0.0,4.26,9.83,17,False
LS_20,SLC30A1,SLC30A1,9.75,11.76,4.07,4.86,17,False
LS_20,SLC31A1,SLC31A1,9.11,11.76,5.37,9.72,17,False
LS_20,SLC32A1,SLC32A1,0.0,0.0,0.0,0.0,17,False
LS_20,SLC33A1,SLC33A1,14.39,35.29,6.48,5.88,17,False
LS_20,SLC34A1,SLC34A1,0.0,0.0,0.0,0.0,17,False
LS_20,SLC34A2,SLC34A2,0.0,0.0,0.0,0.0,17,False
LS_20,SLC35A5,SLC35A5,6.95,0.0,7.41,3.16,17,False
LS_20,SLC36A1,SLC36A1,2.4,0.0,1.48,8.59,17,False
LS_20,SLC36A3,SLC36A3,0.0,0.0,0.0,0.0,17,False
LS_20,SLC37A2,SLC37A2,0.64,0.0,0.19,4.41,17,False
LS_20,SLC37A3,SLC37A3,2.96,0.0,2.96,0.56,17,False
LS_20,SLC38A11,SLC38A11,0.0,0.0,0.0,0.0,17,False
LS_20,SLC38A4,SLC38A4,0.0,0.0,0.19,0.0,17,False
LS_20,SLC38A8,SLC38A8,0.0,0.0,0.0,0.0,17,False
LS_20,SLC38A9,SLC38A9,8.31,0.0,7.04,3.73,17,False
LS_20,SLC39A14,SLC39A14,3.92,0.0,5.74,2.6,17,False
LS_20,SLC39A2,SLC39A2,0.08,0.0,0.0,0.0,17,False
LS_20,SLC39A5,SLC39A5,0.0,0.0,0.0,0.23,17,False
LS_20,SLC3A1,SLC3A1,0.56,0.0,0.74,0.23,17,False
LS_20,SLC41A1,SLC41A1,1.68,0.0,4.63,0.45,17,False
LS_20,SLC41A2,SLC41A2,0.0,0.0,0.56,0.34,17,False
LS_20,SLC43A2,SLC43A2,3.52,0.0,4.44,2.71,17,False
LS_20,SLC44A3,SLC44A3,0.4,0.0,0.0,0.23,17,False
LS_20,SLC44A4,SLC44A4,0.16,0.0,0.56,0.56,17,False
LS_20,SLC44A5,SLC44A5,0.16,0.0,0.19,0.0,17,False
LS_20,SLC45A2,SLC45A2,0.08,0.0,0.0,0.0,17,False
LS_20,SLC45A4,SLC45A4,1.6,0.0,1.48,1.81,17,False
LS_20,SLC46A1,SLC46A1,0.96,0.0,3.33,1.69,17,False
LS_20,SLC46A2,SLC46A2,0.0,0.0,0.0,0.11,17,False
LS_20,SLC46A3,SLC46A3,4.0,5.88,6.67,2.15,17,False
LS_20,SLC47A1,SLC47A1,0.08,0.0,0.0,0.56,17,False
LS_20,SLC4A1,SLC4A1,0.08,0.0,0.19,0.23,17,False
LS_20,SLC4A10,SLC4A10,0.0,0.0,0.0,0.0,17,False
LS_20,SLC4A4,SLC4A4,0.08,0.0,0.74,0.0,17,False
LS_20,SLC4A5,SLC4A5,0.32,0.0,1.11,0.23,17,False
LS_20,SLC4A8,SLC4A8,1.12,0.0,2.96,0.68,17,False
LS_20,SLC51A,SLC51A,0.0,0.0,0.0,0.0,17,False
LS_20,SLC51B,SLC51B,0.0,0.0,0.0,0.0,17,False
LS_20,SLC52A1,SLC52A1,0.08,0.0,0.0,0.0,17,False
LS_20,SLC52A3,SLC52A3,2.08,0.0,0.19,0.56,17,False
LS_20,SLC5A10,SLC5A10,1.36,0.0,0.74,0.56,17,False
LS_20,SLC5A11,SLC5A11,0.0,0.0,0.0,0.23,17,False
LS_20,SLC5A12,SLC5A12,0.0,0.0,0.0,0.0,17,False
LS_20,SLC5A2,SLC5A2,0.32,0.0,0.93,0.34,17,False
LS_20,SLC5A4,SLC5A4,0.0,0.0,0.0,0.11,17,False
LS_20,SLC5A5,SLC5A5,0.16,0.0,0.74,0.11,17,False
LS_20,SLC5A9,SLC5A9,0.0,0.0,0.0,0.0,17,False
LS_20,SLC6A1,SLC6A1,0.0,0.0,0.0,0.0,17,False
LS_20,SLC6A11,SLC6A11,0.08,0.0,0.0,0.0,17,False
LS_20,SLC6A12,SLC6A12,0.0,0.0,0.0,0.0,17,False
LS_20,SLC6A13,SLC6A13,0.08,0.0,0.0,0.0,17,False
LS_20,SLC6A16,SLC6A16,0.08,0.0,0.74,0.0,17,False
LS_20,SLC6A19,SLC6A19,0.16,0.0,0.0,0.0,17,False
LS_20,SLC6A2,SLC6A2,0.0,0.0,0.37,0.0,17,False
LS_20,SLC6A20,SLC6A20,0.16,0.0,0.0,0.0,17,False
LS_20,SLC6A3,SLC6A3,0.0,0.0,0.0,0.0,17,False
LS_20,SLC6A4,SLC6A4,0.0,0.0,0.19,0.0,17,False
LS_20,SLC6A6,SLC6A6,8.63,17.65,10.0,4.97,17,False
LS_20,SLC6A7,SLC6A7,0.08,0.0,0.0,0.0,17,False
LS_20,SLC6A8,SLC6A8,6.08,5.88,0.74,0.23,17,False
LS_20,SLC6A9,SLC6A9,0.64,0.0,0.0,0.0,17,False
LS_20,SLC7A10,SLC7A10,0.0,0.0,0.0,0.0,17,False
LS_20,SLC7A2,SLC7A2,0.72,0.0,0.0,0.11,17,False
LS_20,SLC7A3,SLC7A3,0.0,0.0,0.56,0.0,17,False
LS_20,SLC7A4,SLC7A4,0.0,0.0,0.0,0.0,17,False
LS_20,SLC7A6,SLC7A6,11.27,5.88,8.7,6.44,17,False
LS_20,SLC7A9,SLC7A9,0.16,0.0,0.19,0.0,17,False
LS_20,SLC8A1,SLC8A1,0.32,0.0,2.59,9.6,17,False
LS_20,SLC8A2,SLC8A2,0.08,0.0,0.19,0.0,17,False
LS_20,SLC8A3,SLC8A3,2.24,0.0,9.26,0.11,17,False
LS_20,SLC8B1,SLC8B1,6.87,5.88,8.33,8.36,17,False
LS_20,SLC9A1,SLC9A1,9.11,5.88,7.41,8.59,17,False
LS_20,SLC9A2,SLC9A2,0.96,0.0,0.0,0.0,17,False
LS_20,SLC9A3,SLC9A3,1.84,0.0,2.04,0.34,17,False
LS_20,SLC9A6,SLC9A6,5.44,0.0,2.96,3.62,17,False
LS_20,SLCO1A2,SLCO1A2,0.0,0.0,0.0,0.0,17,False
LS_20,SLCO1B3,SLCO1B3,0.0,0.0,0.0,0.0,17,False
LS_20,SLCO1C1,SLCO1C1,0.0,0.0,0.0,0.0,17,False
LS_20,SLCO2A1,SLCO2A1,0.16,0.0,0.37,0.11,17,False
LS_20,SLCO2B1,SLCO2B1,0.0,0.0,0.0,0.0,17,False
LS_20,SLCO4A1,SLCO4A1,4.24,0.0,7.59,3.28,17,False
LS_20,SLCO4C1,SLCO4C1,1.28,0.0,0.74,3.05,17,False
LS_20,SLCO5A1,SLCO5A1,5.2,11.76,2.78,1.92,17,False
LS_20,SLITRK4,SLITRK4,2.32,0.0,0.56,1.02,17,False
LS_20,SLITRK5,SLITRK5,0.0,0.0,1.3,0.0,17,False
LS_20,SLITRK6,SLITRK6,0.96,0.0,0.0,0.0,17,False
LS_20,SMO,SMO,0.96,0.0,6.67,0.45,17,False
LS_20,SORCS1,SORCS1,0.16,0.0,0.0,0.0,17,False
LS_20,SORCS2,SORCS2,0.08,0.0,0.0,0.56,17,False
LS_20,SORCS3,SORCS3,0.0,0.0,0.0,0.0,17,False
LS_20,SORT1,SORT1,3.36,5.88,2.59,7.12,17,False
LS_20,SPRN,SPRN,0.0,0.0,0.0,0.0,17,False
LS_20,SSPN,SSPN,2.8,0.0,5.19,1.02,17,False
LS_20,SSTR1,SSTR1,2.32,5.88,0.19,0.0,17,False
LS_20,SSTR2,SSTR2,0.16,0.0,0.19,0.0,17,False
LS_20,SSTR3,SSTR3,0.08,0.0,0.0,0.0,17,False
LS_20,STAB2,STAB2,0.0,0.0,0.0,0.0,17,False
LS_20,STEAP4,STEAP4,0.08,0.0,0.19,0.0,17,False
LS_20,STS,STS,1.36,0.0,1.48,3.16,17,False
LS_20,SUCNR1,SUCNR1,12.07,35.29,6.3,6.55,17,False
LS_20,SUSD1,SUSD1,12.55,17.65,8.89,8.14,17,False
LS_20,SUSD2,SUSD2,0.16,0.0,0.19,0.0,17,False
LS_20,SUSD4,SUSD4,0.0,0.0,0.0,0.0,17,False
LS_20,SUSD5,SUSD5,5.68,5.88,0.37,0.11,17,False
LS_20,SV2B,SV2B,0.56,0.0,0.19,0.23,17,False
LS_20,SV2C,SV2C,0.08,0.0,0.19,0.0,17,False
LS_20,SVOPL,SVOPL,9.91,11.76,8.7,0.45,17,False
LS_20,SYP,SYP,0.88,0.0,1.11,0.34,17,False
LS_20,TACR1,TACR1,0.0,0.0,0.0,0.0,17,False
LS_20,TACR2,TACR2,0.08,0.0,0.19,0.23,17,False
LS_20,TACSTD2,TACSTD2,0.56,0.0,0.0,0.34,17,False
LS_20,TARM1,TARM1,0.24,0.0,0.0,0.56,17,False
LS_20,TAS1R1,TAS1R1,0.0,0.0,0.0,0.0,17,False
LS_20,TAS1R3,TAS1R3,0.08,0.0,0.0,0.0,17,False
LS_20,TAS2R10,TAS2R10,0.08,0.0,0.56,0.0,17,False
LS_20,TAS2R14,TAS2R14,1.28,0.0,1.48,0.79,17,False
LS_20,TAS2R19,TAS2R19,0.16,0.0,0.74,0.23,17,False
LS_20,TAS2R20,TAS2R20,0.16,0.0,0.19,0.0,17,False
LS_20,TAS2R3,TAS2R3,0.0,0.0,0.0,0.0,17,False
LS_20,TAS2R30,TAS2R30,0.32,0.0,0.74,0.11,17,False
LS_20,TAS2R4,TAS2R4,0.56,0.0,0.37,0.11,17,False
LS_20,TAS2R46,TAS2R46,0.16,0.0,0.19,0.0,17,False
LS_20,TAS2R7,TAS2R7,0.0,0.0,0.0,0.0,17,False
LS_20,TAS2R8,TAS2R8,0.0,0.0,0.0,0.0,17,False
LS_20,TAS2R9,TAS2R9,0.0,0.0,0.0,0.0,17,False
LS_20,TBXA2R,TBXA2R,3.52,0.0,4.63,1.58,17,False
LS_20,TCTN2,TCTN2,5.44,5.88,5.37,1.13,17,False
LS_20,TECTA,TECTA,0.0,0.0,0.0,0.0,17,False
LS_20,TEK,TEK,0.24,0.0,0.0,0.0,17,False
LS_20,TENM1,TENM1,0.0,0.0,0.0,0.11,17,False
LS_20,TENM3,TENM3,0.0,0.0,0.0,0.0,17,False
LS_20,TENM4,TENM4,0.0,0.0,0.0,0.0,17,False
LS_20,TEX101,TEX101,0.08,0.0,0.0,0.0,17,False
LS_20,TGFA,TGFA,0.16,0.0,0.0,0.23,17,False
LS_20,TGFBR3,TGFBR3,0.16,0.0,0.37,0.0,17,False
LS_20,THBD,THBD,0.72,0.0,0.37,0.9,17,False
LS_20,THSD1,THSD1,0.48,0.0,0.56,0.45,17,False
LS_20,THSD7A,THSD7A,8.55,23.53,2.22,1.69,17,False
LS_20,THSD7B,THSD7B,0.0,0.0,0.0,0.0,17,False
LS_20,THY1,THY1,0.0,0.0,1.85,0.0,17,False
LS_20,TIGIT,TIGIT,0.0,0.0,0.56,0.23,17,False
LS_20,TIMD4,TIMD4,0.0,0.0,0.0,0.11,17,False
LS_20,TLR1,TLR1,3.36,0.0,2.59,3.5,17,False
LS_20,TLR10,TLR10,0.24,0.0,0.93,0.11,17,False
LS_20,TLR3,TLR3,0.64,0.0,1.85,0.11,17,False
LS_20,TLR4,TLR4,2.48,0.0,2.04,5.76,17,False
LS_20,TLR5,TLR5,0.0,0.0,0.19,2.82,17,False
LS_20,TLR6,TLR6,3.28,0.0,2.04,3.39,17,False
LS_20,TLR7,TLR7,0.4,0.0,0.37,1.81,17,False
LS_20,TLR8,TLR8,0.56,0.0,0.0,2.71,17,False
LS_20,TLR9,TLR9,0.64,0.0,1.67,0.11,17,False
LS_20,TM4SF1,TM4SF1,8.23,23.53,5.19,1.81,17,False
LS_20,TM4SF18,TM4SF18,0.0,0.0,0.0,0.0,17,False
LS_20,TM4SF20,TM4SF20,0.0,0.0,0.0,0.0,17,False
LS_20,TM4SF5,TM4SF5,0.0,0.0,0.0,0.0,17,False
LS_20,TMC7,TMC7,0.0,0.0,0.0,0.0,17,False
LS_20,TMEFF1,TMEFF1,2.64,5.88,2.22,0.23,17,False
LS_20,TMEFF2,TMEFF2,0.0,0.0,0.19,0.0,17,False
LS_20,TMEM104,TMEM104,8.95,0.0,4.44,7.12,17,False
LS_20,TMEM106A,TMEM106A,11.51,17.65,10.0,4.97,17,False
LS_20,TMEM108,TMEM108,0.0,0.0,0.0,0.0,17,False
LS_20,TMEM116,TMEM116,6.08,5.88,3.89,2.94,17,False
LS_20,TMEM132A,TMEM132A,0.0,0.0,0.0,0.11,17,False
LS_20,TMEM132B,TMEM132B,0.0,0.0,0.0,0.0,17,False
LS_20,TMEM132C,TMEM132C,0.0,0.0,0.0,0.0,17,False
LS_20,TMEM132E,TMEM132E,0.0,0.0,0.0,0.0,17,False
LS_20,TMEM140,TMEM140,3.12,0.0,5.56,0.56,17,False
LS_20,TMEM145,TMEM145,0.24,0.0,0.19,0.56,17,False
LS_20,TMEM150A,TMEM150A,4.08,0.0,8.33,2.37,17,False
LS_20,TMEM150B,TMEM150B,0.96,0.0,1.67,2.03,17,False
LS_20,TMEM154,TMEM154,3.04,0.0,6.11,3.5,17,False
LS_20,TMEM158,TMEM158,1.76,0.0,1.11,0.45,17,False
LS_20,TMEM171,TMEM171,0.0,0.0,0.0,0.0,17,False
LS_20,TMEM178A,TMEM178A,0.0,0.0,0.0,0.0,17,False
LS_20,TMEM178B,TMEM178B,0.0,0.0,0.0,0.0,17,False
LS_20,TMEM182,TMEM182,3.52,0.0,5.93,0.9,17,False
LS_20,TMEM184A,TMEM184A,0.4,0.0,0.0,0.0,17,False
LS_20,TMEM204,TMEM204,1.6,0.0,4.44,1.13,17,False
LS_20,TMEM213,TMEM213,0.0,0.0,0.0,0.0,17,False
LS_20,TMEM217,TMEM217,4.16,0.0,4.44,2.15,17,False
LS_20,TMEM231,TMEM231,2.48,0.0,5.74,0.9,17,False
LS_20,TMEM235,TMEM235,0.0,0.0,0.0,0.0,17,False
LS_20,TMEM255A,TMEM255A,0.56,0.0,0.0,0.0,17,False
LS_20,TMEM255B,TMEM255B,0.48,0.0,0.56,1.02,17,False
LS_20,TMEM37,TMEM37,0.0,0.0,0.0,0.0,17,False
LS_20,TMEM62,TMEM62,9.11,17.65,9.63,4.52,17,False
LS_20,TMEM63B,TMEM63B,1.52,0.0,0.93,1.13,17,False
LS_20,TMEM63C,TMEM63C,0.0,0.0,0.19,0.11,17,False
LS_20,TMEM67,TMEM67,4.72,0.0,8.33,0.68,17,False
LS_20,TMEM8B,TMEM8B,1.76,0.0,3.89,1.92,17,False
LS_20,TMEM95,TMEM95,0.0,0.0,0.0,0.0,17,False
LS_20,TMPRSS11B,TMPRSS11B,0.0,0.0,0.0,0.0,17,False
LS_20,TMPRSS11D,TMPRSS11D,0.0,0.0,0.0,0.0,17,False
LS_20,TMPRSS13,TMPRSS13,0.0,0.0,0.0,0.79,17,False
LS_20,TMPRSS15,TMPRSS15,0.0,0.0,0.0,0.0,17,False
LS_20,TMPRSS5,TMPRSS5,0.0,0.0,0.0,0.23,17,False
LS_20,TMPRSS6,TMPRSS6,0.0,0.0,0.0,0.0,17,False
LS_20,TNFRSF10A,TNFRSF10A,5.6,5.88,8.33,6.33,17,False
LS_20,TNFRSF10C,TNFRSF10C,1.36,0.0,3.15,0.56,17,False
LS_20,TNFRSF10D,TNFRSF10D,4.32,0.0,3.33,4.75,17,False
LS_20,TNFRSF11A,TNFRSF11A,0.32,0.0,0.37,2.71,17,False
LS_20,TNFRSF13B,TNFRSF13B,0.0,0.0,0.0,0.0,17,False
LS_20,TNFRSF17,TNFRSF17,0.0,0.0,0.19,0.11,17,False
LS_20,TNFRSF18,TNFRSF18,1.52,5.88,0.37,0.11,17,False
LS_20,TNFRSF19,TNFRSF19,0.16,0.0,0.56,0.0,17,False
LS_20,TNFRSF25,TNFRSF25,7.35,5.88,1.11,1.36,17,False
LS_20,TNFRSF4,TNFRSF4,1.2,0.0,0.56,0.23,17,False
LS_20,TNFRSF8,TNFRSF8,0.24,0.0,0.19,0.34,17,False
LS_20,TNFRSF9,TNFRSF9,0.08,0.0,0.0,0.0,17,False
LS_20,TNFSF11,TNFSF11,0.0,0.0,0.0,0.0,17,False
LS_20,TNFSF15,TNFSF15,0.0,0.0,0.37,0.56,17,False
LS_20,TNFSF18,TNFSF18,0.0,0.0,0.0,0.0,17,False
LS_20,TNFSF4,TNFSF4,3.76,5.88,10.0,0.56,17,False
LS_20,TNFSF8,TNFSF8,2.72,0.0,4.63,1.47,17,False
LS_20,TPBG,TPBG,0.64,0.0,6.48,0.68,17,False
LS_20,TPBGL,TPBGL,0.08,0.0,0.0,0.0,17,False
LS_20,TPO,TPO,0.56,0.0,0.0,0.23,17,False
LS_20,TPSG1,TPSG1,0.0,0.0,0.0,0.11,17,False
LS_20,TRABD2A,TRABD2A,0.32,0.0,0.93,0.68,17,False
LS_20,TRABD2B,TRABD2B,0.0,0.0,0.0,0.0,17,False
LS_20,TRAT1,TRAT1,3.68,0.0,0.74,0.23,17,False
LS_20,TREH,TREH,0.0,0.0,0.0,0.0,17,False
LS_20,TREM2,TREM2,2.32,0.0,0.0,6.21,17,False
LS_20,TREML2,TREML2,1.92,0.0,1.3,0.79,17,False
LS_20,TRHDE,TRHDE,0.08,0.0,0.19,0.0,17,False
LS_20,TRHR,TRHR,0.0,0.0,0.0,0.0,17,False
LS_20,TRIL,TRIL,0.0,0.0,0.0,0.0,17,False
LS_20,TRPV4,TRPV4,0.0,0.0,0.0,0.11,17,False
LS_20,TRPV5,TRPV5,0.0,0.0,0.0,0.11,17,False
LS_20,TRPV6,TRPV6,0.0,0.0,0.0,0.34,17,False
LS_20,TSHR,TSHR,0.0,0.0,0.19,0.11,17,False
LS_20,TSPAN1,TSPAN1,0.0,0.0,0.0,0.0,17,False
LS_20,TSPAN11,TSPAN11,0.0,0.0,0.0,0.0,17,False
LS_20,TSPAN15,TSPAN15,0.08,0.0,0.0,0.11,17,False
LS_20,TSPAN17,TSPAN17,5.68,0.0,8.52,3.62,17,False
LS_20,TSPAN18,TSPAN18,3.2,5.88,0.37,0.0,17,False
LS_20,TSPAN5,TSPAN5,2.16,0.0,5.74,2.15,17,False
LS_20,TSPAN6,TSPAN6,1.2,0.0,0.0,0.0,17,False
LS_20,TSPAN7,TSPAN7,9.11,5.88,4.07,2.15,17,False
LS_20,TSPAN8,TSPAN8,0.0,0.0,0.0,0.0,17,False
LS_20,TSPAN9,TSPAN9,0.32,0.0,0.0,0.0,17,False
LS_20,TTYH1,TTYH1,0.08,0.0,1.3,0.11,17,False
LS_20,TTYH2,TTYH2,2.8,0.0,2.78,4.18,17,False
LS_20,TYRO3,TYRO3,0.4,0.0,2.22,0.9,17,False
LS_20,TYRP1,TYRP1,0.0,0.0,0.0,0.0,17,False
LS_20,UGT8,UGT8,0.0,0.0,0.0,0.0,17,False
LS_20,ULBP1,ULBP1,0.0,0.0,0.0,0.0,17,False
LS_20,ULBP2,ULBP2,0.08,0.0,0.19,0.0,17,False
LS_20,ULBP3,ULBP3,0.4,0.0,0.56,0.11,17,False
LS_20,UMODL1,UMODL1,9.83,11.76,1.48,1.36,17,False
LS_20,UNC5A,UNC5A,0.0,0.0,0.0,0.0,17,False
LS_20,UNC5B,UNC5B,0.4,0.0,0.37,0.11,17,False
LS_20,UNC5C,UNC5C,0.72,0.0,0.19,0.0,17,False
LS_20,UNC93A,UNC93A,0.0,0.0,0.0,0.0,17,False
LS_20,UPK1A,UPK1A,0.0,0.0,0.0,0.0,17,False
LS_20,UPK1B,UPK1B,0.0,0.0,0.0,0.0,17,False
LS_20,UPK2,UPK2,0.0,0.0,0.0,0.0,17,False
LS_20,UPK3A,UPK3A,3.28,5.88,0.19,8.93,17,False
LS_20,UPK3B,UPK3B,0.24,0.0,0.0,0.11,17,False
LS_20,USH2A,USH2A,0.0,0.0,0.0,0.0,17,False
LS_20,UTS2R,UTS2R,0.0,0.0,0.0,0.0,17,False
LS_20,VASN,VASN,1.6,0.0,0.0,0.11,17,False
LS_20,VCAM1,VCAM1,0.0,0.0,0.0,0.0,17,False
LS_20,VIPR1,VIPR1,0.32,0.0,0.74,1.81,17,False
LS_20,VIPR2,VIPR2,0.08,0.0,0.0,0.0,17,False
LS_20,VLDLR,VLDLR,1.04,0.0,0.56,0.45,17,False
LS_20,VN1R1,VN1R1,0.96,0.0,0.37,0.11,17,False
LS_20,VNN1,VNN1,4.72,11.76,1.67,2.15,17,False
LS_20,VNN2,VNN2,0.4,0.0,1.3,1.36,17,False
LS_20,VNN3,VNN3,0.0,0.0,0.19,0.0,17,False
LS_20,VSIG1,VSIG1,0.0,0.0,0.19,0.0,17,False
LS_20,VSIG10L,VSIG10L,0.4,0.0,2.04,0.34,17,False
LS_20,VSIG2,VSIG2,0.0,0.0,0.37,0.11,17,False
LS_20,VSIG8,VSIG8,0.24,0.0,1.3,0.11,17,False
LS_20,VSTM4,VSTM4,0.24,0.0,0.37,0.23,17,False
LS_20,VSTM5,VSTM5,0.0,0.0,0.0,0.0,17,False
LS_20,XCR1,XCR1,0.0,0.0,0.0,0.0,17,False
LS_20,XKR3,XKR3,0.16,0.0,0.37,0.0,17,False
LS_20,XPNPEP2,XPNPEP2,0.32,0.0,0.37,0.23,17,False
LS_20,ZACN,ZACN,0.72,0.0,1.11,0.56,17,False
LS_20,ZAN,ZAN,1.52,0.0,2.04,0.68,17,False
LS_20,ZDHHC11,ZDHHC11,0.24,0.0,0.37,0.23,17,False
LS_20,ZDHHC11B,ZDHHC11B,0.16,0.0,0.0,0.0,17,False
LS_20,ZP1,ZP1,0.0,0.0,0.0,0.0,17,False
LS_20,ZPLD1,ZPLD1,0.0,0.0,0.0,0.0,17,False
LS_21,ABCA1,ABCA1,9.93,16.67,2.41,2.03,12,False
LS_21,ABCA12,ABCA12,0.0,0.0,0.19,0.0,12,False
LS_21,ABCA13,ABCA13,0.86,0.0,3.52,0.68,12,False
LS_21,ABCA3,ABCA3,3.0,0.0,1.11,0.56,12,False
LS_21,ABCA4,ABCA4,0.0,0.0,0.0,0.0,12,False
LS_21,ABCA5,ABCA5,3.25,0.0,5.74,0.9,12,False
LS_21,ABCA6,ABCA6,4.54,16.67,0.19,0.68,12,False
LS_21,ABCA8,ABCA8,0.0,0.0,0.0,0.0,12,False
LS_21,ABCA9,ABCA9,1.8,8.33,0.0,0.11,12,False
LS_21,ABCB11,ABCB11,0.26,0.0,0.19,0.0,12,False
LS_21,ABCB4,ABCB4,0.09,0.0,0.19,0.23,12,False
LS_21,ABCB5,ABCB5,0.0,0.0,0.0,0.0,12,False
LS_21,ABCB9,ABCB9,1.63,0.0,2.96,1.69,12,False
LS_21,ABCC10,ABCC10,8.22,8.33,4.26,2.71,12,False
LS_21,ABCC11,ABCC11,0.86,0.0,0.0,0.34,12,False
LS_21,ABCC2,ABCC2,0.77,0.0,0.19,0.23,12,False
LS_21,ABCC3,ABCC3,0.09,0.0,0.0,0.34,12,False
LS_21,ABCC5,ABCC5,10.79,8.33,7.96,4.07,12,False
LS_21,ABCC9,ABCC9,0.09,0.0,0.0,0.0,12,False
LS_21,ABCG2,ABCG2,0.26,0.0,0.56,0.11,12,False
LS_21,ABCG4,ABCG4,0.0,0.0,0.0,0.0,12,False
LS_21,ACE,ACE,1.37,0.0,1.11,0.34,12,False
LS_21,ACE2,ACE2,0.0,0.0,0.0,0.0,12,False
LS_21,ACHE,ACHE,0.0,0.0,0.37,0.0,12,False
LS_21,ACKR1,ACKR1,0.0,0.0,0.0,0.11,12,False
LS_21,ACKR2,ACKR2,0.17,0.0,0.0,0.0,12,False
LS_21,ACKR3,ACKR3,1.37,0.0,1.3,1.36,12,False
LS_21,ACKR4,ACKR4,0.43,0.0,0.0,0.11,12,False
LS_21,ACVR1,ACVR1,4.11,0.0,2.22,1.24,12,False
LS_21,ACVR1B,ACVR1B,6.34,0.0,4.44,4.97,12,False
LS_21,ACVR1C,ACVR1C,0.09,0.0,0.19,0.0,12,False
LS_21,ACVR2A,ACVR2A,0.09,0.0,1.67,0.11,12,False
LS_21,ACVR2B,ACVR2B,2.83,0.0,2.59,1.47,12,False
LS_21,ACVRL1,ACVRL1,1.11,0.0,0.19,2.49,12,False
LS_21,ADAM11,ADAM11,1.46,0.0,0.74,0.11,12,False
LS_21,ADAM12,ADAM12,0.17,0.0,0.37,0.23,12,False
LS_21,ADAM19,ADAM19,0.17,0.0,1.11,0.11,12,False
LS_21,ADAM20,ADAM20,0.26,0.0,0.0,0.0,12,False
LS_21,ADAM21,ADAM21,0.0,0.0,0.19,0.0,12,False
LS_21,ADAM22,ADAM22,1.63,0.0,8.89,0.56,12,False
LS_21,ADAM23,ADAM23,4.37,8.33,0.0,0.23,12,False
LS_21,ADAM30,ADAM30,0.0,0.0,0.0,0.0,12,False
LS_21,ADAM32,ADAM32,0.09,0.0,1.3,0.23,12,False
LS_21,ADAM33,ADAM33,0.0,0.0,0.0,0.0,12,False
LS_21,ADAM9,ADAM9,3.77,0.0,4.81,6.55,12,False
LS_21,ADCY2,ADCY2,0.94,8.33,0.0,0.0,12,False
LS_21,ADCY5,ADCY5,0.09,0.0,0.0,0.0,12,False
LS_21,ADCY6,ADCY6,5.14,0.0,1.11,1.02,12,False
LS_21,ADCY9,ADCY9,19.78,25.0,1.67,5.99,12,False
LS_21,ADORA1,ADORA1,0.09,0.0,0.0,0.0,12,False
LS_21,ADORA2A,ADORA2A,1.88,0.0,1.85,1.58,12,False
LS_21,ADORA2B,ADORA2B,4.02,0.0,2.59,2.26,12,False
LS_21,ADORA3,ADORA3,0.0,0.0,0.0,0.11,12,False
LS_21,ADRA1B,ADRA1B,0.77,0.0,0.0,0.0,12,False
LS_21,ADRA1D,ADRA1D,0.0,0.0,0.0,0.0,12,False
LS_21,ADRA2A,ADRA2A,0.34,0.0,3.7,0.0,12,False
LS_21,ADRA2B,ADRA2B,0.0,0.0,0.0,0.11,12,False
LS_21,ADRA2C,ADRA2C,0.68,0.0,0.0,0.0,12,False
LS_21,ADRB1,ADRB1,1.88,8.33,0.74,1.81,12,False
LS_21,ADRB3,ADRB3,0.0,0.0,0.0,0.0,12,False
LS_21,AGER,AGER,5.31,0.0,3.52,2.71,12,False
LS_21,AGTR1,AGTR1,0.0,0.0,0.0,0.0,12,False
LS_21,AJAP1,AJAP1,0.09,0.0,0.0,0.0,12,False
LS_21,ALK,ALK,0.0,0.0,0.0,0.0,12,False
LS_21,ALPL,ALPL,0.0,0.0,0.0,0.0,12,False
LS_21,ALPP,ALPP,0.0,0.0,0.0,0.0,12,False
LS_21,AMHR2,AMHR2,0.0,0.0,0.37,0.0,12,False
LS_21,AMIGO1,AMIGO1,0.94,0.0,0.37,0.34,12,False
LS_21,AMIGO2,AMIGO2,1.2,0.0,0.37,0.79,12,False
LS_21,AMIGO3,AMIGO3,0.0,0.0,0.0,0.11,12,False
LS_21,AMN,AMN,11.47,50.0,4.63,3.73,12,False
LS_21,ANKH,ANKH,3.0,0.0,9.26,4.29,12,False
LS_21,ANO1,ANO1,0.0,0.0,0.0,0.0,12,False
LS_21,ANO2,ANO2,0.0,0.0,0.0,0.0,12,False
LS_21,ANO5,ANO5,0.26,0.0,1.3,0.23,12,False
LS_21,ANO7,ANO7,0.6,0.0,0.56,1.02,12,False
LS_21,ANO9,ANO9,0.17,0.0,1.85,0.11,12,False
LS_21,ANTXR1,ANTXR1,0.0,0.0,0.37,0.0,12,False
LS_21,ANTXRL,ANTXRL,0.0,0.0,0.0,0.0,12,False
LS_21,AOC3,AOC3,0.0,0.0,0.0,0.11,12,False
LS_21,APCDD1,APCDD1,0.6,0.0,0.19,0.34,12,False
LS_21,APLNR,APLNR,0.0,0.0,0.0,0.0,12,False
LS_21,APLP1,APLP1,0.26,0.0,0.0,0.0,12,False
LS_21,AQP1,AQP1,0.43,0.0,0.0,0.23,12,False
LS_21,AQP10,AQP10,0.09,0.0,0.19,0.0,12,False
LS_21,AQP5,AQP5,0.0,0.0,0.0,0.0,12,False
LS_21,AQP8,AQP8,0.0,0.0,0.0,0.0,12,False
LS_21,AQP9,AQP9,0.09,0.0,0.0,0.11,12,False
LS_21,ART3,ART3,0.0,0.0,0.0,0.11,12,False
LS_21,ART4,ART4,0.0,0.0,0.0,0.0,12,False
LS_21,ASGR2,ASGR2,10.87,8.33,0.37,4.52,12,False
LS_21,ASIC1,ASIC1,0.51,0.0,0.19,0.23,12,False
LS_21,ASIC4,ASIC4,0.0,0.0,0.0,0.0,12,False
LS_21,ASTN1,ASTN1,0.09,0.0,0.0,0.0,12,False
LS_21,ASTN2,ASTN2,0.26,0.0,0.19,0.0,12,False
LS_21,ATG9A,ATG9A,11.04,16.67,9.07,4.63,12,False
LS_21,ATP1A2,ATP1A2,0.09,0.0,0.0,0.11,12,False
LS_21,ATP1A3,ATP1A3,1.28,0.0,3.89,0.68,12,False
LS_21,ATP1A4,ATP1A4,0.0,0.0,0.0,0.0,12,False
LS_21,ATP1B2,ATP1B2,0.0,0.0,0.74,0.0,12,False
LS_21,ATP1B4,ATP1B4,0.09,0.0,0.0,0.0,12,False
LS_21,ATP2B2,ATP2B2,0.34,0.0,0.0,0.0,12,False
LS_21,ATP2B3,ATP2B3,0.09,0.0,0.0,0.34,12,False
LS_21,ATP4B,ATP4B,0.0,0.0,0.0,0.0,12,False
LS_21,ATRNL1,ATRNL1,0.0,0.0,0.0,0.0,12,False
LS_21,AVPR1A,AVPR1A,0.34,0.0,0.19,0.0,12,False
LS_21,AVPR1B,AVPR1B,0.0,0.0,1.3,0.0,12,False
LS_21,AVPR2,AVPR2,0.17,0.0,0.0,0.0,12,False
LS_21,AXL,AXL,2.14,0.0,0.0,0.68,12,False
LS_21,BACE2,BACE2,0.77,0.0,4.26,0.45,12,False
LS_21,BAMBI,BAMBI,2.23,0.0,1.3,0.79,12,False
LS_21,BCAM,BCAM,2.14,0.0,4.81,0.68,12,False
LS_21,BCAN,BCAN,0.0,0.0,0.0,0.0,12,False
LS_21,BEST2,BEST2,0.0,0.0,0.0,0.0,12,False
LS_21,BEST4,BEST4,0.68,0.0,0.74,0.0,12,False
LS_21,BMPR1A,BMPR1A,2.48,0.0,0.19,0.34,12,False
LS_21,BOC,BOC,0.09,0.0,0.0,0.0,12,False
LS_21,BTC,BTC,0.0,0.0,0.56,0.0,12,False
LS_21,BTLA,BTLA,1.28,0.0,0.0,0.56,12,False
LS_21,BTN1A1,BTN1A1,0.0,0.0,0.0,0.0,12,False
LS_21,BTN2A2,BTN2A2,6.93,8.33,6.3,5.65,12,False
LS_21,BTN3A1,BTN3A1,8.56,16.67,7.78,3.84,12,False
LS_21,BTN3A3,BTN3A3,6.34,16.67,7.22,2.26,12,False
LS_21,BTNL3,BTNL3,0.0,0.0,0.0,0.0,12,False
LS_21,BTNL9,BTNL9,0.0,0.0,0.0,0.0,12,False
LS_21,BVES,BVES,1.2,8.33,0.0,0.0,12,False
LS_21,C11orf24,C11orf24,12.93,16.67,7.78,8.14,12,False
LS_21,C14orf132,C14orf132,0.77,8.33,0.19,0.0,12,False
LS_21,C19orf18,C19orf18,0.26,0.0,0.0,0.0,12,False
LS_21,C1orf159,C1orf159,6.16,0.0,5.74,5.31,12,False
LS_21,C3AR1,C3AR1,8.13,8.33,0.0,0.56,12,False
LS_21,C5AR1,C5AR1,0.94,0.0,0.74,2.37,12,False
LS_21,C5AR2,C5AR2,0.51,0.0,0.19,0.45,12,False
LS_21,CA12,CA12,0.0,0.0,0.0,0.0,12,False
LS_21,CA14,CA14,0.09,0.0,0.0,0.0,12,False
LS_21,CA4,CA4,0.0,0.0,0.0,0.0,12,False
LS_21,CACHD1,CACHD1,0.77,0.0,2.96,0.34,12,False
LS_21,CACNA1C,CACNA1C,1.97,0.0,1.48,0.34,12,False
LS_21,CACNA1G,CACNA1G,0.0,0.0,0.37,0.11,12,False
LS_21,CACNA1I,CACNA1I,0.0,0.0,0.0,0.0,12,False
LS_21,CACNG4,CACNG4,0.0,0.0,0.0,0.0,12,False
LS_21,CACNG6,CACNG6,0.0,0.0,0.0,0.0,12,False
LS_21,CACNG7,CACNG7,0.09,0.0,0.0,0.0,12,False
LS_21,CACNG8,CACNG8,0.09,0.0,0.0,0.0,12,False
LS_21,CADM1,CADM1,8.56,16.67,0.19,0.56,12,False
LS_21,CADM2,CADM2,0.0,0.0,0.37,0.0,12,False
LS_21,CADM3,CADM3,0.0,0.0,0.0,0.0,12,False
LS_21,CADM4,CADM4,0.17,0.0,0.0,0.11,12,False
LS_21,CALCRL,CALCRL,2.91,16.67,8.33,0.9,12,False
LS_21,CALY,CALY,0.0,0.0,0.0,0.0,12,False
LS_21,CASR,CASR,0.0,0.0,0.0,0.0,12,False
LS_21,CATSPERD,CATSPERD,0.0,0.0,0.0,0.11,12,False
LS_21,CATSPERG,CATSPERG,2.65,0.0,1.85,0.79,12,False
LS_21,CCKBR,CCKBR,0.0,0.0,0.19,0.0,12,False
LS_21,CCR1,CCR1,8.39,8.33,0.37,3.5,12,False
LS_21,CCR10,CCR10,1.63,0.0,0.19,0.45,12,False
LS_21,CCR2,CCR2,5.91,0.0,0.37,7.23,12,False
LS_21,CCR3,CCR3,0.26,0.0,0.0,0.0,12,False
LS_21,CCR4,CCR4,0.09,0.0,0.0,0.0,12,False
LS_21,CCR5,CCR5,1.97,0.0,0.0,0.68,12,False
LS_21,CCR6,CCR6,2.91,0.0,0.19,0.11,12,False
LS_21,CCR7,CCR7,0.86,0.0,1.11,0.34,12,False
LS_21,CCR8,CCR8,0.0,0.0,0.0,0.0,12,False
LS_21,CCR9,CCR9,0.09,0.0,0.19,0.0,12,False
LS_21,CCRL2,CCRL2,2.23,0.0,2.04,1.13,12,False
LS_21,CD101,CD101,1.37,0.0,0.19,1.13,12,False
LS_21,CD160,CD160,0.09,0.0,0.19,0.23,12,False
LS_21,CD163,CD163,8.82,8.33,0.0,3.5,12,False
LS_21,CD163L1,CD163L1,2.05,0.0,0.0,0.34,12,False
LS_21,CD164L2,CD164L2,0.0,0.0,0.0,0.0,12,False
LS_21,CD177,CD177,0.0,0.0,0.0,0.0,12,False
LS_21,CD19,CD19,1.97,0.0,1.48,1.81,12,False
LS_21,CD1A,CD1A,0.68,0.0,0.0,0.23,12,False
LS_21,CD1B,CD1B,0.09,0.0,0.0,0.68,12,False
LS_21,CD1C,CD1C,0.34,0.0,0.19,1.58,12,False
LS_21,CD1E,CD1E,0.34,0.0,0.0,1.13,12,False
LS_21,CD2,CD2,0.77,0.0,0.19,1.02,12,False
LS_21,CD200R1,CD200R1,0.26,0.0,0.19,0.34,12,False
LS_21,CD200R1L,CD200R1L,0.0,0.0,0.0,0.0,12,False
LS_21,CD22,CD22,0.26,0.0,3.33,0.34,12,False
LS_21,CD226,CD226,0.34,0.0,0.19,0.0,12,False
LS_21,CD24,CD24,0.34,0.0,1.67,0.79,12,False
LS_21,CD248,CD248,0.34,0.0,0.74,0.23,12,False
LS_21,CD27,CD27,0.09,0.0,0.37,0.45,12,False
LS_21,CD274,CD274,0.26,0.0,0.37,0.0,12,False
LS_21,CD276,CD276,6.08,0.0,0.0,0.68,12,False
LS_21,CD28,CD28,0.0,0.0,0.37,0.0,12,False
LS_21,CD300E,CD300E,5.57,8.33,0.0,1.47,12,False
LS_21,CD300LD,CD300LD,0.0,0.0,0.0,0.0,12,False
LS_21,CD300LG,CD300LG,0.0,0.0,0.0,0.0,12,False
LS_21,CD40,CD40,3.25,8.33,4.26,0.79,12,False
LS_21,CD40LG,CD40LG,0.09,0.0,0.56,0.11,12,False
LS_21,CD5,CD5,0.17,0.0,0.74,0.23,12,False
LS_21,CD6,CD6,0.51,0.0,0.37,0.23,12,False
LS_21,CD7,CD7,8.3,25.0,9.07,3.05,12,False
LS_21,CD70,CD70,14.21,25.0,0.0,0.9,12,True
LS_21,CD79A,CD79A,4.37,16.67,7.59,0.9,12,False
LS_21,CD80,CD80,0.09,0.0,0.0,0.0,12,False
LS_21,CD8A,CD8A,0.17,0.0,0.0,0.0,12,False
LS_21,CD8B,CD8B,0.34,0.0,0.19,0.45,12,False
LS_21,CD9,CD9,33.65,83.33,7.59,6.78,12,False
LS_21,CD96,CD96,15.58,58.33,2.41,3.28,12,True
LS_21,CDH1,CDH1,0.0,0.0,0.19,0.11,12,False
LS_21,CDH10,CDH10,0.0,0.0,0.0,0.0,12,False
LS_21,CDH11,CDH11,0.0,0.0,0.0,0.0,12,False
LS_21,CDH12,CDH12,0.0,0.0,0.0,0.0,12,False
LS_21,CDH13,CDH13,0.6,0.0,0.0,0.0,12,False
LS_21,CDH15,CDH15,0.17,0.0,0.0,0.0,12,False
LS_21,CDH18,CDH18,0.0,0.0,0.0,0.0,12,False
LS_21,CDH2,CDH2,0.86,0.0,5.19,0.34,12,False
LS_21,CDH20,CDH20,0.09,0.0,0.19,0.0,12,False
LS_21,CDH22,CDH22,0.17,0.0,0.0,0.11,12,False
LS_21,CDH23,CDH23,3.68,0.0,0.93,1.81,12,False
LS_21,CDH24,CDH24,1.63,0.0,1.3,0.79,12,False
LS_21,CDH26,CDH26,1.71,0.0,8.15,1.92,12,False
LS_21,CDH3,CDH3,0.0,0.0,0.0,0.11,12,False
LS_21,CDH4,CDH4,0.77,0.0,1.85,0.34,12,False
LS_21,CDH5,CDH5,0.0,0.0,0.0,0.11,12,False
LS_21,CDH6,CDH6,0.0,0.0,0.0,0.0,12,False
LS_21,CDH7,CDH7,0.0,0.0,5.37,0.11,12,False
LS_21,CDH8,CDH8,0.0,0.0,0.0,0.0,12,False
LS_21,CDH9,CDH9,0.09,0.0,2.22,0.0,12,False
LS_21,CDHR1,CDHR1,0.09,0.0,0.0,0.0,12,False
LS_21,CDHR2,CDHR2,0.34,0.0,0.0,0.0,12,False
LS_21,CDHR3,CDHR3,0.09,0.0,0.0,0.23,12,False
LS_21,CDHR4,CDHR4,0.09,0.0,0.0,0.0,12,False
LS_21,CDHR5,CDHR5,0.0,0.0,0.0,0.11,12,False
LS_21,CDON,CDON,0.0,0.0,0.0,0.0,12,False
LS_21,CEACAM1,CEACAM1,0.34,0.0,1.3,0.0,12,False
LS_21,CEACAM19,CEACAM19,0.17,0.0,0.74,0.68,12,False
LS_21,CEACAM21,CEACAM21,4.71,16.67,8.15,1.92,12,False
LS_21,CEACAM3,CEACAM3,0.0,0.0,0.0,0.0,12,False
LS_21,CEACAM6,CEACAM6,0.6,0.0,0.0,0.56,12,False
LS_21,CEACAM8,CEACAM8,0.0,0.0,0.0,0.34,12,False
LS_21,CELSR1,CELSR1,1.97,0.0,0.19,0.34,12,False
LS_21,CELSR2,CELSR2,1.03,0.0,0.37,0.34,12,False
LS_21,CELSR3,CELSR3,3.51,0.0,0.93,0.79,12,False
LS_21,CHL1,CHL1,0.0,0.0,0.19,0.0,12,False
LS_21,CHODL,CHODL,0.26,0.0,0.0,0.0,12,False
LS_21,CHRM4,CHRM4,0.26,0.0,0.0,0.0,12,False
LS_21,CHRM5,CHRM5,0.68,0.0,0.19,0.0,12,False
LS_21,CHRNA1,CHRNA1,0.0,0.0,0.0,0.0,12,False
LS_21,CHRNA10,CHRNA10,0.94,0.0,0.56,0.9,12,False
LS_21,CHRNA2,CHRNA2,0.09,0.0,0.0,0.0,12,False
LS_21,CHRNA3,CHRNA3,0.0,0.0,0.0,0.0,12,False
LS_21,CHRNA5,CHRNA5,0.09,0.0,3.52,0.68,12,False
LS_21,CHRNA6,CHRNA6,0.17,0.0,0.0,0.23,12,False
LS_21,CHRNA7,CHRNA7,1.37,0.0,0.74,0.79,12,False
LS_21,CHRNA9,CHRNA9,0.0,0.0,0.19,0.0,12,False
LS_21,CHRNB2,CHRNB2,0.0,0.0,0.0,0.0,12,False
LS_21,CHRNB4,CHRNB4,0.0,0.0,0.0,0.0,12,False
LS_21,CHRND,CHRND,0.0,0.0,0.0,0.0,12,False
LS_21,CHRNE,CHRNE,2.83,0.0,0.74,0.68,12,False
LS_21,CHRNG,CHRNG,0.0,0.0,0.19,0.0,12,False
LS_21,CLCNKB,CLCNKB,0.0,0.0,0.19,0.0,12,False
LS_21,CLDN1,CLDN1,0.0,0.0,0.0,0.0,12,False
LS_21,CLDN11,CLDN11,0.0,0.0,0.0,0.0,12,False
LS_21,CLDN12,CLDN12,1.88,0.0,1.48,0.56,12,False
LS_21,CLDN16,CLDN16,0.0,0.0,0.0,0.0,12,False
LS_21,CLDN19,CLDN19,0.86,0.0,0.0,0.34,12,False
LS_21,CLDN20,CLDN20,0.09,0.0,0.0,0.0,12,False
LS_21,CLDN22,CLDN22,0.0,0.0,0.0,0.0,12,False
LS_21,CLDN24,CLDN24,0.0,0.0,0.0,0.0,12,False
LS_21,CLDN3,CLDN3,0.0,0.0,0.0,0.0,12,False
LS_21,CLDN4,CLDN4,0.0,0.0,0.0,0.0,12,False
LS_21,CLDN6,CLDN6,0.0,0.0,0.0,0.0,12,False
LS_21,CLDN7,CLDN7,2.65,0.0,1.85,0.56,12,False
LS_21,CLDN9,CLDN9,1.11,0.0,0.0,0.0,12,False
LS_21,CLEC12B,CLEC12B,2.91,0.0,0.0,1.24,12,False
LS_21,CLEC14A,CLEC14A,1.28,0.0,1.3,0.45,12,False
LS_21,CLEC17A,CLEC17A,0.17,0.0,0.19,0.23,12,False
LS_21,CLEC1A,CLEC1A,0.34,0.0,0.0,0.0,12,False
LS_21,CLEC1B,CLEC1B,1.88,0.0,0.19,0.34,12,False
LS_21,CLEC2D,CLEC2D,13.53,41.67,6.3,5.54,12,False
LS_21,CLEC4G,CLEC4G,4.37,8.33,0.93,3.73,12,False
LS_21,CLEC4M,CLEC4M,0.0,0.0,0.0,0.0,12,False
LS_21,CLEC7A,CLEC7A,2.74,0.0,0.56,5.08,12,False
LS_21,CLEC9A,CLEC9A,1.97,0.0,6.67,0.23,12,False
LS_21,CLMP,CLMP,0.0,0.0,0.0,0.0,12,False
LS_21,CLSTN2,CLSTN2,1.2,0.0,0.19,0.45,12,False
LS_21,CLSTN3,CLSTN3,8.3,8.33,7.04,3.28,12,False
LS_21,CMKLR1,CMKLR1,0.43,0.0,0.0,0.11,12,False
LS_21,CNNM4,CNNM4,5.31,8.33,6.85,2.71,12,False
LS_21,CNR1,CNR1,0.0,0.0,0.19,0.0,12,False
LS_21,CNR2,CNR2,0.34,0.0,0.37,0.11,12,False
LS_21,CNTN1,CNTN1,0.17,0.0,0.37,0.0,12,False
LS_21,CNTN2,CNTN2,0.0,0.0,0.19,0.0,12,False
LS_21,CNTN4,CNTN4,10.19,8.33,0.19,0.0,12,False
LS_21,CNTN5,CNTN5,0.0,0.0,0.19,0.0,12,False
LS_21,CNTNAP1,CNTNAP1,1.28,0.0,0.0,0.0,12,False
LS_21,CNTNAP2,CNTNAP2,0.09,0.0,0.0,0.0,12,False
LS_21,CNTNAP3,CNTNAP3,0.0,0.0,0.0,0.0,12,False
LS_21,CNTNAP3B,CNTNAP3B,0.09,0.0,0.0,0.0,12,False
LS_21,CNTNAP5,CNTNAP5,0.0,0.0,0.0,0.0,12,False
LS_21,CORIN,CORIN,0.0,0.0,0.0,0.0,12,False
LS_21,CPM,CPM,12.93,8.33,0.19,9.83,12,False
LS_21,CR1,CR1,1.28,0.0,1.67,5.31,12,False
LS_21,CR2,CR2,0.09,0.0,0.0,0.0,12,False
LS_21,CRB1,CRB1,0.09,0.0,0.0,0.0,12,False
LS_21,CRB2,CRB2,0.09,0.0,0.0,0.23,12,False
LS_21,CRB3,CRB3,0.0,0.0,0.0,0.0,12,False
LS_21,CRHR1,CRHR1,0.0,0.0,0.0,0.0,12,False
LS_21,CRHR2,CRHR2,0.0,0.0,0.0,0.0,12,False
LS_21,CRIM1,CRIM1,3.77,25.0,8.89,1.13,12,False
LS_21,CRLF2,CRLF2,4.88,8.33,0.37,0.11,12,False
LS_21,CRTAM,CRTAM,1.28,0.0,0.56,1.13,12,False
LS_21,CSF1,CSF1,0.94,0.0,1.11,0.34,12,False
LS_21,CSF2RB,CSF2RB,6.68,16.67,9.44,2.49,12,False
LS_21,CSMD1,CSMD1,0.0,0.0,0.0,0.23,12,False
LS_21,CSMD2,CSMD2,0.0,0.0,0.0,0.0,12,False
LS_21,CSPG4,CSPG4,3.0,8.33,0.0,0.23,12,False
LS_21,CSPG5,CSPG5,0.26,0.0,0.0,0.11,12,False
LS_21,CTLA4,CTLA4,0.09,0.0,0.19,0.0,12,False
LS_21,CTNS,CTNS,5.91,8.33,5.37,3.5,12,False
LS_21,CUZD1,CUZD1,0.34,0.0,0.0,0.0,12,False
LS_21,CX3CR1,CX3CR1,15.75,33.33,0.19,1.92,12,False
LS_21,CXADR,CXADR,0.0,0.0,0.37,0.0,12,False
LS_21,CXCL16,CXCL16,1.8,0.0,0.74,1.47,12,False
LS_21,CXCR1,CXCR1,0.34,0.0,0.0,0.11,12,False
LS_21,CXCR2,CXCR2,1.88,0.0,0.19,2.26,12,False
LS_21,CXCR3,CXCR3,0.43,0.0,0.37,0.23,12,False
LS_21,CXCR5,CXCR5,0.09,0.0,0.0,0.34,12,False
LS_21,CXCR6,CXCR6,0.34,0.0,0.0,0.34,12,False
LS_21,CYSLTR2,CYSLTR2,3.51,16.67,0.56,0.56,12,False
LS_21,DAG1,DAG1,3.34,0.0,6.48,2.6,12,False
LS_21,DAGLA,DAGLA,0.77,0.0,0.19,1.13,12,False
LS_21,DCBLD1,DCBLD1,2.65,0.0,0.93,0.68,12,False
LS_21,DCBLD2,DCBLD2,1.37,0.0,8.33,1.69,12,False
LS_21,DCC,DCC,0.0,0.0,0.0,0.0,12,False
LS_21,DCHS1,DCHS1,1.54,0.0,2.78,0.11,12,False
LS_21,DCHS2,DCHS2,0.0,0.0,0.0,0.0,12,False
LS_21,DCSTAMP,DCSTAMP,0.09,0.0,0.37,0.0,12,False
LS_21,DCT,DCT,0.09,0.0,0.0,0.0,12,False
LS_21,DDR1,DDR1,0.0,0.0,0.37,0.9,12,False
LS_21,DDR2,DDR2,0.0,0.0,0.56,0.11,12,False
LS_21,DISP1,DISP1,1.03,0.0,1.67,0.56,12,False
LS_21,DISP2,DISP2,0.94,0.0,0.37,0.23,12,False
LS_21,DLK1,DLK1,1.46,8.33,4.81,0.0,12,False
LS_21,DLK2,DLK2,0.51,0.0,0.19,0.0,12,False
LS_21,DLL1,DLL1,0.68,0.0,0.56,0.11,12,False
LS_21,DLL3,DLL3,1.46,0.0,0.56,0.45,12,False
LS_21,DLL4,DLL4,0.0,0.0,0.19,0.11,12,False
LS_21,DNER,DNER,0.0,0.0,0.0,0.0,12,False
LS_21,DPEP1,DPEP1,0.09,0.0,0.0,0.0,12,False
LS_21,DPEP3,DPEP3,1.88,8.33,3.52,1.36,12,False
LS_21,DPP10,DPP10,0.68,0.0,2.41,0.34,12,False
LS_21,DPP4,DPP4,0.17,0.0,0.19,0.23,12,False
LS_21,DPP6,DPP6,0.0,0.0,0.0,0.0,12,False
LS_21,DRD2,DRD2,0.0,0.0,0.0,0.0,12,False
LS_21,DRD4,DRD4,0.34,0.0,0.19,0.34,12,False
LS_21,DSC1,DSC1,0.0,0.0,0.0,0.0,12,False
LS_21,DSC2,DSC2,16.01,25.0,0.56,0.56,12,False
LS_21,DSC3,DSC3,0.17,0.0,0.0,0.0,12,False
LS_21,DSCAML1,DSCAML1,0.09,0.0,0.0,0.0,12,False
LS_21,DSG3,DSG3,0.0,0.0,0.0,0.0,12,False
LS_21,DUOX1,DUOX1,0.09,0.0,0.19,0.11,12,False
LS_21,DUOX2,DUOX2,0.0,0.0,0.0,0.0,12,False
LS_21,DUOXA1,DUOXA1,0.0,0.0,0.0,0.11,12,False
LS_21,DYNAP,DYNAP,0.0,0.0,0.0,0.0,12,False
LS_21,ECE1,ECE1,2.91,0.0,2.41,1.02,12,False
LS_21,ECSCR,ECSCR,0.17,0.0,0.0,0.11,12,False
LS_21,EDA,EDA,0.17,0.0,0.74,0.11,12,False
LS_21,EDA2R,EDA2R,1.03,0.0,1.48,0.23,12,False
LS_21,EDAR,EDAR,0.09,0.0,0.0,0.0,12,False
LS_21,EDNRB,EDNRB,0.17,0.0,0.19,0.11,12,False
LS_21,EFNA1,EFNA1,1.46,0.0,6.85,0.23,12,False
LS_21,EFNA2,EFNA2,0.0,0.0,0.0,0.0,12,False
LS_21,EFNA3,EFNA3,2.48,0.0,2.59,1.02,12,False
LS_21,EFNA4,EFNA4,2.74,8.33,5.19,1.92,12,False
LS_21,EFNA5,EFNA5,4.37,0.0,0.0,0.11,12,False
LS_21,EFNB1,EFNB1,3.25,0.0,6.11,1.92,12,False
LS_21,EFNB2,EFNB2,0.43,0.0,1.3,0.23,12,False
LS_21,EFNB3,EFNB3,0.26,0.0,0.0,0.0,12,False
LS_21,EGF,EGF,0.17,0.0,0.37,0.0,12,False
LS_21,ELFN1,ELFN1,0.0,0.0,0.19,0.0,12,False
LS_21,ELFN2,ELFN2,0.0,0.0,0.0,0.11,12,False
LS_21,EMCN,EMCN,0.0,0.0,4.07,0.0,12,False
LS_21,EMP1,EMP1,10.96,33.33,9.26,5.65,12,False
LS_21,EMP2,EMP2,0.0,0.0,1.48,0.23,12,False
LS_21,ENPEP,ENPEP,0.09,0.0,0.19,0.0,12,False
LS_21,ENPP1,ENPP1,0.0,0.0,0.0,0.0,12,False
LS_21,ENPP4,ENPP4,2.31,0.0,5.74,1.47,12,False
LS_21,ENPP5,ENPP5,0.0,0.0,1.67,0.0,12,False
LS_21,ENPP6,ENPP6,0.0,0.0,0.19,0.11,12,False
LS_21,ENTPD1,ENTPD1,15.58,16.67,2.78,9.6,12,False
LS_21,ENTPD3,ENTPD3,0.0,0.0,0.0,0.0,12,False
LS_21,EPCAM,EPCAM,1.2,0.0,4.26,1.69,12,False
LS_21,EPGN,EPGN,0.09,0.0,0.56,0.0,12,False
LS_21,EPHA1,EPHA1,1.71,0.0,2.41,1.92,12,False
LS_21,EPHA10,EPHA10,0.0,0.0,0.0,0.11,12,False
LS_21,EPHA2,EPHA2,0.09,0.0,0.0,0.0,12,False
LS_21,EPHA3,EPHA3,0.0,0.0,0.0,0.0,12,False
LS_21,EPHA4,EPHA4,0.17,0.0,0.19,0.0,12,False
LS_21,EPHA5,EPHA5,0.0,0.0,0.0,0.0,12,False
LS_21,EPHA7,EPHA7,0.0,0.0,0.0,0.0,12,False
LS_21,EPHA8,EPHA8,0.0,0.0,0.0,0.0,12,False
LS_21,EPHB1,EPHB1,0.17,0.0,0.0,0.11,12,False
LS_21,EPHB2,EPHB2,0.51,0.0,0.19,1.47,12,False
LS_21,EPHB3,EPHB3,4.62,0.0,0.0,1.92,12,False
LS_21,EPHB4,EPHB4,4.79,8.33,6.11,3.84,12,False
LS_21,EPOR,EPOR,2.74,0.0,3.89,3.05,12,False
LS_21,EQTN,EQTN,0.0,0.0,0.0,0.0,12,False
LS_21,ERBB2,ERBB2,0.51,0.0,1.48,0.56,12,False
LS_21,ERBB3,ERBB3,0.17,0.0,0.0,0.0,12,False
LS_21,ERBB4,ERBB4,0.17,0.0,0.0,0.0,12,False
LS_21,ERMAP,ERMAP,8.05,0.0,4.63,4.41,12,False
LS_21,ERVFRD-1,ERVFRD-1,0.34,0.0,0.0,0.11,12,False
LS_21,ERVK13-1,ERVK13-1,7.79,0.0,6.67,1.92,12,False
LS_21,ERVMER34-1,ERVMER34-1,0.0,0.0,0.0,0.0,12,False
LS_21,ERVW-1,ERVW-1,0.09,0.0,0.19,0.11,12,False
LS_21,ESAM,ESAM,1.88,0.0,8.89,0.79,12,False
LS_21,ESYT3,ESYT3,0.09,0.0,0.37,0.0,12,False
LS_21,EVA1C,EVA1C,2.31,0.0,5.93,1.02,12,False
LS_21,EVC2,EVC2,0.17,0.0,3.15,1.02,12,False
LS_21,F2RL2,F2RL2,0.86,0.0,3.33,0.56,12,False
LS_21,F2RL3,F2RL3,0.09,0.0,0.0,0.0,12,False
LS_21,F3,F3,2.05,0.0,0.19,0.68,12,False
LS_21,FAIM2,FAIM2,0.0,0.0,0.0,0.0,12,False
LS_21,FAM171A1,FAM171A1,2.4,8.33,0.56,0.23,12,False
LS_21,FAM171A2,FAM171A2,0.43,0.0,7.41,0.56,12,False
LS_21,FAM171B,FAM171B,0.77,0.0,9.63,0.68,12,False
LS_21,FAM174B,FAM174B,2.74,8.33,6.11,1.13,12,False
LS_21,FAM187B,FAM187B,0.09,0.0,0.0,0.0,12,False
LS_21,FAP,FAP,0.0,0.0,0.0,0.0,12,False
LS_21,FAS,FAS,6.93,25.0,4.07,7.23,12,False
LS_21,FASLG,FASLG,0.0,0.0,0.0,0.0,12,False
LS_21,FAT1,FAT1,0.09,0.0,0.0,0.0,12,False
LS_21,FAT2,FAT2,0.26,0.0,0.0,0.0,12,False
LS_21,FAT3,FAT3,0.0,0.0,0.19,0.0,12,False
LS_21,FAT4,FAT4,0.0,0.0,2.41,0.0,12,False
LS_21,FCAMR,FCAMR,0.09,0.0,0.0,0.0,12,False
LS_21,FCAR,FCAR,0.51,0.0,0.19,4.41,12,False
LS_21,FCGR1B,FCGR1B,7.71,16.67,0.19,5.42,12,False
LS_21,FCGR2A,FCGR2A,30.91,66.67,0.74,8.25,12,False
LS_21,FCGR2B,FCGR2B,12.07,16.67,0.19,3.16,12,False
LS_21,FCGR3A,FCGR3A,0.34,0.0,0.0,0.34,12,False
LS_21,FCGR3B,FCGR3B,0.0,0.0,0.0,0.0,12,False
LS_21,FCRL1,FCRL1,0.34,0.0,0.19,0.23,12,False
LS_21,FCRL2,FCRL2,0.0,0.0,0.37,0.0,12,False
LS_21,FCRL3,FCRL3,0.0,0.0,0.19,0.0,12,False
LS_21,FCRL4,FCRL4,0.0,0.0,0.0,0.0,12,False
LS_21,FCRL5,FCRL5,0.0,0.0,0.37,0.0,12,False
LS_21,FCRL6,FCRL6,0.0,0.0,0.0,0.0,12,False
LS_21,FFAR1,FFAR1,0.0,0.0,0.0,0.0,12,False
LS_21,FFAR2,FFAR2,0.34,0.0,0.0,0.56,12,False
LS_21,FFAR3,FFAR3,0.09,0.0,0.0,0.0,12,False
LS_21,FFAR4,FFAR4,0.09,0.0,0.0,0.23,12,False
LS_21,FGFR1,FGFR1,9.85,25.0,5.56,6.21,12,False
LS_21,FGFR2,FGFR2,0.0,0.0,0.0,0.0,12,False
LS_21,FGFR3,FGFR3,0.94,0.0,0.19,0.11,12,False
LS_21,FGFR4,FGFR4,0.34,0.0,0.19,0.0,12,False
LS_21,FGFRL1,FGFRL1,9.5,33.33,5.93,2.26,12,False
LS_21,FKRP,FKRP,2.74,0.0,3.7,1.92,12,False
LS_21,FLRT1,FLRT1,0.0,0.0,0.0,0.0,12,False
LS_21,FLRT2,FLRT2,0.0,0.0,0.0,0.0,12,False
LS_21,FLRT3,FLRT3,0.0,0.0,0.0,0.0,12,False
LS_21,FLT1,FLT1,0.09,0.0,0.37,0.34,12,False
LS_21,FLT3LG,FLT3LG,7.11,8.33,6.67,3.95,12,False
LS_21,FLT4,FLT4,1.28,0.0,0.19,0.23,12,False
LS_21,FLVCR1,FLVCR1,7.02,0.0,9.44,5.54,12,False
LS_21,FLVCR2,FLVCR2,1.71,0.0,0.74,0.9,12,False
LS_21,FNDC4,FNDC4,0.09,0.0,0.0,0.0,12,False
LS_21,FNDC5,FNDC5,0.0,0.0,0.0,0.0,12,False
LS_21,FNDC9,FNDC9,0.09,0.0,0.19,0.0,12,False
LS_21,FOLH1,FOLH1,0.17,0.0,0.74,0.11,12,False
LS_21,FOLR1,FOLR1,0.17,0.0,0.0,0.0,12,False
LS_21,FOLR2,FOLR2,1.37,0.0,0.19,0.79,12,False
LS_21,FPR1,FPR1,0.6,0.0,0.56,7.34,12,False
LS_21,FPR2,FPR2,0.09,0.0,0.0,2.15,12,False
LS_21,FPR3,FPR3,0.09,0.0,0.0,0.0,12,False
LS_21,FRAS1,FRAS1,0.0,0.0,0.0,0.0,12,False
LS_21,FREM2,FREM2,0.0,0.0,0.0,0.0,12,False
LS_21,FRRS1,FRRS1,3.17,0.0,1.11,0.9,12,False
LS_21,FURIN,FURIN,22.0,58.33,10.0,8.36,12,False
LS_21,FZD1,FZD1,2.65,0.0,3.89,1.36,12,False
LS_21,FZD2,FZD2,8.13,8.33,0.56,9.94,12,False
LS_21,FZD3,FZD3,3.68,8.33,4.44,0.68,12,False
LS_21,FZD4,FZD4,0.17,0.0,0.19,0.0,12,False
LS_21,FZD5,FZD5,0.94,0.0,2.41,1.13,12,False
LS_21,FZD6,FZD6,1.71,0.0,7.59,0.79,12,False
LS_21,FZD7,FZD7,0.77,0.0,0.74,0.11,12,False
LS_21,FZD8,FZD8,0.94,0.0,0.0,0.0,12,False
LS_21,FZD9,FZD9,0.0,0.0,0.19,0.11,12,False
LS_21,GABBR1,GABBR1,19.26,33.33,4.81,1.81,12,False
LS_21,GABRA1,GABRA1,0.0,0.0,0.0,0.0,12,False
LS_21,GABRA4,GABRA4,1.37,0.0,0.0,0.11,12,False
LS_21,GABRB1,GABRB1,0.0,0.0,0.0,0.0,12,False
LS_21,GABRB2,GABRB2,0.09,0.0,0.0,0.0,12,False
LS_21,GABRB3,GABRB3,0.0,0.0,0.37,0.0,12,False
LS_21,GABRD,GABRD,0.68,0.0,0.93,0.34,12,False
LS_21,GABRE,GABRE,3.25,8.33,0.0,0.0,12,False
LS_21,GABRG1,GABRG1,0.0,0.0,0.0,0.0,12,False
LS_21,GABRG2,GABRG2,0.0,0.0,0.0,0.0,12,False
LS_21,GABRP,GABRP,0.0,0.0,0.0,0.0,12,False
LS_21,GABRR1,GABRR1,0.0,0.0,0.0,0.0,12,False
LS_21,GABRR2,GABRR2,0.43,0.0,0.0,0.0,12,False
LS_21,GALR1,GALR1,0.09,0.0,0.0,0.0,12,False
LS_21,GALR2,GALR2,0.26,0.0,0.19,0.45,12,False
LS_21,GALR3,GALR3,0.68,0.0,0.93,0.56,12,False
LS_21,GAS1,GAS1,1.28,0.0,0.74,0.11,12,False
LS_21,GCGR,GCGR,0.0,0.0,0.0,0.0,12,False
LS_21,GDPD2,GDPD2,0.0,0.0,0.0,0.0,12,False
LS_21,GDPD5,GDPD5,5.57,0.0,1.3,2.03,12,False
LS_21,GFRA1,GFRA1,0.0,0.0,0.0,0.0,12,False
LS_21,GFRA2,GFRA2,1.37,0.0,0.0,0.0,12,False
LS_21,GFRA3,GFRA3,0.34,0.0,0.0,0.0,12,False
LS_21,GGT1,GGT1,0.0,0.0,0.19,0.0,12,False
LS_21,GGT7,GGT7,4.28,8.33,8.7,2.49,12,False
LS_21,GHR,GHR,0.17,0.0,0.0,0.0,12,False
LS_21,GHRHR,GHRHR,0.0,0.0,0.0,0.0,12,False
LS_21,GHSR,GHSR,0.0,0.0,0.0,0.0,12,False
LS_21,GIPR,GIPR,1.37,0.0,0.0,0.23,12,False
LS_21,GJA1,GJA1,1.46,0.0,0.0,0.11,12,False
LS_21,GJA3,GJA3,0.68,0.0,0.0,0.56,12,False
LS_21,GJA4,GJA4,0.17,0.0,0.56,0.0,12,False
LS_21,GJB2,GJB2,0.0,0.0,0.0,0.0,12,False
LS_21,GJB3,GJB3,0.0,0.0,0.0,0.0,12,False
LS_21,GJB6,GJB6,0.0,0.0,0.0,0.0,12,False
LS_21,GJB7,GJB7,0.0,0.0,0.19,0.0,12,False
LS_21,GJC2,GJC2,0.17,0.0,2.78,0.34,12,False
LS_21,GJC3,GJC3,0.0,0.0,0.74,0.0,12,False
LS_21,GJD2,GJD2,0.0,0.0,0.0,0.0,12,False
LS_21,GLDN,GLDN,1.03,0.0,0.0,0.0,12,False
LS_21,GLP1R,GLP1R,0.09,0.0,0.0,0.0,12,False
LS_21,GLP2R,GLP2R,0.0,0.0,0.0,0.0,12,False
LS_21,GLRA2,GLRA2,0.0,0.0,0.0,0.0,12,False
LS_21,GLRA3,GLRA3,0.0,0.0,0.0,0.0,12,False
LS_21,GLRA4,GLRA4,0.0,0.0,0.0,0.0,12,False
LS_21,GLRB,GLRB,0.09,0.0,1.48,0.0,12,False
LS_21,GML,GML,0.0,0.0,0.0,0.0,12,False
LS_21,GNRHR,GNRHR,0.09,0.0,0.0,0.0,12,False
LS_21,GP1BA,GP1BA,0.43,0.0,2.41,0.11,12,False
LS_21,GP1BB,GP1BB,5.05,8.33,5.93,0.79,12,False
LS_21,GP5,GP5,0.0,0.0,0.0,0.0,12,False
LS_21,GP6,GP6,0.6,0.0,0.0,0.45,12,False
LS_21,GPA33,GPA33,4.2,8.33,1.67,1.02,12,False
LS_21,GPBAR1,GPBAR1,0.51,0.0,0.0,8.02,12,False
LS_21,GPC1,GPC1,2.65,0.0,1.3,1.13,12,False
LS_21,GPC2,GPC2,1.88,0.0,7.59,0.68,12,False
LS_21,GPC3,GPC3,0.26,0.0,0.19,0.0,12,False
LS_21,GPC4,GPC4,0.17,0.0,0.0,0.0,12,False
LS_21,GPC5,GPC5,0.26,0.0,4.07,0.11,12,False
LS_21,GPC6,GPC6,0.51,0.0,0.74,0.0,12,False
LS_21,GPER1,GPER1,0.34,0.0,0.19,0.34,12,False
LS_21,GPIHBP1,GPIHBP1,0.0,0.0,0.0,0.0,12,False
LS_21,GPM6A,GPM6A,0.0,0.0,0.0,0.0,12,False
LS_21,GPM6B,GPM6B,3.08,0.0,2.04,1.24,12,False
LS_21,GPNMB,GPNMB,1.46,0.0,0.19,0.0,12,False
LS_21,GPR1,GPR1,0.0,0.0,0.0,0.11,12,False
LS_21,GPR101,GPR101,0.0,0.0,0.0,0.0,12,False
LS_21,GPR12,GPR12,0.86,0.0,2.78,3.5,12,False
LS_21,GPR132,GPR132,6.08,8.33,0.56,2.94,12,False
LS_21,GPR137B,GPR137B,3.17,0.0,5.37,1.69,12,False
LS_21,GPR137C,GPR137C,0.86,0.0,1.85,1.36,12,False
LS_21,GPR141,GPR141,1.63,0.0,4.44,4.41,12,False
LS_21,GPR142,GPR142,0.17,0.0,0.0,0.0,12,False
LS_21,GPR15,GPR15,0.0,0.0,0.0,0.0,12,False
LS_21,GPR150,GPR150,1.63,0.0,1.67,0.34,12,False
LS_21,GPR151,GPR151,0.0,0.0,0.0,0.0,12,False
LS_21,GPR152,GPR152,0.09,0.0,0.0,0.0,12,False
LS_21,GPR153,GPR153,1.2,0.0,0.0,0.56,12,False
LS_21,GPR155,GPR155,0.86,0.0,0.56,0.79,12,False
LS_21,GPR157,GPR157,0.68,0.0,2.04,0.68,12,False
LS_21,GPR158,GPR158,0.0,0.0,0.0,0.0,12,False
LS_21,GPR160,GPR160,4.97,0.0,2.41,6.55,12,False
LS_21,GPR161,GPR161,0.51,0.0,1.11,0.23,12,False
LS_21,GPR162,GPR162,3.42,0.0,4.81,3.5,12,False
LS_21,GPR17,GPR17,0.09,0.0,0.0,0.0,12,False
LS_21,GPR171,GPR171,0.77,0.0,1.11,0.11,12,False
LS_21,GPR173,GPR173,0.34,0.0,1.3,0.11,12,False
LS_21,GPR174,GPR174,9.42,41.67,8.52,1.36,12,False
LS_21,GPR176,GPR176,0.09,0.0,0.0,0.11,12,False
LS_21,GPR179,GPR179,0.0,0.0,0.0,0.0,12,False
LS_21,GPR18,GPR18,0.86,0.0,0.37,0.79,12,False
LS_21,GPR180,GPR180,4.88,0.0,7.96,4.52,12,False
LS_21,GPR182,GPR182,0.0,0.0,0.0,0.0,12,False
LS_21,GPR19,GPR19,0.0,0.0,0.56,0.34,12,False
LS_21,GPR20,GPR20,0.34,0.0,0.0,0.0,12,False
LS_21,GPR21,GPR21,0.0,0.0,0.19,0.0,12,False
LS_21,GPR22,GPR22,0.09,0.0,0.93,0.11,12,False
LS_21,GPR25,GPR25,0.0,0.0,0.0,0.11,12,False
LS_21,GPR3,GPR3,0.34,0.0,1.11,0.11,12,False
LS_21,GPR31,GPR31,0.0,0.0,0.0,0.0,12,False
LS_21,GPR32,GPR32,0.26,0.0,0.19,0.0,12,False
LS_21,GPR33,GPR33,0.0,0.0,0.0,0.0,12,False
LS_21,GPR34,GPR34,0.68,0.0,0.19,0.34,12,False
LS_21,GPR35,GPR35,4.2,0.0,0.93,3.62,12,False
LS_21,GPR37,GPR37,0.0,0.0,0.19,0.0,12,False
LS_21,GPR37L1,GPR37L1,0.34,0.0,0.0,0.11,12,False
LS_21,GPR39,GPR39,0.0,0.0,0.0,0.0,12,False
LS_21,GPR4,GPR4,0.0,0.0,0.0,0.0,12,False
LS_21,GPR42,GPR42,0.0,0.0,0.19,0.0,12,False
LS_21,GPR45,GPR45,0.09,0.0,0.0,0.0,12,False
LS_21,GPR52,GPR52,0.26,0.0,0.0,0.0,12,False
LS_21,GPR55,GPR55,1.2,0.0,0.0,0.23,12,False
LS_21,GPR61,GPR61,0.0,0.0,0.19,0.0,12,False
LS_21,GPR62,GPR62,0.17,0.0,0.0,0.0,12,False
LS_21,GPR63,GPR63,0.09,0.0,2.78,0.45,12,False
LS_21,GPR65,GPR65,5.31,8.33,0.74,5.08,12,False
LS_21,GPR68,GPR68,0.17,0.0,0.0,0.11,12,False
LS_21,GPR75,GPR75,0.17,0.0,0.37,0.34,12,False
LS_21,GPR78,GPR78,0.0,0.0,0.0,0.0,12,False
LS_21,GPR82,GPR82,0.43,0.0,0.56,0.0,12,False
LS_21,GPR83,GPR83,0.26,0.0,0.0,0.0,12,False
LS_21,GPR84,GPR84,0.77,0.0,0.19,2.15,12,False
LS_21,GPR85,GPR85,3.51,0.0,0.74,2.15,12,False
LS_21,GPR87,GPR87,0.0,0.0,0.0,0.0,12,False
LS_21,GPR88,GPR88,0.09,0.0,0.0,0.0,12,False
LS_21,GPRC5A,GPRC5A,0.0,0.0,0.0,0.11,12,False
LS_21,GPRC5B,GPRC5B,0.26,0.0,0.19,0.0,12,False
LS_21,GPRC5C,GPRC5C,12.41,8.33,4.63,1.36,12,False
LS_21,GPRC5D,GPRC5D,0.0,0.0,0.0,0.0,12,False
LS_21,GRAMD1B,GRAMD1B,9.76,8.33,5.37,6.33,12,False
LS_21,GRIA3,GRIA3,0.09,0.0,0.0,0.0,12,False
LS_21,GRID1,GRID1,0.26,0.0,0.0,0.23,12,False
LS_21,GRIK1,GRIK1,0.09,0.0,0.0,0.0,12,False
LS_21,GRIK2,GRIK2,0.26,0.0,0.0,0.0,12,False
LS_21,GRIK3,GRIK3,0.0,0.0,0.0,0.0,12,False
LS_21,GRIK4,GRIK4,0.0,0.0,0.0,0.0,12,False
LS_21,GRIK5,GRIK5,2.48,0.0,4.81,2.26,12,False
LS_21,GRIN1,GRIN1,0.09,0.0,0.19,0.0,12,False
LS_21,GRIN2B,GRIN2B,0.09,0.0,0.0,0.0,12,False
LS_21,GRIN2C,GRIN2C,0.26,0.0,0.19,0.0,12,False
LS_21,GRIN2D,GRIN2D,3.34,0.0,0.37,0.45,12,False
LS_21,GRIN3A,GRIN3A,0.0,0.0,0.0,0.0,12,False
LS_21,GRIN3B,GRIN3B,0.26,0.0,0.19,0.0,12,False
LS_21,GRM1,GRM1,0.09,0.0,0.0,0.0,12,False
LS_21,GRM2,GRM2,0.51,0.0,0.0,0.0,12,False
LS_21,GRM3,GRM3,0.0,0.0,0.0,0.0,12,False
LS_21,GRM4,GRM4,0.0,0.0,0.0,0.0,12,False
LS_21,GRM6,GRM6,0.0,0.0,0.0,0.0,12,False
LS_21,GRM7,GRM7,0.0,0.0,0.0,0.0,12,False
LS_21,GRPR,GRPR,0.09,0.0,0.0,0.0,12,False
LS_21,GSG1,GSG1,0.09,0.0,0.19,0.0,12,False
LS_21,GSG1L,GSG1L,0.34,0.0,0.0,0.11,12,False
LS_21,GUCY2C,GUCY2C,0.26,0.0,0.0,0.11,12,False
LS_21,GYPA,GYPA,0.0,0.0,0.19,0.0,12,False
LS_21,HAVCR1,HAVCR1,0.0,0.0,0.0,0.0,12,False
LS_21,HAVCR2,HAVCR2,6.76,16.67,1.48,4.97,12,False
LS_21,HCAR1,HCAR1,0.09,0.0,0.0,0.0,12,False
LS_21,HCAR2,HCAR2,3.77,0.0,0.37,4.07,12,False
LS_21,HCAR3,HCAR3,5.05,0.0,0.37,4.63,12,False
LS_21,HCRTR1,HCRTR1,0.09,0.0,0.0,0.0,12,False
LS_21,HCRTR2,HCRTR2,0.0,0.0,0.0,0.0,12,False
LS_21,HEG1,HEG1,1.37,0.0,5.0,1.13,12,False
LS_21,HEPACAM2,HEPACAM2,0.0,0.0,0.0,0.0,12,False
LS_21,HEPH,HEPH,0.0,0.0,0.0,0.0,12,False
LS_21,HEPHL1,HEPHL1,0.0,0.0,0.0,0.0,12,False
LS_21,HFE,HFE,0.09,0.0,0.19,0.23,12,False
LS_21,HHLA2,HHLA2,0.09,0.0,0.37,0.68,12,False
LS_21,HLA-DOB,HLA-DOB,1.03,0.0,0.19,0.34,12,False
LS_21,HLA-DQB2,HLA-DQB2,3.0,0.0,2.59,2.82,12,False
LS_21,HLA-G,HLA-G,3.17,0.0,1.85,4.97,12,False
LS_21,HRH1,HRH1,0.43,0.0,0.19,0.9,12,False
LS_21,HRH3,HRH3,0.0,0.0,0.0,0.0,12,False
LS_21,HRH4,HRH4,0.09,0.0,0.19,0.0,12,False
LS_21,HTR1B,HTR1B,0.0,0.0,0.56,0.0,12,False
LS_21,HTR2A,HTR2A,0.09,0.0,0.19,0.0,12,False
LS_21,HTR2B,HTR2B,0.0,0.0,0.0,0.0,12,False
LS_21,HTR3A,HTR3A,0.09,0.0,0.0,0.45,12,False
LS_21,HTR3B,HTR3B,0.09,0.0,0.0,0.0,12,False
LS_21,HTR3C,HTR3C,0.0,0.0,0.0,0.0,12,False
LS_21,HTR3E,HTR3E,0.0,0.0,0.0,0.0,12,False
LS_21,HTR4,HTR4,0.0,0.0,0.0,0.0,12,False
LS_21,HTR6,HTR6,0.0,0.0,0.19,0.0,12,False
LS_21,HTR7,HTR7,4.79,0.0,0.37,0.68,12,False
LS_21,HYAL2,HYAL2,3.6,0.0,1.67,2.26,12,False
LS_21,ICAM1,ICAM1,8.48,8.33,2.59,3.16,12,False
LS_21,ICAM5,ICAM5,1.88,0.0,0.93,0.68,12,False
LS_21,ICOS,ICOS,0.0,0.0,0.0,0.0,12,False
LS_21,ICOSLG,ICOSLG,1.46,0.0,3.7,2.26,12,False
LS_21,IFNLR1,IFNLR1,0.26,0.0,0.37,0.0,12,False
LS_21,IGDCC4,IGDCC4,0.77,0.0,0.0,0.0,12,False
LS_21,IGF2R,IGF2R,20.72,50.0,3.52,5.54,12,False
LS_21,IGSF1,IGSF1,0.6,0.0,0.0,0.0,12,False
LS_21,IGSF11,IGSF11,0.09,0.0,0.19,0.0,12,False
LS_21,IGSF3,IGSF3,0.17,0.0,0.0,0.9,12,False
LS_21,IGSF9,IGSF9,0.51,0.0,0.37,0.0,12,False
LS_21,IGSF9B,IGSF9B,0.77,0.0,0.37,0.11,12,False
LS_21,IL11RA,IL11RA,5.39,0.0,2.96,1.81,12,False
LS_21,IL12RB1,IL12RB1,6.51,0.0,2.96,3.39,12,False
LS_21,IL13RA2,IL13RA2,0.0,0.0,0.0,0.0,12,False
LS_21,IL17RB,IL17RB,0.0,0.0,0.19,0.0,12,False
LS_21,IL17RD,IL17RD,0.0,0.0,0.19,0.0,12,False
LS_21,IL17RE,IL17RE,10.36,25.0,7.78,3.62,12,False
LS_21,IL18R1,IL18R1,1.71,8.33,2.78,0.11,12,False
LS_21,IL18RAP,IL18RAP,0.26,0.0,0.19,0.0,12,False
LS_21,IL1R1,IL1R1,1.28,0.0,0.19,0.0,12,False
LS_21,IL1R2,IL1R2,0.17,0.0,0.0,0.11,12,False
LS_21,IL1RAP,IL1RAP,24.57,58.33,5.74,9.94,12,True
LS_21,IL1RL1,IL1RL1,0.09,0.0,0.19,0.0,12,False
LS_21,IL1RL2,IL1RL2,0.0,0.0,0.0,0.0,12,False
LS_21,IL20RB,IL20RB,0.34,0.0,0.0,0.0,12,False
LS_21,IL21R,IL21R,0.26,0.0,0.0,0.11,12,False
LS_21,IL23R,IL23R,0.0,0.0,0.0,0.0,12,False
LS_21,IL2RA,IL2RA,0.09,0.0,0.37,0.0,12,False
LS_21,IL2RB,IL2RB,0.17,0.0,0.19,0.23,12,False
LS_21,IL31RA,IL31RA,0.86,0.0,0.19,0.68,12,False
LS_21,IL4R,IL4R,10.36,16.67,4.44,8.7,12,False
LS_21,IL5RA,IL5RA,4.54,8.33,0.56,0.9,12,False
LS_21,IL7R,IL7R,0.51,0.0,1.67,0.68,12,False
LS_21,IL9R,IL9R,2.31,8.33,1.11,0.56,12,False
LS_21,ILDR1,ILDR1,0.09,0.0,0.56,0.0,12,False
LS_21,IMPG2,IMPG2,0.43,0.0,0.19,0.23,12,False
LS_21,INSRR,INSRR,0.17,0.0,0.0,0.0,12,False
LS_21,ITGA1,ITGA1,0.43,0.0,0.0,0.56,12,False
LS_21,ITGA10,ITGA10,0.34,0.0,0.0,0.11,12,False
LS_21,ITGA11,ITGA11,0.43,0.0,0.37,0.23,12,False
LS_21,ITGA2,ITGA2,1.8,8.33,4.44,0.56,12,False
LS_21,ITGA2B,ITGA2B,2.83,8.33,4.81,1.36,12,False
LS_21,ITGA3,ITGA3,0.26,0.0,0.56,0.0,12,False
LS_21,ITGA7,ITGA7,10.96,8.33,0.37,4.63,12,False
LS_21,ITGA8,ITGA8,0.0,0.0,0.0,0.0,12,False
LS_21,ITGAD,ITGAD,0.17,0.0,0.0,0.0,12,False
LS_21,ITGAV,ITGAV,5.65,8.33,9.26,2.49,12,False
LS_21,ITGAX,ITGAX,43.75,66.67,0.93,6.55,12,False
LS_21,ITGB3,ITGB3,0.34,0.0,0.0,0.11,12,False
LS_21,ITGB4,ITGB4,0.94,0.0,1.11,0.45,12,False
LS_21,ITGB5,ITGB5,8.13,16.67,0.0,0.79,12,False
LS_21,ITGB6,ITGB6,0.0,0.0,0.0,0.0,12,False
LS_21,ITGB8,ITGB8,1.71,0.0,4.26,0.0,12,False
LS_21,ITLN1,ITLN1,0.09,0.0,0.0,0.0,12,False
LS_21,IZUMO1,IZUMO1,0.0,0.0,0.0,0.11,12,False
LS_21,JAG1,JAG1,6.93,25.0,1.67,2.94,12,False
LS_21,JAG2,JAG2,0.17,0.0,0.19,0.0,12,False
LS_21,JAM2,JAM2,0.26,0.0,5.56,0.0,12,False
LS_21,JAM3,JAM3,0.77,0.0,3.7,0.45,12,False
LS_21,KCNJ12,KCNJ12,0.09,0.0,2.59,0.34,12,False
LS_21,KCNJ3,KCNJ3,0.0,0.0,0.0,0.0,12,False
LS_21,KCNJ4,KCNJ4,0.0,0.0,0.0,0.0,12,False
LS_21,KCNK5,KCNK5,2.57,0.0,1.85,1.92,12,False
LS_21,KCNMB1,KCNMB1,2.65,0.0,1.48,1.36,12,False
LS_21,KCNMB2,KCNMB2,0.09,0.0,0.0,0.0,12,False
LS_21,KCNMB3,KCNMB3,2.4,0.0,1.48,0.79,12,False
LS_21,KCNMB4,KCNMB4,9.67,25.0,4.81,1.36,12,False
LS_21,KCNS1,KCNS1,0.17,0.0,0.37,0.11,12,False
LS_21,KCNV2,KCNV2,0.0,0.0,0.0,0.0,12,False
LS_21,KDR,KDR,0.0,0.0,0.19,0.0,12,False
LS_21,KEL,KEL,0.0,0.0,0.56,0.0,12,False
LS_21,KIAA0319,KIAA0319,0.0,0.0,0.19,0.0,12,False
LS_21,KIAA1324,KIAA1324,0.17,0.0,0.0,0.23,12,False
LS_21,KIAA1324L,KIAA1324L,1.97,8.33,2.41,0.9,12,False
LS_21,KIAA1549L,KIAA1549L,0.34,0.0,0.0,0.11,12,False
LS_21,KIR2DL1,KIR2DL1,0.0,0.0,0.0,0.0,12,False
LS_21,KIR2DL3,KIR2DL3,0.0,0.0,0.0,0.0,12,False
LS_21,KIR2DL4,KIR2DL4,0.0,0.0,0.0,0.0,12,False
LS_21,KIR3DL1,KIR3DL1,0.09,0.0,0.0,0.0,12,False
LS_21,KIR3DL2,KIR3DL2,0.09,0.0,0.19,0.11,12,False
LS_21,KIR3DL3,KIR3DL3,0.0,0.0,0.0,0.0,12,False
LS_21,KIRREL2,KIRREL2,0.09,0.0,0.0,0.0,12,False
LS_21,KIRREL3,KIRREL3,0.34,0.0,0.0,0.11,12,False
LS_21,KISS1R,KISS1R,0.09,0.0,0.0,0.0,12,False
LS_21,KITLG,KITLG,0.6,0.0,0.0,0.34,12,False
LS_21,KL,KL,0.0,0.0,0.74,0.0,12,False
LS_21,KLRB1,KLRB1,0.34,0.0,1.11,0.0,12,False
LS_21,KLRC1,KLRC1,0.0,0.0,0.0,0.0,12,False
LS_21,KLRC2,KLRC2,0.86,0.0,0.0,0.0,12,False
LS_21,KLRC3,KLRC3,0.68,0.0,0.0,0.0,12,False
LS_21,KLRF1,KLRF1,0.77,0.0,0.37,0.11,12,False
LS_21,KLRF2,KLRF2,0.0,0.0,0.19,0.34,12,False
LS_21,KLRK1,KLRK1,2.48,0.0,0.0,0.11,12,False
LS_21,KREMEN1,KREMEN1,0.34,0.0,0.19,0.0,12,False
LS_21,KREMEN2,KREMEN2,0.34,0.0,0.0,0.45,12,False
LS_21,L1CAM,L1CAM,0.09,0.0,0.0,0.0,12,False
LS_21,LAG3,LAG3,0.68,0.0,7.04,0.11,12,False
LS_21,LAMP3,LAMP3,0.0,0.0,0.0,0.0,12,False
LS_21,LAMP5,LAMP5,21.83,25.0,0.19,1.92,12,False
LS_21,LAYN,LAYN,0.43,0.0,0.19,0.79,12,False
LS_21,LCT,LCT,0.94,0.0,0.74,0.23,12,False
LS_21,LDLRAD3,LDLRAD3,1.71,0.0,0.56,0.9,12,False
LS_21,LEPR,LEPR,2.91,0.0,2.41,1.24,12,False
LS_21,LGR4,LGR4,0.68,0.0,1.11,0.0,12,False
LS_21,LGR5,LGR5,0.0,0.0,0.19,0.0,12,False
LS_21,LGR6,LGR6,0.09,0.0,0.56,0.0,12,False
LS_21,LHFPL1,LHFPL1,0.0,0.0,0.0,0.0,12,False
LS_21,LHFPL4,LHFPL4,0.0,0.0,0.0,0.0,12,False
LS_21,LHFPL5,LHFPL5,4.79,0.0,6.3,2.82,12,False
LS_21,LIFR,LIFR,0.09,0.0,0.0,0.0,12,False
LS_21,LILRA1,LILRA1,11.56,8.33,1.48,7.46,12,False
LS_21,LILRA4,LILRA4,0.09,0.0,0.19,0.11,12,False
LS_21,LILRA5,LILRA5,3.6,0.0,0.74,4.63,12,False
LS_21,LILRA6,LILRA6,3.85,8.33,0.19,1.36,12,False
LS_21,LILRB1,LILRB1,8.65,8.33,1.3,6.44,12,False
LS_21,LILRB2,LILRB2,10.36,16.67,4.44,6.89,12,False
LS_21,LILRB3,LILRB3,9.93,16.67,0.37,4.41,12,False
LS_21,LILRB5,LILRB5,0.09,0.0,0.0,0.23,12,False
LS_21,LIM2,LIM2,0.0,0.0,0.0,0.0,12,False
LS_21,LINGO1,LINGO1,0.0,0.0,0.0,0.0,12,False
LS_21,LINGO2,LINGO2,0.0,0.0,0.0,0.0,12,False
LS_21,LINGO3,LINGO3,1.63,0.0,0.93,0.56,12,False
LS_21,LINGO4,LINGO4,0.0,0.0,0.0,0.0,12,False
LS_21,LMAN2L,LMAN2L,6.25,8.33,6.11,2.03,12,False
LS_21,LMBR1L,LMBR1L,18.49,58.33,9.44,4.52,12,False
LS_21,LMBRD2,LMBRD2,6.76,0.0,6.11,3.5,12,False
LS_21,LPAR1,LPAR1,1.54,0.0,0.74,2.03,12,False
LS_21,LPAR2,LPAR2,20.12,16.67,5.56,5.31,12,False
LS_21,LPAR3,LPAR3,2.23,8.33,0.0,0.0,12,False
LS_21,LPAR4,LPAR4,1.63,0.0,0.74,1.58,12,False
LS_21,LPAR5,LPAR5,4.28,0.0,0.74,0.34,12,False
LS_21,LPAR6,LPAR6,8.48,25.0,2.59,2.49,12,False
LS_21,LPL,LPL,0.68,0.0,0.0,1.02,12,False
LS_21,LRFN1,LRFN1,3.17,0.0,0.74,1.81,12,False
LS_21,LRFN2,LRFN2,0.0,0.0,0.0,0.0,12,False
LS_21,LRFN3,LRFN3,1.03,0.0,1.11,0.23,12,False
LS_21,LRFN4,LRFN4,16.35,50.0,7.59,6.78,12,False
LS_21,LRIG1,LRIG1,0.68,0.0,2.04,0.68,12,False
LS_21,LRIG2,LRIG2,11.3,33.33,8.52,5.2,12,False
LS_21,LRIG3,LRIG3,0.0,0.0,0.0,0.0,12,False
LS_21,LRIT3,LRIT3,0.09,0.0,0.0,0.0,12,False
LS_21,LRP11,LRP11,2.05,0.0,2.41,3.05,12,False
LS_21,LRP12,LRP12,3.68,8.33,2.96,1.24,12,False
LS_21,LRP1B,LRP1B,0.09,0.0,0.37,0.0,12,False
LS_21,LRP2,LRP2,0.0,0.0,0.0,0.0,12,False
LS_21,LRP3,LRP3,5.05,8.33,2.41,9.38,12,False
LS_21,LRP4,LRP4,1.37,8.33,0.37,1.36,12,False
LS_21,LRP5,LRP5,6.25,8.33,9.63,3.62,12,False
LS_21,LRP6,LRP6,2.05,0.0,5.56,1.92,12,False
LS_21,LRRC19,LRRC19,0.0,0.0,0.0,0.0,12,False
LS_21,LRRC24,LRRC24,3.77,0.0,0.74,1.36,12,False
LS_21,LRRC32,LRRC32,0.0,0.0,0.0,0.11,12,False
LS_21,LRRC37A,LRRC37A,0.86,0.0,0.19,0.34,12,False
LS_21,LRRC37A2,LRRC37A2,4.54,0.0,2.78,2.82,12,False
LS_21,LRRC37A3,LRRC37A3,2.23,0.0,1.11,1.81,12,False
LS_21,LRRC37B,LRRC37B,4.71,0.0,4.81,3.28,12,False
LS_21,LRRC38,LRRC38,0.34,0.0,0.0,0.0,12,False
LS_21,LRRC3B,LRRC3B,0.0,0.0,0.0,0.0,12,False
LS_21,LRRC4,LRRC4,0.09,0.0,0.37,1.02,12,False
LS_21,LRRC4B,LRRC4B,0.09,0.0,0.0,0.0,12,False
LS_21,LRRC4C,LRRC4C,0.09,0.0,0.74,0.0,12,False
LS_21,LRRN1,LRRN1,0.0,0.0,5.74,0.0,12,False
LS_21,LRRN2,LRRN2,0.17,0.0,0.93,0.0,12,False
LS_21,LRRN3,LRRN3,0.17,0.0,0.19,0.11,12,False
LS_21,LRRN4,LRRN4,0.0,0.0,0.0,0.0,12,False
LS_21,LRRN4CL,LRRN4CL,0.09,0.0,0.0,0.0,12,False
LS_21,LRRTM2,LRRTM2,0.6,0.0,0.37,0.0,12,False
LS_21,LRRTM3,LRRTM3,0.0,0.0,0.0,0.0,12,False
LS_21,LRTM1,LRTM1,0.0,0.0,0.0,0.0,12,False
LS_21,LRTM2,LRTM2,0.0,0.0,0.0,0.0,12,False
LS_21,LSAMP,LSAMP,0.09,0.0,0.0,0.11,12,False
LS_21,LSMEM1,LSMEM1,1.11,0.0,0.0,0.34,12,False
LS_21,LTK,LTK,25.43,58.33,1.11,2.94,12,False
LS_21,LY6D,LY6D,0.0,0.0,0.0,0.0,12,False
LS_21,LY6G6C,LY6G6C,0.6,0.0,0.19,0.11,12,False
LS_21,LY6G6D,LY6G6D,0.0,0.0,0.0,0.0,12,False
LS_21,LY6G6F,LY6G6F,0.0,0.0,0.0,0.11,12,False
LS_21,LY6H,LY6H,0.09,0.0,0.19,0.11,12,False
LS_21,LY6K,LY6K,0.26,0.0,0.0,0.11,12,False
LS_21,LY9,LY9,5.48,0.0,0.93,2.37,12,False
LS_21,LYNX1,LYNX1,0.17,0.0,0.19,0.23,12,False
LS_21,LYPD1,LYPD1,0.26,0.0,0.0,0.11,12,False
LS_21,LYPD2,LYPD2,0.0,0.0,0.0,0.11,12,False
LS_21,LYPD3,LYPD3,0.51,0.0,1.11,0.34,12,False
LS_21,LYPD5,LYPD5,0.0,0.0,0.93,0.23,12,False
LS_21,LYPD6B,LYPD6B,0.0,0.0,0.37,0.0,12,False
LS_21,LYPD8,LYPD8,0.17,0.0,0.0,0.11,12,False
LS_21,LYSMD3,LYSMD3,7.71,8.33,8.15,3.28,12,False
LS_21,LYVE1,LYVE1,0.09,0.0,0.0,0.0,12,False
LS_21,MAG,MAG,0.0,0.0,0.19,0.23,12,False
LS_21,MAMDC4,MAMDC4,4.45,0.0,0.37,2.26,12,False
LS_21,MANSC1,MANSC1,1.2,8.33,5.93,1.47,12,False
LS_21,MANSC4,MANSC4,0.0,0.0,0.0,0.0,12,False
LS_21,MAS1,MAS1,0.09,0.0,0.0,0.11,12,False
LS_21,MC1R,MC1R,1.37,0.0,0.19,0.56,12,False
LS_21,MC2R,MC2R,0.0,0.0,0.0,0.0,12,False
LS_21,MC4R,MC4R,0.0,0.0,0.0,0.0,12,False
LS_21,MCAM,MCAM,0.26,0.0,0.19,0.0,12,False
LS_21,MCHR1,MCHR1,0.26,0.0,0.0,0.0,12,False
LS_21,MDGA1,MDGA1,2.23,8.33,0.74,0.0,12,False
LS_21,MDGA2,MDGA2,0.34,0.0,1.11,0.0,12,False
LS_21,MEGF10,MEGF10,1.37,0.0,0.19,1.13,12,False
LS_21,MEGF11,MEGF11,0.26,0.0,0.56,0.23,12,False
LS_21,MEGF8,MEGF8,8.73,8.33,9.26,5.65,12,False
LS_21,MEP1A,MEP1A,0.0,0.0,0.0,0.0,12,False
LS_21,MEP1B,MEP1B,0.0,0.0,0.0,0.0,12,False
LS_21,MERTK,MERTK,3.25,8.33,5.37,1.24,12,False
LS_21,MET,MET,0.09,0.0,0.0,0.0,12,False
LS_21,MFAP3,MFAP3,3.0,0.0,4.63,0.45,12,False
LS_21,MFAP3L,MFAP3L,0.34,0.0,1.11,0.0,12,False
LS_21,MFRP,MFRP,0.0,0.0,0.0,0.0,12,False
LS_21,MFSD2A,MFSD2A,2.31,0.0,1.48,5.31,12,False
LS_21,MFSD2B,MFSD2B,1.97,0.0,0.56,0.0,12,False
LS_21,MFSD6L,MFSD6L,0.34,0.0,0.19,0.0,12,False
LS_21,MFSD8,MFSD8,5.82,8.33,5.56,2.15,12,False
LS_21,MICA,MICA,6.16,8.33,4.44,3.39,12,False
LS_21,MICB,MICB,6.16,8.33,4.81,4.86,12,False
LS_21,MILR1,MILR1,16.27,50.0,3.15,6.55,12,False
LS_21,MIP,MIP,0.09,0.0,0.0,0.11,12,False
LS_21,MLNR,MLNR,0.26,0.0,0.56,0.0,12,False
LS_21,MME,MME,0.09,0.0,0.93,0.34,12,False
LS_21,MMEL1,MMEL1,10.1,16.67,2.22,2.49,12,False
LS_21,MMP14,MMP14,7.19,8.33,0.56,3.05,12,False
LS_21,MMP16,MMP16,0.0,0.0,0.56,0.0,12,False
LS_21,MMP17,MMP17,3.85,8.33,1.3,7.46,12,False
LS_21,MMP25,MMP25,0.6,0.0,0.0,2.94,12,False
LS_21,MPZ,MPZ,2.65,0.0,2.59,1.13,12,False
LS_21,MPZL2,MPZL2,1.03,0.0,3.7,0.34,12,False
LS_21,MPZL3,MPZL3,1.8,8.33,1.3,0.56,12,False
LS_21,MRC1,MRC1,0.68,0.0,0.74,2.26,12,False
LS_21,MRC2,MRC2,20.12,33.33,7.22,4.41,12,False
LS_21,MRGPRD,MRGPRD,0.0,0.0,0.0,0.0,12,False
LS_21,MRGPRE,MRGPRE,0.09,0.0,0.0,0.11,12,False
LS_21,MRGPRF,MRGPRF,0.09,0.0,0.0,0.23,12,False
LS_21,MRGPRX2,MRGPRX2,0.0,0.0,0.0,0.0,12,False
LS_21,MRGPRX3,MRGPRX3,0.0,0.0,0.0,0.0,12,False
LS_21,MRVI1,MRVI1,0.68,0.0,0.37,0.9,12,False
LS_21,MS4A1,MS4A1,0.17,0.0,1.67,0.11,12,False
LS_21,MS4A15,MS4A15,0.0,0.0,0.0,0.0,12,False
LS_21,MSLNL,MSLNL,0.0,0.0,0.0,0.0,12,False
LS_21,MSR1,MSR1,0.17,0.0,0.0,0.11,12,False
LS_21,MST1R,MST1R,0.17,0.0,0.0,0.0,12,False
LS_21,MUC1,MUC1,14.55,16.67,1.11,0.79,12,False
LS_21,MUC12,MUC12,2.05,0.0,0.56,2.03,12,False
LS_21,MUC16,MUC16,0.09,0.0,0.0,0.0,12,False
LS_21,MUC3A,MUC3A,0.0,0.0,0.0,0.0,12,False
LS_21,MUC4,MUC4,0.26,0.0,0.0,0.11,12,False
LS_21,MUSK,MUSK,0.0,0.0,0.0,0.11,12,False
LS_21,MXRA8,MXRA8,0.86,0.0,0.0,0.11,12,False
LS_21,MYADML2,MYADML2,0.0,0.0,0.0,0.0,12,False
LS_21,MYOF,MYOF,4.2,25.0,0.56,6.67,12,False
LS_21,NCAM1,NCAM1,5.48,0.0,0.19,2.15,12,False
LS_21,NCAM2,NCAM2,0.43,0.0,0.0,0.34,12,False
LS_21,NCMAP,NCMAP,0.09,0.0,0.0,0.0,12,False
LS_21,NCR1,NCR1,0.0,0.0,0.19,0.0,12,False
LS_21,NCR2,NCR2,0.6,0.0,0.0,0.0,12,False
LS_21,NCR3,NCR3,0.77,0.0,0.93,0.11,12,False
LS_21,NCR3LG1,NCR3LG1,1.2,0.0,0.56,1.47,12,False
LS_21,NEO1,NEO1,4.62,0.0,0.0,0.34,12,False
LS_21,NETO1,NETO1,1.37,8.33,0.0,0.11,12,False
LS_21,NFASC,NFASC,0.0,0.0,0.0,0.0,12,False
LS_21,NGFR,NGFR,0.09,0.0,0.19,0.0,12,False
LS_21,NIPAL1,NIPAL1,0.0,0.0,0.19,0.0,12,False
LS_21,NIPAL4,NIPAL4,0.09,0.0,0.19,0.0,12,False
LS_21,NKAIN1,NKAIN1,0.09,0.0,0.0,0.11,12,False
LS_21,NKAIN3,NKAIN3,0.09,0.0,0.0,0.0,12,False
LS_21,NLGN1,NLGN1,1.46,8.33,1.48,0.11,12,False
LS_21,NLGN2,NLGN2,2.48,0.0,6.85,0.9,12,False
LS_21,NLGN3,NLGN3,1.03,0.0,0.56,0.23,12,False
LS_21,NLGN4Y,NLGN4Y,0.0,0.0,0.0,0.0,12,False
LS_21,NMBR,NMBR,0.0,0.0,0.0,0.0,12,False
LS_21,NMUR1,NMUR1,18.41,16.67,0.37,2.15,12,False
LS_21,NOTCH3,NOTCH3,0.34,0.0,0.0,0.11,12,False
LS_21,NOTCH4,NOTCH4,1.97,0.0,2.22,1.81,12,False
LS_21,NPBWR1,NPBWR1,0.26,0.0,0.0,0.0,12,False
LS_21,NPBWR2,NPBWR2,0.0,0.0,0.0,0.0,12,False
LS_21,NPC1,NPC1,6.16,0.0,4.44,2.82,12,False
LS_21,NPC1L1,NPC1L1,0.09,0.0,0.0,0.0,12,False
LS_21,NPFFR1,NPFFR1,0.0,0.0,0.0,0.0,12,False
LS_21,NPHS1,NPHS1,0.0,0.0,0.0,0.0,12,False
LS_21,NPR1,NPR1,0.0,0.0,0.0,0.0,12,False
LS_21,NPR2,NPR2,0.77,0.0,0.93,0.0,12,False
LS_21,NRCAM,NRCAM,0.6,0.0,0.19,0.11,12,False
LS_21,NRG1,NRG1,0.09,0.0,0.0,0.23,12,False
LS_21,NRG2,NRG2,1.88,0.0,0.56,0.23,12,False
LS_21,NRG4,NRG4,9.76,25.0,1.67,5.99,12,False
LS_21,NRN1,NRN1,0.09,0.0,0.0,0.0,12,False
LS_21,NRN1L,NRN1L,0.17,0.0,0.0,0.34,12,False
LS_21,NRP1,NRP1,1.2,0.0,0.0,1.47,12,False
LS_21,NRP2,NRP2,0.43,0.0,0.0,0.45,12,False
LS_21,NRXN1,NRXN1,0.0,0.0,0.19,0.0,12,False
LS_21,NRXN2,NRXN2,17.12,41.67,4.44,6.55,12,False
LS_21,NRXN3,NRXN3,0.26,0.0,0.0,0.0,12,False
LS_21,NT5E,NT5E,4.79,25.0,0.19,0.56,12,False
LS_21,NTM,NTM,0.0,0.0,0.0,0.0,12,False
LS_21,NTNG1,NTNG1,0.0,0.0,0.0,0.0,12,False
LS_21,NTNG2,NTNG2,9.67,33.33,5.0,4.07,12,False
LS_21,NTRK1,NTRK1,1.2,0.0,0.37,0.11,12,False
LS_21,NTRK2,NTRK2,0.0,0.0,0.0,0.0,12,False
LS_21,NTRK3,NTRK3,0.09,0.0,0.0,0.0,12,False
LS_21,NTSR1,NTSR1,1.11,0.0,0.19,2.71,12,False
LS_21,NUP210L,NUP210L,0.17,0.0,0.0,0.11,12,False
LS_21,OLR1,OLR1,0.09,0.0,0.0,0.34,12,False
LS_21,OMG,OMG,0.26,0.0,0.19,0.56,12,False
LS_21,OPALIN,OPALIN,0.0,0.0,0.37,0.0,12,False
LS_21,OPCML,OPCML,0.0,0.0,0.0,0.0,12,False
LS_21,OPN1SW,OPN1SW,0.09,0.0,0.19,0.0,12,False
LS_21,OPN3,OPN3,13.18,33.33,6.85,9.83,12,False
LS_21,OPRD1,OPRD1,0.0,0.0,0.0,0.0,12,False
LS_21,OPRK1,OPRK1,0.0,0.0,0.0,0.0,12,False
LS_21,OPRL1,OPRL1,5.05,0.0,3.89,2.03,12,False
LS_21,OPRM1,OPRM1,0.0,0.0,0.0,0.0,12,False
LS_21,OR10A2,OR10A2,0.0,0.0,0.37,0.0,12,False
LS_21,OR10A4,OR10A4,0.0,0.0,0.0,0.0,12,False
LS_21,OR10A5,OR10A5,0.0,0.0,0.0,0.0,12,False
LS_21,OR10AD1,OR10AD1,0.0,0.0,0.0,0.0,12,False
LS_21,OR10G3,OR10G3,0.0,0.0,0.0,0.0,12,False
LS_21,OR10H1,OR10H1,0.09,0.0,0.37,0.0,12,False
LS_21,OR10H5,OR10H5,0.0,0.0,0.0,0.11,12,False
LS_21,OR10K1,OR10K1,0.0,0.0,0.0,0.0,12,False
LS_21,OR10X1,OR10X1,0.0,0.0,0.0,0.0,12,False
LS_21,OR10Z1,OR10Z1,0.0,0.0,0.0,0.0,12,False
LS_21,OR11G2,OR11G2,0.0,0.0,0.0,0.11,12,False
LS_21,OR11H4,OR11H4,0.0,0.0,0.0,0.0,12,False
LS_21,OR11L1,OR11L1,0.0,0.0,0.0,0.0,12,False
LS_21,OR13A1,OR13A1,0.09,0.0,0.0,0.0,12,False
LS_21,OR13C2,OR13C2,0.0,0.0,0.0,0.0,12,False
LS_21,OR13C3,OR13C3,0.0,0.0,0.0,0.0,12,False
LS_21,OR13C4,OR13C4,0.0,0.0,0.0,0.0,12,False
LS_21,OR13C5,OR13C5,0.09,0.0,0.0,0.11,12,False
LS_21,OR13C9,OR13C9,0.0,0.0,0.0,0.0,12,False
LS_21,OR13D1,OR13D1,0.0,0.0,0.0,0.0,12,False
LS_21,OR13F1,OR13F1,0.0,0.0,0.0,0.0,12,False
LS_21,OR13G1,OR13G1,0.0,0.0,0.0,0.0,12,False
LS_21,OR14A16,OR14A16,0.0,0.0,0.0,0.0,12,False
LS_21,OR14A2,OR14A2,0.0,0.0,0.0,0.0,12,False
LS_21,OR14J1,OR14J1,0.0,0.0,0.0,0.0,12,False
LS_21,OR14K1,OR14K1,0.0,0.0,0.0,0.0,12,False
LS_21,OR1A1,OR1A1,0.0,0.0,0.0,0.0,12,False
LS_21,OR1B1,OR1B1,0.0,0.0,0.0,0.0,12,False
LS_21,OR1C1,OR1C1,0.0,0.0,0.19,0.0,12,False
LS_21,OR1G1,OR1G1,0.0,0.0,0.0,0.0,12,False
LS_21,OR1I1,OR1I1,0.0,0.0,0.0,0.0,12,False
LS_21,OR1K1,OR1K1,0.0,0.0,0.0,0.0,12,False
LS_21,OR1L3,OR1L3,0.0,0.0,0.0,0.0,12,False
LS_21,OR1L6,OR1L6,0.0,0.0,0.0,0.0,12,False
LS_21,OR1L8,OR1L8,0.0,0.0,0.0,0.0,12,False
LS_21,OR1N1,OR1N1,0.0,0.0,0.0,0.0,12,False
LS_21,OR1N2,OR1N2,0.0,0.0,0.0,0.0,12,False
LS_21,OR2A1,OR2A1,0.0,0.0,0.0,0.0,12,False
LS_21,OR2A7,OR2A7,0.0,0.0,0.0,0.0,12,False
LS_21,OR2AE1,OR2AE1,0.0,0.0,0.0,0.0,12,False
LS_21,OR2AG1,OR2AG1,0.0,0.0,0.0,0.0,12,False
LS_21,OR2AG2,OR2AG2,0.0,0.0,0.0,0.11,12,False
LS_21,OR2AJ1,OR2AJ1,0.0,0.0,0.0,0.0,12,False
LS_21,OR2AK2,OR2AK2,0.17,0.0,0.56,0.0,12,False
LS_21,OR2AT4,OR2AT4,0.0,0.0,0.0,0.0,12,False
LS_21,OR2B11,OR2B11,0.26,0.0,0.37,0.23,12,False
LS_21,OR2B2,OR2B2,0.0,0.0,0.0,0.0,12,False
LS_21,OR2B6,OR2B6,0.0,0.0,0.0,0.0,12,False
LS_21,OR2C1,OR2C1,0.0,0.0,0.0,0.0,12,False
LS_21,OR2C3,OR2C3,0.0,0.0,0.19,0.0,12,False
LS_21,OR2D2,OR2D2,0.0,0.0,0.37,0.11,12,False
LS_21,OR2D3,OR2D3,0.0,0.0,0.19,0.0,12,False
LS_21,OR2G3,OR2G3,0.0,0.0,0.0,0.0,12,False
LS_21,OR2G6,OR2G6,0.0,0.0,0.0,0.0,12,False
LS_21,OR2H2,OR2H2,0.0,0.0,0.0,0.0,12,False
LS_21,OR2I1P,OR2I1P,0.0,0.0,0.0,0.0,12,False
LS_21,OR2L13,OR2L13,0.09,0.0,1.11,0.11,12,False
LS_21,OR2L2,OR2L2,0.17,0.0,1.3,0.0,12,False
LS_21,OR2L3,OR2L3,0.0,0.0,0.19,0.0,12,False
LS_21,OR2L5,OR2L5,0.09,0.0,0.37,0.11,12,False
LS_21,OR2L8,OR2L8,0.0,0.0,0.0,0.0,12,False
LS_21,OR2M3,OR2M3,0.0,0.0,0.0,0.0,12,False
LS_21,OR2M4,OR2M4,0.0,0.0,0.0,0.0,12,False
LS_21,OR2T11,OR2T11,0.0,0.0,0.0,0.0,12,False
LS_21,OR2T12,OR2T12,0.0,0.0,0.0,0.0,12,False
LS_21,OR2T2,OR2T2,0.0,0.0,0.0,0.0,12,False
LS_21,OR2T33,OR2T33,0.09,0.0,0.19,0.0,12,False
LS_21,OR2T4,OR2T4,0.0,0.0,0.0,0.0,12,False
LS_21,OR2T8,OR2T8,0.09,0.0,0.19,0.11,12,False
LS_21,OR2V1,OR2V1,0.0,0.0,0.0,0.0,12,False
LS_21,OR2W3,OR2W3,0.34,0.0,0.37,0.11,12,False
LS_21,OR3A1,OR3A1,0.09,0.0,0.0,0.0,12,False
LS_21,OR3A2,OR3A2,0.0,0.0,0.19,0.0,12,False
LS_21,OR3A3,OR3A3,0.0,0.0,0.0,0.11,12,False
LS_21,OR4D1,OR4D1,0.51,0.0,2.96,0.23,12,False
LS_21,OR4D9,OR4D9,0.0,0.0,0.0,0.0,12,False
LS_21,OR51B2,OR51B2,0.0,0.0,0.0,0.0,12,False
LS_21,OR51B4,OR51B4,0.0,0.0,0.0,0.0,12,False
LS_21,OR51B5,OR51B5,0.0,0.0,0.0,0.0,12,False
LS_21,OR51I1,OR51I1,0.09,0.0,0.0,0.0,12,False
LS_21,OR51I2,OR51I2,0.0,0.0,0.0,0.0,12,False
LS_21,OR51M1,OR51M1,0.0,0.0,0.0,0.0,12,False
LS_21,OR51Q1,OR51Q1,0.0,0.0,0.0,0.11,12,False
LS_21,OR51V1,OR51V1,0.0,0.0,0.0,0.0,12,False
LS_21,OR52A1,OR52A1,0.0,0.0,0.0,0.0,12,False
LS_21,OR52A5,OR52A5,0.0,0.0,0.0,0.0,12,False
LS_21,OR52B6,OR52B6,0.0,0.0,0.0,0.0,12,False
LS_21,OR52D1,OR52D1,0.0,0.0,0.0,0.0,12,False
LS_21,OR52H1,OR52H1,0.09,0.0,0.0,0.0,12,False
LS_21,OR52I1,OR52I1,0.0,0.0,0.0,0.0,12,False
LS_21,OR52I2,OR52I2,0.0,0.0,0.0,0.0,12,False
LS_21,OR52K1,OR52K1,0.6,0.0,0.0,0.0,12,False
LS_21,OR52K2,OR52K2,0.17,0.0,0.0,0.0,12,False
LS_21,OR52N1,OR52N1,0.0,0.0,0.0,0.0,12,False
LS_21,OR52N2,OR52N2,0.17,0.0,0.56,0.0,12,False
LS_21,OR52N4,OR52N4,0.0,0.0,0.0,0.0,12,False
LS_21,OR52N5,OR52N5,0.0,0.0,0.37,0.0,12,False
LS_21,OR56A4,OR56A4,0.0,0.0,0.0,0.0,12,False
LS_21,OR56B1,OR56B1,0.09,0.0,0.0,0.0,12,False
LS_21,OR5AN1,OR5AN1,0.0,0.0,0.0,0.0,12,False
LS_21,OR5AS1,OR5AS1,0.0,0.0,0.0,0.0,12,False
LS_21,OR5AU1,OR5AU1,0.0,0.0,0.0,0.0,12,False
LS_21,OR5B12,OR5B12,0.0,0.0,0.0,0.0,12,False
LS_21,OR5B2,OR5B2,0.0,0.0,0.0,0.0,12,False
LS_21,OR5B21,OR5B21,0.0,0.0,0.0,0.0,12,False
LS_21,OR5H1,OR5H1,0.0,0.0,0.0,0.0,12,False
LS_21,OR5H14,OR5H14,0.17,0.0,0.0,0.0,12,False
LS_21,OR5K2,OR5K2,0.09,0.0,0.0,0.0,12,False
LS_21,OR6A2,OR6A2,0.0,0.0,0.37,0.0,12,False
LS_21,OR6C2,OR6C2,0.0,0.0,0.0,0.0,12,False
LS_21,OR6C75,OR6C75,0.0,0.0,0.0,0.0,12,False
LS_21,OR6F1,OR6F1,0.0,0.0,0.0,0.0,12,False
LS_21,OR6J1,OR6J1,0.17,0.0,0.0,0.0,12,False
LS_21,OR6K3,OR6K3,0.0,0.0,0.0,0.0,12,False
LS_21,OR6N1,OR6N1,0.0,0.0,0.0,0.0,12,False
LS_21,OR6P1,OR6P1,0.0,0.0,0.0,0.0,12,False
LS_21,OR6V1,OR6V1,0.0,0.0,0.0,0.0,12,False
LS_21,OR6Y1,OR6Y1,0.0,0.0,0.0,0.0,12,False
LS_21,OR7A17,OR7A17,0.09,0.0,0.0,0.0,12,False
LS_21,OR7A5,OR7A5,0.0,0.0,0.0,0.0,12,False
LS_21,OR7C1,OR7C1,0.17,0.0,0.0,0.0,12,False
LS_21,OR7D2,OR7D2,0.0,0.0,0.0,0.0,12,False
LS_21,OR8D4,OR8D4,0.0,0.0,0.0,0.0,12,False
LS_21,OR8G5,OR8G5,0.0,0.0,0.0,0.0,12,False
LS_21,OR9A4,OR9A4,0.0,0.0,0.0,0.0,12,False
LS_21,OSMR,OSMR,0.17,0.0,0.0,0.0,12,False
LS_21,OSTM1,OSTM1,14.38,16.67,6.67,5.31,12,False
LS_21,OTOA,OTOA,0.51,0.0,0.56,1.36,12,False
LS_21,OTOP2,OTOP2,0.09,0.0,0.0,0.0,12,False
LS_21,OXER1,OXER1,1.46,0.0,0.74,1.13,12,False
LS_21,OXTR,OXTR,0.09,0.0,0.19,0.11,12,False
LS_21,P2RX2,P2RX2,0.0,0.0,0.0,0.0,12,False
LS_21,P2RX3,P2RX3,0.0,0.0,0.0,0.11,12,False
LS_21,P2RX6,P2RX6,0.17,0.0,0.74,0.11,12,False
LS_21,P2RX7,P2RX7,9.59,16.67,5.93,8.25,12,False
LS_21,P2RY1,P2RY1,1.46,0.0,4.26,1.58,12,False
LS_21,P2RY10,P2RY10,0.94,0.0,1.11,0.23,12,False
LS_21,P2RY11,P2RY11,5.74,0.0,2.96,4.75,12,False
LS_21,P2RY12,P2RY12,0.09,0.0,0.0,0.0,12,False
LS_21,P2RY13,P2RY13,2.65,0.0,2.22,5.88,12,False
LS_21,P2RY14,P2RY14,0.68,0.0,1.48,0.23,12,False
LS_21,P2RY4,P2RY4,0.09,0.0,0.0,0.0,12,False
LS_21,P2RY6,P2RY6,1.88,0.0,0.0,1.02,12,False
LS_21,PANX1,PANX1,6.93,0.0,8.33,5.2,12,False
LS_21,PANX2,PANX2,1.11,0.0,0.74,0.23,12,False
LS_21,PARM1,PARM1,0.0,0.0,0.37,0.11,12,False
LS_21,PCDH1,PCDH1,0.0,0.0,0.0,0.0,12,False
LS_21,PCDH10,PCDH10,0.09,0.0,0.0,0.0,12,False
LS_21,PCDH11X,PCDH11X,0.09,0.0,0.0,0.0,12,False
LS_21,PCDH11Y,PCDH11Y,0.0,0.0,0.0,0.0,12,False
LS_21,PCDH12,PCDH12,0.0,0.0,0.19,0.11,12,False
LS_21,PCDH15,PCDH15,0.17,0.0,0.0,0.0,12,False
LS_21,PCDH18,PCDH18,0.0,0.0,0.0,0.0,12,False
LS_21,PCDH20,PCDH20,0.0,0.0,0.19,0.0,12,False
LS_21,PCDH7,PCDH7,0.43,0.0,0.0,0.0,12,False
LS_21,PCDH8,PCDH8,0.0,0.0,0.19,0.0,12,False
LS_21,PCDHA10,PCDHA10,0.0,0.0,0.0,0.0,12,False
LS_21,PCDHA11,PCDHA11,0.0,0.0,0.0,0.0,12,False
LS_21,PCDHA12,PCDHA12,0.09,0.0,0.0,0.0,12,False
LS_21,PCDHA4,PCDHA4,0.0,0.0,0.0,0.0,12,False
LS_21,PCDHA9,PCDHA9,0.0,0.0,0.0,0.0,12,False
LS_21,PCDHB1,PCDHB1,0.0,0.0,0.0,0.0,12,False
LS_21,PCDHB10,PCDHB10,0.09,0.0,0.0,0.0,12,False
LS_21,PCDHB11,PCDHB11,0.0,0.0,0.0,0.0,12,False
LS_21,PCDHB12,PCDHB12,0.0,0.0,0.0,0.0,12,False
LS_21,PCDHB13,PCDHB13,0.0,0.0,0.0,0.0,12,False
LS_21,PCDHB14,PCDHB14,0.09,0.0,0.0,0.0,12,False
LS_21,PCDHB15,PCDHB15,0.0,0.0,0.0,0.0,12,False
LS_21,PCDHB16,PCDHB16,0.0,0.0,0.0,0.0,12,False
LS_21,PCDHB2,PCDHB2,0.0,0.0,0.0,0.0,12,False
LS_21,PCDHB5,PCDHB5,0.09,0.0,0.0,0.0,12,False
LS_21,PCDHB8,PCDHB8,0.0,0.0,0.0,0.0,12,False
LS_21,PCDHB9,PCDHB9,0.17,0.0,0.0,0.0,12,False
LS_21,PCDHGA1,PCDHGA1,0.0,0.0,0.0,0.0,12,False
LS_21,PCDHGA10,PCDHGA10,0.77,0.0,0.19,0.34,12,False
LS_21,PCDHGA11,PCDHGA11,0.17,0.0,0.19,0.0,12,False
LS_21,PCDHGA12,PCDHGA12,0.34,0.0,0.56,0.11,12,False
LS_21,PCDHGA2,PCDHGA2,0.0,0.0,0.0,0.0,12,False
LS_21,PCDHGA3,PCDHGA3,0.0,0.0,0.0,0.0,12,False
LS_21,PCDHGA4,PCDHGA4,0.0,0.0,0.0,0.0,12,False
LS_21,PCDHGA5,PCDHGA5,0.26,0.0,0.0,0.0,12,False
LS_21,PCDHGA6,PCDHGA6,0.77,0.0,0.74,0.11,12,False
LS_21,PCDHGA7,PCDHGA7,0.09,0.0,0.0,0.0,12,False
LS_21,PCDHGA8,PCDHGA8,0.26,0.0,0.0,0.11,12,False
LS_21,PCDHGA9,PCDHGA9,0.0,0.0,0.19,0.0,12,False
LS_21,PCDHGB1,PCDHGB1,0.0,0.0,0.19,0.0,12,False
LS_21,PCDHGB2,PCDHGB2,1.2,0.0,0.56,0.11,12,False
LS_21,PCDHGB3,PCDHGB3,0.26,0.0,0.19,0.11,12,False
LS_21,PCDHGB4,PCDHGB4,0.17,0.0,0.0,0.23,12,False
LS_21,PCDHGB5,PCDHGB5,0.0,0.0,0.0,0.0,12,False
LS_21,PCDHGB6,PCDHGB6,0.17,0.0,0.0,0.0,12,False
LS_21,PCDHGB7,PCDHGB7,0.43,0.0,0.56,0.0,12,False
LS_21,PCDHGC3,PCDHGC3,1.2,0.0,0.0,0.56,12,False
LS_21,PCDHGC4,PCDHGC4,0.09,0.0,0.0,0.0,12,False
LS_21,PCDHGC5,PCDHGC5,0.17,0.0,0.0,0.0,12,False
LS_21,PCSK5,PCSK5,0.94,0.0,1.85,1.13,12,False
LS_21,PDCD1,PDCD1,0.0,0.0,0.0,0.0,12,False
LS_21,PDCD1LG2,PDCD1LG2,0.26,0.0,0.37,0.0,12,False
LS_21,PDGFRA,PDGFRA,0.0,0.0,0.19,0.0,12,False
LS_21,PDGFRB,PDGFRB,1.54,8.33,0.0,0.45,12,False
LS_21,PEAR1,PEAR1,0.6,0.0,4.07,0.34,12,False
LS_21,PGAP1,PGAP1,2.23,0.0,2.59,0.68,12,False
LS_21,PHEX,PHEX,0.0,0.0,0.0,0.0,12,False
LS_21,PI16,PI16,1.54,0.0,0.0,0.0,12,False
LS_21,PIEZO2,PIEZO2,2.48,8.33,0.74,0.45,12,False
LS_21,PIGO,PIGO,8.22,25.0,10.0,6.21,12,False
LS_21,PIGR,PIGR,0.09,0.0,0.0,0.11,12,False
LS_21,PIK3IP1,PIK3IP1,6.25,8.33,7.41,1.69,12,False
LS_21,PKD1L1,PKD1L1,0.09,0.0,0.0,0.0,12,False
LS_21,PKD1L3,PKD1L3,0.51,0.0,0.0,0.23,12,False
LS_21,PKD2L1,PKD2L1,0.09,0.0,0.0,0.0,12,False
LS_21,PKDREJ,PKDREJ,0.0,0.0,0.0,0.23,12,False
LS_21,PKHD1,PKHD1,0.0,0.0,0.0,0.0,12,False
LS_21,PKHD1L1,PKHD1L1,0.0,0.0,0.0,0.0,12,False
LS_21,PLA2R1,PLA2R1,0.34,0.0,0.93,0.0,12,False
LS_21,PLD5,PLD5,0.0,0.0,0.0,0.0,12,False
LS_21,PLET1,PLET1,0.0,0.0,0.0,0.0,12,False
LS_21,PLP1,PLP1,0.09,0.0,0.37,0.0,12,False
LS_21,PLVAP,PLVAP,1.28,0.0,0.37,0.11,12,False
LS_21,PLXDC1,PLXDC1,0.0,0.0,0.0,0.11,12,False
LS_21,PLXNA1,PLXNA1,0.34,0.0,0.0,0.23,12,False
LS_21,PLXNA2,PLXNA2,0.34,0.0,0.0,0.23,12,False
LS_21,PLXNA3,PLXNA3,8.22,8.33,1.3,1.58,12,False
LS_21,PLXNA4,PLXNA4,0.0,0.0,0.0,0.0,12,False
LS_21,PLXNB1,PLXNB1,8.9,8.33,4.26,1.36,12,False
LS_21,PLXNB3,PLXNB3,0.17,0.0,0.0,0.0,12,False
LS_21,PMEL,PMEL,0.26,0.0,0.56,0.23,12,False
LS_21,PMEPA1,PMEPA1,3.94,8.33,5.74,0.56,12,False
LS_21,PODXL,PODXL,0.68,0.0,1.3,0.23,12,False
LS_21,PRLHR,PRLHR,0.0,0.0,0.0,0.0,12,False
LS_21,PRLR,PRLR,11.3,8.33,0.19,4.29,12,False
LS_21,PRND,PRND,0.09,0.0,0.0,0.0,12,False
LS_21,PROCR,PROCR,2.23,0.0,2.04,2.03,12,False
LS_21,PROKR1,PROKR1,0.0,0.0,0.0,0.0,12,False
LS_21,PROKR2,PROKR2,0.0,0.0,0.0,0.0,12,False
LS_21,PROM2,PROM2,0.0,0.0,0.0,0.11,12,False
LS_21,PRPH2,PRPH2,0.0,0.0,0.0,0.0,12,False
LS_21,PRRT3,PRRT3,1.11,0.0,7.04,1.02,12,False
LS_21,PRSS41,PRSS41,0.0,0.0,0.0,0.0,12,False
LS_21,PRSS8,PRSS8,0.09,0.0,0.0,0.23,12,False
LS_21,PRTG,PRTG,0.0,0.0,0.74,0.0,12,False
LS_21,PSCA,PSCA,0.51,0.0,0.0,0.11,12,False
LS_21,PSEN2,PSEN2,6.59,8.33,4.26,1.24,12,False
LS_21,PTCH1,PTCH1,1.11,0.0,0.0,0.0,12,False
LS_21,PTCHD1,PTCHD1,0.0,0.0,0.0,0.0,12,False
LS_21,PTCHD4,PTCHD4,0.09,0.0,0.19,0.0,12,False
LS_21,PTCRA,PTCRA,1.63,8.33,0.0,0.23,12,False
LS_21,PTGDR,PTGDR,0.09,0.0,0.19,0.0,12,False
LS_21,PTGDR2,PTGDR2,0.43,0.0,3.15,0.11,12,False
LS_21,PTGER1,PTGER1,2.48,0.0,0.19,0.45,12,False
LS_21,PTGER3,PTGER3,0.51,0.0,0.19,0.23,12,False
LS_21,PTGFR,PTGFR,0.09,0.0,0.0,0.0,12,False
LS_21,PTGFRN,PTGFRN,1.03,0.0,0.19,1.24,12,False
LS_21,PTGIR,PTGIR,4.97,8.33,2.59,7.8,12,False
LS_21,PTH1R,PTH1R,0.51,0.0,0.0,0.11,12,False
LS_21,PTH2R,PTH2R,4.2,0.0,0.19,1.92,12,False
LS_21,PTPRB,PTPRB,0.77,0.0,0.19,0.11,12,False
LS_21,PTPRD,PTPRD,0.26,0.0,2.96,0.34,12,False
LS_21,PTPRF,PTPRF,2.4,0.0,0.37,0.11,12,False
LS_21,PTPRG,PTPRG,1.37,0.0,0.0,0.0,12,False
LS_21,PTPRH,PTPRH,0.51,0.0,0.0,0.11,12,False
LS_21,PTPRK,PTPRK,0.09,0.0,0.37,0.0,12,False
LS_21,PTPRM,PTPRM,1.8,0.0,6.3,2.26,12,False
LS_21,PTPRN,PTPRN,0.0,0.0,0.0,0.0,12,False
LS_21,PTPRN2,PTPRN2,3.85,8.33,1.85,0.79,12,False
LS_21,PTPRO,PTPRO,2.05,0.0,0.19,0.79,12,False
LS_21,PTPRR,PTPRR,0.17,0.0,0.0,0.0,12,False
LS_21,PTPRS,PTPRS,2.57,8.33,0.74,0.11,12,False
LS_21,PTPRU,PTPRU,0.26,0.0,0.0,0.0,12,False
LS_21,PVR,PVR,4.02,8.33,7.04,2.03,12,False
LS_21,QRFPR,QRFPR,0.0,0.0,0.0,0.0,12,False
LS_21,QSOX2,QSOX2,5.65,8.33,7.22,3.62,12,False
LS_21,RAET1E,RAET1E,0.6,0.0,0.19,0.23,12,False
LS_21,RAET1G,RAET1G,0.51,0.0,0.0,0.0,12,False
LS_21,RAMP2,RAMP2,0.26,0.0,0.19,0.11,12,False
LS_21,RAMP3,RAMP3,0.0,0.0,0.0,0.0,12,False
LS_21,RECK,RECK,5.82,0.0,6.67,4.86,12,False
LS_21,RET,RET,8.99,8.33,0.19,1.58,12,False
LS_21,RGMA,RGMA,1.2,0.0,3.7,0.79,12,False
LS_21,RGMB,RGMB,0.09,0.0,0.0,0.0,12,False
LS_21,RHAG,RHAG,0.17,0.0,0.37,0.23,12,False
LS_21,RHBDF2,RHBDF2,10.19,25.0,5.74,8.59,12,False
LS_21,RHBDL2,RHBDL2,0.0,0.0,0.0,0.0,12,False
LS_21,RHO,RHO,0.0,0.0,0.0,0.0,12,False
LS_21,RNF150,RNF150,0.0,0.0,4.26,0.11,12,False
LS_21,RNF43,RNF43,0.86,0.0,0.74,0.56,12,False
LS_21,ROBO1,ROBO1,0.26,0.0,2.96,0.34,12,False
LS_21,ROBO2,ROBO2,0.09,0.0,0.19,0.0,12,False
LS_21,ROR1,ROR1,1.11,0.0,0.19,0.0,12,False
LS_21,ROR2,ROR2,0.0,0.0,0.37,0.0,12,False
LS_21,RPRM,RPRM,0.0,0.0,0.0,0.0,12,False
LS_21,RPRML,RPRML,0.0,0.0,0.0,0.0,12,False
LS_21,RRH,RRH,0.09,0.0,0.0,0.0,12,False
LS_21,RTN4RL1,RTN4RL1,0.6,0.0,0.0,0.11,12,False
LS_21,RTN4RL2,RTN4RL2,0.77,0.0,2.04,2.6,12,False
LS_21,RXFP1,RXFP1,3.85,8.33,2.59,5.42,12,False
LS_21,RXFP2,RXFP2,0.0,0.0,0.0,0.0,12,False
LS_21,RXFP4,RXFP4,0.09,0.0,0.0,0.0,12,False
LS_21,S1PR1,S1PR1,1.28,8.33,0.74,0.45,12,False
LS_21,S1PR2,S1PR2,0.43,0.0,0.37,0.34,12,False
LS_21,S1PR3,S1PR3,1.2,0.0,0.19,1.81,12,False
LS_21,S1PR5,S1PR5,0.0,0.0,0.37,0.0,12,False
LS_21,SCARA5,SCARA5,0.86,0.0,0.0,0.0,12,False
LS_21,SCARF2,SCARF2,2.31,0.0,0.56,0.56,12,False
LS_21,SCN11A,SCN11A,0.26,0.0,0.0,0.11,12,False
LS_21,SCN1B,SCN1B,3.08,8.33,1.67,2.49,12,False
LS_21,SCN2A,SCN2A,0.34,0.0,0.19,0.0,12,False
LS_21,SCN3A,SCN3A,0.0,0.0,0.37,0.11,12,False
LS_21,SCN3B,SCN3B,0.0,0.0,0.19,0.11,12,False
LS_21,SCN4A,SCN4A,0.09,0.0,0.93,0.11,12,False
LS_21,SCN4B,SCN4B,0.51,0.0,0.0,0.11,12,False
LS_21,SCN5A,SCN5A,0.0,0.0,0.0,0.0,12,False
LS_21,SCN7A,SCN7A,0.0,0.0,0.19,0.0,12,False
LS_21,SCN8A,SCN8A,0.43,0.0,1.3,0.0,12,False
LS_21,SCN9A,SCN9A,2.48,8.33,9.44,0.68,12,False
LS_21,SCNN1A,SCNN1A,0.77,0.0,0.37,0.23,12,False
LS_21,SCNN1B,SCNN1B,0.0,0.0,0.0,0.0,12,False
LS_21,SCNN1D,SCNN1D,3.77,0.0,1.48,1.81,12,False
LS_21,SDC1,SDC1,0.0,0.0,0.0,0.0,12,False
LS_21,SDC2,SDC2,14.9,16.67,0.0,0.11,12,False
LS_21,SDK1,SDK1,0.17,0.0,0.0,0.0,12,False
LS_21,SECTM1,SECTM1,3.6,0.0,1.11,1.47,12,False
LS_21,SELE,SELE,0.0,0.0,0.0,0.0,12,False
LS_21,SELP,SELP,0.43,0.0,1.11,0.11,12,False
LS_21,SEMA4B,SEMA4B,2.57,0.0,2.96,3.05,12,False
LS_21,SEMA4C,SEMA4C,7.36,0.0,3.33,2.15,12,False
LS_21,SEMA4F,SEMA4F,0.51,0.0,1.85,0.11,12,False
LS_21,SEMA4G,SEMA4G,0.34,0.0,0.37,0.0,12,False
LS_21,SEMA5A,SEMA5A,0.0,0.0,0.0,0.0,12,False
LS_21,SEMA5B,SEMA5B,0.0,0.0,0.37,0.0,12,False
LS_21,SEMA6A,SEMA6A,0.68,0.0,0.37,0.11,12,False
LS_21,SEMA6B,SEMA6B,5.82,0.0,0.0,1.92,12,False
LS_21,SEMA6C,SEMA6C,0.94,0.0,2.22,0.45,12,False
LS_21,SEMA6D,SEMA6D,0.0,0.0,0.0,0.0,12,False
LS_21,SEMA7A,SEMA7A,2.05,0.0,2.41,0.45,12,False
LS_21,SERINC2,SERINC2,4.97,8.33,0.19,1.92,12,False
LS_21,SERINC4,SERINC4,1.2,0.0,1.48,0.34,12,False
LS_21,SERINC5,SERINC5,9.5,25.0,7.04,6.44,12,False
LS_21,SEZ6,SEZ6,0.0,0.0,0.19,0.11,12,False
LS_21,SEZ6L2,SEZ6L2,1.46,8.33,0.37,0.56,12,False
LS_21,SGCA,SGCA,0.34,0.0,0.37,0.11,12,False
LS_21,SGCB,SGCB,2.05,0.0,1.11,0.56,12,False
LS_21,SGCD,SGCD,0.0,0.0,0.0,0.0,12,False
LS_21,SGCE,SGCE,0.0,0.0,0.0,0.0,12,False
LS_21,SGCZ,SGCZ,0.0,0.0,0.37,0.0,12,False
LS_21,SHISA4,SHISA4,0.77,0.0,0.37,0.0,12,False
LS_21,SHISA7,SHISA7,0.34,0.0,0.0,0.11,12,False
LS_21,SHISA8,SHISA8,0.0,0.0,0.19,0.11,12,False
LS_21,SHISA9,SHISA9,0.0,0.0,0.0,0.11,12,False
LS_21,SIDT1,SIDT1,2.83,0.0,7.04,3.16,12,False
LS_21,SIDT2,SIDT2,14.04,33.33,5.0,4.75,12,False
LS_21,SIGLEC1,SIGLEC1,4.97,0.0,0.0,0.79,12,False
LS_21,SIGLEC10,SIGLEC10,6.25,8.33,5.56,3.73,12,False
LS_21,SIGLEC11,SIGLEC11,0.17,0.0,0.0,1.13,12,False
LS_21,SIGLEC12,SIGLEC12,14.38,25.0,0.19,5.42,12,False
LS_21,SIGLEC14,SIGLEC14,2.23,0.0,0.37,1.92,12,False
LS_21,SIGLEC15,SIGLEC15,2.4,0.0,1.3,0.79,12,False
LS_21,SIGLEC5,SIGLEC5,0.94,0.0,0.19,1.58,12,False
LS_21,SIGLEC6,SIGLEC6,4.2,8.33,0.37,0.56,12,False
LS_21,SIGLEC7,SIGLEC7,4.54,0.0,0.19,2.94,12,False
LS_21,SIGLEC8,SIGLEC8,0.0,0.0,0.0,0.0,12,False
LS_21,SIGLEC9,SIGLEC9,4.28,8.33,0.0,8.81,12,False
LS_21,SIGLECL1,SIGLECL1,0.09,0.0,0.19,0.0,12,False
LS_21,SIRPG,SIRPG,0.09,0.0,0.19,0.11,12,False
LS_21,SIT1,SIT1,0.77,0.0,0.19,1.47,12,False
LS_21,SLAMF1,SLAMF1,0.6,0.0,0.0,0.23,12,False
LS_21,SLAMF6,SLAMF6,1.46,0.0,0.0,0.45,12,False
LS_21,SLAMF7,SLAMF7,0.26,0.0,0.0,0.11,12,False
LS_21,SLAMF8,SLAMF8,0.09,0.0,0.19,0.45,12,False
LS_21,SLAMF9,SLAMF9,0.6,0.0,0.19,0.23,12,False
LS_21,SLC10A1,SLC10A1,0.26,0.0,0.19,0.11,12,False
LS_21,SLC10A2,SLC10A2,0.0,0.0,0.0,0.11,12,False
LS_21,SLC10A4,SLC10A4,0.0,0.0,0.0,0.11,12,False
LS_21,SLC10A5,SLC10A5,0.26,0.0,1.3,0.11,12,False
LS_21,SLC10A6,SLC10A6,0.0,0.0,0.0,0.0,12,False
LS_21,SLC11A2,SLC11A2,7.88,0.0,9.44,4.29,12,False
LS_21,SLC12A1,SLC12A1,0.0,0.0,0.0,0.0,12,False
LS_21,SLC12A3,SLC12A3,0.09,0.0,0.0,0.0,12,False
LS_21,SLC12A4,SLC12A4,6.34,8.33,5.37,3.95,12,False
LS_21,SLC12A5,SLC12A5,5.22,8.33,3.33,1.13,12,False
LS_21,SLC12A8,SLC12A8,0.86,0.0,0.0,0.11,12,False
LS_21,SLC13A3,SLC13A3,0.09,0.0,0.0,0.0,12,False
LS_21,SLC13A4,SLC13A4,0.34,0.0,0.0,0.0,12,False
LS_21,SLC14A1,SLC14A1,1.28,0.0,0.56,0.11,12,False
LS_21,SLC14A2,SLC14A2,0.0,0.0,0.0,0.11,12,False
LS_21,SLC15A2,SLC15A2,13.36,16.67,3.15,5.99,12,False
LS_21,SLC15A3,SLC15A3,7.79,0.0,0.37,5.31,12,False
LS_21,SLC15A5,SLC15A5,0.0,0.0,0.0,0.0,12,False
LS_21,SLC16A4,SLC16A4,0.34,0.0,0.19,0.23,12,False
LS_21,SLC16A5,SLC16A5,7.96,8.33,3.33,3.39,12,False
LS_21,SLC16A6,SLC16A6,0.26,0.0,0.37,0.79,12,False
LS_21,SLC16A8,SLC16A8,0.17,0.0,0.19,0.23,12,False
LS_21,SLC17A5,SLC17A5,10.96,0.0,5.56,4.41,12,False
LS_21,SLC17A7,SLC17A7,0.0,0.0,0.0,0.0,12,False
LS_21,SLC18A1,SLC18A1,0.0,0.0,0.0,0.0,12,False
LS_21,SLC18A2,SLC18A2,0.43,0.0,7.22,0.56,12,False
LS_21,SLC19A2,SLC19A2,2.57,0.0,6.3,4.41,12,False
LS_21,SLC1A1,SLC1A1,0.0,0.0,0.0,0.0,12,False
LS_21,SLC1A2,SLC1A2,0.0,0.0,0.0,0.11,12,False
LS_21,SLC1A3,SLC1A3,4.97,0.0,1.85,8.59,12,False
LS_21,SLC1A7,SLC1A7,0.43,0.0,0.0,0.11,12,False
LS_21,SLC20A2,SLC20A2,10.79,16.67,9.81,6.1,12,False
LS_21,SLC22A1,SLC22A1,0.0,0.0,0.0,0.0,12,False
LS_21,SLC22A11,SLC22A11,0.09,0.0,0.0,0.0,12,False
LS_21,SLC22A13,SLC22A13,0.09,0.0,0.0,0.11,12,False
LS_21,SLC22A14,SLC22A14,0.0,0.0,0.0,0.0,12,False
LS_21,SLC22A15,SLC22A15,9.25,8.33,2.78,6.67,12,False
LS_21,SLC22A23,SLC22A23,0.26,0.0,0.19,0.34,12,False
LS_21,SLC22A4,SLC22A4,5.57,8.33,4.26,7.91,12,False
LS_21,SLC22A5,SLC22A5,4.02,8.33,5.93,3.84,12,False
LS_21,SLC22A7,SLC22A7,0.0,0.0,0.19,0.0,12,False
LS_21,SLC23A1,SLC23A1,0.17,0.0,0.74,0.0,12,False
LS_21,SLC24A2,SLC24A2,0.0,0.0,0.0,0.0,12,False
LS_21,SLC24A3,SLC24A3,10.62,33.33,2.41,3.05,12,False
LS_21,SLC24A4,SLC24A4,9.67,8.33,0.56,4.18,12,False
LS_21,SLC24A5,SLC24A5,0.17,0.0,0.0,0.0,12,False
LS_21,SLC26A1,SLC26A1,0.77,0.0,0.37,0.23,12,False
LS_21,SLC26A2,SLC26A2,11.47,33.33,6.67,6.1,12,False
LS_21,SLC26A3,SLC26A3,0.0,0.0,0.0,0.0,12,False
LS_21,SLC26A4,SLC26A4,0.09,0.0,0.0,0.0,12,False
LS_21,SLC26A5,SLC26A5,0.09,0.0,0.0,0.0,12,False
LS_21,SLC26A6,SLC26A6,9.08,8.33,4.44,6.55,12,False
LS_21,SLC26A8,SLC26A8,0.86,0.0,0.93,1.24,12,False
LS_21,SLC26A9,SLC26A9,0.0,0.0,0.0,0.23,12,False
LS_21,SLC28A1,SLC28A1,0.0,0.0,0.0,0.0,12,False
LS_21,SLC28A2,SLC28A2,0.0,0.0,0.0,0.23,12,False
LS_21,SLC28A3,SLC28A3,10.1,8.33,0.0,2.49,12,False
LS_21,SLC29A2,SLC29A2,1.2,0.0,5.93,1.13,12,False
LS_21,SLC29A4,SLC29A4,1.88,0.0,0.19,0.0,12,False
LS_21,SLC2A1,SLC2A1,7.19,8.33,8.33,3.16,12,False
LS_21,SLC2A10,SLC2A10,1.11,0.0,1.67,0.34,12,False
LS_21,SLC2A12,SLC2A12,0.68,0.0,0.0,0.34,12,False
LS_21,SLC2A13,SLC2A13,2.57,8.33,4.44,2.37,12,False
LS_21,SLC2A14,SLC2A14,1.2,0.0,0.19,0.68,12,False
LS_21,SLC2A4,SLC2A4,0.17,0.0,0.37,0.0,12,False
LS_21,SLC2A6,SLC2A6,8.3,8.33,2.78,2.15,12,False
LS_21,SLC2A7,SLC2A7,0.0,0.0,0.0,0.11,12,False
LS_21,SLC2A8,SLC2A8,2.05,0.0,6.48,2.6,12,False
LS_21,SLC2A9,SLC2A9,9.67,8.33,4.26,9.83,12,False
LS_21,SLC30A1,SLC30A1,10.53,16.67,4.07,4.86,12,False
LS_21,SLC31A1,SLC31A1,6.34,16.67,5.37,9.72,12,False
LS_21,SLC32A1,SLC32A1,0.0,0.0,0.0,0.0,12,False
LS_21,SLC33A1,SLC33A1,10.36,25.0,6.48,5.88,12,False
LS_21,SLC34A1,SLC34A1,0.09,0.0,0.0,0.0,12,False
LS_21,SLC34A2,SLC34A2,0.0,0.0,0.0,0.0,12,False
LS_21,SLC35A5,SLC35A5,7.11,0.0,7.41,3.16,12,False
LS_21,SLC36A1,SLC36A1,13.78,16.67,1.48,8.59,12,False
LS_21,SLC36A3,SLC36A3,0.0,0.0,0.0,0.0,12,False
LS_21,SLC37A2,SLC37A2,4.71,0.0,0.19,4.41,12,False
LS_21,SLC37A3,SLC37A3,0.6,0.0,2.96,0.56,12,False
LS_21,SLC38A11,SLC38A11,0.0,0.0,0.0,0.0,12,False
LS_21,SLC38A4,SLC38A4,0.09,0.0,0.19,0.0,12,False
LS_21,SLC38A8,SLC38A8,0.0,0.0,0.0,0.0,12,False
LS_21,SLC38A9,SLC38A9,8.73,16.67,7.04,3.73,12,False
LS_21,SLC39A14,SLC39A14,3.08,0.0,5.74,2.6,12,False
LS_21,SLC39A2,SLC39A2,0.09,0.0,0.0,0.0,12,False
LS_21,SLC39A5,SLC39A5,0.0,0.0,0.0,0.23,12,False
LS_21,SLC3A1,SLC3A1,0.77,0.0,0.74,0.23,12,False
LS_21,SLC41A1,SLC41A1,0.77,0.0,4.63,0.45,12,False
LS_21,SLC41A2,SLC41A2,0.34,0.0,0.56,0.34,12,False
LS_21,SLC43A2,SLC43A2,13.7,8.33,4.44,2.71,12,False
LS_21,SLC44A3,SLC44A3,0.68,0.0,0.0,0.23,12,False
LS_21,SLC44A4,SLC44A4,0.86,0.0,0.56,0.56,12,False
LS_21,SLC44A5,SLC44A5,0.43,0.0,0.19,0.0,12,False
LS_21,SLC45A2,SLC45A2,0.17,0.0,0.0,0.0,12,False
LS_21,SLC45A4,SLC45A4,3.77,0.0,1.48,1.81,12,False
LS_21,SLC46A1,SLC46A1,2.48,0.0,3.33,1.69,12,False
LS_21,SLC46A2,SLC46A2,0.17,0.0,0.0,0.11,12,False
LS_21,SLC46A3,SLC46A3,7.02,16.67,6.67,2.15,12,False
LS_21,SLC47A1,SLC47A1,0.34,0.0,0.0,0.56,12,False
LS_21,SLC4A1,SLC4A1,0.09,0.0,0.19,0.23,12,False
LS_21,SLC4A10,SLC4A10,0.0,0.0,0.0,0.0,12,False
LS_21,SLC4A4,SLC4A4,0.17,0.0,0.74,0.0,12,False
LS_21,SLC4A5,SLC4A5,1.37,0.0,1.11,0.23,12,False
LS_21,SLC4A8,SLC4A8,4.11,8.33,2.96,0.68,12,False
LS_21,SLC51A,SLC51A,0.09,0.0,0.0,0.0,12,False
LS_21,SLC51B,SLC51B,0.09,0.0,0.0,0.0,12,False
LS_21,SLC52A1,SLC52A1,0.09,0.0,0.0,0.0,12,False
LS_21,SLC52A3,SLC52A3,1.28,0.0,0.19,0.56,12,False
LS_21,SLC5A10,SLC5A10,1.03,0.0,0.74,0.56,12,False
LS_21,SLC5A11,SLC5A11,0.0,0.0,0.0,0.23,12,False
LS_21,SLC5A12,SLC5A12,0.0,0.0,0.0,0.0,12,False
LS_21,SLC5A2,SLC5A2,0.09,0.0,0.93,0.34,12,False
LS_21,SLC5A4,SLC5A4,0.17,0.0,0.0,0.11,12,False
LS_21,SLC5A5,SLC5A5,0.0,0.0,0.74,0.11,12,False
LS_21,SLC5A9,SLC5A9,0.17,0.0,0.0,0.0,12,False
LS_21,SLC6A1,SLC6A1,0.0,0.0,0.0,0.0,12,False
LS_21,SLC6A11,SLC6A11,0.0,0.0,0.0,0.0,12,False
LS_21,SLC6A12,SLC6A12,0.09,0.0,0.0,0.0,12,False
LS_21,SLC6A13,SLC6A13,0.0,0.0,0.0,0.0,12,False
LS_21,SLC6A16,SLC6A16,0.34,0.0,0.74,0.0,12,False
LS_21,SLC6A19,SLC6A19,0.0,0.0,0.0,0.0,12,False
LS_21,SLC6A2,SLC6A2,0.0,0.0,0.37,0.0,12,False
LS_21,SLC6A20,SLC6A20,0.17,0.0,0.0,0.0,12,False
LS_21,SLC6A3,SLC6A3,0.0,0.0,0.0,0.0,12,False
LS_21,SLC6A4,SLC6A4,0.0,0.0,0.19,0.0,12,False
LS_21,SLC6A6,SLC6A6,11.39,33.33,10.0,4.97,12,False
LS_21,SLC6A7,SLC6A7,0.0,0.0,0.0,0.0,12,False
LS_21,SLC6A8,SLC6A8,0.51,0.0,0.74,0.23,12,False
LS_21,SLC6A9,SLC6A9,0.17,0.0,0.0,0.0,12,False
LS_21,SLC7A10,SLC7A10,0.17,0.0,0.0,0.0,12,False
LS_21,SLC7A2,SLC7A2,0.6,0.0,0.0,0.11,12,False
LS_21,SLC7A3,SLC7A3,0.0,0.0,0.56,0.0,12,False
LS_21,SLC7A4,SLC7A4,0.0,0.0,0.0,0.0,12,False
LS_21,SLC7A6,SLC7A6,16.1,41.67,8.7,6.44,12,False
LS_21,SLC7A9,SLC7A9,0.51,0.0,0.19,0.0,12,False
LS_21,SLC8A1,SLC8A1,2.65,8.33,2.59,9.6,12,False
LS_21,SLC8A2,SLC8A2,0.09,0.0,0.19,0.0,12,False
LS_21,SLC8A3,SLC8A3,0.34,0.0,9.26,0.11,12,False
LS_21,SLC8B1,SLC8B1,13.36,33.33,8.33,8.36,12,False
LS_21,SLC9A1,SLC9A1,8.99,25.0,7.41,8.59,12,False
LS_21,SLC9A2,SLC9A2,0.0,0.0,0.0,0.0,12,False
LS_21,SLC9A3,SLC9A3,0.77,0.0,2.04,0.34,12,False
LS_21,SLC9A6,SLC9A6,6.08,0.0,2.96,3.62,12,False
LS_21,SLCO1A2,SLCO1A2,0.0,0.0,0.0,0.0,12,False
LS_21,SLCO1B3,SLCO1B3,0.09,0.0,0.0,0.0,12,False
LS_21,SLCO1C1,SLCO1C1,0.0,0.0,0.0,0.0,12,False
LS_21,SLCO2A1,SLCO2A1,0.09,0.0,0.37,0.11,12,False
LS_21,SLCO2B1,SLCO2B1,0.0,0.0,0.0,0.0,12,False
LS_21,SLCO4A1,SLCO4A1,3.0,8.33,7.59,3.28,12,False
LS_21,SLCO4C1,SLCO4C1,4.28,0.0,0.74,3.05,12,False
LS_21,SLCO5A1,SLCO5A1,2.57,8.33,2.78,1.92,12,False
LS_21,SLITRK4,SLITRK4,6.68,0.0,0.56,1.02,12,False
LS_21,SLITRK5,SLITRK5,0.51,0.0,1.3,0.0,12,False
LS_21,SLITRK6,SLITRK6,0.17,0.0,0.0,0.0,12,False
LS_21,SMO,SMO,0.34,0.0,6.67,0.45,12,False
LS_21,SORCS1,SORCS1,0.26,0.0,0.0,0.0,12,False
LS_21,SORCS2,SORCS2,0.26,0.0,0.0,0.56,12,False
LS_21,SORCS3,SORCS3,0.0,0.0,0.0,0.0,12,False
LS_21,SORT1,SORT1,6.93,16.67,2.59,7.12,12,False
LS_21,SPRN,SPRN,0.09,0.0,0.0,0.0,12,False
LS_21,SSPN,SSPN,1.8,0.0,5.19,1.02,12,False
LS_21,SSTR1,SSTR1,0.0,0.0,0.19,0.0,12,False
LS_21,SSTR2,SSTR2,0.09,0.0,0.19,0.0,12,False
LS_21,SSTR3,SSTR3,0.17,0.0,0.0,0.0,12,False
LS_21,STAB2,STAB2,0.0,0.0,0.0,0.0,12,False
LS_21,STEAP4,STEAP4,0.09,0.0,0.19,0.0,12,False
LS_21,STS,STS,2.48,0.0,1.48,3.16,12,False
LS_21,SUCNR1,SUCNR1,11.13,50.0,6.3,6.55,12,False
LS_21,SUSD1,SUSD1,17.29,58.33,8.89,8.14,12,False
LS_21,SUSD2,SUSD2,0.34,0.0,0.19,0.0,12,False
LS_21,SUSD4,SUSD4,0.0,0.0,0.0,0.0,12,False
LS_21,SUSD5,SUSD5,0.0,0.0,0.37,0.11,12,False
LS_21,SV2B,SV2B,0.34,0.0,0.19,0.23,12,False
LS_21,SV2C,SV2C,0.17,0.0,0.19,0.0,12,False
LS_21,SVOPL,SVOPL,2.83,8.33,8.7,0.45,12,False
LS_21,SYP,SYP,1.54,0.0,1.11,0.34,12,False
LS_21,TACR1,TACR1,0.0,0.0,0.0,0.0,12,False
LS_21,TACR2,TACR2,0.34,0.0,0.19,0.23,12,False
LS_21,TACSTD2,TACSTD2,0.6,0.0,0.0,0.34,12,False
LS_21,TARM1,TARM1,0.51,0.0,0.0,0.56,12,False
LS_21,TAS1R1,TAS1R1,0.0,0.0,0.0,0.0,12,False
LS_21,TAS1R3,TAS1R3,0.09,0.0,0.0,0.0,12,False
LS_21,TAS2R10,TAS2R10,0.34,0.0,0.56,0.0,12,False
LS_21,TAS2R14,TAS2R14,2.74,0.0,1.48,0.79,12,False
LS_21,TAS2R19,TAS2R19,0.17,0.0,0.74,0.23,12,False
LS_21,TAS2R20,TAS2R20,0.0,0.0,0.19,0.0,12,False
LS_21,TAS2R3,TAS2R3,0.0,0.0,0.0,0.0,12,False
LS_21,TAS2R30,TAS2R30,0.51,0.0,0.74,0.11,12,False
LS_21,TAS2R4,TAS2R4,0.77,0.0,0.37,0.11,12,False
LS_21,TAS2R46,TAS2R46,0.17,0.0,0.19,0.0,12,False
LS_21,TAS2R7,TAS2R7,0.0,0.0,0.0,0.0,12,False
LS_21,TAS2R8,TAS2R8,0.0,0.0,0.0,0.0,12,False
LS_21,TAS2R9,TAS2R9,0.09,0.0,0.0,0.0,12,False
LS_21,TBXA2R,TBXA2R,3.34,8.33,4.63,1.58,12,False
LS_21,TCTN2,TCTN2,2.31,0.0,5.37,1.13,12,False
LS_21,TECTA,TECTA,0.0,0.0,0.0,0.0,12,False
LS_21,TEK,TEK,0.09,0.0,0.0,0.0,12,False
LS_21,TENM1,TENM1,0.34,0.0,0.0,0.11,12,False
LS_21,TENM3,TENM3,0.0,0.0,0.0,0.0,12,False
LS_21,TENM4,TENM4,0.0,0.0,0.0,0.0,12,False
LS_21,TEX101,TEX101,0.09,0.0,0.0,0.0,12,False
LS_21,TGFA,TGFA,0.68,0.0,0.0,0.23,12,False
LS_21,TGFBR3,TGFBR3,0.34,0.0,0.37,0.0,12,False
LS_21,THBD,THBD,1.63,0.0,0.37,0.9,12,False
LS_21,THSD1,THSD1,1.03,0.0,0.56,0.45,12,False
LS_21,THSD7A,THSD7A,12.5,25.0,2.22,1.69,12,False
LS_21,THSD7B,THSD7B,0.0,0.0,0.0,0.0,12,False
LS_21,THY1,THY1,0.0,0.0,1.85,0.0,12,False
LS_21,TIGIT,TIGIT,0.17,0.0,0.56,0.23,12,False
LS_21,TIMD4,TIMD4,0.0,0.0,0.0,0.11,12,False
LS_21,TLR1,TLR1,3.94,0.0,2.59,3.5,12,False
LS_21,TLR10,TLR10,2.65,0.0,0.93,0.11,12,False
LS_21,TLR3,TLR3,0.43,0.0,1.85,0.11,12,False
LS_21,TLR4,TLR4,8.39,8.33,2.04,5.76,12,False
LS_21,TLR5,TLR5,2.14,0.0,0.19,2.82,12,False
LS_21,TLR6,TLR6,4.88,0.0,2.04,3.39,12,False
LS_21,TLR7,TLR7,2.4,0.0,0.37,1.81,12,False
LS_21,TLR8,TLR8,1.71,0.0,0.0,2.71,12,False
LS_21,TLR9,TLR9,1.2,0.0,1.67,0.11,12,False
LS_21,TM4SF1,TM4SF1,4.45,16.67,5.19,1.81,12,False
LS_21,TM4SF18,TM4SF18,0.0,0.0,0.0,0.0,12,False
LS_21,TM4SF20,TM4SF20,0.0,0.0,0.0,0.0,12,False
LS_21,TM4SF5,TM4SF5,0.0,0.0,0.0,0.0,12,False
LS_21,TMC7,TMC7,0.0,0.0,0.0,0.0,12,False
LS_21,TMEFF1,TMEFF1,0.51,0.0,2.22,0.23,12,False
LS_21,TMEFF2,TMEFF2,0.0,0.0,0.19,0.0,12,False
LS_21,TMEM104,TMEM104,10.36,16.67,4.44,7.12,12,False
LS_21,TMEM106A,TMEM106A,13.1,25.0,10.0,4.97,12,False
LS_21,TMEM108,TMEM108,0.0,0.0,0.0,0.0,12,False
LS_21,TMEM116,TMEM116,3.85,0.0,3.89,2.94,12,False
LS_21,TMEM132A,TMEM132A,0.0,0.0,0.0,0.11,12,False
LS_21,TMEM132B,TMEM132B,0.0,0.0,0.0,0.0,12,False
LS_21,TMEM132C,TMEM132C,0.0,0.0,0.0,0.0,12,False
LS_21,TMEM132E,TMEM132E,0.0,0.0,0.0,0.0,12,False
LS_21,TMEM140,TMEM140,2.48,0.0,5.56,0.56,12,False
LS_21,TMEM145,TMEM145,0.68,0.0,0.19,0.56,12,False
LS_21,TMEM150A,TMEM150A,12.67,33.33,8.33,2.37,12,False
LS_21,TMEM150B,TMEM150B,1.11,0.0,1.67,2.03,12,False
LS_21,TMEM154,TMEM154,20.55,25.0,6.11,3.5,12,False
LS_21,TMEM158,TMEM158,0.77,0.0,1.11,0.45,12,False
LS_21,TMEM171,TMEM171,0.0,0.0,0.0,0.0,12,False
LS_21,TMEM178A,TMEM178A,0.34,0.0,0.0,0.0,12,False
LS_21,TMEM178B,TMEM178B,0.09,0.0,0.0,0.0,12,False
LS_21,TMEM182,TMEM182,2.57,0.0,5.93,0.9,12,False
LS_21,TMEM184A,TMEM184A,0.17,0.0,0.0,0.0,12,False
LS_21,TMEM204,TMEM204,1.11,0.0,4.44,1.13,12,False
LS_21,TMEM213,TMEM213,0.0,0.0,0.0,0.0,12,False
LS_21,TMEM217,TMEM217,3.77,0.0,4.44,2.15,12,False
LS_21,TMEM231,TMEM231,1.8,0.0,5.74,0.9,12,False
LS_21,TMEM235,TMEM235,0.0,0.0,0.0,0.0,12,False
LS_21,TMEM255A,TMEM255A,1.8,0.0,0.0,0.0,12,False
LS_21,TMEM255B,TMEM255B,1.88,8.33,0.56,1.02,12,False
LS_21,TMEM37,TMEM37,0.17,0.0,0.0,0.0,12,False
LS_21,TMEM62,TMEM62,9.59,16.67,9.63,4.52,12,False
LS_21,TMEM63B,TMEM63B,4.71,0.0,0.93,1.13,12,False
LS_21,TMEM63C,TMEM63C,0.09,0.0,0.19,0.11,12,False
LS_21,TMEM67,TMEM67,3.68,0.0,8.33,0.68,12,False
LS_21,TMEM8B,TMEM8B,3.51,0.0,3.89,1.92,12,False
LS_21,TMEM95,TMEM95,0.09,0.0,0.0,0.0,12,False
LS_21,TMPRSS11B,TMPRSS11B,0.0,0.0,0.0,0.0,12,False
LS_21,TMPRSS11D,TMPRSS11D,0.0,0.0,0.0,0.0,12,False
LS_21,TMPRSS13,TMPRSS13,0.34,0.0,0.0,0.79,12,False
LS_21,TMPRSS15,TMPRSS15,0.0,0.0,0.0,0.0,12,False
LS_21,TMPRSS5,TMPRSS5,0.09,0.0,0.0,0.23,12,False
LS_21,TMPRSS6,TMPRSS6,0.0,0.0,0.0,0.0,12,False
LS_21,TNFRSF10A,TNFRSF10A,6.25,16.67,8.33,6.33,12,False
LS_21,TNFRSF10C,TNFRSF10C,1.54,0.0,3.15,0.56,12,False
LS_21,TNFRSF10D,TNFRSF10D,5.82,8.33,3.33,4.75,12,False
LS_21,TNFRSF11A,TNFRSF11A,0.77,0.0,0.37,2.71,12,False
LS_21,TNFRSF13B,TNFRSF13B,0.0,0.0,0.0,0.0,12,False
LS_21,TNFRSF17,TNFRSF17,0.0,0.0,0.19,0.11,12,False
LS_21,TNFRSF18,TNFRSF18,3.25,8.33,0.37,0.11,12,False
LS_21,TNFRSF19,TNFRSF19,0.09,0.0,0.56,0.0,12,False
LS_21,TNFRSF25,TNFRSF25,3.42,8.33,1.11,1.36,12,False
LS_21,TNFRSF4,TNFRSF4,6.68,16.67,0.56,0.23,12,False
LS_21,TNFRSF8,TNFRSF8,0.6,0.0,0.19,0.34,12,False
LS_21,TNFRSF9,TNFRSF9,0.26,0.0,0.0,0.0,12,False
LS_21,TNFSF11,TNFSF11,0.0,0.0,0.0,0.0,12,False
LS_21,TNFSF15,TNFSF15,0.34,0.0,0.37,0.56,12,False
LS_21,TNFSF18,TNFSF18,0.0,0.0,0.0,0.0,12,False
LS_21,TNFSF4,TNFSF4,2.65,8.33,10.0,0.56,12,False
LS_21,TNFSF8,TNFSF8,2.74,0.0,4.63,1.47,12,False
LS_21,TPBG,TPBG,1.63,0.0,6.48,0.68,12,False
LS_21,TPBGL,TPBGL,0.09,0.0,0.0,0.0,12,False
LS_21,TPO,TPO,0.34,0.0,0.0,0.23,12,False
LS_21,TPSG1,TPSG1,0.0,0.0,0.0,0.11,12,False
LS_21,TRABD2A,TRABD2A,1.03,0.0,0.93,0.68,12,False
LS_21,TRABD2B,TRABD2B,0.0,0.0,0.0,0.0,12,False
LS_21,TRAT1,TRAT1,1.8,0.0,0.74,0.23,12,False
LS_21,TREH,TREH,0.0,0.0,0.0,0.0,12,False
LS_21,TREM2,TREM2,1.46,0.0,0.0,6.21,12,False
LS_21,TREML2,TREML2,0.94,0.0,1.3,0.79,12,False
LS_21,TRHDE,TRHDE,0.17,0.0,0.19,0.0,12,False
LS_21,TRHR,TRHR,0.0,0.0,0.0,0.0,12,False
LS_21,TRIL,TRIL,0.0,0.0,0.0,0.0,12,False
LS_21,TRPV4,TRPV4,0.0,0.0,0.0,0.11,12,False
LS_21,TRPV5,TRPV5,0.26,0.0,0.0,0.11,12,False
LS_21,TRPV6,TRPV6,0.0,0.0,0.0,0.34,12,False
LS_21,TSHR,TSHR,0.43,0.0,0.19,0.11,12,False
LS_21,TSPAN1,TSPAN1,0.0,0.0,0.0,0.0,12,False
LS_21,TSPAN11,TSPAN11,0.17,0.0,0.0,0.0,12,False
LS_21,TSPAN15,TSPAN15,0.17,0.0,0.0,0.11,12,False
LS_21,TSPAN17,TSPAN17,7.79,16.67,8.52,3.62,12,False
LS_21,TSPAN18,TSPAN18,0.0,0.0,0.37,0.0,12,False
LS_21,TSPAN5,TSPAN5,2.05,8.33,5.74,2.15,12,False
LS_21,TSPAN6,TSPAN6,0.09,0.0,0.0,0.0,12,False
LS_21,TSPAN7,TSPAN7,2.57,8.33,4.07,2.15,12,False
LS_21,TSPAN8,TSPAN8,0.0,0.0,0.0,0.0,12,False
LS_21,TSPAN9,TSPAN9,0.17,0.0,0.0,0.0,12,False
LS_21,TTYH1,TTYH1,0.6,0.0,1.3,0.11,12,False
LS_21,TTYH2,TTYH2,4.11,8.33,2.78,4.18,12,False
LS_21,TYRO3,TYRO3,0.68,0.0,2.22,0.9,12,False
LS_21,TYRP1,TYRP1,0.0,0.0,0.0,0.0,12,False
LS_21,UGT8,UGT8,0.0,0.0,0.0,0.0,12,False
LS_21,ULBP1,ULBP1,0.0,0.0,0.0,0.0,12,False
LS_21,ULBP2,ULBP2,0.0,0.0,0.19,0.0,12,False
LS_21,ULBP3,ULBP3,0.26,0.0,0.56,0.11,12,False
LS_21,UMODL1,UMODL1,3.85,25.0,1.48,1.36,12,False
LS_21,UNC5A,UNC5A,0.0,0.0,0.0,0.0,12,False
LS_21,UNC5B,UNC5B,0.77,0.0,0.37,0.11,12,False
LS_21,UNC5C,UNC5C,3.94,0.0,0.19,0.0,12,False
LS_21,UNC93A,UNC93A,0.0,0.0,0.0,0.0,12,False
LS_21,UPK1A,UPK1A,0.0,0.0,0.0,0.0,12,False
LS_21,UPK1B,UPK1B,0.09,0.0,0.0,0.0,12,False
LS_21,UPK2,UPK2,0.09,0.0,0.0,0.0,12,False
LS_21,UPK3A,UPK3A,18.07,8.33,0.19,8.93,12,False
LS_21,UPK3B,UPK3B,0.34,0.0,0.0,0.11,12,False
LS_21,USH2A,USH2A,0.0,0.0,0.0,0.0,12,False
LS_21,UTS2R,UTS2R,0.09,0.0,0.0,0.0,12,False
LS_21,VASN,VASN,0.26,0.0,0.0,0.11,12,False
LS_21,VCAM1,VCAM1,0.0,0.0,0.0,0.0,12,False
LS_21,VIPR1,VIPR1,0.17,0.0,0.74,1.81,12,False
LS_21,VIPR2,VIPR2,0.0,0.0,0.0,0.0,12,False
LS_21,VLDLR,VLDLR,3.25,8.33,0.56,0.45,12,False
LS_21,VN1R1,VN1R1,0.94,0.0,0.37,0.11,12,False
LS_21,VNN1,VNN1,5.74,8.33,1.67,2.15,12,False
LS_21,VNN2,VNN2,1.46,0.0,1.3,1.36,12,False
LS_21,VNN3,VNN3,0.09,0.0,0.19,0.0,12,False
LS_21,VSIG1,VSIG1,0.17,0.0,0.19,0.0,12,False
LS_21,VSIG10L,VSIG10L,0.86,0.0,2.04,0.34,12,False
LS_21,VSIG2,VSIG2,0.0,0.0,0.37,0.11,12,False
LS_21,VSIG8,VSIG8,0.43,0.0,1.3,0.11,12,False
LS_21,VSTM4,VSTM4,0.17,0.0,0.37,0.23,12,False
LS_21,VSTM5,VSTM5,0.0,0.0,0.0,0.0,12,False
LS_21,XCR1,XCR1,0.0,0.0,0.0,0.0,12,False
LS_21,XKR3,XKR3,0.09,0.0,0.37,0.0,12,False
LS_21,XPNPEP2,XPNPEP2,0.09,0.0,0.37,0.23,12,False
LS_21,ZACN,ZACN,0.77,0.0,1.11,0.56,12,False
LS_21,ZAN,ZAN,0.68,0.0,2.04,0.68,12,False
LS_21,ZDHHC11,ZDHHC11,0.26,0.0,0.37,0.23,12,False
LS_21,ZDHHC11B,ZDHHC11B,0.43,0.0,0.0,0.0,12,False
LS_21,ZP1,ZP1,0.09,0.0,0.0,0.0,12,False
LS_21,ZPLD1,ZPLD1,0.0,0.0,0.0,0.0,12,False
LS_27,ABCA1,ABCA1,4.32,0.0,2.41,2.03,12,False
LS_27,ABCA12,ABCA12,0.09,0.0,0.19,0.0,12,False
LS_27,ABCA13,ABCA13,3.67,0.0,3.52,0.68,12,False
LS_27,ABCA3,ABCA3,0.66,0.0,1.11,0.56,12,False
LS_27,ABCA4,ABCA4,0.0,0.0,0.0,0.0,12,False
LS_27,ABCA5,ABCA5,1.6,0.0,5.74,0.9,12,False
LS_27,ABCA6,ABCA6,0.0,0.0,0.19,0.68,12,False
LS_27,ABCA8,ABCA8,0.0,0.0,0.0,0.0,12,False
LS_27,ABCA9,ABCA9,0.28,0.0,0.0,0.11,12,False
LS_27,ABCB11,ABCB11,0.0,0.0,0.19,0.0,12,False
LS_27,ABCB4,ABCB4,0.0,0.0,0.19,0.23,12,False
LS_27,ABCB5,ABCB5,0.0,0.0,0.0,0.0,12,False
LS_27,ABCB9,ABCB9,3.1,0.0,2.96,1.69,12,False
LS_27,ABCC10,ABCC10,5.83,0.0,4.26,2.71,12,False
LS_27,ABCC11,ABCC11,0.56,0.0,0.0,0.34,12,False
LS_27,ABCC2,ABCC2,0.19,0.0,0.19,0.23,12,False
LS_27,ABCC3,ABCC3,0.19,0.0,0.0,0.34,12,False
LS_27,ABCC5,ABCC5,10.15,8.33,7.96,4.07,12,False
LS_27,ABCC9,ABCC9,0.0,0.0,0.0,0.0,12,False
LS_27,ABCG2,ABCG2,0.0,0.0,0.56,0.11,12,False
LS_27,ABCG4,ABCG4,0.0,0.0,0.0,0.0,12,False
LS_27,ACE,ACE,1.32,0.0,1.11,0.34,12,False
LS_27,ACE2,ACE2,0.0,0.0,0.0,0.0,12,False
LS_27,ACHE,ACHE,0.28,0.0,0.37,0.0,12,False
LS_27,ACKR1,ACKR1,0.09,0.0,0.0,0.11,12,False
LS_27,ACKR2,ACKR2,0.28,0.0,0.0,0.0,12,False
LS_27,ACKR3,ACKR3,2.44,0.0,1.3,1.36,12,False
LS_27,ACKR4,ACKR4,0.28,0.0,0.0,0.11,12,False
LS_27,ACVR1,ACVR1,3.67,0.0,2.22,1.24,12,False
LS_27,ACVR1B,ACVR1B,7.24,0.0,4.44,4.97,12,False
LS_27,ACVR1C,ACVR1C,0.09,0.0,0.19,0.0,12,False
LS_27,ACVR2A,ACVR2A,0.19,0.0,1.67,0.11,12,False
LS_27,ACVR2B,ACVR2B,1.41,0.0,2.59,1.47,12,False
LS_27,ACVRL1,ACVRL1,0.0,0.0,0.19,2.49,12,False
LS_27,ADAM11,ADAM11,0.47,0.0,0.74,0.11,12,False
LS_27,ADAM12,ADAM12,0.47,0.0,0.37,0.23,12,False
LS_27,ADAM19,ADAM19,0.09,0.0,1.11,0.11,12,False
LS_27,ADAM20,ADAM20,0.09,0.0,0.0,0.0,12,False
LS_27,ADAM21,ADAM21,0.0,0.0,0.19,0.0,12,False
LS_27,ADAM22,ADAM22,0.85,0.0,8.89,0.56,12,False
LS_27,ADAM23,ADAM23,1.6,8.33,0.0,0.23,12,False
LS_27,ADAM30,ADAM30,0.0,0.0,0.0,0.0,12,False
LS_27,ADAM32,ADAM32,0.28,0.0,1.3,0.23,12,False
LS_27,ADAM33,ADAM33,0.19,0.0,0.0,0.0,12,False
LS_27,ADAM9,ADAM9,7.42,0.0,4.81,6.55,12,False
LS_27,ADCY2,ADCY2,1.32,0.0,0.0,0.0,12,False
LS_27,ADCY5,ADCY5,0.0,0.0,0.0,0.0,12,False
LS_27,ADCY6,ADCY6,3.67,0.0,1.11,1.02,12,False
LS_27,ADCY9,ADCY9,7.89,0.0,1.67,5.99,12,False
LS_27,ADORA1,ADORA1,0.0,0.0,0.0,0.0,12,False
LS_27,ADORA2A,ADORA2A,2.44,0.0,1.85,1.58,12,False
LS_27,ADORA2B,ADORA2B,4.98,0.0,2.59,2.26,12,False
LS_27,ADORA3,ADORA3,0.09,0.0,0.0,0.11,12,False
LS_27,ADRA1B,ADRA1B,0.0,0.0,0.0,0.0,12,False
LS_27,ADRA1D,ADRA1D,0.0,0.0,0.0,0.0,12,False
LS_27,ADRA2A,ADRA2A,1.13,0.0,3.7,0.0,12,False
LS_27,ADRA2B,ADRA2B,0.09,0.0,0.0,0.11,12,False
LS_27,ADRA2C,ADRA2C,0.09,0.0,0.0,0.0,12,False
LS_27,ADRB1,ADRB1,1.5,0.0,0.74,1.81,12,False
LS_27,ADRB3,ADRB3,0.0,0.0,0.0,0.0,12,False
LS_27,AGER,AGER,4.98,0.0,3.52,2.71,12,False
LS_27,AGTR1,AGTR1,0.0,0.0,0.0,0.0,12,False
LS_27,AJAP1,AJAP1,0.0,0.0,0.0,0.0,12,False
LS_27,ALK,ALK,0.0,0.0,0.0,0.0,12,False
LS_27,ALPL,ALPL,0.0,0.0,0.0,0.0,12,False
LS_27,ALPP,ALPP,0.0,0.0,0.0,0.0,12,False
LS_27,AMHR2,AMHR2,0.0,0.0,0.37,0.0,12,False
LS_27,AMIGO1,AMIGO1,0.75,0.0,0.37,0.34,12,False
LS_27,AMIGO2,AMIGO2,0.47,0.0,0.37,0.79,12,False
LS_27,AMIGO3,AMIGO3,0.0,0.0,0.0,0.11,12,False
LS_27,AMN,AMN,33.65,58.33,4.63,3.73,12,False
LS_27,ANKH,ANKH,4.23,8.33,9.26,4.29,12,False
LS_27,ANO1,ANO1,0.0,0.0,0.0,0.0,12,False
LS_27,ANO2,ANO2,0.0,0.0,0.0,0.0,12,False
LS_27,ANO5,ANO5,0.38,0.0,1.3,0.23,12,False
LS_27,ANO7,ANO7,3.57,0.0,0.56,1.02,12,False
LS_27,ANO9,ANO9,0.19,0.0,1.85,0.11,12,False
LS_27,ANTXR1,ANTXR1,0.28,0.0,0.37,0.0,12,False
LS_27,ANTXRL,ANTXRL,0.0,0.0,0.0,0.0,12,False
LS_27,AOC3,AOC3,0.19,0.0,0.0,0.11,12,False
LS_27,APCDD1,APCDD1,0.09,0.0,0.19,0.34,12,False
LS_27,APLNR,APLNR,0.0,0.0,0.0,0.0,12,False
LS_27,APLP1,APLP1,0.0,0.0,0.0,0.0,12,False
LS_27,AQP1,AQP1,0.28,0.0,0.0,0.23,12,False
LS_27,AQP10,AQP10,0.09,0.0,0.19,0.0,12,False
LS_27,AQP5,AQP5,0.0,0.0,0.0,0.0,12,False
LS_27,AQP8,AQP8,0.0,0.0,0.0,0.0,12,False
LS_27,AQP9,AQP9,0.0,0.0,0.0,0.11,12,False
LS_27,ART3,ART3,0.09,0.0,0.0,0.11,12,False
LS_27,ART4,ART4,0.0,0.0,0.0,0.0,12,False
LS_27,ASGR2,ASGR2,1.41,0.0,0.37,4.52,12,False
LS_27,ASIC1,ASIC1,1.32,0.0,0.19,0.23,12,False
LS_27,ASIC4,ASIC4,0.0,0.0,0.0,0.0,12,False
LS_27,ASTN1,ASTN1,0.0,0.0,0.0,0.0,12,False
LS_27,ASTN2,ASTN2,0.09,0.0,0.19,0.0,12,False
LS_27,ATG9A,ATG9A,9.12,0.0,9.07,4.63,12,False
LS_27,ATP1A2,ATP1A2,0.0,0.0,0.0,0.11,12,False
LS_27,ATP1A3,ATP1A3,2.44,0.0,3.89,0.68,12,False
LS_27,ATP1A4,ATP1A4,0.0,0.0,0.0,0.0,12,False
LS_27,ATP1B2,ATP1B2,0.0,0.0,0.74,0.0,12,False
LS_27,ATP1B4,ATP1B4,0.0,0.0,0.0,0.0,12,False
LS_27,ATP2B2,ATP2B2,0.28,0.0,0.0,0.0,12,False
LS_27,ATP2B3,ATP2B3,0.09,0.0,0.0,0.34,12,False
LS_27,ATP4B,ATP4B,0.09,0.0,0.0,0.0,12,False
LS_27,ATRNL1,ATRNL1,0.19,0.0,0.0,0.0,12,False
LS_27,AVPR1A,AVPR1A,0.28,0.0,0.19,0.0,12,False
LS_27,AVPR1B,AVPR1B,0.09,0.0,1.3,0.0,12,False
LS_27,AVPR2,AVPR2,0.0,0.0,0.0,0.0,12,False
LS_27,AXL,AXL,0.66,0.0,0.0,0.68,12,False
LS_27,BACE2,BACE2,1.13,0.0,4.26,0.45,12,False
LS_27,BAMBI,BAMBI,3.01,16.67,1.3,0.79,12,False
LS_27,BCAM,BCAM,2.82,8.33,4.81,0.68,12,False
LS_27,BCAN,BCAN,0.0,0.0,0.0,0.0,12,False
LS_27,BEST2,BEST2,0.0,0.0,0.0,0.0,12,False
LS_27,BEST4,BEST4,0.28,0.0,0.74,0.0,12,False
LS_27,BMPR1A,BMPR1A,0.09,0.0,0.19,0.34,12,False
LS_27,BOC,BOC,0.19,0.0,0.0,0.0,12,False
LS_27,BTC,BTC,0.0,0.0,0.56,0.0,12,False
LS_27,BTLA,BTLA,1.32,0.0,0.0,0.56,12,False
LS_27,BTN1A1,BTN1A1,0.0,0.0,0.0,0.0,12,False
LS_27,BTN2A2,BTN2A2,5.64,0.0,6.3,5.65,12,False
LS_27,BTN3A1,BTN3A1,10.15,0.0,7.78,3.84,12,False
LS_27,BTN3A3,BTN3A3,6.86,8.33,7.22,2.26,12,False
LS_27,BTNL3,BTNL3,0.09,0.0,0.0,0.0,12,False
LS_27,BTNL9,BTNL9,0.38,0.0,0.0,0.0,12,False
LS_27,BVES,BVES,0.09,0.0,0.0,0.0,12,False
LS_27,C11orf24,C11orf24,9.21,8.33,7.78,8.14,12,False
LS_27,C14orf132,C14orf132,0.0,0.0,0.19,0.0,12,False
LS_27,C19orf18,C19orf18,0.09,0.0,0.0,0.0,12,False
LS_27,C1orf159,C1orf159,7.52,0.0,5.74,5.31,12,False
LS_27,C3AR1,C3AR1,6.48,0.0,0.0,0.56,12,False
LS_27,C5AR1,C5AR1,0.85,0.0,0.74,2.37,12,False
LS_27,C5AR2,C5AR2,0.47,0.0,0.19,0.45,12,False
LS_27,CA12,CA12,0.0,0.0,0.0,0.0,12,False
LS_27,CA14,CA14,0.09,0.0,0.0,0.0,12,False
LS_27,CA4,CA4,0.0,0.0,0.0,0.0,12,False
LS_27,CACHD1,CACHD1,1.69,0.0,2.96,0.34,12,False
LS_27,CACNA1C,CACNA1C,1.13,0.0,1.48,0.34,12,False
LS_27,CACNA1G,CACNA1G,0.19,0.0,0.37,0.11,12,False
LS_27,CACNA1I,CACNA1I,0.0,0.0,0.0,0.0,12,False
LS_27,CACNG4,CACNG4,0.0,0.0,0.0,0.0,12,False
LS_27,CACNG6,CACNG6,0.0,0.0,0.0,0.0,12,False
LS_27,CACNG7,CACNG7,0.0,0.0,0.0,0.0,12,False
LS_27,CACNG8,CACNG8,0.0,0.0,0.0,0.0,12,False
LS_27,CADM1,CADM1,0.38,0.0,0.19,0.56,12,False
LS_27,CADM2,CADM2,0.0,0.0,0.37,0.0,12,False
LS_27,CADM3,CADM3,0.0,0.0,0.0,0.0,12,False
LS_27,CADM4,CADM4,0.0,0.0,0.0,0.11,12,False
LS_27,CALCRL,CALCRL,1.41,0.0,8.33,0.9,12,False
LS_27,CALY,CALY,0.0,0.0,0.0,0.0,12,False
LS_27,CASR,CASR,0.0,0.0,0.0,0.0,12,False
LS_27,CATSPERD,CATSPERD,0.0,0.0,0.0,0.11,12,False
LS_27,CATSPERG,CATSPERG,1.41,0.0,1.85,0.79,12,False
LS_27,CCKBR,CCKBR,0.0,0.0,0.19,0.0,12,False
LS_27,CCR1,CCR1,1.5,0.0,0.37,3.5,12,False
LS_27,CCR10,CCR10,0.85,0.0,0.19,0.45,12,False
LS_27,CCR2,CCR2,3.2,0.0,0.37,7.23,12,False
LS_27,CCR3,CCR3,0.09,0.0,0.0,0.0,12,False
LS_27,CCR4,CCR4,0.0,0.0,0.0,0.0,12,False
LS_27,CCR5,CCR5,0.19,0.0,0.0,0.68,12,False
LS_27,CCR6,CCR6,0.0,0.0,0.19,0.11,12,False
LS_27,CCR7,CCR7,1.03,0.0,1.11,0.34,12,False
LS_27,CCR8,CCR8,0.0,0.0,0.0,0.0,12,False
LS_27,CCR9,CCR9,0.09,0.0,0.19,0.0,12,False
LS_27,CCRL2,CCRL2,3.2,0.0,2.04,1.13,12,False
LS_27,CD101,CD101,0.0,0.0,0.19,1.13,12,False
LS_27,CD160,CD160,0.09,0.0,0.19,0.23,12,False
LS_27,CD163,CD163,0.75,0.0,0.0,3.5,12,False
LS_27,CD163L1,CD163L1,0.19,0.0,0.0,0.34,12,False
LS_27,CD164L2,CD164L2,0.09,0.0,0.0,0.0,12,False
LS_27,CD177,CD177,0.0,0.0,0.0,0.0,12,False
LS_27,CD19,CD19,1.32,0.0,1.48,1.81,12,False
LS_27,CD1A,CD1A,0.0,0.0,0.0,0.23,12,False
LS_27,CD1B,CD1B,0.0,0.0,0.0,0.68,12,False
LS_27,CD1C,CD1C,0.0,0.0,0.19,1.58,12,False
LS_27,CD1E,CD1E,0.0,0.0,0.0,1.13,12,False
LS_27,CD2,CD2,3.01,0.0,0.19,1.02,12,False
LS_27,CD200R1,CD200R1,0.28,0.0,0.19,0.34,12,False
LS_27,CD200R1L,CD200R1L,0.0,0.0,0.0,0.0,12,False
LS_27,CD22,CD22,0.09,0.0,3.33,0.34,12,False
LS_27,CD226,CD226,0.28,0.0,0.19,0.0,12,False
LS_27,CD24,CD24,1.32,8.33,1.67,0.79,12,False
LS_27,CD248,CD248,0.66,0.0,0.74,0.23,12,False
LS_27,CD27,CD27,0.47,0.0,0.37,0.45,12,False
LS_27,CD274,CD274,0.19,0.0,0.37,0.0,12,False
LS_27,CD276,CD276,0.75,0.0,0.0,0.68,12,False
LS_27,CD28,CD28,0.0,0.0,0.37,0.0,12,False
LS_27,CD300E,CD300E,0.09,0.0,0.0,1.47,12,False
LS_27,CD300LD,CD300LD,0.0,0.0,0.0,0.0,12,False
LS_27,CD300LG,CD300LG,0.0,0.0,0.0,0.0,12,False
LS_27,CD40,CD40,1.03,0.0,4.26,0.79,12,False
LS_27,CD40LG,CD40LG,0.0,0.0,0.56,0.11,12,False
LS_27,CD5,CD5,0.09,0.0,0.74,0.23,12,False
LS_27,CD6,CD6,0.56,0.0,0.37,0.23,12,False
LS_27,CD7,CD7,10.34,33.33,9.07,3.05,12,False
LS_27,CD70,CD70,0.75,0.0,0.0,0.9,12,True
LS_27,CD79A,CD79A,2.73,0.0,7.59,0.9,12,False
LS_27,CD80,CD80,0.09,0.0,0.0,0.0,12,False
LS_27,CD8A,CD8A,0.56,0.0,0.0,0.0,12,False
LS_27,CD8B,CD8B,0.47,0.0,0.19,0.45,12,False
LS_27,CD9,CD9,27.73,50.0,7.59,6.78,12,False
LS_27,CD96,CD96,30.73,58.33,2.41,3.28,12,True
LS_27,CDH1,CDH1,0.0,0.0,0.19,0.11,12,False
LS_27,CDH10,CDH10,0.0,0.0,0.0,0.0,12,False
LS_27,CDH11,CDH11,0.0,0.0,0.0,0.0,12,False
LS_27,CDH12,CDH12,0.0,0.0,0.0,0.0,12,False
LS_27,CDH13,CDH13,0.0,0.0,0.0,0.0,12,False
LS_27,CDH15,CDH15,0.0,0.0,0.0,0.0,12,False
LS_27,CDH18,CDH18,0.0,0.0,0.0,0.0,12,False
LS_27,CDH2,CDH2,0.38,0.0,5.19,0.34,12,False
LS_27,CDH20,CDH20,0.0,0.0,0.19,0.0,12,False
LS_27,CDH22,CDH22,0.0,0.0,0.0,0.11,12,False
LS_27,CDH23,CDH23,0.09,0.0,0.93,1.81,12,False
LS_27,CDH24,CDH24,2.16,0.0,1.3,0.79,12,False
LS_27,CDH26,CDH26,4.7,0.0,8.15,1.92,12,False
LS_27,CDH3,CDH3,0.09,0.0,0.0,0.11,12,False
LS_27,CDH4,CDH4,1.32,0.0,1.85,0.34,12,False
LS_27,CDH5,CDH5,0.0,0.0,0.0,0.11,12,False
LS_27,CDH6,CDH6,0.0,0.0,0.0,0.0,12,False
LS_27,CDH7,CDH7,0.0,0.0,5.37,0.11,12,False
LS_27,CDH8,CDH8,0.0,0.0,0.0,0.0,12,False
LS_27,CDH9,CDH9,0.09,0.0,2.22,0.0,12,False
LS_27,CDHR1,CDHR1,0.0,0.0,0.0,0.0,12,False
LS_27,CDHR2,CDHR2,0.0,0.0,0.0,0.0,12,False
LS_27,CDHR3,CDHR3,0.0,0.0,0.0,0.23,12,False
LS_27,CDHR4,CDHR4,0.0,0.0,0.0,0.0,12,False
LS_27,CDHR5,CDHR5,0.0,0.0,0.0,0.11,12,False
LS_27,CDON,CDON,0.19,0.0,0.0,0.0,12,False
LS_27,CEACAM1,CEACAM1,0.56,0.0,1.3,0.0,12,False
LS_27,CEACAM19,CEACAM19,0.66,0.0,0.74,0.68,12,False
LS_27,CEACAM21,CEACAM21,4.04,0.0,8.15,1.92,12,False
LS_27,CEACAM3,CEACAM3,0.09,0.0,0.0,0.0,12,False
LS_27,CEACAM6,CEACAM6,8.65,25.0,0.0,0.56,12,False
LS_27,CEACAM8,CEACAM8,1.03,0.0,0.0,0.34,12,False
LS_27,CELSR1,CELSR1,0.75,0.0,0.19,0.34,12,False
LS_27,CELSR2,CELSR2,0.38,0.0,0.37,0.34,12,False
LS_27,CELSR3,CELSR3,1.97,0.0,0.93,0.79,12,False
LS_27,CHL1,CHL1,0.0,0.0,0.19,0.0,12,False
LS_27,CHODL,CHODL,0.38,0.0,0.0,0.0,12,False
LS_27,CHRM4,CHRM4,0.09,0.0,0.0,0.0,12,False
LS_27,CHRM5,CHRM5,0.0,0.0,0.19,0.0,12,False
LS_27,CHRNA1,CHRNA1,0.0,0.0,0.0,0.0,12,False
LS_27,CHRNA10,CHRNA10,0.94,0.0,0.56,0.9,12,False
LS_27,CHRNA2,CHRNA2,0.0,0.0,0.0,0.0,12,False
LS_27,CHRNA3,CHRNA3,0.0,0.0,0.0,0.0,12,False
LS_27,CHRNA5,CHRNA5,0.38,0.0,3.52,0.68,12,False
LS_27,CHRNA6,CHRNA6,0.38,0.0,0.0,0.23,12,False
LS_27,CHRNA7,CHRNA7,0.85,0.0,0.74,0.79,12,False
LS_27,CHRNA9,CHRNA9,0.0,0.0,0.19,0.0,12,False
LS_27,CHRNB2,CHRNB2,0.28,0.0,0.0,0.0,12,False
LS_27,CHRNB4,CHRNB4,0.0,0.0,0.0,0.0,12,False
LS_27,CHRND,CHRND,0.0,0.0,0.0,0.0,12,False
LS_27,CHRNE,CHRNE,1.41,0.0,0.74,0.68,12,False
LS_27,CHRNG,CHRNG,0.0,0.0,0.19,0.0,12,False
LS_27,CLCNKB,CLCNKB,0.0,0.0,0.19,0.0,12,False
LS_27,CLDN1,CLDN1,0.0,0.0,0.0,0.0,12,False
LS_27,CLDN11,CLDN11,0.0,0.0,0.0,0.0,12,False
LS_27,CLDN12,CLDN12,3.29,0.0,1.48,0.56,12,False
LS_27,CLDN16,CLDN16,0.0,0.0,0.0,0.0,12,False
LS_27,CLDN19,CLDN19,0.47,0.0,0.0,0.34,12,False
LS_27,CLDN20,CLDN20,0.0,0.0,0.0,0.0,12,False
LS_27,CLDN22,CLDN22,0.0,0.0,0.0,0.0,12,False
LS_27,CLDN24,CLDN24,0.0,0.0,0.0,0.0,12,False
LS_27,CLDN3,CLDN3,0.0,0.0,0.0,0.0,12,False
LS_27,CLDN4,CLDN4,0.09,0.0,0.0,0.0,12,False
LS_27,CLDN6,CLDN6,0.0,0.0,0.0,0.0,12,False
LS_27,CLDN7,CLDN7,0.56,0.0,1.85,0.56,12,False
LS_27,CLDN9,CLDN9,0.19,0.0,0.0,0.0,12,False
LS_27,CLEC12B,CLEC12B,2.54,0.0,0.0,1.24,12,False
LS_27,CLEC14A,CLEC14A,5.26,0.0,1.3,0.45,12,False
LS_27,CLEC17A,CLEC17A,0.0,0.0,0.19,0.23,12,False
LS_27,CLEC1A,CLEC1A,0.0,0.0,0.0,0.0,12,False
LS_27,CLEC1B,CLEC1B,0.47,0.0,0.19,0.34,12,False
LS_27,CLEC2D,CLEC2D,8.46,8.33,6.3,5.54,12,False
LS_27,CLEC4G,CLEC4G,3.38,0.0,0.93,3.73,12,False
LS_27,CLEC4M,CLEC4M,0.09,0.0,0.0,0.0,12,False
LS_27,CLEC7A,CLEC7A,1.41,0.0,0.56,5.08,12,False
LS_27,CLEC9A,CLEC9A,0.09,0.0,6.67,0.23,12,False
LS_27,CLMP,CLMP,0.09,0.0,0.0,0.0,12,False
LS_27,CLSTN2,CLSTN2,0.28,0.0,0.19,0.45,12,False
LS_27,CLSTN3,CLSTN3,7.24,8.33,7.04,3.28,12,False
LS_27,CMKLR1,CMKLR1,0.0,0.0,0.0,0.11,12,False
LS_27,CNNM4,CNNM4,5.73,0.0,6.85,2.71,12,False
LS_27,CNR1,CNR1,0.0,0.0,0.19,0.0,12,False
LS_27,CNR2,CNR2,0.19,0.0,0.37,0.11,12,False
LS_27,CNTN1,CNTN1,0.47,0.0,0.37,0.0,12,False
LS_27,CNTN2,CNTN2,0.09,0.0,0.19,0.0,12,False
LS_27,CNTN4,CNTN4,0.56,0.0,0.19,0.0,12,False
LS_27,CNTN5,CNTN5,0.0,0.0,0.19,0.0,12,False
LS_27,CNTNAP1,CNTNAP1,0.09,0.0,0.0,0.0,12,False
LS_27,CNTNAP2,CNTNAP2,0.09,0.0,0.0,0.0,12,False
LS_27,CNTNAP3,CNTNAP3,0.0,0.0,0.0,0.0,12,False
LS_27,CNTNAP3B,CNTNAP3B,0.09,0.0,0.0,0.0,12,False
LS_27,CNTNAP5,CNTNAP5,0.0,0.0,0.0,0.0,12,False
LS_27,CORIN,CORIN,0.0,0.0,0.0,0.0,12,False
LS_27,CPM,CPM,2.26,0.0,0.19,9.83,12,False
LS_27,CR1,CR1,1.5,0.0,1.67,5.31,12,False
LS_27,CR2,CR2,0.0,0.0,0.0,0.0,12,False
LS_27,CRB1,CRB1,0.0,0.0,0.0,0.0,12,False
LS_27,CRB2,CRB2,0.09,0.0,0.0,0.23,12,False
LS_27,CRB3,CRB3,0.0,0.0,0.0,0.0,12,False
LS_27,CRHR1,CRHR1,0.0,0.0,0.0,0.0,12,False
LS_27,CRHR2,CRHR2,0.0,0.0,0.0,0.0,12,False
LS_27,CRIM1,CRIM1,7.42,8.33,8.89,1.13,12,False
LS_27,CRLF2,CRLF2,2.07,0.0,0.37,0.11,12,False
LS_27,CRTAM,CRTAM,0.38,0.0,0.56,1.13,12,False
LS_27,CSF1,CSF1,0.47,0.0,1.11,0.34,12,False
LS_27,CSF2RB,CSF2RB,2.91,0.0,9.44,2.49,12,False
LS_27,CSMD1,CSMD1,0.09,0.0,0.0,0.23,12,False
LS_27,CSMD2,CSMD2,0.0,0.0,0.0,0.0,12,False
LS_27,CSPG4,CSPG4,0.28,0.0,0.0,0.23,12,False
LS_27,CSPG5,CSPG5,0.47,0.0,0.0,0.11,12,False
LS_27,CTLA4,CTLA4,0.0,0.0,0.19,0.0,12,False
LS_27,CTNS,CTNS,7.33,0.0,5.37,3.5,12,False
LS_27,CUZD1,CUZD1,0.19,0.0,0.0,0.0,12,False
LS_27,CX3CR1,CX3CR1,0.47,0.0,0.19,1.92,12,False
LS_27,CXADR,CXADR,0.0,0.0,0.37,0.0,12,False
LS_27,CXCL16,CXCL16,0.09,0.0,0.74,1.47,12,False
LS_27,CXCR1,CXCR1,0.0,0.0,0.0,0.11,12,False
LS_27,CXCR2,CXCR2,0.19,0.0,0.19,2.26,12,False
LS_27,CXCR3,CXCR3,0.47,0.0,0.37,0.23,12,False
LS_27,CXCR5,CXCR5,0.09,0.0,0.0,0.34,12,False
LS_27,CXCR6,CXCR6,0.0,0.0,0.0,0.34,12,False
LS_27,CYSLTR2,CYSLTR2,3.2,0.0,0.56,0.56,12,False
LS_27,DAG1,DAG1,4.61,0.0,6.48,2.6,12,False
LS_27,DAGLA,DAGLA,0.94,0.0,0.19,1.13,12,False
LS_27,DCBLD1,DCBLD1,0.75,0.0,0.93,0.68,12,False
LS_27,DCBLD2,DCBLD2,3.48,0.0,8.33,1.69,12,False
LS_27,DCC,DCC,0.0,0.0,0.0,0.0,12,False
LS_27,DCHS1,DCHS1,0.94,0.0,2.78,0.11,12,False
LS_27,DCHS2,DCHS2,0.0,0.0,0.0,0.0,12,False
LS_27,DCSTAMP,DCSTAMP,0.09,0.0,0.37,0.0,12,False
LS_27,DCT,DCT,0.0,0.0,0.0,0.0,12,False
LS_27,DDR1,DDR1,0.66,0.0,0.37,0.9,12,False
LS_27,DDR2,DDR2,0.09,0.0,0.56,0.11,12,False
LS_27,DISP1,DISP1,1.69,0.0,1.67,0.56,12,False
LS_27,DISP2,DISP2,0.66,0.0,0.37,0.23,12,False
LS_27,DLK1,DLK1,1.97,8.33,4.81,0.0,12,False
LS_27,DLK2,DLK2,0.19,0.0,0.19,0.0,12,False
LS_27,DLL1,DLL1,0.38,0.0,0.56,0.11,12,False
LS_27,DLL3,DLL3,0.85,0.0,0.56,0.45,12,False
LS_27,DLL4,DLL4,0.09,0.0,0.19,0.11,12,False
LS_27,DNER,DNER,0.0,0.0,0.0,0.0,12,False
LS_27,DPEP1,DPEP1,0.0,0.0,0.0,0.0,12,False
LS_27,DPEP3,DPEP3,0.19,0.0,3.52,1.36,12,False
LS_27,DPP10,DPP10,0.75,0.0,2.41,0.34,12,False
LS_27,DPP4,DPP4,0.09,0.0,0.19,0.23,12,False
LS_27,DPP6,DPP6,0.0,0.0,0.0,0.0,12,False
LS_27,DRD2,DRD2,0.0,0.0,0.0,0.0,12,False
LS_27,DRD4,DRD4,1.03,0.0,0.19,0.34,12,False
LS_27,DSC1,DSC1,0.0,0.0,0.0,0.0,12,False
LS_27,DSC2,DSC2,2.44,8.33,0.56,0.56,12,False
LS_27,DSC3,DSC3,0.09,0.0,0.0,0.0,12,False
LS_27,DSCAML1,DSCAML1,0.0,0.0,0.0,0.0,12,False
LS_27,DSG3,DSG3,0.0,0.0,0.0,0.0,12,False
LS_27,DUOX1,DUOX1,0.09,0.0,0.19,0.11,12,False
LS_27,DUOX2,DUOX2,0.0,0.0,0.0,0.0,12,False
LS_27,DUOXA1,DUOXA1,0.0,0.0,0.0,0.11,12,False
LS_27,DYNAP,DYNAP,0.19,0.0,0.0,0.0,12,False
LS_27,ECE1,ECE1,2.73,0.0,2.41,1.02,12,False
LS_27,ECSCR,ECSCR,0.47,0.0,0.0,0.11,12,False
LS_27,EDA,EDA,0.28,0.0,0.74,0.11,12,False
LS_27,EDA2R,EDA2R,1.97,0.0,1.48,0.23,12,False
LS_27,EDAR,EDAR,0.0,0.0,0.0,0.0,12,False
LS_27,EDNRB,EDNRB,0.0,0.0,0.19,0.11,12,False
LS_27,EFNA1,EFNA1,2.26,0.0,6.85,0.23,12,False
LS_27,EFNA2,EFNA2,0.09,0.0,0.0,0.0,12,False
LS_27,EFNA3,EFNA3,1.32,0.0,2.59,1.02,12,False
LS_27,EFNA4,EFNA4,3.1,0.0,5.19,1.92,12,False
LS_27,EFNA5,EFNA5,0.09,0.0,0.0,0.11,12,False
LS_27,EFNB1,EFNB1,2.44,0.0,6.11,1.92,12,False
LS_27,EFNB2,EFNB2,0.19,0.0,1.3,0.23,12,False
LS_27,EFNB3,EFNB3,0.19,0.0,0.0,0.0,12,False
LS_27,EGF,EGF,0.19,0.0,0.37,0.0,12,False
LS_27,ELFN1,ELFN1,0.0,0.0,0.19,0.0,12,False
LS_27,ELFN2,ELFN2,0.0,0.0,0.0,0.11,12,False
LS_27,EMCN,EMCN,0.0,0.0,4.07,0.0,12,False
LS_27,EMP1,EMP1,11.47,16.67,9.26,5.65,12,False
LS_27,EMP2,EMP2,0.0,0.0,1.48,0.23,12,False
LS_27,ENPEP,ENPEP,0.0,0.0,0.19,0.0,12,False
LS_27,ENPP1,ENPP1,0.0,0.0,0.0,0.0,12,False
LS_27,ENPP4,ENPP4,2.63,0.0,5.74,1.47,12,False
LS_27,ENPP5,ENPP5,0.09,0.0,1.67,0.0,12,False
LS_27,ENPP6,ENPP6,0.0,0.0,0.19,0.11,12,False
LS_27,ENTPD1,ENTPD1,4.04,0.0,2.78,9.6,12,False
LS_27,ENTPD3,ENTPD3,0.0,0.0,0.0,0.0,12,False
LS_27,EPCAM,EPCAM,2.16,0.0,4.26,1.69,12,False
LS_27,EPGN,EPGN,0.09,0.0,0.56,0.0,12,False
LS_27,EPHA1,EPHA1,2.91,0.0,2.41,1.92,12,False
LS_27,EPHA10,EPHA10,0.0,0.0,0.0,0.11,12,False
LS_27,EPHA2,EPHA2,0.0,0.0,0.0,0.0,12,False
LS_27,EPHA3,EPHA3,0.47,0.0,0.0,0.0,12,False
LS_27,EPHA4,EPHA4,0.09,0.0,0.19,0.0,12,False
LS_27,EPHA5,EPHA5,0.0,0.0,0.0,0.0,12,False
LS_27,EPHA7,EPHA7,0.0,0.0,0.0,0.0,12,False
LS_27,EPHA8,EPHA8,0.0,0.0,0.0,0.0,12,False
LS_27,EPHB1,EPHB1,0.19,0.0,0.0,0.11,12,False
LS_27,EPHB2,EPHB2,0.85,0.0,0.19,1.47,12,False
LS_27,EPHB3,EPHB3,1.03,0.0,0.0,1.92,12,False
LS_27,EPHB4,EPHB4,5.83,8.33,6.11,3.84,12,False
LS_27,EPOR,EPOR,2.35,0.0,3.89,3.05,12,False
LS_27,EQTN,EQTN,0.0,0.0,0.0,0.0,12,False
LS_27,ERBB2,ERBB2,1.41,0.0,1.48,0.56,12,False
LS_27,ERBB3,ERBB3,0.0,0.0,0.0,0.0,12,False
LS_27,ERBB4,ERBB4,0.28,0.0,0.0,0.0,12,False
LS_27,ERMAP,ERMAP,8.08,0.0,4.63,4.41,12,False
LS_27,ERVFRD-1,ERVFRD-1,0.09,0.0,0.0,0.11,12,False
LS_27,ERVK13-1,ERVK13-1,4.61,0.0,6.67,1.92,12,False
LS_27,ERVMER34-1,ERVMER34-1,0.0,0.0,0.0,0.0,12,False
LS_27,ERVW-1,ERVW-1,0.0,0.0,0.19,0.11,12,False
LS_27,ESAM,ESAM,1.32,0.0,8.89,0.79,12,False
LS_27,ESYT3,ESYT3,0.19,0.0,0.37,0.0,12,False
LS_27,EVA1C,EVA1C,1.03,0.0,5.93,1.02,12,False
LS_27,EVC2,EVC2,2.07,0.0,3.15,1.02,12,False
LS_27,F2RL2,F2RL2,0.85,0.0,3.33,0.56,12,False
LS_27,F2RL3,F2RL3,0.19,0.0,0.0,0.0,12,False
LS_27,F3,F3,2.91,0.0,0.19,0.68,12,False
LS_27,FAIM2,FAIM2,0.0,0.0,0.0,0.0,12,False
LS_27,FAM171A1,FAM171A1,4.98,0.0,0.56,0.23,12,False
LS_27,FAM171A2,FAM171A2,0.47,0.0,7.41,0.56,12,False
LS_27,FAM171B,FAM171B,0.0,0.0,9.63,0.68,12,False
LS_27,FAM174B,FAM174B,2.63,0.0,6.11,1.13,12,False
LS_27,FAM187B,FAM187B,0.0,0.0,0.0,0.0,12,False
LS_27,FAP,FAP,0.0,0.0,0.0,0.0,12,False
LS_27,FAS,FAS,10.62,8.33,4.07,7.23,12,False
LS_27,FASLG,FASLG,0.0,0.0,0.0,0.0,12,False
LS_27,FAT1,FAT1,0.0,0.0,0.0,0.0,12,False
LS_27,FAT2,FAT2,0.19,0.0,0.0,0.0,12,False
LS_27,FAT3,FAT3,0.0,0.0,0.19,0.0,12,False
LS_27,FAT4,FAT4,0.0,0.0,2.41,0.0,12,False
LS_27,FCAMR,FCAMR,0.0,0.0,0.0,0.0,12,False
LS_27,FCAR,FCAR,2.26,0.0,0.19,4.41,12,False
LS_27,FCGR1B,FCGR1B,3.29,0.0,0.19,5.42,12,False
LS_27,FCGR2A,FCGR2A,11.0,16.67,0.74,8.25,12,False
LS_27,FCGR2B,FCGR2B,0.66,0.0,0.19,3.16,12,False
LS_27,FCGR3A,FCGR3A,0.19,0.0,0.0,0.34,12,False
LS_27,FCGR3B,FCGR3B,0.09,0.0,0.0,0.0,12,False
LS_27,FCRL1,FCRL1,0.09,0.0,0.19,0.23,12,False
LS_27,FCRL2,FCRL2,0.0,0.0,0.37,0.0,12,False
LS_27,FCRL3,FCRL3,0.19,0.0,0.19,0.0,12,False
LS_27,FCRL4,FCRL4,0.0,0.0,0.0,0.0,12,False
LS_27,FCRL5,FCRL5,0.0,0.0,0.37,0.0,12,False
LS_27,FCRL6,FCRL6,0.0,0.0,0.0,0.0,12,False
LS_27,FFAR1,FFAR1,0.0,0.0,0.0,0.0,12,False
LS_27,FFAR2,FFAR2,0.09,0.0,0.0,0.56,12,False
LS_27,FFAR3,FFAR3,0.0,0.0,0.0,0.0,12,False
LS_27,FFAR4,FFAR4,0.09,0.0,0.0,0.23,12,False
LS_27,FGFR1,FGFR1,20.3,25.0,5.56,6.21,12,False
LS_27,FGFR2,FGFR2,0.0,0.0,0.0,0.0,12,False
LS_27,FGFR3,FGFR3,0.19,0.0,0.19,0.11,12,False
LS_27,FGFR4,FGFR4,0.19,0.0,0.19,0.0,12,False
LS_27,FGFRL1,FGFRL1,8.36,8.33,5.93,2.26,12,False
LS_27,FKRP,FKRP,2.91,0.0,3.7,1.92,12,False
LS_27,FLRT1,FLRT1,0.28,0.0,0.0,0.0,12,False
LS_27,FLRT2,FLRT2,0.0,0.0,0.0,0.0,12,False
LS_27,FLRT3,FLRT3,0.09,0.0,0.0,0.0,12,False
LS_27,FLT1,FLT1,0.09,0.0,0.37,0.34,12,False
LS_27,FLT3LG,FLT3LG,4.98,0.0,6.67,3.95,12,False
LS_27,FLT4,FLT4,2.73,0.0,0.19,0.23,12,False
LS_27,FLVCR1,FLVCR1,6.39,8.33,9.44,5.54,12,False
LS_27,FLVCR2,FLVCR2,1.22,0.0,0.74,0.9,12,False
LS_27,FNDC4,FNDC4,0.0,0.0,0.0,0.0,12,False
LS_27,FNDC5,FNDC5,0.0,0.0,0.0,0.0,12,False
LS_27,FNDC9,FNDC9,0.09,0.0,0.19,0.0,12,False
LS_27,FOLH1,FOLH1,1.13,0.0,0.74,0.11,12,False
LS_27,FOLR1,FOLR1,0.0,0.0,0.0,0.0,12,False
LS_27,FOLR2,FOLR2,0.38,0.0,0.19,0.79,12,False
LS_27,FPR1,FPR1,0.47,0.0,0.56,7.34,12,False
LS_27,FPR2,FPR2,0.66,0.0,0.0,2.15,12,False
LS_27,FPR3,FPR3,0.0,0.0,0.0,0.0,12,False
LS_27,FRAS1,FRAS1,0.0,0.0,0.0,0.0,12,False
LS_27,FREM2,FREM2,0.0,0.0,0.0,0.0,12,False
LS_27,FRRS1,FRRS1,1.88,0.0,1.11,0.9,12,False
LS_27,FURIN,FURIN,18.8,50.0,10.0,8.36,12,False
LS_27,FZD1,FZD1,1.13,0.0,3.89,1.36,12,False
LS_27,FZD2,FZD2,5.92,8.33,0.56,9.94,12,False
LS_27,FZD3,FZD3,1.22,0.0,4.44,0.68,12,False
LS_27,FZD4,FZD4,0.0,0.0,0.19,0.0,12,False
LS_27,FZD5,FZD5,1.97,0.0,2.41,1.13,12,False
LS_27,FZD6,FZD6,2.82,0.0,7.59,0.79,12,False
LS_27,FZD7,FZD7,0.56,0.0,0.74,0.11,12,False
LS_27,FZD8,FZD8,0.0,0.0,0.0,0.0,12,False
LS_27,FZD9,FZD9,0.0,0.0,0.19,0.11,12,False
LS_27,GABBR1,GABBR1,1.22,0.0,4.81,1.81,12,False
LS_27,GABRA1,GABRA1,0.0,0.0,0.0,0.0,12,False
LS_27,GABRA4,GABRA4,0.0,0.0,0.0,0.11,12,False
LS_27,GABRB1,GABRB1,0.0,0.0,0.0,0.0,12,False
LS_27,GABRB2,GABRB2,0.19,0.0,0.0,0.0,12,False
LS_27,GABRB3,GABRB3,0.0,0.0,0.37,0.0,12,False
LS_27,GABRD,GABRD,2.54,0.0,0.93,0.34,12,False
LS_27,GABRE,GABRE,0.0,0.0,0.0,0.0,12,False
LS_27,GABRG1,GABRG1,0.0,0.0,0.0,0.0,12,False
LS_27,GABRG2,GABRG2,0.0,0.0,0.0,0.0,12,False
LS_27,GABRP,GABRP,0.0,0.0,0.0,0.0,12,False
LS_27,GABRR1,GABRR1,0.0,0.0,0.0,0.0,12,False
LS_27,GABRR2,GABRR2,0.66,0.0,0.0,0.0,12,False
LS_27,GALR1,GALR1,0.0,0.0,0.0,0.0,12,False
LS_27,GALR2,GALR2,0.09,0.0,0.19,0.45,12,False
LS_27,GALR3,GALR3,0.75,0.0,0.93,0.56,12,False
LS_27,GAS1,GAS1,0.19,0.0,0.74,0.11,12,False
LS_27,GCGR,GCGR,0.09,0.0,0.0,0.0,12,False
LS_27,GDPD2,GDPD2,0.0,0.0,0.0,0.0,12,False
LS_27,GDPD5,GDPD5,1.97,0.0,1.3,2.03,12,False
LS_27,GFRA1,GFRA1,0.0,0.0,0.0,0.0,12,False
LS_27,GFRA2,GFRA2,0.0,0.0,0.0,0.0,12,False
LS_27,GFRA3,GFRA3,0.75,0.0,0.0,0.0,12,False
LS_27,GGT1,GGT1,0.38,0.0,0.19,0.0,12,False
LS_27,GGT7,GGT7,2.73,0.0,8.7,2.49,12,False
LS_27,GHR,GHR,0.09,0.0,0.0,0.0,12,False
LS_27,GHRHR,GHRHR,0.0,0.0,0.0,0.0,12,False
LS_27,GHSR,GHSR,0.0,0.0,0.0,0.0,12,False
LS_27,GIPR,GIPR,0.0,0.0,0.0,0.23,12,False
LS_27,GJA1,GJA1,3.38,0.0,0.0,0.11,12,False
LS_27,GJA3,GJA3,0.94,0.0,0.0,0.56,12,False
LS_27,GJA4,GJA4,0.38,0.0,0.56,0.0,12,False
LS_27,GJB2,GJB2,0.0,0.0,0.0,0.0,12,False
LS_27,GJB3,GJB3,0.0,0.0,0.0,0.0,12,False
LS_27,GJB6,GJB6,0.0,0.0,0.0,0.0,12,False
LS_27,GJB7,GJB7,0.09,0.0,0.19,0.0,12,False
LS_27,GJC2,GJC2,0.38,0.0,2.78,0.34,12,False
LS_27,GJC3,GJC3,0.0,0.0,0.74,0.0,12,False
LS_27,GJD2,GJD2,0.0,0.0,0.0,0.0,12,False
LS_27,GLDN,GLDN,0.0,0.0,0.0,0.0,12,False
LS_27,GLP1R,GLP1R,0.28,0.0,0.0,0.0,12,False
LS_27,GLP2R,GLP2R,0.0,0.0,0.0,0.0,12,False
LS_27,GLRA2,GLRA2,0.0,0.0,0.0,0.0,12,False
LS_27,GLRA3,GLRA3,0.0,0.0,0.0,0.0,12,False
LS_27,GLRA4,GLRA4,0.0,0.0,0.0,0.0,12,False
LS_27,GLRB,GLRB,0.09,0.0,1.48,0.0,12,False
LS_27,GML,GML,0.0,0.0,0.0,0.0,12,False
LS_27,GNRHR,GNRHR,0.0,0.0,0.0,0.0,12,False
LS_27,GP1BA,GP1BA,1.22,0.0,2.41,0.11,12,False
LS_27,GP1BB,GP1BB,4.79,0.0,5.93,0.79,12,False
LS_27,GP5,GP5,0.0,0.0,0.0,0.0,12,False
LS_27,GP6,GP6,0.56,0.0,0.0,0.45,12,False
LS_27,GPA33,GPA33,4.14,0.0,1.67,1.02,12,False
LS_27,GPBAR1,GPBAR1,0.38,0.0,0.0,8.02,12,False
LS_27,GPC1,GPC1,2.16,0.0,1.3,1.13,12,False
LS_27,GPC2,GPC2,2.07,0.0,7.59,0.68,12,False
LS_27,GPC3,GPC3,0.0,0.0,0.19,0.0,12,False
LS_27,GPC4,GPC4,0.0,0.0,0.0,0.0,12,False
LS_27,GPC5,GPC5,0.0,0.0,4.07,0.11,12,False
LS_27,GPC6,GPC6,0.09,0.0,0.74,0.0,12,False
LS_27,GPER1,GPER1,0.0,0.0,0.19,0.34,12,False
LS_27,GPIHBP1,GPIHBP1,0.0,0.0,0.0,0.0,12,False
LS_27,GPM6A,GPM6A,0.0,0.0,0.0,0.0,12,False
LS_27,GPM6B,GPM6B,1.6,0.0,2.04,1.24,12,False
LS_27,GPNMB,GPNMB,0.28,0.0,0.19,0.0,12,False
LS_27,GPR1,GPR1,0.0,0.0,0.0,0.11,12,False
LS_27,GPR101,GPR101,0.0,0.0,0.0,0.0,12,False
LS_27,GPR12,GPR12,12.03,16.67,2.78,3.5,12,False
LS_27,GPR132,GPR132,1.69,0.0,0.56,2.94,12,False
LS_27,GPR137B,GPR137B,2.16,0.0,5.37,1.69,12,False
LS_27,GPR137C,GPR137C,0.94,0.0,1.85,1.36,12,False
LS_27,GPR141,GPR141,2.07,0.0,4.44,4.41,12,False
LS_27,GPR142,GPR142,0.0,0.0,0.0,0.0,12,False
LS_27,GPR15,GPR15,0.0,0.0,0.0,0.0,12,False
LS_27,GPR150,GPR150,0.66,0.0,1.67,0.34,12,False
LS_27,GPR151,GPR151,0.09,0.0,0.0,0.0,12,False
LS_27,GPR152,GPR152,0.0,0.0,0.0,0.0,12,False
LS_27,GPR153,GPR153,0.38,0.0,0.0,0.56,12,False
LS_27,GPR155,GPR155,0.19,0.0,0.56,0.79,12,False
LS_27,GPR157,GPR157,1.6,0.0,2.04,0.68,12,False
LS_27,GPR158,GPR158,0.0,0.0,0.0,0.0,12,False
LS_27,GPR160,GPR160,6.2,8.33,2.41,6.55,12,False
LS_27,GPR161,GPR161,0.94,0.0,1.11,0.23,12,False
LS_27,GPR162,GPR162,2.73,0.0,4.81,3.5,12,False
LS_27,GPR17,GPR17,0.0,0.0,0.0,0.0,12,False
LS_27,GPR171,GPR171,0.28,0.0,1.11,0.11,12,False
LS_27,GPR173,GPR173,0.19,0.0,1.3,0.11,12,False
LS_27,GPR174,GPR174,10.06,16.67,8.52,1.36,12,False
LS_27,GPR176,GPR176,0.09,0.0,0.0,0.11,12,False
LS_27,GPR179,GPR179,0.0,0.0,0.0,0.0,12,False
LS_27,GPR18,GPR18,0.38,0.0,0.37,0.79,12,False
LS_27,GPR180,GPR180,6.67,0.0,7.96,4.52,12,False
LS_27,GPR182,GPR182,0.09,0.0,0.0,0.0,12,False
LS_27,GPR19,GPR19,0.19,0.0,0.56,0.34,12,False
LS_27,GPR20,GPR20,0.0,0.0,0.0,0.0,12,False
LS_27,GPR21,GPR21,0.0,0.0,0.19,0.0,12,False
LS_27,GPR22,GPR22,0.19,0.0,0.93,0.11,12,False
LS_27,GPR25,GPR25,0.09,0.0,0.0,0.11,12,False
LS_27,GPR3,GPR3,0.66,0.0,1.11,0.11,12,False
LS_27,GPR31,GPR31,0.0,0.0,0.0,0.0,12,False
LS_27,GPR32,GPR32,0.47,0.0,0.19,0.0,12,False
LS_27,GPR33,GPR33,0.0,0.0,0.0,0.0,12,False
LS_27,GPR34,GPR34,0.28,0.0,0.19,0.34,12,False
LS_27,GPR35,GPR35,2.73,0.0,0.93,3.62,12,False
LS_27,GPR37,GPR37,0.0,0.0,0.19,0.0,12,False
LS_27,GPR37L1,GPR37L1,0.0,0.0,0.0,0.11,12,False
LS_27,GPR39,GPR39,0.0,0.0,0.0,0.0,12,False
LS_27,GPR4,GPR4,0.0,0.0,0.0,0.0,12,False
LS_27,GPR42,GPR42,0.0,0.0,0.19,0.0,12,False
LS_27,GPR45,GPR45,0.0,0.0,0.0,0.0,12,False
LS_27,GPR52,GPR52,0.09,0.0,0.0,0.0,12,False
LS_27,GPR55,GPR55,0.66,0.0,0.0,0.23,12,False
LS_27,GPR61,GPR61,0.09,0.0,0.19,0.0,12,False
LS_27,GPR62,GPR62,0.0,0.0,0.0,0.0,12,False
LS_27,GPR63,GPR63,0.19,0.0,2.78,0.45,12,False
LS_27,GPR65,GPR65,2.63,0.0,0.74,5.08,12,False
LS_27,GPR68,GPR68,0.0,0.0,0.0,0.11,12,False
LS_27,GPR75,GPR75,0.28,0.0,0.37,0.34,12,False
LS_27,GPR78,GPR78,0.0,0.0,0.0,0.0,12,False
LS_27,GPR82,GPR82,0.28,0.0,0.56,0.0,12,False
LS_27,GPR83,GPR83,0.09,0.0,0.0,0.0,12,False
LS_27,GPR84,GPR84,1.03,0.0,0.19,2.15,12,False
LS_27,GPR85,GPR85,2.16,0.0,0.74,2.15,12,False
LS_27,GPR87,GPR87,0.0,0.0,0.0,0.0,12,False
LS_27,GPR88,GPR88,0.09,0.0,0.0,0.0,12,False
LS_27,GPRC5A,GPRC5A,0.0,0.0,0.0,0.11,12,False
LS_27,GPRC5B,GPRC5B,0.09,0.0,0.19,0.0,12,False
LS_27,GPRC5C,GPRC5C,1.69,0.0,4.63,1.36,12,False
LS_27,GPRC5D,GPRC5D,0.09,0.0,0.0,0.0,12,False
LS_27,GRAMD1B,GRAMD1B,2.82,0.0,5.37,6.33,12,False
LS_27,GRIA3,GRIA3,0.0,0.0,0.0,0.0,12,False
LS_27,GRID1,GRID1,0.94,0.0,0.0,0.23,12,False
LS_27,GRIK1,GRIK1,0.19,0.0,0.0,0.0,12,False
LS_27,GRIK2,GRIK2,0.0,0.0,0.0,0.0,12,False
LS_27,GRIK3,GRIK3,0.0,0.0,0.0,0.0,12,False
LS_27,GRIK4,GRIK4,0.0,0.0,0.0,0.0,12,False
LS_27,GRIK5,GRIK5,5.83,0.0,4.81,2.26,12,False
LS_27,GRIN1,GRIN1,0.19,0.0,0.19,0.0,12,False
LS_27,GRIN2B,GRIN2B,0.0,0.0,0.0,0.0,12,False
LS_27,GRIN2C,GRIN2C,0.19,0.0,0.19,0.0,12,False
LS_27,GRIN2D,GRIN2D,0.19,0.0,0.37,0.45,12,False
LS_27,GRIN3A,GRIN3A,0.0,0.0,0.0,0.0,12,False
LS_27,GRIN3B,GRIN3B,0.09,0.0,0.19,0.0,12,False
LS_27,GRM1,GRM1,0.0,0.0,0.0,0.0,12,False
LS_27,GRM2,GRM2,0.09,0.0,0.0,0.0,12,False
LS_27,GRM3,GRM3,0.0,0.0,0.0,0.0,12,False
LS_27,GRM4,GRM4,0.0,0.0,0.0,0.0,12,False
LS_27,GRM6,GRM6,0.0,0.0,0.0,0.0,12,False
LS_27,GRM7,GRM7,0.09,0.0,0.0,0.0,12,False
LS_27,GRPR,GRPR,0.0,0.0,0.0,0.0,12,False
LS_27,GSG1,GSG1,0.09,0.0,0.19,0.0,12,False
LS_27,GSG1L,GSG1L,0.38,0.0,0.0,0.11,12,False
LS_27,GUCY2C,GUCY2C,0.0,0.0,0.0,0.11,12,False
LS_27,GYPA,GYPA,0.0,0.0,0.19,0.0,12,False
LS_27,HAVCR1,HAVCR1,0.0,0.0,0.0,0.0,12,False
LS_27,HAVCR2,HAVCR2,4.51,0.0,1.48,4.97,12,False
LS_27,HCAR1,HCAR1,0.19,0.0,0.0,0.0,12,False
LS_27,HCAR2,HCAR2,7.33,8.33,0.37,4.07,12,False
LS_27,HCAR3,HCAR3,7.42,0.0,0.37,4.63,12,False
LS_27,HCRTR1,HCRTR1,0.0,0.0,0.0,0.0,12,False
LS_27,HCRTR2,HCRTR2,0.0,0.0,0.0,0.0,12,False
LS_27,HEG1,HEG1,0.09,0.0,5.0,1.13,12,False
LS_27,HEPACAM2,HEPACAM2,0.0,0.0,0.0,0.0,12,False
LS_27,HEPH,HEPH,0.09,0.0,0.0,0.0,12,False
LS_27,HEPHL1,HEPHL1,0.0,0.0,0.0,0.0,12,False
LS_27,HFE,HFE,0.0,0.0,0.19,0.23,12,False
LS_27,HHLA2,HHLA2,0.19,0.0,0.37,0.68,12,False
LS_27,HLA-DOB,HLA-DOB,0.56,0.0,0.19,0.34,12,False
LS_27,HLA-DQB2,HLA-DQB2,0.75,0.0,2.59,2.82,12,False
LS_27,HLA-G,HLA-G,3.67,0.0,1.85,4.97,12,False
LS_27,HRH1,HRH1,0.38,0.0,0.19,0.9,12,False
LS_27,HRH3,HRH3,0.0,0.0,0.0,0.0,12,False
LS_27,HRH4,HRH4,0.19,0.0,0.19,0.0,12,False
LS_27,HTR1B,HTR1B,0.0,0.0,0.56,0.0,12,False
LS_27,HTR2A,HTR2A,0.09,0.0,0.19,0.0,12,False
LS_27,HTR2B,HTR2B,0.09,0.0,0.0,0.0,12,False
LS_27,HTR3A,HTR3A,0.09,0.0,0.0,0.45,12,False
LS_27,HTR3B,HTR3B,0.0,0.0,0.0,0.0,12,False
LS_27,HTR3C,HTR3C,0.0,0.0,0.0,0.0,12,False
LS_27,HTR3E,HTR3E,0.0,0.0,0.0,0.0,12,False
LS_27,HTR4,HTR4,0.0,0.0,0.0,0.0,12,False
LS_27,HTR6,HTR6,0.0,0.0,0.19,0.0,12,False
LS_27,HTR7,HTR7,0.09,0.0,0.37,0.68,12,False
LS_27,HYAL2,HYAL2,4.51,0.0,1.67,2.26,12,False
LS_27,ICAM1,ICAM1,8.74,8.33,2.59,3.16,12,False
LS_27,ICAM5,ICAM5,4.42,0.0,0.93,0.68,12,False
LS_27,ICOS,ICOS,0.0,0.0,0.0,0.0,12,False
LS_27,ICOSLG,ICOSLG,3.85,0.0,3.7,2.26,12,False
LS_27,IFNLR1,IFNLR1,0.0,0.0,0.37,0.0,12,False
LS_27,IGDCC4,IGDCC4,0.0,0.0,0.0,0.0,12,False
LS_27,IGF2R,IGF2R,6.95,16.67,3.52,5.54,12,False
LS_27,IGSF1,IGSF1,0.0,0.0,0.0,0.0,12,False
LS_27,IGSF11,IGSF11,0.0,0.0,0.19,0.0,12,False
LS_27,IGSF3,IGSF3,0.0,0.0,0.0,0.9,12,False
LS_27,IGSF9,IGSF9,0.09,0.0,0.37,0.0,12,False
LS_27,IGSF9B,IGSF9B,0.0,0.0,0.37,0.11,12,False
LS_27,IL11RA,IL11RA,3.1,0.0,2.96,1.81,12,False
LS_27,IL12RB1,IL12RB1,4.61,0.0,2.96,3.39,12,False
LS_27,IL13RA2,IL13RA2,0.0,0.0,0.0,0.0,12,False
LS_27,IL17RB,IL17RB,0.0,0.0,0.19,0.0,12,False
LS_27,IL17RD,IL17RD,0.0,0.0,0.19,0.0,12,False
LS_27,IL17RE,IL17RE,8.65,25.0,7.78,3.62,12,False
LS_27,IL18R1,IL18R1,0.38,0.0,2.78,0.11,12,False
LS_27,IL18RAP,IL18RAP,0.0,0.0,0.19,0.0,12,False
LS_27,IL1R1,IL1R1,0.28,0.0,0.19,0.0,12,False
LS_27,IL1R2,IL1R2,0.0,0.0,0.0,0.11,12,False
LS_27,IL1RAP,IL1RAP,23.68,58.33,5.74,9.94,12,True
LS_27,IL1RL1,IL1RL1,0.28,0.0,0.19,0.0,12,False
LS_27,IL1RL2,IL1RL2,0.0,0.0,0.0,0.0,12,False
LS_27,IL20RB,IL20RB,0.28,0.0,0.0,0.0,12,False
LS_27,IL21R,IL21R,0.19,0.0,0.0,0.11,12,False
LS_27,IL23R,IL23R,0.0,0.0,0.0,0.0,12,False
LS_27,IL2RA,IL2RA,0.47,0.0,0.37,0.0,12,False
LS_27,IL2RB,IL2RB,0.19,0.0,0.19,0.23,12,False
LS_27,IL31RA,IL31RA,0.28,0.0,0.19,0.68,12,False
LS_27,IL4R,IL4R,5.73,0.0,4.44,8.7,12,False
LS_27,IL5RA,IL5RA,4.14,8.33,0.56,0.9,12,False
LS_27,IL7R,IL7R,0.75,0.0,1.67,0.68,12,False
LS_27,IL9R,IL9R,3.1,8.33,1.11,0.56,12,False
LS_27,ILDR1,ILDR1,0.09,0.0,0.56,0.0,12,False
LS_27,IMPG2,IMPG2,0.0,0.0,0.19,0.23,12,False
LS_27,INSRR,INSRR,0.0,0.0,0.0,0.0,12,False
LS_27,ITGA1,ITGA1,0.85,0.0,0.0,0.56,12,False
LS_27,ITGA10,ITGA10,0.0,0.0,0.0,0.11,12,False
LS_27,ITGA11,ITGA11,1.6,0.0,0.37,0.23,12,False
LS_27,ITGA2,ITGA2,0.75,0.0,4.44,0.56,12,False
LS_27,ITGA2B,ITGA2B,3.29,0.0,4.81,1.36,12,False
LS_27,ITGA3,ITGA3,0.09,0.0,0.56,0.0,12,False
LS_27,ITGA7,ITGA7,1.22,0.0,0.37,4.63,12,False
LS_27,ITGA8,ITGA8,0.0,0.0,0.0,0.0,12,False
LS_27,ITGAD,ITGAD,0.0,0.0,0.0,0.0,12,False
LS_27,ITGAV,ITGAV,5.92,0.0,9.26,2.49,12,False
LS_27,ITGAX,ITGAX,4.7,0.0,0.93,6.55,12,False
LS_27,ITGB3,ITGB3,0.09,0.0,0.0,0.11,12,False
LS_27,ITGB4,ITGB4,1.69,0.0,1.11,0.45,12,False
LS_27,ITGB5,ITGB5,1.6,0.0,0.0,0.79,12,False
LS_27,ITGB6,ITGB6,0.28,0.0,0.0,0.0,12,False
LS_27,ITGB8,ITGB8,0.56,0.0,4.26,0.0,12,False
LS_27,ITLN1,ITLN1,0.0,0.0,0.0,0.0,12,False
LS_27,IZUMO1,IZUMO1,0.0,0.0,0.0,0.11,12,False
LS_27,JAG1,JAG1,17.11,16.67,1.67,2.94,12,False
LS_27,JAG2,JAG2,0.09,0.0,0.19,0.0,12,False
LS_27,JAM2,JAM2,0.0,0.0,5.56,0.0,12,False
LS_27,JAM3,JAM3,0.75,0.0,3.7,0.45,12,False
LS_27,KCNJ12,KCNJ12,0.09,0.0,2.59,0.34,12,False
LS_27,KCNJ3,KCNJ3,0.0,0.0,0.0,0.0,12,False
LS_27,KCNJ4,KCNJ4,0.0,0.0,0.0,0.0,12,False
LS_27,KCNK5,KCNK5,8.46,8.33,1.85,1.92,12,False
LS_27,KCNMB1,KCNMB1,1.6,0.0,1.48,1.36,12,False
LS_27,KCNMB2,KCNMB2,0.19,0.0,0.0,0.0,12,False
LS_27,KCNMB3,KCNMB3,1.69,0.0,1.48,0.79,12,False
LS_27,KCNMB4,KCNMB4,2.35,0.0,4.81,1.36,12,False
LS_27,KCNS1,KCNS1,0.19,0.0,0.37,0.11,12,False
LS_27,KCNV2,KCNV2,0.0,0.0,0.0,0.0,12,False
LS_27,KDR,KDR,0.0,0.0,0.19,0.0,12,False
LS_27,KEL,KEL,0.0,0.0,0.56,0.0,12,False
LS_27,KIAA0319,KIAA0319,0.0,0.0,0.19,0.0,12,False
LS_27,KIAA1324,KIAA1324,0.28,0.0,0.0,0.23,12,False
LS_27,KIAA1324L,KIAA1324L,1.13,0.0,2.41,0.9,12,False
LS_27,KIAA1549L,KIAA1549L,0.09,0.0,0.0,0.11,12,False
LS_27,KIR2DL1,KIR2DL1,0.0,0.0,0.0,0.0,12,False
LS_27,KIR2DL3,KIR2DL3,0.09,0.0,0.0,0.0,12,False
LS_27,KIR2DL4,KIR2DL4,0.0,0.0,0.0,0.0,12,False
LS_27,KIR3DL1,KIR3DL1,0.0,0.0,0.0,0.0,12,False
LS_27,KIR3DL2,KIR3DL2,0.0,0.0,0.19,0.11,12,False
LS_27,KIR3DL3,KIR3DL3,0.0,0.0,0.0,0.0,12,False
LS_27,KIRREL2,KIRREL2,0.28,0.0,0.0,0.0,12,False
LS_27,KIRREL3,KIRREL3,0.56,0.0,0.0,0.11,12,False
LS_27,KISS1R,KISS1R,0.09,0.0,0.0,0.0,12,False
LS_27,KITLG,KITLG,1.32,0.0,0.0,0.34,12,False
LS_27,KL,KL,0.0,0.0,0.74,0.0,12,False
LS_27,KLRB1,KLRB1,0.28,0.0,1.11,0.0,12,False
LS_27,KLRC1,KLRC1,0.0,0.0,0.0,0.0,12,False
LS_27,KLRC2,KLRC2,0.85,0.0,0.0,0.0,12,False
LS_27,KLRC3,KLRC3,0.47,0.0,0.0,0.0,12,False
LS_27,KLRF1,KLRF1,0.0,0.0,0.37,0.11,12,False
LS_27,KLRF2,KLRF2,0.0,0.0,0.19,0.34,12,False
LS_27,KLRK1,KLRK1,0.75,0.0,0.0,0.11,12,False
LS_27,KREMEN1,KREMEN1,0.0,0.0,0.19,0.0,12,False
LS_27,KREMEN2,KREMEN2,0.28,0.0,0.0,0.45,12,False
LS_27,L1CAM,L1CAM,0.0,0.0,0.0,0.0,12,False
LS_27,LAG3,LAG3,0.47,0.0,7.04,0.11,12,False
LS_27,LAMP3,LAMP3,0.0,0.0,0.0,0.0,12,False
LS_27,LAMP5,LAMP5,3.01,8.33,0.19,1.92,12,False
LS_27,LAYN,LAYN,1.03,0.0,0.19,0.79,12,False
LS_27,LCT,LCT,1.79,0.0,0.74,0.23,12,False
LS_27,LDLRAD3,LDLRAD3,0.28,0.0,0.56,0.9,12,False
LS_27,LEPR,LEPR,3.2,0.0,2.41,1.24,12,False
LS_27,LGR4,LGR4,0.19,0.0,1.11,0.0,12,False
LS_27,LGR5,LGR5,0.0,0.0,0.19,0.0,12,False
LS_27,LGR6,LGR6,0.09,0.0,0.56,0.0,12,False
LS_27,LHFPL1,LHFPL1,0.0,0.0,0.0,0.0,12,False
LS_27,LHFPL4,LHFPL4,0.0,0.0,0.0,0.0,12,False
LS_27,LHFPL5,LHFPL5,8.46,0.0,6.3,2.82,12,False
LS_27,LIFR,LIFR,0.09,0.0,0.0,0.0,12,False
LS_27,LILRA1,LILRA1,2.63,0.0,1.48,7.46,12,False
LS_27,LILRA4,LILRA4,0.09,0.0,0.19,0.11,12,False
LS_27,LILRA5,LILRA5,0.19,0.0,0.74,4.63,12,False
LS_27,LILRA6,LILRA6,0.19,0.0,0.19,1.36,12,False
LS_27,LILRB1,LILRB1,1.69,0.0,1.3,6.44,12,False
LS_27,LILRB2,LILRB2,0.75,0.0,4.44,6.89,12,False
LS_27,LILRB3,LILRB3,0.56,0.0,0.37,4.41,12,False
LS_27,LILRB5,LILRB5,0.0,0.0,0.0,0.23,12,False
LS_27,LIM2,LIM2,0.0,0.0,0.0,0.0,12,False
LS_27,LINGO1,LINGO1,0.0,0.0,0.0,0.0,12,False
LS_27,LINGO2,LINGO2,0.0,0.0,0.0,0.0,12,False
LS_27,LINGO3,LINGO3,1.13,0.0,0.93,0.56,12,False
LS_27,LINGO4,LINGO4,0.0,0.0,0.0,0.0,12,False
LS_27,LMAN2L,LMAN2L,10.15,8.33,6.11,2.03,12,False
LS_27,LMBR1L,LMBR1L,11.94,16.67,9.44,4.52,12,False
LS_27,LMBRD2,LMBRD2,6.02,0.0,6.11,3.5,12,False
LS_27,LPAR1,LPAR1,3.29,0.0,0.74,2.03,12,False
LS_27,LPAR2,LPAR2,7.8,0.0,5.56,5.31,12,False
LS_27,LPAR3,LPAR3,0.0,0.0,0.0,0.0,12,False
LS_27,LPAR4,LPAR4,3.85,0.0,0.74,1.58,12,False
LS_27,LPAR5,LPAR5,1.41,0.0,0.74,0.34,12,False
LS_27,LPAR6,LPAR6,3.29,0.0,2.59,2.49,12,False
LS_27,LPL,LPL,0.28,0.0,0.0,1.02,12,False
LS_27,LRFN1,LRFN1,2.91,0.0,0.74,1.81,12,False
LS_27,LRFN2,LRFN2,0.0,0.0,0.0,0.0,12,False
LS_27,LRFN3,LRFN3,0.47,0.0,1.11,0.23,12,False
LS_27,LRFN4,LRFN4,10.81,0.0,7.59,6.78,12,False
LS_27,LRIG1,LRIG1,0.19,0.0,2.04,0.68,12,False
LS_27,LRIG2,LRIG2,10.24,8.33,8.52,5.2,12,False
LS_27,LRIG3,LRIG3,0.0,0.0,0.0,0.0,12,False
LS_27,LRIT3,LRIT3,0.0,0.0,0.0,0.0,12,False
LS_27,LRP11,LRP11,3.1,0.0,2.41,3.05,12,False
LS_27,LRP12,LRP12,4.89,8.33,2.96,1.24,12,False
LS_27,LRP1B,LRP1B,0.0,0.0,0.37,0.0,12,False
LS_27,LRP2,LRP2,0.09,0.0,0.0,0.0,12,False
LS_27,LRP3,LRP3,8.08,16.67,2.41,9.38,12,False
LS_27,LRP4,LRP4,4.51,0.0,0.37,1.36,12,False
LS_27,LRP5,LRP5,12.59,8.33,9.63,3.62,12,False
LS_27,LRP6,LRP6,5.64,0.0,5.56,1.92,12,False
LS_27,LRRC19,LRRC19,0.09,0.0,0.0,0.0,12,False
LS_27,LRRC24,LRRC24,2.63,0.0,0.74,1.36,12,False
LS_27,LRRC32,LRRC32,0.0,0.0,0.0,0.11,12,False
LS_27,LRRC37A,LRRC37A,0.66,0.0,0.19,0.34,12,False
LS_27,LRRC37A2,LRRC37A2,3.2,0.0,2.78,2.82,12,False
LS_27,LRRC37A3,LRRC37A3,2.16,0.0,1.11,1.81,12,False
LS_27,LRRC37B,LRRC37B,8.08,0.0,4.81,3.28,12,False
LS_27,LRRC38,LRRC38,0.0,0.0,0.0,0.0,12,False
LS_27,LRRC3B,LRRC3B,0.0,0.0,0.0,0.0,12,False
LS_27,LRRC4,LRRC4,0.28,0.0,0.37,1.02,12,False
LS_27,LRRC4B,LRRC4B,0.0,0.0,0.0,0.0,12,False
LS_27,LRRC4C,LRRC4C,0.0,0.0,0.74,0.0,12,False
LS_27,LRRN1,LRRN1,0.19,0.0,5.74,0.0,12,False
LS_27,LRRN2,LRRN2,0.19,0.0,0.93,0.0,12,False
LS_27,LRRN3,LRRN3,0.0,0.0,0.19,0.11,12,False
LS_27,LRRN4,LRRN4,0.0,0.0,0.0,0.0,12,False
LS_27,LRRN4CL,LRRN4CL,0.0,0.0,0.0,0.0,12,False
LS_27,LRRTM2,LRRTM2,0.19,0.0,0.37,0.0,12,False
LS_27,LRRTM3,LRRTM3,0.0,0.0,0.0,0.0,12,False
LS_27,LRTM1,LRTM1,0.0,0.0,0.0,0.0,12,False
LS_27,LRTM2,LRTM2,0.0,0.0,0.0,0.0,12,False
LS_27,LSAMP,LSAMP,0.38,0.0,0.0,0.11,12,False
LS_27,LSMEM1,LSMEM1,0.47,0.0,0.0,0.34,12,False
LS_27,LTK,LTK,7.42,0.0,1.11,2.94,12,False
LS_27,LY6D,LY6D,0.0,0.0,0.0,0.0,12,False
LS_27,LY6G6C,LY6G6C,0.56,0.0,0.19,0.11,12,False
LS_27,LY6G6D,LY6G6D,0.0,0.0,0.0,0.0,12,False
LS_27,LY6G6F,LY6G6F,0.09,0.0,0.0,0.11,12,False
LS_27,LY6H,LY6H,0.28,0.0,0.19,0.11,12,False
LS_27,LY6K,LY6K,0.28,0.0,0.0,0.11,12,False
LS_27,LY9,LY9,5.64,0.0,0.93,2.37,12,False
LS_27,LYNX1,LYNX1,0.0,0.0,0.19,0.23,12,False
LS_27,LYPD1,LYPD1,0.0,0.0,0.0,0.11,12,False
LS_27,LYPD2,LYPD2,0.09,0.0,0.0,0.11,12,False
LS_27,LYPD3,LYPD3,0.19,0.0,1.11,0.34,12,False
LS_27,LYPD5,LYPD5,0.0,0.0,0.93,0.23,12,False
LS_27,LYPD6B,LYPD6B,0.0,0.0,0.37,0.0,12,False
LS_27,LYPD8,LYPD8,0.19,0.0,0.0,0.11,12,False
LS_27,LYSMD3,LYSMD3,9.02,0.0,8.15,3.28,12,False
LS_27,LYVE1,LYVE1,0.0,0.0,0.0,0.0,12,False
LS_27,MAG,MAG,0.19,0.0,0.19,0.23,12,False
LS_27,MAMDC4,MAMDC4,3.01,0.0,0.37,2.26,12,False
LS_27,MANSC1,MANSC1,1.69,0.0,5.93,1.47,12,False
LS_27,MANSC4,MANSC4,0.0,0.0,0.0,0.0,12,False
LS_27,MAS1,MAS1,0.38,0.0,0.0,0.11,12,False
LS_27,MC1R,MC1R,1.03,0.0,0.19,0.56,12,False
LS_27,MC2R,MC2R,0.0,0.0,0.0,0.0,12,False
LS_27,MC4R,MC4R,0.0,0.0,0.0,0.0,12,False
LS_27,MCAM,MCAM,0.09,0.0,0.19,0.0,12,False
LS_27,MCHR1,MCHR1,0.0,0.0,0.0,0.0,12,False
LS_27,MDGA1,MDGA1,1.32,0.0,0.74,0.0,12,False
LS_27,MDGA2,MDGA2,0.09,0.0,1.11,0.0,12,False
LS_27,MEGF10,MEGF10,2.73,0.0,0.19,1.13,12,False
LS_27,MEGF11,MEGF11,0.09,0.0,0.56,0.23,12,False
LS_27,MEGF8,MEGF8,11.37,0.0,9.26,5.65,12,False
LS_27,MEP1A,MEP1A,0.0,0.0,0.0,0.0,12,False
LS_27,MEP1B,MEP1B,0.0,0.0,0.0,0.0,12,False
LS_27,MERTK,MERTK,4.51,0.0,5.37,1.24,12,False
LS_27,MET,MET,0.0,0.0,0.0,0.0,12,False
LS_27,MFAP3,MFAP3,3.2,0.0,4.63,0.45,12,False
LS_27,MFAP3L,MFAP3L,0.85,0.0,1.11,0.0,12,False
LS_27,MFRP,MFRP,0.0,0.0,0.0,0.0,12,False
LS_27,MFSD2A,MFSD2A,3.48,0.0,1.48,5.31,12,False
LS_27,MFSD2B,MFSD2B,2.26,0.0,0.56,0.0,12,False
LS_27,MFSD6L,MFSD6L,0.19,0.0,0.19,0.0,12,False
LS_27,MFSD8,MFSD8,8.08,0.0,5.56,2.15,12,False
LS_27,MICA,MICA,6.39,0.0,4.44,3.39,12,False
LS_27,MICB,MICB,4.79,0.0,4.81,4.86,12,False
LS_27,MILR1,MILR1,9.21,8.33,3.15,6.55,12,False
LS_27,MIP,MIP,0.0,0.0,0.0,0.11,12,False
LS_27,MLNR,MLNR,0.38,0.0,0.56,0.0,12,False
LS_27,MME,MME,0.0,0.0,0.93,0.34,12,False
LS_27,MMEL1,MMEL1,3.57,0.0,2.22,2.49,12,False
LS_27,MMP14,MMP14,6.67,8.33,0.56,3.05,12,False
LS_27,MMP16,MMP16,0.0,0.0,0.56,0.0,12,False
LS_27,MMP17,MMP17,8.36,8.33,1.3,7.46,12,False
LS_27,MMP25,MMP25,3.01,0.0,0.0,2.94,12,False
LS_27,MPZ,MPZ,2.82,0.0,2.59,1.13,12,False
LS_27,MPZL2,MPZL2,0.19,0.0,3.7,0.34,12,False
LS_27,MPZL3,MPZL3,0.47,0.0,1.3,0.56,12,False
LS_27,MRC1,MRC1,0.19,0.0,0.74,2.26,12,False
LS_27,MRC2,MRC2,11.75,33.33,7.22,4.41,12,False
LS_27,MRGPRD,MRGPRD,0.0,0.0,0.0,0.0,12,False
LS_27,MRGPRE,MRGPRE,0.09,0.0,0.0,0.11,12,False
LS_27,MRGPRF,MRGPRF,0.0,0.0,0.0,0.23,12,False
LS_27,MRGPRX2,MRGPRX2,0.0,0.0,0.0,0.0,12,False
LS_27,MRGPRX3,MRGPRX3,0.0,0.0,0.0,0.0,12,False
LS_27,MRVI1,MRVI1,1.13,0.0,0.37,0.9,12,False
LS_27,MS4A1,MS4A1,0.09,0.0,1.67,0.11,12,False
LS_27,MS4A15,MS4A15,0.0,0.0,0.0,0.0,12,False
LS_27,MSLNL,MSLNL,0.09,0.0,0.0,0.0,12,False
LS_27,MSR1,MSR1,0.0,0.0,0.0,0.11,12,False
LS_27,MST1R,MST1R,0.0,0.0,0.0,0.0,12,False
LS_27,MUC1,MUC1,3.76,0.0,1.11,0.79,12,False
LS_27,MUC12,MUC12,1.97,0.0,0.56,2.03,12,False
LS_27,MUC16,MUC16,0.0,0.0,0.0,0.0,12,False
LS_27,MUC3A,MUC3A,0.0,0.0,0.0,0.0,12,False
LS_27,MUC4,MUC4,0.28,0.0,0.0,0.11,12,False
LS_27,MUSK,MUSK,0.0,0.0,0.0,0.11,12,False
LS_27,MXRA8,MXRA8,0.09,0.0,0.0,0.11,12,False
LS_27,MYADML2,MYADML2,0.0,0.0,0.0,0.0,12,False
LS_27,MYOF,MYOF,1.03,0.0,0.56,6.67,12,False
LS_27,NCAM1,NCAM1,2.44,0.0,0.19,2.15,12,False
LS_27,NCAM2,NCAM2,0.0,0.0,0.0,0.34,12,False
LS_27,NCMAP,NCMAP,0.0,0.0,0.0,0.0,12,False
LS_27,NCR1,NCR1,0.38,0.0,0.19,0.0,12,False
LS_27,NCR2,NCR2,0.0,0.0,0.0,0.0,12,False
LS_27,NCR3,NCR3,0.38,0.0,0.93,0.11,12,False
LS_27,NCR3LG1,NCR3LG1,2.26,0.0,0.56,1.47,12,False
LS_27,NEO1,NEO1,0.19,0.0,0.0,0.34,12,False
LS_27,NETO1,NETO1,2.63,8.33,0.0,0.11,12,False
LS_27,NFASC,NFASC,0.19,0.0,0.0,0.0,12,False
LS_27,NGFR,NGFR,0.09,0.0,0.19,0.0,12,False
LS_27,NIPAL1,NIPAL1,0.09,0.0,0.19,0.0,12,False
LS_27,NIPAL4,NIPAL4,0.0,0.0,0.19,0.0,12,False
LS_27,NKAIN1,NKAIN1,0.09,0.0,0.0,0.11,12,False
LS_27,NKAIN3,NKAIN3,0.0,0.0,0.0,0.0,12,False
LS_27,NLGN1,NLGN1,0.0,0.0,1.48,0.11,12,False
LS_27,NLGN2,NLGN2,1.97,0.0,6.85,0.9,12,False
LS_27,NLGN3,NLGN3,0.66,0.0,0.56,0.23,12,False
LS_27,NLGN4Y,NLGN4Y,0.0,0.0,0.0,0.0,12,False
LS_27,NMBR,NMBR,0.0,0.0,0.0,0.0,12,False
LS_27,NMUR1,NMUR1,2.73,0.0,0.37,2.15,12,False
LS_27,NOTCH3,NOTCH3,1.03,0.0,0.0,0.11,12,False
LS_27,NOTCH4,NOTCH4,1.5,0.0,2.22,1.81,12,False
LS_27,NPBWR1,NPBWR1,0.0,0.0,0.0,0.0,12,False
LS_27,NPBWR2,NPBWR2,0.0,0.0,0.0,0.0,12,False
LS_27,NPC1,NPC1,4.04,0.0,4.44,2.82,12,False
LS_27,NPC1L1,NPC1L1,0.09,0.0,0.0,0.0,12,False
LS_27,NPFFR1,NPFFR1,0.19,0.0,0.0,0.0,12,False
LS_27,NPHS1,NPHS1,0.0,0.0,0.0,0.0,12,False
LS_27,NPR1,NPR1,0.0,0.0,0.0,0.0,12,False
LS_27,NPR2,NPR2,0.66,0.0,0.93,0.0,12,False
LS_27,NRCAM,NRCAM,0.09,0.0,0.19,0.11,12,False
LS_27,NRG1,NRG1,0.0,0.0,0.0,0.23,12,False
LS_27,NRG2,NRG2,0.19,0.0,0.56,0.23,12,False
LS_27,NRG4,NRG4,13.91,16.67,1.67,5.99,12,False
LS_27,NRN1,NRN1,0.0,0.0,0.0,0.0,12,False
LS_27,NRN1L,NRN1L,1.03,0.0,0.0,0.34,12,False
LS_27,NRP1,NRP1,4.7,0.0,0.0,1.47,12,False
LS_27,NRP2,NRP2,0.09,0.0,0.0,0.45,12,False
LS_27,NRXN1,NRXN1,0.0,0.0,0.19,0.0,12,False
LS_27,NRXN2,NRXN2,13.35,33.33,4.44,6.55,12,False
LS_27,NRXN3,NRXN3,0.0,0.0,0.0,0.0,12,False
LS_27,NT5E,NT5E,3.95,0.0,0.19,0.56,12,False
LS_27,NTM,NTM,0.0,0.0,0.0,0.0,12,False
LS_27,NTNG1,NTNG1,0.0,0.0,0.0,0.0,12,False
LS_27,NTNG2,NTNG2,12.97,8.33,5.0,4.07,12,False
LS_27,NTRK1,NTRK1,0.09,0.0,0.37,0.11,12,False
LS_27,NTRK2,NTRK2,0.0,0.0,0.0,0.0,12,False
LS_27,NTRK3,NTRK3,0.0,0.0,0.0,0.0,12,False
LS_27,NTSR1,NTSR1,3.85,0.0,0.19,2.71,12,False
LS_27,NUP210L,NUP210L,0.28,0.0,0.0,0.11,12,False
LS_27,OLR1,OLR1,0.47,0.0,0.0,0.34,12,False
LS_27,OMG,OMG,0.38,0.0,0.19,0.56,12,False
LS_27,OPALIN,OPALIN,0.0,0.0,0.37,0.0,12,False
LS_27,OPCML,OPCML,0.0,0.0,0.0,0.0,12,False
LS_27,OPN1SW,OPN1SW,0.09,0.0,0.19,0.0,12,False
LS_27,OPN3,OPN3,13.82,8.33,6.85,9.83,12,False
LS_27,OPRD1,OPRD1,0.0,0.0,0.0,0.0,12,False
LS_27,OPRK1,OPRK1,0.0,0.0,0.0,0.0,12,False
LS_27,OPRL1,OPRL1,4.7,0.0,3.89,2.03,12,False
LS_27,OPRM1,OPRM1,0.0,0.0,0.0,0.0,12,False
LS_27,OR10A2,OR10A2,0.0,0.0,0.37,0.0,12,False
LS_27,OR10A4,OR10A4,0.0,0.0,0.0,0.0,12,False
LS_27,OR10A5,OR10A5,0.0,0.0,0.0,0.0,12,False
LS_27,OR10AD1,OR10AD1,0.0,0.0,0.0,0.0,12,False
LS_27,OR10G3,OR10G3,0.0,0.0,0.0,0.0,12,False
LS_27,OR10H1,OR10H1,0.09,0.0,0.37,0.0,12,False
LS_27,OR10H5,OR10H5,0.0,0.0,0.0,0.11,12,False
LS_27,OR10K1,OR10K1,0.09,0.0,0.0,0.0,12,False
LS_27,OR10X1,OR10X1,0.0,0.0,0.0,0.0,12,False
LS_27,OR10Z1,OR10Z1,0.0,0.0,0.0,0.0,12,False
LS_27,OR11G2,OR11G2,0.09,0.0,0.0,0.11,12,False
LS_27,OR11H4,OR11H4,0.0,0.0,0.0,0.0,12,False
LS_27,OR11L1,OR11L1,0.0,0.0,0.0,0.0,12,False
LS_27,OR13A1,OR13A1,0.0,0.0,0.0,0.0,12,False
LS_27,OR13C2,OR13C2,0.0,0.0,0.0,0.0,12,False
LS_27,OR13C3,OR13C3,0.0,0.0,0.0,0.0,12,False
LS_27,OR13C4,OR13C4,0.0,0.0,0.0,0.0,12,False
LS_27,OR13C5,OR13C5,0.0,0.0,0.0,0.11,12,False
LS_27,OR13C9,OR13C9,0.0,0.0,0.0,0.0,12,False
LS_27,OR13D1,OR13D1,0.0,0.0,0.0,0.0,12,False
LS_27,OR13F1,OR13F1,0.0,0.0,0.0,0.0,12,False
LS_27,OR13G1,OR13G1,0.0,0.0,0.0,0.0,12,False
LS_27,OR14A16,OR14A16,0.0,0.0,0.0,0.0,12,False
LS_27,OR14A2,OR14A2,0.0,0.0,0.0,0.0,12,False
LS_27,OR14J1,OR14J1,0.0,0.0,0.0,0.0,12,False
LS_27,OR14K1,OR14K1,0.0,0.0,0.0,0.0,12,False
LS_27,OR1A1,OR1A1,0.09,0.0,0.0,0.0,12,False
LS_27,OR1B1,OR1B1,0.0,0.0,0.0,0.0,12,False
LS_27,OR1C1,OR1C1,0.09,0.0,0.19,0.0,12,False
LS_27,OR1G1,OR1G1,0.0,0.0,0.0,0.0,12,False
LS_27,OR1I1,OR1I1,0.0,0.0,0.0,0.0,12,False
LS_27,OR1K1,OR1K1,0.0,0.0,0.0,0.0,12,False
LS_27,OR1L3,OR1L3,0.0,0.0,0.0,0.0,12,False
LS_27,OR1L6,OR1L6,0.0,0.0,0.0,0.0,12,False
LS_27,OR1L8,OR1L8,0.0,0.0,0.0,0.0,12,False
LS_27,OR1N1,OR1N1,0.0,0.0,0.0,0.0,12,False
LS_27,OR1N2,OR1N2,0.0,0.0,0.0,0.0,12,False
LS_27,OR2A1,OR2A1,0.0,0.0,0.0,0.0,12,False
LS_27,OR2A7,OR2A7,0.0,0.0,0.0,0.0,12,False
LS_27,OR2AE1,OR2AE1,0.0,0.0,0.0,0.0,12,False
LS_27,OR2AG1,OR2AG1,0.0,0.0,0.0,0.0,12,False
LS_27,OR2AG2,OR2AG2,0.09,0.0,0.0,0.11,12,False
LS_27,OR2AJ1,OR2AJ1,0.0,0.0,0.0,0.0,12,False
LS_27,OR2AK2,OR2AK2,0.09,0.0,0.56,0.0,12,False
LS_27,OR2AT4,OR2AT4,0.0,0.0,0.0,0.0,12,False
LS_27,OR2B11,OR2B11,0.09,0.0,0.37,0.23,12,False
LS_27,OR2B2,OR2B2,0.0,0.0,0.0,0.0,12,False
LS_27,OR2B6,OR2B6,0.0,0.0,0.0,0.0,12,False
LS_27,OR2C1,OR2C1,0.0,0.0,0.0,0.0,12,False
LS_27,OR2C3,OR2C3,0.0,0.0,0.19,0.0,12,False
LS_27,OR2D2,OR2D2,0.0,0.0,0.37,0.11,12,False
LS_27,OR2D3,OR2D3,0.0,0.0,0.19,0.0,12,False
LS_27,OR2G3,OR2G3,0.0,0.0,0.0,0.0,12,False
LS_27,OR2G6,OR2G6,0.0,0.0,0.0,0.0,12,False
LS_27,OR2H2,OR2H2,0.0,0.0,0.0,0.0,12,False
LS_27,OR2I1P,OR2I1P,0.0,0.0,0.0,0.0,12,False
LS_27,OR2L13,OR2L13,0.19,0.0,1.11,0.11,12,False
LS_27,OR2L2,OR2L2,0.19,0.0,1.3,0.0,12,False
LS_27,OR2L3,OR2L3,0.0,0.0,0.19,0.0,12,False
LS_27,OR2L5,OR2L5,0.0,0.0,0.37,0.11,12,False
LS_27,OR2L8,OR2L8,0.09,0.0,0.0,0.0,12,False
LS_27,OR2M3,OR2M3,0.0,0.0,0.0,0.0,12,False
LS_27,OR2M4,OR2M4,0.0,0.0,0.0,0.0,12,False
LS_27,OR2T11,OR2T11,0.0,0.0,0.0,0.0,12,False
LS_27,OR2T12,OR2T12,0.0,0.0,0.0,0.0,12,False
LS_27,OR2T2,OR2T2,0.0,0.0,0.0,0.0,12,False
LS_27,OR2T33,OR2T33,0.28,0.0,0.19,0.0,12,False
LS_27,OR2T4,OR2T4,0.0,0.0,0.0,0.0,12,False
LS_27,OR2T8,OR2T8,0.28,0.0,0.19,0.11,12,False
LS_27,OR2V1,OR2V1,0.09,0.0,0.0,0.0,12,False
LS_27,OR2W3,OR2W3,0.38,0.0,0.37,0.11,12,False
LS_27,OR3A1,OR3A1,0.28,0.0,0.0,0.0,12,False
LS_27,OR3A2,OR3A2,0.56,0.0,0.19,0.0,12,False
LS_27,OR3A3,OR3A3,0.0,0.0,0.0,0.11,12,False
LS_27,OR4D1,OR4D1,1.03,0.0,2.96,0.23,12,False
LS_27,OR4D9,OR4D9,0.0,0.0,0.0,0.0,12,False
LS_27,OR51B2,OR51B2,0.0,0.0,0.0,0.0,12,False
LS_27,OR51B4,OR51B4,0.0,0.0,0.0,0.0,12,False
LS_27,OR51B5,OR51B5,0.0,0.0,0.0,0.0,12,False
LS_27,OR51I1,OR51I1,0.0,0.0,0.0,0.0,12,False
LS_27,OR51I2,OR51I2,0.0,0.0,0.0,0.0,12,False
LS_27,OR51M1,OR51M1,0.09,0.0,0.0,0.0,12,False
LS_27,OR51Q1,OR51Q1,0.0,0.0,0.0,0.11,12,False
LS_27,OR51V1,OR51V1,0.0,0.0,0.0,0.0,12,False
LS_27,OR52A1,OR52A1,0.0,0.0,0.0,0.0,12,False
LS_27,OR52A5,OR52A5,0.0,0.0,0.0,0.0,12,False
LS_27,OR52B6,OR52B6,0.0,0.0,0.0,0.0,12,False
LS_27,OR52D1,OR52D1,0.0,0.0,0.0,0.0,12,False
LS_27,OR52H1,OR52H1,0.0,0.0,0.0,0.0,12,False
LS_27,OR52I1,OR52I1,0.0,0.0,0.0,0.0,12,False
LS_27,OR52I2,OR52I2,0.0,0.0,0.0,0.0,12,False
LS_27,OR52K1,OR52K1,0.0,0.0,0.0,0.0,12,False
LS_27,OR52K2,OR52K2,0.0,0.0,0.0,0.0,12,False
LS_27,OR52N1,OR52N1,0.0,0.0,0.0,0.0,12,False
LS_27,OR52N2,OR52N2,0.0,0.0,0.56,0.0,12,False
LS_27,OR52N4,OR52N4,0.0,0.0,0.0,0.0,12,False
LS_27,OR52N5,OR52N5,0.0,0.0,0.37,0.0,12,False
LS_27,OR56A4,OR56A4,0.0,0.0,0.0,0.0,12,False
LS_27,OR56B1,OR56B1,0.09,0.0,0.0,0.0,12,False
LS_27,OR5AN1,OR5AN1,0.0,0.0,0.0,0.0,12,False
LS_27,OR5AS1,OR5AS1,0.0,0.0,0.0,0.0,12,False
LS_27,OR5AU1,OR5AU1,0.0,0.0,0.0,0.0,12,False
LS_27,OR5B12,OR5B12,0.0,0.0,0.0,0.0,12,False
LS_27,OR5B2,OR5B2,0.0,0.0,0.0,0.0,12,False
LS_27,OR5B21,OR5B21,0.0,0.0,0.0,0.0,12,False
LS_27,OR5H1,OR5H1,0.0,0.0,0.0,0.0,12,False
LS_27,OR5H14,OR5H14,0.09,0.0,0.0,0.0,12,False
LS_27,OR5K2,OR5K2,0.0,0.0,0.0,0.0,12,False
LS_27,OR6A2,OR6A2,0.0,0.0,0.37,0.0,12,False
LS_27,OR6C2,OR6C2,0.0,0.0,0.0,0.0,12,False
LS_27,OR6C75,OR6C75,0.09,0.0,0.0,0.0,12,False
LS_27,OR6F1,OR6F1,0.0,0.0,0.0,0.0,12,False
LS_27,OR6J1,OR6J1,0.0,0.0,0.0,0.0,12,False
LS_27,OR6K3,OR6K3,0.0,0.0,0.0,0.0,12,False
LS_27,OR6N1,OR6N1,0.0,0.0,0.0,0.0,12,False
LS_27,OR6P1,OR6P1,0.0,0.0,0.0,0.0,12,False
LS_27,OR6V1,OR6V1,0.0,0.0,0.0,0.0,12,False
LS_27,OR6Y1,OR6Y1,0.0,0.0,0.0,0.0,12,False
LS_27,OR7A17,OR7A17,0.0,0.0,0.0,0.0,12,False
LS_27,OR7A5,OR7A5,0.0,0.0,0.0,0.0,12,False
LS_27,OR7C1,OR7C1,0.09,0.0,0.0,0.0,12,False
LS_27,OR7D2,OR7D2,0.19,0.0,0.0,0.0,12,False
LS_27,OR8D4,OR8D4,0.0,0.0,0.0,0.0,12,False
LS_27,OR8G5,OR8G5,0.0,0.0,0.0,0.0,12,False
LS_27,OR9A4,OR9A4,0.09,0.0,0.0,0.0,12,False
LS_27,OSMR,OSMR,0.38,0.0,0.0,0.0,12,False
LS_27,OSTM1,OSTM1,8.65,0.0,6.67,5.31,12,False
LS_27,OTOA,OTOA,0.19,0.0,0.56,1.36,12,False
LS_27,OTOP2,OTOP2,0.0,0.0,0.0,0.0,12,False
LS_27,OXER1,OXER1,1.6,0.0,0.74,1.13,12,False
LS_27,OXTR,OXTR,0.56,0.0,0.19,0.11,12,False
LS_27,P2RX2,P2RX2,0.0,0.0,0.0,0.0,12,False
LS_27,P2RX3,P2RX3,0.09,0.0,0.0,0.11,12,False
LS_27,P2RX6,P2RX6,0.38,0.0,0.74,0.11,12,False
LS_27,P2RX7,P2RX7,5.26,0.0,5.93,8.25,12,False
LS_27,P2RY1,P2RY1,4.04,0.0,4.26,1.58,12,False
LS_27,P2RY10,P2RY10,0.66,0.0,1.11,0.23,12,False
LS_27,P2RY11,P2RY11,6.95,0.0,2.96,4.75,12,False
LS_27,P2RY12,P2RY12,0.09,0.0,0.0,0.0,12,False
LS_27,P2RY13,P2RY13,3.95,0.0,2.22,5.88,12,False
LS_27,P2RY14,P2RY14,0.09,0.0,1.48,0.23,12,False
LS_27,P2RY4,P2RY4,0.0,0.0,0.0,0.0,12,False
LS_27,P2RY6,P2RY6,0.38,0.0,0.0,1.02,12,False
LS_27,PANX1,PANX1,6.58,0.0,8.33,5.2,12,False
LS_27,PANX2,PANX2,1.13,0.0,0.74,0.23,12,False
LS_27,PARM1,PARM1,0.09,0.0,0.37,0.11,12,False
LS_27,PCDH1,PCDH1,0.0,0.0,0.0,0.0,12,False
LS_27,PCDH10,PCDH10,0.0,0.0,0.0,0.0,12,False
LS_27,PCDH11X,PCDH11X,0.0,0.0,0.0,0.0,12,False
LS_27,PCDH11Y,PCDH11Y,0.09,0.0,0.0,0.0,12,False
LS_27,PCDH12,PCDH12,0.0,0.0,0.19,0.11,12,False
LS_27,PCDH15,PCDH15,0.09,0.0,0.0,0.0,12,False
LS_27,PCDH18,PCDH18,0.0,0.0,0.0,0.0,12,False
LS_27,PCDH20,PCDH20,0.0,0.0,0.19,0.0,12,False
LS_27,PCDH7,PCDH7,0.38,0.0,0.0,0.0,12,False
LS_27,PCDH8,PCDH8,0.0,0.0,0.19,0.0,12,False
LS_27,PCDHA10,PCDHA10,0.0,0.0,0.0,0.0,12,False
LS_27,PCDHA11,PCDHA11,0.0,0.0,0.0,0.0,12,False
LS_27,PCDHA12,PCDHA12,0.0,0.0,0.0,0.0,12,False
LS_27,PCDHA4,PCDHA4,0.0,0.0,0.0,0.0,12,False
LS_27,PCDHA9,PCDHA9,0.0,0.0,0.0,0.0,12,False
LS_27,PCDHB1,PCDHB1,0.0,0.0,0.0,0.0,12,False
LS_27,PCDHB10,PCDHB10,0.0,0.0,0.0,0.0,12,False
LS_27,PCDHB11,PCDHB11,0.0,0.0,0.0,0.0,12,False
LS_27,PCDHB12,PCDHB12,0.09,0.0,0.0,0.0,12,False
LS_27,PCDHB13,PCDHB13,0.09,0.0,0.0,0.0,12,False
LS_27,PCDHB14,PCDHB14,0.0,0.0,0.0,0.0,12,False
LS_27,PCDHB15,PCDHB15,0.19,0.0,0.0,0.0,12,False
LS_27,PCDHB16,PCDHB16,0.0,0.0,0.0,0.0,12,False
LS_27,PCDHB2,PCDHB2,0.0,0.0,0.0,0.0,12,False
LS_27,PCDHB5,PCDHB5,0.0,0.0,0.0,0.0,12,False
LS_27,PCDHB8,PCDHB8,0.0,0.0,0.0,0.0,12,False
LS_27,PCDHB9,PCDHB9,0.09,0.0,0.0,0.0,12,False
LS_27,PCDHGA1,PCDHGA1,0.09,0.0,0.0,0.0,12,False
LS_27,PCDHGA10,PCDHGA10,0.28,0.0,0.19,0.34,12,False
LS_27,PCDHGA11,PCDHGA11,0.19,0.0,0.19,0.0,12,False
LS_27,PCDHGA12,PCDHGA12,0.38,0.0,0.56,0.11,12,False
LS_27,PCDHGA2,PCDHGA2,0.0,0.0,0.0,0.0,12,False
LS_27,PCDHGA3,PCDHGA3,0.0,0.0,0.0,0.0,12,False
LS_27,PCDHGA4,PCDHGA4,0.0,0.0,0.0,0.0,12,False
LS_27,PCDHGA5,PCDHGA5,0.38,0.0,0.0,0.0,12,False
LS_27,PCDHGA6,PCDHGA6,0.56,0.0,0.74,0.11,12,False
LS_27,PCDHGA7,PCDHGA7,0.28,0.0,0.0,0.0,12,False
LS_27,PCDHGA8,PCDHGA8,0.28,0.0,0.0,0.11,12,False
LS_27,PCDHGA9,PCDHGA9,0.09,0.0,0.19,0.0,12,False
LS_27,PCDHGB1,PCDHGB1,0.09,0.0,0.19,0.0,12,False
LS_27,PCDHGB2,PCDHGB2,0.94,0.0,0.56,0.11,12,False
LS_27,PCDHGB3,PCDHGB3,0.38,0.0,0.19,0.11,12,False
LS_27,PCDHGB4,PCDHGB4,0.09,0.0,0.0,0.23,12,False
LS_27,PCDHGB5,PCDHGB5,0.38,0.0,0.0,0.0,12,False
LS_27,PCDHGB6,PCDHGB6,0.0,0.0,0.0,0.0,12,False
LS_27,PCDHGB7,PCDHGB7,0.0,0.0,0.56,0.0,12,False
LS_27,PCDHGC3,PCDHGC3,1.5,0.0,0.0,0.56,12,False
LS_27,PCDHGC4,PCDHGC4,0.0,0.0,0.0,0.0,12,False
LS_27,PCDHGC5,PCDHGC5,0.0,0.0,0.0,0.0,12,False
LS_27,PCSK5,PCSK5,0.94,0.0,1.85,1.13,12,False
LS_27,PDCD1,PDCD1,0.0,0.0,0.0,0.0,12,False
LS_27,PDCD1LG2,PDCD1LG2,0.19,0.0,0.37,0.0,12,False
LS_27,PDGFRA,PDGFRA,0.0,0.0,0.19,0.0,12,False
LS_27,PDGFRB,PDGFRB,2.16,8.33,0.0,0.45,12,False
LS_27,PEAR1,PEAR1,1.13,0.0,4.07,0.34,12,False
LS_27,PGAP1,PGAP1,3.2,0.0,2.59,0.68,12,False
LS_27,PHEX,PHEX,0.09,0.0,0.0,0.0,12,False
LS_27,PI16,PI16,0.0,0.0,0.0,0.0,12,False
LS_27,PIEZO2,PIEZO2,2.82,0.0,0.74,0.45,12,False
LS_27,PIGO,PIGO,12.59,0.0,10.0,6.21,12,False
LS_27,PIGR,PIGR,0.0,0.0,0.0,0.11,12,False
LS_27,PIK3IP1,PIK3IP1,3.01,0.0,7.41,1.69,12,False
LS_27,PKD1L1,PKD1L1,0.09,0.0,0.0,0.0,12,False
LS_27,PKD1L3,PKD1L3,0.09,0.0,0.0,0.23,12,False
LS_27,PKD2L1,PKD2L1,0.0,0.0,0.0,0.0,12,False
LS_27,PKDREJ,PKDREJ,0.19,0.0,0.0,0.23,12,False
LS_27,PKHD1,PKHD1,0.0,0.0,0.0,0.0,12,False
LS_27,PKHD1L1,PKHD1L1,0.0,0.0,0.0,0.0,12,False
LS_27,PLA2R1,PLA2R1,0.56,0.0,0.93,0.0,12,False
LS_27,PLD5,PLD5,0.0,0.0,0.0,0.0,12,False
LS_27,PLET1,PLET1,0.0,0.0,0.0,0.0,12,False
LS_27,PLP1,PLP1,0.0,0.0,0.37,0.0,12,False
LS_27,PLVAP,PLVAP,0.19,0.0,0.37,0.11,12,False
LS_27,PLXDC1,PLXDC1,0.0,0.0,0.0,0.11,12,False
LS_27,PLXNA1,PLXNA1,0.85,0.0,0.0,0.23,12,False
LS_27,PLXNA2,PLXNA2,0.47,0.0,0.0,0.23,12,False
LS_27,PLXNA3,PLXNA3,3.57,0.0,1.3,1.58,12,False
LS_27,PLXNA4,PLXNA4,0.0,0.0,0.0,0.0,12,False
LS_27,PLXNB1,PLXNB1,3.01,8.33,4.26,1.36,12,False
LS_27,PLXNB3,PLXNB3,0.19,0.0,0.0,0.0,12,False
LS_27,PMEL,PMEL,0.38,0.0,0.56,0.23,12,False
LS_27,PMEPA1,PMEPA1,2.16,0.0,5.74,0.56,12,False
LS_27,PODXL,PODXL,0.66,0.0,1.3,0.23,12,False
LS_27,PRLHR,PRLHR,0.0,0.0,0.0,0.0,12,False
LS_27,PRLR,PRLR,0.85,0.0,0.19,4.29,12,False
LS_27,PRND,PRND,0.0,0.0,0.0,0.0,12,False
LS_27,PROCR,PROCR,2.82,0.0,2.04,2.03,12,False
LS_27,PROKR1,PROKR1,0.0,0.0,0.0,0.0,12,False
LS_27,PROKR2,PROKR2,0.0,0.0,0.0,0.0,12,False
LS_27,PROM2,PROM2,0.19,0.0,0.0,0.11,12,False
LS_27,PRPH2,PRPH2,0.0,0.0,0.0,0.0,12,False
LS_27,PRRT3,PRRT3,1.69,0.0,7.04,1.02,12,False
LS_27,PRSS41,PRSS41,0.0,0.0,0.0,0.0,12,False
LS_27,PRSS8,PRSS8,0.0,0.0,0.0,0.23,12,False
LS_27,PRTG,PRTG,0.0,0.0,0.74,0.0,12,False
LS_27,PSCA,PSCA,0.94,0.0,0.0,0.11,12,False
LS_27,PSEN2,PSEN2,4.14,0.0,4.26,1.24,12,False
LS_27,PTCH1,PTCH1,0.0,0.0,0.0,0.0,12,False
LS_27,PTCHD1,PTCHD1,0.09,0.0,0.0,0.0,12,False
LS_27,PTCHD4,PTCHD4,0.0,0.0,0.19,0.0,12,False
LS_27,PTCRA,PTCRA,0.0,0.0,0.0,0.23,12,False
LS_27,PTGDR,PTGDR,0.19,0.0,0.19,0.0,12,False
LS_27,PTGDR2,PTGDR2,0.19,0.0,3.15,0.11,12,False
LS_27,PTGER1,PTGER1,1.69,0.0,0.19,0.45,12,False
LS_27,PTGER3,PTGER3,0.38,0.0,0.19,0.23,12,False
LS_27,PTGFR,PTGFR,0.38,0.0,0.0,0.0,12,False
LS_27,PTGFRN,PTGFRN,2.35,0.0,0.19,1.24,12,False
LS_27,PTGIR,PTGIR,10.06,25.0,2.59,7.8,12,False
LS_27,PTH1R,PTH1R,0.0,0.0,0.0,0.11,12,False
LS_27,PTH2R,PTH2R,7.61,0.0,0.19,1.92,12,False
LS_27,PTPRB,PTPRB,0.0,0.0,0.19,0.11,12,False
LS_27,PTPRD,PTPRD,0.09,0.0,2.96,0.34,12,False
LS_27,PTPRF,PTPRF,0.56,0.0,0.37,0.11,12,False
LS_27,PTPRG,PTPRG,0.0,0.0,0.0,0.0,12,False
LS_27,PTPRH,PTPRH,0.28,0.0,0.0,0.11,12,False
LS_27,PTPRK,PTPRK,0.0,0.0,0.37,0.0,12,False
LS_27,PTPRM,PTPRM,7.24,8.33,6.3,2.26,12,False
LS_27,PTPRN,PTPRN,0.09,0.0,0.0,0.0,12,False
LS_27,PTPRN2,PTPRN2,2.54,0.0,1.85,0.79,12,False
LS_27,PTPRO,PTPRO,0.47,0.0,0.19,0.79,12,False
LS_27,PTPRR,PTPRR,0.0,0.0,0.0,0.0,12,False
LS_27,PTPRS,PTPRS,2.35,0.0,0.74,0.11,12,False
LS_27,PTPRU,PTPRU,0.0,0.0,0.0,0.0,12,False
LS_27,PVR,PVR,4.89,0.0,7.04,2.03,12,False
LS_27,QRFPR,QRFPR,0.0,0.0,0.0,0.0,12,False
LS_27,QSOX2,QSOX2,8.65,0.0,7.22,3.62,12,False
LS_27,RAET1E,RAET1E,0.28,0.0,0.19,0.23,12,False
LS_27,RAET1G,RAET1G,0.09,0.0,0.0,0.0,12,False
LS_27,RAMP2,RAMP2,0.09,0.0,0.19,0.11,12,False
LS_27,RAMP3,RAMP3,0.0,0.0,0.0,0.0,12,False
LS_27,RECK,RECK,4.04,0.0,6.67,4.86,12,False
LS_27,RET,RET,2.73,0.0,0.19,1.58,12,False
LS_27,RGMA,RGMA,0.75,0.0,3.7,0.79,12,False
LS_27,RGMB,RGMB,0.0,0.0,0.0,0.0,12,False
LS_27,RHAG,RHAG,0.0,0.0,0.37,0.23,12,False
LS_27,RHBDF2,RHBDF2,12.12,8.33,5.74,8.59,12,False
LS_27,RHBDL2,RHBDL2,0.0,0.0,0.0,0.0,12,False
LS_27,RHO,RHO,0.0,0.0,0.0,0.0,12,False
LS_27,RNF150,RNF150,0.09,0.0,4.26,0.11,12,False
LS_27,RNF43,RNF43,0.56,0.0,0.74,0.56,12,False
LS_27,ROBO1,ROBO1,0.75,0.0,2.96,0.34,12,False
LS_27,ROBO2,ROBO2,0.0,0.0,0.19,0.0,12,False
LS_27,ROR1,ROR1,0.0,0.0,0.19,0.0,12,False
LS_27,ROR2,ROR2,0.09,0.0,0.37,0.0,12,False
LS_27,RPRM,RPRM,0.09,0.0,0.0,0.0,12,False
LS_27,RPRML,RPRML,0.0,0.0,0.0,0.0,12,False
LS_27,RRH,RRH,0.19,0.0,0.0,0.0,12,False
LS_27,RTN4RL1,RTN4RL1,0.0,0.0,0.0,0.11,12,False
LS_27,RTN4RL2,RTN4RL2,0.47,0.0,2.04,2.6,12,False
LS_27,RXFP1,RXFP1,5.17,8.33,2.59,5.42,12,False
LS_27,RXFP2,RXFP2,0.09,0.0,0.0,0.0,12,False
LS_27,RXFP4,RXFP4,0.0,0.0,0.0,0.0,12,False
LS_27,S1PR1,S1PR1,0.0,0.0,0.74,0.45,12,False
LS_27,S1PR2,S1PR2,0.28,0.0,0.37,0.34,12,False
LS_27,S1PR3,S1PR3,2.54,0.0,0.19,1.81,12,False
LS_27,S1PR5,S1PR5,0.0,0.0,0.37,0.0,12,False
LS_27,SCARA5,SCARA5,0.0,0.0,0.0,0.0,12,False
LS_27,SCARF2,SCARF2,0.85,0.0,0.56,0.56,12,False
LS_27,SCN11A,SCN11A,0.0,0.0,0.0,0.11,12,False
LS_27,SCN1B,SCN1B,1.32,0.0,1.67,2.49,12,False
LS_27,SCN2A,SCN2A,0.09,0.0,0.19,0.0,12,False
LS_27,SCN3A,SCN3A,0.0,0.0,0.37,0.11,12,False
LS_27,SCN3B,SCN3B,0.0,0.0,0.19,0.11,12,False
LS_27,SCN4A,SCN4A,0.19,0.0,0.93,0.11,12,False
LS_27,SCN4B,SCN4B,0.0,0.0,0.0,0.11,12,False
LS_27,SCN5A,SCN5A,0.0,0.0,0.0,0.0,12,False
LS_27,SCN7A,SCN7A,0.0,0.0,0.19,0.0,12,False
LS_27,SCN8A,SCN8A,0.09,0.0,1.3,0.0,12,False
LS_27,SCN9A,SCN9A,0.75,0.0,9.44,0.68,12,False
LS_27,SCNN1A,SCNN1A,0.75,0.0,0.37,0.23,12,False
LS_27,SCNN1B,SCNN1B,0.0,0.0,0.0,0.0,12,False
LS_27,SCNN1D,SCNN1D,1.79,0.0,1.48,1.81,12,False
LS_27,SDC1,SDC1,0.09,0.0,0.0,0.0,12,False
LS_27,SDC2,SDC2,0.28,0.0,0.0,0.11,12,False
LS_27,SDK1,SDK1,0.09,0.0,0.0,0.0,12,False
LS_27,SECTM1,SECTM1,0.94,0.0,1.11,1.47,12,False
LS_27,SELE,SELE,0.0,0.0,0.0,0.0,12,False
LS_27,SELP,SELP,1.32,0.0,1.11,0.11,12,False
LS_27,SEMA4B,SEMA4B,3.67,0.0,2.96,3.05,12,False
LS_27,SEMA4C,SEMA4C,5.17,0.0,3.33,2.15,12,False
LS_27,SEMA4F,SEMA4F,0.56,0.0,1.85,0.11,12,False
LS_27,SEMA4G,SEMA4G,0.19,0.0,0.37,0.0,12,False
LS_27,SEMA5A,SEMA5A,0.0,0.0,0.0,0.0,12,False
LS_27,SEMA5B,SEMA5B,0.0,0.0,0.37,0.0,12,False
LS_27,SEMA6A,SEMA6A,0.47,0.0,0.37,0.11,12,False
LS_27,SEMA6B,SEMA6B,1.41,0.0,0.0,1.92,12,False
LS_27,SEMA6C,SEMA6C,1.22,0.0,2.22,0.45,12,False
LS_27,SEMA6D,SEMA6D,0.0,0.0,0.0,0.0,12,False
LS_27,SEMA7A,SEMA7A,1.03,0.0,2.41,0.45,12,False
LS_27,SERINC2,SERINC2,2.26,0.0,0.19,1.92,12,False
LS_27,SERINC4,SERINC4,0.09,0.0,1.48,0.34,12,False
LS_27,SERINC5,SERINC5,8.83,8.33,7.04,6.44,12,False
LS_27,SEZ6,SEZ6,0.09,0.0,0.19,0.11,12,False
LS_27,SEZ6L2,SEZ6L2,2.54,8.33,0.37,0.56,12,False
LS_27,SGCA,SGCA,0.0,0.0,0.37,0.11,12,False
LS_27,SGCB,SGCB,0.0,0.0,1.11,0.56,12,False
LS_27,SGCD,SGCD,0.0,0.0,0.0,0.0,12,False
LS_27,SGCE,SGCE,0.0,0.0,0.0,0.0,12,False
LS_27,SGCZ,SGCZ,0.0,0.0,0.37,0.0,12,False
LS_27,SHISA4,SHISA4,0.0,0.0,0.37,0.0,12,False
LS_27,SHISA7,SHISA7,0.0,0.0,0.0,0.11,12,False
LS_27,SHISA8,SHISA8,0.0,0.0,0.19,0.11,12,False
LS_27,SHISA9,SHISA9,0.0,0.0,0.0,0.11,12,False
LS_27,SIDT1,SIDT1,3.76,0.0,7.04,3.16,12,False
LS_27,SIDT2,SIDT2,5.83,0.0,5.0,4.75,12,False
LS_27,SIGLEC1,SIGLEC1,0.56,0.0,0.0,0.79,12,False
LS_27,SIGLEC10,SIGLEC10,1.88,0.0,5.56,3.73,12,False
LS_27,SIGLEC11,SIGLEC11,0.0,0.0,0.0,1.13,12,False
LS_27,SIGLEC12,SIGLEC12,9.3,16.67,0.19,5.42,12,False
LS_27,SIGLEC14,SIGLEC14,0.56,0.0,0.37,1.92,12,False
LS_27,SIGLEC15,SIGLEC15,3.2,0.0,1.3,0.79,12,False
LS_27,SIGLEC5,SIGLEC5,1.03,0.0,0.19,1.58,12,False
LS_27,SIGLEC6,SIGLEC6,1.03,0.0,0.37,0.56,12,False
LS_27,SIGLEC7,SIGLEC7,1.41,0.0,0.19,2.94,12,False
LS_27,SIGLEC8,SIGLEC8,0.09,0.0,0.0,0.0,12,False
LS_27,SIGLEC9,SIGLEC9,1.13,0.0,0.0,8.81,12,False
LS_27,SIGLECL1,SIGLECL1,0.0,0.0,0.19,0.0,12,False
LS_27,SIRPG,SIRPG,0.47,0.0,0.19,0.11,12,False
LS_27,SIT1,SIT1,0.85,0.0,0.19,1.47,12,False
LS_27,SLAMF1,SLAMF1,0.28,0.0,0.0,0.23,12,False
LS_27,SLAMF6,SLAMF6,1.5,0.0,0.0,0.45,12,False
LS_27,SLAMF7,SLAMF7,0.19,0.0,0.0,0.11,12,False
LS_27,SLAMF8,SLAMF8,0.09,0.0,0.19,0.45,12,False
LS_27,SLAMF9,SLAMF9,0.0,0.0,0.19,0.23,12,False
LS_27,SLC10A1,SLC10A1,0.28,0.0,0.19,0.11,12,False
LS_27,SLC10A2,SLC10A2,0.0,0.0,0.0,0.11,12,False
LS_27,SLC10A4,SLC10A4,0.0,0.0,0.0,0.11,12,False
LS_27,SLC10A5,SLC10A5,0.0,0.0,1.3,0.11,12,False
LS_27,SLC10A6,SLC10A6,0.0,0.0,0.0,0.0,12,False
LS_27,SLC11A2,SLC11A2,9.87,0.0,9.44,4.29,12,False
LS_27,SLC12A1,SLC12A1,0.0,0.0,0.0,0.0,12,False
LS_27,SLC12A3,SLC12A3,0.0,0.0,0.0,0.0,12,False
LS_27,SLC12A4,SLC12A4,3.76,0.0,5.37,3.95,12,False
LS_27,SLC12A5,SLC12A5,3.01,0.0,3.33,1.13,12,False
LS_27,SLC12A8,SLC12A8,0.0,0.0,0.0,0.11,12,False
LS_27,SLC13A3,SLC13A3,0.0,0.0,0.0,0.0,12,False
LS_27,SLC13A4,SLC13A4,0.09,0.0,0.0,0.0,12,False
LS_27,SLC14A1,SLC14A1,1.97,0.0,0.56,0.11,12,False
LS_27,SLC14A2,SLC14A2,0.28,0.0,0.0,0.11,12,False
LS_27,SLC15A2,SLC15A2,10.71,0.0,3.15,5.99,12,False
LS_27,SLC15A3,SLC15A3,0.19,0.0,0.37,5.31,12,False
LS_27,SLC15A5,SLC15A5,0.0,0.0,0.0,0.0,12,False
LS_27,SLC16A4,SLC16A4,0.38,0.0,0.19,0.23,12,False
LS_27,SLC16A5,SLC16A5,4.61,0.0,3.33,3.39,12,False
LS_27,SLC16A6,SLC16A6,0.28,0.0,0.37,0.79,12,False
LS_27,SLC16A8,SLC16A8,0.66,0.0,0.19,0.23,12,False
LS_27,SLC17A5,SLC17A5,10.15,0.0,5.56,4.41,12,False
LS_27,SLC17A7,SLC17A7,0.0,0.0,0.0,0.0,12,False
LS_27,SLC18A1,SLC18A1,0.19,0.0,0.0,0.0,12,False
LS_27,SLC18A2,SLC18A2,4.89,8.33,7.22,0.56,12,False
LS_27,SLC19A2,SLC19A2,3.67,0.0,6.3,4.41,12,False
LS_27,SLC1A1,SLC1A1,0.0,0.0,0.0,0.0,12,False
LS_27,SLC1A2,SLC1A2,0.0,0.0,0.0,0.11,12,False
LS_27,SLC1A3,SLC1A3,13.16,33.33,1.85,8.59,12,False
LS_27,SLC1A7,SLC1A7,0.09,0.0,0.0,0.11,12,False
LS_27,SLC20A2,SLC20A2,11.28,8.33,9.81,6.1,12,False
LS_27,SLC22A1,SLC22A1,0.0,0.0,0.0,0.0,12,False
LS_27,SLC22A11,SLC22A11,0.09,0.0,0.0,0.0,12,False
LS_27,SLC22A13,SLC22A13,0.19,0.0,0.0,0.11,12,False
LS_27,SLC22A14,SLC22A14,0.0,0.0,0.0,0.0,12,False
LS_27,SLC22A15,SLC22A15,3.85,8.33,2.78,6.67,12,False
LS_27,SLC22A23,SLC22A23,0.09,0.0,0.19,0.34,12,False
LS_27,SLC22A4,SLC22A4,19.45,33.33,4.26,7.91,12,False
LS_27,SLC22A5,SLC22A5,5.83,0.0,5.93,3.84,12,False
LS_27,SLC22A7,SLC22A7,0.0,0.0,0.19,0.0,12,False
LS_27,SLC23A1,SLC23A1,1.22,0.0,0.74,0.0,12,False
LS_27,SLC24A2,SLC24A2,0.0,0.0,0.0,0.0,12,False
LS_27,SLC24A3,SLC24A3,6.77,16.67,2.41,3.05,12,False
LS_27,SLC24A4,SLC24A4,1.32,0.0,0.56,4.18,12,False
LS_27,SLC24A5,SLC24A5,0.0,0.0,0.0,0.0,12,False
LS_27,SLC26A1,SLC26A1,0.28,0.0,0.37,0.23,12,False
LS_27,SLC26A2,SLC26A2,15.04,33.33,6.67,6.1,12,False
LS_27,SLC26A3,SLC26A3,0.0,0.0,0.0,0.0,12,False
LS_27,SLC26A4,SLC26A4,0.19,0.0,0.0,0.0,12,False
LS_27,SLC26A5,SLC26A5,0.0,0.0,0.0,0.0,12,False
LS_27,SLC26A6,SLC26A6,7.52,0.0,4.44,6.55,12,False
LS_27,SLC26A8,SLC26A8,1.22,0.0,0.93,1.24,12,False
LS_27,SLC26A9,SLC26A9,0.0,0.0,0.0,0.23,12,False
LS_27,SLC28A1,SLC28A1,0.0,0.0,0.0,0.0,12,False
LS_27,SLC28A2,SLC28A2,0.09,0.0,0.0,0.23,12,False
LS_27,SLC28A3,SLC28A3,3.01,0.0,0.0,2.49,12,False
LS_27,SLC29A2,SLC29A2,2.07,0.0,5.93,1.13,12,False
LS_27,SLC29A4,SLC29A4,1.5,0.0,0.19,0.0,12,False
LS_27,SLC2A1,SLC2A1,11.47,8.33,8.33,3.16,12,False
LS_27,SLC2A10,SLC2A10,0.19,0.0,1.67,0.34,12,False
LS_27,SLC2A12,SLC2A12,0.66,0.0,0.0,0.34,12,False
LS_27,SLC2A13,SLC2A13,3.85,0.0,4.44,2.37,12,False
LS_27,SLC2A14,SLC2A14,1.32,0.0,0.19,0.68,12,False
LS_27,SLC2A4,SLC2A4,0.0,0.0,0.37,0.0,12,False
LS_27,SLC2A6,SLC2A6,1.6,0.0,2.78,2.15,12,False
LS_27,SLC2A7,SLC2A7,0.19,0.0,0.0,0.11,12,False
LS_27,SLC2A8,SLC2A8,6.02,8.33,6.48,2.6,12,False
LS_27,SLC2A9,SLC2A9,5.08,0.0,4.26,9.83,12,False
LS_27,SLC30A1,SLC30A1,8.08,0.0,4.07,4.86,12,False
LS_27,SLC31A1,SLC31A1,8.74,0.0,5.37,9.72,12,False
LS_27,SLC32A1,SLC32A1,0.0,0.0,0.0,0.0,12,False
LS_27,SLC33A1,SLC33A1,14.19,16.67,6.48,5.88,12,False
LS_27,SLC34A1,SLC34A1,0.0,0.0,0.0,0.0,12,False
LS_27,SLC34A2,SLC34A2,0.0,0.0,0.0,0.0,12,False
LS_27,SLC35A5,SLC35A5,6.77,0.0,7.41,3.16,12,False
LS_27,SLC36A1,SLC36A1,13.63,16.67,1.48,8.59,12,False
LS_27,SLC36A3,SLC36A3,0.0,0.0,0.0,0.0,12,False
LS_27,SLC37A2,SLC37A2,0.28,0.0,0.19,4.41,12,False
LS_27,SLC37A3,SLC37A3,0.56,0.0,2.96,0.56,12,False
LS_27,SLC38A11,SLC38A11,0.0,0.0,0.0,0.0,12,False
LS_27,SLC38A4,SLC38A4,0.0,0.0,0.19,0.0,12,False
LS_27,SLC38A8,SLC38A8,0.0,0.0,0.0,0.0,12,False
LS_27,SLC38A9,SLC38A9,8.46,0.0,7.04,3.73,12,False
LS_27,SLC39A14,SLC39A14,5.36,0.0,5.74,2.6,12,False
LS_27,SLC39A2,SLC39A2,0.0,0.0,0.0,0.0,12,False
LS_27,SLC39A5,SLC39A5,0.0,0.0,0.0,0.23,12,False
LS_27,SLC3A1,SLC3A1,0.66,0.0,0.74,0.23,12,False
LS_27,SLC41A1,SLC41A1,1.6,0.0,4.63,0.45,12,False
LS_27,SLC41A2,SLC41A2,0.09,0.0,0.56,0.34,12,False
LS_27,SLC43A2,SLC43A2,1.97,0.0,4.44,2.71,12,False
LS_27,SLC44A3,SLC44A3,0.47,0.0,0.0,0.23,12,False
LS_27,SLC44A4,SLC44A4,0.19,0.0,0.56,0.56,12,False
LS_27,SLC44A5,SLC44A5,0.19,0.0,0.19,0.0,12,False
LS_27,SLC45A2,SLC45A2,0.0,0.0,0.0,0.0,12,False
LS_27,SLC45A4,SLC45A4,3.1,0.0,1.48,1.81,12,False
LS_27,SLC46A1,SLC46A1,1.32,0.0,3.33,1.69,12,False
LS_27,SLC46A2,SLC46A2,0.0,0.0,0.0,0.11,12,False
LS_27,SLC46A3,SLC46A3,7.42,0.0,6.67,2.15,12,False
LS_27,SLC47A1,SLC47A1,0.19,0.0,0.0,0.56,12,False
LS_27,SLC4A1,SLC4A1,0.19,0.0,0.19,0.23,12,False
LS_27,SLC4A10,SLC4A10,0.0,0.0,0.0,0.0,12,False
LS_27,SLC4A4,SLC4A4,0.38,0.0,0.74,0.0,12,False
LS_27,SLC4A5,SLC4A5,1.79,0.0,1.11,0.23,12,False
LS_27,SLC4A8,SLC4A8,1.97,0.0,2.96,0.68,12,False
LS_27,SLC51A,SLC51A,0.19,0.0,0.0,0.0,12,False
LS_27,SLC51B,SLC51B,0.0,0.0,0.0,0.0,12,False
LS_27,SLC52A1,SLC52A1,0.0,0.0,0.0,0.0,12,False
LS_27,SLC52A3,SLC52A3,2.54,0.0,0.19,0.56,12,False
LS_27,SLC5A10,SLC5A10,1.03,0.0,0.74,0.56,12,False
LS_27,SLC5A11,SLC5A11,0.0,0.0,0.0,0.23,12,False
LS_27,SLC5A12,SLC5A12,0.0,0.0,0.0,0.0,12,False
LS_27,SLC5A2,SLC5A2,0.75,0.0,0.93,0.34,12,False
LS_27,SLC5A4,SLC5A4,0.0,0.0,0.0,0.11,12,False
LS_27,SLC5A5,SLC5A5,0.09,0.0,0.74,0.11,12,False
LS_27,SLC5A9,SLC5A9,0.0,0.0,0.0,0.0,12,False
LS_27,SLC6A1,SLC6A1,0.0,0.0,0.0,0.0,12,False
LS_27,SLC6A11,SLC6A11,0.0,0.0,0.0,0.0,12,False
LS_27,SLC6A12,SLC6A12,0.38,0.0,0.0,0.0,12,False
LS_27,SLC6A13,SLC6A13,0.0,0.0,0.0,0.0,12,False
LS_27,SLC6A16,SLC6A16,0.19,0.0,0.74,0.0,12,False
LS_27,SLC6A19,SLC6A19,0.0,0.0,0.0,0.0,12,False
LS_27,SLC6A2,SLC6A2,0.0,0.0,0.37,0.0,12,False
LS_27,SLC6A20,SLC6A20,0.09,0.0,0.0,0.0,12,False
LS_27,SLC6A3,SLC6A3,0.0,0.0,0.0,0.0,12,False
LS_27,SLC6A4,SLC6A4,0.19,0.0,0.19,0.0,12,False
LS_27,SLC6A6,SLC6A6,12.22,8.33,10.0,4.97,12,False
LS_27,SLC6A7,SLC6A7,0.0,0.0,0.0,0.0,12,False
LS_27,SLC6A8,SLC6A8,0.09,0.0,0.74,0.23,12,False
LS_27,SLC6A9,SLC6A9,0.09,0.0,0.0,0.0,12,False
LS_27,SLC7A10,SLC7A10,0.0,0.0,0.0,0.0,12,False
LS_27,SLC7A2,SLC7A2,0.85,0.0,0.0,0.11,12,False
LS_27,SLC7A3,SLC7A3,0.0,0.0,0.56,0.0,12,False
LS_27,SLC7A4,SLC7A4,0.0,0.0,0.0,0.0,12,False
LS_27,SLC7A6,SLC7A6,14.76,25.0,8.7,6.44,12,False
LS_27,SLC7A9,SLC7A9,0.0,0.0,0.19,0.0,12,False
LS_27,SLC8A1,SLC8A1,0.19,0.0,2.59,9.6,12,False
LS_27,SLC8A2,SLC8A2,0.0,0.0,0.19,0.0,12,False
LS_27,SLC8A3,SLC8A3,0.47,0.0,9.26,0.11,12,False
LS_27,SLC8B1,SLC8B1,17.01,41.67,8.33,8.36,12,False
LS_27,SLC9A1,SLC9A1,11.84,25.0,7.41,8.59,12,False
LS_27,SLC9A2,SLC9A2,0.0,0.0,0.0,0.0,12,False
LS_27,SLC9A3,SLC9A3,1.13,0.0,2.04,0.34,12,False
LS_27,SLC9A6,SLC9A6,4.7,0.0,2.96,3.62,12,False
LS_27,SLCO1A2,SLCO1A2,0.0,0.0,0.0,0.0,12,False
LS_27,SLCO1B3,SLCO1B3,0.0,0.0,0.0,0.0,12,False
LS_27,SLCO1C1,SLCO1C1,0.0,0.0,0.0,0.0,12,False
LS_27,SLCO2A1,SLCO2A1,0.38,0.0,0.37,0.11,12,False
LS_27,SLCO2B1,SLCO2B1,0.0,0.0,0.0,0.0,12,False
LS_27,SLCO4A1,SLCO4A1,5.36,0.0,7.59,3.28,12,False
LS_27,SLCO4C1,SLCO4C1,1.69,0.0,0.74,3.05,12,False
LS_27,SLCO5A1,SLCO5A1,11.28,25.0,2.78,1.92,12,False
LS_27,SLITRK4,SLITRK4,2.35,0.0,0.56,1.02,12,False
LS_27,SLITRK5,SLITRK5,0.19,0.0,1.3,0.0,12,False
LS_27,SLITRK6,SLITRK6,0.09,0.0,0.0,0.0,12,False
LS_27,SMO,SMO,0.85,0.0,6.67,0.45,12,False
LS_27,SORCS1,SORCS1,0.38,0.0,0.0,0.0,12,False
LS_27,SORCS2,SORCS2,0.28,0.0,0.0,0.56,12,False
LS_27,SORCS3,SORCS3,0.0,0.0,0.0,0.0,12,False
LS_27,SORT1,SORT1,0.47,0.0,2.59,7.12,12,False
LS_27,SPRN,SPRN,0.0,0.0,0.0,0.0,12,False
LS_27,SSPN,SSPN,5.26,0.0,5.19,1.02,12,False
LS_27,SSTR1,SSTR1,0.0,0.0,0.19,0.0,12,False
LS_27,SSTR2,SSTR2,0.09,0.0,0.19,0.0,12,False
LS_27,SSTR3,SSTR3,0.0,0.0,0.0,0.0,12,False
LS_27,STAB2,STAB2,0.0,0.0,0.0,0.0,12,False
LS_27,STEAP4,STEAP4,0.0,0.0,0.19,0.0,12,False
LS_27,STS,STS,1.32,0.0,1.48,3.16,12,False
LS_27,SUCNR1,SUCNR1,33.65,66.67,6.3,6.55,12,False
LS_27,SUSD1,SUSD1,15.04,16.67,8.89,8.14,12,False
LS_27,SUSD2,SUSD2,0.28,0.0,0.19,0.0,12,False
LS_27,SUSD4,SUSD4,0.0,0.0,0.0,0.0,12,False
LS_27,SUSD5,SUSD5,0.0,0.0,0.37,0.11,12,False
LS_27,SV2B,SV2B,1.13,0.0,0.19,0.23,12,False
LS_27,SV2C,SV2C,0.0,0.0,0.19,0.0,12,False
LS_27,SVOPL,SVOPL,6.2,8.33,8.7,0.45,12,False
LS_27,SYP,SYP,0.47,0.0,1.11,0.34,12,False
LS_27,TACR1,TACR1,0.0,0.0,0.0,0.0,12,False
LS_27,TACR2,TACR2,0.09,0.0,0.19,0.23,12,False
LS_27,TACSTD2,TACSTD2,0.09,0.0,0.0,0.34,12,False
LS_27,TARM1,TARM1,2.82,0.0,0.0,0.56,12,False
LS_27,TAS1R1,TAS1R1,0.0,0.0,0.0,0.0,12,False
LS_27,TAS1R3,TAS1R3,0.0,0.0,0.0,0.0,12,False
LS_27,TAS2R10,TAS2R10,0.38,0.0,0.56,0.0,12,False
LS_27,TAS2R14,TAS2R14,2.35,0.0,1.48,0.79,12,False
LS_27,TAS2R19,TAS2R19,0.09,0.0,0.74,0.23,12,False
LS_27,TAS2R20,TAS2R20,0.09,0.0,0.19,0.0,12,False
LS_27,TAS2R3,TAS2R3,0.0,0.0,0.0,0.0,12,False
LS_27,TAS2R30,TAS2R30,0.19,0.0,0.74,0.11,12,False
LS_27,TAS2R4,TAS2R4,0.56,0.0,0.37,0.11,12,False
LS_27,TAS2R46,TAS2R46,0.09,0.0,0.19,0.0,12,False
LS_27,TAS2R7,TAS2R7,0.0,0.0,0.0,0.0,12,False
LS_27,TAS2R8,TAS2R8,0.0,0.0,0.0,0.0,12,False
LS_27,TAS2R9,TAS2R9,0.09,0.0,0.0,0.0,12,False
LS_27,TBXA2R,TBXA2R,6.11,8.33,4.63,1.58,12,False
LS_27,TCTN2,TCTN2,4.14,0.0,5.37,1.13,12,False
LS_27,TECTA,TECTA,0.0,0.0,0.0,0.0,12,False
LS_27,TEK,TEK,0.0,0.0,0.0,0.0,12,False
LS_27,TENM1,TENM1,0.28,0.0,0.0,0.11,12,False
LS_27,TENM3,TENM3,0.0,0.0,0.0,0.0,12,False
LS_27,TENM4,TENM4,0.0,0.0,0.0,0.0,12,False
LS_27,TEX101,TEX101,0.09,0.0,0.0,0.0,12,False
LS_27,TGFA,TGFA,0.38,0.0,0.0,0.23,12,False
LS_27,TGFBR3,TGFBR3,0.09,0.0,0.37,0.0,12,False
LS_27,THBD,THBD,1.97,0.0,0.37,0.9,12,False
LS_27,THSD1,THSD1,0.85,0.0,0.56,0.45,12,False
LS_27,THSD7A,THSD7A,12.41,25.0,2.22,1.69,12,False
LS_27,THSD7B,THSD7B,0.0,0.0,0.0,0.0,12,False
LS_27,THY1,THY1,0.0,0.0,1.85,0.0,12,False
LS_27,TIGIT,TIGIT,0.28,0.0,0.56,0.23,12,False
LS_27,TIMD4,TIMD4,0.0,0.0,0.0,0.11,12,False
LS_27,TLR1,TLR1,3.01,0.0,2.59,3.5,12,False
LS_27,TLR10,TLR10,0.09,0.0,0.93,0.11,12,False
LS_27,TLR3,TLR3,0.38,0.0,1.85,0.11,12,False
LS_27,TLR4,TLR4,3.95,0.0,2.04,5.76,12,False
LS_27,TLR5,TLR5,1.22,0.0,0.19,2.82,12,False
LS_27,TLR6,TLR6,4.23,0.0,2.04,3.39,12,False
LS_27,TLR7,TLR7,0.38,0.0,0.37,1.81,12,False
LS_27,TLR8,TLR8,0.66,0.0,0.0,2.71,12,False
LS_27,TLR9,TLR9,0.94,0.0,1.67,0.11,12,False
LS_27,TM4SF1,TM4SF1,19.08,41.67,5.19,1.81,12,False
LS_27,TM4SF18,TM4SF18,0.0,0.0,0.0,0.0,12,False
LS_27,TM4SF20,TM4SF20,0.0,0.0,0.0,0.0,12,False
LS_27,TM4SF5,TM4SF5,0.0,0.0,0.0,0.0,12,False
LS_27,TMC7,TMC7,0.0,0.0,0.0,0.0,12,False
LS_27,TMEFF1,TMEFF1,0.47,0.0,2.22,0.23,12,False
LS_27,TMEFF2,TMEFF2,0.0,0.0,0.19,0.0,12,False
LS_27,TMEM104,TMEM104,9.4,0.0,4.44,7.12,12,False
LS_27,TMEM106A,TMEM106A,13.53,16.67,10.0,4.97,12,False
LS_27,TMEM108,TMEM108,0.0,0.0,0.0,0.0,12,False
LS_27,TMEM116,TMEM116,4.89,0.0,3.89,2.94,12,False
LS_27,TMEM132A,TMEM132A,0.0,0.0,0.0,0.11,12,False
LS_27,TMEM132B,TMEM132B,0.0,0.0,0.0,0.0,12,False
LS_27,TMEM132C,TMEM132C,0.0,0.0,0.0,0.0,12,False
LS_27,TMEM132E,TMEM132E,0.0,0.0,0.0,0.0,12,False
LS_27,TMEM140,TMEM140,1.69,0.0,5.56,0.56,12,False
LS_27,TMEM145,TMEM145,0.09,0.0,0.19,0.56,12,False
LS_27,TMEM150A,TMEM150A,17.48,16.67,8.33,2.37,12,False
LS_27,TMEM150B,TMEM150B,1.03,0.0,1.67,2.03,12,False
LS_27,TMEM154,TMEM154,2.82,0.0,6.11,3.5,12,False
LS_27,TMEM158,TMEM158,1.79,0.0,1.11,0.45,12,False
LS_27,TMEM171,TMEM171,0.0,0.0,0.0,0.0,12,False
LS_27,TMEM178A,TMEM178A,0.19,0.0,0.0,0.0,12,False
LS_27,TMEM178B,TMEM178B,0.0,0.0,0.0,0.0,12,False
LS_27,TMEM182,TMEM182,4.14,0.0,5.93,0.9,12,False
LS_27,TMEM184A,TMEM184A,0.47,0.0,0.0,0.0,12,False
LS_27,TMEM204,TMEM204,3.2,0.0,4.44,1.13,12,False
LS_27,TMEM213,TMEM213,0.0,0.0,0.0,0.0,12,False
LS_27,TMEM217,TMEM217,4.7,0.0,4.44,2.15,12,False
LS_27,TMEM231,TMEM231,1.69,0.0,5.74,0.9,12,False
LS_27,TMEM235,TMEM235,0.0,0.0,0.0,0.0,12,False
LS_27,TMEM255A,TMEM255A,0.09,0.0,0.0,0.0,12,False
LS_27,TMEM255B,TMEM255B,1.22,0.0,0.56,1.02,12,False
LS_27,TMEM37,TMEM37,0.19,0.0,0.0,0.0,12,False
LS_27,TMEM62,TMEM62,7.89,0.0,9.63,4.52,12,False
LS_27,TMEM63B,TMEM63B,2.26,0.0,0.93,1.13,12,False
LS_27,TMEM63C,TMEM63C,0.09,0.0,0.19,0.11,12,False
LS_27,TMEM67,TMEM67,4.61,0.0,8.33,0.68,12,False
LS_27,TMEM8B,TMEM8B,0.94,0.0,3.89,1.92,12,False
LS_27,TMEM95,TMEM95,0.0,0.0,0.0,0.0,12,False
LS_27,TMPRSS11B,TMPRSS11B,0.0,0.0,0.0,0.0,12,False
LS_27,TMPRSS11D,TMPRSS11D,0.0,0.0,0.0,0.0,12,False
LS_27,TMPRSS13,TMPRSS13,0.28,0.0,0.0,0.79,12,False
LS_27,TMPRSS15,TMPRSS15,0.0,0.0,0.0,0.0,12,False
LS_27,TMPRSS5,TMPRSS5,0.19,0.0,0.0,0.23,12,False
LS_27,TMPRSS6,TMPRSS6,0.0,0.0,0.0,0.0,12,False
LS_27,TNFRSF10A,TNFRSF10A,8.46,0.0,8.33,6.33,12,False
LS_27,TNFRSF10C,TNFRSF10C,1.22,0.0,3.15,0.56,12,False
LS_27,TNFRSF10D,TNFRSF10D,6.02,0.0,3.33,4.75,12,False
LS_27,TNFRSF11A,TNFRSF11A,0.56,0.0,0.37,2.71,12,False
LS_27,TNFRSF13B,TNFRSF13B,0.0,0.0,0.0,0.0,12,False
LS_27,TNFRSF17,TNFRSF17,0.09,0.0,0.19,0.11,12,False
LS_27,TNFRSF18,TNFRSF18,0.19,0.0,0.37,0.11,12,False
LS_27,TNFRSF19,TNFRSF19,0.19,0.0,0.56,0.0,12,False
LS_27,TNFRSF25,TNFRSF25,4.04,0.0,1.11,1.36,12,False
LS_27,TNFRSF4,TNFRSF4,1.41,0.0,0.56,0.23,12,False
LS_27,TNFRSF8,TNFRSF8,0.28,0.0,0.19,0.34,12,False
LS_27,TNFRSF9,TNFRSF9,0.0,0.0,0.0,0.0,12,False
LS_27,TNFSF11,TNFSF11,0.0,0.0,0.0,0.0,12,False
LS_27,TNFSF15,TNFSF15,0.0,0.0,0.37,0.56,12,False
LS_27,TNFSF18,TNFSF18,0.0,0.0,0.0,0.0,12,False
LS_27,TNFSF4,TNFSF4,2.35,0.0,10.0,0.56,12,False
LS_27,TNFSF8,TNFSF8,3.57,0.0,4.63,1.47,12,False
LS_27,TPBG,TPBG,2.16,0.0,6.48,0.68,12,False
LS_27,TPBGL,TPBGL,0.0,0.0,0.0,0.0,12,False
LS_27,TPO,TPO,0.19,0.0,0.0,0.23,12,False
LS_27,TPSG1,TPSG1,0.0,0.0,0.0,0.11,12,False
LS_27,TRABD2A,TRABD2A,0.66,0.0,0.93,0.68,12,False
LS_27,TRABD2B,TRABD2B,0.0,0.0,0.0,0.0,12,False
LS_27,TRAT1,TRAT1,3.29,0.0,0.74,0.23,12,False
LS_27,TREH,TREH,0.0,0.0,0.0,0.0,12,False
LS_27,TREM2,TREM2,13.72,25.0,0.0,6.21,12,False
LS_27,TREML2,TREML2,0.85,0.0,1.3,0.79,12,False
LS_27,TRHDE,TRHDE,0.0,0.0,0.19,0.0,12,False
LS_27,TRHR,TRHR,0.0,0.0,0.0,0.0,12,False
LS_27,TRIL,TRIL,0.0,0.0,0.0,0.0,12,False
LS_27,TRPV4,TRPV4,0.0,0.0,0.0,0.11,12,False
LS_27,TRPV5,TRPV5,0.19,0.0,0.0,0.11,12,False
LS_27,TRPV6,TRPV6,0.47,0.0,0.0,0.34,12,False
LS_27,TSHR,TSHR,0.19,0.0,0.19,0.11,12,False
LS_27,TSPAN1,TSPAN1,0.0,0.0,0.0,0.0,12,False
LS_27,TSPAN11,TSPAN11,0.0,0.0,0.0,0.0,12,False
LS_27,TSPAN15,TSPAN15,0.0,0.0,0.0,0.11,12,False
LS_27,TSPAN17,TSPAN17,6.67,0.0,8.52,3.62,12,False
LS_27,TSPAN18,TSPAN18,0.09,0.0,0.37,0.0,12,False
LS_27,TSPAN5,TSPAN5,1.97,0.0,5.74,2.15,12,False
LS_27,TSPAN6,TSPAN6,0.0,0.0,0.0,0.0,12,False
LS_27,TSPAN7,TSPAN7,7.42,0.0,4.07,2.15,12,False
LS_27,TSPAN8,TSPAN8,0.0,0.0,0.0,0.0,12,False
LS_27,TSPAN9,TSPAN9,0.75,0.0,0.0,0.0,12,False
LS_27,TTYH1,TTYH1,0.28,0.0,1.3,0.11,12,False
LS_27,TTYH2,TTYH2,5.92,0.0,2.78,4.18,12,False
LS_27,TYRO3,TYRO3,0.19,0.0,2.22,0.9,12,False
LS_27,TYRP1,TYRP1,0.0,0.0,0.0,0.0,12,False
LS_27,UGT8,UGT8,0.09,0.0,0.0,0.0,12,False
LS_27,ULBP1,ULBP1,0.0,0.0,0.0,0.0,12,False
LS_27,ULBP2,ULBP2,0.0,0.0,0.19,0.0,12,False
LS_27,ULBP3,ULBP3,0.09,0.0,0.56,0.11,12,False
LS_27,UMODL1,UMODL1,11.56,16.67,1.48,1.36,12,False
LS_27,UNC5A,UNC5A,0.0,0.0,0.0,0.0,12,False
LS_27,UNC5B,UNC5B,1.03,0.0,0.37,0.11,12,False
LS_27,UNC5C,UNC5C,0.66,0.0,0.19,0.0,12,False
LS_27,UNC93A,UNC93A,0.0,0.0,0.0,0.0,12,False
LS_27,UPK1A,UPK1A,0.0,0.0,0.0,0.0,12,False
LS_27,UPK1B,UPK1B,0.0,0.0,0.0,0.0,12,False
LS_27,UPK2,UPK2,0.0,0.0,0.0,0.0,12,False
LS_27,UPK3A,UPK3A,1.03,0.0,0.19,8.93,12,False
LS_27,UPK3B,UPK3B,0.38,0.0,0.0,0.11,12,False
LS_27,USH2A,USH2A,0.0,0.0,0.0,0.0,12,False
LS_27,UTS2R,UTS2R,0.0,0.0,0.0,0.0,12,False
LS_27,VASN,VASN,0.47,0.0,0.0,0.11,12,False
LS_27,VCAM1,VCAM1,0.0,0.0,0.0,0.0,12,False
LS_27,VIPR1,VIPR1,0.09,0.0,0.74,1.81,12,False
LS_27,VIPR2,VIPR2,0.19,0.0,0.0,0.0,12,False
LS_27,VLDLR,VLDLR,1.22,0.0,0.56,0.45,12,False
LS_27,VN1R1,VN1R1,0.47,0.0,0.37,0.11,12,False
LS_27,VNN1,VNN1,2.82,0.0,1.67,2.15,12,False
LS_27,VNN2,VNN2,0.0,0.0,1.3,1.36,12,False
LS_27,VNN3,VNN3,0.0,0.0,0.19,0.0,12,False
LS_27,VSIG1,VSIG1,0.09,0.0,0.19,0.0,12,False
LS_27,VSIG10L,VSIG10L,1.03,0.0,2.04,0.34,12,False
LS_27,VSIG2,VSIG2,0.09,0.0,0.37,0.11,12,False
LS_27,VSIG8,VSIG8,0.28,0.0,1.3,0.11,12,False
LS_27,VSTM4,VSTM4,0.38,0.0,0.37,0.23,12,False
LS_27,VSTM5,VSTM5,0.0,0.0,0.0,0.0,12,False
LS_27,XCR1,XCR1,0.0,0.0,0.0,0.0,12,False
LS_27,XKR3,XKR3,0.38,0.0,0.37,0.0,12,False
LS_27,XPNPEP2,XPNPEP2,0.38,0.0,0.37,0.23,12,False
LS_27,ZACN,ZACN,0.66,0.0,1.11,0.56,12,False
LS_27,ZAN,ZAN,2.35,0.0,2.04,0.68,12,False
LS_27,ZDHHC11,ZDHHC11,0.19,0.0,0.37,0.23,12,False
LS_27,ZDHHC11B,ZDHHC11B,0.19,0.0,0.0,0.0,12,False
LS_27,ZP1,ZP1,0.09,0.0,0.0,0.0,12,False
LS_27,ZPLD1,ZPLD1,0.0,0.0,0.0,0.0,12,False
