sample,LS_1,LS_2,LS_3,LS_4,LS_5,LS_6,LS_7,LS_8,LS_9,LS_10,LS_11,LS_12,LS_13,LS_14,LS_15,LS_16,LS_17,LS_18,LS_19,LS_20,LS_21,LS_22,LS_23,LS_24,LS_25,LS_26,LS_27,LS_28,LS_29,LS_30
TARGET.20.PAUPTI.09A,0.0,0.0,0.0,0.32700110064488425,0.0,0.0,0.0,0.0,0.0,0.0,0.0,0.0,0.0,0.0,0.0,0.48797182406059453,0.0,0.0,0.035633784536826404,0.0,0.0,0.002382849268235237,0.0,0.0,0.1470104414894595,0.0,0.0,0.0,0.0,0.0
TARGET.20.PATJVL.09A,0.0,0.0,0.0,0.2603966058280425,0.0,0.0471355759049302,0.0,0.0856872138066061,0.0,0.02216616485673164,0.0,0.0,0.0,0.0,0.0,0.443177543778295,0.0,0.0,0.05346555545536251,0.0,0.0,0.002299932596440802,0.0,0.0,0.08567140777359125,0.0,0.0,0.0,0.0,0.0
TARGET.20.PAXDMP.09A,0.0,0.1161673711082882,0.0,0.0,0.0740404897127652,0.0,0.0,0.06087089423409107,0.11229769376632358,0.0,0.0,0.0,0.0,0.0,0.07546910354341414,0.2039605740514845,0.0,0.0,0.0,0.0,0.0,0.009306749105752531,0.0,0.0,0.0,0.1907473760527836,0.0,0.0,0.1571397484250973,0.0
TARGET.20.PAWWEE.09A,0.0,0.0,0.0,0.0,0.0,0.0,0.0,0.007880819478400464,0.03282005077536103,0.0,0.0,0.0,0.0,0.0,0.05034229627452792,0.6384180878345738,0.0,0.0,0.009349926005961526,0.0,0.0,0.0004857462866000875,0.0,0.0,0.0,0.2607030733445753,0.0,0.0,0.0,0.0
TARGET.20.PAUJMC.09A,0.0,0.0,0.0,0.0,0.04999149033185053,0.0,0.0,0.03674571686455439,0.274876860623971,0.0,0.0,0.0,0.0,0.0,0.13665855283451828,0.16843040748079943,0.01620140482410694,0.0,0.0,0.0017215558594522488,0.0,0.002641492316391438,0.0,0.0,0.0,0.3127325188643559,0.0,0.0,0.0,0.0
TARGET.20.PAVENG.09A,0.0,0.0,0.0,0.0,0.0,0.0,0.0,0.038771842701989176,0.05880756180483541,0.0,0.0,0.0,0.0,0.0,0.0,0.5855421752993186,0.0,0.0,0.0,0.0,0.20995998832585147,0.025046798247151014,0.0,0.0,0.0,0.0,0.0,0.0,0.08187163362085424,0.0
TARGET.20.PASPYW.09A,0.0,0.0,0.005773472102256553,0.0,0.06469387762358572,0.0,0.0,0.07975986173602659,0.28566670774032155,0.0,0.0,0.0,0.0,0.0,0.185132665241404,0.16848658993378193,0.0,0.0,0.005976787472587872,0.0,0.0601352961401093,0.003975703838339913,0.0,0.0,0.0,0.14039903817158664,0.0,0.0,0.0,0.0
TARGET.20.PAWFZT.09A,0.0,0.0,0.0,0.0,0.0,0.0,0.0,0.041798427972935336,0.10465297511710939,0.0,0.0,0.0,0.0,0.0,0.0,0.4163973265496772,0.0,0.0,0.0,0.0,0.0,0.025268797300033025,0.0,0.0,0.0,0.0,0.0,0.0,0.41188247306024506,0.0
TARGET.20.PARCEV.09A,0.018908788515950667,0.0,0.0,0.006657277669731977,0.0,0.0,0.0,0.025119874990148287,0.20426886619303822,0.0,0.05817313206352738,0.0,0.0,0.0,0.06880887386478104,0.0978726576659543,0.04534994023806635,0.0,0.0,0.008249630956860177,0.11592881379441664,0.000740162899410446,0.0,0.006280300633015906,0.15801245095530111,0.1856292295597975,0.0,0.0,0.0,0.0
TARGET.20.PAULDS.09A,0.0,0.0,0.0,0.0,0.0,0.0,0.0,0.055127745869112246,0.23124156595705816,0.0,0.0,0.0,0.0,0.0,0.006232195782620139,0.3963222380851411,0.0,0.0,0.0,0.0,0.0,0.07942507409865096,0.0,0.0,0.0,0.11809446200365478,0.0,0.0,0.11355671820376273,0.0
TARGET.20.PAEHXE.09A,0.0,0.0,0.0,0.0,0.0,0.0,0.0,0.04690818825086674,0.3792882227062514,0.0,0.0,0.0,0.0,0.0,0.0,0.45708530443023554,0.0,0.0,0.0,0.0,0.0,0.04283435757592901,0.0,0.0,0.061525585588581996,0.012358341448135437,0.0,0.0,0.0,0.0
TARGET.20.PAVXSH.09A,0.0,0.0,0.0,0.0,0.01988922406121123,0.0,0.0,0.3284643184324582,0.07754938044393583,0.0,0.0,0.0,0.0,0.0,0.38321558340607076,0.09216601144554681,0.0,0.0,0.005318711124735556,0.08444318377112697,0.0,0.008953587314914647,0.0,0.0,0.0,0.0,0.0,0.0,0.0,0.0
TARGET.20.PASWGL.09A,0.0,0.0,0.0,0.0,0.0,0.0,0.0,0.10566589325530189,0.17507439387538995,0.0,0.0,0.0,0.0,0.0,0.0,0.2551401645474005,0.0,0.0,0.0,0.0,0.0,0.026876000793063685,0.057295942365679295,0.0,0.07743179820341699,0.0,0.0,0.0,0.3025158069597477,0.0
TARGET.20.PAWESF.09A,0.0,0.0,0.0,0.0,0.0,0.0,0.0,0.09268470907378114,0.10161647313285253,0.0,0.0,0.0,0.0,0.0,0.0,0.1937805515829164,0.0,0.0,0.009203447458975436,0.09551491274041105,0.0,0.10085447433274256,0.11941339821782485,0.0,0.0,0.0,0.0,0.0,0.286932033460496,0.0
TARGET.20.PASCCS.09A,0.0,0.0,0.0,0.0,0.03329141081963073,0.0,0.0,0.1201693335910595,0.24955320933399766,0.0,0.0,0.0,0.0,0.0,0.22660620212307447,0.29746872185383916,0.0,0.0,0.0,0.03642420781163482,0.0,0.010961875023480285,0.0,0.0,0.0,0.025525039443283465,0.0,0.0,0.0,0.0
TARGET.20.PASRSY.09A,0.0,0.0,0.0,0.0,0.0,0.0,0.0,0.048794314925212315,0.2335940904539074,0.0,0.0,0.0,0.0,0.028323624489392955,0.0,0.5018316791629551,0.0,0.0,0.0,0.0,0.0,0.0,0.1218917067598984,0.0,0.015306986244484531,0.0,0.0,0.0,0.05025759796414941,0.0
TARGET.20.PAVAZN.09A,0.0,0.0,0.0,0.0,0.0,0.0,0.0,0.0,0.0,0.0,0.0,0.0,0.0,0.32191507588893153,0.0,0.1507751449085114,0.0,0.0,0.0,0.0,0.0,0.0,0.1663265482200002,0.0,0.0,0.0,0.0,0.0,0.36098323098255675,0.0
TARGET.20.PAEIKD.09A,0.2957071084931036,0.0,0.0,0.0,0.0,0.0409889927145116,0.0,0.0461556872705244,0.11369782071186862,0.0,0.0,0.0,0.0,0.0,0.0,0.26353309177787454,0.0,0.0,0.0012901006616034122,0.0,0.008144552062702788,0.0,0.0,0.07947255718217286,0.034747036607822954,0.11626305251781532,0.0,0.0,0.0,0.0
TARGET.20.PAVUJA.09A,0.012042409457965104,0.0,0.0,0.0,0.07374834163846858,0.0,0.0,0.14881822091419997,0.19992118431669367,0.0,0.0,0.0,0.0,0.0,0.26935147831357675,0.21583861998073672,0.0,0.0,0.0,0.0,0.0,0.04577130026459239,0.0,0.0,0.0,0.03450844511376676,0.0,0.0,0.0,0.0
TARGET.20.PAWNBB.09A,0.0,0.0,0.0,0.0,0.06661058462128036,0.0,0.0,0.08383664742657934,0.23705225015447692,0.0,0.0,0.0,0.0,0.0,0.3288279484297889,0.28193635519904575,0.0,0.0,0.0,0.0,0.0,0.0017362141688288207,0.0,0.0,0.0,0.0,0.0,0.0,0.0,0.0
TARGET.20.PAVTIP.09A,0.0,0.0,0.0,0.0,0.0,0.0,0.0,0.011116039022208606,0.0,0.0,0.0,0.0,0.0,0.0,0.1257029267963446,0.37495415255331976,0.0,0.09443166218285291,0.0,0.0,0.0,0.0075498613310546955,0.0,0.0,0.0,0.3862453581142194,0.0,0.0,0.0,0.0
TARGET.20.PARTYV.09A,0.0,0.017059007821268398,0.0,0.0,0.0,0.0,0.0,0.0,0.1484488364832573,0.0,0.0,0.0,0.0,0.0,0.21019461261990763,0.019042763677097153,0.009066829251617592,0.1633907975160458,0.0,0.0,0.06854454699363235,0.0,0.0,0.0,0.0,0.364252605637174,0.0,0.0,0.0,0.0
TARGET.20.PAVAGA.09A,0.0,0.0,0.0,0.3868932285486589,0.0,0.0,0.0,0.0,0.0,0.0,0.0,0.0,0.0,0.0,0.0,0.5960894223185489,0.0,0.0,0.01701734913279236,0.0,0.0,0.0,0.0,0.0,0.0,0.0,0.0,0.0,0.0,0.0
TARGET.20.PAXHPH.09A,0.0,0.0,0.0,0.0,0.0,0.0,0.0,0.07196233997625914,0.09098228034601613,0.0,0.0,0.0,0.0,0.0,0.21407284317129527,0.25426894401908634,0.0,0.0,0.015831592309131157,0.08869441413979737,0.0,0.07733702762635618,0.0,0.0,0.0,0.1868505584120585,0.0,0.0,0.0,0.0
TARGET.20.PATHIW.09A,0.0,0.0,0.0,0.0,0.0,0.0,0.0,0.08610188589255315,0.06603041888731281,0.0,0.0,0.0,0.0,0.0,0.35178226949875224,0.476326037664757,0.0,0.0,0.014458987589205604,0.0,0.0,0.0,0.0,0.0,0.0,0.005300400467419047,0.0,0.0,0.0,0.0
TARGET.20.PAUXYG.09A,0.0,0.0,0.0,0.0,0.0,0.0,0.0,0.032353108683566695,0.4212099663594586,0.0,0.0,0.0,0.0,0.0,0.0,0.4342734476436353,0.0,0.0,0.06700547650230045,0.02269851963930582,0.0,0.002154457805405024,0.0,0.0,0.020305023366328154,0.0,0.0,0.0,0.0,0.0
TARGET.20.PASYWA.09A,0.0,0.0,0.0,0.0,0.011114293591344155,0.0,0.0,0.05741244625775875,0.26477441092599624,0.0,0.0,0.0,0.0,0.0,0.43844229275615426,0.08778183162234825,0.0,0.0,0.0,0.0,0.0,0.0017333230551347797,0.0,0.0,0.07621174767200277,0.06252965411926084,0.0,0.0,0.0,0.0
TARGET.20.PAWJGZ.09A,0.0,0.0,0.0,0.0,0.0,0.0,0.0,0.047158614944121595,0.0,0.0,0.0,0.0,0.0,0.0,0.0,0.5790247946876151,0.0,0.0,0.0,0.0,0.0,0.0,0.0,0.04510637506493192,0.0,0.3287102153033313,0.0,0.0,0.0,0.0
TARGET.20.PAXJZX.09A,0.0,0.0,0.0,0.0,0.0,0.0,0.0,0.11638380667785779,0.258420724306974,0.0,0.0,0.0,0.0,0.0,0.0,0.3976574856277507,0.0,0.0,0.0,0.06971098025297769,0.0,0.024562179542813086,0.0,0.0,0.08335012627186673,0.04991469731976005,0.0,0.0,0.0,0.0
TARGET.20.PARERV.09A,0.0,0.25767611047294275,0.0,0.0,0.0,0.0,0.0,0.2062625154230879,0.1174168241863759,0.0,0.0,0.0,0.0,0.0,0.23038181939391889,0.06360328030971443,0.0,0.0,0.01387705315825747,0.11067365303049563,0.0,0.0,0.0,0.0,0.0,0.00010874402520716856,0.0,0.0,0.0,0.0
TARGET.20.PAWTBX.09A,0.0,0.0,0.0,0.09870482404045082,0.0,0.0,0.0,0.07691858293832915,0.20937203653693473,0.0,0.0,0.0,0.01888192561218876,0.0,0.0,0.21571954087567943,0.009392614599597598,0.0,0.0,0.0,0.0,0.021757639786234833,0.0,0.22607258556022625,0.0,0.12318025005035851,0.0,0.0,0.0,0.0
TARGET.20.PAXJTM.09A,0.0,0.008033776510573963,0.0,0.0,0.0029652452225943852,0.0,0.0,0.047835093971562395,0.16660791405213982,0.0,0.0,0.0,0.0,0.0,0.1293510048134725,0.4487649226821996,0.0,0.0,0.03403806277563597,0.0,0.0,0.024415726878421307,0.0,0.0,0.0,0.1379882530934001,0.0,0.0,0.0,0.0
TARGET.20.PAUYIB.09A,0.0,0.0,0.0,0.0,0.0,0.0,0.0,0.045512935839685506,0.05563338831952273,0.0,0.0,0.0,0.0,0.0,0.026429449433965902,0.33108241456938864,0.0,0.07448530857297275,0.0,0.0,0.0,5.479926823183997e-05,0.0,0.0,0.0,0.4668017039962327,0.0,0.0,0.0,0.0
TARGET.20.PASTHA.09A,0.0,0.0,0.0,0.0,0.0,0.0,0.0,0.012425182604223905,0.16166960311651543,0.0,0.016840413643169173,0.0,0.0,0.0,0.0,0.5075676363479977,0.0,0.0,0.0030066848103117378,0.026244816289462992,0.0,0.015213902654953851,0.08894367410679531,0.0,0.014063360021971663,0.15402472640459816,0.0,0.0,0.0,0.0
TARGET.20.PAWRUF.09A,0.0,0.0,0.0,0.0,0.0,0.0,0.0,0.0818330916076843,0.20750058294423124,0.0,0.0,0.0,0.0,0.0,0.060534480983036466,0.10228348600917515,0.0,0.0,0.0,0.19649485327242483,0.0,0.04707528365553759,0.0,0.0,0.0,0.3042782215279104,0.0,0.0,0.0,0.0
TARGET.20.PANKEF.09A,0.0,0.0,0.0,0.0,0.0,0.0,0.0,0.0,0.0,0.0,0.0,0.0,0.2775937678393859,0.0,0.0,0.0,0.13204746796318456,0.0,0.0,0.011230032694966913,0.3393912218841095,0.0,0.0,0.08086520719999828,0.0,0.013948355663821294,0.0,0.0,0.0,0.14492394675453354
TARGET.20.PARFAL.09A,0.0,0.0,0.0,0.0,0.05470860371533229,0.0,0.0,0.09623479849101103,0.2539229083820095,0.0,0.0,0.0,0.0,0.0,0.27612550853138434,0.235664978934973,0.0,0.0,0.0,0.032872996263120784,0.0,0.004404864470949321,0.0,0.0,0.0,0.046065341211219746,0.0,0.0,0.0,0.0
TARGET.20.PAURJK.09A,0.0,0.0,0.0,0.0,0.0,0.0,0.0,0.08504748066117782,0.10883752501490832,0.0,0.0,0.0,0.0,0.0,0.15360558835489957,0.2987270544786531,0.0,0.0,0.0,0.017143317993826918,0.0,0.0029394160428098818,0.0,0.0,0.0,0.3336996174537245,0.0,0.0,0.0,0.0
TARGET.20.PAUZJJ.09A,0.0,0.043723768855715564,0.0,0.0,0.0,0.0,0.0,0.13903970708954866,0.37908750487705734,0.0,0.0,0.0,0.0,0.0,0.24171151144380834,0.04168973150374162,0.0,0.0,0.0,0.15474777623012836,0.0,0.0,0.0,0.0,0.0,0.0,0.0,0.0,0.0,0.0
TARGET.20.PATAML.09A,0.0,0.013700807499103016,0.0,0.0061235553092859295,0.0,0.0,0.0,0.10836514518259742,0.36850734789310746,0.0,0.0,0.0,0.0,0.0,0.3230363663156159,0.17864750520881126,0.0,0.0,0.0,0.0,0.0,0.0016192725914789994,0.0,0.0,0.0,0.0,0.0,0.0,0.0,0.0
TARGET.20.PAWIUS.09A,0.0,0.0,0.0,0.0,0.0,0.0,0.0,0.051088844229903244,0.08886949825028724,0.0,0.0,0.0,0.0,0.0,0.03942034483865105,0.5979125785288212,0.0,0.0,0.002332779452553138,0.07480606578030556,0.0,0.051239072669452185,0.0,0.0,0.0,0.09433081625002633,0.0,0.0,0.0,0.0
TARGET.20.PAVSCL.09A,0.0,0.0,0.0,0.0,0.0,0.0,0.0,0.14456469394751012,0.19993348758251195,0.0,0.0,0.0,0.0,0.0,0.10003052168283307,0.40695670605463685,0.0,0.0,0.0,0.0,0.0,0.007864661224024443,0.014513489549334924,0.0,0.0,0.0,0.0,0.0,0.12613643995914875,0.0
TARGET.20.PAVHFP.09A,0.0,0.12633541365501774,0.0,0.0,0.0,0.0,0.0,0.0340435395966572,0.0,0.0,0.0,0.0,0.0,0.0,0.3486997913964037,0.28765641591089924,0.0,0.0,0.0,0.0,0.0,0.0,0.0,0.0,0.0,0.2032648394410221,0.0,0.0,0.0,0.0
TARGET.20.PANTRL.09A,0.0,0.0,0.0,0.0,0.0,0.0,0.0,0.0,0.0,0.0092848487860986,0.0,0.0,0.0,0.11292988230406073,0.0,0.0,0.24224949700546297,0.0,0.0,0.0,0.0,0.0,0.0,0.0,0.22274022213408146,0.0,0.0,0.0,0.3652917842069614,0.04750376556333484
TARGET.20.PAURYA.09A,0.0,0.0,0.0,0.2325307930384371,0.0,0.0,0.0,0.012528051643839164,0.0,0.0,0.0,0.0,0.0,0.0,0.0,0.4595100653893069,0.0,0.0,0.016208608068815366,0.0,0.0,0.0,0.0,0.0,0.27922248185960163,0.0,0.0,0.0,0.0,0.0
TARGET.20.PAXKIB.09A,0.0,0.0,0.0,0.0,0.0,0.0,0.0,0.03408040526629962,0.014669400385482489,0.0,0.0,0.0,0.0,0.0,0.0,0.6862955394834318,0.0,0.0,0.059418345107968146,0.0,0.005546722015954589,0.002927083165127389,0.0,0.0,0.0,0.19706250457573593,0.0,0.0,0.0,0.0
TARGET.20.PAWGVW.09A,0.0,0.0,0.0,0.0,0.0,0.0,0.0,0.0514103755189284,0.3807874357925058,0.0,0.0,0.0,0.0,0.0,0.1113545142109108,0.43248493487965667,0.0,0.0,0.0,0.0,0.0,0.023962739597998287,0.0,0.0,0.0,0.0,0.0,0.0,0.0,0.0
TARGET.20.PAXJWS.09A,0.0,0.0,0.0,0.0,0.0,0.0,0.0,0.03782639004787475,0.0,0.0,0.0,0.0,0.0,0.0,0.19606982110137122,0.5191927011286349,0.0,0.0,0.003333642283036416,0.0,0.0,0.00871676506854806,0.0,0.0,0.0,0.23486068037053462,0.0,0.0,0.0,0.0
TARGET.20.PANRIK.09A,0.0,0.0,0.0,0.0,0.11747372435999852,0.0,0.0,0.07555404755574884,0.43329891605741994,0.0,0.0,0.0,0.0,0.0,0.238624411297232,0.1042164534995291,0.0,0.0,0.0,0.0,0.0,0.0030588340805380353,0.0,0.0,0.02777361314953351,0.0,0.0,0.0,0.0,0.0
TARGET.20.PAUWZR.09A,0.0,0.0,0.0,0.3332486095809531,0.0,0.0,0.0,0.0,0.0,0.0,0.0,0.0,0.0,0.0,0.0,0.4333872857886148,0.0,0.0,0.031733815899555894,0.0,0.0,0.0026539971323931866,0.0,0.0,0.19897629159848287,0.0,0.0,0.0,0.0,0.0
TARGET.20.PAWLUE.09A,0.0,0.0,0.03200793166575938,0.0,0.01059766974095999,0.0,0.0,0.033797317317554254,0.22772641016281728,0.0,0.0,0.0,0.0,0.0,0.030989634188840452,0.41323099245443823,0.0,0.0,0.0,0.0,0.11497845253750283,0.004501982458795466,0.0,0.0,0.0,0.13216960947333223,0.0,0.0,0.0,0.0
TARGET.20.PASPTM.09A,0.0,0.1854978761635808,0.0,0.0,0.0,0.0,0.0,0.06231907410913892,0.31696598966437417,0.0,0.0,0.0,0.0,0.0,0.15451227111167684,0.08595961156621929,0.0,0.0,0.0,0.1314548992920895,0.0,0.0061036506845690355,0.0,0.0,0.0,0.057186627408351426,0.0,0.0,0.0,0.0
TARGET.20.PASBHI.09A,0.0,0.13968637725354419,0.0,0.0,0.0,0.0,0.0,0.0,0.0430604034499008,0.0,0.0,0.0,0.12224103972409762,0.0,0.0,0.0011336968438413228,0.0,0.03798732729156927,0.015132407304325734,0.03733532743061372,0.12452380357132282,0.0,0.0,0.0,0.0,0.469345810708114,0.0,0.0,0.009553806422670475,0.0
TARGET.20.PAUURD.09A,0.0,0.0,0.0,0.0,0.0,0.0,0.0,0.0,0.4170456001354978,0.0,0.0,0.0,0.0,0.0,0.03773309665305833,0.36880198778581114,0.0,0.0,0.022046396055088343,0.0,0.029112937065241554,0.017166656193345262,0.0,0.0,0.0,0.10809332611195754,0.0,0.0,0.0,0.0
TARGET.20.PAWVVR.09A,0.0,0.05090072378850971,0.0,0.0,0.0,0.0,0.0,0.0823800763648531,0.008994032751913508,0.0,0.0,0.0,0.0,0.0,0.44968795641753123,0.2957912650892152,0.0,0.0032392897283343397,0.0,0.0,0.0,0.0,0.0,0.0,0.0,0.1090066558596429,0.0,0.0,0.0,0.0
TARGET.20.PAWZWN.09A,0.0,0.15065099933931486,0.0,0.0,0.028983805685904616,0.0,0.0,0.07848714647902934,0.04046483699435607,0.0,0.0,0.0,0.0,0.0,0.3708872803721932,0.11878836079504942,0.0,0.02624043677590612,0.0,0.0,0.0,0.0,0.0,0.0,0.0,0.18549713355824637,0.0,0.0,0.0,0.0
TARGET.20.PAVMZL.09A,0.0,0.0,0.0,0.0,0.0,0.0,0.0,0.019993007587465708,0.2662215708018408,0.0,0.0,0.0,0.0,0.0,0.0,0.3590472354156876,0.0,0.0,0.0,0.0,0.1780638686978685,0.015977208715063175,0.0,0.0,0.0,0.12073007695018266,0.0,0.0,0.03996703183189164,0.0
TARGET.20.PAUSXS.09A,0.0,0.0,0.002834312425859919,0.0,0.0,0.0,0.0,0.05357892501637431,0.17677766044543777,0.0,0.0,0.0,0.0,0.0,0.012736607008480448,0.3602293529539372,0.0,0.0,0.1560480139517341,0.0,0.05443443820747008,0.030754762308752875,0.0,0.0,0.0,0.15260592768195333,0.0,0.0,0.0,0.0
TARGET.20.PASVYL.09A,0.18885967986624272,0.0,0.0,0.0,0.0,0.0,0.0,0.04354987196109367,0.039879371492708725,0.0,0.0,0.0,0.0,0.0,0.0,0.31319774909990883,0.0,0.0,0.0,0.08119539766863433,0.0,0.0,0.004683251278459867,0.0,0.08901492753831608,0.21365049371288208,0.0,0.0,0.025969257381753635,0.0
TARGET.20.PAKRUP.09A,0.0,0.0,0.11915127015091244,0.0,0.0,0.0,0.0,0.1506566132550677,0.17813927676428487,0.0,0.0,0.0,0.0,0.0,0.0,0.2115769224273749,0.0,0.0,0.0,0.0,0.11149964360723119,0.0,0.0,0.0,0.0,0.20790746594303589,0.0,0.0,0.0,0.021068807852093176
TARGET.20.PASVYA.09A,0.0,0.0,0.0,0.0,0.0,0.0,0.0,0.10224447625312046,0.18515064596105774,0.0,0.0,0.0,0.0,0.0,0.0,0.2400306338128857,0.0,0.0,0.0,0.006626696455536516,0.0,0.06429045624713724,0.0,0.0,0.022346388519577064,0.30441396927878894,0.0,0.0,0.07489673347189617,0.0
TARGET.20.PAXEPC.09A,0.0,0.0,0.0,0.0,0.09540916846994549,0.0,0.0,0.12544345455182535,0.1413657312950229,0.0,0.0,0.0,0.0,0.0,0.24385437277172617,0.39333747967528393,0.0,0.0,0.0,0.0,0.0,0.0005897932361961603,0.0,0.0,0.0,0.0,0.0,0.0,0.0,0.0
TARGET.20.PARJCR.09A,0.0,0.0,0.0,0.0,0.0,0.0,0.0,0.09950185501329589,0.12294164817406412,0.0,0.0,0.0,0.08335483791398025,0.20798475377547443,0.0,0.41572189796873854,0.0,0.0,0.0,0.0,0.0,0.0,0.0,0.0,0.0,0.0,0.0,0.0,0.07049500715444663,0.0
TARGET.20.PARIAP.09A,0.0,0.0,0.0,0.0,0.0,0.0,0.0,0.03833533059444615,0.20798434477198538,0.0,0.0,0.0,0.0,0.0,0.13698691688446862,0.05307148662032253,0.0,0.0,0.0,0.027148035982179044,0.0,0.0036078220027175607,0.0,0.03334096856832349,0.0,0.4995250945755572,0.0,0.0,0.0,0.0
TARGET.20.PAWWUN.09A,0.0,0.0,0.0,0.0,0.0,0.0,0.0,0.04915339922534792,0.0,0.0,0.0,0.0,0.0,0.0,0.0,0.8717308911800612,0.0,0.0,0.005578497289020115,0.0,0.0,0.00560999206700872,0.06792722023856201,0.0,0.0,0.0,0.0,0.0,0.0,0.0
TARGET.20.PAESVN.09A,0.0,0.0,0.0,0.0,0.014317926221005264,0.0,0.0,0.05575496823506394,0.27762647170962923,0.0,0.0,0.0,0.0,0.007071390637139159,0.1902566378587367,0.41494518530029506,0.0,0.0,0.015500425179079355,0.0,0.0,0.0033418740195537387,0.0,0.0,0.0,0.02118512083949775,0.0,0.0,0.0,0.0
TARGET.20.PABZKY.09A,0.0,0.0,0.0,0.0,0.0,0.0,0.0,0.13474835664614682,0.05972276087786675,0.0,0.0,0.0,0.0,0.0,0.0859268004879878,0.36558813416756747,0.0,0.0,0.0,0.0,0.0,0.0,0.13928286482101893,0.0,0.1132978088567381,0.07845517436324077,0.0,0.0,0.022978099779433457,0.0
TARGET.20.PATRME.09A,0.0,0.0,0.0,0.6318239563273086,0.0,0.0,0.0,0.0,0.0,0.0,0.0,0.0,0.0,0.0,0.0,0.33842234072053057,0.0,0.0,0.02880140988970836,0.0,0.0,0.0009522930624524667,0.0,0.0,0.0,0.0,0.0,0.0,0.0,0.0
TARGET.20.PASPMI.09A,0.0,0.0,0.0,0.0,0.0,0.0,0.0,0.002244780856617275,0.13959450554278785,0.0,0.0,0.0,0.009160558176406255,0.0,0.02295273171204869,0.08878683840650062,0.0233725900444906,0.0,0.0,0.07562262776388969,0.012008721744361562,0.08108546068315221,0.0,0.0,0.0,0.5451711850697452,0.0,0.0,0.0,0.0
TARGET.20.PABGKN.09A,0.0,0.10081305445337842,0.0,0.0,0.0,0.0,0.0,0.015664419840701597,0.044276753486874904,0.0,0.0,0.0,0.06127278743501785,0.0,0.006772334225268488,0.13169336791855069,0.11185024134798997,0.0,0.0,0.0,0.1766245308960408,0.0,0.0,0.13507325988951727,0.0,0.21595925050666015,0.0,0.0,0.0,0.0
TARGET.20.PAWWMZ.09A,0.0,0.0,0.0,0.0,0.0,0.0,0.0,0.061788418011899125,0.15448222971977768,0.0,0.0,0.0,0.0,0.0,0.04273805312150965,0.4889878756323509,0.0,0.0,0.0,0.0,0.0,0.07709739463461103,0.0,0.0,0.0,0.17490602887985168,0.0,0.0,0.0,0.0
TARGET.20.PAVGIV.09A,0.0,0.0,0.0,0.0,0.0,0.0,0.0,0.0,0.3332112711847231,0.0,0.0,0.0,0.0,0.0,0.013394345643764348,0.3305336390807881,0.0,0.0,0.0,0.0,0.17553132847076783,0.010998033149103133,0.0,0.0,0.0,0.13633138247085344,0.0,0.0,0.0,0.0
TARGET.20.PASUVD.09A,0.0,0.0,0.0,0.0,0.0,0.0,0.0,0.0,0.07855009982493417,0.0,0.0,0.0,0.0,0.0,0.0,0.23953336532236355,0.0,0.0,0.0,0.0,0.0,0.007962344487743639,0.0,0.0,0.0,0.2683951527172093,0.0,0.0,0.4055590376477492,0.0
TARGET.20.PATAPC.09A,0.0,0.0,0.0,0.16127048654926474,0.0,0.018455967457722683,0.0,0.017479624196878037,0.15447537541444906,0.028819554347849462,0.0,0.0,0.0,0.0,0.0,0.4477008655719311,0.0,0.0,0.028316585072832013,0.0,0.0,0.0037084024765684353,0.03170129062090397,0.0,0.10807184829160059,0.0,0.0,0.0,0.0,0.0
TARGET.20.PATKEA.09A,0.0,0.1872301968213104,0.0,0.0,0.048961150989145295,0.0,0.0,0.038938058165936665,0.038485621075535686,0.0,0.0,0.0,0.08207192272231842,0.0,0.1769917428213212,0.17613770146690602,0.0,0.0,0.0,0.0,0.02393063436337908,0.0,0.0,0.0,0.0,0.22725297157414723,0.0,0.0,0.0,0.0
TARGET.20.PAVNVF.09A,0.0,0.0,0.0,0.0,0.09423826802671276,0.0,0.0,0.09473665197127641,0.07086034405798258,0.0,0.0,0.0,0.0,0.0,0.1771324256289532,0.2733757151198547,0.0,0.0,0.0025935069395746618,0.0,0.0589861131791228,0.0020193678912650078,0.0,0.0,0.0,0.22605760718525772,0.0,0.0,0.0,0.0
TARGET.20.PAUNYL.09A,0.0,0.0,0.0,0.0,0.0,0.0,0.0,0.13757572039108848,0.13439347377158495,0.0,0.0,0.0,0.0,0.0,0.15390969114235356,0.42007667301135143,0.0,0.0,0.0,0.009704957737548658,0.0,0.004663465707747978,0.0,0.0,0.0,0.13967601823832496,0.0,0.0,0.0,0.0
TARGET.20.PAYKSD.Sorted.CD34.Myeloid.Mono.09A,0.0,0.0,0.0,0.0,0.0,0.0,0.0,0.06079762427980202,0.10111245774585574,0.07376248602532003,0.0,0.0,0.0,0.08671546825526404,0.0,0.28591835508600777,0.0,0.0,0.0,0.0,0.0,0.005835656446672516,0.026056453192366876,0.0,0.046816763165958994,0.0,0.0,0.0,0.3129847358027521,0.0
TARGET.20.PAXAAA.09A,0.0,0.0,0.0,0.0,0.0,0.0,0.0,0.03702682949956629,0.20743821495309414,0.0,0.0,0.0,0.0,0.0,0.09393479398275144,0.37959375738550793,0.0,0.0,0.0,0.0,0.0,0.008118425496936513,0.0,0.0,0.03958134392677869,0.23430663475536492,0.0,0.0,0.0,0.0
TARGET.20.PATFZR.09A,0.0,0.014240806342747991,0.0,0.0,0.0,0.0,0.0,0.006906091912160167,0.18990720898085614,0.0,0.0,0.0,0.0,0.0,0.0,0.14353505223940666,0.0,0.0,0.2180817778032647,0.0,0.1327360724857303,0.03701422168378862,0.0,0.0,0.023338439534244283,0.23424032901780106,0.0,0.0,0.0,0.0
TARGET.20.PAWWTP.09A,0.0,0.0,0.0,0.0,0.07652587925136578,0.0,0.0,0.0672171988313029,0.21475576107779798,0.0,0.0,0.0,0.0,0.0,0.4063668444350434,0.23513431640448998,0.0,0.0,0.0,0.0,0.0,0.0,0.0,0.0,0.0,0.0,0.0,0.0,0.0,0.0
TARGET.20.PAYJAX.Unsorted.09A,0.0,0.0,0.0,0.0,0.0,0.0,0.0,0.10057216812565078,0.3011323988613863,0.0,0.0,0.0,0.0,0.0,0.060183397920584566,0.40381737155714276,0.0,0.0,0.0,0.0017170758449979266,0.0,0.0028885423450175055,0.0,0.0,0.0,0.1296890453452203,0.0,0.0,0.0,0.0
TARGET.20.PAXLMS.09A,0.0,0.0,0.0,0.0,0.0,0.0,0.0,0.034796370005477875,0.09328070889220028,0.0,0.0,0.0,0.0,0.0,0.05917254862873066,0.4009089808562681,0.0,0.0,0.0,0.0,0.046327048414038896,0.001692339469837394,0.0,0.0,0.0,0.3638220037334467,0.0,0.0,0.0,0.0
TARGET.20.PAXDSN.09A,0.0,0.0,0.0,0.0,0.0,0.0,0.0,0.12614150334129193,0.10820169578862772,0.0,0.0,0.0,0.0,0.0,0.07034283426192517,0.4711742394844692,0.0,0.0,0.0880023570794637,0.0,0.0,0.0024479847514626363,0.0,0.0,0.0,0.1336893852927596,0.0,0.0,0.0,0.0
TARGET.20.PASBGZ.09A,0.0,0.0,0.06564661319841783,0.0,0.0,0.0,0.0,0.044796692360727385,0.3610349085279423,0.0,0.0,0.0,0.0,0.0,0.0,0.15016252760063237,0.0,0.0,0.018352492407468925,0.0,0.1595310011542759,0.06711672684420784,0.0,0.0,0.0,0.13335903790632747,0.0,0.0,0.0,0.0
TARGET.20.PARUSN.09A,0.0,0.0,0.09364284572039318,0.0,0.0,0.0,0.0,0.09531089033720079,0.17482818576403503,0.0,0.0,0.0,0.0,0.0,0.0,0.197924503029754,0.0,0.0,0.0,0.0,0.1338053740534446,0.0,0.0,0.0,0.0,0.30448820109517244,0.0,0.0,0.0,0.0
TARGET.20.PARMMN.09A,0.0,0.011453028036575622,0.0,0.0,0.04112776086671003,0.0,0.0,0.04675746289883291,0.12119520222308638,0.0,0.0,0.0,0.0,0.0,0.18429210624711787,0.13063904547617364,0.0,0.009338307096256871,0.0011441267579807126,0.0,0.21809872740594016,0.0014730571847313895,0.0,0.0,0.0,0.03851869162923782,0.0,0.0,0.0,0.19596248417735646
TARGET.20.PAWYEM.09A,0.0,0.01600131578284753,0.0,0.0,0.0,0.0,0.0,0.08550783200800208,0.0,0.0,0.0,0.0,0.0,0.0,0.0,0.3228515437157672,0.0,0.0,0.0018911230918286798,0.0,0.0,0.013357527309204663,0.03567914182758307,0.0,0.0,0.08943390459885597,0.0,0.0,0.4352776116659108,0.0
TARGET.20.PARCVP.09A,0.0,0.0,0.0,0.0,0.0,0.0,0.0,0.10080735766241403,0.18920032900711312,0.0,0.0,0.0,0.0,0.0,0.0,0.22973691445312686,0.0,0.0,0.0,0.015278870342667464,0.08472051842914262,0.003125794458242791,0.0,0.0,0.0,0.20407163942568388,0.0,0.0,0.17305857622160914,0.0
TARGET.20.PASSPT.09A,0.0,0.0,0.0,0.0,0.05206304529181948,0.0,0.0,0.058802673717107186,0.32118836038227394,0.0,0.0,0.0,0.0,0.0,0.3533513930093891,0.08821238760089005,0.0,0.0,0.0,0.07585690343778469,0.0,0.003005039183478831,0.0,0.0,0.0,0.0475201973772567,0.0,0.0,0.0,0.0
TARGET.20.PATVAV.09A,0.0,0.0,0.0,0.0,0.09042754933694745,0.0,0.0,0.09777105059012219,0.3662048496609191,0.0,0.0,0.0,0.0,0.0,0.18040463464704898,0.22705240921180164,0.0,0.0,0.0,0.03492519848950614,0.0,0.003214308063654559,0.0,0.0,0.0,0.0,0.0,0.0,0.0,0.0
TARGET.20.PAVACZ.09A,0.0,0.0,0.0,0.0,0.0,0.0,0.0,0.011721313651480067,0.3726135589812353,0.0,0.0,0.0,0.0,0.0,0.0,0.43325538863599333,0.0,0.0,0.0,0.0,0.0,0.0,0.056810354980198374,0.0,0.12559938375109297,0.0,0.0,0.0,0.0,0.0
TARGET.20.PAVBIY.09A,0.0,0.0,0.0,0.0,0.0,0.0,0.0,0.016481979189585574,0.3670460625488397,0.0,0.0,0.0,0.0,0.0,0.0,0.5020098047164278,0.0,0.0,0.0,0.0,0.0,0.03632010587257053,0.0,0.0,0.0,0.07814204767257628,0.0,0.0,0.0,0.0
TARGET.20.PAWNYM.09A,0.0,0.0,0.0,0.0,0.0,0.0,0.0,0.01909568272518201,0.9215782552700015,0.0,0.0,0.0,0.0,0.0,0.05932606200481652,0.0,0.0,0.0,0.0,0.0,0.0,0.0,0.0,0.0,0.0,0.0,0.0,0.0,0.0,0.0
TARGET.20.PANKFZ.09A,0.0,0.0,0.0031988001217067106,0.0,0.0,0.006144226325076267,0.0,0.0,0.023891951261909475,0.0,0.0,0.0,0.0,0.0,0.0,0.10901011966273638,0.0,0.0,0.008932914353106522,0.0,0.20983296606166196,0.012065097234665461,0.2758107637443139,0.0,0.0,0.0,0.0,0.0,0.35111316123482333,0.0
TARGET.20.PAWZVT.09A,0.0,0.0,0.0,0.0,0.0,0.0,0.0,0.09220913815463756,0.10124124866573012,0.0,0.0,0.0,0.0,0.0,0.0,0.5018486638369329,0.0,0.0,0.0,0.0,0.0,0.0,0.2406788260114423,0.0,0.05417815146486156,0.0,0.0,0.0,0.00984397186639544,0.0
TARGET.20.PATGUB.09A,0.0,0.1283424505955675,0.0,0.0,0.0,0.0,0.0,0.0685114777964106,0.07610818557877991,0.0,0.0,0.0,0.0,0.0,0.3437946458611491,0.10056899137231515,0.0,0.022839076595331593,0.0,0.0,0.0,0.0,0.0,0.0,0.0,0.2598351722004462,0.0,0.0,0.0,0.0
TARGET.20.PASANH.09A,0.0,0.4008577186580797,0.0,0.0,0.0,0.0,0.0,0.013380637259066018,0.2417582000677226,0.02735767828290819,0.0,0.0,0.0,0.0,0.0,0.25364077926767703,0.0,0.0,0.0,0.0,0.0,0.023686343035366278,0.0,0.0,0.0,0.0,0.0,0.0,0.03931864342918023,0.0
TARGET.20.PAXBXU.09A,0.0,0.0,0.0,0.0,0.0,0.0,0.0,0.0,0.23783694357927582,0.0,0.0,0.0,0.0,0.0,0.0,0.7264307090480344,0.0,0.0,0.03573234737268972,0.0,0.0,0.0,0.0,0.0,0.0,0.0,0.0,0.0,0.0,0.0
TARGET.20.PAVSEJ.09A,0.0,0.0,0.0,0.0,0.0,0.0,0.0,0.041556373355000634,0.31284081781496437,0.0,0.0,0.0,0.0,0.0,0.15490133894400676,0.3676983005771255,0.0,0.0,0.04953882984486926,0.009993704018505484,0.0,0.009255474258486312,0.0,0.0,0.0,0.05421516118704165,0.0,0.0,0.0,0.0
TARGET.20.PAPAEG.09A,0.0,0.0,0.0,0.0,0.0,0.0,0.08249977312328763,0.03154232762636356,0.1388805183728279,0.0,0.0,0.0,0.0,0.0,0.5191563020684034,0.03376079937265948,0.0,0.0,0.0,0.0,0.0,0.0,0.0,0.0,0.0,0.19416027943645806,0.0,0.0,0.0,0.0
TARGET.20.PALWFK.09A,0.0,0.0,0.0,0.0,0.0,0.0,0.0,0.0,0.05747477567014791,0.0,0.0,0.0,0.0,0.0,0.0,0.6810625448585051,0.0,0.0,0.0,0.0,0.0,0.004330447964779799,0.0,0.0,0.0020619142357132525,0.25507031727085383,0.0,0.0,0.0,0.0
TARGET.20.PAWGTG.09A,0.0,0.11302303279031907,0.0,0.0,0.0,0.0,0.0,0.10336558227994953,0.018608960450883442,0.0,0.0,0.0,0.0,0.0,0.4517734944483074,0.30336904973599377,0.0,0.0,0.009859880294546838,0.0,0.0,0.0,0.0,0.0,0.0,0.0,0.0,0.0,0.0,0.0
TARGET.20.PASGGK.09A,0.0,0.0,0.0,0.0,0.0,0.0,0.0,0.11233594399723008,0.05145743257548789,0.0,0.0,0.0,0.0,0.0,0.013764413778325296,0.47580063665340916,0.0,0.0,0.0,0.0,0.0,0.0,0.0,0.0,0.17562821759308886,0.17101335540245877,0.0,0.0,0.0,0.0
TARGET.20.PATLFJ.09A,0.0,0.0,0.0,0.0,0.0,0.0,0.0,0.1917558317241072,0.16149034010568813,0.0,0.0,0.0,0.0,0.0,0.27401309169753396,0.0,0.0,0.0,0.0,0.09689988039843708,0.0,0.0037931122035772093,0.0,0.0,0.0,0.2720477438706563,0.0,0.0,0.0,0.0
TARGET.20.PATCTM.09A,0.0,0.0,0.0,0.0,0.0,0.0,0.0,0.0,0.14238523167007905,0.0,0.0,0.0,0.0,0.0,0.0,0.0,0.0,0.0,0.36759266082278286,0.0,0.0,0.0,0.0,0.0,0.4900221075071382,0.0,0.0,0.0,0.0,0.0
TARGET.20.PAXKZA.09A,0.0,0.0,0.0,0.0,0.0,0.0,0.0,0.013277806630153098,0.2554917574160685,0.0,0.0,0.0,0.0,0.0,0.00988725874959498,0.40412809212588774,0.0,0.0,0.0,0.0,0.03816058267878207,0.04756934351236447,0.0,0.0,0.0,0.21601516534201315,0.0,0.0,0.015469993545135997,0.0
TARGET.20.PAXISV.09A,0.0,0.0,0.0,0.0,0.0,0.0,0.0,0.05142893806427061,0.14877360515459678,0.04704260809158622,0.0,0.0,0.0,0.0,0.0,0.38099260906267235,0.0,0.0,0.0028058898539983193,0.07741941338648589,0.21957902306203345,0.0005393252252213327,0.06024053544970791,0.0,0.01117805264942707,0.0,0.0,0.0,0.0,0.0
TARGET.20.PANGJY.09A,0.0,0.0,0.0,0.0,0.0,0.0,0.0,0.03396177542732549,0.243471245828935,0.0,0.0,0.0,0.0,0.0897636766093186,0.0,0.1060408237436892,0.0,0.0,0.0,0.0,0.0,0.0,0.3418156014152206,0.0,0.0,0.0,0.0,0.0,0.1849468769755109,0.0
TARGET.20.PARYCU.09A,0.0,0.0,0.0,0.0,0.0,0.0,0.0,0.05336059297090575,0.22656028161175487,0.0,0.0,0.0,0.0,0.0,0.3120275743139889,0.1697520205111547,0.0,0.0,0.0,0.0,0.0,0.0019333156238433857,0.0,0.0,0.0,0.2363662149683524,0.0,0.0,0.0,0.0
TARGET.20.PATJKC.09A,0.0,0.0,0.0,0.0,0.0,0.0,0.0,0.15097105135315456,0.40350725906094265,0.0,0.0,0.0,0.0,0.0,0.052585483424088274,0.3587204679831882,0.0,0.0,0.0,0.0,0.0,0.009810002173567684,0.024405736005058534,0.0,0.0,0.0,0.0,0.0,0.0,0.0
TARGET.20.PASDET.09A,0.09966261857874838,0.0,0.04140168495513025,0.0,0.0016786347619365694,0.0,0.0,0.059987924488821974,0.2323105448723662,0.0,0.0,0.0,0.0,0.0,0.0,0.22718294568097686,0.0,0.0,0.02206323948538469,0.0,0.16659357182946358,0.01218189013234548,0.0,0.0,0.13518287060083012,0.0017540746139958034,0.0,0.0,0.0,0.0
TARGET.20.PAURUT.09A,0.0,0.0,0.0,0.0,0.1431442950241048,0.0,0.0,0.09853140312747624,0.3111136859306031,0.0,0.0,0.0,0.0,0.0,0.3537953849613989,0.0,0.0,0.0,0.0,0.06890405396331412,0.0,0.02451117699310286,0.0,0.0,0.0,0.0,0.0,0.0,0.0,0.0
TARGET.20.PAXHZD.09A,0.0,0.0,0.0,0.0,0.0,0.0,0.0,0.0247888870244752,0.09617026890089705,0.0,0.0,0.0,0.0,0.0,0.0,0.4476250776982989,0.0,0.0,0.0,0.0,0.05226449533215896,0.00765272692014423,0.0,0.0,0.0,0.17477005988808098,0.0,0.0,0.19672848423594458,0.0
TARGET.20.PAWPET.09A,0.0,0.0,0.0,0.0,0.0,0.0,0.0,0.04915704296120408,0.09410144506526727,0.0,0.0,0.0,0.0,0.0,0.03481185031683959,0.3475190518338213,0.056053472700903835,0.0,0.0,0.0,0.0,0.0,0.0461900907455024,0.048372504473855445,0.0,0.3237945419026061,0.0,0.0,0.0,0.0
TARGET.20.PAXMBS.09A,0.0,0.0,0.0,0.0,0.0,0.0,0.0,0.06780292257545233,0.12704891083092548,0.0,0.0,0.0,0.0,0.0,0.0,0.6550560990519287,0.0,0.0,0.06377926882642944,0.0,0.0,0.03399995922754854,0.0,0.0,0.0,0.05231283948771552,0.0,0.0,0.0,0.0
TARGET.20.PAXFEA.09A,0.0,0.05429146783174035,0.0,0.0,0.007103717323056309,0.0,0.0,0.06125777369978158,0.24588472293563182,0.0,0.0,0.0,0.0,0.0,0.3872589413502403,0.18805795267390366,0.0,0.0,0.0,0.0,0.0,0.0,0.0,0.0,0.0,0.05614542418564593,0.0,0.0,0.0,0.0
TARGET.20.PARUTH.09A,0.0,0.035019668560626355,0.0,0.0,0.3356509709293438,0.0,0.0,0.04966987525072345,0.1278856013480721,0.0,0.0,0.0,0.0,0.0,0.040968797670149625,0.19949591289445992,0.0,0.0,0.0,0.0,0.045433688562461785,0.017415232310389845,0.0,0.0,0.0,0.14846025247377323,0.0,0.0,0.0,0.0
TARGET.20.PASYTG.09A,0.0,0.012020074906350719,0.0,0.06751856752700715,0.10142591552070983,0.0,0.0,0.06295628460205288,0.09258361527854737,0.0,0.0,0.0,0.0,0.0,0.461424861258214,0.12147495160007767,0.0,0.0,0.0048756733767843785,0.0,0.0,0.026185036519054895,0.0,0.0,0.0,0.04953501941120117,0.0,0.0,0.0,0.0
TARGET.20.PAWBSJ.09A,0.0,0.0,0.0,0.0,0.0,0.0,0.0,0.051514764743559996,0.03687511985190502,0.0,0.0,0.0,0.0,0.0,0.0,0.4398168818303287,0.0,0.0,0.0,0.017329624115226618,0.17571398345669803,0.00973278999555338,0.0028901769408690584,0.0,0.0,0.21230297838588197,0.0,0.0,0.05382368067997718,0.0
TARGET.20.PAXEWG.09A,0.0,0.0,0.0,0.0,0.0,0.0,0.0,0.05812828372069378,0.3947266551072168,0.0,0.0,0.0,0.0,0.0,0.0,0.4682150471424504,0.0,0.0,0.0,0.023572746791981698,0.0,0.0029268738836566513,0.052430393354000654,0.0,0.0,0.0,0.0,0.0,0.0,0.0
TARGET.20.PASDXR.09A,0.0,0.0,0.0,0.0,0.0,0.0,0.0,0.00687045506082311,0.0863445210462645,0.0,0.0,0.0,0.0,0.0,0.08793585881558887,0.2600576701178844,0.0,0.0,0.0,0.043504803092285285,0.0,0.003449658154949457,0.0,0.0,0.0,0.5118370337122043,0.0,0.0,0.0,0.0
TARGET.20.PATJNI.09A,0.0,0.0,0.0,0.0,0.0,0.0,0.0,0.0400749706324022,0.07567327905331084,0.0,0.0,0.0,0.0,0.0,0.08482812002306792,0.17378848504782288,0.0,0.16482079041639858,0.030845088142124256,0.0,0.06783606301287984,0.0,0.0,0.0,0.0,0.3621332036719934,0.0,0.0,0.0,0.0
TARGET.20.PAVLGZ.09A,0.0,0.0,0.0,0.272204586857459,0.0,0.0,0.0,0.03351610584306531,0.0,0.0,0.0,0.0,0.0,0.0,0.0,0.6530977470805395,0.0,0.0,0.015495656183069908,0.0,0.0,0.025685904035866163,0.0,0.0,0.0,0.0,0.0,0.0,0.0,0.0
TARGET.20.PAWMHE.09A,0.0,0.0,0.0,0.0,0.05511158778687377,0.0,0.0,0.05517587303159769,0.2344833768308165,0.0,0.0,0.0,0.0,0.0,0.05172950305140067,0.13426874650345397,0.049662073911760966,0.0,0.0,0.0,0.13016886909085246,7.045495470007674e-05,0.0,0.0553768885361242,0.0,0.23395262630241975,0.0,0.0,0.0,0.0
TARGET.20.PARBTV.09A,0.0,0.03577322042704878,0.007602889666347072,0.0,0.0,0.0,0.0,0.11830458093088769,0.18399887943735882,0.0,0.0,0.0,0.0,0.0,0.14470085330612042,0.23748734968365437,0.0,0.0,0.0,0.0,0.162308866779181,0.007691599939369446,0.0,0.0,0.0,0.10213175983003224,0.0,0.0,0.0,0.0
TARGET.20.PAKVGI.09A,0.0,0.0,0.0,0.0,0.0,0.0,0.0,0.21567394831339717,0.5250322926929755,0.0,0.0,0.0,0.0,0.0,0.07015235947826409,0.0,0.0,0.0,0.0,0.029247161305623087,0.0,0.00579531392319667,0.0,0.0,0.0,0.15409892428654354,0.0,0.0,0.0,0.0
TARGET.20.PAECBZ.09A,0.0,0.19489751251578463,0.0,0.0,0.0,0.0,0.0,0.0,0.0,0.0,0.0,0.0,0.0,0.0,0.04378093436358918,0.0,0.0,0.2381045007748831,0.0,0.0,0.03620896422607155,0.0,0.0,0.003829333134134523,0.0,0.4831787549855371,0.0,0.0,0.0,0.0
TARGET.20.PAXLHS.09A,0.0,0.0,0.0,0.0,0.0,0.0,0.0,0.013327253608789993,0.0,0.0,0.0,0.0,0.0,0.0,0.07955210744947708,0.09353297030811951,0.237878954148204,0.0,0.0,0.0,0.0,0.0,0.0,0.15718818022027514,0.0,0.4185205342651342,0.0,0.0,0.0,0.0
TARGET.20.PASPKE.09A,0.0,0.08698152296322631,0.0,0.0,0.0,0.0,0.0,0.0,0.007343894876532392,0.0,0.0,0.0,0.0,0.0,0.0,0.020805361276192477,0.0,0.0,0.0095604449855732,0.0,0.1905811585271087,0.0,0.0,0.0,0.0,0.40988705193528696,0.0,0.0,0.2748405654360801,0.0
TARGET.20.PAPVCN.09A,0.0,0.17582854596919675,0.07356108462490527,0.0,0.0,0.04393248783759206,0.0,0.0,0.10225821236388666,0.09658575172516454,0.0,0.0,0.0,0.0,0.0,0.044387155199454666,0.0,0.0,0.0,0.0,0.43131625504486887,0.01159161258348739,0.0,0.0,0.0,0.020538894651443842,0.0,0.0,0.0,0.0
TARGET.20.PAXETC.09A,0.0,0.0,0.05709762820744705,0.0,0.0,0.0,0.0,0.16209849697944087,0.3665873491259843,0.0,0.0,0.0,0.0,0.0,0.0,0.40977936540667775,0.0,0.0,0.0,0.0,0.0,0.0044371602804500095,0.0,0.0,0.0,0.0,0.0,0.0,0.0,0.0
TARGET.20.PAVIYH.09A,0.0,0.0,0.0,0.0,0.0,0.0,0.0,0.01823057247599668,0.02506270402173458,0.0,0.0,0.0,0.0,0.0,0.006381658588862063,0.28807399377196014,0.15018829226393027,0.21724326304398928,0.0,0.0,0.0,0.0,0.0,0.0,0.0,0.2948195158335269,0.0,0.0,0.0,0.0
TARGET.20.PAYBSY.09A,0.0,0.0,0.0,0.33921410076887176,0.0,0.0,0.0,0.0,0.0,0.0,0.0,0.0,0.0,0.0,0.0,0.65469062324988,0.0,0.0,0.0060952759812482596,0.0,0.0,0.0,0.0,0.0,0.0,0.0,0.0,0.0,0.0,0.0
TARGET.20.PARMZF.09A,0.0,0.5253708395613377,0.05822952568178775,0.0,0.0,0.0,0.0,0.0,0.043712076298925796,0.008428719708102038,0.0,0.0,0.0,0.0,0.0,0.05277129919382358,0.0,0.0,0.0,0.0,0.3114875395560232,0.0,0.0,0.0,0.0,0.0,0.0,0.0,0.0,0.0
TARGET.20.PAUUSX.09A,0.0,0.0,0.0,0.0,0.0,0.0,0.0,0.07154979382443047,0.15308356523327316,0.0,0.0,0.0,0.0,0.0,0.07309191832639643,0.30175435450582483,0.0,0.0,0.005269778317549175,0.22941430578958488,0.0,0.00034751876302466337,0.0,0.0,0.0,0.16548876523991646,0.0,0.0,0.0,0.0
TARGET.20.PASBPW.09A,0.0,0.0,0.0,0.0,0.0,0.0,0.0,0.05022290430469225,0.2736678317291273,0.0,0.0,0.0,0.0,0.0,0.0,0.38088921143059046,0.0,0.0,0.0,0.0,0.0,0.12708281799204163,0.0,0.0,0.0,0.07486417450703291,0.0,0.0,0.0932730600365155,0.0
TARGET.20.PAWLGJ.09A,0.0,0.0,0.0,0.0,0.0,0.0,0.0,0.11695729878396975,0.20941385673606788,0.0,0.0,0.0,0.0,0.0,0.0075318023448800574,0.5235380770236782,0.0,0.0,0.0,0.0,0.0,0.030684538053317455,0.0,0.0,0.0,0.11187442705808665,0.0,0.0,0.0,0.0
TARGET.20.PAPXRJ.09A,0.0,0.0,0.0,0.0,0.0,0.0,0.0,0.0298039497617494,0.3513938662563489,0.0,0.0,0.0,0.0,0.0,0.0,0.38434359182967487,0.0,0.0,0.0,0.0,0.0,0.011561452694702124,0.0,0.0,0.13379720372420095,0.08909993573332364,0.0,0.0,0.0,0.0
TARGET.20.PAVZNG.09A,0.0,0.0,0.011894193458795931,0.0,0.0,0.0,0.0,0.04761333768764125,0.17239577469594267,0.0,0.0,0.0,0.0014684343390186955,0.0,0.10629145605936406,0.264234993769164,0.0,0.0,0.0,0.0,0.008634052834583392,0.0019712500339355977,0.0,0.12512161225878185,0.0,0.26037489486277254,0.0,0.0,0.0,0.0
TARGET.20.PAYKGV.Unsorted.09A,0.0,0.14032759654588975,0.020924080882581967,0.0,0.011181975356186312,0.0,0.0,0.037684090544505014,0.17081572642170126,0.0,0.0,0.0,0.0,0.0,0.06222102205697584,0.3483134180827312,0.0,0.0,0.0,0.0,0.0,0.00468780519169441,0.0,0.0,0.0,0.2038442849177343,0.0,0.0,0.0,0.0
TARGET.20.PAUTWE.09A,0.0,0.0,0.0,0.0,0.0,0.0,0.0,0.10527237042290921,0.22859395124733037,0.0,0.0,0.0,0.0,0.0,0.0787919933521387,0.5480722201593305,0.0,0.0,0.0043796032888441415,0.03257188498935361,0.0,0.0023179765400933618,0.0,0.0,0.0,0.0,0.0,0.0,0.0,0.0
TARGET.20.PAWMEZ.09A,0.0,0.0,0.0,0.0,0.0,0.0,0.0,0.11866357566353862,0.2644396431484133,0.0,0.0,0.0,0.0,0.0,0.0,0.43187208962445645,0.0,0.0,0.0,0.0,0.0,0.0,0.16000150572352118,0.0,0.0,0.0,0.0,0.0,0.0250231858400704,0.0
TARGET.20.PASNIY.09A,0.0,0.0,0.0,0.0,0.0,0.18282296812598828,0.0,0.051408645570793284,0.3409568673854648,0.0007063272187186517,0.0,0.0,0.0,0.0,0.0,0.12462857204344265,0.0,0.0,0.18921824167599047,0.0,0.0,0.0,0.0,0.0,0.11025837797960172,0.0,0.0,0.0,0.0,0.0
TARGET.20.PANKLP.09A,0.0,0.0,0.0,0.0,0.0,0.0,0.0,0.04319967761474781,0.2158431941353841,0.0,0.0,0.0,0.0,0.0,0.05124974557193994,0.5513695203650321,0.0,0.0,0.0005972716043378529,0.0,0.0,0.010226132999819806,0.0,0.0,0.02990479139680494,0.09760966631193341,0.0,0.0,0.0,0.0
TARGET.20.PAVPMJ.09A,0.0,0.0,0.0,0.0,0.06107681941960371,0.0,0.0,0.09685896647754771,0.3467627352837515,0.0,0.0,0.0,0.0,0.0,0.2044959259576333,0.1784961025184266,0.0,0.0,0.0,0.0,0.0,0.004372253850018518,0.0,0.0,0.10793719649301854,0.0,0.0,0.0,0.0,0.0
TARGET.20.PAUXKI.09A,0.0,0.0,0.0,0.0,0.0,0.0,0.0,0.06244835843797681,0.13998596795798166,0.0,0.0,0.0,0.0,0.0,0.05527143366480274,0.46376509540393174,0.0,0.0,0.025643551346949987,0.0,0.07288853315723755,0.004429771878550637,0.0,0.0,0.0,0.1755672881525689,0.0,0.0,0.0,0.0
TARGET.20.PAXLDJ.09A,0.0,0.0,0.0,0.0,0.0,0.0,0.0,0.08757266490687253,0.20122534105443587,0.0,0.0,0.0,0.0,0.0,0.12004616338256333,0.30331592202449287,0.0,0.0,0.0,0.0,0.0,0.014105497937201289,0.0,0.0,0.22152576879392588,0.05220864190050827,0.0,0.0,0.0,0.0
TARGET.20.PASWIM.09A,0.0,0.0,0.0,0.0,0.0,0.0,0.0,0.08255095369516817,0.17584334010567026,0.0,0.0,0.0,0.0,0.0,0.0,0.0,0.0,0.0,0.0,0.0,0.0,0.0,0.0,0.0,0.7313018743433238,0.010303831855837772,0.0,0.0,0.0,0.0
TARGET.20.PAWSKR.09A,0.0,0.0,0.0,0.0,0.0,0.0,0.0,0.04382547978726107,0.10512991742974068,0.0,0.0,0.0,0.0,0.0,0.35324415620944455,0.07607818326370093,0.008009773086189411,0.0,0.0,0.13286753299648116,0.0,0.011394214754828318,0.0,0.0,0.0,0.2694507424723538,0.0,0.0,0.0,0.0
TARGET.20.PAULWG.09A,0.0,0.0,0.0,0.0,0.0,0.0,0.0,0.09056492726609677,0.086412171557007,0.0,0.0,0.0,0.0,0.0,0.16489581171785947,0.27794596209809586,0.0,0.0,0.04635676541404056,0.15787219862567056,0.0,0.01127083863434358,0.0,0.0,0.0,0.1646813246868862,0.0,0.0,0.0,0.0
TARGET.20.PAWITY.09A,0.0,0.20910008866617996,0.0,0.0,0.0,0.0,0.0,0.02686081837392662,0.18366333190207784,0.0,0.0,0.0,0.0,0.0,0.1202791740719593,0.3966827408051443,0.0,0.0,0.0,0.0,0.0,0.002289882259349351,0.0,0.0,0.0,0.06112396392136266,0.0,0.0,0.0,0.0
TARGET.20.PAWNGI.09A,0.0,0.0,0.0,0.09410652043250647,0.0,0.0,0.0,0.04413212639075358,0.026880890042266514,0.0,0.0,0.0,0.0,0.0,0.07489507952290786,0.5720893023956334,0.0,0.0,0.002827069443460628,0.018185806782901156,0.0,0.003927844400609417,0.0,0.0,0.0,0.16295536058896096,0.0,0.0,0.0,0.0
TARGET.20.PAXIKL.09A,0.0,0.0,0.0,0.0,0.01295345278773388,0.0,0.0,0.043369373479121426,0.1687618773435832,0.0,0.0,0.0,0.0,0.0,0.1784692911346991,0.2825284248153026,0.0,0.0,0.0,0.0,0.04287443447641399,0.011284552808705828,0.0,0.0,0.0,0.25975859315444,0.0,0.0,0.0,0.0
TARGET.20.PAUWPW.09A,0.028921426434422165,0.040383849676318063,0.0,0.0,0.07961540307121312,0.0,0.0,0.043081024046674216,0.18206585138275752,0.0,0.0,0.0,0.0,0.0,0.0,0.4964716258478602,0.0,0.0,0.0,0.0,0.0,0.011620642897234672,0.0,0.0,0.0016428292077563275,0.0,0.0,0.0,0.1161973474357636,0.0
TARGET.20.PAUWYG.09A,0.0,0.037340909555915194,0.0,0.0,0.0,0.0,0.0,0.0,0.1448450768861735,0.0,0.0,0.0,0.0,0.0,0.15390427282920355,0.3151634176432147,0.0,0.0,0.010896333925098742,0.0,0.05781208463203558,0.008963758045393778,0.0,0.0,0.0,0.27107414648296496,0.0,0.0,0.0,0.0
TARGET.20.PARXFJ.09A,0.0,0.4276079474335028,0.0,0.0,0.0,0.0,0.0,0.003979678250844503,0.001853300787709552,0.0,0.0,0.0,0.04386490386044027,0.0,0.29224078101903966,0.0,0.0,0.0,0.0,0.0,0.0,0.0,0.0,0.0,0.0,0.23045338864846326,0.0,0.0,0.0,0.0
TARGET.20.PAVTRU.09A,0.0,0.0,0.0,0.24770501649316187,0.0,0.0,0.0,0.0,0.0,0.0,0.0,0.0,0.0,0.0,0.0,0.7522949835068381,0.0,0.0,0.0,0.0,0.0,0.0,0.0,0.0,0.0,0.0,0.0,0.0,0.0,0.0
TARGET.20.PASSBI.09A,0.044880580801644435,0.0,0.0,0.0,0.04919933751268065,0.0,0.0,0.08975125663833435,0.1986546604699971,0.0,0.0,0.0,0.0,0.0,0.23329934325506524,0.3096299425076429,0.0,0.0,0.0,0.025947121089899616,0.0,0.0033120966172122384,0.004517298707867324,0.0,0.040808362399656156,0.0,0.0,0.0,0.0,0.0
TARGET.20.PAWURP.09A,0.0,0.0,0.0,0.0,0.0,0.0,0.0,0.8376662744249822,0.0,0.0,0.0,0.0,0.0,0.0,0.0,0.0630148353541118,0.0,0.0,0.0019061592403494005,0.09741273098055667,0.0,0.0,0.0,0.0,0.0,0.0,0.0,0.0,0.0,0.0
TARGET.20.PAWWWE.09A,0.0,0.05131374446368422,0.0,0.0,0.0,0.0,0.0,0.08309051471107172,0.5532634683811949,0.0,0.0,0.0,0.0,0.0,0.22134412452779711,0.0,0.0,0.0,0.0,0.09098814791625218,0.0,0.0,0.0,0.0,0.0,0.0,0.0,0.0,0.0,0.0
TARGET.20.PAWBUN.09A,0.0,0.0,0.0,0.0,0.0,0.0,0.0,0.11753866085173036,0.13546201234063557,0.0,0.0,0.0,0.0,0.0,0.027481827694552076,0.5860275707992069,0.0,0.0,0.0,0.0,0.0,0.002295566885048692,0.0,0.0,0.0,0.13119436142882648,0.0,0.0,0.0,0.0
TARGET.20.PAUYWJ.09A,0.0,0.0,0.016938649724326335,0.0,0.008695382094524633,0.0,0.0,0.06611362915655192,0.12396832339447729,0.0,0.0,0.0,0.0,0.0,0.10274397035627242,0.4052518021430425,0.0,0.0,0.0024449298589159286,0.0,0.0,0.0039811955611848415,0.0,0.0,0.0,0.2698621177107042,0.0,0.0,0.0,0.0
TARGET.20.PAPBEJ.09A,0.0,0.0,0.0,0.0,0.01614803693200359,0.0,0.0,0.2108598768720107,0.46360872790920205,0.0,0.0,0.0,0.0,0.0,0.13161889899830334,0.007895551389843354,0.0,0.0,0.0,0.004674330946929887,0.0,0.002169468982907384,0.0,0.0,0.0,0.16302510796879977,0.0,0.0,0.0,0.0
TARGET.21.PATISD.09A,0.0,0.0,0.0,0.0,0.0,0.0,0.0,0.0,0.01731915615406886,0.0,0.0,0.0,0.04435684575657132,0.0,0.0,0.0,0.07719465120147813,0.39856698700944976,0.0,0.0,0.0,0.0,0.0,0.06782487413373668,0.0,0.3947374857446953,0.0,0.0,0.0,0.0
TARGET.20.PASYDC.09A,0.0,0.15368749898021059,0.0,0.0,0.0,0.0,0.0,0.0,0.23272036104209282,0.0,0.0,0.0,0.0,0.0,0.0,0.12214679630133243,0.1108246874345302,0.0,0.168066594747273,0.0,0.08005881783691407,0.005739413063748808,0.0,0.051507466637378596,0.0,0.07524836395651952,0.0,0.0,0.0,0.0
TARGET.20.PAYHIY.Unsorted.09A,0.0,0.003160206166436456,0.0,0.0,0.04190710580825847,0.0,0.0,0.08075253703642465,0.06860369415852562,0.0,0.0,0.0,0.0,0.0,0.2916464074805729,0.19185847604909934,0.0,0.0,0.0,0.03451836908275711,0.0,0.004720119226997172,0.0,0.0,0.0,0.28283308499092824,0.0,0.0,0.0,0.0
TARGET.20.PAWNLU.09A,0.0,0.0,0.0,0.0,0.0,0.0,0.0,0.022126177151238477,0.03918066451104296,0.0,0.0,0.0,0.0,0.0,0.10712722850980584,0.3007688535066971,0.0,0.0,0.0,0.0,0.11538274487631252,0.0393221336995736,0.0,0.0,0.0,0.37609219774532954,0.0,0.0,0.0,0.0
TARGET.20.PAVJPL.09A,0.0,0.0,0.0,0.0,0.0,0.0,0.0,0.11710555654945438,0.0,0.0,0.0,0.0,0.0,0.0,0.0,0.3517854031190836,0.0,0.0,0.029675986887460988,0.0773068279051282,0.0,0.2829216124405703,0.0,0.0,0.0,0.14120461309830262,0.0,0.0,0.0,0.0
TARGET.20.PAWTWW.09A,0.0,0.0,0.0,0.07231591169431144,0.0,0.0,0.0,0.10870001565499499,0.0520792271391085,0.0,0.0,0.0,0.0,0.0,0.0,0.5071872196423686,0.0,0.0,0.008676639657823388,0.2103582004299497,0.0,0.04068278578144348,0.0,0.0,0.0,0.0,0.0,0.0,0.0,0.0
TARGET.20.PAVGAM.09A,0.0,0.0,0.0,0.0,0.0,0.0,0.0,0.08060893104470787,0.301918550436622,0.0,0.0,0.0,0.0,0.0,0.01481827937673574,0.3011339415820525,0.0,0.0,0.0,0.06019727495892723,0.0,0.12722140999619086,0.0,0.0,0.0,0.11410161260476372,0.0,0.0,0.0,0.0
TARGET.20.PANLXM.09A,0.0,0.04653510185181132,0.0,0.0,0.0,0.0,0.0,0.09326598843954417,0.3157391115027498,0.0,0.0,0.0,0.0,0.048625946382571714,0.03542570416870501,0.22730284072868595,0.0,0.0,0.014054730351162467,0.10745544913470596,0.0,0.002374151856213419,0.0,0.0,0.0,0.10922097558385015,0.0,0.0,0.0,0.0
TARGET.20.PAXIEP.09A,0.0,0.0,0.0,0.0,0.0,0.0,0.0,0.0311043906002807,0.0953856678344207,0.0,0.0,0.0,0.0,0.0,0.2835142156270038,0.30865895956139133,0.0,0.0,0.008759535625721538,0.0,0.0,0.000643079097974783,0.0,0.0,0.0,0.2719341516532072,0.0,0.0,0.0,0.0
TARGET.20.PAWAIG.09A,0.0,0.0,0.0,0.0,0.10501578309624639,0.0,0.0,0.09331968795090399,0.03498960671618804,0.0,0.0,0.0,0.0,0.0,0.20896461101216687,0.4097043590443221,0.0,0.0,0.0009596692725112391,0.0,0.0,0.00192724573448617,0.0,0.0,0.0,0.14511903717317515,0.0,0.0,0.0,0.0
TARGET.20.PAPUNR.09A,0.0,0.0,0.0,0.0,0.0,0.0,0.0,0.02920009233600321,0.5963495856935306,0.0,0.0,0.0,0.0,0.0,0.0,0.17545174695318458,0.0,0.0,0.0,0.05432302170046141,0.0,0.004379360193079898,0.10327030685115669,0.0,0.03702588627258356,0.0,0.0,0.0,0.0,0.0
TARGET.20.PARHYP.09A,0.0,0.0,0.0,0.0,0.03138572474143152,0.0,0.0,0.04464356188112011,0.1646522268900776,0.0,0.0,0.0,0.0,0.0,0.19103834165722589,0.10295850320152229,0.0,0.0,0.005874453524303531,0.0,0.21718883991279123,0.007314773143996828,0.0,0.0,0.0,0.23494357504753102,0.0,0.0,0.0,0.0
TARGET.20.PAVSIZ.09A,0.0,0.0,0.0,0.0,0.0,0.0,0.0,0.13637867664291936,0.12320482576030496,0.0,0.0,0.0,0.0,0.0,0.0,0.32431750373246854,0.0,0.0,0.0,0.0,0.0,0.012216408879532195,0.06335290526284715,0.0,0.09763047307670433,0.017864678585982355,0.0,0.0,0.2250345280592412,0.0
TARGET.20.PATESX.09A,0.0,0.0,0.0,0.0,0.0,0.0,0.0,0.33755900800319516,0.305921356659432,0.0,0.0,0.0,0.0,0.0,0.19789542695734144,0.0,0.0,0.0,0.0,0.1586242083800315,0.0,0.0,0.0,0.0,0.0,0.0,0.0,0.0,0.0,0.0
TARGET.20.PAYHTI.Sorted.non.leukemic.09A,0.0,0.0,0.0,0.0,0.0,0.0,0.0,0.017199477163259244,0.6698728354354427,0.0,0.0,0.0,0.0,0.0,0.0,0.17227759186327654,0.0,0.0,0.0,0.0,0.0,0.14065009553802138,0.0,0.0,0.0,0.0,0.0,0.0,0.0,0.0
TARGET.20.PARUWX.09A,0.0,0.0558592671332465,0.0,0.17180571249828544,0.0,0.0,0.0,0.0,0.29350484035513413,0.0619752615708564,0.0,0.0,0.0,0.0,0.0,0.13017316049188216,0.0,0.0,0.0,0.0,0.15540453545534683,0.0,0.0,0.0,0.10526348884055008,0.0,0.026013733654698574,0.0,0.0,0.0
TARGET.21.PAMYMA.09A,0.0,0.0,0.061610008617475544,0.0,0.0,0.0,0.0,0.022021812338585016,0.04036007741306351,0.0,0.0,0.0,0.0,0.0,0.0,0.0,0.0,0.00029230061297281715,0.0,0.04530225587173154,0.16595353268237825,0.05676762443057431,0.0,0.09885617321284283,0.017513365839223596,0.48561384578409744,0.0,0.0,0.0,0.00570900319705511
TARGET.20.PAWMIX.09A,0.0,0.0,0.0,0.0,0.0,0.0,0.0,0.0,0.9626232707077678,0.0,0.0,0.0,0.0,0.0,0.0,0.0,0.0,0.0,0.0,0.0,0.0,0.03737672929223222,0.0,0.0,0.0,0.0,0.0,0.0,0.0,0.0
TARGET.20.PARXBT.09A,0.0,0.3742809627035918,0.0,0.0,0.0,0.0,0.0,0.0199280905538765,0.036353498554848054,0.0,0.0,0.0,0.0,0.0,0.006369449396784828,0.24919209721346453,0.0,0.0,0.030804855488819054,0.00393224841131154,0.19919590664083883,0.013182056365620263,0.0,0.0,0.0,0.06676083467084472,0.0,0.0,0.0,0.0
TARGET.20.PAYETG.09A,0.0,0.0,0.0,0.10576868876033316,0.0,0.0,0.0,0.0,0.0,0.0,0.0,0.0,0.0,0.0,0.0,0.8675332176547857,0.0,0.0,0.003312028144130205,0.0,0.0,0.0233860654407509,0.0,0.0,0.0,0.0,0.0,0.0,0.0,0.0
TARGET.20.PATGHV.09A,0.0,0.0,0.0,0.0,0.02341514913682541,0.0,0.0,0.06178449584286972,0.07236680547212594,0.0,0.0,0.0,0.0,0.0,0.15286933115489668,0.3904686801788977,0.0,0.0,0.002622817171184608,0.0,0.0,0.0020501939296682344,0.0,0.03128167098529918,0.0,0.26314085612823246,0.0,0.0,0.0,0.0
TARGET.20.PAXDNI.09A,0.0,0.0,0.0,0.0,0.0,0.0,0.0,0.07573961195872937,0.09566088270344109,0.0,0.0,0.0,0.0,0.0,0.23071016230514055,0.0,0.0,0.0,0.0,0.0,0.0,0.021362520956430157,0.0,0.0,0.30332243641724993,0.27320438565900884,0.0,0.0,0.0,0.0
TARGET.20.PAWFBA.09A,0.0,0.0,0.0,0.0,0.0,0.0,0.0,0.12881373380792183,0.1452176724258029,0.0,0.0,0.0,0.0,0.0,0.0,0.42155417521129823,0.0,0.0,0.0,0.0,0.0,0.0,0.12259276761756244,0.0,0.17118836800971135,0.0,0.0,0.0,0.010633282927703209,0.0
TARGET.20.PAETAY.09A,0.0,0.0,0.0,0.0,0.0,0.0,0.0,0.15283988843130758,0.5570678911729174,0.0,0.0,0.0,0.0,0.0,0.026099104649603813,0.0,0.0,0.0,0.0,0.0,0.0,0.0,0.0,0.0,0.0,0.26399311574617124,0.0,0.0,0.0,0.0
TARGET.20.PARDDA.09A,0.0,0.0,0.0,0.0,0.0,0.0,0.0,0.00898455297739142,0.08548746940097365,0.0,0.0,0.0,0.0,0.0,0.009694824607193526,0.16365192293665023,0.0,0.0,0.0,0.0,0.3046633424921365,0.0,0.0,0.0,0.0,0.4110480691484229,0.0,0.0,0.016469818437231637,0.0
TARGET.20.PABLDZ.09A,0.0,0.0,0.0,0.0,0.0,0.0,0.0,0.0,0.3056060375364097,0.0,0.0,0.0,0.0,0.0,0.19434808048391009,0.08879351082507475,0.0,0.0,0.0,0.0,0.0,0.0,0.041854743097480177,0.0,0.0,0.21041910675162065,0.0,0.0,0.15897852130550472,0.0
TARGET.20.PARENB.09A,0.0,0.2516298814136263,0.0,0.0,0.0,0.0,0.0,0.05111581058068883,0.14098040311687254,0.0,0.0,0.0,0.0,0.0,0.0,0.13648360583452934,0.0,0.0,0.019042425001461392,0.0,0.38015927303342967,0.00276481653938665,0.0,0.0,0.0,0.017823784480005333,0.0,0.0,0.0,0.0
TARGET.20.PARXZP.09A,0.0,0.0,0.0,0.0,0.0,0.0,0.0,0.09399532201834715,0.31643870006464375,0.0,0.0,0.0,0.0,0.0,0.0,0.11525920300361751,0.0,0.0,0.0,0.06003911331254041,0.0,0.03276477942280816,0.0,0.0,0.20758645016006116,0.17391643201798182,0.0,0.0,0.0,0.0
TARGET.20.PAVLZE.09A,0.0,0.06151720003355503,0.0,0.0,0.10480152824845623,0.0,0.0,0.045391477564751495,0.07707414599741556,0.0,0.0,0.0,0.0,0.0,0.15943310955369253,0.3523732494369895,0.0,0.0,0.000961037650119384,0.0,0.10231239257848798,0.00833979775084958,0.0,0.0,0.0,0.0877960611856828,0.0,0.0,0.0,0.0
TARGET.20.PAUSMT.09A,0.0,0.0,0.0,0.027715698021857787,0.0,0.0,0.0,0.07511802350857766,0.14658172179313098,0.0,0.0,0.0,0.0,0.0,0.3354061753186608,0.39216803177229237,0.0,0.0,0.02272734256662033,0.0,0.0,0.00028300701886015296,0.0,0.0,0.0,0.0,0.0,0.0,0.0,0.0
TARGET.20.PAXJNP.09A,0.0,0.0,0.0,0.0,0.0,0.0,0.0,0.005397312667131159,0.2195469514149866,0.0,0.0,0.0,0.0,0.0,0.1308191640540035,0.20995712283162327,0.0,0.15150969457192354,0.0,0.0,0.0,0.004882696835977852,0.0,0.022271158723506358,0.0,0.2556158989008478,0.0,0.0,0.0,0.0
TARGET.20.PAULIY.09A,0.0,0.0,0.0,0.0,0.0,0.0,0.0,0.04109342972967147,0.4092755254906368,0.0,0.0,0.0,0.0,0.0,0.04820556228238075,0.35875285362899273,0.0,0.0,0.0,0.0,0.0,0.006712113508197359,0.0,0.0,0.09640014374371787,0.03956037161640295,0.0,0.0,0.0,0.0
TARGET.20.PAUVSU.09A,0.0,0.0,0.0,0.3836336747434892,0.0,0.0,0.0,0.0,0.0,0.0,0.0,0.0,0.0,0.0,0.0,0.42803032597798385,0.0,0.0,0.01650853115622527,0.0,0.0,0.003581261196532911,0.0,0.0,0.16824620692576886,0.0,0.0,0.0,0.0,0.0
TARGET.20.PABYKP.09A,0.0,0.0,0.005717326444961668,0.0,0.007844646547042707,0.0,0.0,0.0593339354846382,0.5173632184610117,0.0,0.0,0.0,0.0,0.0,0.02937473446517119,0.1993076937416285,0.0,0.0,0.0,0.0,0.0,0.0017172615740885604,0.0,0.0,0.0,0.17934118328145748,0.0,0.0,0.0,0.0
TARGET.20.PARPVZ.09A,0.0,0.0,0.0,0.0,0.04358602413692105,0.0,0.0,0.02879533873220098,0.24129953792264092,0.0,0.0,0.0,0.0,0.0,0.14113928620438396,0.47872719252194973,0.0,0.0,0.024600309989521427,0.0,0.0,0.0030386190674388364,0.0,0.0,0.03881369142494333,0.0,0.0,0.0,0.0,0.0
TARGET.20.PANVBP.09A,0.0,0.17053884596449645,0.0,0.0,0.0,0.0,0.0,0.14078882938219153,0.15390542095504312,0.0,0.0,0.0,0.0,0.0,0.3087946195870584,0.03408447744097694,0.0,0.0,0.0,0.0,0.0,0.0,0.0,0.0,0.0,0.19188780667023358,0.0,0.0,0.0,0.0
TARGET.20.PAWRNZ.09A,0.0,0.0,0.0,0.34216489021516294,0.0,0.0,0.0,0.09514813514763427,0.0,0.0,0.0,0.0,0.0,0.0,0.01678049076934658,0.5308990152964961,0.0,0.0,0.015007468571360157,0.0,0.0,0.0,0.0,0.0,0.0,0.0,0.0,0.0,0.0,0.0
TARGET.20.PANDIX.09A,0.0,0.0,0.0,0.0,0.0,0.0,0.0,0.010720752886956205,0.33105907965353165,0.0,0.0,0.0,0.0,0.0,0.0,0.2666062737707239,0.0,0.0,0.0,0.0,0.0,0.0029674581641583064,0.04156415624656397,0.0,0.13080840444334824,0.0,0.0,0.0,0.2162738748347178,0.0
TARGET.20.PATDIC.09A,0.0,0.015808388013716958,0.0,0.0,0.11006709870099775,0.0,0.0,0.013529946143226364,0.0688733825945111,0.0,0.0,0.0,0.0,0.0,0.0,0.2798604077532025,0.0,0.09927822466349258,0.0,0.0,0.17197669731373236,0.0024257424963364657,0.0,0.0,0.0,0.2104285840893491,0.0,0.0,0.027751528231434685,0.0
TARGET.20.PARBIU.09A,0.0,0.0,0.0,0.0,0.0,0.0,0.0,0.0,0.0,0.0,0.0,0.0,0.0005062081034011075,0.07302377438805167,0.0,0.2182308928676584,0.30546038569564554,0.0,0.0,0.028391984502875743,0.0,0.0,0.0,0.22633516186266556,0.0016121809695147722,0.0,0.0,0.0,0.14643941161018711,0.0
TARGET.20.PAWEAD.09A,0.0,0.0,0.0,0.0,0.06248711165760473,0.0,0.0,0.021271719166808763,0.21272208919478738,0.0,0.0,0.0,0.0,0.0,0.0,0.6763022162143056,0.0,0.0,0.0,0.0,0.0,0.004908900510285005,0.0,0.0,0.022307963256208544,0.0,0.0,0.0,0.0,0.0
TARGET.20.PAEAFC.09A,0.0,0.0,0.04130676440779858,0.12740428664250011,0.0,0.0,0.0,0.07347668042780606,0.250313440987033,0.0,0.0,0.0,0.0,0.0,0.0,0.3589691603819149,0.0,0.0,0.0,0.0,0.0,0.0024467049227516863,0.0,0.0,0.06576659879411882,0.08031636343607666,0.0,0.0,0.0,0.0
TARGET.20.PAWVNC.09A,0.0,0.0,0.0,0.0,0.0,0.0,0.0,0.1261801135729013,0.18387141831545123,0.0,0.0,0.0,0.0,0.0,0.5912521728962398,0.09869629521540776,0.0,0.0,0.0,0.0,0.0,0.0,0.0,0.0,0.0,0.0,0.0,0.0,0.0,0.0
TARGET.20.PAUWEW.09A,0.0,0.07475305479850765,0.0,0.0,0.00620656658318751,0.0,0.0,0.0,0.24427413017793537,0.0,0.0,0.0,0.0,0.0,0.0,0.5062369325025335,0.0,0.0,0.028466383198659358,0.0,0.0,0.013744125727918619,0.0,0.0,0.0,0.0,0.0,0.0,0.1263188070112579,0.0
TARGET.20.PAWYEK.09A,0.0,0.0,0.0,0.0,0.0,0.0,0.0,0.03867523549127216,0.0,0.0,0.0,0.0,0.0,0.0,0.047978659512236004,0.37021420644766156,0.09275474627984764,0.0,0.0,0.0,0.0,0.0,0.0,0.17824750967473355,0.0,0.272129642594249,0.0,0.0,0.0,0.0
TARGET.20.PAWDVC.09A,0.0,0.0,0.0,0.0,0.0,0.0,0.0,0.1431749397541446,0.007738788908825386,0.0,0.0,0.0,0.0,0.0,0.045935570096087036,0.5681222212917709,0.0,0.0,0.01522028590238198,0.03429947936676722,0.0,0.0034070340695331117,0.01140615390006679,0.0,0.0,0.17069552671042304,0.0,0.0,0.0,0.0
TARGET.20.PAXMPW.09A,0.0,0.0,0.0,0.0,0.0,0.0,0.0,0.03764741122197917,0.18306424550965522,0.0,0.0,0.0,0.0,0.0,0.0,0.6572506608144154,0.0,0.0,0.02473618188809764,0.0,0.0,0.0,0.0,0.0,0.09730150056585267,0.0,0.0,0.0,0.0,0.0
TARGET.20.PAUVWF.09A,0.0,0.0,0.0,0.40540122676455964,0.0,0.0,0.0,0.0,0.0,0.0,0.0,0.0,0.0,0.0,0.0,0.4431104437649193,0.0,0.0,0.03210185284670724,0.0,0.0,0.003046500791534473,0.0,0.0,0.11633997583227945,0.0,0.0,0.0,0.0,0.0
TARGET.20.PAWTRR.09A,0.0,0.0,0.0,0.0,0.0,0.0,0.0,0.0,0.5238371001197704,0.0,0.0,0.0,0.0,0.0,0.0,0.35381849555587025,0.0,0.0,0.0,0.0,0.0,0.054442870376273676,0.015668557246055252,0.0,0.0,0.0,0.0,0.0,0.05223297670203042,0.0
TARGET.20.PANJGR.09A,0.0,0.08108671302470058,0.0,0.0,0.0,0.0,0.0,0.0,0.0,0.0,0.0,0.0,0.09780193173032985,0.0,0.0,0.0,0.0,0.0,0.0,0.0,0.29914780191106266,0.0,0.0,0.19002291242235458,0.0,0.33194064091155234,0.0,0.0,0.0,0.0
TARGET.20.PAVMGM.09A,0.0,0.0,0.0,0.0,0.0,0.0,0.0,0.05332064280310159,0.13364565760791985,0.0,0.0,0.0,0.0,0.0,0.11056085179168892,0.3978814341397849,0.0,0.0,0.025887017764943277,0.0,0.03090413820078563,0.03464037133396195,0.0,0.0,0.0,0.21315988635781394,0.0,0.0,0.0,0.0
TARGET.20.PAWHXI.09A,0.0,0.08951250802171687,0.0,0.0,0.0,0.0,0.0,0.051233487911821335,0.04234552433897393,0.0,0.0,0.0,0.0,0.0,0.4259430037308569,0.3599764630633215,0.0,0.0,0.0,0.0,0.0,0.0,0.0,0.0,0.0,0.030989012933309606,0.0,0.0,0.0,0.0
TARGET.20.PAXGPE.09A,0.0,0.024542577238879815,0.0,0.0,0.0034088442407657644,0.0,0.0,0.05806252360518291,0.13660394089802538,0.0,0.0,0.0,0.0,0.0,0.23110379329376657,0.5200190419587596,0.0,0.0,0.0003782369365566368,0.0,0.0,0.0,0.0,0.0,0.02588104182806336,0.0,0.0,0.0,0.0,0.0
TARGET.20.PAWYVR.09A,0.0,0.0,0.0,0.0,0.0,0.0,0.0,0.007838881552839507,0.039482730541211285,0.0,0.0,0.0,0.0,0.0,0.0,0.8844453533807998,0.0,0.0,0.0,0.0,0.0,0.0038331591695960725,0.0,0.0,0.06439987535555343,0.0,0.0,0.0,0.0,0.0
TARGET.20.PALBCI.09A,0.0,0.0,0.016470382707314418,0.0,0.024766434817924354,0.0,0.0,0.043482109880020145,0.2766715514757941,0.0,0.0,0.0,0.0,0.0,0.0,0.283322506198165,0.0,0.0,0.0,0.0,0.17272072478407394,0.004016578002299691,0.0,0.0,0.0892043824933278,0.08934532964108048,0.0,0.0,0.0,0.0
TARGET.20.PAXMAD.09A,0.0,0.020667075879473765,0.012349419442731591,0.0,0.0,0.0,0.0,0.022282288406307325,0.13082257336351258,0.0,0.0,0.0,0.0,0.0,0.13930655019529492,0.2253699216583604,0.0,0.0,0.012049380492450036,0.0,0.15242222521700322,0.02120532231585562,0.0,0.0,0.0,0.2635252430290104,0.0,0.0,0.0,0.0
TARGET.20.PAYKSD.Sorted.CD34neg.Lymphoid.09A,0.0,0.0,0.0,0.0,0.0,0.0,0.0,0.13521402306001234,0.0,0.0,0.0,0.0,0.0,0.0,0.508487059160601,0.344526785349548,0.0,0.0,0.01177213242983868,0.0,0.0,0.0,0.0,0.0,0.0,0.0,0.0,0.0,0.0,0.0
TARGET.20.PARDLW.09A,0.0,0.0,0.0,0.0,0.0,0.0,0.0,0.034023944231300965,0.3649523244374902,0.0,0.0,0.0,0.0,0.0,0.003341310961758123,0.1621486380820105,0.0,0.0,0.0,0.008248813336517575,0.0,0.0029626084564363573,0.0,0.0,0.0,0.42432236049448635,0.0,0.0,0.0,0.0
TARGET.20.PANKFG.09A,0.0,0.0,0.0021511397793320727,0.0,0.04246414406939769,0.0,0.0,0.12671461972141537,0.22019304598919326,0.0,0.0,0.0,0.0,0.0,0.06640266995112873,0.22081122384238158,0.0,0.0,0.015937479988130374,0.0,0.0044311923040431115,0.005446416530803052,0.0,0.0,0.014625063425116802,0.28082300439905794,0.0,0.0,0.0,0.0
TARGET.20.PAEREM.09A,0.0,0.0,0.0,0.0,0.0,0.0,0.0,0.1551237602448884,0.060643472567022946,0.0,0.0,0.0,0.0,0.0,0.10255759816129532,0.3789452705440324,0.0,0.0,0.0,0.07852350294886147,0.0,0.003922162774864123,0.0,0.0,0.0,0.22028423275903536,0.0,0.0,0.0,0.0
TARGET.20.PANTNA.09A,0.0,0.5797876364842556,0.0,0.0,0.0,0.0,0.0,0.04867614386819911,0.10348781169390246,0.0,0.0,0.0,0.0,0.0,0.0,0.18833025882345622,0.0,0.0,0.03575782669417608,0.0,0.0,0.03186161477398411,0.0,0.0,0.0,0.01209870766202651,0.0,0.0,0.0,0.0
TARGET.20.PAWZHY.09A,0.0,0.0,0.0,0.0,0.0,0.0,0.0,0.041648287397094544,0.463571516035501,0.0,0.0,0.0,0.0,0.0,0.14016734019148877,0.18199075324709135,0.0,0.0,0.026754640616774954,0.04533823878263057,0.0,0.04368847072178254,0.0,0.0,0.0,0.056840753007636205,0.0,0.0,0.0,0.0
TARGET.20.PAWDTX.09A,0.0,0.0,0.0,0.0,0.0,0.0,0.0,0.058322774308142825,0.006747915369431327,0.0,0.0,0.0,0.0,0.0,0.16665452963702163,0.5052229169776564,0.0,0.07575970159823568,0.004789259342345717,0.0,0.0,0.0,0.0,0.0,0.0,0.1825029027671665,0.0,0.0,0.0,0.0
TARGET.20.PAWGAZ.09A,0.0,0.0,0.0,0.0,0.0,0.0,0.0,0.03441315109305884,0.14887511098199713,0.0,0.0,0.0,0.0,0.0,0.21246664791414782,0.38408406941816636,0.0,0.0,0.013927202262686577,0.0,0.0,0.08570702155398184,0.0,0.0,0.0,0.12052679677596133,0.0,0.0,0.0,0.0
TARGET.20.PAWZZS.09A,0.0,0.0,0.0,0.0,0.0,0.0,0.0,0.060785038101289886,0.22539483064828986,0.0,0.0,0.0,0.0,0.0,0.21389522482433027,0.29166360192215185,0.0,0.0,0.0,0.0,0.0,0.014060242426162302,0.0,0.0,0.0,0.19420106207777582,0.0,0.0,0.0,0.0
TARGET.20.PAVNYE.09A,0.0,0.0,0.0,0.0,0.0,0.0,0.0,0.07790830137369563,0.0,0.0,0.0,0.0,0.0,0.0,0.0,0.5207621048521008,0.0,0.0,0.01852590809528103,0.0,0.0,0.014214715943648797,0.1614446834288864,0.0,0.0,0.0,0.0,0.0,0.20714428630638715,0.0
TARGET.20.PAPUSR.09A,0.0,0.0,0.0,0.0,0.0,0.0,0.0,0.022210348397461808,0.1440459623746695,0.0,0.0,0.0,0.06453245692522902,0.0,0.00029806981922353735,0.14880667030610978,0.07242863457173217,0.0,0.0,0.007752675345632256,0.12927180602539146,0.0,0.0,0.08794466044188654,0.09478160695243468,0.2279271088402292,0.0,0.0,0.0,0.0
TARGET.20.PAXAKF.09A,0.0,0.0,0.0,0.0,0.0,0.0,0.0,0.0,0.21595820422441364,0.0,0.0,0.0,0.0,0.04977648212137586,0.0,0.45868614647848543,0.0,0.0,0.010695005510775412,0.0,0.0,0.0,0.0,0.0,0.26488416166494966,0.0,0.0,0.0,0.0,0.0
TARGET.20.PAVUAP.09A,0.0,0.06367255308558811,0.0,0.0,0.0,0.0,0.0,0.012860965790740671,0.19160568712540632,0.002959242146153354,0.0,0.0,0.0,0.0,0.0,0.29171696039502376,0.0,0.0,0.0003626170626945182,0.0,0.0,0.012971757596546481,0.0,0.0,0.0106516422813233,0.0,0.0,0.0,0.41319857451652336,0.0
TARGET.20.PAXKAL.09A,0.0,0.0,0.0,0.0,0.0,0.0,0.0,0.07328468179429326,0.23470551393755984,0.001048845997621426,0.0,0.0,0.0,0.0,0.0,0.3911239131421816,0.0,0.0,0.0,0.2094460341336941,0.0,0.009555420452638588,0.0,0.0,0.03752678242641058,0.0,0.04330880811560063,0.0,0.0,0.0
TARGET.20.PARWDZ.09A,0.0,0.0,0.0,0.0,0.12587171044998582,0.11401452541190349,0.0,0.1270633654754333,0.29581660960684397,0.0,0.0,0.0,0.0,0.0,0.024097121392030237,0.2607947726445132,0.0,0.0,0.01093618311359688,0.0,0.0,0.018547196923780852,0.0,0.0,0.02285851498191234,0.0,0.0,0.0,0.0,0.0
TARGET.20.PAVGEV.09A,0.02936182456975533,0.0,0.0,0.0,0.02244594573493412,0.0,0.0,0.10295319419490281,0.08033124552605188,0.0,0.0,0.0,0.0,0.0,0.32673206398177435,0.1682727101431612,0.0,0.0,0.0029364534481380743,0.15039208641997404,0.0,0.01223525431012037,0.0,0.0,0.0,0.1043392216711878,0.0,0.0,0.0,0.0
TARGET.20.PAWVNP.09A,0.0,0.0,0.0,0.0,0.0,0.0,0.0,0.043680405096580825,0.08445782242932036,0.0,0.0,0.0,0.0,0.0,0.0,0.7232140225362611,0.0,0.0,0.000271503294494813,0.017365384025234527,0.0,0.019388096519494948,0.02215382980156634,0.0,0.0,0.01036121888102978,0.0,0.0,0.07910771741601713,0.0
TARGET.20.PAWLER.09A,0.0,0.0,0.0,0.0,0.0,0.0,0.0,0.06127009027968426,0.2892934203779317,0.0,0.0,0.0,0.0,0.0,0.050246199590325134,0.5979140244624547,0.0,0.0,0.0,0.0,0.0,0.001276265289604279,0.0,0.0,0.0,0.0,0.0,0.0,0.0,0.0
TARGET.20.PASCFW.09A,0.0,0.0,0.0,0.0,0.07428905871602558,0.0,0.0,0.19254978559329594,0.2942349566322119,0.0,0.0,0.0,0.0,0.0,0.34607566933941025,0.0,0.0,0.0,0.02303348012568322,0.005981027811943673,0.0,0.002913208735966537,0.0,0.0,0.0,0.06092281304546281,0.0,0.0,0.0,0.0
TARGET.20.PAVDBD.09A,0.0,0.0,0.0,0.0743269922660679,0.0,0.01769030714324809,0.0,0.04119232718938525,0.0,0.0,0.07785895647184239,0.0,0.0,0.0,0.0,0.5495732604653296,0.0,0.0,0.02837254785798341,0.0,0.0,0.004570037246563556,0.04560032610473473,0.0,0.1608152452548451,0.0,0.0,0.0,0.0,0.0
TARGET.20.PALATT.09A,0.0,0.0,0.0,0.11030710251844257,0.0,0.0,0.0,0.011250371643654517,0.3336524530565151,0.0,0.0,0.0,0.010852599786623455,0.0,0.008679017375641453,0.29936656224020125,0.02546222593374748,0.0,0.0,0.008091029769656291,0.0,0.002536358673590462,0.0,0.0,0.04118035775644873,0.1486219212454785,0.0,0.0,0.0,0.0
TARGET.20.PAXMRA.09A,0.0,0.0,0.0,0.0,0.0,0.0,0.0,0.02394110539875854,0.13155720928538986,0.0,0.0,0.0,0.0,0.0,0.0,0.6365825210069109,0.0,0.0,0.04851988497302046,0.0,0.0,0.010478269442487437,0.0,0.0,0.006261224037001179,0.14265978585643177,0.0,0.0,0.0,0.0
TARGET.20.PADZCG.09A,0.035839066068654106,0.0,0.0,0.07570034929067598,0.0,0.0,0.0,0.0,0.3053144428054248,0.0,0.0,0.0,0.0,0.0,0.0,0.35153023735939964,0.0,0.0,0.021414098755321718,0.0,0.0,0.041772756818883074,0.0,0.0,0.16842904890164065,0.0,0.0,0.0,0.0,0.0
TARGET.20.PAWDPD.09A,0.0,0.0,0.0,0.0,0.0,0.0,0.0,0.1173462778872958,0.06276287827131781,0.0,0.0,0.0,0.0,0.0,0.0,0.4081564562609716,0.0,0.0,0.03978313589466828,0.0,0.0,0.21295338064861238,0.0,0.0,0.0,0.15899787103713403,0.0,0.0,0.0,0.0
TARGET.20.PAXLDX.09A,0.0,0.0,0.0,0.0,0.0,0.0,0.0,0.04369565295293388,0.0,0.0,0.0,0.0,0.0,0.011208447015528665,0.0,0.2323461363959159,0.0,0.0,0.0,0.0,0.0,0.0,0.197072157548394,0.0,0.0,0.0,0.0,0.0,0.5156776060872276,0.0
TARGET.20.PALRKH.09A,0.0,0.07145951891745964,0.0,0.0,0.07239160140784474,0.0,0.0,0.34866020899855205,0.013238446738714578,0.0,0.0,0.0,0.0,0.0,0.35730809652148604,0.09297210209257539,0.0,0.0,0.011025627990342022,0.0,0.0,0.0,0.0,0.0,0.0,0.032944397333025524,0.0,0.0,0.0,0.0
TARGET.20.PAUSZL.09A,0.0,0.0,0.0,0.0,0.0,0.0,0.0,0.1283473947949451,0.0,0.0,0.0,0.0,0.0,0.0,0.0,0.5898500913999641,0.0,0.0,0.0,0.0,0.0,0.0,0.07073367082011578,0.0,0.211068842984975,0.0,0.0,0.0,0.0,0.0
TARGET.20.PAWGEM.09A,0.0,0.009430220361944823,0.0,0.0,0.03019440797961341,0.0,0.0,0.06912254520932458,0.03944617880581823,0.0,0.0,0.0,0.0,0.0,0.3455367278220267,0.31603359724251173,0.0,0.0,0.0,0.0,0.0,0.007930410916286912,0.0,0.0,0.0,0.1823059116624737,0.0,0.0,0.0,0.0
TARGET.20.PAVPJM.09A,0.0,0.0,0.0017517729502568777,0.0,0.02282520268403467,0.0,0.0,0.025154412560134298,0.3598531670592245,0.0,0.0,0.0,0.0,0.0,0.11171766236484343,0.36150587864605244,0.0,0.0,0.0,0.0,0.03485647357836842,0.006995730985157676,0.0,0.0,0.0,0.07533969917192766,0.0,0.0,0.0,0.0
TARGET.20.PASZUT.09A,0.008734862069090086,0.0,0.0,0.0,0.09991188668766092,0.0,0.0,0.06139002902718802,0.36056397279105307,0.0,0.0,0.0,0.0,0.0,0.007596107913368412,0.262761445382868,0.0,0.0,0.0,0.0,0.0,0.006477138074353283,0.0,0.0,0.1481478031737484,0.0,0.04441675488066994,0.0,0.0,0.0
TARGET.20.PADYMH.09A,0.0,0.0,0.0,0.1078075177664407,0.0,0.0,0.0,0.0,0.27099358426307746,0.0,0.0,0.0,0.0,0.0,0.0,0.2635717060184655,0.034131840927379885,0.0,0.0,0.007914835786362508,0.0,0.0,0.0,0.018858231811914664,0.0,0.29672228342635926,0.0,0.0,0.0,0.0
TARGET.20.PATILU.09A,0.0,0.07495311786159782,0.0,0.0,0.0,0.0,0.0,0.0898966037677948,0.11165538477415837,0.0,0.0,0.0,0.0,0.0,0.0,0.29162156324991273,0.0,0.0,0.006448002319496898,0.0,0.0,0.02348619912720053,0.03163263293195624,0.0,0.0020684194773292934,0.06884860980981783,0.0,0.0,0.29938946668073557,0.0
TARGET.20.PAVKEX.09A,0.0,0.0,0.0,0.0,0.0,0.0,0.0,0.14463668139325656,0.1122891045087548,0.0,0.0,0.0,0.0,0.0,0.15304735258686078,0.5900268615111277,0.0,0.0,0.0,0.0,0.0,0.0,0.0,0.0,0.0,0.0,0.0,0.0,0.0,0.0
TARGET.20.PAVKZH.09A,0.0,0.0,0.0,0.0,0.0,0.0,0.0,0.06603039821994541,0.32274710385539884,0.0,0.0,0.0,0.0,0.0,0.0,0.41452216637864053,0.0,0.0,0.008262870541080096,0.0,0.0,0.046050920891356824,0.0,0.0,0.0,0.043953943903102755,0.0,0.0,0.09843259621047558,0.0
TARGET.20.PAVLPL.09A,0.0,0.0,0.0,0.0,0.023066448075447235,0.0,0.0,0.03414573230302603,0.08117248127687067,0.0,0.0,0.0,0.0,0.0,0.07721077291201588,0.5096103431774412,0.0,0.0,0.003686584265221541,0.0,0.12852175744991193,0.0042418781363204195,0.0,0.0,0.0,0.138344002403745,0.0,0.0,0.0,0.0
TARGET.20.PARYEB.09A,0.0,0.0,0.0,0.0,0.0,0.0,0.0,0.016310605197467295,0.32907649746153134,0.0,0.0,0.0,0.0,0.0,0.17288275798175398,0.23668671928162277,0.0,0.0,0.0308677830563467,0.0,0.0,0.0007338556784340191,0.0,0.0,0.034341012693494315,0.1791007686493495,0.0,0.0,0.0,0.0
TARGET.20.PASNDA.09A,0.0,0.0,0.0,0.0,0.0,0.0,0.0,0.0,0.18463888823499763,0.0,0.0,0.0,0.0,0.0,0.0,0.0,0.0,0.0,0.7687243998087804,0.0,0.0,0.034432441697262735,0.0,0.0,0.012204270258959198,0.0,0.0,0.0,0.0,0.0
TARGET.20.PAWXSL.09A,0.0,0.0,0.0,0.0,0.0,0.0,0.0,0.15889717448235233,0.1955291045601678,0.0,0.0,0.0,0.0,0.0,0.12461140273924229,0.45170063325715065,0.0,0.0,0.003483246191242532,0.06577843876984445,0.0,0.0,0.0,0.0,0.0,0.0,0.0,0.0,0.0,0.0
TARGET.20.PAWVCG.09A,0.0,0.0,0.01466203818397495,0.0,0.05968285610096172,0.0,0.0,0.06820207565069755,0.1629044586681216,0.0,0.0,0.0,0.0,0.0,0.13246191762307816,0.24275699890189414,0.0,0.0,0.039802288550392195,0.020639187515880623,0.0,0.0037036948404323613,0.0,0.0,0.0364992627941587,0.218685221170408,0.0,0.0,0.0,0.0
TARGET.20.PAVTWM.09A,0.0,0.0,0.0,0.0,0.0,0.0,0.0,0.07883044744824275,0.2621778161964994,0.0,0.0,0.0,0.0,0.0,0.16443553900339297,0.2787326782629639,0.0,0.0,0.0,0.0,0.0,0.0037558244348166255,0.0,0.0,0.0,0.21206769465408426,0.0,0.0,0.0,0.0
TARGET.20.PAUUZT.09A,0.0,0.0,0.0,0.0,0.0,0.0,0.0,0.007509452992863454,0.0,0.0,0.0,0.0,0.0,0.0,0.0,0.5577220896862437,0.0,0.0,0.0,0.0,0.1213325901585279,0.012931072039519848,0.0,0.0,0.0,0.3005047951228452,0.0,0.0,0.0,0.0
TARGET.20.PARVSF.09A,0.0,0.0,0.0,0.0,0.03155440078430987,0.0,0.0,0.08652695854780093,0.332231935649044,0.0,0.0,0.0,0.0,0.0,0.09388068638595494,0.29878495887050616,0.0,0.0,0.0,0.02890178722664374,0.0,0.005781828554945479,0.0,0.0,0.0,0.12233744398079477,0.0,0.0,0.0,0.0
TARGET.20.PAVHWT.09A,0.0,0.0,0.0,0.0,0.0,0.0,0.0,0.08524438514815352,0.11247285450399525,0.0,0.0,0.0,0.0,0.0,0.30524431627313736,0.2968382327750405,0.0,0.0,0.0,0.0,0.0,0.001742690437702958,0.0,0.0,0.0,0.1984575208619705,0.0,0.0,0.0,0.0
TARGET.20.PARUUB.09A,0.0,0.0,0.0,0.0,0.0,0.0,0.0,0.10597944347786703,0.05867923252913857,0.0,0.0,0.0,0.0,0.0,0.0,0.3125881792031961,0.0,0.0,0.00043152037209831355,0.038296302675944936,0.2933178308230223,0.015393202116849233,0.0,0.0,0.0,0.1275406493749021,0.0,0.0,0.04777363942698127,0.0
TARGET.20.PAWKLE.09A,0.0,0.0,0.0,0.0,0.18343277492756271,0.0,0.0,0.09089919899455508,0.18800518219460957,0.0,0.0,0.0,0.0,0.0,0.3865454572305228,0.0,0.0,0.0,0.0,0.14130068356435424,0.0,0.009816703088395716,0.0,0.0,0.0,0.0,0.0,0.0,0.0,0.0
TARGET.20.PAURPD.09A,0.0,0.0,0.0,0.015391429265287833,0.0,0.0,0.0,0.0,0.0,0.0,0.0,0.0,0.0,0.0,0.0,0.6283894176747344,0.0,0.0,0.005646688596078891,0.0,0.0,0.0,0.20157439437073427,0.0,0.1489980700931646,0.0,0.0,0.0,0.0,0.0
TARGET.20.PAUUCG.09A,0.0,0.0,0.0,0.0,0.03920983035296392,0.0,0.0,0.09831351131350939,0.0,0.0,0.0,0.0,0.0,0.0,0.4761006742892071,0.25873001203613116,0.0,0.0,0.0012823687660616205,0.0,0.0,0.0,0.0,0.0,0.0,0.1263636032421268,0.0,0.0,0.0,0.0
TARGET.20.PARUNX.09A,0.0,0.41509707531876466,0.0,0.0,0.0,0.0,0.0,0.10403452724718502,0.015658645377590104,0.0,0.46087593719678727,0.0,0.0,0.0,0.0,0.0,0.0,0.0,0.004333814859672876,0.0,0.0,0.0,0.0,0.0,0.0,0.0,0.0,0.0,0.0,0.0
TARGET.20.PARZVA.09A,0.0,0.0,0.0,0.0,0.0,0.0,0.0,0.019479988831103863,0.36115533792787446,0.0,0.0,0.0,0.0,0.0,0.0,0.35927012316719253,0.0,0.0,0.0,0.0,0.0,0.008953117409328852,0.022014611678982582,0.0,0.06378348635999405,0.0,0.0,0.0,0.16534333462552356,0.0
TARGET.20.PASMTB.09A,0.0,0.0,0.0,0.0,0.12618139682376758,0.0,0.0,0.05666237495406694,0.1256677558558106,0.0,0.0,0.0,0.0,0.0,0.19786036327737044,0.11994115540096106,0.0,0.0,0.05557399496804728,0.0,0.2879530070486895,0.0018259786411789982,0.0,0.0,0.0,0.028333973030107675,0.0,0.0,0.0,0.0
TARGET.20.PASDGX.09A,0.0,0.0,0.0,0.0,0.0,0.0,0.0,0.025466717373157685,0.08375780292621911,0.0,0.0,0.0,0.0,0.0,0.0,0.2940427835129068,0.0,0.0,0.0,0.0,0.028311569662377235,0.0,0.16423231608165845,0.0,0.22439953255706158,0.17978927788661922,0.0,0.0,0.0,0.0
TARGET.20.PAVDZK.09A,0.0,0.0,0.0,0.0,0.0,0.0,0.0,0.06038017479283312,0.0,0.0,0.0,0.0,0.0,0.0,0.20965243001492298,0.6725009225270946,0.0,0.0,0.026176205630528526,0.0,0.0,0.0,0.0,0.0,0.0,0.03129026703462073,0.0,0.0,0.0,0.0
TARGET.20.PATKPC.09A,0.0,0.0,0.0860827197316332,0.0,0.0,0.0,0.0,0.06173841475141837,0.39313102962523244,0.0,0.0,0.0,0.0,0.0,0.0,0.14178627710600655,0.0,0.0,0.0,0.03053080898222566,0.08213895136586374,0.024037642270754053,0.0,0.0,0.013276755293153742,0.16727740087371218,0.0,0.0,0.0,0.0
TARGET.20.PASPTW.09A,0.0,0.042763741806321906,0.0,0.0,0.0,0.0,0.0,0.0,0.01874938130737469,0.0,0.0,0.0,0.0,0.0,0.0,0.1384474722816576,0.0,0.0,0.0,0.0,0.27772005093436636,0.0,0.0,0.09254665760535481,0.0,0.4297726960649247,0.0,0.0,0.0,0.0
TARGET.20.PATMIK.09A,0.0,0.1684892378869647,0.0,0.0,0.0,0.0,0.0,0.0,0.17712257941136686,0.0,0.0,0.0,0.0,0.0,0.0,0.17447267916298076,0.052268153142832084,0.027344727240101,0.0,0.0574506543976715,0.06620779833773105,0.013816666142827182,0.0,0.04024608241016391,0.0,0.2225814218673609,0.0,0.0,0.0,0.0
TARGET.20.PANUTB.09A,0.0,0.7135314059528385,0.0,0.0,0.0,0.0,0.0,0.00300651145581674,0.172545394562065,0.0,0.0,0.0,0.0,0.0,0.0,0.10673375893884461,0.0,0.0,9.93944538053272e-05,0.0,0.0,0.004083534636629904,0.0,0.0,0.0,0.0,0.0,0.0,0.0,0.0
TARGET.20.PAXKWG.09A,0.0,0.0,0.0,0.0,0.0,0.0,0.0,0.051225965486807225,0.1655142229859908,0.0,0.0,0.0,0.0,0.0,0.0,0.4293342111751097,0.0,0.0,0.0,0.0,0.0,0.015777155213258485,0.0,0.0,0.0,0.0,0.0,0.0,0.3381484451388337,0.0
TARGET.20.PAWCIL.09A,0.0,0.0,0.0,0.0,0.0,0.0,0.0,0.029826752856581394,0.047818348678464496,0.0,0.0,0.0,0.0,0.0,0.04239280226202701,0.5148633083866746,0.0,0.0,0.02944464642150413,0.0,0.0,0.01833338671366588,0.0,0.0,0.0,0.24626816818063335,0.0,0.0,0.07105258650044907,0.0
TARGET.20.PANHYK.09A,0.0,0.10463219495106918,0.0,0.0,0.024243184615689677,0.0,0.0,0.0463187600203219,0.16658359662180133,0.0,0.0,0.0,0.0,0.0,0.10461321878243213,0.10301271752868331,0.0,0.0,0.03249241029027942,0.0,0.2250394298112572,0.0015149519995236824,0.0,0.0,0.0,0.19154953537894215,0.0,0.0,0.0,0.0
TARGET.20.PAXXND.09A,0.0,0.0,0.0,0.04712387020582881,0.0,0.0,0.0,0.048574193673272315,0.0,0.0,0.0,0.0,0.0,0.0,0.03354472854159992,0.8001690989221276,0.0,0.0,0.01651358878410582,0.0,0.0,0.0,0.0,0.0,0.0,0.05407451987306549,0.0,0.0,0.0,0.0
TARGET.20.PARCHJ.09A,0.0,0.0,0.0,0.0,0.0,0.0,0.0,0.0,0.0,0.0,0.0,0.0,0.1568445311238949,0.0,0.0,0.0,0.01869004914656728,0.0,0.0,0.0,0.0,0.00943781077110568,0.0,0.3130914883011342,0.15669500793328126,0.34524111272401664,0.0,0.0,0.0,0.0
TARGET.20.PATGVS.09A,0.0,0.0,0.0,0.27763636099180755,0.0,0.0,0.0,0.014130226803615845,0.0,0.0,0.0,0.0,0.0,0.0,0.0,0.5925130125078876,0.0,0.0,0.036460896406709485,0.0,0.0,0.00420156420128121,0.0,0.0,0.07505793908869836,0.0,0.0,0.0,0.0,0.0
TARGET.20.PAXMKU.09A,0.0,0.0,0.0,0.0,0.0,0.016738001981960585,0.0,0.05646826992539775,0.0,0.0,0.0,0.0,0.0,0.0,0.0,0.307659470951489,0.0,0.0,0.0,0.0,0.31258214098457504,0.0002894821232118198,0.0027856887624114813,0.0,0.004382107344391519,0.29909483792656283,0.0,0.0,0.0,0.0
TARGET.20.PARKUY.09A,0.0,0.0,0.0,0.0,0.0,0.0,0.0,0.013908155594085777,0.02659870662148663,0.0,0.0,0.0,0.0,0.0,0.0,0.11621161757352809,0.0,0.0,0.0,0.0,0.4662443058070691,4.0128259282505886e-05,0.0,0.0,0.0,0.2860905456409722,0.0,0.0,0.09090654050357583,0.0
TARGET.20.PAVIRD.09A,0.0,0.0,0.0,0.0,0.10775190136583519,0.0,0.0,0.10383019264394555,0.22605892375590494,0.0,0.0,0.0,0.0,0.0,0.31608744912682535,0.13400733207426346,0.0,0.0,0.0,0.10253925894100382,0.0,0.009724942092221668,0.0,0.0,0.0,0.0,0.0,0.0,0.0,0.0
TARGET.20.PAERAH.09A,0.0,0.023187552834921462,0.0,0.0,0.0,0.0,0.0,0.00441720181647459,0.07942543588546523,0.0,0.0,0.0,0.0,0.0,0.013792378453026166,0.048695078888544484,0.08848546933453816,0.08459842667460012,0.0034587235271618198,0.0,0.4098676059690199,0.0,0.0,0.0,0.0,0.24407212661624803,0.0,0.0,0.0,0.0
TARGET.20.PAVMIY.09A,0.0,0.0,0.0,0.0,0.0,0.0,0.0,0.02880976316046096,0.0,0.0,0.0,0.0,0.0,0.0,0.0,0.4784364257065519,0.0,0.0,0.0,0.0,0.0,0.021693085243994912,0.06207899305530902,0.0,0.004773899663407622,0.0,0.0,0.0,0.40420783317027553,0.0
TARGET.20.PAYIPA.Sorted.leukemic.09A,0.0,0.0,0.025131620653111853,0.0,0.0,0.0,0.0,0.1324552965742052,0.006329406770687035,0.0,0.0,0.0,0.0,0.0,0.0,0.1750967028419605,0.003123092183086675,0.27875652641978704,0.0,0.0,0.06963246856418845,0.0,0.0,0.0,0.0,0.3094748859929731,0.0,0.0,0.0,0.0
TARGET.20.PARZHI.09A,0.0,0.0,0.0,0.0,0.0,0.0,0.0,0.0698781673972731,0.11851200226394874,0.0,0.0,0.0,0.0,0.0,0.0,0.34187166925631157,0.0,0.0,0.0,0.04033413714246483,0.0,0.1902253044455937,0.0,0.0,0.021191997526098662,0.097996774553204,0.0,0.0,0.11998994741510541,0.0
TARGET.20.PAUDNA.09A,0.0,0.0,0.0,0.0,0.0,0.0,0.0,0.0243510319433018,0.06568264621702817,0.0,0.0,0.0,0.0,0.03387972446038063,0.0,0.4233698790592464,0.0,0.0,0.010062340022682201,0.0,0.0,0.0,0.22617747161705617,0.0,0.14311399512570042,0.0,0.0,0.0,0.07336291155460425,0.0
TARGET.20.PAKJSB.09A,0.0,0.0,0.052039514906500946,0.0,0.0,0.0,0.0,0.08343574818510666,0.15707740919564708,0.0,0.0,0.0,0.0,0.0,0.09249132694091257,0.35071809919763913,0.0,0.0,0.0,0.0,0.0,0.018457807876860823,0.0,0.0,0.0,0.24578009369733275,0.0,0.0,0.0,0.0
TARGET.20.PASICM.09A,0.0,0.5819538600324733,0.0,0.0,0.0,0.0,0.0,0.16003407800836966,0.008931019080785984,0.0,0.0,0.0,0.0,0.0,0.022051955614985116,0.09195209039383401,0.0,0.0,0.014390094945342232,0.12068690192420968,0.0,0.0,0.0,0.0,0.0,0.0,0.0,0.0,0.0,0.0
TARGET.20.PAVANT.09A,0.06606301658962385,0.0,0.0,0.0,0.14813845251939536,0.0,0.0,0.10666970645826161,0.29886749507698696,0.0,0.0,0.0,0.0,0.0,0.3235253254203277,0.05121061988047949,0.0,0.0,0.0,0.0,0.0,0.005525384054925054,0.0,0.0,0.0,0.0,0.0,0.0,0.0,0.0
TARGET.20.PARTXH.09A,0.0,0.0,0.0,0.0,0.0,0.0,0.0,0.03621506598513651,0.06124481304536251,0.0,0.0,0.0,0.0,0.0,0.13669045384387532,0.17408222212296873,0.0,0.053806056155653946,0.0,0.0015157201302308328,0.11166106500530618,0.023148713586613346,0.0,0.0,0.0,0.40163589012485257,0.0,0.0,0.0,0.0
TARGET.20.PAVWRI.09A,0.0,0.0,0.0,0.0,0.0,0.0,0.0,0.06256504243710935,0.0029529699352827685,0.0,0.0,0.0,0.0,0.0,0.0,0.43404919594755337,0.0,0.0,0.01458507933187126,0.0,0.014703792997032096,0.029533003927090885,0.0,0.0,0.0,0.20196642043939925,0.0,0.0,0.23964449498466106,0.0
TARGET.20.PAVMED.09A,0.0,0.0,0.0,0.0,0.0,0.0,0.0,0.005042922784034294,0.06341234311753811,0.0,0.0,0.0,0.0,0.0,0.0,0.5546125435973729,0.0,0.0,0.0,0.0,0.0,0.003153345527668794,0.0,0.0,0.0,0.3737788449733859,0.0,0.0,0.0,0.0
TARGET.20.PAVSNL.09A,0.0,0.0,0.007513239717890863,0.0,0.0,0.0,0.0,0.021930518840190257,0.10779715203687298,0.0,0.0,0.0,0.0,0.0,0.14754620716082134,0.27119703364682707,0.0,0.0,0.00234432211188732,0.018998286231547246,0.07516503470425083,0.01549870707952729,0.0,0.0,0.0,0.33200949847018474,0.0,0.0,0.0,0.0
TARGET.20.PAKTGM.09A,0.0,0.0,0.0,0.0008413399742527575,0.0,0.0,0.0,0.033913268358138196,0.1419550620279896,0.0,0.0,0.0,0.0,0.0,0.0,0.587199654869449,0.0,0.0,0.0,0.0037626084171450526,0.0,0.002329282919535602,0.03985324198645593,0.0,0.006838845156580363,0.18330669629045346,0.0,0.0,0.0,0.0
TARGET.20.PANTIV.09A,0.0,0.0381813131823828,0.0,0.0,0.0,0.0,0.0,0.0,0.0,0.43426851254240223,0.0,0.0,0.0,0.0,0.0,0.07881721330698842,0.0,0.0,0.03499518002007117,0.03815559681416422,0.0,0.0,0.03562822354046081,0.0,0.25674918138203184,0.0,0.0,0.0,0.08320477921149849,0.0
TARGET.20.PAXAFN.09A,0.0,0.0,0.0,0.0,0.0,0.0,0.0,0.05565236695514166,0.427222720438854,0.0,0.0,0.0,0.0,0.0,0.014925589215278418,0.21634933034050596,0.0,0.0,0.04186316721936922,0.01767189358134102,0.0,0.11787901870861113,0.0,0.0,0.0,0.10843591354089875,0.0,0.0,0.0,0.0
TARGET.20.PAVCNG.09A,0.0,0.0,0.0,0.0,0.0,0.0,0.0,0.0402348958897262,0.0,0.0,0.0,0.0,0.0,0.0,0.0,0.6822741429731147,0.0,0.0,0.01782801982271894,0.0,0.0,0.07638321295719534,0.0,0.0,0.0,0.18327972835724482,0.0,0.0,0.0,0.0
TARGET.20.PAVHUI.09A,0.0,0.0,0.0,0.0,0.005854680736314055,0.0,0.0,0.03768596852774591,0.19586636895492288,0.0,0.0,0.0,0.0,0.0,0.05526771804495783,0.15940024788209403,0.0,0.0,0.0752871491874531,0.030781107864246385,0.0,0.02005533570792641,0.0,0.0,0.0,0.4198014230943393,0.0,0.0,0.0,0.0
TARGET.20.PAXJIH.09A,0.0,0.0,0.0,0.0,0.0,0.0,0.0,0.02014450645068477,0.24557852402189279,0.0,0.0,0.0,0.0,0.0,0.0,0.46561561199227686,0.0,0.0,0.0,0.0,0.05683073754929408,0.017070689622751982,0.0,0.0,0.0,0.0,0.0,0.0,0.1947599303630995,0.0
TARGET.20.PAXCCW.09A,0.0,0.0,0.0,0.0,0.15612722571927562,0.0,0.0,0.05744195623674046,0.20980529888548086,0.008315918298550112,0.0,0.0,0.0,0.0,0.0,0.41835573227769024,0.0,0.0,0.0,0.0,0.0735355514205159,0.01220994007364911,0.0,0.0,0.0,0.0,0.0,0.0,0.06420837708809769,0.0
TARGET.20.PAVMEH.09A,0.0,0.0,0.0,0.0,0.0,0.0,0.0,0.0782016146738728,0.11991055483781915,0.0,0.0,0.0,0.0,0.0,0.19919602559497102,0.49953282847841673,0.0,0.0,0.0,0.0,0.0,0.022188299254758605,0.0,0.0,0.0,0.08097067716016172,0.0,0.0,0.0,0.0
TARGET.20.PATHAE.09A,0.0,0.0,0.0,0.0,0.0072649298762988085,0.0,0.0,0.03165786029553435,0.3013191674026434,0.0,0.0,0.0,0.0,0.0,0.0,0.21168256550291045,0.0,0.0,0.0,0.0,0.0,0.004908379594851538,0.0,0.0,0.40563799365933584,0.0,0.03752910366842568,0.0,0.0,0.0
TARGET.20.PAWTKY.09A,0.0,0.0,0.0,0.0,0.0,0.0,0.0,0.08467324705234851,0.2824297713545724,0.0,0.0,0.0,0.0,0.0,0.19929983341214963,0.42277609933902843,0.0,0.0,0.0,0.0,0.0,0.01082104884190108,0.0,0.0,0.0,0.0,0.0,0.0,0.0,0.0
TARGET.20.PAWVGN.09A,0.0,0.0,0.0,0.0,0.0,0.0,0.0,0.02289620622654887,0.02805875391282639,0.0,0.0,0.0,0.0,0.0,0.02184326482390275,0.28218832190811494,0.0,0.0,0.0,0.011433291738250093,0.0,0.0,0.0,0.0,0.2747705793136806,0.3588095820766764,0.0,0.0,0.0,0.0
TARGET.20.PASUHK.09A,0.0,0.0,0.0,0.0,0.0,0.0,0.0,0.09569049020039372,0.13580696139951484,0.0,0.0,0.0,0.0,0.0,0.0,0.34092763673649445,0.0,0.0,0.0,0.012387199777806484,0.0008877928479582341,0.030332655099875146,0.033525388815491795,0.0,0.0,0.30477330777085043,0.0,0.0,0.04566856735161483,0.0
TARGET.20.PAWXPN.09A,0.0,0.0,0.0,0.0,0.0,0.0,0.0,0.19154186512118107,0.01643355592755438,0.0,0.0,0.0,0.0,0.0,0.4457957802056195,0.33852774508258,0.0,0.0,0.0021962915892665266,0.0,0.0,0.005504762073798546,0.0,0.0,0.0,0.0,0.0,0.0,0.0,0.0
TARGET.20.PAWKUR.09A,0.0,0.0,0.0,0.0,0.0,0.0,0.0,0.05032011766518182,0.10981628932685542,0.0,0.0,0.0,0.0,0.0,0.0,0.38005114699278875,0.0,0.0,0.0,0.0,0.0,0.006069794819216974,0.010588805768243894,0.0,0.0,0.06279280967357366,0.0,0.0,0.3803610357541396,0.0
TARGET.20.PAUMMR.09A,0.0,0.0,0.0,0.0,0.0,0.0,0.0,0.07422974286374893,0.20930535976099895,0.0,0.0,0.0,0.0,0.0,0.0,0.5328554947373499,0.0,0.0,0.06175631320209869,0.0,0.0,0.0026328268804320836,0.0,0.0,0.11922026255537135,0.0,0.0,0.0,0.0,0.0
TARGET.20.PAWVLB.09A,0.0,0.0,0.0,0.0,0.0,0.0,0.0,0.12040872233634332,0.2207223783086685,0.0,0.0,0.0,0.0,0.0,0.20326654349806483,0.32984864263295927,0.0,0.0,0.0,0.07621181922701956,0.0,0.030552582101875714,0.0,0.0,0.0,0.01898931189506884,0.0,0.0,0.0,0.0
TARGET.20.PAWIAT.09A,0.0,0.0,0.0,0.0,0.0,0.0,0.0,0.06550355653686833,0.031094657127935663,0.0,0.0,0.0,0.023526716449929264,0.0,0.0,0.3972948289514493,0.0,0.0,0.0394233511345646,0.0,0.0,0.009448186270900135,0.0005272932868564039,0.0,0.0,0.12243037586572042,0.0,0.0,0.31075103437577606,0.0
TARGET.20.PAWPMA.09A,0.0,0.0,0.0,0.0,0.0,0.0,0.0,0.12922224896416531,0.21637768672074803,0.0,0.0,0.0,0.0,0.0,0.4355504473517325,0.2174552040035905,0.0,0.0,0.0,0.0,0.0,0.0013944129597636436,0.0,0.0,0.0,0.0,0.0,0.0,0.0,0.0
TARGET.20.PARGKA.09A,0.0,0.0,0.0,0.0,0.0,0.0,0.0,0.035458156184418,0.20345169177951664,0.0,0.0,0.0,0.0,0.0,0.2593345529071056,0.41316517200820196,0.0,0.0,0.0,0.0,0.0,0.00042991514452645635,0.0,0.0,0.0,0.08816051197623136,0.0,0.0,0.0,0.0
TARGET.20.PAVPDN.09A,0.0,0.10888318451223249,0.0,0.0,0.0008293670685778822,0.0,0.0,0.03869206040905485,0.12592997451861476,0.0,0.0,0.0,0.0,0.0,0.2857036391652008,0.3219903395622833,0.0,0.0,0.09885736997067202,0.007846345698952909,0.0,0.003459061774791242,0.0,0.0,0.0,0.0078086573196196225,0.0,0.0,0.0,0.0
TARGET.20.PAYKGB.Unsorted.09A,0.0,0.14798921051329403,0.0,0.0,0.028277773044089398,0.0,0.0,0.0805866685433537,0.27452958802064414,0.0,0.0,0.0,0.0,0.0,0.048572327078161545,0.3612483828488501,0.0,0.0,0.0,0.0,0.02882176005945107,0.005550748649451424,0.0,0.0,0.0,0.016341026999018782,0.0,0.0,0.008082514243685819,0.0
TARGET.20.PANKBX.09A,0.0,0.0,0.09606724090461428,0.0,0.0,0.0,0.0,0.023042234623887943,0.08868201536713254,0.0,0.0,0.0,0.0,0.0,0.067731392605086,0.1385959989419278,0.0,0.0,0.005899962410489263,0.0,0.15647012715205086,0.02971161082828679,0.0,0.0,0.0,0.39377475626130454,0.0,0.0,0.0,2.4660905219987206e-05
TARGET.20.PAVGXF.09A,0.0,0.0,0.0,0.0,0.0,0.0,0.0,0.0,0.09443359863676072,0.0,0.0,0.0,0.0,0.0,0.10706619801178686,0.24518952288854332,0.0,0.0,0.0,0.021809719641013886,0.0,0.0,0.0,0.1503846309821396,0.0,0.3811163298397555,0.0,0.0,0.0,0.0
TARGET.20.PAVLLR.09A,0.0,0.0,0.0,0.0,0.0,0.0,0.0,0.030178417456724102,0.3661029948496166,0.0,0.0,0.0,0.0,0.0,0.009276365039514716,0.3192146079915307,0.0,0.0,0.0,0.0,0.019414036754432127,0.009516985953591382,0.0,0.0,0.0,0.05117589295087744,0.0,0.0,0.19512069900371276,0.0
TARGET.20.PAXKKE.09A,0.0,0.013347578738953127,0.0,0.0,0.0,0.0,0.0,0.026315166245520074,0.057183009300134174,0.0,0.0,0.0,0.0,0.0,0.1845415033171299,0.3433674325927893,0.0,0.19035476671820808,0.008195132950560775,0.0,0.0,0.00026564579008811294,0.0,0.0,0.0,0.17642976434661656,0.0,0.0,0.0,0.0
TARGET.20.PALHVV.09A,0.0,0.1993046281582955,0.0,0.0,0.0,0.0,0.0,0.0,0.19458967207325872,0.0,0.0,0.0,0.0,0.0,0.0,0.23884376662817575,0.011687226460689043,0.0,0.0,0.0,0.11117850251712663,0.002229950143905401,0.0,0.03910028185365263,0.0,0.20306597216489633,0.0,0.0,0.0,0.0
TARGET.20.PARHVK.09A,0.0,0.0,0.0,0.0,0.0,0.0,0.0,0.10521404746491998,0.1446021039624682,0.0,0.0,0.0,0.0,0.06806058403905563,0.0,0.23134433087170828,0.0,0.0,0.0,0.0,0.0,0.0,0.045452869429298264,0.0,0.0,0.22525297362896768,0.0,0.0,0.18007309060358184,0.0
TARGET.20.PAVDDA.09A,0.0,0.0,0.0,0.0,0.0,0.0,0.0,0.02347382286748522,0.21081838156388477,0.0,0.0,0.0,0.0,0.0,0.0,0.4662677177616724,0.0,0.0,0.0,0.02640120997065118,0.019686874151555577,0.000553657243070761,0.0,0.0,0.0,0.11470381358163075,0.0,0.0,0.1380945228600493,0.0
TARGET.20.PARNXZ.09A,0.0,0.0,0.0,0.0,0.0,0.0,0.0,0.12093021813394307,0.17520036300224254,0.0,0.0,0.0,0.0,0.0,0.23791312021476702,0.46595629864904736,0.0,0.0,0.0,0.0,0.0,0.0,0.0,0.0,0.0,0.0,0.0,0.0,0.0,0.0
TARGET.20.PAWGPM.09A,0.0,0.0,0.0,0.0,0.004555972916969458,0.0,0.0,0.014950188818575521,0.3311982150686485,0.0,0.0,0.0,0.0,0.0,0.03310719509323297,0.4610233892516029,0.0,0.0,0.0,0.0,0.09396361034187994,0.0027741227781195,0.0,0.0,0.0,0.0495704080201234,0.0,0.0,0.00885689771084784,0.0
TARGET.20.PAVPLL.09A,0.0,0.0,0.0,0.0,0.0,0.0,0.0,0.023588417836860144,0.29114580938390866,0.0,0.0,0.0,0.0,0.0,0.0,0.4338585707842529,0.0,0.0,0.0,0.0,0.07087397820904066,0.02115282602819116,0.01526431305932522,0.0,0.0,0.0,0.0,0.0,0.1441160846984213,0.0
TARGET.20.PAVIGB.09A,0.0,0.0,0.0,0.0,0.0,0.0,0.0,0.07720706150936771,0.09818302050292452,0.0,0.0,0.0,0.0,0.0,0.3537276052611099,0.44656678951125683,0.0,0.0,0.0,0.0,0.0,0.020158372065809324,0.0,0.0,0.0,0.0041571511495317156,0.0,0.0,0.0,0.0
TARGET.20.PAVFYL.09A,0.0,0.0,0.0,0.0,0.0,0.0,0.0,0.022651214376942477,0.493813740257437,0.0,0.0,0.0,0.0,0.0,0.050009548599870376,0.2246244014963149,0.0,0.0,0.0,0.0,0.0,0.06569066244289967,0.0,0.0,0.0,0.1432104328265356,0.0,0.0,0.0,0.0
TARGET.21.PANZLR.09A,0.0,0.0,0.0,0.0,0.0,0.0,0.0,0.0,0.4184700079389803,0.0,0.0,0.0,0.0,0.0,0.0,0.007251696352934106,0.0,0.302834164679589,0.0,0.10472947684271709,0.0,0.003771974729808613,0.0,0.0,0.0,0.16294267945597082,0.0,0.0,0.0,0.0
TARGET.20.PASHHH.09A,0.0,0.0,0.0,0.0,0.0,0.0,0.0,0.163764088827025,0.06878065142247643,0.0,0.0,0.0,0.0,0.0,0.05525327435150514,0.09300463517593112,0.0,0.0,0.0,0.0,0.0,0.003871620332820403,0.0,0.11082285778264196,0.0,0.5045028721075999,0.0,0.0,0.0,0.0
TARGET.20.PAWIHN.09A,0.0,0.0,0.0,0.0,0.29938285141430415,0.0,0.0,0.08706106971401184,0.05762253284666765,0.0,0.0,0.0,0.0,0.0,0.0,0.382058137199788,0.0,0.0,0.0,0.0,0.025754289875120913,0.0030387630485513473,0.0,0.0,0.0,0.07016086869530298,0.0,0.0,0.07492148720625301,0.0
TARGET.20.PASZBM.09A,0.0,0.0,0.0,0.0,0.0,0.0,0.0,0.06128646232861333,0.254600154465531,0.0,0.0,0.0,0.0,0.0,0.08497334441545036,0.22299679135511374,0.0,0.0,0.06829310589964155,0.003788594737569196,0.0,0.0771627164594837,0.0,0.0,0.0,0.2268988303385971,0.0,0.0,0.0,0.0
TARGET.20.PAWSWR.09A,0.0,0.0,0.0,0.0,0.0,0.0,0.0,0.02564818152293794,0.21980706515877413,0.0,0.0,0.0,0.012393180401908037,0.0,0.02460101266548835,0.3150445411679647,0.0,0.01953902551735457,0.0024173690078707864,0.0,0.06918883800523057,0.0,0.0,0.0,0.0,0.3113607865524708,0.0,0.0,0.0,0.0
TARGET.20.PAYKYZ.Sorted.CD34neg.Lymphoid.09A,0.0,0.0,0.0,0.0,0.0,0.0,0.0,0.0,0.5753203740863314,0.0,0.0,0.0,0.0,0.0,0.09799665361133554,0.27555452148167264,0.0,0.0,0.0,0.0,0.0,0.051128450820660504,0.0,0.0,0.0,0.0,0.0,0.0,0.0,0.0
TARGET.20.PANRWC.09A,0.0,0.09965683289538889,0.0,0.0,0.06028474366612705,0.0,0.0,0.16153352030686738,0.06568867643512036,0.0,0.0,0.0,0.0,0.0,0.5816397943893861,0.031196432307110094,0.0,0.0,0.0,0.0,0.0,0.0,0.0,0.0,0.0,0.0,0.0,0.0,0.0,0.0
TARGET.20.PAWMAV.09A,0.0,0.0,0.0,0.0,0.0,0.0,0.0,0.08050270573826267,0.28101953483638437,0.0,0.0,0.0,0.0,0.0,0.02207882560691848,0.2034330203481707,0.0,0.0,0.10234904651183892,0.0,0.0,0.01189980568200722,0.0,0.0,0.14416050860633237,0.1545565526700852,0.0,0.0,0.0,0.0
TARGET.20.PAXMLN.09A,0.0,0.03094662825482633,0.0,0.0,0.039859776992657164,0.0,0.0,0.00996473999714516,0.06118856343539241,0.0,0.0,0.0,0.0,0.0,0.19286062114398095,0.3716656971400279,0.005464552009831738,0.036062744880897384,0.0,0.0,0.019139444284904026,0.0056507127073571325,0.0,0.0,0.0,0.22719651915297964,0.0,0.0,0.0,0.0
TARGET.20.PABHHH.09A,0.0,0.0,0.0,0.0,0.0,0.0,0.0,0.13053905669334473,0.3169048627738245,0.0,0.0,0.0,0.0,0.0,0.0,0.17023052969907315,0.0,0.0,0.06908818084795296,0.009836843787417796,0.0,0.011731905917730079,0.0,0.0,0.2151316956468086,0.0765369246338481,0.0,0.0,0.0,0.0
TARGET.20.PAWJPN.09A,0.0,0.0,0.0,0.0,0.020997286146993793,0.0,0.0,0.0388787871859598,0.24472622213820316,0.0,0.0,0.0,0.0,0.0,0.16958751262136235,0.3560731216511965,0.0,0.0,0.026236240145470224,0.0,0.0,0.027997198763421754,0.0,0.0,0.0,0.11550363134739247,0.0,0.0,0.0,0.0
TARGET.20.PAYHFV.Sorted.non.leukemic.09A,0.0,0.0,0.043242533757946185,0.0,0.0,0.0,0.0,0.0,0.5064861730027092,0.0,0.0,0.0,0.0,0.0,0.0,0.2018435107146692,0.0,0.0,0.0,0.0,0.0,0.04836156272285958,0.0,0.0,0.0,0.20006621980181574,0.0,0.0,0.0,0.0
TARGET.20.PAVVAB.09A,0.0,0.0,0.0,0.0,0.0,0.0,0.0,0.06031891178581849,0.15952845132718585,0.0,0.0,0.0,0.0,0.0,0.1325022117474021,0.422030203416853,0.0,0.0,0.0,0.0,0.0,0.0,0.0,0.0,0.0,0.22562022172274052,0.0,0.0,0.0,0.0
TARGET.20.PAWHJI.09A,0.0,0.0,0.0,0.0,0.0,0.0,0.0,0.07469519525573226,0.12472034585080469,0.0,0.0,0.0,0.0,0.0,0.1655686065887666,0.6350158523046966,0.0,0.0,0.0,0.0,0.0,0.0,0.0,0.0,0.0,0.0,0.0,0.0,0.0,0.0
TARGET.20.PAYDNH.09A,0.0,0.0,0.0,0.0,0.0,0.0,0.0,0.01719820382179716,0.3989109051928451,0.0,0.0,0.0,0.0,0.0,0.0,0.40313739431210577,0.0,0.0,0.0,0.0,0.0,0.01056403226436537,0.03434489982426444,0.0,0.0,0.13584456458462207,0.0,0.0,0.0,0.0
TARGET.20.PAVXUR.09A,0.0,0.0,0.0,0.0,0.0,0.0,0.0,0.06359731898904752,0.4824673275867082,0.0,0.0,0.0,0.0,0.0,0.0,0.4182094596106139,0.0,0.0,0.0,0.0,0.0,0.012791466032015718,0.0,0.0,0.0,0.022934427781614575,0.0,0.0,0.0,0.0
TARGET.20.PAXIEG.09A,0.0,0.0,0.0,0.0,0.0,0.0,0.0,0.01574702257593398,0.0,0.0,0.0,0.0,0.0,0.0,0.0,0.7340395991218317,0.0,0.0,0.010800630120638895,0.0,0.0,0.06679855243649964,0.0,0.0,0.0,0.0,0.0,0.0,0.17261419574509587,0.0
TARGET.20.PASPYR.09A,0.0,0.0,0.0,0.0,0.0,0.0,0.0,0.007299228282672599,0.0,0.0,0.0,0.0,0.0,0.0,0.0,0.35030532007521054,0.08485317811455619,0.0,0.0,0.0,0.0,0.0,0.0,0.14250113021106736,0.0,0.4150411433164934,0.0,0.0,0.0,0.0
TARGET.20.PAVGBH.09A,0.0,0.0,0.0,0.0,0.0,0.0,0.0,0.11528369634627003,0.021227787987513097,0.0,0.0,0.0,0.0,0.0,0.004966205780711734,0.2933557865429315,0.0,0.0,0.0,0.07526082026856198,0.0,0.06053819544685342,0.0,0.0,0.2179589231953062,0.2114085844318521,0.0,0.0,0.0,0.0
TARGET.20.PAVZIF.09A,0.0,0.0,0.0,0.0,0.0,0.0,0.0,0.05073190385629881,0.2986860656980115,0.0,0.0,0.0,0.0,0.0,0.0,0.43344809423834335,0.0,0.0,0.031233118647102057,0.0,0.0,0.018766105468200893,0.0297404539914315,0.0,0.13739425810061207,0.0,0.0,0.0,0.0,0.0
TARGET.20.PAXKUA.09A,0.0,0.0,0.0,0.0,0.0,0.0,0.0,0.05674488700091474,0.2151423892389359,0.0,0.0,0.0,0.0,0.0,0.0,0.5443889175735058,0.0,0.0,0.07571881681341187,0.08650346727061012,0.0,0.021501522102621403,0.0,0.0,0.0,0.0,0.0,0.0,0.0,0.0
TARGET.20.PAVUHF.09A,0.0,0.0,0.0,0.0,0.2399797182202866,0.0,0.0,0.07157950438142445,0.0,0.0,0.0,0.0,0.0,0.0,0.12498389673945588,0.1858670119108057,0.0,0.0,0.0,0.0,0.0,0.0015346653057473792,0.0,0.0,0.0,0.37605520344228,0.0,0.0,0.0,0.0
TARGET.20.PANLIZ.09A,0.0,0.023350562476929595,0.0,0.0,0.0,0.0,0.0,0.0,0.0,0.0,0.0,0.0,0.2565228016089687,0.0,0.0,0.0,0.11483214236046586,0.008424764325852227,0.000271702639396614,0.0,0.0,0.0,0.0,0.28397352705720574,0.0,0.31262449953118115,0.0,0.0,0.0,0.0
TARGET.20.PARMHD.09A,0.0,0.0,0.0,0.0,0.0,0.0,0.0,0.12054647427150972,0.37497957721435027,0.0,0.0,0.0,0.0,0.0,0.04898520271852886,0.22929668684857102,0.0,0.0,0.0,0.09454087124562353,0.0,0.024524591409185177,0.0,0.0,0.0,0.10712659629223154,0.0,0.0,0.0,0.0
TARGET.20.PATBVX.09A,0.0,0.0,0.05854300298175983,0.0,0.0,0.0,0.0,0.053466155058596386,0.28334417896932995,0.0,0.0,0.0,0.0,0.0,0.0,0.22505655681093362,0.0,0.0,0.026321264526261247,0.019815302864452326,0.18057693200610406,0.008670896309768581,0.0,0.0,0.0,0.144205710472794,0.0,0.0,0.0,0.0
TARGET.20.PAUVCL.09A,0.0,0.0,0.0,0.0,0.0,0.0,0.0,0.049627458761670025,0.08540706461487677,0.0,0.0,0.0,0.0,0.0,0.18672188313543175,0.6782435934880214,0.0,0.0,0.0,0.0,0.0,0.0,0.0,0.0,0.0,0.0,0.0,0.0,0.0,0.0
TARGET.20.PAVTDU.09A,0.0,0.0,0.0,0.0,0.0,0.0,0.0,0.01749286413923824,0.5078831929467037,0.0,0.0,0.0,0.0,0.0,0.08374780484388783,0.34593897864785367,0.0,0.0,0.028331345205678593,0.0,0.0,0.016605814216638065,0.0,0.0,0.0,0.0,0.0,0.0,0.0,0.0
TARGET.20.PAWBRP.09A,0.0,0.0,0.0,0.0,0.0,0.0,0.0,0.08328862784936969,0.028962045220352627,0.0,0.0,0.0,0.0,0.0,0.0,0.6235469876214812,0.0,0.0,0.012788716580640227,0.0,0.0,0.015505396920242234,0.0,0.0,0.13074667850863886,0.10516154729927527,0.0,0.0,0.0,0.0
TARGET.20.PAVHXU.09A,0.0,0.0,0.0,0.0,0.07956132001106402,0.0,0.0,0.061575853286521355,0.13326083390228,0.0,0.0,0.0,0.0,0.0,0.44701252236314604,0.2648432361050923,0.0,0.0,0.013746234331896352,0.0,0.0,0.0,0.0,0.0,0.0,0.0,0.0,0.0,0.0,0.0
TARGET.20.PARZPD.09A,0.0,0.017663815396643797,0.0,0.0,0.0,0.04308460620559188,0.0,0.0530632358298974,0.016699569001567226,0.0,0.0,0.0,0.0,0.15403588548423872,0.0,0.23449142678097395,0.0,0.0,0.0,0.02114912957923531,0.3049119331005639,0.0,0.0,0.0,0.08836832049368941,0.06653207812759827,0.0,0.0,0.0,0.0
TARGET.20.PAUFZU.09A,0.0,0.0,0.0,0.0,0.0,0.0,0.0,0.0,0.0,0.0,0.0,0.0,0.0,0.025553191334021907,0.0,0.4332634350238448,0.0,0.0,0.0,0.0,0.0,0.0,0.3374387411673379,0.0,0.20374463247479552,0.0,0.0,0.0,0.0,0.0
TARGET.20.PAULRS.09A,0.0,0.0,0.0,0.0,0.0,0.0,0.0,0.06437924932499356,0.1849852975908122,0.0,0.0,0.0,0.0,0.0,0.012099103846032416,0.43708199494926125,0.0,0.0,0.049874731257136456,0.0,0.07235282270468299,0.017851734167840996,0.0,0.0,0.0,0.16137506615924002,0.0,0.0,0.0,0.0
TARGET.20.PAXBSE.09A,0.0,0.0,0.0,0.0,0.0,0.0,0.0,0.0989700215930221,0.2678370436146886,0.0,0.0,0.0,0.0,0.0,0.13648749897899806,0.48349963430496495,0.0,0.0,0.0,0.0,0.0,0.000510250060033321,0.0,0.0,0.0,0.012695551448292899,0.0,0.0,0.0,0.0
TARGET.20.PASREH.09A,0.0,0.05059897315152535,0.0,0.0,0.0,0.0,0.0,0.03487379628505187,0.09846408290214298,0.0,0.0,0.0,0.0,0.0,0.0,0.12190093030700541,0.0,0.0,0.010262701837166849,0.0,0.24419885373602337,0.0,0.0,0.0,0.0,0.4397006617810841,0.0,0.0,0.0,0.0
TARGET.20.PASJZX.09A,0.0,0.0,0.0,0.0,0.0,0.0,0.0,0.023449485892001343,0.04479760681920255,0.0,0.0,0.0,0.01950182912295962,0.0,0.055994543122782764,0.0,0.010196625182365552,0.0,0.0,0.05975311957064315,0.0,0.05172448772373788,0.0,0.0,0.08065017946825503,0.6539321230980522,0.0,0.0,0.0,0.0
TARGET.20.PATDMY.09A,0.0,0.0,0.0,0.0,0.0,0.0,0.0,0.10996830454750257,0.020778619294555427,0.0,0.0,0.0,0.0,0.0,0.0,0.21254899057791762,0.0,0.0,0.0,0.0,0.32332986970095584,0.005551239920689501,0.04607335723369068,0.0,0.06165978853613604,0.0,0.0,0.0,0.22008983018855252,0.0
TARGET.20.PASNDH.09A,0.0,0.0,0.0,0.0,0.0,0.0,0.0,0.06147665882169883,0.1575576000900804,0.0,0.0,0.0,0.0,0.0,0.02010496854211922,0.05595490531806164,0.0,0.0,0.027478689824330882,0.21377259586038222,0.0,0.28337251868680946,0.0,0.0,0.014001621823788472,0.16038770763935387,0.0,0.0,0.005892733393375011,0.0
TARGET.20.PARBXE.09A,0.0,0.0,0.0,0.0,0.0,0.0,0.0,0.06444829321484122,0.4263505846451434,0.0,0.0,0.0,0.0,0.0,0.04855560149178769,0.3240021964496123,0.0,0.0,0.017869549473359246,0.0,0.0,0.01395601773168458,0.0,0.0,0.0,0.10481775699357157,0.0,0.0,0.0,0.0
TARGET.20.PARRTH.09A,0.0,0.03936304001086143,0.0,0.0,0.0,0.0,0.0,0.05092556129363633,0.13684815924956786,0.0,0.0,0.0,0.0,0.0,0.0,0.11029736108304494,0.0,0.0,0.2343189747916666,0.0,0.0,0.07435708386180528,0.0324953464408338,0.0,0.04034054964816317,0.0,0.0,0.0,0.2810539236204206,0.0
TARGET.20.PAWUWJ.09A,0.0,0.03290462361407628,0.0,0.0,0.0,0.0,0.0,0.04000843350286107,0.0,0.0,0.0,0.0,0.0,0.0,0.4022033344638855,0.524883608419177,0.0,0.0,0.0,0.0,0.0,0.0,0.0,0.0,0.0,0.0,0.0,0.0,0.0,0.0
TARGET.20.PARBLP.09A,0.0,0.0,0.0,0.0,0.0,0.0,0.0,0.0,0.21464842626616168,0.0,0.0,0.0,0.0,0.0,0.0,0.16092307834467132,0.0,0.0,0.0032981562645176734,0.0,0.0,0.0,0.0,0.0,0.44403238220220476,0.1770979569224446,0.0,0.0,0.0,0.0
TARGET.20.PAVDHJ.09A,0.0,0.0,0.004417921398470373,0.0,0.0,0.0,0.0,0.12392414647890455,0.01904176891583834,0.0,0.0,0.0,0.0,0.0,0.06210475300460419,0.24976592698209205,0.0,0.0,0.0,0.09435864084733815,0.0,0.003331333469068296,0.0,0.0,0.0,0.44305550890368406,0.0,0.0,0.0,0.0
TARGET.20.PANINI.09A,0.0,0.21130000507245847,0.0,0.0,0.0,0.0,0.0,0.0,0.0,0.0,0.0,0.0,0.0038263830010481794,0.0,0.0,0.0,0.0,0.06872207922436081,0.0,0.0,0.10064800950358922,0.0,0.0,0.008978772638770312,0.0,0.6065247505597731,0.0,0.0,0.0,0.0
TARGET.20.PAYIPA.Unsorted.09A,0.0,0.0,0.005262479333371739,0.0,0.0,0.0,0.0,0.14073673382556642,0.01897374210362511,0.0,0.0,0.0,0.0,0.0,0.0,0.207843596576257,0.0,0.1689492834605701,0.0,0.0,0.091920039017906,0.003997144454807917,0.0,0.0,0.0,0.36231698122789585,0.0,0.0,0.0,0.0
TARGET.20.PATMXW.09A,0.0,0.0,0.0,0.27872080941552196,0.0,0.0,0.0,0.13154194530291938,0.10569080814923949,0.0,0.0,0.0,0.0,0.0,0.0,0.4682738000594394,0.0,0.0,0.013534983771078894,0.0,0.0,0.002237653301800894,0.0,0.0,0.0,0.0,0.0,0.0,0.0,0.0
TARGET.20.PAXGIY.09A,0.0,0.0,0.0,0.0,0.0,0.0,0.0,0.09059836040545353,0.1503253334778399,0.0,0.0,0.0,0.0,0.0,0.10552392578349853,0.3986741784307551,0.0,0.0,0.0,0.0044241482935930155,0.0,0.07251302497417221,0.0,0.0,0.07197300671561548,0.10596802191907229,0.0,0.0,0.0,0.0
TARGET.20.PAVDMY.09A,0.0,0.0,0.0,0.0,0.0,0.0,0.0,0.03608329066992923,0.16161394283439415,0.0,0.0,0.0,0.0,0.0,0.32708979747406736,0.399090755123266,0.0,0.0,0.0,0.0,0.0,0.006373900845106609,0.0,0.0,0.0,0.06974831305323667,0.0,0.0,0.0,0.0
TARGET.20.PAXCZX.09A,0.0,0.0,0.0,0.0,0.0,0.0,0.0,0.07870843483056786,0.06958823857351623,0.0,0.0,0.0,0.0,0.0,0.34121291871658577,0.503955806217969,0.0,0.0,0.0065346016613610615,0.0,0.0,0.0,0.0,0.0,0.0,0.0,0.0,0.0,0.0,0.0
TARGET.20.PAVGKS.09A,0.0,0.0,0.0,0.0,0.0,0.0,0.0,0.0403480765829268,0.13668545654641634,0.0,0.0,0.0,0.0,0.0,0.11431073450600664,0.6765137146426825,0.0,0.0,0.018103282887988667,0.0,0.0,0.010632298293444253,0.0,0.0,0.003406436540534703,0.0,0.0,0.0,0.0,0.0
TARGET.20.PAVPIU.09A,0.0,0.0,0.0,0.0,0.0,0.0,0.0,0.05405589928674472,0.07334007577253336,0.0,0.0,0.0,0.0,0.0376551536491071,0.0,0.5237379448308048,0.0,0.0,0.09728319908671686,0.0,0.0,0.059894313570242066,0.06493971088673159,0.0,0.0,0.0,0.0,0.0,0.08909370291711931,0.0
TARGET.20.PAXCVR.09A,0.0,0.0,0.0,0.0,0.0,0.0,0.0,0.09033182790274828,0.18016565940645468,0.0,0.0,0.0,0.0,0.0,0.04224789021458172,0.6330482961547539,0.0,0.0,0.03571102788016172,0.0,0.0,0.0013473800781929643,0.0,0.0,0.0,0.017147918363106734,0.0,0.0,0.0,0.0
TARGET.20.PAXMKT.09A,0.0,0.0,0.0,0.0,0.0,0.0,0.0,0.0471554207403147,0.16464869583701047,0.0,0.0,0.0,0.0,0.0,0.028572433965991337,0.36233983477512355,0.0,0.0,0.01174734008378639,0.09384824769969571,0.019897463123138604,0.036833428565218984,0.0,0.0,0.0,0.20201163175533524,0.0,0.0,0.03294550345438516,0.0
TARGET.20.PAXMAY.09A,0.0,0.0,0.0,0.0,0.0,0.0,0.0,0.09263910847875884,0.21953502815049436,0.0,0.0,0.0,0.0,0.0,0.0,0.4442034535745448,0.0,0.0,0.013968395223804194,0.016516851717888983,0.0,0.0,0.11359443150723177,0.0,0.09954273134727712,0.0,0.0,0.0,0.0,0.0
TARGET.20.PASXJY.09A,0.0,0.0,0.0,0.0,0.0,0.0,0.0,0.011881125751360612,0.629755513556129,0.0,0.0,0.0,0.0,0.02773437638787682,0.002500739051634207,0.29718174035902944,0.0,0.0,0.0,0.0,0.0,0.012581772708154238,0.0,0.0,0.0,0.0,0.0,0.0,0.01836473218581576,0.0
TARGET.21.PASYEJ.09A,0.0,0.0,0.10217041781958267,0.0,0.0,0.0,0.0,0.1011432699627201,0.36458851998225056,0.0,0.0,0.0,0.0,0.0,0.0,0.2621178966088477,0.0,0.0,0.003760104078508812,0.15451375841943182,0.0,0.0,0.0,0.0,0.011706033128658179,0.0,0.0,0.0,0.0,0.0
TARGET.20.PASECW.09A,0.0,0.12806143727399652,0.0,0.0,0.0,0.0,0.0,0.21447148779565237,0.22473003820253984,0.0,0.0,0.0,0.0,0.0,0.3144866446184723,0.010379116673000514,0.0,0.0,0.0,0.1076536419711559,0.0,0.0,0.0,0.0,0.0,0.00021763346518263385,0.0,0.0,0.0,0.0
TARGET.20.PAVYNF.09A,0.0,0.0,0.0,0.0,0.0,0.0,0.0,0.24618291950363283,0.37480079778496483,0.0,0.0,0.0,0.0,0.0,0.07506004485659745,0.11062983874567578,0.0,0.0,0.0,0.0,0.0,0.061314770557515816,0.0,0.0,0.0,0.13201162855161333,0.0,0.0,0.0,0.0
TARGET.21.PAMXZY.09A,0.0,0.0,0.01334305855723253,0.0,0.0,0.0,0.0,0.048708502998963794,0.3792917104737008,0.0,0.0,0.0,0.0,0.0,0.01307128411551428,0.04666665008828376,0.0,0.0,0.0,0.07955759613188701,0.175725579806344,0.009052810761608153,0.0,0.0,0.0,0.2345828070664656,0.0,0.0,0.0,0.0
TARGET.20.PAXGPF.09A,0.0,0.0,0.0,0.0,0.0,0.0,0.0,0.04777937252672584,0.25758653142754634,0.0,0.0,0.0,0.0,0.0,0.09383748047027683,0.2248290033625558,0.0,0.07800277363307356,0.0,0.0,0.0,0.0,0.0,0.0,0.0,0.29796483857982164,0.0,0.0,0.0,0.0
TARGET.20.PASAMY.09A,0.0,0.0,0.0,0.0,0.0,0.0,0.0,0.10079518775859157,0.4104598503678474,0.0,0.0,0.0,0.0,0.0,0.0,0.2158613760190117,0.0,0.0,0.0,0.016421742869154654,0.0,0.2456470574476249,0.0,0.0,0.0,0.010814785537769779,0.0,0.0,0.0,0.0
TARGET.20.PARIHK.09A,0.0,0.0,0.0,0.0,0.0,0.0,0.0,0.11552990205125241,0.23182312480601439,0.0,0.0,0.0,0.0,0.0,0.18813567801072645,0.46393693028365285,0.0,0.0,0.0,0.0,0.0,0.0005743648483537858,0.0,0.0,0.0,0.0,0.0,0.0,0.0,0.0
TARGET.20.PAVDBK.09A,0.0,0.0,0.0,0.0,0.0,0.0,0.0,0.007330568150099216,0.183315609304462,0.0,0.0,0.0,0.0,0.0,0.13154108520280533,0.30351378527352785,0.006801274873440373,0.0,0.002588607688311967,0.0,0.12355336694813131,0.006509784914478816,0.0,0.0,0.0,0.23484591764474325,0.0,0.0,0.0,0.0
TARGET.20.PALSSP.09A,0.0,0.0,0.0,0.0,0.0,0.0,0.0,0.07618039133851115,0.13729436344583476,0.0,0.0,0.0,0.0,0.0,0.06697804521573483,0.5028168928906562,0.0,0.0,0.0,0.0,0.0,0.005567326004931162,0.0,0.0,0.05075797975958001,0.16040500134475194,0.0,0.0,0.0,0.0
TARGET.20.PAUWKY.09A,0.0,0.0,0.0,0.0,0.0,0.0,0.0,0.0,0.7717754864435785,0.0,0.0,0.0,0.0,0.0,0.029282450047734127,0.17317472674554663,0.0,0.0,0.0,0.0,0.0,0.025767336763140757,0.0,0.0,0.0,0.0,0.0,0.0,0.0,0.0
TARGET.20.PAYHXC.09A,0.0,0.0,0.0,0.0,0.0,0.0,0.0,0.021032401984608384,0.30234113233177873,0.0,0.0,0.0,0.0,0.0,0.03668973818599302,0.5925520822452849,0.0,0.0,0.0,0.0,0.0,0.0008653733896847334,0.0,0.0,0.0,0.04651927186265023,0.0,0.0,0.0,0.0
TARGET.20.PATDRL.09A,0.0,0.03400424702390633,0.0,0.0,0.0,0.0,0.0,0.06361925728347145,0.21683943964589955,0.0,0.0,0.0,0.0,0.0,0.4596544189807578,0.05677550413656568,0.0,0.0,0.010883621421253613,0.045767172964082746,0.0,0.02118280887092978,0.0,0.0,0.0,0.09127352967313289,0.0,0.0,0.0,0.0
TARGET.20.PAWTTI.09A,0.0,0.0,0.0,0.0,0.0,0.0,0.0,0.03889874842988783,0.16216956881160183,0.0,0.0,0.0,0.0,0.0,0.0,0.4394805737211718,0.0,0.0,0.04080020530956411,0.056980029847478256,0.0,0.0,0.13595560207867508,0.0,0.12571527180162106,0.0,0.0,0.0,0.0,0.0
TARGET.20.PAWBAS.09A,0.0,0.0,0.0,0.0,0.0,0.0,0.0,0.08175689252880412,0.1679708717067092,0.0,0.0,0.0,0.0,0.0,0.0,0.5889955634614842,0.0,0.0,0.0013639751239138051,0.0,0.0,0.0,0.11628426520947462,0.0,0.0,0.0,0.0,0.0,0.0436284319696139,0.0
TARGET.20.PAUJCF.09A,0.0,0.0,0.040010816945057974,0.0,0.04111265411742981,0.0,0.0,0.016807533171594252,0.3084895550627535,0.0,0.0,0.0,0.0,0.0,0.2515469095021183,0.1335151259130113,0.0,0.0,0.0,0.0,0.0,0.008893013134500253,0.0,0.0,0.0,0.19962439215353453,0.0,0.0,0.0,0.0
TARGET.20.PATAER.09A,0.06573600453305732,0.0,0.0,0.0,0.02901590025283921,0.0,0.0,0.046249125897114766,0.14836708316067232,0.0,0.0,0.0,0.0,0.0,0.0,0.37804043992287684,0.0,0.0,0.0,0.026467788841977282,0.0,0.004473939781841208,0.0,0.0,0.07421429097587488,0.22743542663374616,0.0,0.0,0.0,0.0
TARGET.20.PAWMKF.09A,0.0,0.0,0.0,0.0,0.0,0.0,0.0,0.0,0.4691519178987073,0.0,0.0,0.0,0.0,0.0,0.0,0.4374762398245903,0.0,0.0,0.0,0.0,0.0,0.0005445072816207064,0.02128597283675137,0.0,0.05634276130277531,0.0,0.0,0.0,0.015198600855555064,0.0
TARGET.20.PAWXZJ.09A,0.0,0.0628901094387215,0.0,0.0,0.0,0.0,0.0,0.04654560869711114,0.12979441995907412,0.0,0.0,0.0,0.0,0.0,0.13296824036910979,0.44060045157298916,0.0,0.0,0.0002750589843589142,0.0,0.0,0.015388958105476459,0.0,0.0,0.0,0.17153715287315893,0.0,0.0,0.0,0.0
TARGET.20.PAPXUF.09A,0.0,0.0,0.0,0.05026529553719777,0.0,0.0,0.0,0.007721760149660399,0.09946848936916568,0.0,0.0,0.0,0.1444532302642287,0.0,0.01269387681682543,0.20372770983118524,0.05366233815281658,0.0,0.0,0.01722186835815672,0.004469477606815167,0.0,0.0,0.11499817291980619,0.0,0.29131778099414224,0.0,0.0,0.0,0.0
TARGET.20.PASKPI.09A,0.0,0.0,0.0,0.0,0.0,0.0,0.0,0.02017981500095783,0.0,0.0,0.0,0.0,0.0,0.0,0.0,0.09831781859275014,0.2761605183502493,0.0,0.0,0.030871922698763824,0.0,0.0,0.0,0.15135660861174394,0.009815366216652854,0.24860004149146264,0.0,0.0,0.16469790903741952,0.0
TARGET.20.PARJRG.09A,0.0,0.08910111101367835,0.01858062148888011,0.0,0.0,0.0,0.0,0.012892942867611116,0.19956422724379372,0.0,0.0,0.0,0.0,0.0,0.11862002881843278,0.2430980553793701,0.0,0.0,0.0,0.0,0.02795518276946084,0.007302284256733388,0.0,0.0,0.0,0.28288554616203965,0.0,0.0,0.0,0.0
TARGET.20.PAXGIX.09A,0.0,0.0,0.0,0.0,0.0,0.0,0.0,0.09607028205004936,0.11015366209386328,0.0,0.0,0.0,0.0,0.0,0.06775529947986043,0.3401115456050707,0.0,0.0,0.0,0.0,0.024753139884623042,0.0035096653895117236,0.0,0.0,0.0,0.3576464054970215,0.0,0.0,0.0,0.0
TARGET.20.PAUVER.09A,0.0,0.0,0.0,0.0,0.133447654882196,0.0,0.0,0.04559136475517123,0.22335581790164385,0.0,0.0,0.0,0.0,0.0,0.4039577277656305,0.19054060342011672,0.0,0.0,0.0,0.0,0.0,0.003106831275241649,0.0,0.0,0.0,0.0,0.0,0.0,0.0,0.0
TARGET.20.PASIZX.09A,0.0,0.0,0.0,0.0,0.05495860062552898,0.0,0.0,0.012424841563748621,0.5032895479546068,0.0,0.0,0.0,0.0,0.0,0.0,0.35535660398172825,0.0,0.0,0.0,0.0,0.0,0.004454867728390097,0.0,0.0,0.06608210033176051,0.0,0.003433437814236782,0.0,0.0,0.0
TARGET.20.PAMYWW.09A,0.0,0.12087992461579876,0.0,0.0,0.0,0.0,0.0,0.06242731884376313,0.2391388885587133,0.0,0.0,0.0,0.0,0.0,0.24142567699186554,0.0874763770439666,0.0,0.0,0.0,0.03412476855968973,0.0,0.0023916464869954243,0.0,0.0,0.0,0.21213539889920752,0.0,0.0,0.0,0.0
TARGET.20.PAWHAB.09A,0.0,0.0,0.0,0.0,0.0,0.0,0.0,0.030259286484609037,0.031080936472974992,0.0,0.0,0.0,0.0,0.0,0.0,0.47762544543348256,0.0,0.0,0.0,0.011566712525479642,0.06482763391763186,0.005090802614897054,0.0,0.0,0.0,0.11910037249774241,0.0,0.0,0.2604488100531824,0.0
TARGET.20.PAVMWJ.09A,0.0,0.0,0.0,0.0,0.0,0.0,0.0,0.018026042540019223,0.0,0.0,0.0,0.0,0.0,0.0,0.012366961351158607,0.38927965923108854,0.0,0.0,0.0007427062786112511,0.0,0.2669217225264256,0.013977195704273882,0.0,0.042237414037649745,0.0,0.25644829833077315,0.0,0.0,0.0,0.0
TARGET.20.PAWLEB.09A,0.0,0.0,0.01319064371995153,0.0,0.0,0.0,0.0,0.08976099778724074,0.12170847443651457,0.0,0.0,0.0,0.0,0.0,0.0,0.3340060599031339,0.03459401042979653,0.0,0.0,0.0,0.005602609208889631,0.0013628565044645463,0.0,0.04353604777918627,0.0,0.35623830023082215,0.0,0.0,0.0,0.0
TARGET.20.PAVYKS.09A,0.0,0.0,0.0,0.0,0.10304108411714794,0.0,0.0,0.09029834363166221,0.2980843022340927,0.0,0.0,0.0,0.0,0.0,0.26238892394802443,0.08410589072207478,0.0,0.0,0.0,0.13067380952045685,0.0,0.03140764582654099,0.0,0.0,0.0,0.0,0.0,0.0,0.0,0.0
TARGET.20.PAXVJC.09A,0.0,0.0,0.0,0.0,0.0,0.0,0.0,0.04707714844629215,0.030348861364390075,0.0,0.0,0.0,0.0,0.0,0.1946246265727253,0.44593485660263843,0.0,0.0,0.0001223213784522619,0.019152648690939106,0.0,0.014526273011701818,0.0,0.0,0.0,0.2482132639328609,0.0,0.0,0.0,0.0
TARGET.20.PANNBM.09A,0.0,0.0,0.0,0.0,0.0,0.0,0.0,0.09396094625598773,0.6662467172643024,0.0,0.0,0.0,0.0,0.0,0.23979233647970974,0.0,0.0,0.0,0.0,0.0,0.0,0.0,0.0,0.0,0.0,0.0,0.0,0.0,0.0,0.0
TARGET.20.PATAIJ.09A,0.0,0.0,0.016398836085281226,0.0,0.0,0.0,0.0,0.10037283717349882,0.12376221415906574,0.0,0.0,0.0,0.0,0.0,0.028527037159207555,0.17421144407046169,0.0,0.0,0.0,0.0,0.123572581220465,0.022920236476839783,0.0,0.0,0.0,0.4102348136551802,0.0,0.0,0.0,0.0
TARGET.20.PAVHNV.09A,0.0,0.0,0.0,0.0,0.0,0.0,0.0,0.052859899496707476,0.06849694523635189,0.0,0.0,0.0,0.0,0.0,0.0,0.8281594226273687,0.0,0.0,0.0,0.0,0.0,0.0,0.0,0.0,0.0,0.05048373263957173,0.0,0.0,0.0,0.0
TARGET.20.PANUNT.09A,0.10742205727272489,0.04703315477766641,0.0,0.0,0.0,0.0,0.0,0.03234415076487306,0.020050510842562593,0.0,0.0,0.0,0.014245580925508846,0.0,0.0,0.0,0.0,0.0,0.003432340638868194,0.0,0.0,0.02488717468453984,0.0,0.090528341981662,0.0,0.660056688111594,0.0,0.0,0.0,0.0
TARGET.20.PAVNIX.09A,0.0,0.0,0.0,0.0,0.0,0.0,0.0,0.034833740661147305,0.267760166547603,0.0,0.0,0.0,0.0,0.0,0.0,0.6968320949561382,0.0,0.0,0.0,0.0,0.0,0.0,0.0005739978351115207,0.0,0.0,0.0,0.0,0.0,0.0,0.0
TARGET.20.PAWWLI.09A,0.0,0.0,0.0,0.0,0.0,0.0,0.0,0.009713489568245644,0.0,0.0,0.0,0.0,0.0,0.0,0.0,0.6618497212345353,0.009352564832983282,0.0,0.0,0.0,0.0,0.0,0.0,0.0937135694924914,0.0,0.2253706548717443,0.0,0.0,0.0,0.0
TARGET.20.PAXBDM.09A,0.0,0.0,0.0,0.0,0.0,0.0,0.0,0.016120325817989202,0.0,0.0,0.0,0.0,0.0,0.08552155816303458,0.0,0.3718463308569067,0.0,0.0,0.0,0.0,0.0,0.0,0.2054425419535984,0.0,0.06422574406000743,0.0,0.0,0.0,0.2568434991484637,0.0
TARGET.20.PAXMCG.09A,0.0,0.0,0.0,0.0,0.0,0.0,0.0,0.060356952570283624,0.36683897984454616,0.0,0.0,0.0,0.0,0.0,0.0,0.4090742940113172,0.0,0.0,0.0011790232718560073,0.058589928973011504,0.0,0.0,0.10396082132898556,0.0,0.0,0.0,0.0,0.0,0.0,0.0
TARGET.20.PAWLUX.09A,0.0,0.0,0.04594971505856444,0.06586784201369178,0.0,0.0,0.0,0.053916479526336054,0.14872583562222444,0.0,0.0,0.0,0.0,0.0,0.0,0.5896784971068856,0.0,0.0,0.0,0.0,0.0,0.005476766235775517,0.0,0.0,0.0,0.09038486443652215,0.0,0.0,0.0,0.0
TARGET.20.PAWMKU.09A,0.0,0.0,0.0,0.0,0.0,0.0,0.0,0.051515111721688336,0.3378646681063549,0.0,0.0,0.0,0.0,0.0,0.0,0.41713301750682713,0.0,0.0,0.00769930809700646,0.0,0.0,0.049093472805950854,0.0012863713192076865,0.0,0.0832547812671334,0.052153269175831185,0.0,0.0,0.0,0.0
TARGET.20.PASZJT.09A,0.0,0.0,0.0,0.0,0.0,0.0,0.0,0.03926323446189186,0.08867074990567701,0.0,0.0,0.0,0.0,0.0,0.0,0.1799272338168299,0.0,0.0,0.06841523559095522,0.0,0.0,0.00890054580155376,0.0,0.0,0.09648184946635463,0.0,0.0,0.0,0.5183411509567377,0.0
TARGET.20.PASWPD.09A,0.38650451311369255,0.0,0.0,0.0,0.019182347112279556,0.0,0.0,0.0646995749938152,0.14764493147683252,0.0,0.0,0.0,0.0,0.0,0.14338861012308549,0.23835745013948784,0.0,0.0,0.0,0.0,0.0,0.00022257304080671404,0.0,0.0,0.0,0.0,0.0,0.0,0.0,0.0
TARGET.20.PAVULK.09A,0.0,0.0,0.0,0.0,0.0,0.0,0.0,0.17162344515592862,0.1327703569678809,0.0,0.0,0.0,0.0,0.0,0.14520232711897915,0.4835034428555322,0.0,0.0,0.0,0.0,0.0,0.008902358946543135,0.0,0.0,0.0,0.05799806895513589,0.0,0.0,0.0,0.0
TARGET.20.PAWWWU.09A,0.0,0.0,0.0,0.0,0.0,0.0,0.0,0.1032204788454229,0.2809099350059506,0.0,0.0,0.0,0.0,0.0,0.24558310988816448,0.31553287339005487,0.0,0.0,0.0,0.0,0.0,0.006411024112022132,0.0,0.0,0.0,0.048342578758385,0.0,0.0,0.0,0.0
TARGET.20.PAWIXW.09A,0.0,0.0,0.0,0.0,0.0,0.0,0.0,0.01446866447174848,0.20984377237071905,0.0,0.0,0.0,0.0,0.0,0.0,0.4272518524238778,0.07184589809116461,0.0,0.0,0.0,0.0,0.0,0.0,0.11954623626017648,0.0,0.15704357638231362,0.0,0.0,0.0,0.0
TARGET.20.PAYGYM.Unsorted.09A,0.0,0.0,0.0,0.0,0.0,0.0,0.0,0.03385630069235668,0.0,0.0,0.0,0.0,0.0,0.0,0.14598615607603668,0.18531279804357467,0.10497639031943604,0.0,0.0017660531676869265,0.09177783476921215,0.0,0.006553298830744034,0.0,0.020603737535034056,0.0021746495787759107,0.4069927809871428,0.0,0.0,0.0,0.0
TARGET.20.PAXFEX.09A,0.0,0.011529359426256524,0.0,0.0,0.0,0.0,0.0,0.05270811406235298,0.07168417016096314,0.0,0.0,0.0,0.0,0.0,0.2545474837095802,0.3609971993761704,0.0,0.0,0.0,0.0,0.0,0.008618513280249833,0.0,0.0,0.0,0.23991515998442686,0.0,0.0,0.0,0.0
TARGET.20.PAXIFA.09A,0.0,0.0,0.0,0.0,0.0,0.0,0.0,0.08525527395876947,0.24419359855632028,0.0,0.0,0.0,0.0,0.0,0.0,0.4649638704214958,0.0,0.0,0.0,0.0,0.0,0.005301886760662252,0.0,0.0,0.024231048522561298,0.176054321780191,0.0,0.0,0.0,0.0
TARGET.20.PAXKTZ.09A,0.0,0.0,0.0,0.0,0.0,0.0,0.0,0.05760536188302617,0.45109220468584654,0.0,0.0,0.0,0.0,0.0,0.015290478835251288,0.19036053527687263,0.0,0.0,0.0,0.0,0.0,0.2025555613935342,0.0,0.0,0.0,0.08309585792546922,0.0,0.0,0.0,0.0
TARGET.20.PAYDUC.09A,0.0,0.0,0.0,0.19167474240423518,0.0,0.0,0.0,0.05714870037714161,0.03114903022250474,0.0,0.0,0.0,0.0,0.0,0.0,0.5762692623083411,0.0,0.0,0.021894569448968552,0.0,0.0,0.010394304894311607,0.0,0.0,0.11146939034449738,0.0,0.0,0.0,0.0,0.0
TARGET.20.PAUMTZ.09A,0.0,0.0,0.0,0.0,0.0,0.0,0.0,0.14037120886022128,0.04324985943585246,0.0,0.0,0.0,0.0,0.0,0.0,0.40793696873003704,0.0,0.0,0.0,0.0,0.0,0.0015776150417545708,0.0,0.0,0.18072054046227914,0.2261438074698555,0.0,0.0,0.0,0.0
TARGET.20.PASEMA.09A,0.0,0.0,0.0,0.0,0.004144543014545181,0.0,0.0,0.14098533341240851,0.0,0.0,0.0,0.0,0.0,0.0,0.5207544526950937,0.32475963979540484,0.0,0.0,0.008359227709897186,0.0,0.0,0.0009968033726505986,0.0,0.0,0.0,0.0,0.0,0.0,0.0,0.0
TARGET.20.PAXDBF.09A,0.0,0.0,0.0,0.0,0.0665598653801539,0.0,0.0,0.05149186348979462,0.15809961623946658,0.0,0.0,0.0,0.0,0.0,0.05907285149566885,0.2989521771035,0.0,0.0,0.0,0.0,0.02619024472554614,0.0027265797293152525,0.0,0.0,0.05347510136526242,0.28343170047129207,0.0,0.0,0.0,0.0
TARGET.20.PALRMX.09A,0.0,0.0,0.0,0.0,0.0,0.0,0.0,0.09063013546069569,0.10149573065416587,0.0,0.0,0.0,0.04250986177810774,0.0,0.24969744076025463,0.3295197747603483,0.0,0.0,0.0,0.0,0.0,0.0061585662254097975,0.0,0.0,0.0,0.1799884903610181,0.0,0.0,0.0,0.0
TARGET.20.PAVKVT.09A,0.0,0.0,0.0,0.0,0.0,0.0,0.0,0.04250839373266122,0.086193853515199,0.0,0.0,0.0,0.0,0.0,0.23326003082232724,0.6303019056549775,0.0,0.0,0.007735816274834956,0.0,0.0,0.0,0.0,0.0,0.0,0.0,0.0,0.0,0.0,0.0
TARGET.20.PANFMG.09A,0.0,0.0,0.0,0.0,0.15079126527510225,0.0,0.0,0.07682141684836648,0.09432986465574546,0.0,0.0,0.0,0.0,0.0,0.18891868277597715,0.20104586049858533,0.0,0.05064249950235283,0.0,0.0,0.03830963150151472,0.0022577365658863428,0.0,0.0,0.0,0.19688304237646928,0.0,0.0,0.0,0.0
TARGET.20.PARZUU.09A,0.0,0.2888650170929656,0.0,0.0,0.12336741497641392,0.0,0.0,0.04706003500490129,0.0810115432681878,0.0,0.0,0.0,0.0,0.0,0.1961540747408156,0.10009038668190053,0.0,0.0,0.03932772559741954,0.0,2.0397442446335752e-05,0.0,0.0,0.0,0.0,0.12410340519494939,0.0,0.0,0.0,0.0
TARGET.20.PAMYJX.09A,0.0,0.0,0.0,0.0,0.0,0.0,0.0,0.014658016184185059,0.04795203191281396,0.0,0.0,0.0,0.0,0.08250108360464332,0.0,0.3875449700182489,0.0,0.0,0.0,0.0,0.0,0.0,0.1384101945559997,0.0,0.08870329352860647,0.0,0.0,0.0,0.2402304101955025,0.0
TARGET.20.PAVANX.09A,0.0,0.0,0.0,0.0,0.0,0.0,0.0,0.06518211956917627,0.5339393753654434,0.0,0.0,0.0,0.0,0.0,0.1601974512504246,0.10517217122581102,0.0,0.0,0.0,0.08381675522611029,0.0,0.05169212736303446,0.0,0.0,0.0,0.0,0.0,0.0,0.0,0.0
TARGET.20.PASGWH.09A,0.0,0.0,0.0,0.0,0.0,0.0,0.0,0.013254541007247538,0.3493802059128211,0.0,0.0,0.0,0.0,0.0,0.0,0.323757757777931,0.0,0.0,0.0,0.0,0.0,0.0,0.08377065497532168,0.0,0.07572956001823004,0.0,0.0,0.0,0.1541072803084487,0.0
TARGET.20.PAXGES.09A,0.0,0.0,0.0,0.0,0.0,0.0,0.0,0.0022933677427236865,0.1315642244529228,0.0,0.0,0.0,0.0,0.0,0.0,0.8630634777136008,0.0,0.0,0.0,0.0,0.0,0.003078930090752765,0.0,0.0,0.0,0.0,0.0,0.0,0.0,0.0
TARGET.21.PASVJS.09A,0.0,0.0,0.08275607822784192,0.0,0.0,0.0,0.0,0.12662623326637495,0.45707390604078,0.0,0.0,0.0,0.014471481086787832,0.0,0.0,0.06770803717078222,0.0,0.0,0.0,0.0,0.0,0.0,0.0,0.0,0.01401389978648821,0.2373503644209449,0.0,0.0,0.0,0.0
TARGET.20.PAWPVX.09A,0.0,0.0,0.0,0.0,0.0,0.0,0.0,0.1047054450329618,0.26062781253256956,0.0,0.0,0.0,0.0,0.0,0.12182022764919645,0.21763200361213733,0.0,0.0,0.21577855282447422,0.00947481857489659,0.0,0.0022999539176327,0.0,0.0,0.0,0.06766118585613128,0.0,0.0,0.0,0.0
TARGET.20.PAVAAS.09A,0.0,0.0,0.0,0.0,0.0,0.0,0.0,0.062258150186111576,0.06808219952947545,0.0,0.0,0.0,0.0,0.0,0.0,0.5106523427091728,0.0,0.0,0.0,0.0,0.22714975440534366,0.0023769818533981757,0.0,0.0,0.0,0.12948057131649843,0.0,0.0,0.0,0.0
TARGET.20.PAXLGL.09A,0.0,0.0,0.0,0.0,0.0,0.0,0.0,0.013556924869229589,0.24925214596550824,0.0,0.0,0.0,0.0,0.0,0.0,0.6197406797094487,0.0,0.0,0.0,0.0,0.0,0.017715632377002972,0.0,0.0,0.020349212269797357,0.0,0.0,0.0,0.07938540480901314,0.0
TARGET.20.PAWLKP.09A,0.0,0.0,0.0,0.0,0.0,0.0,0.0,0.015096346022403515,0.349937515636878,0.0,0.0,0.0,0.0,0.0,0.0,0.5456984677058108,0.0,0.0,0.0,0.0,0.0,0.0,0.08926767063490766,0.0,0.0,0.0,0.0,0.0,0.0,0.0
TARGET.20.PASYWV.09A,0.0,0.0,0.0,0.0,0.0,0.0,0.0,0.0,0.09854264300393231,0.11258439270962028,0.0,0.0,0.0,0.0978533950389136,0.0,0.1391517240937388,0.0,0.0,0.0,0.0,0.32512498356190217,0.007200592156761496,0.0,0.0,0.0,0.0,0.0,0.0,0.21954226943513142,0.0
TARGET.20.PAWAXV.09A,0.0,0.0,0.0,0.0,0.0,0.0,0.0,0.10443781891349445,0.007889091245483336,0.0,0.0,0.0,0.0,0.0,0.3280270057336636,0.17680063524799025,0.0,0.0,0.010932508830891684,0.23475570021614228,0.0,0.03662145451532777,0.0,0.0,0.04570348565158902,0.05483229964541757,0.0,0.0,0.0,0.0
TARGET.20.PAVDYE.09A,0.0,0.0,0.0,0.0,0.0,0.0,0.0,0.05909979428489284,0.1134892016573853,0.0,0.0,0.0,0.0,0.0,0.0,0.704669355151421,0.0,0.0,0.03885896817395097,0.0,0.0,0.0012188006958623976,0.0,0.0,0.08266388003648745,0.0,0.0,0.0,0.0,0.0
TARGET.20.PARPBF.09A,0.0,0.03767381451203782,0.0,0.0,0.0,0.0,0.0,0.033397446957681896,0.3688724413494481,0.0,0.0,0.0,0.0,0.0,0.10507615101980221,0.14505521313157274,0.0,0.0,0.267944702562215,0.0,0.0,0.008768769312228048,0.0,0.0,0.0,0.0332114611550142,0.0,0.0,0.0,0.0
TARGET.20.PAXLXJ.09A,0.0,0.0,0.0,0.0,0.0,0.0,0.0,0.036073518684969774,0.0842977243393257,0.0,0.0,0.0,0.0,0.0,0.0,0.6774945824838496,0.0,0.0,0.0,0.0,0.0,0.0033004135701333254,0.0,0.0,0.17685164689946556,0.021982114022256034,0.0,0.0,0.0,0.0
TARGET.20.PAUYHR.09A,0.0,0.0,0.0,0.0,0.0,0.0,0.0,0.02432056710307154,0.07641037513956317,0.0,0.0,0.0,0.0,0.0,0.06779697077914199,0.8059207191230677,0.0,0.0,0.0,0.0,0.0,0.02555136785515564,0.0,0.0,0.0,0.0,0.0,0.0,0.0,0.0
TARGET.20.PAWWFF.09A,0.0,0.0,0.0,0.0,0.0,0.0,0.0,0.12605356497705802,0.1077371559098223,0.0,0.0,0.0,0.0,0.0,0.15763294739273287,0.5176622809045878,0.0,0.0,0.036591236544693546,0.0,0.0,0.005536947745772857,0.0,0.0,0.0,0.04878586652533257,0.0,0.0,0.0,0.0
TARGET.20.PANNHB.09A,0.0,0.14174385012079357,0.0,0.0,0.0,0.0,0.0,0.008463816860074155,0.09555344319682056,0.0,0.0,0.0,0.0,0.0,0.0,0.043517301442112896,0.0,0.0,0.0,0.0,0.5129273821638928,0.001284790034544805,0.0,0.0,0.0,0.19650941618176127,0.0,0.0,0.0,0.0
TARGET.20.PARDDY.09A,0.0,0.3968328980321963,0.0,0.0,0.0,0.0,0.0,0.4016186768789572,0.18089032716443756,0.0,0.0,0.0,0.0,0.0,0.020658097924409004,0.0,0.0,0.0,0.0,0.0,0.0,0.0,0.0,0.0,0.0,0.0,0.0,0.0,0.0,0.0
TARGET.20.PAWZIX.09A,0.0,0.0,0.0,0.0,0.09863796103802679,0.0,0.0,0.044654291236996095,0.15062106094028146,0.0,0.0,0.0,0.0,0.0,0.01706792786690886,0.4469740423005291,0.0,0.0,0.0,0.008162165971296504,0.0,0.0029433899197575087,0.0,0.0,0.03346349937133288,0.1974756613548709,0.0,0.0,0.0,0.0
TARGET.20.PAEJET.09A,0.0,0.0,0.007085874756994603,0.12231276618334055,0.0,0.0,0.0,0.050189450048663126,0.21430960090660683,0.0,0.0,0.0,0.0,0.0,0.0831692864047496,0.19281611696289705,0.0,0.0,0.0,0.0,0.0,0.008410715724689008,0.0,0.0,0.0,0.32170618901205933,0.0,0.0,0.0,0.0
TARGET.20.PASTZU.09A,0.0,0.0,0.0,0.04095923971129815,0.0,0.0,0.0,0.0,0.1897075922202269,0.0,0.0,0.0,0.0,0.0,0.0,0.7635021350495853,0.0,0.0,0.00046275587465220355,0.0,0.0,0.005368277144237456,0.0,0.0,0.0,0.0,0.0,0.0,0.0,0.0
TARGET.20.PANXPU.09A,0.06221050879686998,0.0,0.06770879270340212,0.06611115752455425,0.09340931896632762,0.0,0.0,0.03226306670452709,0.2303379650822121,0.0,0.0,0.0,0.0,0.0,0.0,0.19671389575954462,0.0,0.0,0.0,0.007483531451979028,0.18433338331738894,0.0,0.0,0.0,0.05878166679413492,0.0006467128990592931,0.0,0.0,0.0,0.0
TARGET.20.PASJEJ.09A,0.0,0.0,0.0,0.0,0.0,0.0,0.0,0.05889708466382244,0.07873729937844881,0.0,0.0,0.0,0.016676365854833196,0.0,0.0,0.1912590374676188,0.0,0.0,0.0,0.0,0.26577483984142736,0.0032470595331884258,0.029502324343216743,0.0,0.0,0.18171539064887177,0.0,0.0,0.17419059826857247,0.0
TARGET.20.PASPRK.09A,0.0,0.0,0.0,0.0,0.0,0.0,0.0,0.11408883872090463,0.1294808402901275,0.0,0.0,0.0,0.0,0.0,0.43871105733692506,0.31166218212643204,0.0,0.0,0.0,0.0,0.0,0.006057081525610654,0.0,0.0,0.0,0.0,0.0,0.0,0.0,0.0
TARGET.20.PAVJCJ.09A,0.0,0.0,0.0,0.0,0.0,0.0,0.0,0.030489351765574883,0.27499258210603833,0.0,0.0,0.0,0.0,0.0,0.04319466515025779,0.4874539869475568,0.0,0.0,0.0,0.0,0.0,0.001149753503229675,0.0,0.0,0.1274193787423937,0.03530028178494879,0.0,0.0,0.0,0.0
TARGET.20.PAWGEW.09A,0.0,0.0,0.0,0.0,0.0,0.0,0.0,0.005454093730009656,0.2688497667441776,0.0,0.0,0.0,0.0,0.0,0.0,0.29307402073863986,0.0,0.0,0.018659690786152427,0.061734959170069714,0.0,0.06421496865287855,0.0,0.0,0.0,0.2880125001780722,0.0,0.0,0.0,0.0
TARGET.20.PAXGHE.09A,0.0,0.0,0.0,0.0,0.0,0.0,0.0,0.10195782205433823,0.029036548923372152,0.0,0.0,0.0,0.0,0.0,0.06593837329451177,0.5630312481522264,0.0,0.0,0.0,0.0,0.0,0.0,0.0,0.0,0.0,0.24003600757555146,0.0,0.0,0.0,0.0
TARGET.20.PAXAXY.09A,0.0,0.021233311498373326,0.0,0.0,0.0,0.0,0.0,0.029054707663329103,0.0,0.0,0.0,0.0,0.0,0.0,0.20817670717222983,0.31127554649697264,0.0,0.16311353265820003,0.0,0.0,0.0,0.0,0.0,0.0,0.0,0.26714619451089505,0.0,0.0,0.0,0.0
TARGET.20.PAWBYK.09A,0.0,0.0,0.0,0.0,0.0,0.0,0.0,0.08782517292940115,0.41782683996896425,0.0,0.0,0.0,0.0,0.0,0.0,0.2797516943499322,0.0,0.0,0.004949372790994795,0.06402476672938916,0.0,0.04094319565956306,0.04244044708531231,0.0,0.06223851048644322,0.0,0.0,0.0,0.0,0.0
TARGET.20.PASHYZ.09A,0.0,0.0,0.0,0.0,0.0,0.0,0.0,0.03639387354161955,0.031037230227701443,0.021025382317429515,0.0,0.0,0.0,0.0,0.0,0.14339246611295522,0.0,0.0,0.0014878390722585177,0.0032831005123505398,0.6375139503320589,0.007250529887661278,0.0,0.0,0.0,0.0,0.0,0.0,0.11861562799596496,0.0
TARGET.20.PARYFA.09A,0.0,0.0,0.0,0.0,0.0,0.0,0.0,0.02356882249048384,0.1728623793351904,0.0,0.0,0.0,0.0,0.0,0.0,0.6289171437238882,0.0,0.0,0.0,0.0,0.0,0.00784547519496839,0.06657964145919061,0.0,0.10022653779627856,0.0,0.0,0.0,0.0,0.0
TARGET.20.PAXBCW.09A,0.0,0.0,0.0,0.0,0.0,0.0,0.0,0.02131894032373791,0.03494861373342381,0.0,0.0,0.0,0.0,0.0,0.035538618825347174,0.47895673553237683,0.0,0.0,0.03293850202392822,0.0,0.0,0.038017776232165124,0.0,0.0,0.0,0.358280813329021,0.0,0.0,0.0,0.0
TARGET.20.PAXDEG.09A,0.0,0.0,0.0,0.0,0.27160966263040487,0.0,0.0,0.0913775018860775,0.130092385301695,0.0,0.0,0.0,0.0,0.0,0.39124910216559483,0.07477168308408257,0.0,0.0,0.0,0.0,0.0,0.004597446856379625,0.0,0.0,0.0,0.03630221807576557,0.0,0.0,0.0,0.0
TARGET.20.PAVVTF.09A,0.0,0.0,0.03731046779946906,0.0,0.0,0.0,0.0,0.0,0.32005491004547915,0.0,0.0,0.0,0.0,0.0,0.0,0.19766136817851146,0.05481865347728969,0.0,0.0,0.0,0.0,0.012941741947100441,0.0,0.0,0.0,0.37721285855215025,0.0,0.0,0.0,0.0
TARGET.20.PARBVE.09A,0.0,0.1577910878189248,0.0,0.0,0.0,0.0,0.0,0.0,0.15601187650549808,0.0,0.0,0.0,0.0,0.0,0.0,0.17762221579764856,0.0,0.0,0.0,0.04819449892341594,0.26938281300766487,0.0049469004357427975,0.02013406803378858,0.0,0.0,0.16508363135229864,0.0,0.0,0.000832908125017646,0.0
TARGET.20.PAWEAN.09A,0.0,0.0,0.0,0.0,0.0,0.0,0.0,0.03409267534500636,0.14971329493886062,0.0,0.0,0.0,0.0,0.0,0.0,0.3459652046600654,0.0,0.0,0.005567992601594892,0.047563103527623586,0.13603632144802008,0.003769478725234295,0.0,0.0,0.0,0.27729192875359476,0.0,0.0,0.0,0.0
TARGET.20.PARTWN.09A,0.0,0.1268195522968426,0.0,0.0,0.0,0.0,0.0,0.04761815164368524,0.1571989334171753,0.0,0.0,0.0,0.0,0.0,0.0,0.26483932860991827,0.0,0.0,0.08891223871235034,0.02247784722483238,0.012247234738815147,0.02405608791826595,0.0025309871769246205,0.0,0.0009010763789364449,0.20706202105826363,0.0,0.0,0.0453365408239902,0.0
TARGET.20.PALISI.09A,0.0,0.06960922888694122,0.0,0.2190264062769279,0.0,0.0,0.0,0.09364507672311703,0.0,0.0,0.0,0.0,0.0,0.0,0.15818561129205905,0.2498135480905541,0.0,0.10318466530259271,0.022105801586888237,0.0,0.0,0.0,0.0,0.0,0.0,0.08442966184091984,0.0,0.0,0.0,0.0
TARGET.20.PAWRKX.09A,0.0,0.0,0.0,0.014465748353655682,0.0,0.0,0.0,0.0,0.05771401678690765,0.0,0.0,0.0,0.0,0.0,0.0,0.6980168511256208,0.0,0.0,0.0,0.0,0.0,0.0,0.0,0.0,0.0,0.2298033837338159,0.0,0.0,0.0,0.0
TARGET.20.PAUSBA.09A,0.0,0.0,0.026920698401178795,0.0,0.0,0.0,0.0,0.10049583341539241,0.2724134593060018,0.0,0.0,0.0,0.0,0.0,0.12698204967922141,0.25776085598829007,0.0,0.0,0.0,0.0008779806244771336,0.0,0.01225485951315745,0.0,0.0,0.0,0.20229426307228104,0.0,0.0,0.0,0.0
TARGET.20.PAYHMK.Sorted.non.leukemic.09A,0.0,0.0,0.030073678687079268,0.0,0.0,0.0,0.0,0.10001330604759465,0.18000691975376243,0.0,0.0,0.0,0.0,0.0,0.0,0.3119107467358574,0.0,0.0,0.0,0.0,0.0,0.010036024228820226,0.03257908645377868,0.0,0.02735905061832589,0.0,0.0,0.0,0.30802118747478147,0.0
TARGET.20.PATDNN.09A,0.0,0.0,0.0,0.0,0.0,0.0,0.0,0.12240360515139348,0.0,0.0,0.0,0.0,0.0,0.0,0.08492911582737371,0.0085097800578144,0.0,0.0,0.0,0.0,0.0,0.01404653674832301,0.0,0.0,0.537510517739422,0.23260044447567338,0.0,0.0,0.0,0.0
TARGET.20.PAWWWL.09A,0.0,0.0,0.0,0.0,0.0,0.0,0.0,0.0834530378329381,0.0,0.0,0.0,0.0,0.0,0.0,0.0,0.36061884344122497,0.0,0.0,0.04390085855656458,0.05233313390672455,0.0,0.21487698884874248,0.0,0.0,0.0,0.24481713741380548,0.0,0.0,0.0,0.0
TARGET.20.PAVZIB.09A,0.0,0.04407444338930956,0.0,0.0,0.05965275551209275,0.0,0.0,0.06172700058086486,0.046700633972683446,0.0,0.0,0.0,0.0,0.0,0.4715793643560108,0.20760298539197003,0.0,0.0,0.0,0.0,0.0,0.0,0.0,0.0,0.0,0.10866281679706843,0.0,0.0,0.0,0.0
TARGET.20.PAPYUI.09A,0.0,0.042613809056198444,0.007493260383879856,0.0,0.0,0.0,0.0,0.04968655550838403,0.16952450452680495,0.0,0.0,0.0,0.0,0.0,0.0,0.2536406046432622,0.0,0.0,0.0,0.0,0.3281786614596583,0.011828563061851557,0.03929646764461749,0.0,0.0,0.08510995901276691,0.0,0.0,0.012627614702576135,0.0
TARGET.20.PAUVGD.09A,0.0,0.0,0.0,0.11665335265991268,0.0,0.0,0.0,0.007864218900508512,0.057703409641762106,0.0,0.0,0.0,0.0,0.0,0.04099304342639375,0.5494969072487718,0.0,0.0,0.0,0.0,0.0,0.0,0.0,0.0,0.0,0.22728906812265118,0.0,0.0,0.0,0.0
TARGET.20.PAPWZR.09A,0.0,0.0,0.0,0.0,0.0,0.0,0.0,0.0,0.18870257973544524,0.0,0.0,0.0,0.0,0.17263418715355017,0.0,0.2983691459005863,0.0,0.0,0.0,0.0,0.0,0.004339125180076836,0.0,0.0,0.16564396653736438,0.1508051401985409,0.0,0.0,0.019505855294436235,0.0
TARGET.20.PAPVGE.09A,0.12655450428583545,0.0,0.0,0.0,0.0,0.0,0.0,0.016558467638627044,0.0,0.0,0.0,0.0,0.19961892014961616,0.0,0.0,0.1163718335469376,0.0722323328962653,0.0,0.05075004560404337,0.006780568723825275,0.23888944955951377,0.0,0.0,0.04933835032226935,0.026503123272954558,0.09632865121058046,0.0,0.0,7.37527895316238e-05,0.0
TARGET.20.PARBCV.09A,0.0,0.02315248987274977,0.0,0.0,0.0,0.0,0.0,0.026199058738501944,0.12565580670195786,0.0,0.0,0.0,0.0,0.0,0.09832522625646144,0.09536602635709901,0.0,0.030293999132832736,0.0,0.0,0.25303039357292173,0.011730550712190185,0.0,0.0,0.0,0.3362464486552853,0.0,0.0,0.0,0.0
TARGET.20.PALDLR.09A,0.0,0.9005655241336845,0.0,0.0,0.0,0.0,0.0,0.09274630490167352,0.0,0.0,0.0,0.0,0.0,0.0,0.0,0.0,0.0,0.0,0.006688170964642012,0.0,0.0,0.0,0.0,0.0,0.0,0.0,0.0,0.0,0.0,0.0
TARGET.20.PATDXM.09A,0.0,0.0,0.0,0.0,0.0,0.0,0.0,0.020676996950551505,0.5312325318789053,0.0,0.0,0.0,0.0,0.0,0.0,0.183674939855302,0.0,0.0,0.08910925030768459,0.10649416354475975,0.0,0.06881211746279688,0.0,0.0,0.0,0.0,0.0,0.0,0.0,0.0
TARGET.20.PAXEHH.09A,0.0,0.0,0.0,0.0,0.2617485920132658,0.0,0.0,0.029027961341959643,0.0,0.0,0.0,0.0,0.0,0.0,0.155271840815731,0.39026933924626256,0.0,0.0,0.0,0.0,0.0,0.0,0.0,0.0,0.0,0.1636822665827811,0.0,0.0,0.0,0.0
TARGET.20.PANGTF.09A,0.0,0.0,0.034878799100168965,0.0,0.0,0.0,0.0,0.052004425639420954,0.43392190905378974,0.0,0.0,0.0,0.0,0.0,0.0,0.20493475333946867,0.0,0.0,0.0,0.0,0.06468278677170544,0.003221874205323592,0.0,0.0,0.0,0.2063554518901226,0.0,0.0,0.0,0.0
TARGET.20.PAVNHN.09A,0.0,0.0,0.005197066206412835,0.0,0.0,0.0,0.0,0.04112461023175489,0.07924755335688549,0.0,0.0,0.0,0.0,0.0,0.0,0.6164470181830847,0.0,0.0,0.0,0.0,0.0,0.007575786521546563,0.0,0.0,0.0,0.25040796550031535,0.0,0.0,0.0,0.0
TARGET.20.PARFKS.09A,0.0,0.0,0.004798150164679647,0.0,0.024253189189053236,0.0,0.0,0.09523891080220653,0.28074864360788626,0.0,0.0,0.0,0.0,0.0,0.16253086896952953,0.17785276725756372,0.0,0.0,0.0,0.0,0.0,0.008692927976654656,0.0,0.0,0.01563852452780776,0.23024601750461873,0.0,0.0,0.0,0.0
TARGET.20.PASHBI.09A,0.0,0.0,0.0,0.0,0.0,0.0,0.0,0.0012414566563745547,0.13434771546921687,0.0,0.0,0.0,0.0,0.0007528685282561994,0.0,0.1624270574562029,0.0,0.0,0.0,0.09093447684809891,0.179053939834715,0.005548874186215467,0.010499854167845782,0.0,0.0,0.0,0.0,0.0,0.41519375685307447,0.0
TARGET.20.PAXJGS.09A,0.0,0.0,0.0,0.0,0.0,0.0,0.0,0.06933447573106681,0.03330181175107244,0.0,0.0,0.0,0.0,0.0,0.06843646444406944,0.3060787428709935,0.06692834453376155,0.0,0.0,0.17422479802932253,0.0,0.0040517676742121995,0.0,0.0,0.0,0.27764359496550145,0.0,0.0,0.0,0.0
TARGET.20.PAWIZG.09A,0.0,0.0,0.0,0.0,0.0,0.0,0.0,0.0,0.0,0.0,0.0,0.0,0.0,0.0,0.0,0.827234253954063,0.0,0.0,0.0,0.0,0.0,0.010485206522080124,0.0,0.0,0.1622805395238569,0.0,0.0,0.0,0.0,0.0
TARGET.20.PARIYB.09A,0.0,0.06091918923647864,0.0,0.0,0.0,0.0,0.0,0.021281703188688897,0.13736197437377062,0.0,0.0,0.0,0.0,0.0,0.0,0.085707166332239,0.06181673030776446,0.1510175248616824,0.0,0.0,0.12936646950996952,0.05879908239067211,0.0,0.0,0.0,0.2937301597987344,0.0,0.0,0.0,0.0
TARGET.20.PAWUCF.09A,0.0,0.0,0.0,0.0,0.0,0.0,0.0,0.07110950987703064,0.049069163342461225,0.0,0.0,0.0,0.0,0.0,0.022132686172758216,0.5675909206395049,0.0,0.0,0.024912205943284606,0.0,0.0,0.04763684118046519,0.0,0.0,0.13403916169709693,0.08350951114739827,0.0,0.0,0.0,0.0
TARGET.20.PAWABG.09A,0.0,0.0,0.0,0.0,0.0,0.0,0.0,0.03979800684297738,0.053766906115956636,0.0,0.0,0.0,0.0,0.0,0.0,0.501641305212162,0.0,0.0,0.004302356977707178,0.0,0.2054524399224355,0.046136741021828444,0.0,0.0,0.0,0.14012512420625492,0.0,0.0,0.008777119700677957,0.0
TARGET.20.PANGDN.09A,0.0,0.0,0.0,0.0,0.0,0.0,0.0,0.037877715652435834,0.0,0.0,0.0,0.0,0.0,0.0,0.0,0.04955413841150433,0.0,0.0,0.0,0.0,0.0,0.019934878589670305,0.0,0.0,0.42249035969763954,0.47014290764875,0.0,0.0,0.0,0.0
TARGET.20.PANTXR.09A,0.0,0.0,0.0,0.0,0.007440058098136949,0.0,0.0,0.07378798985288543,0.18454390609077304,0.0,0.0,0.0,0.0,0.0,0.0,0.39152836128864715,0.0,0.0,0.0,0.0,0.0,0.004552075136994967,0.009811264382386843,0.0,0.1700383690064402,0.0,0.0,0.0,0.15829797614373545,0.0
TARGET.20.PAVPMH.09A,0.0,0.0,0.0,0.0,0.0,0.0,0.0,0.06277645193949563,0.028189101081209172,0.0,0.0,0.0,0.0,0.0,0.0,0.5534735817812304,0.0,0.0,0.0,0.0,0.0,0.00016713804237663456,0.1276469044107462,0.0,0.000701310339242189,0.0,0.0,0.0,0.22704551240569984,0.0
TARGET.20.PAWXYG.09A,0.0,0.0,0.0,0.0,0.0,0.0,0.0,0.04894848758965476,0.28969565713314677,0.0,0.0,0.0,0.0,0.0,0.0,0.3433915072610769,0.0,0.0,0.0,0.005278025212459957,0.0,0.007948518183315703,0.0,0.0,0.12827952031340842,0.17645828430693739,0.0,0.0,0.0,0.0
TARGET.20.PAVDNF.09A,0.0,0.0,0.04140529758904243,0.0,0.03635103695592794,0.0,0.0,0.18530164701791244,0.08273162658469907,0.0,0.0,0.0,0.0,0.0,0.08189267944595728,0.2506220754926869,0.0,0.0,0.007238753204966701,0.0943881857421513,0.0,0.0013765507774686574,0.0,0.0,0.0,0.21869214718918728,0.0,0.0,0.0,0.0
TARGET.20.PARCHW.09A,0.0,0.09471250681501908,0.028313281570543348,0.0,0.0,0.0,0.0,0.0,0.1566930777602519,0.0,0.0,0.0,0.0,0.0,0.0,0.16341703169872268,0.011846198155454799,0.0,0.0,0.0,0.27219099235286764,0.0051022672325814564,0.0,0.0,0.0,0.2677246444145591,0.0,0.0,0.0,0.0
TARGET.20.PAXACY.09A,0.0,0.0,0.0,0.0,0.0,0.0,0.0,0.04295402866773948,0.02337686653890689,0.0,0.0,0.0,0.0,0.0,0.07357643897445128,0.5543601931572129,0.0,0.0,0.015938572123435205,0.0,0.0,0.0,0.0,0.0,0.0,0.28979390053825443,0.0,0.0,0.0,0.0
TARGET.20.PAVLKG.09A,0.0,0.0,0.0,0.0,0.0,0.0,0.0,0.06890812150844082,0.4114028554467856,0.0,0.0,0.0,0.0,0.0,0.0,0.30127657413971826,0.0,0.0,0.0,0.11574179724677255,0.0,0.034486746500070824,0.0,0.0,0.0,0.06818390515821199,0.0,0.0,0.0,0.0
TARGET.20.PASRUJ.09A,0.0,0.0,0.0,0.07300329278615997,0.0,0.0,0.0,0.03978149692452517,0.18702141755097343,0.0,0.0,0.0,0.0,0.0,0.01019469760601776,0.251533669344544,0.0,0.0,0.0,0.0,0.0,0.002720356254714008,0.0,0.0,0.19144301862964397,0.2443020509034216,0.0,0.0,0.0,0.0
TARGET.20.PAWICA.09A,0.0,0.0,0.0,0.0,0.0,0.0,0.0,0.06458356914392994,0.0192417784629507,0.0,0.0,0.0,0.0,0.0,0.05163264283557842,0.1618550494854947,0.0,0.0,0.5041316010182705,0.0,0.0,0.0,0.0,0.0,0.19855535905377578,0.0,0.0,0.0,0.0,0.0
TARGET.20.PAWYNR.09A,0.0,0.0,0.0,0.0,0.0,0.0,0.0,0.06236192982120336,0.11738431959908835,0.0,0.0,0.0,0.0,0.0,0.3099835600056512,0.16002812012917014,0.0,0.0,0.0,0.0429487137377391,0.0,0.016070465454257936,0.0,0.0,0.0,0.2912228912528899,0.0,0.0,0.0,0.0
TARGET.20.PAWAFE.09A,0.0,0.0,0.0,0.0,0.0,0.0,0.0,0.07625855714550461,0.39723919749173947,0.0,0.0,0.0,0.0,0.0,0.0,0.040632540249040575,0.0,0.0,0.0,0.2511781466740778,0.0,0.09485560910834456,0.0,0.0,0.0,0.13983594933129306,0.0,0.0,0.0,0.0
TARGET.20.PASNAL.09A,0.0,0.0,0.0,0.0,0.0,0.0,0.0,0.007770246767881968,0.022745113616013165,0.0,0.0,0.0,0.21751984679339936,0.0,0.0,0.24050180917775163,0.0,0.0,0.02300921963171793,0.0,0.37278572579755254,0.015599380677358566,0.1000686575383249,0.0,0.0,0.0,0.0,0.0,0.0,0.0
TARGET.20.PASZZJ.09A,0.0,0.0,0.0,0.10549122660092855,0.0,0.0,0.0,0.05080433103774676,0.0,0.0,0.0,0.0,0.0,0.0,0.0,0.48927710713065165,0.0,0.0,0.02060075383349236,0.0,0.0,0.0,0.20284054254208103,0.0,0.13098603885509966,0.0,0.0,0.0,0.0,0.0
TARGET.20.PAEPTD.09A,0.0,0.0,0.0,0.0,0.0,0.0,0.0,0.12577302282731423,0.2625117253369492,0.0,0.0,0.0,0.0,0.0,0.08702288554149976,0.3189851012739517,0.0,0.0,0.0,0.03946191174732766,0.0,0.01175593161673532,0.0,0.0,0.0,0.15448942165622215,0.0,0.0,0.0,0.0
TARGET.20.PAPZFV.09A,0.0,0.28717412034431594,0.0,0.0,0.0,0.0,0.0,0.0,0.04414980814521852,0.0,0.0,0.0,0.0,0.0,0.0,0.13169083178974836,0.0,0.0,0.010174426321266227,0.0,0.0,0.004144506789458933,0.0,0.14816345353884436,0.0,0.3745028530711476,0.0,0.0,0.0,0.0
TARGET.20.PAVCCG.09A,0.0,0.0,0.0,0.0,0.0,0.0,0.0,0.06835499179819012,0.10284598920442514,0.0,0.0,0.0,0.0,0.0,0.2969096504653444,0.2966478065383649,0.0,0.0,0.0,0.0,0.0,0.0004742134676376174,0.0,0.0,0.0,0.23476734852603773,0.0,0.0,0.0,0.0
TARGET.20.PAVVCS.09A,0.0,0.0,0.0,0.0,0.0,0.0,0.0,0.022171251615917657,0.18647277168576826,0.0,0.0,0.0,0.0,0.0,0.17119363600501203,0.3855145443585781,0.0,0.0,0.0,0.0,0.0,0.0027598308092660092,0.0,0.0,0.0,0.23188796552545787,0.0,0.0,0.0,0.0
TARGET.20.PAXIPM.09A,0.0,0.0,0.0,0.0,0.0,0.0,0.0,0.05121299331353888,0.3820389300131037,0.0,0.0,0.0,0.0,0.0,0.0,0.5563564901072904,0.0,0.0,0.0,0.0,0.0,0.010391586566066958,0.0,0.0,0.0,0.0,0.0,0.0,0.0,0.0
TARGET.20.PAMXZY.09A,0.0,0.0,0.0,0.0,0.08341819785842368,0.0,0.0,0.08301120489887667,0.23080301571206593,0.0,0.0,0.0,0.0,0.0,0.15428741212285926,0.26373951707245075,0.0,0.0,0.0,0.0,0.05167247846143169,0.006993615099624356,0.0,0.0,0.0,0.12607455877426754,0.0,0.0,0.0,0.0
TARGET.20.PAXLJV.09A,0.0,0.17730789819942108,0.0,0.0,0.015062558413294036,0.0,0.0,0.048362922574203,0.02110133169496979,0.0,0.0,0.0,0.0,0.0,0.49523517252476296,0.22507906454120316,0.0,0.0,0.0,0.0,0.0,0.0,0.0,0.0,0.0,0.017851052052145894,0.0,0.0,0.0,0.0
TARGET.20.PARNJC.09A,0.0,0.0,0.0,0.0,0.0,0.0,0.0,0.03923332489488208,0.24121088496141044,0.0,0.0,0.0,0.0,0.0,0.0,0.08216216092962629,0.0,0.0,0.0,0.0,0.6212745683655967,0.004932784961934513,0.0,0.0,0.0,0.01118627588654997,0.0,0.0,0.0,0.0
TARGET.20.PAUYAE.09A,0.0,0.0,0.0,0.0,0.0,0.0,0.0,0.021942220168779693,0.3102661560809354,0.0,0.0,0.0,0.0,0.0,0.0,0.5566774278013962,0.0,0.0,0.0,0.0,0.0,0.003624928323673897,0.0,0.0,0.0,0.10748926762521493,0.0,0.0,0.0,0.0
TARGET.20.PASXNT.09A,0.027268487897663632,0.0,0.04173036190503421,0.0,0.08635930085709957,0.0,0.0,0.03416734428581142,0.11970058723030863,0.013131105825724387,0.0,0.0,0.0,0.0,0.0,0.1279517245252256,0.0,0.0,0.11640999439705402,0.0,0.42384644258066656,0.0,0.0,0.0,0.009434650495412054,0.0,0.0,0.0,0.0,0.0
TARGET.20.PAKWCU.09A,0.0,0.0,0.0,0.0,0.011411252227883991,0.0,0.0,0.04355316884226843,0.09322999156463109,0.0,0.0,0.0,0.0,0.0,0.2862809795611564,0.14664630260204067,0.0,0.0,0.00925107714089256,0.0,0.05819865896659605,0.002975535815930538,0.0,0.0,0.0,0.3484530332786002,0.0,0.0,0.0,0.0
TARGET.20.PAWBDK.09A,0.0,0.0,0.0,0.0,0.0,0.0,0.0,0.025008591727543345,0.03933882057679493,0.0,0.0,0.0,0.0,0.0,0.04504765569135459,0.8811223355131009,0.0,0.0,0.009482596491206023,0.0,0.0,0.0,0.0,0.0,0.0,0.0,0.0,0.0,0.0,0.0
TARGET.20.PASRLS.09A,0.0,0.0,0.0,0.0,0.0,0.0,0.0,0.08221453248616288,0.066542280353847,0.0,0.0,0.0,0.0,0.0,0.15430787642362895,0.1026101956327072,0.0,0.0,0.014465294145199502,0.2099065049292428,0.0,0.02231127830311852,0.0,0.0,0.0,0.3476420377260932,0.0,0.0,0.0,0.0
TARGET.20.PASGZK.09A,0.0,0.30376030799771875,0.0,0.0,0.0023342021846251264,0.0,0.0,0.00904630551567776,0.38838222094748487,0.0,0.0,0.0,0.0,0.0,0.17568958558800757,0.120787377766486,0.0,0.0,0.0,0.0,0.0,0.0,0.0,0.0,0.0,0.0,0.0,0.0,0.0,0.0
TARGET.20.PATFGK.09A,0.0,0.4037176851099667,0.0,0.0,0.0,0.0,0.0,0.006225832396833705,0.0,0.0,0.0,0.0,0.0,0.0,0.1143931276727909,0.0,0.0,0.0,0.0,0.1940990339587661,0.0,0.0,0.0,0.0,0.0,0.2815643208616426,0.0,0.0,0.0,0.0
TARGET.20.PAYJAX.Sorted.non.leukemic.09A,0.0,0.0,0.0,0.0,0.0,0.0,0.0,0.0856150893842028,0.0,0.0,0.0,0.0,0.0,0.0,0.6256472750388212,0.28214800541277074,0.0,0.0,0.0065896301642050315,0.0,0.0,0.0,0.0,0.0,0.0,0.0,0.0,0.0,0.0,0.0
TARGET.20.PAWUUY.09A,0.0,0.0,0.0,0.0,0.0,0.0,0.0,0.03784192953447947,0.02182528144582757,0.0,0.0,0.0,0.0,0.0,0.0,0.6335407461073321,0.0,0.0,0.0,0.0056549571996344986,0.0,0.04028714773622182,0.0,0.0,0.0,0.036699996930007306,0.0,0.0,0.22414994104649716,0.0
TARGET.20.PAWZAX.09A,0.0,0.0,0.0,0.0,0.0,0.0,0.0,0.0,0.016584602706560765,0.0,0.0,0.0,0.02425524965622239,0.0,0.0,0.2701696029641023,0.09559178645504458,0.030148653739666742,0.0,0.0,0.0,0.0,0.0,0.1742391630222594,0.0,0.3890109414561437,0.0,0.0,0.0,0.0
TARGET.20.PASTTW.09A,0.0,0.1753550101832381,0.0,0.0,0.0,0.0,0.0,0.09219749679144942,0.3960833559591778,0.0,0.0,0.0,0.0,0.0,0.0,0.15157392825081578,0.0,0.0,0.0,0.033637803871694114,0.0,0.06504416597664155,0.0,0.0,0.0,0.08610823896698312,0.0,0.0,0.0,0.0
TARGET.20.PAUYKH.09A,0.0,0.018620283462000998,0.0,0.0,0.0,0.0,0.0,0.30922877253901476,0.21574136774526045,0.0,0.0,0.0,0.0,0.0,0.2627692380762721,0.1399264714628234,0.0,0.0,0.0,0.0,0.0,0.004556570773652635,0.0,0.0,0.0,0.04915729594097555,0.0,0.0,0.0,0.0
TARGET.20.PAXZLP.09A,0.0,0.0,0.0,0.09026543200530278,0.0,0.0,0.0,0.03348325896255178,0.14188059527979402,0.0,0.0,0.0,0.0,0.0,0.16619773767002238,0.5244859085779963,0.0,0.0,0.010408113826870274,0.0,0.0,0.0,0.0,0.0,0.0,0.03327895367746258,0.0,0.0,0.0,0.0
TARGET.21.PASLZE.09A,0.0,0.0,0.0,0.0,0.0,0.0,0.0,0.0,0.28074316806782373,0.0,0.0,0.0,0.0,0.0,0.0,0.0,0.0,0.0,0.4935887115206755,0.01694992768429794,0.0,0.049427371319615235,0.0,0.04955917550979338,0.0,0.10973164589779416,0.0,0.0,0.0,0.0
TARGET.20.PALHWN.09A,0.0,0.0,0.0,0.0,0.0,0.0,0.0,0.05903695727344412,0.31042398037265395,0.0,0.0,0.0,0.0,0.0,0.24142325350137464,0.23043187696643802,0.0,0.0,0.0,0.0,0.0,0.0021011688241792392,0.0,0.0,0.0,0.15658276306191,0.0,0.0,0.0,0.0
TARGET.20.PAVZTJ.09A,0.0,0.0,0.0,0.0,0.05099070496375871,0.0,0.0,0.0948692722524686,0.31525143201412265,0.0,0.0,0.0,0.0,0.0,0.24476438543258489,0.21468849320324243,0.0,0.0,0.0,0.030756568112563297,0.0,0.04867914402125934,0.0,0.0,0.0,0.0,0.0,0.0,0.0,0.0
TARGET.20.PAWGSX.09A,0.0,0.0,0.0,0.0,0.0,0.0,0.0,0.041342623759997546,0.05191939476622212,0.0,0.0,0.0,0.0,0.0,0.040355980027015584,0.29677842278206457,0.0,0.0,0.0055063855584217515,0.0,0.1902773751845548,0.014952858424827862,0.0,0.0,0.0,0.3588669594968959,0.0,0.0,0.0,0.0
TARGET.20.PARXVI.09A,0.0,0.0,0.0,0.0,0.0,0.0,0.0,0.0690967332746546,0.3023689733017644,0.0,0.0,0.0,0.0,0.0,0.10238922992350477,0.29199004918725824,0.0,0.0,0.03745887924547339,0.0,0.0,0.003479057643393497,0.0,0.0,0.11577908731906812,0.04162249628531545,0.0,0.0,0.03581549381956765,0.0
TARGET.20.PAWKYG.09A,0.0,0.0,0.0,0.0,0.00689177999322573,0.0,0.0,0.10032252034800863,0.1785219127363346,0.0,0.0,0.0,0.0,0.0,0.5286909326574336,0.18557285426499728,0.0,0.0,0.0,0.0,0.0,0.0,0.0,0.0,0.0,0.0,0.0,0.0,0.0,0.0
TARGET.20.PASVTP.09A,0.0,0.0,0.0,0.0,0.0,0.0,0.0,0.018590056784685203,0.0,0.0,0.0,0.0,0.0,0.23670063595048585,0.0,0.06107676840548753,0.0,0.0,0.0,0.0,0.0,0.0,0.3451755715460975,0.0,0.08056003378154847,0.0,0.0,0.0,0.2578969335316955,0.0
TARGET.20.PAUVIB.09A,0.0,0.0,0.0,0.0,0.0,0.0,0.0,0.0,0.22679121678717845,0.0,0.0,0.0,0.0,0.0,0.0,0.5563620001491514,0.0,0.0,0.0,0.0,0.0,0.006093897451214229,0.0,0.0,0.02483122289297026,0.18592166271948557,0.0,0.0,0.0,0.0
TARGET.20.PASURR.09A,0.3472854994365701,0.0,0.0,0.0,0.0,0.0,0.0,0.0598764363766738,0.19018014854708823,0.0,0.0,0.0,0.0,0.0,0.08299646664730462,0.023126777423380793,0.0,0.0,0.0,0.0,0.0,0.018298783499175346,0.0,0.0,0.0,0.278235888069807,0.0,0.0,0.0,0.0
TARGET.20.PAVPLM.09A,0.0,0.0,0.0,0.0,0.0,0.0,0.0,0.002062328931958429,0.43392037531991484,0.0,0.0,0.0,0.0,0.0,0.0,0.5238823369609332,0.0,0.0,0.0,0.0,0.0,0.04013495878719358,0.0,0.0,0.0,0.0,0.0,0.0,0.0,0.0
TARGET.20.PAWMFH.09A,0.0,0.13022945053175708,0.0,0.0,0.12976727288052964,0.0,0.0,0.02768594865660895,0.1520372847122385,0.0,0.0,0.0,0.0,0.0,0.20361396570367932,0.2577543602698978,0.0,0.0,0.0,0.0,0.0,0.0031522489684406114,0.0,0.0,0.0,0.09575946827684814,0.0,0.0,0.0,0.0
TARGET.20.PAVMNA.09A,0.0,0.0,0.0,0.08617060482399358,0.0,0.0,0.0,0.0,0.2234588190225248,0.0,0.0,0.0,0.01219304923409857,0.0,0.0,0.3740286796258739,0.0,0.0,0.0,0.0,0.03817114956872327,0.0015052205866062664,3.435126735395905e-05,0.04395865371234617,0.0,0.22047947215847952,0.0,0.0,0.0,0.0
TARGET.20.PANXWX.09A,0.0,0.0,0.0,0.0,0.0,0.0,0.0,0.00610831847572461,0.0,0.0,0.0,0.0,0.0,0.0,0.0,0.0,0.0,0.0,0.0,0.0,0.0,0.008457027887179665,0.2446646739683711,0.0,0.712226020868537,0.0,0.0,0.0,0.028543958800187626,0.0
TARGET.20.PAUNBR.09A,0.0,0.0,0.0,0.0,0.0,0.0,0.0,0.0679902240648278,0.037358070623696456,0.0,0.0,0.0,0.0,0.0,0.15599475124578763,0.40692037107975026,0.023525310356863845,0.0,0.009424239775068812,0.0,0.0,0.0,0.0,0.0,0.0,0.29878703285400526,0.0,0.0,0.0,0.0
TARGET.20.PAVERG.09A,0.0,0.0,0.0,0.0,0.0,0.0,0.0,0.07366680614817911,0.2998052031354309,0.0,0.0,0.0,0.0,0.0,0.32261493606426195,0.20212373634920405,0.0,0.0,0.06049368115026195,0.0,0.0,0.0044781406042851,0.0,0.0,0.036817496548377016,0.0,0.0,0.0,0.0,0.0
TARGET.20.PANLRE.09A,0.0,0.0,0.0,0.0,0.0,0.0,0.0,0.0,0.15123844211600465,0.0,0.0,0.0,0.0,0.0,0.0,0.1283257482221118,0.0,0.0,0.0,0.0,0.5062918290334885,0.009333548267672218,0.0,0.0,0.0,0.13635321612464046,0.0,0.0,0.06845721623608231,0.0
TARGET.21.PATKKJ.09A,0.0,0.0,0.0,0.0,0.0,0.0,0.0,0.10300875797786932,0.27517054171838157,0.0,0.0,0.0,0.0,0.0,0.2848768430857139,0.0,0.0,0.0,0.0,0.0,0.0,0.009607616508269466,0.0,0.0,0.21258530886230567,0.11475093184746003,0.0,0.0,0.0,0.0
TARGET.20.PAUZVW.09A,0.0,0.0,0.0,0.0,0.0,0.0,0.0,0.049144607975879065,0.1298154877430983,0.0,0.0,0.0,0.0,0.0,0.26163932181237193,0.3739922397128463,0.0,0.0,0.0,0.0,0.0,0.008322410951645178,0.0,0.0,0.0,0.1770859318041594,0.0,0.0,0.0,0.0
TARGET.20.PASKFN.09A,0.06679404712213516,0.0,0.016441805755011012,0.0,0.0,0.010521036302733943,0.0,0.07155092974565573,0.027054033043244052,0.029507988066074305,0.0,0.0,0.0,0.0,0.0,0.09116879517426427,0.0,0.0,0.0367501066961508,0.022660519909341682,0.627550738185389,0.0,0.0,0.0,0.0,0.0,0.0,0.0,0.0,0.0
TARGET.20.PATVPI.09A,0.0,0.0,0.0,0.0,0.0,0.0,0.0,0.12930604504893295,0.011062883149972695,0.0,0.0,0.0,0.0,0.0,0.08613570410492855,0.12043833393199035,0.0,0.0,0.0,0.4216979432513115,0.0,0.0,0.0,0.0,0.23135909051286396,0.0,0.0,0.0,0.0,0.0
TARGET.20.PASVPC.09A,0.0,0.0,0.0,0.33687745807281083,0.0,0.0,0.0,0.005048873706356933,0.23066718919791748,0.0,0.0,0.0,0.08792234239581292,0.0,0.0,0.28322155342154937,0.04809488794487547,0.0,0.0,0.0,0.0,0.008167695260677139,0.0,0.0,0.0,0.0,0.0,0.0,0.0,0.0
TARGET.20.PARPDS.09A,0.0,0.3236497743829949,0.0,0.0,0.0,0.0,0.0,0.1349549757971087,0.056528187863401164,0.0,0.0,0.0,0.0,0.0,0.39622114182299983,0.0,0.0,0.0,0.003574833340585969,0.021322911641954025,0.0,0.0,0.0,0.0,0.0,0.06374817515095534,0.0,0.0,0.0,0.0
TARGET.20.PARCZL.09A,0.0,0.09579089558790593,0.0,0.0,0.01553849170755253,0.0,0.0,0.08829516720484279,0.14474674695667605,0.0,0.0,0.0,0.0,0.0,0.3239423978719478,0.3182307564523728,0.0,0.0,0.012873214082150896,0.0,0.0,0.0005823301365511445,0.0,0.0,0.0,0.0,0.0,0.0,0.0,0.0
TARGET.20.PAVANE.09A,0.0,0.0,0.0,0.0,0.0,0.0,0.0,0.03056146427063276,0.5043676986837554,0.0,0.0,0.0,0.0,0.0,0.07897912501155371,0.31668929533013546,0.0,0.0,0.0,0.06561948559646326,0.0,0.0037829311074594704,0.0,0.0,0.0,0.0,0.0,0.0,0.0,0.0
TARGET.20.PARKCX.09A,0.0,0.0,0.0031610985954148717,0.0,0.0,0.0,0.0,0.05482441674611475,0.3111389534005757,0.0,0.0,0.0,0.0,0.0,0.0,0.2524637964246201,0.05161264835951614,0.0,0.0,0.03622346231826628,0.05789341971810363,0.005999899366135473,0.0,0.0,0.022359176452496972,0.20432312861875607,0.0,0.0,0.0,0.0
TARGET.20.PARJWH.09A,0.0,0.0,0.03751502554941306,0.0,0.0,0.0,0.0,0.08363392828636457,0.08671924739164781,0.0,0.0,0.0,0.0,0.0,0.07757674808368382,0.16737669396569835,0.0,0.0,0.0,0.021966466151980193,0.0,0.0,0.0,0.015277352634497346,0.0,0.5099345379367148,0.0,0.0,0.0,0.0
TARGET.20.PAWAWL.09A,0.0,0.0,0.1280756778499691,0.0,0.0,0.0,0.0,0.050109225199418746,0.30717566013362113,0.0,0.0,0.0,0.0,0.0,0.052489445579365385,0.24835657781266932,0.0,0.0,0.0,0.0,0.0,0.0,0.0,0.0,0.0,0.21379341342495645,0.0,0.0,0.0,0.0
TARGET.20.PAWIEJ.09A,0.0,0.0,0.0,0.0,0.0,0.0,0.0,0.06792994474768162,0.28986637644991453,0.0,0.0,0.0,0.0,0.0,0.1254629926782822,0.39188582767574826,0.0,0.0,0.0,0.0,0.0,0.025573353907247926,0.0,0.0,0.0,0.0019826107482837857,0.0,0.0,0.09729889379284161,0.0
TARGET.20.PARCIN.09A,0.0,0.0,0.0,0.0,0.0,0.0,0.0,0.03039746968452664,0.20541569822635447,0.0,0.0,0.0,0.0,0.0,0.0,0.4406449088449135,0.0,0.0,0.0,0.0,0.0,0.0,0.09052266211343768,0.0,0.1585050411686983,0.0,0.0,0.0,0.07451421996206936,0.0
TARGET.20.PANBWF.09A,0.0,0.0,0.0,0.01921286501843236,0.0,0.0,0.0,0.04500433982841976,0.3529559845294349,0.0,0.0,0.0,0.0,0.0,0.0,0.2713652873837966,0.0,0.0,0.0,0.0,0.0,0.017527448292273852,0.0,0.0,0.08723608160919598,0.20669799333844643,0.0,0.0,0.0,0.0
TARGET.20.PAWTJU.09A,0.0,0.0,0.0,0.0,0.0,0.0,0.0,0.0,0.35174078750560467,0.0,0.0,0.0,0.0,0.0,0.0,0.43552542741292355,0.0,0.0,0.0,0.0,0.20231577265259432,0.010418012428877382,0.0,0.0,0.0,0.0,0.0,0.0,0.0,0.0
TARGET.20.PAYGWX.Unsorted.09A,0.0,0.0,0.0,0.0,0.007350450226403584,0.0,0.0,0.1812630395912979,0.24083873162590572,0.0,0.0,0.0,0.0,0.0,0.3387834656648348,0.07203542328696144,0.0,0.0,0.0,0.14057447812003349,0.0,0.0007661168756938618,0.0,0.0,0.0,0.01838829460886924,0.0,0.0,0.0,0.0
TARGET.20.PATSSY.09A,0.0,0.0,0.0,0.2696465891072464,0.0,0.029290493576193732,0.0,0.08554830798453814,0.06887713120786167,0.0,0.0,0.0,0.0,0.0,0.0,0.45602613229215816,0.0,0.0,0.0189379137478561,0.0,0.0,0.0031506525034837893,0.0,0.0,0.06852277958066195,0.0,0.0,0.0,0.0,0.0
TARGET.20.PATIAK.09A,0.0,0.2679408018341512,0.0,0.0,0.0,0.0,0.0,0.02562951261010579,0.10970686361099986,0.0,0.0,0.0,0.0,0.0,0.0,0.1534406570236338,0.0,0.0,0.008926937063519795,0.003809183765594051,0.0,0.002506474473161643,0.0,0.0,0.013230794715073123,0.0,0.0,0.0,0.4148087749037608,0.0
TARGET.20.PASZJR.09A,0.04371032890941794,0.0,0.007328477696992364,0.0,0.0,0.0,0.0,0.10209426277383087,0.056190466130670726,0.0,0.0,0.0,0.0,0.0,0.0,0.3059893948644721,0.01606174728260009,0.0,0.0,0.0,0.05072343382814708,0.0007179902002387624,0.0,0.0,0.04664900367183272,0.2973981482452586,0.0,0.0,0.07313674639653875,0.0
TARGET.20.PASDIR.09A,0.01587568549814966,0.0,0.012005922625722195,0.0,0.0,0.0,0.0,0.04264684479258478,0.53616460080844,0.0,0.0,0.0,0.0,0.0,0.0,0.14234967430713766,0.0,0.0,0.06585285669647728,0.10691006453160593,0.04252036493465421,0.021122943272784633,0.0,0.0,0.014551042532443785,0.0,0.0,0.0,0.0,0.0
TARGET.20.PAWMII.09A,0.0,0.0,0.0,0.0,0.0,0.0,0.0,0.0646768223828393,0.11314693399752739,0.0,0.0,0.0,0.0,0.0,0.0,0.3521950733323012,0.02345893217604191,0.0,0.0,0.010367561200127728,0.10225198381653468,0.0020067153503504857,0.0,0.0,0.0,0.3318959777442773,0.0,0.0,0.0,0.0
TARGET.20.PAVDBT.09A,0.0,0.0,0.026150067525832762,0.0,0.0690172242980507,0.0,0.0,0.04326305146866753,0.11671247903673465,0.0,0.0,0.0,0.0,0.0,0.14359134647670244,0.14693721562192,0.0,0.033749828400156334,0.0,0.0,0.11162237137465024,0.0005043152649675988,0.0,0.0,0.0,0.30845210053231786,0.0,0.0,0.0,0.0
TARGET.20.PAEFHC.09A,0.0,0.0,0.03829693427390931,0.005903808920003554,0.0,0.0,0.0,0.054548579175779724,0.26358598236984254,0.0,0.0,0.0,0.04103879843132792,0.0,0.0,0.2420651478939576,0.0,0.0,0.0,0.0,0.001219196259157306,0.0,0.0,0.07347812984147072,0.0,0.27986342283455135,0.0,0.0,0.0,0.0
TARGET.20.PATLMH.09A,0.0,0.0,0.0,0.0,0.0,0.0,0.0,0.2538263410641251,0.3699157862602814,0.0,0.0,0.0,0.0,0.0,0.11867291893303167,0.055176411215839966,0.0,0.0,0.015208928497406344,0.0,0.0,0.032721649737191286,0.0,0.0,0.0,0.1544779642921243,0.0,0.0,0.0,0.0
TARGET.20.PASVVM.09A,0.0,0.0,0.0,0.0,0.0,0.0,0.0,0.07979108882867937,0.4217685075089428,0.0,0.0,0.0,0.0,0.0,0.06000706192202658,0.23038976489582438,0.0,0.0,0.0,0.08129757920704975,0.0,0.02263890963098397,0.0,0.0,0.0,0.08365108181531684,0.0,0.0,0.02045600619117625,0.0
TARGET.20.PAXGSJ.09A,0.0,0.0,0.0,0.0879806289767563,0.0,0.0,0.0,0.0018305501867432884,0.11408725985048102,0.0,0.0,0.0,0.0,0.0,0.0,0.7961015609860194,0.0,0.0,0.0,0.0,0.0,0.0,0.0,0.0,0.0,0.0,0.0,0.0,0.0,0.0
TARGET.20.PAVAFJ.09A,0.0,0.0,0.0,0.0,0.0,0.0,0.0,0.0,0.39688940349400603,0.0,0.0,0.0,0.0,0.0,0.0,0.29591497295199587,0.0,0.005443760879044038,0.0,0.01645816636558087,0.0,0.0024591668445751195,0.0,0.0,0.0,0.282834529464798,0.0,0.0,0.0,0.0
TARGET.20.PANBYS.09A,0.0,0.16672746162436844,0.0,0.0,0.0,0.0,0.0,0.0,0.1672393323348769,0.0,0.0,0.0,0.23325036689684533,0.0,0.0,0.08275163418541615,0.17160955413685797,0.0,0.0,0.0,0.02844904320015561,0.0,0.0,0.08068715744455378,0.0,0.06928545017692582,0.0,0.0,0.0,0.0
TARGET.20.PARDYW.09A,0.0,0.0,0.0,0.0,0.0,0.0,0.0,0.07718877530579102,0.04812580220398036,0.0,0.0,0.0,0.0,0.0,0.0,0.29679060692913295,0.0,0.0,0.0,0.0,0.22708927955525254,0.002965050466149501,0.0,0.0,0.18536435167454907,0.16247613386514453,0.0,0.0,0.0,0.0
TARGET.20.PAVNAZ.09A,0.0,0.0,0.0,0.11936209071958183,0.0,0.0,0.0,0.0,0.0,0.0,0.0,0.0,0.0,0.0,0.0,0.8690918259668865,0.0,0.0,0.001010403988973233,0.0,0.0,0.010535679324558482,0.0,0.0,0.0,0.0,0.0,0.0,0.0,0.0
TARGET.20.PAUHGM.09A,0.0,0.0,0.0,0.0,0.0,0.0,0.0,0.00523552607461928,0.0,0.0,0.0,0.0,0.0,0.2677722654726762,0.0,0.19858964137009272,0.0,0.0,0.0,0.0,0.0,0.0,0.2129051285234248,0.0,0.08706869680286398,0.0,0.0,0.0,0.2284287417563229,0.0
TARGET.20.PAUJBK.09A,0.0,0.0,0.0,0.12798187283101406,0.0,0.0,0.0,0.023914537015998563,0.0,0.0,0.0,0.0,0.0,0.0,0.0,0.6663030306662223,0.0,0.0,0.012799237052128465,0.0,0.0,0.0,0.10662990124149362,0.0,0.062371421193142956,0.0,0.0,0.0,0.0,0.0
TARGET.20.PATKKI.09A,0.0,0.0,0.027954142509890367,0.0,0.0,0.0,0.0,0.03118472145621506,0.2805476950874837,0.0,0.0,0.0,0.0,0.0,0.0,0.38145082916527434,0.0,0.0,0.0,0.0,0.037945051467467794,0.009916891894957335,0.0,0.0,0.009617838611498435,0.22138282980721294,0.0,0.0,0.0,0.0
TARGET.20.PAWNHH.09A,0.0,0.0,0.0,0.0,0.0,0.0,0.0,0.04712420876807515,0.28347852501138404,0.0,0.0,0.0,0.0,0.0,0.12487620526713655,0.3681193354428078,0.0,0.016557000433273694,0.0,0.0,0.0,0.0037781228636508657,0.0,0.0,0.0,0.1560666022136719,0.0,0.0,0.0,0.0
TARGET.20.PAXIYA.09A,0.0,0.0,0.0,0.0,0.0,0.0,0.0,0.0,0.24177407432786246,0.0,0.0,0.0,0.0,0.0,0.0,0.2508332795619631,0.002871435701752103,0.0,0.012365717664285144,0.0,0.0,0.021203909643586687,0.0,0.13470633092909173,0.0,0.33624525217145884,0.0,0.0,0.0,0.0
TARGET.20.PAYIPA.Sorted.non.leukemic.09A,0.0,0.0,0.002773439486510051,0.0,0.0,0.0,0.0,0.09743241238573463,0.11628894532872489,0.0,0.0,0.0,0.0,0.0,0.0,0.19010231539318845,0.011548790088974845,0.18494056339908604,0.0,0.0,0.03261078464684128,0.004078479344142381,0.0,0.0,0.007781984163269075,0.3524422857635284,0.0,0.0,0.0,0.0
TARGET.20.PAWEKL.09A,0.0,0.0,0.0,0.0,0.0,0.0,0.0,0.02800088333209055,0.08788098558022173,0.0,0.0,0.0,0.0,0.0,0.0033376392522585065,0.40784124132949834,0.0,0.0,0.03431774759041279,0.0,0.13628240897679497,0.007004575701017469,0.0,0.0,0.0,0.23073190448462458,0.0,0.0,0.064602613753081,0.0
TARGET.20.PAWHSM.09A,0.0,0.0,0.0,0.0,0.0,0.0,0.0,0.0,0.432973816548635,0.0,0.0,0.0,0.0,0.0,0.0,0.39015131081724275,0.0,0.0,0.013508249978716084,0.0,0.0,0.03243332669660721,0.0,0.0,0.13093329595879905,0.0,0.0,0.0,0.0,0.0
TARGET.20.PAXETX.09A,0.0,0.0,0.0,0.0,0.0,0.0,0.0,0.0870235756652426,0.3011625790446318,0.0,0.0,0.0,0.0,0.0,0.0,0.5351861490849806,0.0,0.0,0.0,0.07234792244885929,0.0,0.004279773756285674,0.0,0.0,0.0,0.0,0.0,0.0,0.0,0.0
TARGET.20.PALBYP.09A,0.0,0.0,0.0,0.0,0.0,0.0,0.0,0.09294660939381293,0.17608841559902744,0.0,0.0,0.0,0.0,0.0,0.15819487070253024,0.12495842453126994,0.0,0.0,0.0,0.0015499993048065756,0.0,0.0,0.0,0.0,0.37250763776570983,0.07375404270284312,0.0,0.0,0.0,0.0
TARGET.20.PAXJGA.09A,0.0,0.0,0.0,0.0,0.0,0.0,0.0,0.02838894460070815,0.4271656482545426,0.0,0.0,0.0,0.0,0.0,0.0,0.3638351988489434,0.0,0.0,0.02777499621095834,0.06593082635021905,0.0,0.08690438573462857,0.0,0.0,0.0,0.0,0.0,0.0,0.0,0.0
TARGET.20.PASLEH.09A,0.0,0.0,0.0,0.0,0.0,0.0,0.0,0.10072185880976361,0.12114949187344552,0.0,0.0,0.0,0.0,0.0,0.06240609764494198,0.42210520807348034,0.0,0.0,0.0,0.09564442560872109,0.0,0.01117637038667263,0.0,0.0,0.03460739272037905,0.1521891548825959,0.0,0.0,0.0,0.0
TARGET.20.PAWCXR.09A,0.0,0.0,0.0,0.0,0.014241954969428133,0.0,0.0,0.1930927337173797,0.2763877528401735,0.0,0.0,0.0,0.032965118649918974,0.0,0.11709873232105582,0.3565960949701255,0.0,0.0,0.0,0.0,0.0,0.009617612531918309,0.0,0.0,0.0,0.0,0.0,0.0,0.0,0.0
TARGET.20.PAUYUH.09A,0.0,0.03828687588289053,0.0,0.0,0.03036438333830685,0.0,0.0,0.30304289762666137,0.09441995109843129,0.0,0.0,0.0,0.0,0.0,0.44097396564156754,0.08998358922244706,0.0,0.0,0.0,0.0,0.0,0.0029283371896952717,0.0,0.0,0.0,0.0,0.0,0.0,0.0,0.0
TARGET.20.PAUNSV.09A,0.0,0.0,0.0,0.0,0.0,0.0,0.0,0.04061171199935403,0.0879740563459419,0.0,0.0,0.0,0.0,0.0,0.20405669112647862,0.4089224009257133,0.0,0.0,0.0,0.0,0.0,0.004946067544549662,0.0,0.0,0.0,0.2534890720579625,0.0,0.0,0.0,0.0
TARGET.20.PAVBYN.09A,0.0,0.0,0.0,0.0,0.0,0.0,0.0,0.05055947049817913,0.013681084072003729,0.0,0.0,0.0,0.0,0.0,0.3343494728346915,0.4382900469809766,0.0,0.0,0.0,0.0,0.0,0.0,0.0,0.0,0.0,0.16311992561414898,0.0,0.0,0.0,0.0
TARGET.20.PAXFAG.09A,0.0,0.0,0.0418187140284101,0.0,0.1508125930483315,0.0,0.0,0.04459356541512333,0.0927141891063126,0.0,0.0,0.0,0.0,0.0,0.0,0.093287951816034,0.0650727724803926,0.0,0.0,0.0,0.1732545018665202,0.0,0.0,0.33844571223887565,0.0,0.0,0.0,0.0,0.0,0.0
TARGET.20.PANJFJ.09A,0.0,0.0,0.0,0.0,0.0,0.0,0.10690561881471851,0.022363311480300335,0.0,0.0,0.0,0.0,0.0,0.0,0.6420597749772458,0.0,0.0,0.0,0.029083846299389166,0.027968135075532377,0.0,0.012544090970997191,0.009079931074556371,0.07332629057457914,0.0,0.07666900073268129,0.0,0.0,0.0,0.0
TARGET.20.PAXLMN.09A,0.0,0.0,0.0,0.3384877647641116,0.0,0.0,0.0,0.04661793609245532,0.13089277081072426,0.0,0.0,0.0,0.0,0.0,0.0,0.3290832150070317,0.0014089500968237226,0.0,0.0,0.0,0.0,0.008951469898165903,0.0,0.0,0.07315516497713707,0.07140272835355059,0.0,0.0,0.0,0.0
TARGET.20.PAPXWI.09A,0.0,0.4701992246366125,0.0,0.0,0.0,0.04833866116193684,0.0,0.0,0.0,0.00792767406064507,0.0,0.0,0.0,0.0,0.0,0.0,0.0,0.02069431096238909,0.0,0.0,0.2767498867185165,0.0,0.09352553715500385,0.0019993581468136243,0.0,0.0779880642950927,0.0,0.0,0.0,0.0025772828629899705
TARGET.20.PASWNZ.09A,0.0,0.0,0.0,0.0,0.0,0.0,0.0,0.15156907601424108,0.21392028582068057,0.0,0.0,0.0,0.0,0.0,0.0,0.3259929030532145,0.0,0.0,0.0,0.08194298569519026,0.0,0.0,0.1744164565026805,0.0,0.05215829291399321,0.0,0.0,0.0,0.0,0.0
TARGET.20.PAWUNI.09A,0.0,0.0,0.0,0.0,0.0,0.0,0.0,0.029848661765336956,0.08994109943786216,0.0,0.0,0.0,0.0,0.0,0.0,0.45938449516753427,0.0,0.0,0.1107355561221344,0.07476373647108073,0.0,0.0,0.06441060790540207,0.0,0.1709158431306494,0.0,0.0,0.0,0.0,0.0
TARGET.20.PASTXM.09A,0.0,0.0,0.0,0.0,0.0,0.0,0.0,0.08077853842511036,0.23193713932310073,0.0,0.0,0.0,0.0,0.0,0.0,0.23109700628880017,0.0,0.0,0.0,0.0,0.0,0.016748884473616114,0.16571020872678957,0.0,0.10060284537404665,0.0,0.0,0.0,0.17312537738853648,0.0
TARGET.20.PAXGVS.09A,0.0,0.0,0.0,0.0,0.0,0.0,0.0,0.08338680526291734,0.44210909291364303,0.0,0.0,0.0,0.0,0.0,0.011261672176197874,0.3553125124577626,0.0,0.0,0.0,0.03516354612612631,0.0,0.046017105296344354,0.0,0.0,0.0,0.026749265767008343,0.0,0.0,0.0,0.0
TARGET.20.PAXIJB.09A,0.0,0.0,0.0,0.0,0.03080630284533385,0.0,0.0,0.02773974301874429,0.0681484163448221,0.0,0.0,0.0,0.0,0.0,0.15943082913146162,0.4689915530493906,0.0,0.0,0.03600589808796994,0.0,0.0,0.005202144476344287,0.0,0.0,0.0,0.20367511304593322,0.0,0.0,0.0,0.0
TARGET.20.PAVDXS.09A,0.0,0.0,0.0,0.0,0.0,0.0,0.0,0.06842051371938038,0.0,0.0,0.0,0.0,0.0,0.0,0.532392760120094,0.34728879938416957,0.0,0.051897926776356046,0.0,0.0,0.0,0.0,0.0,0.0,0.0,0.0,0.0,0.0,0.0,0.0
TARGET.20.PATCBV.09A,0.0,0.0,0.02000995452066627,0.0,0.0,0.0,0.0,0.051442218592819666,0.1478914254870656,0.0,0.0,0.0,0.0,0.0,0.0,0.3589431008912478,0.0,0.0,0.0,0.37288694542604534,0.0,0.014519502177127875,0.0,0.0,0.0,0.03430685290502749,0.0,0.0,0.0,0.0
TARGET.20.PAUYHB.09A,0.0,0.0,0.0,0.0,0.0,0.0,0.0,0.04404982323855692,0.055072708264138105,0.0,0.0,0.0,0.0,0.0,0.33107603802197094,0.34234533697550795,0.0,0.0,0.007781833917127278,0.011701872437767494,0.0,0.011486383965590688,0.0,0.0,0.0,0.19648600317934062,0.0,0.0,0.0,0.0
TARGET.20.PAVRHS.09A,0.0,0.0,0.0,0.0,0.0,0.0,0.0,0.07048397480864119,0.05016154555932355,0.0,0.0,0.0,0.0,0.0,0.0,0.4787224971979177,0.0,0.0,0.0,0.0,0.07945535810747714,0.0063723638306077135,0.0,0.0,0.0,0.11941945384482709,0.0,0.0,0.19538480665120558,0.0
TARGET.20.PASPGA.09A,0.0,0.0,0.0,0.0,0.056995740142506704,0.0,0.0,0.05330542516653514,0.163605513981476,0.0,0.0,0.0,0.0,0.0,0.4533732556156404,0.02666823469781054,0.0,0.0,0.06111166611098823,0.0,0.0,0.0,0.0,0.0,0.18344330153479976,0.0014968627502431736,0.0,0.0,0.0,0.0
TARGET.20.PAVINA.09A,0.0,0.03197218195445496,0.0,0.0,0.0,0.0,0.0,0.0,0.14265660901464913,0.0,0.0,0.0,0.0,0.0,0.09706883640011182,0.45446639474686445,0.0,0.0,0.00959056229767299,0.0,0.052356916762670916,0.0,0.0,0.0,0.0,0.21188849882357577,0.0,0.0,0.0,0.0
TARGET.20.PAURII.09A,0.0,0.0,0.0,0.0,0.0,0.0,0.0,0.025145116476575982,0.044601171133119566,0.0,0.0,0.0,0.0,0.05518954631449667,0.0,0.6700591661024776,0.0,0.0,0.00869824172036494,0.0,0.0,0.0,0.10347225993082455,0.0,0.09283449832214054,0.0,0.0,0.0,0.0,0.0
TARGET.20.PAUSLS.09A,0.0,0.0,0.0,0.0,0.0,0.0,0.0,0.016599076556749394,0.12013974092242144,0.0,0.0,0.0,0.01611332057596872,0.0,0.0677346150136166,0.2787600587473629,0.04321702255140291,0.0,0.0,0.0,0.0,0.0006895439314181852,0.0,0.04364583341276864,0.0,0.4131007882882912,0.0,0.0,0.0,0.0
TARGET.20.PARNPC.09A,0.0,0.0,0.0,0.0,0.0,0.0,0.0,0.0220480189386703,0.1323496096707621,0.0,0.0,0.0,0.06617312582405388,0.0,0.07870464522173727,0.22169073968957728,0.06185850904575255,0.0,0.0,0.0,0.18291744545594965,0.019276483508826867,0.0,0.0,0.0,0.2149814226446701,0.0,0.0,0.0,0.0
TARGET.20.PAXGKH.09A,0.0,0.0,0.0,0.0,0.0,0.0,0.0,0.0842866496539998,0.14041726063209636,0.0,0.0,0.0,0.0,0.0,0.20338982829778532,0.5683497565621252,0.0,0.0,0.002906145792370059,0.0,0.0,0.0006503590616230933,0.0,0.0,0.0,0.0,0.0,0.0,0.0,0.0
TARGET.20.PAXISI.09A,0.0,0.037412972117328414,0.0,0.0,0.0,0.0,0.0,0.032020058539463825,0.0,0.0,0.0,0.0,0.0,0.0,0.37119022474804425,0.41093657188379673,0.0,0.0,0.0009972343056395482,0.0,0.0,0.0,0.0,0.0,0.0,0.1474429384057273,0.0,0.0,0.0,0.0
TARGET.20.PAKLPD.09A,0.0,0.0,0.0,0.0,0.0,0.0,0.0,0.060199260709908116,0.34205114173540474,0.0,0.0,0.0,0.0,0.0,0.0,0.04699066568320735,0.0,0.0,0.0,0.0,0.0,0.197572573689558,0.0,0.0,0.17242396908562282,0.1807623890962991,0.0,0.0,0.0,0.0
TARGET.20.PAMYAS.09A,0.0,0.0,0.0,0.0,0.0,0.0,0.0,0.0,0.0,0.0,0.0,0.0,0.04086110348988021,0.04096629655092258,0.0,0.0,0.11291894419830634,0.0,0.0,0.0,0.22897896855751204,0.0,0.0,0.0,0.0,0.0,0.0,0.0,0.5762746872033788,0.0
TARGET.20.PAXXBC.09A,0.0,0.06216155115419799,0.0,0.0,0.06976639370459199,0.0,0.0,0.06687626706240332,0.17067913238891846,0.0,0.0,0.0,0.0,0.0,0.24424441101934963,0.30643261528463794,0.0,0.0,0.0,0.0,0.0,0.004972546343064998,0.0,0.0,0.0,0.0748670830428356,0.0,0.0,0.0,0.0
TARGET.20.PASYRR.09A,0.0,0.0,0.054013616191824765,0.0,0.0,0.0,0.0,0.06394735304549472,0.1431113834058497,0.0,0.0,0.0,0.0,0.0,0.02726623490171766,0.2194831961893682,0.0,0.0705007842019773,0.005534656204119584,0.0,0.0007510720260631825,0.03718168134079608,0.0,0.0,0.0,0.3782100224927889,0.0,0.0,0.0,0.0
TARGET.20.PAVKJD.09A,0.0,0.0,0.0,0.0,0.0,0.0,0.0,0.14676746532187657,0.18340913788590074,0.0,0.0,0.0,0.0,0.0,0.07218689690009059,0.2984701543217955,0.0,0.0,0.0,0.0,0.0,0.0031174032308753934,0.0,0.0,0.20147417035110848,0.09457477198835255,0.0,0.0,0.0,0.0
TARGET.20.PAWSBW.09A,0.0,0.0,0.0,0.0,0.0,0.0,0.0,0.07458285363278974,0.28194616610137985,0.0,0.0,0.0,0.0,0.0,0.0,0.38086936705858115,0.0,0.0,0.0,0.1474415869792846,0.0,0.007988143186950562,0.10717188304101401,0.0,0.0,0.0,0.0,0.0,0.0,0.0
TARGET.20.PAKVYM.09A,0.0,0.3636772831861425,0.0027534455310119694,0.0,0.0,0.0,0.0,0.03944905798317764,0.16922906647318178,0.0,0.0,0.0,0.0,0.0,0.0,0.2243793272685887,0.0,0.0,0.0,0.0,0.02275290368335717,0.011465629627820717,0.0,0.0,0.0,0.16629328624671952,0.0,0.0,0.0,0.0
TARGET.20.PAWXWC.09A,0.0,0.0,0.0,0.0,0.0,0.0,0.0,0.034609932830908616,0.051597431752857414,0.0,0.0,0.0,0.0,0.0,0.0,0.8371495077546124,0.0,0.0,0.0029735475386122763,0.0,0.0,0.014015734284542022,0.0,0.0,0.059653845838467126,0.0,0.0,0.0,0.0,0.0
TARGET.20.PAWGRP.09A,0.0,0.0,0.0,0.0,0.0,0.0,0.0,0.06394481960248748,0.12477213866514077,0.0,0.0,0.0,0.0,0.0,0.12940229394028374,0.15462597462446348,0.07494247335547674,0.0,0.0,0.0,0.0,0.002233856986721891,0.0,0.0,0.050230123677568406,0.39984831914785746,0.0,0.0,0.0,0.0
TARGET.20.PAWNIX.09A,0.0,0.0,0.0,0.0,0.04689143324405105,0.0,0.0,0.034546687963430064,0.0306692271381783,0.0,0.0,0.0,0.0,0.0,0.1778552388082024,0.13591145555055054,0.0,0.0,0.0,0.0,0.14570401101997493,0.004813330010799534,0.0,0.0,0.0,0.42360861626481316,0.0,0.0,0.0,0.0
TARGET.20.PASJTM.09A,0.0,0.0,0.0,0.0,0.0,0.0,0.0,0.21211915593127223,0.3328959751337874,0.0,0.0,0.0,0.0,0.0,0.03302712379821448,0.10307152064819819,0.0,0.0,0.04827949424871169,0.0,0.0,0.12972052918283133,0.0,0.0,0.0,0.14088620105698457,0.0,0.0,0.0,0.0
TARGET.20.PAYGWX.Sorted.non.leukemic.09A,0.0,0.0,0.03495458678249755,0.0,0.0,0.0,0.0,0.07551353974518278,0.3706629285384673,0.0,0.0,0.0,0.0,0.0,0.14783414773738898,0.05437194731642183,0.0,0.0,0.0,0.0,0.0,0.00274746076173662,0.0,0.0,0.0,0.313915389118305,0.0,0.0,0.0,0.0
TARGET.20.PAXHYG.09A,0.0,0.0,0.0,0.0,0.07459391697039401,0.0,0.0,0.07608805517381553,0.23220361905230316,0.0,0.0,0.0,0.0,0.0,0.14165830180225547,0.2737901946991752,0.0,0.0,0.0,0.0,0.02069902843545339,0.0058402101861281435,0.0,0.0,0.0,0.1751266736804751,0.0,0.0,0.0,0.0
TARGET.20.PAUPIY.09A,0.0,0.0,0.0,0.20197398390821772,0.0,0.0,0.0,0.044033188970443456,0.01271949250159077,0.0,0.0,0.0,0.0,0.0,0.0,0.6473996480545493,0.0,0.0,0.0,0.0,0.0,0.0018706797156727334,0.0,0.0,0.09200300684952592,0.0,0.0,0.0,0.0,0.0
TARGET.20.PAXGGF.09A,0.0,0.0,0.03767625389887667,0.0,0.06039416751828735,0.0,0.0,0.07730229649925092,0.1485417056126229,0.0,0.0,0.0,0.0,0.0,0.3657623258097566,0.14077497909560424,0.0,0.0,0.0,0.0,0.0,0.011130321552948443,0.0,0.0,0.0,0.15841795001265283,0.0,0.0,0.0,0.0
TARGET.20.PAWCLC.09A,0.0,0.0,0.0,0.0,0.0,0.0,0.0,0.029309386830860245,0.04340021382594957,0.0,0.0,0.0,0.0,0.0,0.06221351373199944,0.3561093045217268,0.0,0.0,0.0025407980841270863,0.01006893792901766,0.15918982894611788,0.00290380221490742,0.0,0.0,0.0,0.20531404533975622,0.0,0.0,0.12895016857553762,0.0
TARGET.20.PASLPU.09A,0.0,0.22760735957782613,0.0,0.0,0.0,0.0,0.0,0.0,0.1548389177368966,0.0,0.0,0.0,0.0,0.0,0.0,0.16131538260865397,0.0,0.0,0.01005678773609837,0.0,0.10113624319964021,0.0,0.0,0.0,0.0,0.30144124297337804,0.0,0.0,0.04360406616750665,0.0
TARGET.20.PASAXB.09A,0.0,0.0,0.0,0.0,0.0,0.0,0.0,0.04332881244939296,0.13525139039688067,0.0,0.0,0.0,0.0,0.12404063198316262,0.0,0.16614231830531812,0.0,0.0,0.0,0.0,0.0,0.0,0.2438182399846483,0.0,0.173298056017223,0.0,0.0,0.0,0.11412055086337441,0.0
TARGET.20.PAWCII.09A,0.0,0.0,0.0,0.0,0.0,0.0,0.0,0.035668813900377135,0.02696492911296632,0.0,0.0,0.0,0.0,0.0,0.0,0.41885500370526124,0.0,0.0,0.0,0.0,0.0,0.0012387054618556285,0.0,0.0,0.04995815590867659,0.46731439191086316,0.0,0.0,0.0,0.0
TARGET.20.PAUUYP.09A,0.0,0.0,0.0,0.06015482597180528,0.0,0.0,0.0,0.017762043697121487,0.0,0.0,0.0,0.0,0.0,0.023986659273676644,0.0,0.46896079728444795,0.0,0.0,0.00892902695144667,0.0,0.0,0.0,0.1973378534602519,0.0,0.16727178003968834,0.0,0.0,0.0,0.055597013321561826,0.0
TARGET.20.PARDMG.09A,0.0,0.29325270668089803,0.007782499360241468,0.0,0.0,0.0,0.0,0.015217925156276254,0.09926401999519999,0.0,0.0,0.0,0.0,0.0,0.13481431305756666,0.11984200774305978,0.0,0.0,0.002787572791440403,0.0,0.21088331773014615,0.007003803238213362,0.0,0.0,0.0,0.10915183424695804,0.0,0.0,0.0,0.0
TARGET.20.PASGMZ.09A,0.0,0.0,0.0,0.0,0.0,0.0,0.0,0.0,0.0,0.0,0.0,0.0,0.0,0.36830119888275553,0.0,0.0,0.0,0.0,0.0,0.0,0.0,0.0,0.0997867643914169,0.0,0.5319120367258274,0.0,0.0,0.0,0.0,0.0
TARGET.20.PASMGW.09A,0.0,0.0,0.0,0.0,0.0,0.0,0.0,0.03529090804441421,0.22973881787561243,0.0,0.0,0.0,0.0,0.0,0.0,0.27769358793927496,0.006904654065354099,0.0,0.0,0.004059732038130178,0.0,0.004895451354168107,0.0688506238749602,0.07315561352510937,0.0,0.2994106112829764,0.0,0.0,0.0,0.0
TARGET.20.PAXEWD.09A,0.0,0.0,0.0,0.0,0.0,0.0,0.0,0.05358755634772372,0.05738262739127831,0.0,0.0,0.0,0.0,0.0,0.04358987079846601,0.5988859912135774,0.0,0.0,0.0009707839302552547,0.0,0.0,0.006396536349337192,0.0,0.0,0.0,0.23918663396936207,0.0,0.0,0.0,0.0
TARGET.20.PAYJAX.Sorted.leukemic.09A,0.0,0.0,0.0006263210723652757,0.0,0.06695222550314946,0.0,0.0,0.13793327103222963,0.2148104433123591,0.0,0.0,0.0,0.0,0.0,0.06722677619068039,0.3413661303702555,0.0,0.0,0.0,0.0,0.019536430104108826,0.00872431214755655,0.0,0.0,0.0,0.1428240902672953,0.0,0.0,0.0,0.0
TARGET.20.PASCZU.09A,0.0,0.0,0.0,0.0,0.0,0.0,0.0,0.1201263334128904,0.05408268503788367,0.0,0.0,0.0,0.0,0.0,0.07900141230506275,0.23346093405724608,0.0,0.0,0.0,0.029556285704222512,0.0,0.0,0.0,0.0,0.2159848308064229,0.20308185538935086,0.0,0.0,0.06470566328692094,0.0
TARGET.20.PAWNIK.09A,0.0,0.009955630659798423,0.0,0.0,0.0,0.0,0.0,0.036450802695714705,0.3139999950108421,0.0,0.0,0.0,0.0,0.0,0.20714230758173438,0.35779875668722355,0.0,0.0,0.004143985267550216,0.0,0.0,0.008555965073611666,0.0,0.0,0.0,0.06195255702352491,0.0,0.0,0.0,0.0
TARGET.20.PAXIPJ.09A,0.0,0.0,0.0,0.0,0.0,0.0,0.0,0.0,0.12648511354475006,0.0,0.0,0.0,0.0,0.0,0.0,0.5047515295008407,0.0,0.0,0.0,0.0,0.060880050626360274,0.018614126829719056,0.0,0.0,0.0,0.20928596987875206,0.0,0.0,0.07998320961957797,0.0
TARGET.20.PATGBX.09A,0.01597918271761358,0.0,0.0,0.035332534090440224,0.0,0.0,0.0,0.05824340135226454,0.07651956595173703,0.0,0.17202325168620208,0.0,0.0,0.0,0.0,0.300615249310159,0.0,0.0,0.0,0.0,0.15209359400665481,0.0015107442643125238,0.0,0.0,0.16260647932761316,0.02507599729300296,0.0,0.0,0.0,0.0
TARGET.20.PAPWIU.09A,0.0,0.08862733568208568,0.0,0.0,0.0,0.0,0.0,0.007444739497422784,0.12443169217053257,0.0,0.0,0.0,0.0,0.0,0.18153628527156293,0.03300072736604257,0.0,0.15501245449053572,0.0,0.0,0.05385394185940062,0.0,0.0,0.0,0.0,0.35609282366241707,0.0,0.0,0.0,0.0
TARGET.20.PAWREX.09A,0.0,0.0,0.0,0.0,0.0,0.0,0.0,0.002083780288736712,0.14920601879617904,0.0,0.0,0.0,0.0,0.0,0.0,0.7029783495242952,0.0,0.0,0.0,0.0,0.0,0.004678153619813762,0.0,0.0,0.040351334230242744,0.10070236354073255,0.0,0.0,0.0,0.0
TARGET.20.PAVTKK.09A,0.0,0.0,0.0,0.0,0.0,0.0,0.0,0.029404962747250754,0.4148881711229749,0.0,0.0,0.0,0.0,0.0,0.06436801683730033,0.27471362807800065,0.0019850115908112143,0.0,0.0,0.0,0.0,0.0050003628789017365,0.0,0.0,0.0,0.20963984674476047,0.0,0.0,0.0,0.0
TARGET.20.PANTWV.09A,0.0,0.0,0.0,0.0,0.0,0.0,0.0,0.01995125272285945,0.2641131444429271,0.0,0.0,0.0,0.0,0.31727630487781144,0.0,0.28151261566689173,0.0,0.0,0.0,0.0,0.0,0.0,0.07928345710355154,0.0,0.020230427317319527,0.0,0.0,0.0,0.017632797868639055,0.0
TARGET.20.PAVLJH.09A,0.0,0.03433467820440862,0.0,0.0,0.0,0.0,0.0,0.029480450897589244,0.07874243845493055,0.0,0.0,0.0,0.0,0.0,0.12437433950776432,0.47444113534121074,0.0,0.0,0.004742291943144818,0.0,0.06336734577700594,0.006978362618348061,0.0,0.0,0.0,0.1716327153120934,0.0,0.0,0.011906241943504198,0.0
TARGET.20.PAPXAZ.09A,0.0,0.0,0.0,0.0,0.026114417400693805,0.0,0.0,0.08183060254726267,0.1490455352652153,0.0,0.0,0.0,0.0,0.0,0.09959206069433907,0.2494932459084352,0.0,0.0,0.0,0.04305559768707623,0.0,0.025173208719679346,0.0,0.0,0.00644619229628159,0.3192491394810168,0.0,0.0,0.0,0.0
TARGET.20.PARBRA.09A,0.0,0.0,0.0,0.0,0.0,0.0,0.0,0.0,0.0,0.0,0.0,0.0,0.0,0.0,0.0,0.0,0.0,0.0,0.0,0.0,0.0,4.203509092183804e-05,0.0,0.0,0.636727755462119,0.36323020944695905,0.0,0.0,0.0,0.0
TARGET.20.PARZWH.09A,0.0,0.9177397875692003,0.0,0.0,0.0,0.0,0.0,0.07471161181389532,0.0,0.0,0.0,0.0,0.0,0.0,0.0,0.0,0.0,0.0,0.007548600616904472,0.0,0.0,0.0,0.0,0.0,0.0,0.0,0.0,0.0,0.0,0.0
TARGET.20.PAWRSI.09A,0.0,0.0,0.0,0.0,0.0,0.0,0.0,0.0,0.0,0.0,0.0,0.0,0.0,0.14109859744053796,0.0,0.28229734887869135,0.0,0.0,0.0,0.0,0.0,0.0,0.158345533371744,0.0,0.0,0.0,0.0,0.0,0.4182585203090267,0.0
TARGET.20.PAWKLB.09A,0.0,0.0,0.0,0.0,0.0,0.0,0.0,0.08694148993618535,0.23486413520688476,0.0,0.0,0.0,0.0,0.0,0.1212656584921969,0.4175106771688787,0.0,0.0,0.0,0.04119435616462317,0.0,0.016358725279837352,0.0,0.0,0.0,0.021332695991727116,0.0,0.0,0.06053226175966657,0.0
TARGET.20.PAWLTL.09A,0.0,0.39197664212250366,0.0,0.0,0.0,0.0,0.0,0.06171874093114501,0.47442615270028293,0.0,0.0,0.0,0.0,0.0,0.04718011788021534,0.01661143446111671,0.0,0.0,0.0,0.008086911904736316,0.0,0.0,0.0,0.0,0.0,0.0,0.0,0.0,0.0,0.0
TARGET.20.PATZIS.09A,0.0,0.0,0.0,0.0,0.0,0.0,0.0,0.0017001614837493428,0.0,0.0,0.0,0.0,0.0,0.03830557914427161,0.0,0.5445317251508554,0.0,0.0,0.0,0.0,0.0,0.0,0.2591612706646108,0.0,0.15630126355651286,0.0,0.0,0.0,0.0,0.0
TARGET.20.PANBZH.09A,0.0,0.01801046298273961,0.003785593933560826,0.0,0.04541797315971752,0.0,0.0,0.03965114222791543,0.21884387172451417,0.0,0.0,0.0,0.0,0.0,0.0,0.15801025540048916,0.0,0.0,0.0,0.0,0.40571522581087915,0.0047045056747503896,0.0,0.0,0.0,0.0,0.0,0.0,0.10586096908543381,0.0
TARGET.20.PAVNAN.09A,0.0,0.0,0.0,0.0,0.0,0.0,0.0,0.0456350232772192,0.07648855287906504,0.0,0.0,0.0,0.0,0.25875949340870474,0.0,0.31017420513024585,0.0,0.0,0.0,0.0,0.0,0.0,0.21220306802772906,0.0,0.0,0.0,0.0,0.0,0.09673965727703611,0.0
TARGET.20.PAVKNA.09A,0.0,0.0,0.0,0.0,0.0,0.0,0.0,0.02286896190518078,0.30279971746236817,0.0,0.0,0.0,0.0,0.0,0.012970451254520612,0.5374383606629195,0.0,0.0,0.0,0.0,0.0,0.00725095682869584,0.0,0.0,0.02088285122189856,0.09578870066441653,0.0,0.0,0.0,0.0
TARGET.20.PAXGDG.09A,0.0,0.07788572282412676,0.0,0.0,0.11239430585841173,0.0,0.0,0.0310894798735071,0.1829953925031347,0.0,0.0,0.0,0.0,0.0,0.13866149637877076,0.34371917424469245,0.0,0.0,0.0,0.0,0.08008627854354722,0.008174541088811086,0.0,0.0,0.0,0.024993608684998135,0.0,0.0,0.0,0.0
TARGET.20.PAXEWS.09A,0.0,0.0,0.0,0.0,0.0,0.0,0.0,0.04296423073288418,0.290550608496517,0.0,0.0,0.0,0.0,0.0,0.17074357004298074,0.2049855530220844,0.005225785888781045,0.06198059061689177,0.0,0.0,0.0,0.0012994979221311717,0.0,0.0,0.0,0.22225016327772962,0.0,0.0,0.0,0.0
TARGET.20.PAXBAP.09A,0.0,0.0,0.0,0.0,0.0,0.0,0.0,0.04972142965431492,0.3240988138331982,0.0,0.0,0.0,0.0,0.0,0.0,0.6164867562439539,0.0,0.0,0.0,0.00879204640929416,0.0,0.0009009538592388076,0.0,0.0,0.0,0.0,0.0,0.0,0.0,0.0
TARGET.20.PAYIRH.Sorted.leukemic.09A,0.0,0.0,0.0,0.0,0.0,0.0,0.0,0.31936337974799245,0.4223022228562808,0.0,0.0,0.0,0.0,0.0,0.12972803677701852,0.0,0.0,0.0,0.0,0.008987075488530229,0.0,0.0,0.0,0.0,0.0,0.11961928513017807,0.0,0.0,0.0,0.0
TARGET.20.PATJHJ.09A,0.0,0.0,0.0,0.0,0.053884429285994545,0.0,0.0,0.0517689807116807,0.022660001907745645,0.0,0.0,0.0,0.0,0.0,0.16593833776017305,0.281375951758791,0.0,0.11806610842542986,0.0002719878599767573,0.005618669717677368,0.0,0.029458878388233203,0.0,0.0,0.0,0.27095665418429793,0.0,0.0,0.0,0.0
TARGET.20.PAXGNZ.09A,0.0,0.0,0.0,0.0,0.0,0.0,0.0,0.12681208492224447,0.13882685633339942,0.0,0.0,0.0,0.0,0.0,0.17019865311295707,0.31284857919093373,0.0,0.0,0.0,0.044531471919112324,0.0,0.0419225197359819,0.0,0.0,0.0,0.16485983478537114,0.0,0.0,0.0,0.0
TARGET.20.PAVGYA.09A,0.0,0.0,0.0,0.0,0.0,0.0,0.0,0.15054881465001194,0.2126210828742424,0.0,0.0,0.0,0.0,0.0,0.23019962914365596,0.403328842662268,0.0,0.0,0.0,0.0,0.0,0.0033016306698215488,0.0,0.0,0.0,0.0,0.0,0.0,0.0,0.0
TARGET.20.PARUBT.09A,0.0,0.0,0.0,0.0,0.0,0.0,0.0,0.023574458763967247,0.3609470297940735,0.0,0.0,0.0,0.0,0.0,0.0,0.41190903575471366,0.0,0.0,0.0,0.0,0.0,0.15558331657025262,0.0,0.0,0.0,0.04798615911699303,0.0,0.0,0.0,0.0
TARGET.20.PAXTMN.09A,0.0,0.0,0.0,0.16683571705095368,0.0,0.0,0.0,0.01723231995279617,0.09443261197775706,0.0,0.0,0.0,0.0,0.0,0.0,0.7088238392896301,0.0,0.0,0.006674728210767604,0.0,0.0,0.006000783518095459,0.0,0.0,0.0,0.0,0.0,0.0,0.0,0.0
TARGET.20.PATGDZ.09A,0.0,0.0,0.0,0.0,0.0,0.0,0.0,0.0409236991317833,0.14749489662285473,0.0,0.0,0.0,0.0,0.0,0.07127374429330689,0.159224486779904,0.0,0.0,0.02934956910848597,0.015225665809491069,0.0,0.00440506092841806,0.0,0.07978111959360092,0.0,0.45232175773215505,0.0,0.0,0.0,0.0
TARGET.20.PAWXCK.09A,0.0,0.0,0.0,0.0,0.0,0.0,0.0,0.08805920615394347,0.26890585453506616,0.0,0.0,0.0,0.0,0.0,0.10457436144885747,0.290788837061207,0.0,0.0,0.0,0.0374265712099002,0.0,0.002510155742187246,0.0,0.0,0.05421141340184225,0.15352360044699626,0.0,0.0,0.0,0.0
TARGET.20.PAYKYZ.Unsorted.09A,0.0,0.0,0.0,0.0,0.06861307545643795,0.0,0.0,0.041865915577331186,0.2584384908236979,0.0,0.0,0.0,0.0,0.0,0.029371533254697012,0.5413374088150542,0.0,0.0,0.0,0.015950167688308637,0.018242551409370915,0.02202256146000976,0.0,0.0,0.0011312650334948204,0.0030270304815975765,0.0,0.0,0.0,0.0
TARGET.20.PAWSRG.09A,0.0,0.10492102575952193,0.0,0.0,0.0,0.0,0.0,0.01409102447344654,0.2486076197108176,0.0,0.0,0.0,0.0,0.0,0.040320949584531175,0.44066632194947364,0.0,0.0,0.0,0.0,0.0,0.013926416007346678,0.0,0.0,0.0,0.08668355312512788,0.0,0.0,0.05078308938973455,0.0
TARGET.20.PATEYS.09A,0.0,0.4081528875786958,0.0,0.0,0.0,0.0,0.0,0.08259434709558604,0.0,0.0,0.0,0.0,0.0,0.0,0.5061244311130417,0.0,0.0,0.0,0.0,0.003128334212676507,0.0,0.0,0.0,0.0,0.0,0.0,0.0,0.0,0.0,0.0
TARGET.20.PAVGUM.09A,0.0,0.0,0.0,0.0,0.0,0.0,0.0,0.0,0.26253649909561366,0.0,0.0,0.0,0.0,0.0,0.0,0.5915609884908675,0.0,0.0,0.0,0.0,0.0,0.0,0.0,0.0,0.14590251241351898,0.0,0.0,0.0,0.0,0.0
TARGET.20.PARLSW.09A,0.0,0.07200748179503115,0.0,0.0,0.0,0.0,0.0,0.0,0.02778107784596436,0.0,0.0,0.0,0.0,0.0,0.0,0.18838446221309835,0.0717528722641854,0.061217666328959044,0.0,0.0,0.17967526428283284,0.019834936993711607,0.04009803637193955,0.020106841575625485,0.0,0.25873220561642785,0.0,0.0,0.06040915471222439,0.0
TARGET.20.PASARK.09A,0.0510204835599668,0.0,0.0,0.0,0.016681389528321645,0.0,0.0,0.09649312975760943,0.07335862827823668,0.0,0.0,0.0,0.0,0.0,0.0,0.23269983364756977,0.0,0.0,0.0,0.0,0.2755687639819484,0.00596080883657034,0.0,0.0,0.17863425663723445,0.06958270577254261,0.0,0.0,0.0,0.0
TARGET.20.PAVUAD.09A,0.0,0.05935498256879048,0.0028919629039569363,0.0,0.10620157002179188,0.0,0.0,0.06010792018689887,0.22711947899582835,0.0,0.0,0.0,0.0,0.0,0.15284002815133116,0.34313079257096885,0.0,0.0,0.0,0.008377492555472502,0.00026778033345873893,0.012622560092938266,0.0,0.0,0.0,0.02708543161856395,0.0,0.0,0.0,0.0
TARGET.20.PAWHJP.09A,0.0,0.0,0.0,0.0,0.0,0.0,0.0,0.11421134394232914,0.0,0.0,0.0,0.0,0.0,0.0,0.0,0.4707213369640188,0.0,0.0,0.0,0.0,0.0,0.0,0.2420196609072462,0.0,0.17304765818640588,0.0,0.0,0.0,0.0,0.0
TARGET.20.PAVWJV.09A,0.0,0.0,0.0,0.0,0.0,0.0,0.0,0.09432384699681821,0.3525598838985307,0.0,0.0,0.0,0.0,0.0,0.03090502662169226,0.3645707291958303,0.0,0.0,0.0,0.0957306272628861,0.0,0.0,0.06190988602424243,0.0,0.0,0.0,0.0,0.0,0.0,0.0
TARGET.20.PAUZRX.09A,0.0,0.0,0.0,0.0,0.0,0.0,0.0,0.0714686198854641,0.0,0.0,0.0,0.0,0.0,0.0,0.0,0.6283140140474462,0.0,0.0,0.0,0.0,0.0,0.032428585989263174,0.08086058611609477,0.0,0.03840779365012368,0.0,0.0,0.0,0.1485204003116079,0.0
TARGET.20.PAUXNM.09A,0.0,0.0,0.0,0.0,0.0,0.0,0.0,0.09407666080771518,0.20861050472064355,0.0,0.0,0.0,0.0,0.0,0.16412102110815288,0.37947098537676616,0.0,0.0,0.0,0.024054672722714974,0.04531466467838503,0.002159039658242003,0.0,0.0,0.0,0.08219245092738012,0.0,0.0,0.0,0.0
TARGET.20.PAWYZR.09A,0.0,0.0,0.0,0.0,0.0,0.0,0.0,0.17068126242155135,0.15963486396658633,0.0,0.0,0.0,0.0,0.0,0.3827479693033235,0.21771459597371368,0.0,0.0,0.0,0.06198686659146285,0.0,0.00723444174336225,0.0,0.0,0.0,0.0,0.0,0.0,0.0,0.0
TARGET.20.PASXIS.09A,0.0,0.1242337404247771,0.0,0.0,0.09858097235584311,0.0,0.0,0.02042448882157206,0.25380651543626837,0.0,0.0,0.0,0.0,0.0,0.2962879911489433,0.019060933406448488,0.0,0.0,0.0,0.0,0.0,0.0028689752256055626,0.0,0.0,0.0,0.18473638318054214,0.0,0.0,0.0,0.0
TARGET.20.PAXYSF.09A,0.0,0.0,0.0,0.0,0.0,0.0,0.0,0.0,0.14897308450332922,0.0,0.0,0.0,0.1435858745852242,0.0,0.0016887378146644737,0.08291208382817733,0.005758603638463219,0.15683451581883384,0.0,0.0,0.0,0.0,0.0,0.09121234575601216,0.0,0.36903475405529557,0.0,0.0,0.0,0.0
TARGET.20.PANKKE.09A,0.0,0.16864333093281325,1.5445075733961025e-05,0.0,0.0,0.05822691391991175,0.0,0.0,0.0,0.02643818968840422,0.0,0.0,0.0,0.0,0.0,0.1848061291802002,0.0,0.0,0.007474845418456514,0.0,0.4431922568457598,0.008638912293926116,0.09418371412049971,0.0,0.0,0.0,0.0,0.0,0.008380262524294519,0.0
TARGET.20.PADYTY.09A,0.0,0.0,0.0,0.26052296915675566,0.0,0.0,0.0,0.010650578780589158,0.1698802144605155,0.0,0.0,0.0,0.0,0.0,0.0,0.31946346245135965,0.0027357046898663843,0.0,0.0,0.0,0.014689469426361032,0.003212088847353528,0.0,0.0,0.04067678156916363,0.17816873061803556,0.0,0.0,0.0,0.0
TARGET.20.PAWWPA.09A,0.0,0.0,0.0,0.0,0.0,0.0,0.0,0.070307999465599,0.26789038632173173,0.0,0.0,0.0,0.0,0.0,0.018710932013895357,0.5393708368411481,0.0,0.0,0.0,0.0,0.0,0.0,0.049244425070740325,0.0,0.0544754202868854,0.0,0.0,0.0,0.0,0.0
TARGET.20.PAWFEM.09A,0.0,0.0,0.0,0.0,0.0,0.0,0.0,0.006519857898191059,0.5009041344854016,0.0,0.0,0.0,0.0,0.0,0.0,0.21440657382333217,0.0,0.0,0.0,0.0,0.0,0.0958649265053315,0.0,0.0,0.0,0.18230450728774358,0.0,0.0,0.0,0.0
TARGET.20.PAENIK.09A,0.0,0.0,0.0,0.0,0.0,0.0,0.0,0.0542774879042548,0.21948355312642545,0.0,0.0,0.0,0.0,0.0,0.0,0.42022344484545937,0.0,0.0,0.0,0.08151460828370354,0.0,0.006118850934934029,0.0,0.0,0.04471064314745477,0.17367141175776804,0.0,0.0,0.0,0.0
TARGET.20.PAUYXM.09A,0.0,0.0,0.0,0.0,0.01552114759584022,0.0,0.0,0.20180477672650096,0.03223226902487037,0.0,0.0,0.0,0.0,0.0,0.37634312988820245,0.2948233264983665,0.0,0.0,0.007987595841101548,0.0,0.0,0.0,0.0,0.0,0.0,0.07128775442511777,0.0,0.0,0.0,0.0
TARGET.20.PASUAF.09A,0.0,0.22568493403349493,0.0,0.0,0.0,0.0,0.0,0.07526864056675724,0.10635578757065431,0.0,0.0,0.0,0.0,0.0,0.0,0.2108590542727284,0.0,0.0,0.042461298383058226,0.0,0.0,0.022833738372100846,0.013892621241267802,0.0,0.0795164521028498,0.0,0.0,0.0,0.22312747345708847,0.0
TARGET.20.PASEFD.09A,0.0,0.0,0.0,0.0,0.0,0.0,0.0,0.042249510059946135,0.0,0.0,0.0,0.0,0.0,0.0,0.0,0.21060774425218012,0.08970600837040742,0.0,0.0,0.0,0.0,0.05615516179988621,0.050286639157754845,0.05109023446127889,0.0,0.26452204554607467,0.0,0.0,0.23538265635247183,0.0
TARGET.20.PASPLH.09A,0.0,0.0,0.0,0.0,0.0,0.0,0.0,0.08408322094637881,0.43057207584989776,0.0,0.0,0.0,0.0,0.0,0.0,0.13264622481536806,0.0,0.0,0.03817921453120058,0.02661362398830472,0.0,0.09036416226875878,0.0,0.0,0.05377402342358868,0.07491649287986728,0.0,0.0,0.06885096129663537,0.0
TARGET.20.PAWTSM.09A,0.0,0.0,0.0,0.0,0.0,0.0,0.0,0.013331986752156149,0.5955048039449656,0.0,0.0,0.0,0.0,0.0,0.37420635455767703,0.0,0.0,0.0,0.0,0.0,0.0,0.016956854745201234,0.0,0.0,0.0,0.0,0.0,0.0,0.0,0.0
TARGET.20.PAVCMR.09A,0.0,0.0,0.0,0.0,0.0,0.0,0.0,0.03741663080736865,0.13257927023764793,0.0,0.0,0.0,0.0,0.0,0.1842353409075859,0.3853576075141603,0.0,0.008543721540267717,0.0,0.0,0.0,0.0012668904272835945,0.0,0.0,0.0,0.250600538565686,0.0,0.0,0.0,0.0
TARGET.20.PAWIEM.09A,0.0,0.0,0.0,0.0,0.25032664851611264,0.0,0.0,0.13222833528625766,0.11788045976472261,0.0,0.0,0.0,0.0,0.0,0.23125382329918603,0.13807371992401585,0.0,0.0,0.0,0.0,0.0,0.005031833157121972,0.0,0.0,0.0,0.12520518005258316,0.0,0.0,0.0,0.0
TARGET.20.PAUVBS.09A,0.0,0.0,0.0,0.0,0.0,0.0,0.0,0.06407405311018759,0.013923780947974345,0.0,0.0,0.0,0.0,0.0,0.22646528527684479,0.12647357789534777,0.0,0.0,0.0026422838126875245,0.0,0.0,0.0,0.0,0.0835685990471629,0.0,0.482852419909795,0.0,0.0,0.0,0.0
TARGET.20.PATLDZ.09A,0.0,0.0,0.0,0.0,0.0,0.0,0.0,0.12740665417982353,0.1538476118429481,0.0,0.0,0.0,0.0,0.0,0.16199081426496792,0.4211478606039561,0.0,0.0,0.0027431382920611665,0.0,0.0,0.0,0.0,0.0,0.11330263010238084,0.019561290713862353,0.0,0.0,0.0,0.0
TARGET.20.PAKTCX.09A,0.0,0.0,0.0,0.0,0.0,0.0,0.0,0.03791334720914117,0.21572159402711052,0.0,0.0,0.0,0.0,0.0,0.0,0.01792647618323187,0.0,0.0,0.0,0.0,0.0,0.044933870243719906,0.0,0.0,0.5993701974035106,0.08413451493328594,0.0,0.0,0.0,0.0
TARGET.20.PAXMLI.09A,0.0,0.0,0.0,0.0,0.03693609391439973,0.0,0.0,0.041690591480825066,0.029575507380840707,0.0,0.0,0.0,0.0,0.0,0.12841576881519207,0.37927602725288323,0.05799791694508062,0.0,0.0,0.0,0.0,0.0019072022926463674,0.0,0.0,0.05658189015503693,0.2676190017630952,0.0,0.0,0.0,0.0
TARGET.20.PAVELC.09A,0.0,0.0,0.0,0.0,0.0,0.0,0.0,0.00249603600901431,0.0,0.0,0.0,0.0,0.0,0.0,0.10925380392220045,0.38165893159202,0.0,0.11790502645012398,0.008397154005409932,0.0,0.0,0.011808851680345863,0.0,0.0,0.0,0.36848019634088547,0.0,0.0,0.0,0.0
TARGET.20.PANXVZ.09A,0.0,0.0,0.0,0.0,0.0,0.0,0.0,0.06822566717328907,0.37998022927048525,0.0,0.0,0.0,0.0,0.0,0.011752390471819685,0.28483456650540107,0.0,0.0,0.0,0.0,0.0,0.002400511030869327,0.0,0.0,0.0,0.2528066355481355,0.0,0.0,0.0,0.0
TARGET.20.PARYHR.09A,0.0,0.0007305108504308214,0.0,0.0,0.0,0.0,0.0,0.05956131249272729,0.3465728843124252,0.0,0.0,0.0,0.0,0.0,0.20015275752719733,0.26198190415717965,0.0,0.0,0.0,0.0,0.12453715461385377,0.0032611961522930268,0.0,0.0,0.003202279893892919,0.0,0.0,0.0,0.0,0.0
TARGET.20.PAPZLT.09A,0.0,0.0,0.0,0.0,0.0,0.0,0.0,0.09086763083151636,0.0,0.0,0.0,0.0,0.0,0.2847030611114513,0.0,0.14136833932712758,0.0,0.0,0.0,0.0,0.0,0.0034897120086704314,0.013791071287630406,0.0,0.3495268007668767,0.09909168534941948,0.0,0.0,0.017161699317307513,0.0
TARGET.20.PAYCIT.09A,0.0,0.0,0.0,0.0,0.0,0.0,0.0,0.017008831595907166,0.3373511563406486,0.0,0.0,0.0,0.0,0.0,0.04143678095429492,0.5835527846339991,0.0,0.0,0.019373275154657945,0.0,0.0,0.0012771713204923938,0.0,0.0,0.0,0.0,0.0,0.0,0.0,0.0
TARGET.20.PAXKRR.09A,0.0,0.0,0.0,0.0,0.053713065136120126,0.0,0.0,0.06181962097966331,0.06137898442318123,0.0,0.0,0.0,0.0,0.0,0.34926412520074723,0.26504613547318184,0.0,0.0,0.0,0.0,0.0,0.005354978586926945,0.0,0.0,0.0,0.20342309020017937,0.0,0.0,0.0,0.0
TARGET.20.PAWMJY.09A,0.0,0.0,0.0,0.0,0.0,0.0,0.0,0.0716289736562594,0.2955844675073609,0.0,0.0,0.0,0.0,0.0,0.5623419587292305,0.05851480238583997,0.0,0.0,0.0,0.0,0.0,0.011929797721309133,0.0,0.0,0.0,0.0,0.0,0.0,0.0,0.0
TARGET.21.PARNAW.09A,0.0,0.16369417621231747,0.0,0.0,0.0,0.0,0.0,0.07618494619549829,0.26583319951758383,0.0,0.0,0.0,0.0,0.0,0.026776527158191926,0.0,0.0,0.0,0.0,0.17335295538220316,0.0,0.04930195792824959,0.0,0.0,0.0,0.24485623760595568,0.0,0.0,0.0,0.0
TARGET.20.PAVFHT.09A,0.0,0.0,0.0,0.0,0.0,0.0,0.0,0.1019748706134168,0.26839661074650645,0.0,0.0,0.0,0.0,0.0,0.06170812369038269,0.3128637800145918,0.0,0.0,0.0,0.08449172737634641,0.0,0.007673879084173559,0.0,0.0,0.0,0.1628910084745823,0.0,0.0,0.0,0.0
TARGET.20.PAYAFC.09A,0.0,0.0,0.0,0.0,0.0,0.0,0.0,0.05780939714831439,0.05933203777025384,0.0,0.0,0.0,0.0,0.0,0.0,0.20478847820742982,0.06340264894685319,0.0,0.0,0.0,0.0,0.0,0.0,0.15070108163799978,0.0,0.46396635628914895,0.0,0.0,0.0,0.0
TARGET.20.PAYGYM.Sorted.leukemic.09A,0.0,0.0,0.0,0.0,0.0,0.0,0.0,0.03594935211350097,0.0,0.0,0.0,0.0,0.0,0.0,0.10984894741782825,0.2848037458283058,0.10083131496136508,0.0,0.0,0.0,0.0,0.0,0.0,0.0750714754258677,0.0,0.39349516425313225,0.0,0.0,0.0,0.0
TARGET.20.PAEMCF.09A,0.0,0.0,0.0,0.0,0.040706485684637146,0.0,0.0,0.3412684503054251,0.2474320481945169,0.0,0.0,0.0,0.0,0.0,0.062115877941887956,0.0,0.0,0.0,0.0,0.08236718209013487,0.0,0.0033856243256942184,0.0,0.0,0.0,0.22272433145770376,0.0,0.0,0.0,0.0
TARGET.20.PAWMGH.09A,0.0,0.0,0.0,0.0,0.0,0.0,0.0,0.07064557993536504,0.3629501488305691,0.0,0.0,0.0,0.0,0.0,0.0,0.5300006320701942,0.0,0.0,0.008336184649618494,0.017242429250376546,0.0,0.010825025263876678,0.0,0.0,0.0,0.0,0.0,0.0,0.0,0.0
TARGET.20.PARPZP.09A,0.0,0.0,0.0,0.0,0.0,0.0,0.0,0.06380722933161799,0.06216818726666373,0.0,0.0,0.0,0.12912341453563217,0.0,0.045442226578770444,0.052861837193128126,0.0,0.0,0.0,0.0,0.0,0.007151609119999064,0.0,0.0,0.18379948959916453,0.4556460063750238,0.0,0.0,0.0,0.0
TARGET.20.PATKYT.09A,0.0,0.0,0.0,0.0,0.017974158583104437,0.0,0.0,0.0502360321303491,0.07956259845063975,0.0,0.0,0.0,0.0,0.0,0.24200706772800218,0.1442196506020802,0.0,0.25325779286596406,0.021517417465109826,0.007217183239364271,0.0,0.005026589812956334,0.0,0.0,0.0,0.1789815091224298,0.0,0.0,0.0,0.0
TARGET.20.PAURJZ.09A,0.0,0.0,0.0,0.0,0.0,0.0,0.0,0.018275155686614707,0.046846450059983134,0.0,0.0,0.0,0.1086749592831559,0.0,0.21316409931677377,0.16143795003723965,0.004709393324044116,0.0,0.01680432352568868,0.06502061143301387,0.0,0.0,0.0,0.027960552865595626,0.0,0.3371065044678906,0.0,0.0,0.0,0.0
TARGET.20.PAXFDN.09A,0.0,0.08546563268181191,0.0,0.0,0.0,0.0,0.0,0.161640079861809,0.25901569745684777,0.0,0.0,0.0,0.0,0.0,0.3212613274678401,0.17261726253169127,0.0,0.0,0.0,0.0,0.0,0.0,0.0,0.0,0.0,0.0,0.0,0.0,0.0,0.0
TARGET.20.PAVWBW.09A,0.0,0.0,0.0,0.0,0.0,0.0,0.0,0.11025914118972234,0.2108503203329625,0.0,0.0,0.0,0.0,0.0,0.05344081236549448,0.40741898222053213,0.0,0.0,0.010263676908312536,0.0,0.0,0.0053016897811917554,0.0,0.0,0.0,0.2024653772017842,0.0,0.0,0.0,0.0
TARGET.20.PAWJKD.09A,0.0,0.0,0.0,0.0,0.0,0.0,0.0,0.0,0.2951023198377706,0.0,0.0,0.0,0.0,0.0,0.0,0.35146008222322045,0.0,0.0,0.0,0.0,0.13579874529387892,0.11309053339280882,0.0,0.0,0.0,0.1045483192523213,0.0,0.0,0.0,0.0
TARGET.20.PARILH.09A,0.0,0.0,0.0,0.0,0.07093999065317855,0.0,0.0,0.01789872994866738,0.303539989113259,0.0,0.0,0.0,0.0,0.0,0.23984084453453872,0.21184345415629977,0.0,0.0,0.0,0.0,0.015496119831464124,0.007851117116248928,0.0,0.0,0.0,0.13258975464634354,0.0,0.0,0.0,0.0
TARGET.20.PAWERN.09A,0.0,0.008060227924862585,0.0,0.0,0.0,0.0,0.0,0.005805651270069204,0.2648883031183335,0.0,0.0,0.0,0.0,0.0,0.008644281564474787,0.32739821075285686,0.0,0.0,0.12068158027095666,0.0,0.022521426235318966,0.010357838046483468,0.0,0.0,0.0,0.1618981776727281,0.0,0.0,0.06974430314391586,0.0
TARGET.20.PARRAD.09A,0.06863529186695815,0.0,0.0,0.12830608924306108,0.047811543757407295,0.0,0.0,0.053174918758669316,0.03085282362080779,0.0,0.0,0.0,0.0,0.0,0.0,0.32197702257095434,0.0,0.0,0.0,0.038926029950822116,0.030497586743068864,0.0009453905994378197,0.0,0.0,0.08837621289223856,0.19049708999657458,0.0,0.0,0.0,0.0
TARGET.20.PAWTHU.09A,0.0,0.0,0.0,0.0,0.0,0.0,0.0,0.010907334233964104,0.3294411451234327,0.0,0.0,0.0,0.0,0.0,0.011830044057132266,0.452391015840524,0.0,0.0,0.11683868036612709,0.0,0.0,0.018677250487130852,0.0,0.0,0.0,0.0050236927801558025,0.0,0.0,0.05489083711153349,0.0
TARGET.20.PAVSIX.09A,0.0,0.0,0.0,0.0,0.0,0.0,0.0,0.001620208410186879,0.5732701340779424,0.0,0.0,0.0,0.0,0.0,0.0,0.3299605235204978,0.0,0.0,0.0,0.0,0.0,0.09514913399137291,0.0,0.0,0.0,0.0,0.0,0.0,0.0,0.0
TARGET.21.PATKWH.09A,0.0,0.0,0.0,0.0,0.0,0.0,0.0,0.10979530959785962,0.41351934671116364,0.0,0.0,0.0,0.0,0.0,0.0,0.09541378716616165,0.0,0.0,0.0,0.33029185230751834,0.0,0.0049725795870736835,0.0,0.0,0.04600712463022286,0.0,0.0,0.0,0.0,0.0
TARGET.20.PAWUCG.09A,0.0,0.0,0.0,0.0,0.0,0.0,0.0,0.08953731951796076,0.1270545379650003,0.0,0.0,0.0,0.0,0.0,0.0,0.619518803173952,0.0,0.0,0.04214279779600941,0.0,0.0,0.0024476127318074116,0.0,0.0,0.0,0.11929892881527006,0.0,0.0,0.0,0.0
TARGET.20.PATLJF.09A,0.0,0.0,0.0,0.0,0.0,0.0,0.0,0.07540002750831308,0.15478774404121554,0.0,0.0,0.0,0.0,0.20228039660774136,0.0,0.18226777990647888,0.0,0.0,0.0,0.008879802470788735,0.0,0.0,0.046884330240962176,0.0,0.1333725779324973,0.0,0.0,0.0,0.19612734129200282,0.0
TARGET.20.PAWWMJ.09A,0.0,0.0,0.0,0.0,0.0,0.0,0.0,0.03511307406363523,0.0,0.0,0.0,0.0,0.0,0.0,0.0,0.5578825252784249,0.03305174345746919,0.0,0.0,0.016295920821518612,0.0,0.0,0.03054327738535232,0.06294107084896035,0.0,0.2641723881446394,0.0,0.0,0.0,0.0
TARGET.20.PAXLVV.09A,0.0,0.0,0.0,0.0,0.0,0.0,0.0,0.04124472526782537,0.06520456793641914,0.0,0.0,0.0,0.0,0.0,0.1242910921112114,0.3510435839490898,0.08401854823491829,0.0,0.0,0.0,0.0,0.003242975628862798,0.0,0.0,0.0,0.33095450687167316,0.0,0.0,0.0,0.0
TARGET.20.PAYFID.09A,0.0,0.0,0.0,0.0,0.0,0.0,0.0,0.07530704992253576,0.0,0.0,0.0,0.0,0.0,0.0,0.49956985576492857,0.41368961182202607,0.0,0.0,0.011433482490509569,0.0,0.0,0.0,0.0,0.0,0.0,0.0,0.0,0.0,0.0,0.0
TARGET.20.PAURMH.09A,0.0,0.0,0.0,0.20705733627959597,0.0,0.0,0.0,0.012274620706608237,0.0,0.0,0.0,0.0,0.0,0.0,0.0,0.5939844857122657,0.0,0.0,0.012118909974306235,0.0,0.0,0.0,0.009883650993869118,0.0,0.16468099633335462,0.0,0.0,0.0,0.0,0.0
TARGET.20.PASCAF.09A,0.0,0.0,0.0,0.0,0.0,0.0,0.0,0.014915834321513395,0.1518999581298633,0.0,0.0,0.0,0.0,0.0,0.0,0.5395607302788924,0.0,0.0,0.0,0.0,0.0,0.0,0.0,0.0,0.2936234772697311,0.0,0.0,0.0,0.0,0.0
TARGET.20.PANPTM.09A,0.0,0.46860290534542887,0.0,0.0,0.0,0.0,0.0,0.0,0.0,0.0,0.0,0.0,0.0,0.0,0.0,0.019076928467615727,0.0902333571043116,0.0,0.0,0.005021617130371762,0.2839856271624063,0.015440176139781301,0.0,0.0,0.0,0.11763938865008441,0.0,0.0,0.0,0.0
TARGET.20.PAXBAZ.09A,0.0,0.0,0.0,0.0,0.0,0.0,0.0,0.0944105082974334,0.12397164611446448,0.0,0.0,0.0,0.0,0.0,0.6431719596685269,0.1251580312834227,0.0,0.0,0.0,0.0,0.0,0.0132878546361526,0.0,0.0,0.0,0.0,0.0,0.0,0.0,0.0
TARGET.20.PAWCKI.09A,0.0,0.0,0.0,0.0,0.0,0.0,0.0,0.15330735510278776,0.09269710681549674,0.0,0.0,0.0,0.0,0.0,0.012947463802501431,0.5581020482715252,0.0,0.0,0.0,0.0,0.0,0.018966025257715787,0.0,0.0,0.16398000074997313,0.0,0.0,0.0,0.0,0.0
TARGET.20.PAKIYW.09A,0.0,0.0,0.0006321047586270542,0.0,0.0030616460328205483,0.0,0.0,0.04053306044301534,0.13269333068779546,0.0,0.0,0.0,0.0,0.0,0.08945304238055951,0.06003431930447181,0.04035230040562963,0.017490969416075666,0.007307939170400275,0.0,0.08527329642763246,0.025730088807720698,0.0,0.0,0.11139827267646245,0.38603962948878895,0.0,0.0,0.0,0.0
TARGET.20.PANVMR.09A,0.0,0.03625604454599971,0.0,0.0,0.03578530718420388,0.0,0.0,0.20518324341935476,0.2260714134845317,0.0,0.0,0.0,0.0,0.0,0.31201076452707516,0.10554478568024163,0.0,0.0,0.0,0.06366515641549446,0.0,0.0015047259944308308,0.0,0.0,0.0,0.013978558748667748,0.0,0.0,0.0,0.0
TARGET.20.PAWSJC.09A,0.0,0.0,0.0,0.0,0.0,0.0,0.0,0.017132311822181466,0.23480117276954485,0.0,0.0,0.0,0.0,0.0,0.05969217318623832,0.45724816252753686,0.0,0.0,0.0,0.0,0.08251031912626466,0.014975574947251671,0.0,0.0,0.0,0.1336402856209823,0.0,0.0,0.0,0.0
TARGET.20.PANTPW.09A,0.0,0.033851382454676456,0.0,0.0,0.0,0.0,0.0,0.012653424965351453,0.1617744056148019,0.0,0.0,0.0,0.13128444735613629,0.0,0.22569457023194361,0.13458179804322082,0.05683680640739631,0.007877846777864126,0.0,0.0,0.0,0.0018611745779585566,0.0,0.0,0.0,0.23358414357065055,0.0,0.0,0.0,0.0
TARGET.20.PAVDCL.09A,0.0,0.0,0.0,0.36414832459196206,0.0,0.006640820370716027,0.0,0.0,0.0,0.0009856515199135,0.0,0.0,0.0,0.0,0.0,0.50327701593486,0.0,0.0,0.014130056493696684,0.0,0.0,0.003533144601902194,0.0,0.0,0.10728498648694973,0.0,0.0,0.0,0.0,0.0
TARGET.20.PATMNY.09A,0.0,0.0,0.05290806573254082,0.0,0.0,0.0,0.0,0.07043599822356326,0.12836414512074945,0.0,0.01828091630453534,0.0,0.06642762583954798,0.0,0.0,0.2873150685478829,0.08395901061323542,0.0016214832342193151,0.0,0.0,0.04245137235380662,0.0,0.0,0.0,0.0,0.24823631402991891,0.0,0.0,0.0,0.0
TARGET.20.PAWNFJ.09A,0.0,0.0,0.022527893888846122,0.0,0.0,0.0,0.0,0.033257438874554214,0.5317470169239769,0.0,0.0,0.0,0.0,0.0,0.0,0.40567125771064666,0.0,0.0,0.0,0.0,0.0,0.0067963926019760585,0.0,0.0,0.0,0.0,0.0,0.0,0.0,0.0
TARGET.20.PAUNBY.09A,0.0,0.0,0.0,0.0,0.0,0.0,0.0,0.012965028958597245,0.27652268829673243,0.0,0.0,0.0,0.0,0.0,0.0,0.5755456674434654,0.0,0.0,0.00943079487925227,0.0,0.0,0.0017560635941914243,0.0,0.0,0.09949167776098172,0.024288079066779513,0.0,0.0,0.0,0.0
TARGET.20.PASLTF.09A,0.0,0.0,0.0,0.0,0.0,0.0,0.0,0.05781520779209301,0.23423134548822067,0.0,0.0,0.0,0.0,0.0,0.0,0.3166100839449379,0.0,0.0,0.0,0.0,0.10839106482998888,0.011068788303929317,0.0,0.0,0.07094807704650223,0.13144867651954636,0.0,0.0,0.06948675607478164,0.0
TARGET.20.PASHWN.09A,0.0,0.0,0.0,0.0,0.0,0.0,0.0,0.007677268767001412,0.5511169066769065,0.0,0.0,0.0,0.0,0.0,0.0,0.17217812852792785,0.0,0.0,0.07794237528745952,0.0,0.0,0.01643588027958615,0.0,0.0,0.17464944046111852,0.0,0.0,0.0,0.0,0.0
TARGET.20.PAPZXN.09A,0.0,0.09897107185967992,0.0,0.0,0.0,0.0,0.0,0.02569276072247177,0.0,0.0,0.0,0.0,0.0,0.0,0.11414370722172508,0.02609572062245429,0.0,0.0,0.006329151541691472,0.0,0.22063987611574704,0.0,0.0,0.0,0.0,0.5081277119162303,0.0,0.0,0.0,0.0
TARGET.20.PASLYX.09A,0.0671562256324539,0.0,0.023508751346120082,0.03369169468735965,0.04770476708808633,0.0,0.0,0.0419328210635773,0.2797499012807768,0.0,0.0,0.0,0.0,0.0,0.034241157201602576,0.23170440664708145,0.0,0.0,0.0,0.0010895661985202974,0.009284175146600883,0.005076844128632608,0.0,0.0,0.04798560220986762,0.17687408736932053,0.0,0.0,0.0,0.0
TARGET.20.PAWVVJ.09A,0.0,0.0,0.0,0.0,0.0,0.0,0.0,0.27944138541852026,0.1372821132091899,0.0,0.0,0.0,0.0,0.0,0.20130062134790513,0.2306214991144006,0.0,0.0,0.0,0.1242319141820843,0.0,0.027122466727899867,0.0,0.0,0.0,0.0,0.0,0.0,0.0,0.0
TARGET.20.PAVAYH.09A,0.0,0.0,0.0,0.0,0.0,0.0,0.0,0.16254640277424387,0.05806370391953384,0.0,0.0,0.0,0.0,0.0,0.0748236821339975,0.5217330744882261,0.0,0.0,0.0,0.027232065882056962,0.0,0.04055125651771364,0.0,0.0,0.0,0.11504981428422809,0.0,0.0,0.0,0.0
TARGET.20.PASSHZ.09A,0.0,0.0,0.0,0.0,0.0,0.0,0.0,0.054682858452454054,0.19183010693806177,0.0,0.0,0.0,0.0,0.0,0.09495560343045588,0.12168111851588936,0.0,0.158909327809161,0.0,0.0,0.13437896733608004,0.0029340892842632613,0.0,0.0,0.0,0.24062792823363469,0.0,0.0,0.0,0.0
TARGET.20.PAWDBB.09A,0.0,0.17356908223868106,0.0,0.0,0.0,0.0,0.0,0.04477267109590948,0.01332049367059296,0.0,0.0,0.0,0.0,0.0,0.2836472157143622,0.273249449345964,0.0,0.0,0.06367986305301072,0.0,0.0,0.0023481201164111272,0.0,0.0,0.0,0.14541310476506833,0.0,0.0,0.0,0.0
TARGET.20.PAVDRG.09A,0.0,0.0,0.0,0.0,0.0,0.0,0.0,0.0,0.5060894081319449,0.0,0.0,0.0,0.0,0.0,0.0,0.45546545502952007,0.0,0.0,0.0,0.03490411318746284,0.0,0.0035410236510721254,0.0,0.0,0.0,0.0,0.0,0.0,0.0,0.0
TARGET.21.PARBTV.09A,0.0,0.0,0.07892182793523156,0.0,0.09028562418145153,0.05536444922970589,0.0,0.10704287252004681,0.20258102948997297,0.07560427591942925,0.0,0.0,0.0,0.0,0.0,0.0,0.0,0.0,0.0,0.12454425510093625,0.2459507045426231,0.0,0.0,0.0,0.0,0.01970496108060257,0.0,0.0,0.0,0.0
TARGET.20.PADYIR.09A,0.0,0.0,0.011146677105822967,0.0,0.0,0.0,0.0,0.0026376790690963493,0.23073104413631784,0.0,0.0,0.0,0.0,0.0,0.053155457301809296,0.19917112857607294,0.0,0.0,0.0,0.0,0.18751951832867506,0.00834719695644093,0.0,0.0,0.0,0.30729129852576453,0.0,0.0,0.0,0.0
TARGET.20.PARANT.09A,0.0,0.05344200604185961,0.0,0.0,0.2814724223518604,0.0,0.0,0.0,0.0,0.0,0.0,0.0,0.0,0.0,0.0,0.02411459200958919,0.0,0.0,0.0,0.0,0.0,0.015666986232339048,0.0,0.0,0.0,0.4483464687115998,0.0,0.0,0.17695752465275194,0.0
TARGET.20.PAEAKL.09A,0.0,0.0,0.0,0.0,0.0,0.0,0.0,0.13224195991553955,0.069465912237467,0.0,0.0,0.0,0.0,0.0,0.08494635654073378,0.44943567959428443,0.0,0.0,0.0,0.17367029249661003,0.0,0.004029612644476005,0.0,0.0,0.0,0.08621018657088912,0.0,0.0,0.0,0.0
TARGET.20.PANSGV.09A,0.0,0.0,0.0,0.0,0.06583786519837996,0.0,0.0,0.05208002123890047,0.12583608614744157,0.0,0.0,0.0,0.02923642544777111,0.0,0.21445048694325683,0.054303585867865614,0.0,0.0,0.0,0.0566665374679741,0.0,0.0011307217734851836,0.0,0.0,0.0,0.4004582699149253,0.0,0.0,0.0,0.0
TARGET.20.PASAZL.09A,0.0,0.0,0.0,0.0,0.0,0.0,0.0,0.0017464186143690717,0.14885625771700872,0.0,0.0,0.0,0.0,0.0,0.15111507623189993,0.0,0.0,0.0,0.0,0.09681804294305356,0.0,0.0676541375809111,0.0,0.0,0.0,0.5338100669127577,0.0,0.0,0.0,0.0
TARGET.20.PASFLM.09A,0.0,0.0,0.0,0.0,0.0,0.0,0.0,0.037550662799780025,0.11948940307075227,0.0,0.0,0.0,0.0,0.21163719094505104,0.0,0.052241520706093884,0.0,0.0,0.07169101507036413,0.0,0.0,0.0,0.20737840016134199,0.0,0.00976292466971412,0.0,0.0,0.0,0.2902488825769025,0.0
TARGET.20.PAXDHL.09A,0.0,0.0,0.0,0.0,0.0,0.0,0.0,0.0056400340895887005,0.4574325734676986,0.0,0.0,0.0,0.0,0.0,0.0,0.5014105533191241,0.0,0.0,0.0022603906962048942,0.0,0.0,0.011153499299893146,0.0,0.0,0.02210294912749062,0.0,0.0,0.0,0.0,0.0
TARGET.20.PAWZAW.09A,0.0,0.0,0.0,0.0,0.0,0.0,0.0,0.07227175868034094,0.20537228737947996,0.0,0.0,0.0,0.0,0.0,0.0,0.46086552487264626,0.0,0.0,0.0,0.0,0.0,0.005965738490985019,0.0,0.0,0.0,0.01213119072690297,0.0,0.0,0.24339349984964492,0.0
TARGET.20.PAWIUZ.09A,0.0,0.0,0.009748585590753638,0.0,0.0,0.0,0.0,0.007318672870669997,0.2936008997543093,0.0,0.0,0.0,0.0,0.0,0.0,0.5584714610083635,0.0,0.0,0.0,0.0,0.0,0.007709146364336972,0.0,0.0,0.0,0.12315123441156657,0.0,0.0,0.0,0.0
TARGET.20.PAVZJM.09A,0.0,0.0,0.0,0.0,0.0,0.0,0.0,0.04366065699746038,0.3530179080867051,0.0,0.0,0.0,0.0,0.0,0.05144123784762123,0.35569035000899596,0.017890551286417495,0.0,0.0,0.0,0.0,0.00284170440624317,0.0,0.0,0.0,0.17545759136655653,0.0,0.0,0.0,0.0
TARGET.20.PAWLAG.09A,0.0,0.0,0.0,0.0,0.0,0.0,0.0,0.0,0.3272953934459835,0.0,0.0,0.0,0.0,0.0,0.0,0.4617129219070486,0.0,0.0,0.0,0.0,0.0,0.001619743126758409,0.0,0.0,0.0,0.2093719415202094,0.0,0.0,0.0,0.0
TARGET.20.PANWHP.09A,0.0,0.37276831547995976,0.04112340889334646,0.0,0.030243635725394204,0.0,0.0,0.03083897406104495,0.23324742588884256,0.0,0.0,0.0,0.0,0.0,0.0,0.23535451846230152,0.0,0.0,0.0,0.0,0.05202721278019791,0.0043965087089126295,0.0,0.0,0.0,0.0,0.0,0.0,0.0,0.0
TARGET.20.PAWTNN.09A,0.0,0.0,0.0,0.0,0.0,0.0,0.0,0.0,0.29055544490200025,0.0,0.0,0.0,0.0,0.0,0.0,0.5825579359880139,0.0,0.0,0.0,0.0,0.0,0.029052752446621772,0.0,0.0,0.0,0.09783386666336404,0.0,0.0,0.0,0.0
TARGET.20.PAUWCF.09A,0.0,0.0,0.0,0.0,0.0,0.0,0.0,0.08072057121581079,0.3210787105325753,0.0,0.0,0.0,0.0,0.0,0.06371675977064306,0.4069632447732563,0.0,0.0,0.0,0.0016695231799829094,0.0,0.017959604368974116,0.0,0.0,0.0,0.1078915861587576,0.0,0.0,0.0,0.0
TARGET.20.PANZWB.09A,0.0,0.24864985150678323,0.0,0.0,0.0,0.0,0.0,0.0,0.16206738077075133,0.14974696733045778,0.0,0.0,0.0,0.0,0.0,0.051491661530099035,0.0,0.0,0.0,0.0,0.15664704221206277,0.007451560395252915,0.0,0.0,0.0,0.0,0.0,0.0,0.22394553625459282,0.0
TARGET.20.PAVNWF.09A,0.0,0.036583614575917946,0.0,0.0,0.0,0.0,0.0,0.0,0.001526692975859592,0.0,0.0,0.0,0.0,0.0,0.3288017963458912,0.2807051350161793,0.0,0.04089601494706576,0.018814166994114923,0.0,0.0,0.0,0.0,0.0,0.0,0.29267257914497136,0.0,0.0,0.0,0.0
TARGET.20.PAVWRN.09A,0.0,0.0,0.0,0.0,0.0,0.0,0.0,0.006520873171901964,0.08757970296818661,0.0,0.0,0.0,0.0,0.0,0.2227741310640015,0.23382533096497493,0.0,0.2211018841674589,0.0,0.0,0.0,0.0,0.0,0.021126212773913813,0.0,0.2070718648895621,0.0,0.0,0.0,0.0
TARGET.20.PAWNHU.09A,0.0,0.0,0.0,0.0,0.003538627372485928,0.0,0.0,0.03421964143419065,0.35517254815724925,0.0,0.0,0.0,0.0,0.0,0.2606285331296108,0.33354282786910233,0.0,0.0,0.0,0.0019303539940987004,0.0,0.0027808277302279515,0.0,0.0,0.0,0.008186640313034373,0.0,0.0,0.0,0.0
TARGET.20.PAYKSD.Sorted.CD34pos.09A,0.0,0.0,0.0,0.0,0.1625518983299914,0.0,0.0,0.0808001600045287,0.09533118237531038,0.0,0.0,0.0,0.0,0.0,0.0,0.15816406982195755,0.0,0.0,0.0,0.0,0.2735398644087195,0.0011671147371010893,0.0,0.0,0.0,0.22844571032239136,0.0,0.0,0.0,0.0
TARGET.20.PASGCE.09A,0.0,0.0,0.0,0.0,0.0,0.0,0.0,0.012813183986676786,0.09575909321882095,0.0,0.0,0.0,0.0,0.0,0.0,0.5352138031763717,0.0,0.0,0.0,0.0,0.07292254319203559,0.0028146219416284785,0.0,0.0,0.15115474729040212,0.08065321732181077,0.0,0.0,0.04866878987225364,0.0
TARGET.20.PANUTX.09A,0.0,0.0,0.048446781310747325,0.0,0.0,0.0,0.0,0.07397500923431106,0.6910655354825121,0.0,0.0,0.0,0.0,0.0,0.0,0.11254130903702407,0.0,0.0,0.0,0.0,0.0,0.0,0.0,0.0,0.0,0.07397136493540533,0.0,0.0,0.0,0.0
TARGET.20.PATEID.09A,0.0,0.0,0.0,0.0,0.0,0.0,0.0,0.07938153470723384,0.0,0.0,0.0,0.0,0.0,0.0,0.0,0.2840317112823623,0.0,0.0,0.010674338817977387,0.0,0.007364182779169819,0.15138085396361114,0.0,0.0,0.11063429344974875,0.10617284390623814,0.0,0.0,0.25036024109365856,0.0
TARGET.20.PAVSSE.09A,0.0,0.0,0.0,0.0,0.0,0.0,0.0,0.07670163223779412,0.1623409231742534,0.0,0.0,0.0,0.0,0.0,0.13402879419758656,0.26129516695509064,0.0,0.0,0.0,0.0,0.0,0.0,0.0,0.0,0.26774991556359296,0.09788356787168254,0.0,0.0,0.0,0.0
TARGET.20.PAXJPP.09A,0.0,0.4700375424403596,0.0,0.0,0.0,0.0,0.0,0.1352366016469716,0.04867538350460408,0.0,0.0,0.0,0.0,0.0,0.09472933470460491,0.20593979677336113,0.0,0.0,0.0037730972096287545,0.04129394952062815,0.0,0.00031429419984163696,0.0,0.0,0.0,0.0,0.0,0.0,0.0,0.0
TARGET.20.PAKERZ.09A,0.0,0.0,0.0,0.0,0.0,0.0,0.0,0.2675079367757807,0.1956494017272945,0.0,0.0,0.0,0.0,0.0,0.16039899737422417,0.1095578413605531,0.0,0.0,0.0,0.0,0.0,0.0012212368139778206,0.0,0.0,0.0,0.26566458594816955,0.0,0.0,0.0,0.0
TARGET.20.PASXDS.09A,0.0,0.0,0.0,0.0,0.0,0.0,0.0,0.06907176919656417,0.32686331448258243,0.0,0.0,0.0,0.0,0.0,0.0,0.29715800167928474,0.0,0.0,0.04863364554394971,0.0,0.0,0.007918695377643756,0.12395894547237313,0.0,0.12639562824760214,0.0,0.0,0.0,0.0,0.0
TARGET.20.PAWHRR.09A,0.0,0.0,0.0,0.0,0.03882345383697329,0.0,0.0,0.023893331539114035,0.21627304273918568,0.0,0.0,0.0,0.0,0.0,0.0,0.44971932772595086,0.0,0.0,0.013207265486021186,0.0,0.17736202183755603,0.00896904395135363,0.0,0.0,0.0,0.0,0.0,0.0,0.07175251288384538,0.0
TARGET.20.PARTST.09A,0.0,0.0,0.0,0.0,0.0,0.0,0.0,0.036262536479846987,0.1001206690120737,0.0,0.0,0.0,0.0,0.0,0.08521236854622839,0.24804318313395488,0.0,0.0,0.04723810147383987,0.0,0.16362687001289833,0.014353083212369935,0.0,0.0,0.0,0.3022938288817896,0.0,0.0,0.0028493592469983407,0.0
TARGET.20.PAVZCR.09A,0.0,0.0,0.0,0.0,0.0,0.0,0.0,0.03746000598660304,0.0,0.0,0.0,0.0,0.0,0.0,0.0,0.6195656065951596,0.0,0.0,0.007992700011825506,0.0,0.0,0.099566118913415,0.0,0.0,0.0,0.0,0.0,0.0,0.23541556849299672,0.0
TARGET.20.PASFEW.09A,0.0,0.59204669806713,0.0,0.0,0.0,0.0,0.0,0.08972508299978103,0.3060897388029925,0.0,0.0,0.0,0.0,0.0,0.012138480130096546,0.0,0.0,0.0,0.0,0.0,0.0,0.0,0.0,0.0,0.0,0.0,0.0,0.0,0.0,0.0
TARGET.20.PARBFJ.09A,0.0,0.0,0.005444189428288555,0.06129038356569107,0.0,0.0,0.0,0.0,0.16167435312748493,0.0,0.0,0.0,0.0,0.0,0.0,0.04537057217783501,0.07550708563606408,0.0,0.0,0.0,0.33512814364017934,0.0016177843143991091,0.0,0.0,0.2453637261871722,0.06860376192288588,0.0,0.0,0.0,0.0
TARGET.20.PANSJB.09A,0.0,0.0,0.0,0.18225611796287536,0.050150844652304696,0.0,0.0,0.04067199197197779,0.07725981558346683,0.0,0.011560367133837283,0.0,0.0,0.0,0.03627084110404125,0.1508771933528294,0.1317345879504392,0.0,0.0,0.0,0.023927507052775535,0.0,0.0,0.0,0.12776526805504762,0.16752546518040512,0.0,0.0,0.0,0.0
TARGET.20.PAWEFT.09A,0.0,0.0,0.0,0.0,0.0,0.0,0.0,0.04746840429296638,0.18315624168891836,0.0,0.0,0.0,0.0,0.0,0.1426487517331061,0.2677139231619189,0.0,0.0,0.17381267663451255,0.0,0.0,0.008768491067605943,0.0,0.0,0.0,0.17643151142097177,0.0,0.0,0.0,0.0
TARGET.20.PASFIE.09A,0.0,0.0,0.0,0.0,0.0,0.0,0.0,0.05279023916393507,0.010547385517180144,0.0,0.0,0.0,0.0,0.0,0.02150523282747469,0.21444693777016913,0.12108962734364807,0.0,0.016025341571054657,0.021540164347487956,0.04019372406364656,0.02931436004965825,0.0,0.0209215495145442,0.03239950076800416,0.41922593706319705,0.0,0.0,0.0,0.0
TARGET.20.PAVZFT.09A,0.0,0.0,0.0,0.0,0.0,0.0,0.0,0.13608516176613492,0.3097314214943059,0.0,0.0,0.0,0.0,0.0,0.04315536339881108,0.3803423252632053,0.0,0.0,0.0,0.060408983246765996,0.0,0.0,0.06767905020786297,0.0,0.0025976946229137976,0.0,0.0,0.0,0.0,0.0
TARGET.20.PAVUPX.09A,0.0,0.0,0.02534758975163302,0.0,0.2122496352501946,0.0,0.0,0.14609232688218676,0.055511987697935784,0.0,0.0,0.0,0.0,0.0,0.0,0.5555833232223454,0.0,0.0,0.0035941658402822534,0.0,0.0,0.0016209713554222345,0.0,0.0,0.0,0.0,0.0,0.0,0.0,0.0
TARGET.20.PASILA.09A,0.0,0.0,0.0,0.0,0.3141191883018591,0.0,0.0,0.12971197141077143,0.05911229612921391,0.0,0.0,0.0,0.0,0.0,0.20574090929985284,0.07211532332647368,0.0,0.0,0.0,0.0,0.0,0.0015029283631578594,0.0,0.0,0.0,0.2176973831686713,0.0,0.0,0.0,0.0
TARGET.20.PAWRGZ.09A,0.0,0.0,0.0,0.0,0.0,0.0,0.0,0.024047911167262934,0.35587998413523786,0.0,0.0,0.0,0.0,0.0,0.0985319743547269,0.5205220946524509,0.0,0.0,0.0,0.0,0.0,0.0010180356903213283,0.0,0.0,0.0,0.0,0.0,0.0,0.0,0.0
TARGET.20.PAXJFT.09A,0.0,0.0,0.0,0.4864164176445392,0.0,0.0,0.0,0.03193375808428795,0.0,0.0,0.0,0.0,0.0,0.0,0.0,0.4717261068897224,0.0,0.0,0.008547302373433706,0.0,0.0,0.0013764150080169378,0.0,0.0,0.0,0.0,0.0,0.0,0.0,0.0
TARGET.20.PASURM.09A,0.0,0.0,0.0,0.0,0.0,0.0,0.0,0.07488147191048311,0.13027790682674184,0.0,0.0,0.0,0.0,0.0,0.0,0.36314098196042244,0.0,0.0,0.0,0.0,0.0,0.0,0.08758003466953251,0.0,0.0,0.0,0.0,0.0,0.3441196046328201,0.0
TARGET.20.PAVBMM.09A,0.0,0.0,0.0,0.0,0.0,0.0,0.0,0.029986617550961898,0.161565794426104,0.0,0.0,0.0,0.0,0.0,0.05277978412871211,0.35035331108305223,0.0,0.0,0.017300704409011016,0.01419617480393798,0.019995552511359094,0.01827561009069136,0.009764639215394064,0.0,0.0,0.22932694437276868,0.0,0.0,0.0964548674080076,0.0
TARGET.20.PAVEDT.09A,0.0,0.0,0.0,0.0,0.0,0.0,0.0,0.09288227716608755,0.0609476729153782,0.0,0.0,0.0,0.0,0.0,0.08655803336981213,0.7511077104257577,0.0,0.0,0.0,0.0,0.0,0.0,0.0,0.0,0.0,0.008504306122964475,0.0,0.0,0.0,0.0
TARGET.20.PAXFHW.09A,0.0,0.0,0.0,0.016484499774170477,0.0,0.0,0.0,0.03971567331358053,0.019901295413310885,0.0,0.0,0.0,0.0,0.0,0.1948621307102368,0.5603870034179758,0.0,0.0,0.007801792793004069,0.0,0.0,0.0,0.0,0.0,0.0,0.1608476045777215,0.0,0.0,0.0,0.0
TARGET.20.PATJCR.09A,0.0,0.0,0.0,0.0,0.0,0.0,0.0,0.16440226090957774,0.05209096623365065,0.0,0.041429151404357475,0.0,0.0,0.0,0.0,0.45300585565171136,0.0,0.0,0.022824776637946503,0.14502505181859485,0.0,0.0020468354501478833,0.03759982214263138,0.0,0.08157527975138205,0.0,0.0,0.0,0.0,0.0
TARGET.20.PAVIZT.09A,0.0,0.0,0.0,0.0,0.04028159063154759,0.0,0.0,0.07624778380983138,0.18349612061956225,0.0,0.0,0.0,0.0,0.0,0.2262707691605126,0.24144941818945914,0.0,0.0,0.0,0.04846240736735672,0.0,0.013555618845217951,0.0,0.0,0.0,0.17023629137651233,0.0,0.0,0.0,0.0
TARGET.20.PASXSF.09A,0.0,0.10266405500399117,0.0,0.0,0.0,0.0,0.0,0.08835766913975147,0.07508086585895847,0.0,0.0,0.0,0.0,0.0,0.2725632324588652,0.14742071153091327,0.0,0.0,0.0,0.0,0.0,0.003056345918629637,0.0,0.0,0.0,0.3108571200888907,0.0,0.0,0.0,0.0
TARGET.20.PABKLU.09A,0.0,0.0,0.0,0.025720539597096272,0.0,0.0,0.0,0.052154585193449725,0.3097542649010147,0.0,0.0,0.0,0.0,0.0,0.053229904855596824,0.41178197000483235,0.0,0.0,0.0,0.01871730883443644,0.0,0.013992789898277087,0.0,0.0,0.0,0.11464863671529674,0.0,0.0,0.0,0.0
TARGET.20.PAXMBP.09A,0.0,0.004324210482359171,0.0,0.0,0.0,0.0,0.0,0.016681031077712863,0.01378247134788903,0.0,0.0,0.0,0.0,0.0,0.34313959068310745,0.2662970224428588,0.0,0.012247650045695904,0.0,0.0,0.0,0.0,0.0,0.0,0.0,0.3435280239203767,0.0,0.0,0.0,0.0
TARGET.20.PATBPW.09A,0.0,0.0,0.0,0.0,0.0,0.0,0.0,0.0902850727927804,0.1325837789828983,0.0,0.0,0.0,0.0,0.0,0.28714891084145794,0.3369172544415913,0.0,0.0,0.0,0.0,0.0,0.0021411374746032694,0.0,0.0,0.06941094303291805,0.0815129024337506,0.0,0.0,0.0,0.0
TARGET.20.PAVAKA.09A,0.0,0.0,0.0,0.0,0.08210963854611703,0.0,0.0,0.05574215375265983,0.2816891552419824,0.0,0.0,0.0,0.0,0.0,0.1335569995159176,0.3301663190816596,0.0,0.0,0.0,0.0,0.0,0.0055537268771022295,0.0,0.0,0.0,0.02723970611239273,0.0,0.0,0.08394230087216868,0.0
TARGET.20.PANJIM.09A,0.14844049916124152,0.0,0.0,0.0,0.0068970174833326734,0.0,0.0,0.0,0.053498317148252705,0.0,0.01001724515917807,0.0,0.0,0.0,0.35620671301823964,0.01222856429176474,0.017922590637962706,0.0,0.012198474967806402,0.0,0.001159699147147206,0.0055631595563582735,0.0,0.0,0.0,0.37586771942871605,0.0,0.0,0.0,0.0
TARGET.20.PAWAMB.09A,0.0,0.0,0.0,0.0,0.0,0.0,0.0,0.10468443858784943,0.1614110444509382,0.0,0.0,0.0,0.0,0.0,0.0,0.5160261801352973,0.0,0.0,0.01295774528320637,0.0,0.0,0.0,0.20492059154270867,0.0,0.0,0.0,0.0,0.0,0.0,0.0
TARGET.20.PANLJN.09A,0.0,0.0,0.0,0.0,0.0,0.0,0.0,0.03764400320605803,0.14493193540674223,0.0,0.0,0.0,0.0,0.0,0.2887938422905161,0.0,0.0,0.0,0.017212116705938498,0.0,0.0,0.0,0.0,0.0,0.34787011183671607,0.1635479905540291,0.0,0.0,0.0,0.0
TARGET.20.PANVUF.09A,0.0,0.0,0.0,0.0,0.13342457912813396,0.0,0.0,0.11253919904781605,0.14495412751069642,0.0,0.0,0.0,0.0,0.0,0.41353446226205526,0.1695633346335698,0.0,0.0,0.0,0.0,0.0,0.0001584738719557338,0.0,0.0,0.0,0.02582582354577281,0.0,0.0,0.0,0.0
TARGET.20.PAUUTI.09A,0.0,0.011206691712063314,0.0,0.0,0.0,0.0,0.0,0.03548775397564711,0.05109160268574893,0.0,0.0,0.0,0.0,0.0,0.37861572153756184,0.2943574601781296,0.0,0.0,0.027571899490481114,0.0,0.0,0.0,0.0,0.0,0.0,0.2016688704203682,0.0,0.0,0.0,0.0
TARGET.20.PANNJI.09A,0.0,0.5132506332233362,0.0,0.0,0.0,0.0,0.0,0.002840802582734694,0.0,0.0,0.0,0.0,0.050765560893789044,0.0,0.21978421369390988,0.0,0.0,0.05457295491785225,0.0,0.0,0.0,0.0,0.0,0.0,0.0,0.15878583468837795,0.0,0.0,0.0,0.0
TARGET.20.PAXBEF.09A,0.0,0.0,0.0,0.0,0.0,0.0,0.0,0.15632915653492,0.22439570892973407,0.0,0.0,0.0,0.0,0.0,0.2219554650604359,0.39731966947491,0.0,0.0,0.0,0.0,0.0,0.0,0.0,0.0,0.0,0.0,0.0,0.0,0.0,0.0
TARGET.20.PASUUP.09A,0.0,0.058204945654693994,0.0,0.0,0.0,0.0,0.0,0.0,0.3402011543859743,0.0,0.0,0.0,0.0,0.0,0.0,0.23476374495114666,0.0,0.0,0.05481964813266581,0.021592064414192574,0.0,0.013177727309477371,0.0,0.0,0.0,0.0,0.0,0.0,0.27724071515184945,0.0
TARGET.20.PAWBVL.09A,0.0,0.0,0.0,0.2900616980333747,0.0,0.0,0.0,0.0,0.0,0.0,0.0,0.0,0.0,0.0,0.0,0.706496347150593,0.0,0.0,0.0018850318479687307,0.0,0.0,0.0015569229680635183,0.0,0.0,0.0,0.0,0.0,0.0,0.0,0.0
TARGET.20.PAWXIA.09A,0.0,0.11610570950423686,0.0,0.0,0.0,0.0,0.0,0.15147803607787255,0.22512098332126237,0.0,0.0,0.0,0.0,0.0,0.33806172659553224,0.13996811602862452,0.0,0.0,0.0,0.027026342827406097,0.0,0.00223908564506549,0.0,0.0,0.0,0.0,0.0,0.0,0.0,0.0
TARGET.20.PAWRSU.09A,0.0,0.0,0.0,0.0,0.0,0.0,0.0,0.0,0.0,0.0,0.0,0.0,0.0,0.0,0.0,0.4479168609382418,0.00543929204836547,0.0,0.0,0.0,0.0,0.0,0.0,0.10010368125038809,0.0,0.44654016576300465,0.0,0.0,0.0,0.0
TARGET.20.PAWPBT.09A,0.0,0.0,0.0,0.0,0.0,0.0,0.0,0.058560616018882114,0.0,0.0,0.0,0.0,0.0,0.0,0.3594810323894613,0.5244977309112079,0.0,0.0,0.0067744188619879245,0.0,0.0,0.0,0.0,0.0,0.0,0.05068620181846084,0.0,0.0,0.0,0.0
TARGET.20.PAPVKG.09A,0.0,0.0,0.0,0.0,0.0,0.0,0.0,0.09636792100170578,0.03970997645690909,0.0,0.0,0.0,0.0,0.0,0.015309640615737726,0.2665735520008948,0.0,0.0,0.0,0.01840971848332399,0.2032323943793564,0.002519227982715174,0.0,0.0,0.0,0.3576502874135,0.0,0.0,0.0002272816658568754,0.0
TARGET.20.PASKUA.09A,0.0,0.0,0.03412311791863389,0.03982277708544064,0.0516070185803233,0.0,0.0,0.052348942351688035,0.21038264308046617,0.0,0.0,0.0,0.0,0.0,0.14529241745175364,0.30239035029366496,0.0,0.0,0.0,0.0,0.15557488523004878,0.0002095408384732118,0.0,0.0,0.0023993100831067363,0.0058489970864006365,0.0,0.0,0.0,0.0
TARGET.20.PASPFJ.09A,0.0,0.0,0.0,0.0,0.010151301829910147,0.0,0.0,0.03389288350658975,0.22141373529479128,0.0,0.0,0.0,0.0,0.05559686510638375,0.05704588126683523,0.501641682346914,0.0,0.0,0.004053655578398256,0.0,0.0,0.0,0.01175571838608285,0.0,0.07749082454994892,0.0,0.0,0.0,0.026957452134145896,0.0
TARGET.20.PATZVF.09A,0.0,0.0,0.0,0.0,0.0,0.0,0.0,0.015784586218655385,0.22650220913742705,0.0,0.0,0.0,0.0,0.0,0.0,0.4551115608708626,0.0,0.0,0.004307463312566719,0.0,0.0,0.0006209466361342182,0.12481440021456351,0.0,0.07572717102351059,0.0,0.0,0.0,0.09713166258627988,0.0
TARGET.21.PASNKZ.09A,0.0,0.0,0.0,0.0,0.0,0.0,0.0,0.0,0.27788353371568625,0.0,0.0,0.0,0.0,0.0,0.11529352044709046,0.07177331170565536,0.0,0.0,0.033885358641221316,0.0,0.0,0.2032163347492295,0.0,0.0,0.0,0.29794794074111725,0.0,0.0,0.0,0.0
TARGET.20.PAUTYK.09A,0.0,0.20240184241254083,0.0,0.0,0.0,0.0,0.0,0.04752774571153732,0.04743871476301048,0.0,0.0,0.0,0.0,0.0,0.5269688335802484,0.15442759589154026,0.0,0.021235267641122678,0.0,0.0,0.0,0.0,0.0,0.0,0.0,0.0,0.0,0.0,0.0,0.0
TARGET.20.PAYKXV.Sorted.CD34neg.Lymphoid.09A,0.0,0.0,0.0,0.0,0.06461334407522096,0.0,0.0,0.1026496418015771,0.0,0.0,0.0,0.0,0.0,0.0,0.6787174668294026,0.14134842221286986,0.0,0.0,0.012671125080929524,0.0,0.0,0.0,0.0,0.0,0.0,0.0,0.0,0.0,0.0,0.0
TARGET.20.PASIBG.09A,0.0,0.18880814832688708,0.0,0.0,0.0,0.0,0.0,0.04412047079921367,0.33857333832666786,0.0,0.0,0.0,0.0,0.0,0.07384934674634536,0.1633419830378109,0.0,0.0,0.0,9.922167858667721e-05,0.0,0.007451540788920468,0.0,0.0,0.0,0.09981912563314417,0.0,0.0,0.08393682466242383,0.0
TARGET.20.PAWFMF.09A,0.0,0.19300105940295395,0.0,0.0,0.0,0.0,0.0,0.023674927876933052,0.0,0.0,0.0,0.0,0.0,0.0,0.4242455957103696,0.2694786399378473,0.0,0.0,0.0,0.0,0.0,0.0,0.0,0.0,0.0,0.08959977707189612,0.0,0.0,0.0,0.0
TARGET.20.PAXYCB.09A,0.0,0.0,0.0,0.0,0.0,0.0,0.0,0.047021776280697876,0.23737689042444335,0.0,0.0,0.0,0.0,0.0,0.035578833368355677,0.44506345240541134,0.0,0.0,0.0,0.04212246945045797,0.0,0.0030923393756134214,0.0,0.0,0.0,0.18974423869502038,0.0,0.0,0.0,0.0
TARGET.20.PANMTU.09A,0.0,0.19731591474661703,0.0,0.0,0.17497154283119723,0.0,0.0,0.05738772136408613,0.08170016447311837,0.0,0.0,0.0,0.0,0.0,0.22306115029191279,0.04765499403182887,0.0,0.0,0.003221374727943683,0.08175623622851086,0.0,0.0,0.0,0.0,0.0,0.13293090130478508,0.0,0.0,0.0,0.0
TARGET.20.PAWJVZ.09A,0.0,0.0,0.0,0.0,0.0,0.0,0.0,0.02392310907015885,0.19689333001586468,0.0,0.0,0.0,0.0,0.0,0.0,0.44795670594115006,0.0,0.0,0.0,0.0,0.0,0.03865844573192958,0.0,0.0,0.0,0.2925684092408969,0.0,0.0,0.0,0.0
TARGET.20.PAUUXA.09A,0.0,0.0,0.0,0.0,0.0,0.0,0.0,0.12651855469926404,0.27593687704685593,0.0,0.0,0.0,0.0,0.0,0.41730768470170304,0.11710562406457742,0.0,0.0,0.0,0.0,0.0,0.0027648777435518523,0.0,0.0,0.06036638174404769,0.0,0.0,0.0,0.0,0.0
TARGET.20.PAUXCD.09A,0.0,0.1533664402421445,0.0005813801575676612,0.0,0.11934433678741427,0.0,0.0,0.026996625163512113,0.12335013406899847,0.0,0.0,0.0,0.0,0.0,0.18657727034778535,0.35282148384611506,0.0,0.0,0.0,0.0,0.030086195860621716,0.006876133525840753,0.0,0.0,0.0,0.0,0.0,0.0,0.0,0.0
TARGET.21.PATAIJ.09A,0.0,0.0,0.03224955430232131,0.0,0.0,0.0,0.0,0.013481948073955485,0.10690124897888975,0.0,0.0,0.0,0.0,0.0,0.0,0.09637870488045472,0.0,0.02542779809237951,0.0,0.0,0.10152097964134683,0.07749512715938772,0.0,0.04158973069820627,0.0,0.5049549081730583,0.0,0.0,0.0,0.0
TARGET.20.PAVUBN.09A,0.0,0.0,0.0,0.0,0.029929101839907834,0.0,0.0,0.12651742202248012,0.0,0.0,0.0,0.0,0.0,0.0,0.19118706739888006,0.3099930750709477,0.0,0.0,0.005091704107291265,0.0,0.0,0.004983803935316989,0.0,0.0,0.0,0.332297825625176,0.0,0.0,0.0,0.0
TARGET.20.PAXCYJ.09A,0.0,0.0,0.0,0.0,0.0,0.0,0.0,0.025828218815241125,0.5475665646321808,0.0,0.0,0.0,0.0,0.0,0.0,0.423836953201144,0.0,0.0,0.0,0.0,0.0,0.0027682633514341,0.0,0.0,0.0,0.0,0.0,0.0,0.0,0.0
TARGET.20.PATLKU.09A,0.0,0.0,0.0,0.0,0.0,0.0,0.0,0.07171666259478374,0.1597408414948587,0.103156650604228,0.0,0.0,0.0,0.030194810436024018,0.0,0.27054084895056,0.0,0.0,0.0,0.0,0.0,0.0013614727810339006,0.0,0.0,0.174095806585709,0.0,0.0,0.0,0.18919290655280274,0.0
TARGET.20.PAUSCS.09A,0.0,0.0,0.0,0.0782923241119504,0.0,0.0,0.0,0.05518460046054224,0.0779133525989104,0.0,0.0,0.0,0.0,0.0,0.2506954880464583,0.523458208494759,0.0,0.0,0.0,0.0,0.0,0.0,0.0,0.0,0.0,0.014456026287379672,0.0,0.0,0.0,0.0
TARGET.20.PAUWYZ.09A,0.0,0.0,0.0,0.0,0.0,0.0,0.0,0.07670692711931401,0.0684862040539146,0.0,0.0,0.0,0.0,0.0,0.21208666061957115,0.41425817060587106,0.0,0.0,0.0,0.0,0.0,0.020213915301219444,0.0,0.0,0.0,0.20824812230010964,0.0,0.0,0.0,0.0
TARGET.20.PALBHS.09A,0.0,0.0,0.0,0.0,0.008878921508586934,0.0,0.0,0.039249126718239546,0.14055732813195074,0.0,0.0,0.0,0.0,0.0,0.1825199065414769,0.4273729390660444,0.0,0.0,0.017668323007095612,0.0,0.0,0.004875249647098139,0.0,0.0,0.0,0.17887820537950783,0.0,0.0,0.0,0.0
TARGET.20.PAWGYA.09A,0.0,0.0,0.0,0.0,0.0,0.0,0.0,0.09221416072652483,0.10266567720009473,0.0,0.0,0.0,0.0,0.0,0.0,0.3444878997324109,0.0,0.0,0.007329558257072169,0.31274953849094844,0.0,0.14055316559294906,0.0,0.0,0.0,0.0,0.0,0.0,0.0,0.0
TARGET.20.PAUTVU.09A,0.0,0.0,0.0,0.0,0.0,0.0,0.0,0.05788561311743976,0.3720711427490071,0.0,0.0,0.0,0.0,0.0,0.09916568718649887,0.32651280431604846,0.0,0.0,0.00523739851186244,0.0,0.0,0.028794417930548818,0.0,0.0,0.0,0.11033293618859462,0.0,0.0,0.0,0.0
TARGET.20.PAXKKC.09A,0.0,0.0,0.0,0.0,0.14371968034681085,0.0,0.0,0.08503393911425926,0.1869306016535715,0.0,0.0,0.0,0.0,0.0,0.5317373417530683,0.040040211065476436,0.0,0.0,0.0,0.0,0.0,0.012538226066813651,0.0,0.0,0.0,0.0,0.0,0.0,0.0,0.0
TARGET.20.PARVLP.09A,0.0,0.045763883823202865,0.0,0.0,0.06414085587097071,0.0,0.0,0.36230105103058713,0.0727038885225426,0.0,0.0,0.0,0.0,0.0,0.26014157815661193,0.06167189363162343,0.0,0.0,0.012047650093206175,0.0,0.0,0.0069660568142994915,0.0,0.0,0.0,0.11426314205695566,0.0,0.0,0.0,0.0
TARGET.20.PAXBPF.09A,0.0,0.02761190803776416,0.0,0.0,0.0,0.0,0.0,0.07084203335682741,0.1255032980171221,0.0,0.0,0.0,0.0,0.0,0.022231354420302184,0.5392504075054829,0.0,0.0,0.0,0.0,0.0,0.005022375852740308,0.0,0.0,0.0,0.08006887895447978,0.0,0.0,0.1294697438552811,0.0
TARGET.20.PAXCEV.09A,0.0,0.0,0.0,0.0,0.0,0.0,0.0,0.0,0.2694040388328872,0.0,0.0,0.0,0.0,0.0,0.0,0.6120564881445384,0.0,0.0,0.0,0.06514084872772723,0.0,0.005967750651745765,0.016409954941375798,0.0,0.0,0.0,0.0,0.0,0.031020918701725447,0.0
TARGET.20.PASPFE.09A,0.0,0.0,0.0,0.0,0.0,0.0,0.0,0.044490676982838775,0.2280731367437292,0.0,0.0,0.0,0.0,0.0,0.0,0.2205905498958752,0.07403078083948168,0.0,0.0,0.0,0.0,0.0,0.11888208530573371,0.0,0.009181454171116083,0.12438222683678854,0.0,0.0,0.18036908922443684,0.0
TARGET.20.PAWUEX.09A,0.0,0.0,0.0,0.0,0.027915129762341947,0.0,0.0,0.04180047097482553,0.09095683206912744,0.0,0.0,0.0,0.0,0.0,0.10138242353032147,0.5451110166979383,0.0,0.0,0.0,0.0,0.0,0.005835560093802563,0.0,0.0,0.0,0.18699856687164285,0.0,0.0,0.0,0.0
TARGET.20.PAURRC.09A,0.0,0.0,0.0,0.0,0.0,0.0,0.0,0.3308413856551092,0.49996058406904176,0.0,0.0,0.0,0.0,0.0,0.0,0.07285013609615497,0.0,0.0,0.0,0.08326908843003172,0.0,0.01307880574966231,0.0,0.0,0.0,0.0,0.0,0.0,0.0,0.0
TARGET.20.PAPZCL.09A,0.0,0.0320941368068201,0.0,0.0,0.0,0.0,0.0,0.0617753797880936,0.1445482372043999,0.0,0.0,0.0,0.0,0.0,0.5266914406479807,0.0,0.0,0.0,0.0,0.026375052540639266,0.0,0.0,0.0,0.0,0.0,0.2085157530120664,0.0,0.0,0.0,0.0
TARGET.20.PAWMPH.09A,0.0,0.007514103375254902,0.0,0.0,0.0,0.0,0.0,0.025033388385767824,0.0,0.0,0.0,0.0,0.0,0.0,0.2102104554012857,0.6117995401775215,0.0,0.0,0.015150527107287813,0.0,0.0,0.0025994327232085872,0.0,0.0,0.0,0.12769255282967373,0.0,0.0,0.0,0.0
TARGET.20.PAUSTM.09A,0.0,0.0,0.0,0.0,0.0,0.0,0.0,0.03914908980835964,0.18951898530053177,0.0,0.0,0.0,0.0,0.0,0.0,0.47885734350754827,0.0,0.0,0.0017607617776021086,0.0,0.001669438110482114,0.0170563649588279,0.0,0.0,0.0,0.2719880165366482,0.0,0.0,0.0,0.0
TARGET.20.PAUUWT.09A,0.0,0.0,0.0,0.0,0.0,0.0,0.0,0.10329979582135114,0.17282965796812466,0.0,0.0,0.0,0.0,0.0,0.10863634456131607,0.45833910094269104,0.0,0.0,0.0,0.0,0.0,0.04468951267936515,0.0,0.0,0.11220558802715203,0.0,0.0,0.0,0.0,0.0
TARGET.20.PARYVW.09A,0.0,0.5444436503184049,0.0,0.0,0.0,0.0,0.0,0.13443071931075798,0.02937866407094125,0.0,0.0,0.0,0.0,0.0,0.27857747639468355,0.012768900059247495,0.0,0.0,0.0004005898459647511,0.0,0.0,0.0,0.0,0.0,0.0,0.0,0.0,0.0,0.0,0.0
TARGET.20.PAXCYN.09A,0.0,0.0,0.0,0.0,0.0,0.0,0.0,0.08505820878377551,0.13225733551901697,0.0,0.0,0.0,0.0,0.0,0.0,0.5933471032618359,0.0,0.0,0.0,0.0672500162050201,0.0,0.0,0.0,0.0,0.0,0.12208733623035145,0.0,0.0,0.0,0.0
TARGET.20.PAVALI.09A,0.0,0.0,0.0,0.0,0.0,0.0,0.0,0.12116804752108012,0.45091277941571667,0.0,0.0,0.0,0.0,0.0,0.1057046982989263,0.00022185449124771794,0.0,0.0,0.0,0.11936084447540278,0.0,0.0,0.0,0.11172728566526136,0.0,0.09090449013236501,0.0,0.0,0.0,0.0
TARGET.20.PATDLI.09A,0.0,0.0,0.0,0.0,0.0,0.0,0.0,0.015574774931544664,0.04443053861816655,0.0,0.0,0.0,0.0,0.0,0.0,0.20083454318972782,0.0,0.0,0.10558345714118766,0.0,0.0,0.0,0.2987249927231296,0.0,0.0431653140286194,0.0,0.0,0.0,0.29168637936762426,0.0
TARGET.20.PAWYEP.09A,0.0,0.0,0.0,0.0,0.0,0.0,0.0,0.03725573944500337,0.09305723393534819,0.0,0.0,0.0,0.0,0.0,0.0,0.7192295183382432,0.0,0.0,0.0,0.033675213283882684,0.0,0.0030194610903818073,0.05377879098548824,0.0,0.05998404292165268,0.0,0.0,0.0,0.0,0.0
TARGET.20.PAWEKW.09A,0.0,0.0,0.0,0.0,0.01958050191744951,0.0,0.0,0.052673474859251376,0.09162660703281995,0.0,0.0,0.0,0.0,0.0,0.17952550602707493,0.3204045068271331,0.0,0.0,0.010119328709995858,0.015276446738298958,0.0,0.0036929024166603734,0.0,0.0,0.0,0.3071007254713159,0.0,0.0,0.0,0.0
TARGET.20.PAVDZI.09A,0.0,0.0,0.0,0.0,0.0,0.0,0.0,0.04140154579276036,0.3179317268482115,0.0,0.0,0.0,0.0,0.0,0.0,0.4750322694976323,0.0,0.0,0.0,0.1028631243947763,0.0,0.03238826413680429,0.0,0.0,0.0,0.03038306932981531,0.0,0.0,0.0,0.0
TARGET.20.PARWXU.09A,0.0,0.0,0.017643531905673925,0.0,0.0,0.0,0.0,0.1021016345676205,0.4458585007201687,0.0,0.0,0.0,0.0,0.0,0.026241731020828246,0.32582339827451007,0.0,0.0,0.0,0.0,0.0,0.022603956809753984,0.0,0.0,0.0,0.05972724670144457,0.0,0.0,0.0,0.0
TARGET.20.PASUGU.09A,0.0,0.0,0.08616562714691903,0.0,0.0,0.0,0.0,0.07487810783487282,0.06730222152574364,0.0,0.0,0.0,0.0,0.0,0.018497297018102838,0.12171337229250559,0.0,0.23331088469562392,0.0,0.0,0.12214051441298909,0.0031848152513581844,0.0,0.0,0.0,0.2728071598218849,0.0,0.0,0.0,0.0
TARGET.20.PAWVBV.09A,0.0,0.0,0.07487071749202753,0.0,0.0,0.0,0.0,0.07364782463894277,0.16475052068127172,0.0,0.0,0.0,0.0,0.0,0.0,0.5537896010368367,0.0,0.0,0.012441154603943436,0.0,0.0,0.01102164003424253,0.0,0.0,0.0,0.1094785415127354,0.0,0.0,0.0,0.0
TARGET.20.PARCAU.09A,0.0,0.0,0.0,0.0,0.024640456748336485,0.0,0.0,0.00923046564034092,0.30119090293513295,0.0,0.0,0.0,0.0,0.0,0.0,0.6060067835928212,0.0,0.0,0.0,0.0,0.01106795126667046,0.005741165165990375,0.0,0.0,0.042122274650707454,0.0,0.0,0.0,0.0,0.0
TARGET.20.PAWIUT.09A,0.0,0.0,0.0,0.0,0.216042875866196,0.0,0.0,0.11214137653305833,0.20458257893260093,0.0,0.0,0.0,0.0,0.0,0.3484507601552427,0.0,0.0,0.0,0.0,0.11200514396058357,0.0,0.00677726455231849,0.0,0.0,0.0,0.0,0.0,0.0,0.0,0.0
TARGET.20.PAXCNV.09A,0.0,0.0,0.07394739507319796,0.0,0.0,0.0,0.0,0.09393364080459583,0.1444085598981212,0.0,0.0,0.0,0.02934223160959242,0.0,0.08355398282108127,0.19371345772114976,0.0,0.170729962687771,0.0,0.0,0.0,0.0,0.0,0.0,0.0,0.2103707693844906,0.0,0.0,0.0,0.0
TARGET.20.PAWEEB.09A,0.0,0.0,0.0,0.0,0.0,0.0,0.0,0.018309439370522398,0.04728203877725947,0.0,0.0,0.0,0.0,0.0,0.0,0.36573589280555774,0.0,0.0,0.0,0.04072014005289822,0.0,0.003204810924909458,0.0,0.20200144658417676,0.0,0.3227462314846759,0.0,0.0,0.0,0.0
TARGET.20.PASTJT.09A,0.0,0.0,0.057200189768143575,0.0,0.0,0.0,0.0,0.15896592775714147,0.2643999483025585,0.0,0.0,0.0,0.0,0.0,0.0,0.3383703667458195,0.0,0.0,0.0,0.0,0.0,0.03800596033680444,0.0,0.0,0.0,0.14305760708953258,0.0,0.0,0.0,0.0
TARGET.20.PASLTS.09A,0.0,0.0,0.0,0.3555870147856254,0.0,0.0,0.0,0.07421406905186614,0.11333633296782587,0.0,0.0,0.0,0.0,0.0,0.0,0.3643744366120162,0.0,0.0,0.0018888570529966503,0.0,0.0,0.015093656011821386,0.0,0.0,0.0,0.07550563351784834,0.0,0.0,0.0,0.0
TARGET.20.PAUZJX.09A,0.0,0.0,0.0,0.5337384928522964,0.0,0.0,0.0,0.0,0.0,0.0,0.0,0.0,0.0,0.0,0.0,0.4206503899346368,0.0,0.0,0.043821847035182396,0.0,0.0,0.0017892701778843322,0.0,0.0,0.0,0.0,0.0,0.0,0.0,0.0
TARGET.20.PASTEI.09A,0.0,0.0,0.09408930593886802,0.0,0.01460693008937804,0.0,0.0,0.09429555019908444,0.12263652061608853,0.0,0.0,0.0,0.0,0.0,0.0668289972203087,0.16194140858484632,0.0,0.0,0.0,0.0,0.20593684403725224,0.013335992849189545,0.0,0.0,0.0,0.22632845046498415,0.0,0.0,0.0,0.0
TARGET.20.PANLIR.09A,0.0,0.0,0.0,0.0,0.0,0.0,0.0,0.058659364790199175,0.0859790169743192,0.0,0.0,0.0,0.0,0.0,0.0,0.14001343432778507,0.0,0.0,0.03165912146491552,0.11029624849129356,0.011035015497968021,0.07961378036439715,0.0,0.0,0.0,0.4827440180891223,0.0,0.0,0.0,0.0
TARGET.20.PATANY.09A,0.0,0.0,0.0,0.0,0.0,0.0,0.0,0.07667128700815701,0.1787233731294232,0.0,0.0,0.0,0.0,0.0,0.0,0.4129717771207779,0.0,0.0,0.0,0.05382477371858407,0.0,0.13769897455838634,0.0,0.0,0.07462294828171326,0.06548686618295811,0.0,0.0,0.0,0.0
TARGET.20.PAWEBG.09A,0.0,0.0,0.0,0.0,0.0,0.0,0.0,0.07178788095350565,0.2524548952626808,0.0,0.0,0.0,0.0,0.0,0.1960015239370279,0.4794793323317585,0.0,0.0,0.0,0.0,0.0,0.0002763675150271921,0.0,0.0,0.0,0.0,0.0,0.0,0.0,0.0
TARGET.20.PAPAPD.09A,0.023442269782950057,0.004652516287880009,0.007720593851347176,0.0,0.003956076814922807,0.0,0.0,0.030733434795796034,0.0366720174175822,0.0,0.0,0.0,0.0,0.0,0.0610412166060599,0.00813537329784578,0.0378577204620755,0.36293240504079444,0.0,0.0,0.12353615320309881,0.0,0.0,0.0,0.0,0.2993202224396472,0.0,0.0,0.0,0.0
TARGET.20.PAVUDH.09A,0.0,0.0,0.0,0.0,0.008745276120316694,0.0,0.0,0.06919176319571527,0.38298666640659784,0.0,0.0,0.0,0.0,0.0,0.4640673338632704,0.05496075491430851,0.0,0.0,0.008592624835943972,0.0,0.0,0.01055619017707052,0.0,0.0,0.0,0.0008993904867769488,0.0,0.0,0.0,0.0
TARGET.20.PASXNR.09A,0.0,0.08628920945602324,0.0,0.014083542831774275,0.0,0.0,0.0,0.047425049525135606,0.4763470807030787,0.0,0.0,0.0,0.0,0.0,0.0,0.257433062693558,0.0,0.0,0.023606621984261434,0.0,0.0,0.049858813472630964,0.0,0.0,0.0,0.04495661933353792,0.0,0.0,0.0,0.0
TARGET.20.PAUWUZ.09A,0.0,0.0,0.0,0.0,0.0,0.0,0.0,0.021978084003288788,0.0622484298775747,0.0,0.0,0.0,0.0,0.0,0.167799798660232,0.48219668160146245,0.0,0.0,0.0,0.0,0.0,0.001121862367982468,0.0,0.0,0.0,0.26465514348945945,0.0,0.0,0.0,0.0
TARGET.20.PAUWRZ.09A,0.0,0.0,0.009604309539748552,0.0,0.07768162283559917,0.0,0.0,0.05221052859113387,0.07017900176286855,0.0,0.0,0.0,0.0,0.0,0.1938538498147518,0.27426598709483574,0.0,0.03474724322387871,0.0,0.0,0.0,0.006112459863177631,0.0,0.0,0.0,0.28134499727400586,0.0,0.0,0.0,0.0
TARGET.20.PAVHML.09A,0.0,0.0,0.0,0.0,0.0,0.0,0.0,0.11418255901730053,0.2193951498047771,0.0,0.0,0.0,0.0,0.0,0.0,0.2586344053722713,0.0,0.0,0.0,0.3177922245705762,0.0,0.040861022251862715,0.0028297532634961715,0.0,0.03089561667733955,0.015409269042376307,0.0,0.0,0.0,0.0
TARGET.20.PATEMV.09A,0.0,0.0,0.0,0.0,0.0,0.0,0.0,0.07533004308838485,0.03567651886946187,0.0,0.0,0.0,0.0,0.0,0.0,0.3882025671094622,0.0,0.0,0.02081181205258176,0.0,0.0,0.10232082432138036,0.0,0.0,0.03641180961689112,0.0,0.0,0.0,0.34124642494183777,0.0
TARGET.20.PAUZXP.09A,0.0,0.0,0.0,0.0,0.0,0.0,0.0,0.15091090737898066,0.08087735127660163,0.0,0.0,0.0,0.0,0.0,0.0,0.4702848647406106,0.0,0.0,0.0007826180781936851,0.2047691356139583,0.0,0.006426140431454406,0.08594898248020061,0.0,0.0,0.0,0.0,0.0,0.0,0.0
TARGET.20.PAREWJ.09A,0.0,0.07961720491476892,0.0,0.0,0.0,0.0,0.0,0.05912978933012127,0.06001475972815439,0.0,0.0,0.0,0.0,0.0,0.12689764647731175,0.18710471497008924,0.0,0.0,0.04437441226671091,0.0,0.09820823228908643,0.0028475530705126643,0.0,0.0,0.0,0.2739627427101144,0.0,0.0,0.06784294424313006,0.0
TARGET.20.PALUPX.09A,0.0,0.0,0.0,0.0,0.0,0.0,0.0,0.02690670031993906,0.018139462987017158,0.0,0.0,0.0,0.0,0.1058206359657951,0.0,0.29763419349205755,0.0,0.0,0.0,0.0,0.0,0.003056104471143767,0.0,0.0,0.10011959081118442,0.4303863691630008,0.0,0.0,0.01793694278986225,0.0
TARGET.20.PAYLEK.Sorted.CD34pos.09A,0.0,0.0,0.0,0.0,0.5962508058066176,0.0,0.0,0.08727008023615622,0.010181156056196138,0.0,0.0,0.0,0.0,0.0,0.059264227697250906,0.1561242423697802,0.0,0.0,0.0,0.0,0.0,0.0,0.0,0.0,0.0,0.09090948783399873,0.0,0.0,0.0,0.0
TARGET.21.PASDXR.09A,0.0,0.0,0.0,0.0,0.0,0.0,0.0,0.0,0.018194556045034924,0.0,0.0,0.0,0.0,0.0,0.027961681608136092,0.0,0.0,0.05541158249778966,0.03018510839807744,0.06713820469464914,0.0,0.0022230516157044715,0.0,0.16415832949853326,0.0,0.634727485642075,0.0,0.0,0.0,0.0
TARGET.20.PATKLS.09A,0.0,0.0,0.0,0.0,0.0,0.0,0.0,0.057178845433052086,0.25134874917801153,0.0,0.0,0.0,0.06661350504117822,0.0,0.0,0.13829029597001294,0.12169937828377386,0.0,0.0,0.0,0.15824297208130783,0.007504730251368187,0.0,0.0,0.0,0.1991215237612954,0.0,0.0,0.0,0.0
TARGET.20.PAUYCB.09A,0.0,0.0,0.0,0.0,0.0,0.0,0.0,0.07133203020107157,0.37815912891857256,0.0,0.0,0.0,0.0,0.0,0.10807007582454363,0.04007017451104104,0.0,0.0,0.0,0.32553596015848363,0.0,0.07683263038628756,0.0,0.0,0.0,0.0,0.0,0.0,0.0,0.0
TARGET.20.PAVWBB.09A,0.0,0.0,0.0,0.0,0.0,0.0,0.0,0.08220825584299811,0.22492425445446437,0.0,0.0,0.0,0.0,0.0,0.12444216683250642,0.567802260303215,0.0,0.0,0.0,0.0,0.0,0.000623062566816074,0.0,0.0,0.0,0.0,0.0,0.0,0.0,0.0
TARGET.20.PAKWRX.09A,0.0,0.0,0.0,0.0,0.0,0.0,0.0,0.13274980754834997,0.11857503806718157,0.0,0.0,0.0,0.0,0.0,0.0,0.32865393980945845,0.0,0.0,0.0,0.3954445447094568,0.0,0.0020669183650206006,0.022509751500532613,0.0,0.0,0.0,0.0,0.0,0.0,0.0
TARGET.20.PAWNWV.09A,0.0,0.0,0.0,0.0,0.0,0.0,0.0,0.00012908559880052463,0.08439579369990574,0.0,0.0,0.0,0.0,0.0,0.11731912474546356,0.3460770484363832,0.0,0.0,0.0,0.03318166457560886,0.08797246423991388,0.006341752773445214,0.0,0.0,0.0,0.32458306593047903,0.0,0.0,0.0,0.0
TARGET.20.PAULKF.09A,0.0,0.0,0.0,0.0,0.0,0.0,0.0,0.05882309532682326,0.0,0.0,0.0,0.0,0.0,0.0,0.0,0.48611064153534417,0.0,0.0,0.021115179137410837,0.0,0.0,0.0,0.20754319698765944,0.0,0.03505267147379712,0.0,0.0,0.0,0.19135521553896523,0.0
TARGET.20.PASPSV.09A,0.0,0.0,0.0,0.0,0.0,0.0,0.0,0.01535122184277683,0.12166200790940011,0.0,0.0,0.0,0.0,0.0,0.0,0.19302997127797744,0.0,0.0,0.0,0.0,0.5047386460301561,0.004611968208158078,0.0,0.0,0.0,0.16060618473153146,0.0,0.0,0.0,0.0
TARGET.20.PAWFIZ.09A,0.0,0.0,0.0,0.0,0.0,0.0,0.0,0.01056901800586808,0.3426286611756485,0.0,0.0,0.0,0.0,0.0,0.10588362428794407,0.34426233896811775,0.0,0.0,0.0,0.0,0.0,0.0,0.0,0.014338435531835923,0.0,0.18231792203058567,0.0,0.0,0.0,0.0
TARGET.20.PAVXRM.09A,0.0,0.0,0.0,0.0,0.0,0.0,0.0,0.03870438637643672,0.43960614643371576,0.0,0.0,0.0,0.0,0.0,0.06577660770182489,0.44537345624660085,0.0,0.0,0.0,0.0,0.0,0.007160945493796317,0.003378457747625492,0.0,0.0,0.0,0.0,0.0,0.0,0.0
TARGET.20.PAXCDU.09A,0.0,0.0,0.0,0.0,0.0,0.0,0.0,0.06515632379088626,0.2676177758204297,0.0,0.0,0.0,0.0,0.0,0.05970794994943969,0.4807681093626455,0.0,0.0,0.0,0.0,0.0,0.0018017845014450203,0.05882937214790886,0.0,0.0,0.06611868442724493,0.0,0.0,0.0,0.0
TARGET.20.PANPKN.09A,0.0,0.0,0.036511389642539124,0.0,0.0,0.0,0.0,0.05791305150936488,0.1633665786798787,0.0,0.0,0.0,0.0,0.0,0.006379589959755376,0.14635329900432711,0.0,0.0,0.0,0.06391062716959678,0.029810903030252862,0.038124475866272295,0.0,0.0,0.0,0.45763008513801284,0.0,0.0,0.0,0.0
TARGET.20.PAWMLA.09A,0.0,0.0,0.0,0.0,0.0,0.0,0.0,0.0,0.5002821887394646,0.0,0.0,0.0,0.0,0.0,0.0,0.45521403315963715,0.0,0.0,0.0,0.0,0.0,0.009748293293186508,0.0,0.0,0.03475548480771178,0.0,0.0,0.0,0.0,0.0
TARGET.20.PAXGTM.09A,0.0,0.0,0.0,0.10740838135205141,0.0,0.0,0.0,0.014178381862247798,0.13232865106129396,0.0,0.0,0.0,0.0,0.0,0.0,0.6222424366447725,0.0,0.0,0.0,0.0,0.0,0.0006107847213543679,0.0,0.0,0.0,0.12323136435827996,0.0,0.0,0.0,0.0
TARGET.20.PATJSP.09A,0.0,0.10342244559223415,0.0,0.0,0.03571237618610869,0.0,0.0,0.02318941488923643,0.3394986365092467,0.0,0.0,0.0,0.0,0.0,0.03994286527060353,0.35234348158772244,0.0,0.0,0.071512308941429,0.0,0.0,0.01573586712208728,0.0,0.0,0.0,0.0,0.0,0.0,0.018642603901331777,0.0
TARGET.20.PAUYCA.09A,0.0,0.0,0.0,0.0,0.0,0.0,0.0,0.00657774170235581,0.2446498893285204,0.0,0.0,0.0,0.0,0.0,0.015589348165081035,0.7270446622849088,0.0,0.0,0.006107746135313486,0.0,0.0,3.0612383820428495e-05,0.0,0.0,0.0,0.0,0.0,0.0,0.0,0.0
TARGET.20.PAXBXI.09A,0.0,0.0,0.0,0.18648242592208364,0.0,0.0,0.0,0.03876735707344168,0.0,0.0,0.0,0.0,0.0,0.0,0.0,0.7563451117577409,0.0,0.0,0.011062714026279043,0.0,0.0,0.007342391220454724,0.0,0.0,0.0,0.0,0.0,0.0,0.0,0.0
TARGET.20.PARFXF.09A,0.0,0.0,0.0,0.0,0.08222070068065487,0.0,0.0,0.23443784069078505,0.25122090482097686,0.0,0.0,0.0,0.0,0.0,0.0,0.034404368426505474,0.0,0.0,0.0,0.10760244867456421,0.0,0.0040575655634619715,0.0,0.0,0.0,0.2860561711430515,0.0,0.0,0.0,0.0
TARGET.20.PANAEV.09A,0.030916382944426713,0.0,0.039459758156917706,0.0,0.0,0.039490065558061095,0.0,0.0836383123657306,0.38393121425145943,0.0,0.0,0.0,0.0,0.0,0.0,0.1347329001950044,0.0,0.0,0.0,0.0814480036368548,0.13319574034476905,0.0018707654052841736,0.004560137713276743,0.0,0.0667567194282152,0.0,0.0,0.0,0.0,0.0
TARGET.20.PAVKEM.09A,0.0,0.036849660849436285,0.0,0.0,0.0,0.0,0.0,0.00830059642816745,0.08144878390812267,0.0,0.0,0.0,0.0,0.0,0.06624854074816469,0.4888530283925678,0.0,0.0,0.009383618663975433,0.0,0.03716686438002313,0.004289111823110199,0.0,0.0,0.03006042523617581,0.19426060027799255,0.0,0.0,0.04313876929226396,0.0
TARGET.20.PARIEG.09A,0.0,0.0,0.0,0.0,0.0,0.0,0.0,0.0677695931808423,0.18667825844153926,0.0,0.0,0.0,0.0,0.0,0.20032769860433405,0.5163883261082821,0.0,0.0,0.0,0.0,0.0,0.0013115441001333463,0.0,0.0,0.02752457956486889,0.0,0.0,0.0,0.0,0.0
TARGET.20.PAUNLX.09A,0.0,0.0,0.0,0.6495826684242265,0.0,0.0,0.0,0.0,0.0,0.0,0.0,0.0,0.0,0.0,0.0,0.3098541266007941,0.0,0.0,0.039831908512681584,0.0,0.0,0.0007312964622978986,0.0,0.0,0.0,0.0,0.0,0.0,0.0,0.0
TARGET.20.PATEMK.09A,0.0,0.21288850673537926,0.0,0.0,0.0,0.0,0.0,0.05474559673901953,0.13525663237841903,0.0,0.0,0.0,0.0,0.0,0.0,0.2724665647427611,0.0,0.0,0.1229616221589521,0.0,0.08249833989467822,0.027338517056607,0.0,0.0,0.027222092354265665,0.06462212793991834,0.0,0.0,0.0,0.0
TARGET.20.PAWCJK.09A,0.0,0.0,0.0,0.0,0.0,0.0,0.0,0.05607563029321679,0.1843715386956393,0.0,0.0,0.0,0.0,0.0,0.0,0.6948499007690372,0.0,0.0,0.05590487318877039,0.0,0.0,0.008798057053336316,0.0,0.0,0.0,0.0,0.0,0.0,0.0,0.0
TARGET.20.PAWMKP.09A,0.0,0.0,0.0,0.0,0.0,0.0,0.0,0.07323123432369724,0.21621892303342666,0.0,0.0,0.0,0.0,0.0,0.06634065537430649,0.3434456084336241,0.0,0.0,0.011162946733283321,0.0849816415031459,0.0,0.006191601919390955,0.0,0.0,0.0,0.1805623494192896,0.0,0.0,0.0,0.017865039259835732
TARGET.20.PATEEA.09A,0.0,0.0,0.0,0.0,0.0,0.0,0.0,0.09236973189453118,0.3743842975893662,0.0,0.0,0.0,0.0,0.0,0.0004531476201225473,0.21400671713078637,0.0,0.0,0.06866331289708752,0.15495020266864087,0.0,0.027698840320089582,0.0,0.0,0.06285357827959914,0.0046201715997765715,0.0,0.0,0.0,0.0
TARGET.20.PATBYV.09A,0.0,0.17742180017697232,0.018170010166133486,0.0,0.0,0.0,0.0,0.021308623781607642,0.11087160846562402,0.0,0.0,0.0,0.0,0.0,0.0,0.16364315529641218,0.0,0.0,0.07155977383132077,0.0,0.22780834701438427,0.011345547468585616,0.0,0.0,0.19787113379895968,0.0,0.0,0.0,0.0,0.0
TARGET.20.PARTAL.09A,0.0,0.0,0.024239605146196826,0.0,0.035320077030287875,0.0,0.0,0.009698834478446383,0.20437621772379277,0.0,0.0,0.0,0.0,0.0,0.22860454869617455,0.23111383811058964,0.0012061324621900154,0.0,0.0,0.0,0.0,0.009749760909366545,0.0,0.0,0.0,0.25569098544295543,0.0,0.0,0.0,0.0
TARGET.21.PASFJJ.09A,0.0,0.0,0.0,0.0,0.0,0.0,0.12618109884062156,0.0,0.007925318411420978,0.0,0.0,0.0,0.0,0.0,0.6424821808397551,0.0,0.0,0.0,0.029384911750086402,0.0,0.0,0.0,0.0,0.0,0.0,0.19402649015811596,0.0,0.0,0.0,0.0
TARGET.20.PASXAP.09A,0.0,0.34575232540746637,0.0,0.0,0.0,0.0,0.0,0.06611680779128629,0.03731774929361514,0.0,0.0,0.0,0.0,0.0,0.0,0.24068861882300865,0.0,0.0,0.0,0.0,0.016106048166414002,0.01769459564700124,0.0,0.0,0.10769103039008338,0.0,0.0,0.0,0.16863282448112493,0.0
TARGET.20.PACDZR.09A,0.0,0.38088041673352846,0.0,0.0,0.0,0.0,0.0,0.0892312783245202,0.0438813409178145,0.0,0.0,0.0,0.0,0.0,0.2607206143482767,0.10037054160965701,0.0,0.0,0.0,0.0,0.0,0.0,0.0,0.0,0.0,0.12491580806620316,0.0,0.0,0.0,0.0
TARGET.20.PAUZTM.09A,0.0,0.0,0.0,0.0,0.0,0.0,0.0,0.01298053452125809,0.2935378494100981,0.0,0.0,0.0,0.0,0.0,0.14310075865874428,0.45308840815866647,0.0,0.0,0.0,0.0,0.0,0.09729244925123307,0.0,0.0,0.0,0.0,0.0,0.0,0.0,0.0
TARGET.20.PAEERJ.09A,0.05670833585116556,0.0,0.010171483340703035,0.0,0.0460694010875586,0.0,0.0,0.1017745894381662,0.14058125334621588,0.0,0.0,0.0,0.0,0.0,0.08318105019749565,0.29817219283768714,0.0,0.0,0.0,0.0,0.10475806389213255,0.0026671616864030988,0.0,0.0,0.005175464777749144,0.15074100354472308,0.0,0.0,0.0,0.0
TARGET.20.PARSGS.09A,0.0,0.0,0.0,0.1743754361508459,0.0,0.0,0.0,0.0,0.0030979018985539063,0.0,0.0,0.0,0.0,0.0,0.08533222154308447,0.28678081498396457,0.026654346818026975,0.06894197733502948,0.0,0.0,0.0,0.00036169662583505533,0.0,0.0,0.0,0.3544556046446595,0.0,0.0,0.0,0.0
TARGET.20.PARHJA.09A,0.10187933749649908,0.0,0.0,0.0,0.18854918465473422,0.0,0.0,0.06616636331556032,0.2577633759661598,0.0,0.0,0.0,0.0,0.0,0.07597668078724656,0.18920633307359183,0.0,0.0,0.0,0.11110381538858868,0.0,0.009354909317619628,0.0,0.0,0.0,0.0,0.0,0.0,0.0,0.0
TARGET.20.PAXALR.09A,0.0,0.0,0.0,0.0,0.0,0.0,0.0,0.0849447519708666,0.021848968432123986,0.0,0.0,0.0,0.0,0.0,0.0027325399607501595,0.7393206817235225,0.0,0.0,0.0,0.0,0.0,0.002003137968387291,0.0,0.0,0.0,0.1491499199443493,0.0,0.0,0.0,0.0
TARGET.20.PASKFW.09A,0.0,0.0,0.0,0.024124312628004605,0.0,0.0,0.0,0.0435094022562267,0.0,0.0,0.24642441033535997,0.0,0.0,0.0,0.0,0.48656134187840594,0.0,0.0,0.0633421423461619,0.0,0.0,0.0011002344804977404,0.13493815607534324,0.0,0.0,0.0,0.0,0.0,0.0,0.0
TARGET.20.PAVVAT.09A,0.0,0.0,0.0,0.0,0.0,0.0,0.0,0.045470738825866844,0.287571102274169,0.0,0.0,0.0,0.0,0.0,0.0,0.49567091588037887,0.0,0.0,0.0,0.11385688579592419,0.0,0.0071362597848346225,0.050294097438826624,0.0,0.0,0.0,0.0,0.0,0.0,0.0
TARGET.20.PATBXU.09A,0.0,0.0,0.0,0.0,0.0,0.0,0.0,0.07824670015043514,0.24143423046788146,0.0,0.0,0.0,0.0,0.0,0.0,0.19302759676450787,0.0,0.0,0.028241725877339658,0.0,0.0,0.10163630880507113,0.0,0.0,0.0,0.3574134379347648,0.0,0.0,0.0,0.0
TARGET.20.PAWJDM.09A,0.0,0.0,0.0,0.0,0.0,0.0,0.0,0.0,0.27833101139567185,0.0,0.0,0.0,0.0,0.0,0.0,0.3705788983903338,0.0,0.11170942789313246,0.003361391934877221,0.0,0.0,0.010221127499709284,0.0,0.0,0.0,0.22579814288627534,0.0,0.0,0.0,0.0
TARGET.20.PASANW.09A,0.0,0.0,0.0,0.0,0.0,0.0,0.0,0.0,0.5181865189383575,0.0,0.0,0.0,0.0,0.0,0.005373085462920681,0.388306011657683,0.0,0.0,0.0,0.0,0.0335298640413451,0.0,0.054604519899693685,0.0,0.0,0.0,0.0,0.0,0.0,0.0
TARGET.20.PANLXK.09A,0.0,0.03413179829366134,0.04226592185290329,0.0,0.0,0.0,0.0,0.02226626447244806,0.026195215947751413,0.0,0.0,0.0,0.0,0.0,0.024598958686409714,0.09586505861856806,0.0,0.04800891050148284,0.0031018365498396336,0.0,0.3274180372972513,0.0,0.0,0.0,0.0,0.3208333481893398,0.0,0.0,0.0,0.05531464959034445
TARGET.20.PAWWYV.09A,0.0,0.0,0.0,0.0,0.0,0.0,0.0,0.10733043348462384,0.3458097678834028,0.0,0.0,0.0,0.0,0.0,0.0023026611202874173,0.44449267198122344,0.0,0.0,0.0,0.0,0.0,0.005807878600007542,0.0551112173993741,0.0,0.039145369531080866,0.0,0.0,0.0,0.0,0.0
TARGET.20.PASKNV.09A,0.0,0.0,0.01588487229625992,0.0,0.0,0.0,0.0,0.030983604944211537,0.1937323893535368,0.0,0.0,0.0,0.030441945535289908,0.0,0.0326323786140738,0.18883155345271,0.006192263993193148,0.0,0.0,0.0,0.23060370527808613,0.0130293045313767,0.0,0.0,0.0,0.25766798200126223,0.0,0.0,0.0,0.0
TARGET.20.PAWKMU.09A,0.0,0.0,0.0,0.0,0.0,0.0,0.0,0.0,0.2833898706312935,0.0,0.0,0.0,0.0,0.11344322757877633,0.0,0.46203294726732014,0.0,0.0,0.007042019251882474,0.0,0.0,0.0,0.12844282525052708,0.0,0.005649110020200697,0.0,0.0,0.0,0.0,0.0
TARGET.20.PAXJFL.09A,0.0,0.0,0.0,0.0,0.0,0.0,0.0,0.0,0.46834725436460695,0.0,0.0,0.0,0.0,0.0,0.0,0.42130196296193734,0.0,0.0,0.0,0.0,0.0,0.004556282536041552,0.0,0.0,0.1057945001374141,0.0,0.0,0.0,0.0,0.0
TARGET.20.PAXLBH.09A,0.0,0.0,0.0,0.0,0.0,0.0,0.0,0.007020029285436404,0.1313390126934683,0.0,0.0,0.0,0.0,0.0,0.08630856090504674,0.2031446406045618,0.02645610545265696,0.08755643304150658,0.0,0.0,0.06060458474810453,0.0007182924688458201,0.0,0.05548868727276135,0.0,0.3413636535276115,0.0,0.0,0.0,0.0
TARGET.20.PAVCVD.09A,0.0,0.0,0.0,0.0,0.0,0.0,0.0,0.006916376625234613,0.31301799796581925,0.0,0.0,0.0,0.0,0.0,0.0,0.6800656254089461,0.0,0.0,0.0,0.0,0.0,0.0,0.0,0.0,0.0,0.0,0.0,0.0,0.0,0.0
TARGET.20.PAYKXV.Sorted.CD34pos.09A,0.0,0.0,0.0,0.0,0.015110956553672119,0.0,0.0,0.15095251375272384,0.2840883226435963,0.0,0.0,0.0,0.0,0.0,0.14153004158500582,0.180157531773116,0.0,0.0,0.005153185720380665,0.0,0.0,0.005675321404041705,0.0,0.0,0.06579977808834882,0.15153234847911473,0.0,0.0,0.0,0.0
TARGET.20.PAWYJH.09A,0.0,0.0,0.026070601623733536,0.0,0.0,0.0,0.0,0.09421358866460718,0.23772174964893644,0.0,0.0,0.0,0.0,0.0,0.036888574718178135,0.31330080109488984,0.012129947491112339,0.0,0.0,0.042864955082763494,0.0,0.0005300646056412275,0.0,0.0,0.0,0.2362797170701379,0.0,0.0,0.0,0.0
TARGET.20.PAPZZE.09A,0.0,0.12769846582865899,0.0,0.0,0.0,0.0,0.0,0.0,0.08876701707547657,0.0,0.0,0.0,0.019873399895551584,0.0,0.0,0.09738919473293244,0.0,0.0,0.005013593056772843,0.08011687821688941,0.0,0.06389314624072638,0.0,0.0,0.17601248553391224,0.3412358194190796,0.0,0.0,0.0,0.0
TARGET.20.PAWWID.09A,0.0,0.0,0.0,0.0,0.1314149618671108,0.0,0.0,0.09800168817354357,0.259545010290465,0.0,0.0,0.0,0.0,0.0,0.35312579634136465,0.11464901579288243,0.0,0.0,0.0,0.0,0.0,0.020566294721826375,0.0,0.0,0.0,0.022697232812807097,0.0,0.0,0.0,0.0
TARGET.20.PAUYEV.09A,0.0,0.0,0.0,0.0,0.0,0.0,0.0,0.013360906318097984,0.13331588979336323,0.0,0.0,0.0,0.0,0.0,0.0,0.5455173915460583,0.0,0.0,0.0,0.0,0.0,0.007795188304901704,0.0,0.0,0.0,0.055728423667276504,0.0,0.0,0.2442822003703021,0.0
TARGET.20.PASWAJ.09A,0.0,0.0,0.0,0.0,0.0,0.0,0.0,0.0449586204462521,0.0,0.0,0.0,0.0,0.0,0.09306491482339904,0.0,0.1675651908931965,0.0,0.0,0.002956870295727927,0.0,0.0,0.0,0.12557697103790574,0.0,0.22874726524457886,0.0,0.0,0.0,0.3371301672589397,0.0
TARGET.20.PAVUVD.09A,0.0,0.0,0.027867969518413107,0.0,0.0,0.0,0.0,0.05148585783055908,0.31137334454546506,0.0,0.0,0.0,0.0,0.0,0.03757330724420711,0.3823075438755595,0.0,0.0,0.0,0.0,0.0,0.010778760093589666,0.0,0.0,0.0,0.1786132168922065,0.0,0.0,0.0,0.0
TARGET.20.PAWEBC.09A,0.0,0.0,0.0,0.0,0.0,0.0,0.0,0.017455694221356843,0.000637569796106805,0.0,0.0,0.0,0.0,0.0,0.03963978585279763,0.4869519764022019,0.0,0.0,0.035365041213792824,0.0,0.0009319725714057574,0.03651181749000463,0.0,0.0,0.0,0.28949229292133094,0.0,0.0,0.09301384953100285,0.0
TARGET.20.PAWUUE.09A,0.0,0.0,0.0,0.0,0.0,0.0,0.0,0.06661891644083527,0.19730680235055575,0.0,0.0,0.0,0.0,0.0,0.0,0.7352830773962633,0.0,0.0,0.0,0.0,0.0,0.0,0.0,0.0,0.000791203812345895,0.0,0.0,0.0,0.0,0.0
TARGET.20.PAPZIZ.09A,0.0,0.0,0.0,0.0,0.0,0.0,0.0,0.0,0.0,0.0,0.0,0.0,0.0,0.400446180072764,0.0,0.0,0.0,0.0,0.0,0.0,0.0,0.0,0.0,0.0,0.44218220446590945,0.0,0.0,0.0,0.1573716154613266,0.0
TARGET.20.PAWLYM.09A,0.0,0.0,0.0,0.0,0.0,0.0,0.0,0.0,0.26581515422615737,0.0,0.0,0.0,0.0,0.0,0.09731964363780425,0.6368652021360384,0.0,0.0,0.0,0.0,0.0,0.0,0.0,0.0,0.0,0.0,0.0,0.0,0.0,0.0
TARGET.20.PAWHFW.09A,0.0,0.0,0.0,0.0,0.0,0.0,0.0,0.0,0.4477339081424993,0.0,0.0,0.0,0.0,0.0,0.0,0.5522660918575008,0.0,0.0,0.0,0.0,0.0,0.0,0.0,0.0,0.0,0.0,0.0,0.0,0.0,0.0
TARGET.20.PANHWD.09A,0.0,0.0,0.0,0.0,0.0031702061608675923,0.0,0.0,0.0856940232781954,0.3306490166334173,0.0,0.0,0.0,0.0,0.0,0.0,0.5188964692477074,0.0,0.0,0.0,0.019801145187662194,0.0,0.006951055670042601,0.0,0.0,0.0,0.03483808382210761,0.0,0.0,0.0,0.0
TARGET.20.PAYHFV.Sorted.leukemic.09A,0.0,0.1398323082535972,0.030806867241919438,0.0,0.1730710144018655,0.0,0.0,0.0,0.350404032656806,0.0,0.0,0.0,0.0,0.0,0.0,0.2256495850803748,0.0,0.0,0.0,0.0,0.07891586170731156,0.001320330658125458,0.0,0.0,0.0,0.0,0.0,0.0,0.0,0.0
TARGET.20.PAWMLK.09A,0.0,0.0,0.0,0.0,0.0,0.0,0.0,0.0,0.3558174088569183,0.0,0.0,0.0,0.0,0.0,0.0,0.04368781412941908,0.0,0.0,0.0,0.0,0.0,0.0,0.0,0.0,0.6004947770136625,0.0,0.0,0.0,0.0,0.0
TARGET.20.PATJES.09A,0.0,0.0,0.0,0.0,0.0,0.0,0.0,0.026496371103194936,0.07985891892561316,0.0,0.0,0.0,0.0,0.0,0.0,0.11419132142030326,0.1623199043802556,0.0,0.0,0.0,0.020007274759305867,0.0,0.0,0.10729876366091606,0.0,0.4898274457504111,0.0,0.0,0.0,0.0
TARGET.20.PAXJMY.09A,0.0,0.0,0.0,0.0,0.0,0.0,0.0,0.15814533475474116,0.10533112984748151,0.0,0.0,0.0,0.0,0.0,0.3639456881958494,0.30196651172507566,0.0,0.0,0.0,0.0,0.0,0.0026157252510484435,0.0,0.0,0.0,0.06799561022580379,0.0,0.0,0.0,0.0
TARGET.20.PAWCCR.09A,0.0,0.0,0.0,0.15156826695474476,0.0,0.0,0.0,0.11076692538386786,0.0,0.0,0.0,0.0,0.0,0.0,0.21072457741037473,0.49551537348239905,0.0,0.0,0.02774100411499595,0.0,0.0,0.003683852653617678,0.0,0.0,0.0,0.0,0.0,0.0,0.0,0.0
TARGET.20.PAVLKB.09A,0.0,0.0,0.0,0.0,0.0,0.0,0.0,0.010859784575115829,0.3133428304233985,0.0,0.0,0.0,0.0,0.0,0.0,0.4492959274318206,0.0,0.0,0.0,0.0,0.012163479989421936,0.04424184645439554,0.0,0.0,0.0,0.17009613112584743,0.0,0.0,0.0,0.0
TARGET.20.PAUNVN.09A,0.0,0.0,0.0,0.0,0.0,0.0,0.0,0.016153077710316804,0.33724402227447187,0.0,0.0,0.0,0.0,0.0,0.0,0.6466029000152113,0.0,0.0,0.0,0.0,0.0,0.0,0.0,0.0,0.0,0.0,0.0,0.0,0.0,0.0
TARGET.20.PATENX.09A,0.13838837336701684,0.1613751216886399,0.021743820892809053,0.0,0.042401305183512775,0.0,0.0,0.06644376660281524,0.11590469435133373,0.0,0.0,0.0,0.0,0.0,0.08424549805277243,0.11678816630802241,0.0,0.0,0.003096907255731253,0.0,0.12648962841350578,0.004106066870551725,0.0,0.0,0.0,0.11901665101328895,0.0,0.0,0.0,0.0
TARGET.20.PAVRCS.09A,0.0,0.0,0.0,0.0,0.0,0.0,0.0,0.10745731092936617,0.151988958480045,0.0,0.0,0.0,0.0,0.0,0.5537250249085447,0.13885515260829423,0.0,0.0,0.0,0.044510110087839075,0.0,0.0034634429859107434,0.0,0.0,0.0,0.0,0.0,0.0,0.0,0.0
TARGET.20.PASAYA.09A,0.0,0.0,0.0,0.0,0.0,0.0,0.0,0.04058417112108274,0.21468041473051666,0.0,0.0,0.0,0.0,0.0,0.0,0.4248973291471111,0.0,0.0,0.0,0.0,0.008710436361825879,0.00645732750635428,0.0,0.0,0.07591569915386978,0.11648117397847524,0.0,0.0,0.11227344800076441,0.0
TARGET.20.PAVJIT.09A,0.0,0.0,0.0,0.0,0.0,0.0,0.0,0.05720108737079926,0.15769904317959896,0.0,0.0,0.0,0.0,0.0,0.0,0.7559466587115301,0.0,0.0,0.02581182587731134,0.0,0.0,0.003341384860760248,0.0,0.0,0.0,0.0,0.0,0.0,0.0,0.0
TARGET.20.PAWMNN.09A,0.0,0.0,0.0,0.0,0.0,0.0,0.0,0.05422368389946805,0.21978898075543218,0.0,0.0,0.0,0.0,0.0,0.06264239300140359,0.33478614357340414,0.0,0.0,0.03599646972586315,0.0007838082717456272,0.0,0.0074434622906890124,0.0,0.0,0.015470521539459376,0.268864536942535,0.0,0.0,0.0,0.0
TARGET.20.PAVXNZ.09A,0.0,0.0,0.0,0.0,0.0,0.0,0.0,0.2932860058261221,0.2121876951288618,0.0,0.0,0.0,0.0,0.0,0.21535039560689148,0.11294969506548752,0.0,0.0,0.0,0.0839971145620343,0.0,0.002103954165943858,0.0,0.0,0.0,0.08012513964465909,0.0,0.0,0.0,0.0
TARGET.20.PARGMH.09A,0.0,0.030070052104387124,0.0,0.0,0.0,0.0,0.0,0.028410275480499774,0.022022551624106178,0.0,0.0,0.0,0.4817841420362147,0.0,0.0,0.03904464804997688,0.24115090121796282,0.0,0.0,0.0,0.05765976936429365,0.05327168640689078,0.0,0.04658597371566808,0.0,0.0,0.0,0.0,0.0,0.0
TARGET.20.PARGTL.09A,0.0,0.0,0.0,0.0,0.0,0.0,0.0,0.014840102078323918,0.20204692858936613,0.0,0.0,0.0,0.0,0.0,0.0,0.10784728673223799,0.03489072728643281,0.0,0.0,0.0,0.39256033614129326,0.0,0.0,0.0,0.0,0.15206264959546587,0.0,0.0,0.09575196957688012,0.0
TARGET.20.PASCFS.09A,0.0,0.0,0.0,0.06725325685660603,0.0029727471307732555,0.0,0.0,0.04147709649148019,0.16833733620373828,0.0,0.0,0.0,0.0,0.0,0.09962441602266271,0.49580825413229357,0.0,0.0,0.0,0.023283804354690078,0.0,0.007782381141295576,0.0,0.0,0.0,0.09346070766646043,0.0,0.0,0.0,0.0
TARGET.20.PAWUEW.09A,0.0,0.0,0.0,0.0,0.0,0.0,0.0,0.04346557155056171,0.1142336475002001,0.0,0.0,0.0,0.0,0.0,0.10343430061623834,0.4666215025742036,0.0,0.0,0.028434210695101745,0.0,0.04255306864335596,0.0070089410366138485,0.0,0.0,0.0,0.1942487573837248,0.0,0.0,0.0,0.0
TARGET.20.PAUNVK.09A,0.0,0.0,0.0,0.0,0.0,0.0,0.0,0.08143113859886443,0.1716558876939103,0.0,0.0,0.0,0.0,0.0,0.1911893931908041,0.5272191918141328,0.0,0.0,0.001374042789550673,0.0,0.0,0.0007290350896601717,0.0,0.0,0.0,0.02640131082307755,0.0,0.0,0.0,0.0
TARGET.20.PAUWYR.09A,0.0,0.0,0.0,0.0,0.0,0.0,0.0,0.08200024309401786,0.26099373705614487,0.0,0.0,0.0,0.0,0.0,0.02446470779040704,0.27701076725677937,0.0,0.0,0.0,0.0,0.0,0.003305644278427444,0.0,0.0,0.14057060102582858,0.21165429949839473,0.0,0.0,0.0,0.0
TARGET.20.PASKZW.09A,0.0,0.0,0.0,0.0,0.0,0.0,0.0,0.09884843552043528,0.24145936232143633,0.0,0.0,0.0,0.0,0.0,0.16619319693286144,0.1787450072134011,0.0,0.0,0.03826588706099556,0.0,0.0,0.0260196069391129,0.0,0.0,0.2504685040117574,0.0,0.0,0.0,0.0,0.0
TARGET.20.PAWJJY.09A,0.0,0.0,0.0,0.0,0.0,0.0,0.0,0.07682479558056536,0.0006109199000467044,0.0,0.0,0.0,0.0,0.0,0.6726532788465793,0.16516508361894577,0.0,0.0,0.007268393015022064,0.0,0.0,0.002316363760615032,0.0,0.0,0.0,0.07516116527822586,0.0,0.0,0.0,0.0
TARGET.20.PAKTLL.09A,0.0,0.0,0.0,0.0,0.0,0.0,0.0,0.051362488875339354,0.265670292923374,0.0,0.0,0.0,0.0,0.0,0.0,0.3217810221148169,0.0,0.0,0.0,0.0,0.0,0.0,0.15610360309229626,0.0,0.19104462127488084,0.0,0.0,0.0,0.014037971719292748,0.0
TARGET.20.PASIZB.09A,0.0,0.0,0.0,0.0,0.0,0.0,0.0,0.03884795383450984,0.14989529651096556,0.0,0.0,0.0,0.0,0.0,0.13754573974545076,0.20415528380436113,0.0,0.0,0.01691136237002425,0.09450045859620736,0.0,0.02516172974808772,0.0,0.0,0.0,0.33298217539039343,0.0,0.0,0.0,0.0
TARGET.20.PANSDI.09A,0.0,0.036247566318775036,0.0,0.07814724833685757,0.11822879801977589,0.0,0.0,0.02154423196627846,0.2933360638482998,0.0,0.0,0.0,0.0,0.0,0.15156515555526795,0.028476323262377725,0.0,0.2707249409930942,0.0,0.0,0.0,0.0017296716992733505,0.0,0.0,0.0,0.0,0.0,0.0,0.0,0.0
TARGET.20.PASSDX.09A,0.0,0.0,0.0,0.0,0.0,0.0,0.0,0.04416526997461745,0.19680138207738462,0.0,0.0,0.0,0.0,0.0,0.0,0.24419373955978194,0.0,0.0,0.020010324902546527,0.0,0.0,0.04380769305145361,0.0042173581008479065,0.0,0.01044093266932228,0.18406475577457967,0.0,0.0,0.2522985438894661,0.0
TARGET.20.PAWMGT.09A,0.0,0.0,0.0,0.0,0.0,0.0,0.0,0.08407049366673726,0.06305314357525094,0.0,0.0,0.0,0.0,0.0,0.056115103089824474,0.3802577589822585,0.0,0.0,0.0,0.10070013574813905,0.0,0.0029408414083906993,0.0,0.0,0.0,0.312862523529399,0.0,0.0,0.0,0.0
TARGET.20.PATISD.09A,0.0,0.0,0.0,0.014571892481078772,0.0,0.0,0.0,0.004224699482314143,0.0,0.0,0.0,0.0,0.21550670892491885,0.0,0.06270206182676573,0.0695059951440999,0.0,0.2763624482846286,0.0,0.0,0.0,0.0,0.0,0.04012116563196728,0.0,0.31700502822422677,0.0,0.0,0.0,0.0
TARGET.20.PAVFWI.09A,0.0,0.0,0.0,0.0,0.0,0.0,0.0,0.015800902238757606,0.16864831768460806,0.0,0.0,0.0,0.0,0.0,0.0,0.39329826641028554,0.0,0.0,0.027933525506981336,0.0,0.038003482867763616,0.011121231268952338,0.0,0.0,0.0,0.17762838275008075,0.0,0.0,0.1675658912725708,0.0
TARGET.20.PAVZBM.09A,0.0,0.0,0.0,0.0,0.0,0.0,0.0,0.07851830165332317,0.27644984682470003,0.0,0.0,0.0,0.0,0.0,0.09576636601253839,0.3650558933252943,0.0,0.0,0.0,0.0,0.0,0.020790866864591924,0.0,0.0,0.0,0.16341872531955218,0.0,0.0,0.0,0.0
TARGET.20.PAVSVU.09A,0.0,0.0,0.0,0.0,0.0,0.0,0.0,0.06533782267176695,0.05090786314599007,0.0,0.0,0.0,0.0,0.0,0.3311453105850791,0.5526090035971637,0.0,0.0,0.0,0.0,0.0,0.0,0.0,0.0,0.0,0.0,0.0,0.0,0.0,0.0
TARGET.20.PAURDN.09A,0.0,0.0,0.0,0.0,0.0,0.0,0.0,0.026251688947146364,0.13229637112465634,0.0,0.0,0.0,0.0,0.0,0.05797033398060368,0.4927750033482677,0.0,0.0,0.028226592772903895,0.0,0.0,0.008970721781302994,0.0,0.0,0.06767576594748022,0.18583352209763881,0.0,0.0,0.0,0.0
TARGET.20.PAWLAN.09A,0.0,0.0,0.0,0.0,0.01455737313482556,0.0,0.0,0.10870537574610367,0.186675373994236,0.0,0.0,0.0,0.0,0.015891198958618624,0.08623768655780822,0.5741823098533846,0.0,0.0,0.0,0.0,0.0,0.0,0.01375068175502326,0.0,0.0,0.0,0.0,0.0,0.0,0.0
TARGET.20.PAESJZ.09A,0.0,0.0,0.0,0.0,0.0,0.0,0.0,0.05944915785967583,0.004925605088832035,0.0,0.0,0.0,0.0,0.0,0.0,0.695836484291866,0.0,0.0,0.0022563173662790204,0.0,0.04873147937913763,0.0006566569437616206,0.05869042060139705,0.0,0.0,0.0,0.0,0.0,0.129453878469051,0.0
TARGET.20.PAVBFN.09A,0.0,0.0,0.0,0.0,0.0,0.0,0.0,0.030395922743429133,0.505509047010612,0.0,0.0,0.0,0.0,0.0,0.0026095265507070226,0.40257369460725895,0.0,0.0,0.0,0.0,0.0,0.0,0.0,0.0,0.05891180908799306,0.0,0.0,0.0,0.0,0.0
TARGET.20.PAXHZL.09A,0.0,0.0,0.0,0.0,0.0,0.0,0.0,0.09446980052166662,0.17706718669512458,0.0,0.0,0.0,0.0,0.0,0.13966348699699183,0.48560998599525235,0.0,0.0,0.004705628463643795,0.0,0.0,0.005103095157202316,0.0,0.0,0.0,0.09338081617011841,0.0,0.0,0.0,0.0
TARGET.20.PASELF.09A,0.0,0.0,0.0,0.0,0.0,0.0,0.0,0.06680437909837499,0.09425918636493641,0.0,0.0,0.0,0.0,0.0,0.015930697744905634,0.2541689381315628,0.0,0.0,0.011681509261826291,0.0,0.05934768331775963,0.0250152669375324,0.0,0.0,0.02806500384934258,0.03166355488072542,0.0,0.0,0.41306378041303377,0.0
TARGET.20.PAXCWZ.09A,0.0,0.0,0.0,0.0,0.0,0.0,0.0,0.15855336282069374,0.353327874784037,0.0,0.0,0.0,0.0,0.0,0.04742236704461586,0.20654844281174017,0.0,0.0,0.0,0.20130122646745696,0.0,0.03284672607145632,0.0,0.0,0.0,0.0,0.0,0.0,0.0,0.0
TARGET.20.PATGXW.09A,0.0,0.0,0.0,0.0,0.0,0.0,0.0,0.0913281913525389,0.2773388906828564,0.0,0.0,0.0,0.0,0.0,0.11019968717248955,0.2631411110936968,0.0,0.0,0.0,0.0,0.0,0.04399256306279886,0.0,0.0,0.02655598547026495,0.18744357116535454,0.0,0.0,0.0,0.0
TARGET.21.PASFHK.09A,0.0,0.0,0.009949619427044325,0.0,0.0,0.0,0.0,0.0,0.43930425258418593,0.0,0.0,0.0,0.0,0.0,0.08213856092358157,0.12271349936384172,0.0,0.0,0.0,0.0,0.0,0.08261786912336642,0.0,0.0,0.0,0.26327619857797996,0.0,0.0,0.0,0.0
TARGET.20.PAVFEM.09A,0.0,0.0,0.0,0.0,0.0,0.0,0.0,0.0,0.33292541568739603,0.0,0.0,0.0,0.0,0.0,0.0,0.28669031295472863,0.0,0.0,0.0,0.026554997971791408,0.0,0.09156244293573657,0.0,0.0,0.0,0.2622668304503473,0.0,0.0,0.0,0.0
TARGET.20.PAXDDY.09A,0.0,0.25136235950000596,0.0,0.0,0.07783075433708608,0.0,0.0,0.05174522610604583,0.14343574410515952,0.0,0.0,0.0,0.0,0.0,0.19710835137936145,0.1956717166378006,0.0,0.0,0.0,0.0,0.0,0.0,0.0,0.0,0.0,0.08284584793454051,0.0,0.0,0.0,0.0
TARGET.20.PAWDCZ.09A,0.0,0.0,0.0,0.0,0.0,0.0,0.0,0.023471325233428417,0.0,0.0,0.0,0.0,0.0,0.0,0.34874638569256333,0.4619704526676258,0.0,0.0,0.0025462933214252816,0.0,0.0,0.00039813982956725104,0.0,0.0,0.0,0.1628674032553898,0.0,0.0,0.0,0.0
TARGET.20.PAYCPS.09A,0.0,0.0,0.0,0.0,0.0,0.0,0.0,0.04728640450010998,0.027529369706273052,0.0,0.0,0.0,0.0,0.0,0.39302846547784215,0.3248430437530478,0.0,0.0,0.01646800751670199,0.0,0.0,0.0,0.0,0.0,0.0,0.190844709046025,0.0,0.0,0.0,0.0
TARGET.20.PAYHVK.Unsorted.09A,0.0,0.1877335305093669,0.0,0.0,0.03253664106547476,0.0,0.0,0.05328128268571184,0.15288955493507653,0.0,0.0,0.0,0.0,0.0,0.008445190801859815,0.5165840539436838,0.0,0.0,0.0,0.0,0.0,0.01035786238357819,0.0,0.0,0.0,0.0,0.0,0.0,0.03817188367524835,0.0
TARGET.20.PAYISG.09A,0.0,0.0,0.0,0.12265724045241591,0.0,0.0,0.0,0.016857007807401167,0.05527187865448964,0.0,0.0,0.0,0.0,0.0,0.12676864727647147,0.563941969071024,0.0,0.0,0.0,0.0,0.0,0.0,0.0,0.0,0.0,0.1145032567381978,0.0,0.0,0.0,0.0
TARGET.20.PARNIA.09A,0.0,0.0,0.0,0.0,0.0,0.0,0.0,0.17436035593893048,0.2983052786685816,0.0,0.0,0.0,0.0,0.0,0.2291212639811055,0.16746164419687415,0.0,0.0,0.0,0.0,0.0,0.008219053690239219,0.0,0.0,0.0,0.12253240352426914,0.0,0.0,0.0,0.0
TARGET.20.PARXEC.09A,0.0,0.0,0.0,0.0,0.0,0.08585026884677109,0.0,0.12742241981904864,0.08986416329942537,0.0,0.0,0.0,0.0,0.0,0.05013278168488375,0.290025348143896,0.0,0.0,0.0,0.05354420074234777,0.058838721318995375,0.0,0.0,0.0,0.0,0.24432209614463202,0.0,0.0,0.0,0.0
TARGET.20.PAVTLN.09A,0.0,0.0,0.0,0.0,0.0,0.0,0.0,0.0014447716906954202,0.3168801082441077,0.0,0.0,0.0,0.0,0.0,0.0,0.6816751200651968,0.0,0.0,0.0,0.0,0.0,0.0,0.0,0.0,0.0,0.0,0.0,0.0,0.0,0.0
TARGET.20.PARMZC.09A,0.0,0.6401328578808677,0.0,0.0,0.0,0.0,0.0,0.0,0.21184570313496548,0.0,0.0,0.0,0.0005190613232550707,0.0,0.0,0.03116662069726085,0.0,0.0,0.0,0.01880023806372484,0.0,0.001426378181477697,0.0,0.0,0.0,0.09610914071844824,0.0,0.0,0.0,0.0
TARGET.20.PAUYSN.09A,0.0,0.0,0.0,0.0,0.0,0.0,0.0,0.053680377332789304,0.05703805399917971,0.0,0.0,0.0,0.0,0.0,0.23114518567212677,0.2741285121838265,0.0,0.0,0.0,0.017012874515101983,0.0,0.012728443851295583,0.09202642029454192,0.0,0.0037211986338062017,0.25851893351733196,0.0,0.0,0.0,0.0
TARGET.20.PAVAYD.09A,0.0,0.0,0.0,0.0,0.016484574731902058,0.0,0.0,0.019392904595449494,0.0291676094013804,0.0,0.0,0.0,0.0,0.0,0.20465751510937372,0.23295626841937447,0.022215375290401962,0.0,0.0003621250255317028,0.0,0.11104748388846057,0.004665656627942268,0.0,0.0,0.0,0.3590504869101834,0.0,0.0,0.0,0.0
TARGET.20.PAUSBK.09A,0.0,0.0,0.0,0.0,0.0,0.0,0.0,0.045782227408010266,0.0,0.0,0.0,0.0,0.0,0.0,0.04504329303360084,0.4318551671946705,0.0,0.0,0.0,0.0,0.0,0.001702592962633213,0.0,0.011377992770685547,0.0,0.4642387266303996,0.0,0.0,0.0,0.0
TARGET.20.PAVBZM.09A,0.0,0.0,0.0,0.0,0.0,0.0,0.0,0.0018067248542369349,0.5832246426546198,0.0,0.0,0.0,0.0,0.0,0.0,0.3834041158693855,0.0,0.0,0.0,0.0,0.0,0.031564516621757674,0.0,0.0,0.0,0.0,0.0,0.0,0.0,0.0
TARGET.20.PAXGZA.09A,0.0,0.0,0.0,0.0,0.0,0.0,0.0,0.024064264019547442,0.05965960970266385,0.0,0.0,0.0,0.0,0.0,0.1461170763316609,0.1611186361177588,0.0,0.0,0.0,0.0,0.2025165749390814,0.012106400823388269,0.0,0.0,0.0,0.3944174380658994,0.0,0.0,0.0,0.0
TARGET.20.PARYGA.09A,0.0,0.0,0.0,0.0,0.0,0.0,0.0,0.0413249451828798,0.177872387401425,0.0,0.0,0.0,0.0,0.0,0.0,0.08936018718442025,0.04932014216102928,0.0,0.05144129835782171,0.04106505743891398,0.1648443266213745,0.022090462171525504,0.0,0.0,0.12029332455483445,0.2423878689257755,0.0,0.0,0.0,0.0
TARGET.20.PAWGFC.09A,0.0,0.0,0.0,0.0,0.0,0.0,0.0,0.025792576773302447,0.37669456477907204,0.0,0.0,0.0,0.0,0.0,0.0,0.49280319615623763,0.0,0.0,0.0,0.0,0.0,0.09306299824665862,0.0,0.0,0.0,0.011646664044729228,0.0,0.0,0.0,0.0
TARGET.20.PAENSG.09A,0.0,0.0,0.0,0.0,0.0,0.009241503741533541,0.0,0.12149402286229186,0.22772664742570561,0.0,0.0,0.0,0.0,0.0,0.027686501431911342,0.3364841203846886,0.0,0.0,0.0,0.0,0.05600746345723085,0.0013345643084712844,0.08566902533270875,0.0,0.019932414222870055,0.11442373683258816,0.0,0.0,0.0,0.0
TARGET.20.PARCVS.09A,0.0,0.13142843359823533,0.0,0.0,0.22507747319263424,0.0,0.0,0.10555004116559497,0.16358966665481228,0.0,0.0,0.0,0.0,0.0,0.2642853817111666,0.09071716688059409,0.0,0.0,0.0,0.006003631529725173,0.0,0.0017003712565469215,0.0,0.0,0.0,0.01164783401069036,0.0,0.0,0.0,0.0
TARGET.20.PAXFSI.09A,0.0,0.0,0.0,0.0,0.0,0.0,0.0,0.08519534801479661,0.3360989434586551,0.0,0.0,0.0,0.0,0.0,0.0,0.4118433355558955,0.0,0.0,0.0,0.0,0.0,0.0,0.014967499463093847,0.0,0.15189487350755906,0.0,0.0,0.0,0.0,0.0
TARGET.20.PAUVWV.09A,0.0,0.0,0.0,0.0,0.0,0.0,0.0,0.10889617650976306,0.41275223395233923,0.0,0.0,0.0,0.0,0.0,0.042847402194167133,0.38353133866557765,0.0,0.0,0.0,0.03740641779333828,0.0,0.012522919802094287,0.0,0.0,0.002043511082720267,0.0,0.0,0.0,0.0,0.0
TARGET.20.PATHWS.09A,0.0,0.0,0.0,0.0,0.0,0.0,0.0,0.0470345199828437,0.16212041309992647,0.0,0.0,0.0,0.0,0.0,0.0,0.1370716794821697,0.0,0.0,0.0,0.06611979863630939,0.0,0.23654973961635048,0.0,0.0,0.0659907549764247,0.19978209752270742,0.0,0.0,0.08533099668326789,0.0
TARGET.20.PAVBVP.09A,0.0,0.0,0.0,0.0,0.0,0.0,0.0,0.16296069351995351,0.1630452501308433,0.0,0.0,0.0,0.0,0.0,0.11947427574600963,0.24564638962934385,0.0,0.0,0.0,0.06515807110332784,0.0,0.00651583458719083,0.0,0.0,0.21743052594556117,0.0197689593377699,0.0,0.0,0.0,0.0
TARGET.20.PAYHGK.Sorted.leukemic.09A,0.0,0.0,0.0,0.0,0.0,0.0,0.0,0.027430415188533147,0.0,0.0,0.0,0.0,0.0,0.16874107290616805,0.0,0.20664975460171042,0.0,0.0,0.0,0.0,0.0,0.0,0.15561325235409532,0.0,0.28956833115501396,0.0,0.0,0.0,0.1519971737944791,0.0
TARGET.20.PALKYG.09A,0.0,0.0,0.0,0.0,0.0,0.0,0.0,0.06455143014553644,0.2848333786889129,0.0,0.0,0.0,0.0,0.0,0.02380537211166513,0.27765234957140367,0.0,0.0,0.0,0.024039978347278734,0.0,0.006916473047924334,0.0,0.0,0.05796148186267712,0.2602395362246017,0.0,0.0,0.0,0.0
TARGET.20.PASTWE.09A,0.0,0.0,0.0,0.0,0.0,0.0,0.0,0.10325697285211723,0.0,0.0,0.0,0.0,0.0,0.0,0.0,0.21980835728505593,0.0,0.0,0.0,0.0,0.0,0.003165003608662874,0.040539080131290255,0.0,0.0,0.0,0.0,0.0,0.6332305861228738,0.0
TARGET.20.PAVHWK.09A,0.0,0.02216678902282067,0.0,0.0,0.0,0.0,0.0,0.04636067056591066,0.0795337606752651,0.0,0.0,0.0,0.0,0.0,0.11971907083642187,0.37050611704633823,0.0,0.0,0.0,0.020630928727353663,0.0,0.007977849188919863,0.0,0.0,0.0,0.22253171091635304,0.0,0.0,0.11057310302061682,0.0
TARGET.20.PAUXRA.09A,0.0,0.0,0.0,0.0,0.0,0.0,0.0,0.03737919861269063,0.3639164988859047,0.0,0.0,0.0,0.0,0.0,0.0,0.4410938471686238,0.0,0.0,0.0,0.026890549779686003,0.0,0.009592910510808544,0.0,0.0,0.014256737810260657,0.10687025723202573,0.0,0.0,0.0,0.0
TARGET.20.PASEYM.09A,0.0,0.0,0.0,0.0,0.0,0.0,0.0,0.06524499553088252,0.2616816725636119,0.0,0.0,0.0,0.07974307646715423,0.0,0.0,0.09807282320071309,0.10816506550159054,0.0,0.0,0.0,0.015523738354647038,0.0,0.0,0.0,0.0,0.3715686283814007,0.0,0.0,0.0,0.0
TARGET.20.PATCYY.09A,0.0,0.0,0.0,0.0,0.0,0.0,0.0,0.05643604552609528,0.2556000908754884,0.0,0.0,0.0,0.0,0.0,0.05275163343237881,0.35835450301534283,0.0,0.0,0.01836512870816996,0.010501243889985995,0.0,0.003340267316610976,0.0020858639040098504,0.0,0.05975361608450021,0.1471119859579853,0.0,0.0,0.035699621289432326,0.0
TARGET.20.PAWYJF.09A,0.0,0.0,0.0,0.0,0.0,0.0,0.0,0.0036108440507224577,0.26791953243916694,0.0,0.0,0.0,0.0,0.0,0.0,0.24778062689366595,0.0,0.0,0.0,0.0,0.0,0.0,0.0,0.0,0.0,0.0,0.0,0.0,0.4806889966164446,0.0
TARGET.20.PAUTAG.09A,0.0,0.0,0.0,0.0,0.053722529307718744,0.0,0.0,0.05437735874871241,0.08859581951170035,0.0,0.0,0.0,0.0,0.0,0.28810291955795375,0.19046745478571617,0.0,0.0,0.0,0.0,0.0,0.0,0.0,0.0,0.0,0.32473391808819874,0.0,0.0,0.0,0.0
TARGET.20.PAUSKR.09A,0.0,0.0,0.0,0.0,0.0,0.0,0.0,0.05658469897296601,0.227676003161328,0.0,0.0,0.0,0.0,0.0,0.028487446044835704,0.549590125990426,0.0,0.0,0.0,0.0,0.0,0.0061419800893818795,0.0,0.0,0.0,0.13151974574106237,0.0,0.0,0.0,0.0
TARGET.20.PAPAJE.09A,0.0,0.0,0.007916880590687804,0.0,0.0,0.0,0.0,0.08486874074917383,0.4191552118491125,0.0,0.0,0.0,0.0,0.0,0.0,0.2967201088836509,0.0,0.0,0.0,0.0,0.0,0.011772435439826213,0.0,0.0,0.03615517351872821,0.1434114489688205,0.0,0.0,0.0,0.0
TARGET.20.PAEFGR.09A,0.0,0.2523926017223376,0.0,0.0,0.0,0.0,0.0,0.05223337825747241,0.17222555623315794,0.0,0.0,0.0,0.0,0.0,0.0,0.2345750945909708,0.0,0.0,0.0006618116289688313,0.0,0.0,0.011698485962848691,0.0,0.0,0.0,0.0,0.0,0.0,0.27621307160424385,0.0
TARGET.20.PAWVUX.09A,0.0,0.0079838633133876,0.0,0.0,0.0,0.0,0.0,0.04553128746607202,0.14108303546695616,0.0,0.0,0.0,0.0,0.0,0.09009539496080449,0.5934621374954828,0.0,0.0,0.03335956318480999,0.0,0.0,0.01729264414142972,0.0,0.0,0.0,0.0076923546988522575,0.0,0.0,0.06349971927220487,0.0
TARGET.20.PARLMY.09A,0.0,0.0,0.0,0.0,0.0,0.0,0.0,0.07283934924266548,0.10206007044564094,0.0,0.0,0.0,0.0,0.0,0.014476876457762246,0.33204282434748,0.0,0.0,0.0,0.0,0.14782976718761492,0.0006484573061783446,0.0,0.0,0.0,0.255961373062186,0.0,0.0,0.07414128195047213,0.0
TARGET.20.PARNIL.09A,0.0,0.0,0.12435930310686996,0.0,0.0,0.0,0.0,0.09902888696996996,0.12618594192611046,0.0,0.0,0.0,0.0,0.0,0.014224422079432282,0.171887501500331,0.0,0.0,0.0,0.0,0.22096346710370998,0.0,0.0,0.0,0.0,0.23757000579084758,0.0,0.0,0.0,0.005780471522728627
TARGET.20.PAUTFD.09A,0.0,0.0,0.0,0.2790570992418884,0.0,0.0,0.0,0.0,0.0,0.0,0.0,0.0,0.0,0.0,0.0,0.6423492939387379,0.0,0.0,0.013275392389478464,0.0,0.0,0.0,0.0,0.0,0.0653182144298954,0.0,0.0,0.0,0.0,0.0
TARGET.20.PARUBE.09A,0.0,0.0,0.0,0.0,0.0,0.0,0.0,0.07914843336030511,0.13202835138648253,0.0,0.0,0.0,0.0,0.0,0.02795036964449964,0.2593928960141905,0.0,0.0,0.0,0.0,0.02174421967875154,0.004079420440717321,0.0,0.0,0.0,0.4756563094750533,0.0,0.0,0.0,0.0
TARGET.20.PATIVW.09A,0.0,0.01684258915862143,0.00026290939956664645,0.0,0.0,0.0,0.0,0.040166781250694505,0.061831399194848875,0.0,0.0,0.0,0.0,0.0,0.0,0.26215891403206054,0.0,0.0,0.11771167022844305,0.0,0.1434885127910871,0.032423624707796875,0.0,0.0,0.02206709946852274,0.23937797831034505,0.0,0.0,0.06366852145801315,0.0
TARGET.20.PAWHFV.09A,0.0,0.0,0.0,0.0,0.0,0.0,0.0,0.07694416918567382,0.18633043723476708,0.0,0.0,0.0,0.0,0.0,0.21688558284007076,0.23456688286186864,0.0,0.0,0.05627244631010447,0.0,0.0,0.003732692822765687,0.0,0.0,0.07932620422252039,0.14594158452222908,0.0,0.0,0.0,0.0
TARGET.20.PAWEVC.09A,0.0,0.0,0.0,0.0,0.0,0.0,0.0,0.08304668420150245,0.2770116506026944,0.0,0.0,0.0,0.0,0.0,0.22570690575265753,0.40798681966763894,0.0,0.0,0.0,0.0,0.0,0.00044353463384325803,0.0,0.0,0.0,0.005804405141663457,0.0,0.0,0.0,0.0
TARGET.20.PAWKHN.09A,0.0,0.0,0.0,0.0,0.0,0.0,0.0,0.4111058051413444,0.31824650006557753,0.0,0.0,0.0,0.0,0.0,0.11470492450361612,0.06228499474165302,0.0,0.0,0.0012835726140785599,0.06364437178456912,0.0,0.027870713545662767,0.0,0.0,0.0,0.000859117603498422,0.0,0.0,0.0,0.0
TARGET.20.PAWTLZ.09A,0.0,0.0,0.0,0.0,0.0,0.0,0.0,0.5558623081761137,0.0,0.0,0.0,0.0,0.0,0.0,0.0,0.1466982087282693,0.0,0.0,0.04681374236662856,0.08024810437554243,0.0,0.07659675183438762,0.0,0.0,0.0,0.09378088451905829,0.0,0.0,0.0,0.0
TARGET.20.PASFVP.09A,0.0,0.0,0.0,0.0,0.0,0.0,0.0,0.004574106652642028,0.3532328770345109,0.0,0.0,0.0,0.0,0.0,0.10448398523453947,0.03343535989399967,0.0,0.0,0.0,0.05571987917952832,0.005094986506212696,0.003052150729725541,0.0,0.0,0.0,0.44040665476884144,0.0,0.0,0.0,0.0
TARGET.20.PAVPBC.09A,0.0,0.0,0.0,0.0,0.0,0.0,0.0,0.013085103504286018,0.2504942652050351,0.0,0.0,0.0,0.0,0.0,0.0,0.3514864646230775,0.0,0.0,0.0,0.0,0.0,0.029413533274864997,0.0,0.017688753164364118,0.0,0.33783188022837224,0.0,0.0,0.0,0.0
TARGET.20.PAWRVC.09A,0.0,0.0,0.021900867736810506,0.0,0.0,0.0,0.0,0.04313948279959287,0.2962340160260403,0.0,0.0,0.0,0.0,0.0,0.0,0.33051474732050334,0.0,0.0,0.0,0.0,0.0,0.05322928403940494,0.0,0.0,0.0,0.254981602077648,0.0,0.0,0.0,0.0
TARGET.20.PARFGK.09A,0.0,0.0,0.0,0.0,0.0,0.0,0.0,0.0841365092682997,0.24006495062153543,0.0,0.0,0.0,0.0,0.0,0.0,0.2966894672943411,0.0,0.0,0.000811904494530387,0.0,0.0,0.21109829318750442,0.0,0.0,0.0,0.16719887513378892,0.0,0.0,0.0,0.0
TARGET.20.PAVCIH.09A,0.0,0.0,0.0,0.16813654232070113,0.0,0.0,0.0,0.0,0.0,0.11548262110016463,0.0,0.0,0.0,0.0,0.0,0.5070707261863827,0.0,0.0,0.025055417358999337,0.0,0.0,0.0011904329383558411,0.004703547914748049,0.0,0.17836071218064833,0.0,0.0,0.0,0.0,0.0
TARGET.20.PAYIRH.Unsorted.09A,0.0,0.0,0.0,0.0,0.0,0.0,0.0,0.22080829521007972,0.32256582220013236,0.0,0.0,0.0,0.0,0.0,0.11772459667503817,0.07182036509540278,0.0,0.0,0.0,0.0,0.0,0.005164810373673357,0.0,0.0,0.0,0.26191611044567364,0.0,0.0,0.0,0.0
TARGET.20.PAYKYZ.Sorted.CD34neg.Myeloid.Mono.09A,0.0,0.0,0.014276807681610165,0.0,0.0,0.0,0.0,0.011278228228151305,0.48757227010246884,0.0,0.0,0.0,0.0,0.0,0.0,0.3659985924510601,0.0,0.0,0.0,0.0,0.03199462857286708,0.03893127741217392,0.03555161723902124,0.0,0.014396578312647533,0.0,0.0,0.0,0.0,0.0
TARGET.20.PAWLII.09A,0.0,0.0864749500671214,0.0,0.0,0.0,0.0,0.0,0.06458833392408486,0.13631488450101098,0.0,0.0,0.0,0.0,0.0,0.10802681501561721,0.44127912259139274,0.0,0.0,0.0,0.0,0.05507362978011208,0.02237585200837676,0.0,0.0,0.0,0.08586641211228412,0.0,0.0,0.0,0.0
TARGET.20.PASLMR.09A,0.0,0.0,0.0,0.017699863856515483,0.0,0.0,0.0,0.03619784013257531,0.1978068683916252,0.0,0.0,0.0,0.01815014489699527,0.0,0.057255913888223826,0.17384138803399807,0.11463741766143107,0.0,0.0,0.0,0.08764562865784277,0.008979867328676443,0.0,0.0,0.0,0.2877850671521166,0.0,0.0,0.0,0.0
TARGET.20.PARAEG.09A,0.0564594093975207,0.0,0.046977697353509,0.0,0.0,0.0,0.0,0.05970429365431524,0.15464893783090933,0.0,0.022961488733305765,0.0,0.1700017418960946,0.0,0.10244163847370748,0.1588999851889425,0.0,0.0,0.0,0.0,0.0543899034748213,0.0,0.0,0.0,0.0,0.1735149039968741,0.0,0.0,0.0,0.0
TARGET.20.PATGIY.09A,0.0,0.0,0.0,0.0,0.0,0.0,0.0,0.0,0.19850445147801737,0.0,0.0,0.0,0.0,0.0,0.0,0.44223962945708983,0.0,0.0,0.0,0.07928215788364289,0.002794922595168074,0.025454189037444445,0.0,0.0,0.13978556826509875,0.11193908128353855,0.0,0.0,0.0,0.0
TARGET.20.PAUYNI.09A,0.0,0.0,0.0,0.16167245268288893,0.0,0.0,0.0,0.042492207716805785,0.0,0.0,0.0,0.0,0.0,0.0,0.0,0.5558207692765711,0.0,0.0,0.013444757757350077,0.0,0.0,0.0,0.16221082108623466,0.0,0.06435899148014951,0.0,0.0,0.0,0.0,0.0
TARGET.20.PASFIT.09A,0.0,0.0,0.0,0.0,0.0,0.0,0.0,0.0967332286962819,0.13674427973640074,0.0,0.0,0.0,0.0,0.0,0.0,0.2657826404385476,0.0,0.0,0.005670088537104393,0.03724623611924275,0.0,0.00478719291990742,0.0,0.0,0.0,0.1329842546956215,0.0,0.0,0.3200520788568937,0.0
TARGET.20.PASCBW.09A,0.0,0.0,0.0,0.0,0.0,0.0,0.0,0.0,0.6067850354171408,0.0,0.0,0.0,0.0,0.0,0.0,0.07022992470189625,0.05435825283732439,0.0,0.0,0.0,0.10272350850466523,0.024189449565729798,0.0,0.0,0.13144221540505902,0.01027161356818441,0.0,0.0,0.0,0.0
TARGET.20.PAXKSZ.09A,0.0,0.0,0.0,0.0,0.0,0.0,0.0,0.15002898590878522,0.13060562821586996,0.0,0.0,0.0,0.0,0.0,0.1617937227867799,0.3577623160969024,0.0,0.0,0.09364804379162048,0.1054939276809464,0.0,0.0006673755190958522,0.0,0.0,0.0,0.0,0.0,0.0,0.0,0.0
TARGET.20.PAVDFC.09A,0.0,0.0,0.0,0.0,0.0,0.0,0.0,0.07451538858699243,0.341772416988947,0.0,0.0,0.0,0.0,0.0,0.11660085200228604,0.38743843140833994,0.0,0.0,0.0,0.07854521651661914,0.0,0.0011276944968155334,0.0,0.0,0.0,0.0,0.0,0.0,0.0,0.0
TARGET.20.PAVTMY.09A,0.0,0.0,0.0,0.06537208533766231,0.10520131252096689,0.0,0.0,0.1581921629916137,0.05849263886441274,0.0,0.10725208296377478,0.0,0.0,0.0,0.002830923423865515,0.22759878183334345,0.0,0.0,0.18030317642119936,0.09475683564316117,0.0,0.0,0.0,0.0,0.0,0.0,0.0,0.0,0.0,0.0
TARGET.20.PAWNPG.09A,0.0,0.0,0.0,0.0,0.0,0.0,0.0,0.03238643816814912,0.1598885974488706,0.0,0.0,0.0,0.0,0.0,0.0,0.5646652669957153,0.0,0.0,0.0,0.0,0.0,0.029773856780553595,0.0,0.0,0.0,0.03504613697274172,0.0,0.0,0.17823970363396974,0.0
TARGET.20.PASWLN.09A,0.0,0.0,0.0,0.0,0.0046348497138011405,0.0,0.0,0.11027963324247841,0.2935903366547426,0.0,0.0,0.0,0.0,0.0,0.2426538138966862,0.3484531400982849,0.0,0.0,0.0,0.0,0.0,0.0003882263940069064,0.0,0.0,0.0,0.0,0.0,0.0,0.0,0.0
TARGET.20.PASBYL.09A,0.0,0.0,0.0,0.0,0.02168235984705127,0.0,0.0,0.11670167372840105,0.2050349134634867,0.0,0.0,0.0,0.0,0.0,0.1386744477051384,0.3079611880637981,0.0,0.0,0.0,0.0,0.0,0.02052311516236639,0.0,0.0,0.0,0.18942230202975807,0.0,0.0,0.0,0.0
TARGET.20.PAUKTH.09A,0.0,0.006664720971721749,0.0,0.0,0.0,0.0,0.0,0.1324418410381273,0.08007675568715318,0.0,0.0,0.0,0.0,0.0,0.3519541302661411,0.09461165631216047,0.0,0.0,0.002312192720075422,0.23656097627513606,0.0,0.0013788811018066332,0.0,0.0,0.0,0.09399884562767816,0.0,0.0,0.0,0.0
TARGET.20.PAVBAY.09A,0.0,0.0,0.0,0.0,0.0,0.0,0.0,0.07440743943973749,0.0,0.0,0.0,0.0,0.0,0.0,0.0,0.3140094993521677,0.0,0.0,0.0,0.0,0.0,0.0,0.10305582956622114,0.0,0.0,0.0,0.0,0.0,0.5085272316418737,0.0
TARGET.20.PAULSL.09A,0.0,0.0,0.0,0.0,0.0,0.0,0.0,0.05832099299721198,0.0,0.0,0.0,0.0,0.0,0.0,0.11716417329179453,0.4214300062082114,0.09771464742325445,0.0,0.0003947787649316522,0.0,0.0,0.0,0.0,0.0001321904677402829,0.0,0.3048432108468557,0.0,0.0,0.0,0.0
TARGET.20.PAWGYG.09A,0.0,0.0,0.0,0.0,0.0,0.0,0.0,0.27596630852600723,0.05522716711679768,0.0,0.0,0.0,0.0,0.0,0.2666305309992063,0.05005251964019118,0.0,0.0,0.004266928915983903,0.3440379439964427,0.0,0.0038186008053709506,0.0,0.0,0.0,0.0,0.0,0.0,0.0,0.0
TARGET.20.PAWERK.09A,0.0,0.0,0.0,0.0,0.0,0.0,0.0,0.01995125805227594,0.05902645121721978,0.0,0.0,0.0,0.0,0.0,0.027194459300568276,0.49045391273860994,0.0,0.0,0.0,0.061651724369638713,0.0,0.0,0.0,0.09129413144037947,0.0,0.2504280628813079,0.0,0.0,0.0,0.0
TARGET.20.PASXLJ.09A,0.0,0.0,0.0,0.0,0.0,0.0,0.0,0.14988064794059713,0.0,0.0,0.0,0.0,0.0,0.0,0.036273051069557104,0.31391589820635274,0.0,0.0,0.0,0.07801405189614335,0.0,0.0,0.15178292864242393,0.0,0.17903877310556476,0.09109464913936098,0.0,0.0,0.0,0.0
TARGET.20.PANYBI.09A,0.0,0.0,0.0,0.0,0.0,0.0,0.0,0.047031758911294325,0.0,0.0,0.0,0.0,0.0,0.0,0.02666821808425928,0.15792297466195124,0.05137714717583174,0.009014876273095497,0.0,0.0,0.0,0.0,0.0,0.0,0.19395151048776554,0.5140335144058024,0.0,0.0,0.0,0.0
TARGET.20.PASAUN.09A,0.0,0.0,0.0,0.0,0.0,0.0,0.0,0.07308061702682414,0.052147390015797185,0.0,0.0,0.0,0.0,0.0,0.0,0.3011124321441379,0.0,0.0,0.04989590376566475,0.0,0.0,0.062236835036621065,0.006809457477904818,0.0,0.028866014321461467,0.0,0.0,0.0,0.42585135021158876,0.0
TARGET.20.PATBFL.09A,0.0,0.0,0.0,0.04349710868055815,0.0,0.0,0.0,0.0,0.03408806817736035,0.0,0.0,0.0,0.0,0.0,0.06104754492134241,0.2029811811221497,0.041818960318501026,0.030832465767722805,0.02329047397191514,0.0,0.0,0.0,0.0,0.013332175365847515,0.20995555889788067,0.3391564627767222,0.0,0.0,0.0,0.0
TARGET.20.PAULNJ.09A,0.0,0.01876785397963177,0.0,0.0,0.0,0.0,0.0,0.0,0.03078425069420111,0.0,0.0,0.0,0.0,0.0,0.10939354873615642,0.26223145013516574,0.0022389752894333057,0.02617207073518342,0.0,0.0,0.056666296113199024,0.007692948672368747,0.0,0.03154076261221154,0.0,0.45451184303244885,0.0,0.0,0.0,0.0
TARGET.20.PAVEAF.09A,0.0,0.0,0.0,0.0,0.0,0.0,0.0,0.026865728640590787,0.2699182228437108,0.0,0.0,0.0,0.0,0.0,0.1284030773014857,0.4894155745322649,0.0,0.0,0.0,0.0,0.0,0.001576435787773757,0.0,0.0,0.0,0.08382096089417398,0.0,0.0,0.0,0.0
TARGET.20.PAEARG.09A,0.0,0.0,0.0,0.0,0.0,0.0,0.0,0.025776257183260473,0.08143807988905613,0.0,0.0,0.0,0.24882913778187532,0.0,0.006644050742174601,0.10182467172901194,0.16488158476195452,0.0,0.0,0.0,0.0,0.0,0.0,0.22843543611550787,0.0,0.14217078179715906,0.0,0.0,0.0,0.0
TARGET.20.PASGZS.09A,0.0,0.0,0.0,0.0,0.0,0.0,0.0,0.08683748648621263,0.0014973973006636163,0.0,0.0,0.0,0.0,0.0,0.07975059617593189,0.12731274241070667,0.0,0.0,0.0,0.0,0.0,0.0,0.0,0.0,0.41669894438397925,0.28790283324250593,0.0,0.0,0.0,0.0
TARGET.20.PAVTDW.09A,0.0,0.0,0.0,0.0,0.0,0.0,0.0,0.08169411350007777,0.08839758696933546,0.0,0.0,0.0,0.0,0.0,0.12623205057089387,0.5396629621359623,0.0,0.030386963712869464,0.0035782468643189695,0.0,0.0,0.000694572376883689,0.0,0.0,0.0,0.12935350386965846,0.0,0.0,0.0,0.0
TARGET.20.PAXLXM.09A,0.0,0.0,0.0,0.0,0.0,0.0,0.0,0.06539620930380138,0.20371038665187902,0.0,0.0,0.0,0.0,0.05154199058858578,0.0,0.4549040055558254,0.0,0.0,0.0,0.0,0.0,0.0,0.13411420939950264,0.0,0.0,0.0,0.0,0.0,0.09033319850040579,0.0
TARGET.20.PASVSS.09A,0.0,0.0,0.0,0.0,0.0,0.0,0.0,0.0477180543376179,0.1679534258604712,0.0,0.0,0.0,0.0,0.0,0.0,0.38322844210282675,0.0,0.0,0.016114359379394372,0.0,0.0,0.3849857183196899,0.0,0.0,0.0,0.0,0.0,0.0,0.0,0.0
TARGET.20.PAXCWR.09A,0.0,0.0,0.0,0.20376371516674097,0.0,0.0,0.0,0.016141456360012494,0.1092746883960098,0.0,0.0,0.0,0.0,0.0,0.1511985558158857,0.49052426650201475,0.0007253923610475252,0.0,0.0,0.0,0.0,0.0,0.0,0.0,0.0,0.028371925398288766,0.0,0.0,0.0,0.0
TARGET.20.PATKMB.09A,0.0,0.0,0.0,0.0,0.009287575018820129,0.0,0.0,0.032247311196275656,0.24932418788694719,0.0,0.0,0.0,0.0,0.0,0.23318672614861363,0.47349628811406164,0.0,0.0,0.001514503444957521,0.0,0.0,0.0009434081903243306,0.0,0.0,0.0,0.0,0.0,0.0,0.0,0.0
TARGET.20.PAUVCB.09A,0.0,0.0,0.0,0.0,0.0,0.0,0.0,0.03675970699349564,0.052506040699632814,0.0,0.0,0.0,0.0,0.0,0.0,0.7819805301781176,0.0,0.0,0.0,0.0,0.0,0.06153029104791248,0.0,0.0,0.0,0.0,0.0,0.0,0.0672234310808413,0.0
TARGET.20.PACEFU.09A,0.0,0.0,0.0,0.0,0.0,0.0,0.0,0.00935596597151071,0.1751816409582281,0.0,0.0,0.0,0.0,0.0,0.127332590470963,0.2907838070372552,0.0,0.0,0.0,0.023279600219601872,0.13088133616950545,0.0017669625765435373,0.0,0.0,0.00038748791626042766,0.2410306086801318,0.0,0.0,0.0,0.0
TARGET.20.PAWCBJ.09A,0.0,0.0,0.0,0.0,0.0,0.0,0.0,0.05235880368843623,0.15328133414970313,0.0,0.0,0.0,0.0,0.0,0.0,0.6768801771321222,0.0,0.0,0.048101696583770684,0.0009757738462883359,0.0,0.010340894316241696,0.0,0.0,0.04749082938490075,0.01057049089853695,0.0,0.0,0.0,0.0
TARGET.20.PAWHUE.09A,0.0,0.0,0.0,0.0,0.0,0.0,0.0,0.05426587880958049,0.3095326571261541,0.0,0.0,0.0,0.0,0.0,0.10776608834450738,0.4853612100939708,0.0,0.0,0.0,0.012363791178459241,0.0,0.025856580208443964,0.0,0.0,0.0,0.004853794238884054,0.0,0.0,0.0,0.0
TARGET.20.PAWYDD.09A,0.0,0.0,0.0,0.0,0.0,0.0,0.0,0.05842792558943659,0.5198051351865969,0.0,0.0,0.0,0.0,0.0,0.00780934257703826,0.22050829242381542,0.0,0.0,0.0,0.0,0.0,0.08789934853038447,0.0,0.0,0.0,0.10554995569272835,0.0,0.0,0.0,0.0
TARGET.20.PAYKYZ.Sorted.CD34pos.09A,0.0,0.0,0.0,0.0,0.20622569591685097,0.0,0.0,0.03574759853517823,0.2911631953930858,0.0,0.0,0.0,0.0,0.09879035191256934,0.04489150499400931,0.3087326869339486,0.0,0.0,0.0,0.0,0.0,0.0056430088343323165,0.0,0.0,0.008805957480025398,0.0,0.0,0.0,0.0,0.0
TARGET.20.PAVTWF.09A,0.0,0.0,0.0,0.0,0.0,0.0,0.0,0.08028642452176092,0.30678251291386743,0.0,0.0,0.0,0.0,0.0,0.12581888989877044,0.4353974895600099,0.0,0.0,0.0,0.0,0.0,0.005325038895569121,0.0,0.0,0.0,0.0463896442100222,0.0,0.0,0.0,0.0
TARGET.20.PAUBKI.09A,0.0,0.0,0.0,0.4113621634255057,0.0,0.0,0.0,0.0,0.0,0.04684546265752512,0.0,0.0,0.0,0.0,0.0,0.35142066160146107,0.0,0.0,0.025645990994419346,0.0,0.0,0.005886865661962489,0.0,0.0,0.15883885565912637,0.0,0.0,0.0,0.0,0.0
TARGET.20.PASWAT.09A,0.0,0.0,0.0,0.0,0.0,0.0,0.0,0.058928099325280744,0.545900986187771,0.0,0.0,0.0,0.0,0.0,0.0,0.19261697999613697,0.0,0.0,0.0,0.0,0.0,0.011491062996915848,0.0,0.0,0.11974787846276462,0.07131499303113073,0.0,0.0,0.0,0.0
TARGET.20.PAVBWL.09A,0.0,0.0,0.0,0.0,0.0,0.0,0.0,0.04163694968241388,0.4551886138645179,0.0,0.0,0.0,0.0,0.0,0.1212213678066954,0.3643052995839167,0.0,0.0,0.0,0.0,0.0,0.006259076841219223,0.0,0.0,0.0,0.011388692221237,0.0,0.0,0.0,0.0
TARGET.20.PAWGEG.09A,0.0,0.0,0.0,0.0,0.0,0.0,0.0,0.033742483910042725,0.2111992851104033,0.0,0.0,0.0,0.0,0.0,0.0,0.6557686167834754,0.0,0.0,0.0,0.007537336882633855,0.0,0.004526012162239891,0.0678513385474491,0.0,0.019374926603755796,0.0,0.0,0.0,0.0,0.0
TARGET.20.PAWNYK.09A,0.0,0.0,0.0,0.0,0.0,0.0,0.0,0.04714023150114862,0.546661448046184,0.0,0.0,0.0,0.0,0.0,0.11286309127198685,0.19377512154822943,0.0,0.0,0.004583216484573978,0.0,0.0,0.05962800845152042,0.0,0.0,0.0,0.035348882696356554,0.0,0.0,0.0,0.0
TARGET.20.PATMDJ.09A,0.0,0.0,0.0,0.0,0.0,0.0,0.0,0.11241918114363454,0.5483357437385515,0.0,0.0,0.0,0.0,0.0,0.20073288525017377,0.0,0.0,0.0,0.0,0.0,0.0,0.0016411531438027857,0.0,0.0,0.0,0.13687103672383732,0.0,0.0,0.0,0.0
TARGET.20.PAWRPX.09A,0.0,0.0,0.0,0.0,0.0,0.0,0.0,0.09490560934526289,0.07941371753069339,0.0,0.0,0.0,0.0,0.0,0.06431690258763503,0.3058716516288444,0.0,0.0,0.0698830029249169,0.13569338105673734,0.0,0.09514050707293556,0.0,0.0,0.0,0.15477522785297462,0.0,0.0,0.0,0.0
TARGET.20.PATFYN.09A,0.0,0.08946242839275406,0.0,0.0,0.08377256254992325,0.0,0.0,0.20532962362201876,0.20502772489503285,0.0,0.0,0.0,0.0,0.0,0.21300226908287884,0.08318452559431307,0.0,0.0,0.0,0.1177922692940165,0.0,0.0024285965690626528,0.0,0.0,0.0,0.0,0.0,0.0,0.0,0.0
TARGET.20.PASULX.09A,0.0,0.1634199988880012,0.0,0.0,0.0,0.0,0.0,0.041041477014770185,0.08690564754883344,0.0,0.0,0.0,0.0,0.0,0.1821776434119466,0.20432925069814037,0.0,0.0,0.0,0.0,0.0,0.02103102159987181,0.0,0.0,0.0,0.3010949608384364,0.0,0.0,0.0,0.0
TARGET.20.PAXECE.09A,0.0,0.0,0.0,0.0,0.046411360309717625,0.0,0.0,0.06180104721454799,0.4590367153925377,0.0,0.0,0.0,0.0,0.0,0.2114562520721313,0.10340926014359679,0.0,0.0,0.0,0.04626729694306865,0.0,0.007984284922072581,0.0,0.0,0.0,0.0636337830023273,0.0,0.0,0.0,0.0
TARGET.20.PAUZRY.09A,0.0,0.0,0.0,0.0,0.0,0.0,0.0,0.08527300083707601,0.15576535800287777,0.0,0.0,0.0,0.0,0.0,0.0,0.428889576629201,0.0,0.0,0.0,0.0,0.0,0.03303413132791664,0.0,0.0,0.0,0.0,0.0,0.0,0.29703793320292854,0.0
TARGET.20.PAVHCV.09A,0.0,0.04020674152388855,0.011148468565202007,0.0,0.03758615111901384,0.0,0.0,0.09099632934957,0.06584295928968323,0.0,0.0,0.0,0.30484732315067653,0.0,0.09822089077917893,0.32752181507748956,0.0,0.0,0.0,0.0,0.0,0.005266878819992453,0.0,0.0,0.0,0.01836244232530489,0.0,0.0,0.0,0.0
TARGET.20.PATKJB.09A,0.0,0.0,0.0,0.0,0.0,0.0,0.0,0.06297005942332529,0.17618811614791696,0.0,0.0,0.0,0.0,0.0,0.0,0.49874813426016656,0.0,0.0,0.07342889986277124,0.028466857212179855,0.0,0.0017270656618744917,0.0987974181271998,0.0,0.05967344930456588,0.0,0.0,0.0,0.0,0.0
TARGET.20.PARAFA.09A,0.0761722107457721,0.0,0.0,0.0,0.037059807258312934,0.044107115980721937,0.0,0.07955652982204336,0.35749856541342995,0.0,0.0,0.0,0.0,0.0,0.0,0.18512905355462786,0.0,0.0,0.0,0.0009996542245385817,0.17891767551688276,0.00429022550761929,0.0,0.0,0.03626916197605136,0.0,0.0,0.0,0.0,0.0
TARGET.20.PASTVM.09A,0.0,0.0,0.0,0.0,0.0,0.0,0.0,0.15608326548898668,0.1931371907801707,0.0,0.0,0.0,0.0,0.029265082759500658,0.0,0.12191534543878141,0.0,0.0,0.0,0.1178774210935282,0.0,0.0,0.2841427276789277,0.0,0.01362189767243129,0.0,0.0,0.0,0.08395706908767328,0.0
TARGET.20.PAUYFL.09A,0.0,0.0,0.0,0.0,0.008533290605173554,0.0,0.0,0.04010267557449613,0.23042560456243882,0.0,0.0,0.0,0.0,0.0,0.2190076129245502,0.2955916249162389,0.0,0.0,0.0,0.0,0.0,0.006112983097402021,0.0,0.0,0.0,0.20022620831970026,0.0,0.0,0.0,0.0
TARGET.20.PALXRY.09A,0.0,0.0,0.0,0.0,0.0,0.0,0.0,0.08287427864577834,0.16934773217402765,0.0,0.0,0.0,0.0,0.0,0.0,0.5427692122973254,0.0,0.0,0.0,0.02683590236015388,0.0,0.008290620468789908,0.018518457575614537,0.0,0.018965836629762166,0.13239795984854816,0.0,0.0,0.0,0.0
TARGET.20.PAWNZJ.09A,0.0,0.0,0.02766516618843753,0.0,0.0,0.0,0.0,0.057429076638880014,0.26334779253151747,0.0,0.0,0.0,0.0,0.0,0.008748397986202019,0.3523302366556796,0.0,0.0,0.0,0.0,0.0,0.04042992208763054,0.0,0.0,0.0,0.25004940791165287,0.0,0.0,0.0,0.0
TARGET.20.PAXEFX.09A,0.0,0.0,0.0,0.0,0.0,0.0,0.0,0.0,0.34502910249574054,0.0,0.0,0.0,0.0,0.0,0.0,0.459176598655582,0.0,0.0,0.0,0.0,0.0,0.0006855748545656912,0.0,0.03530626452207134,0.0,0.15980245947204036,0.0,0.0,0.0,0.0
TARGET.20.PAXKAI.09A,0.0,0.0,0.0,0.0,0.0,0.0,0.0,0.07233149823763224,0.0006192932237323191,0.0,0.0,0.0,0.0,0.0,0.2523501195927769,0.6306740364023493,0.0,0.0,0.0,0.0,0.0,0.001265455073774289,0.0,0.0,0.0,0.04275959746973506,0.0,0.0,0.0,0.0
TARGET.20.PAYKXV.Unsorted.09A,0.0,0.0,0.0,0.0,0.0,0.0,0.0,0.11165645983390035,0.16268262213086104,0.0,0.0,0.0,0.0,0.0,0.19606101337180942,0.42480623029259557,0.0,0.0,0.023307051373139348,0.0,0.0,0.005082812671290134,0.0,0.0,0.0,0.07640381032640424,0.0,0.0,0.0,0.0
TARGET.20.PAPSCM.09A,0.0,0.0,0.0,0.0,0.0,0.0,0.0,0.08052198138576987,0.27903431631149184,0.0,0.0,0.0,0.0,0.0,0.19097593980038569,0.4265621680893983,0.0,0.0,0.0,0.0,0.0,0.0034619821521396066,0.0,0.0,0.0,0.019443612260814723,0.0,0.0,0.0,0.0
TARGET.20.PAPVZK.09A,0.0,0.2071180908618666,0.05946939250550163,0.0,0.05582640016588115,0.0,0.0,0.018062379906406526,0.3571980583147551,0.0,0.0,0.0,0.0,0.0,0.0,0.05710774232235282,0.0,0.0,0.0,0.0,0.13687799989394195,0.006403772799968279,0.0,0.0,0.0,0.10193616322932589,0.0,0.0,0.0,0.0
TARGET.20.PANLKB.09A,0.0,0.0,0.0,0.0,0.0,0.010493018797423335,0.0,0.0,0.42350322531252027,0.0,0.0,0.0,0.021721730771277457,0.0,0.0,0.06057923175055577,0.05642316802592626,0.0,0.0,0.0,0.1164871258611081,0.0,0.10305581587692458,0.17506742809245676,0.03266925551180757,0.0,0.0,0.0,0.0,0.0
TARGET.20.PABKVT.09A,0.0,0.0,0.0,0.0,0.1533735633177925,0.0,0.0,0.05047155225078346,0.0,0.0,0.0,0.0,0.0,0.0,0.009010858990181017,0.11289531559190905,0.0,0.16336689058144974,0.001161523218506939,0.0,0.00879422078349321,0.0010625341670905065,0.0,0.0004871292808531255,0.0,0.49937641181794057,0.0,0.0,0.0,0.0
TARGET.20.PAUMGZ.09A,0.0,0.0,0.0,0.0,0.0,0.0,0.0,0.07505614326166091,0.278243547943572,0.0,0.0,0.0,0.0,0.0,0.0,0.6185586500978619,0.0,0.0,0.002810150038679259,0.0,0.0,0.0026070424825506474,0.0,0.0,0.022724466175675136,0.0,0.0,0.0,0.0,0.0
TARGET.20.PAVSLI.09A,0.0,0.0,0.0,0.0,0.0,0.0,0.0,0.0774436356806306,0.4160419232047994,0.0,0.0,0.0,0.0,0.0,0.4063031528490453,0.0658407219969037,0.0,0.0,0.0,0.0,0.0,0.027082632596891934,0.0,0.0,0.0,0.007287933671729238,0.0,0.0,0.0,0.0
TARGET.20.PAYHTI.Unsorted.09A,0.0,0.0,0.0,0.0,0.0,0.0,0.0,0.136233683904826,0.22535307692086795,0.0,0.0,0.0,0.0,0.0,0.22118874878655756,0.18882682065064774,0.0,0.0,0.0,0.21122413317901484,0.0,0.017173536558085886,0.0,0.0,0.0,0.0,0.0,0.0,0.0,0.0
TARGET.20.PAWNGC.09A,0.0,0.0,0.0,0.0,0.0,0.0,0.0,0.050993511406385444,0.0,0.0,0.0,0.0,0.0,0.0,0.0,0.5930418032305698,0.0,0.0,0.0,0.0,0.0,0.0,0.0,0.0,0.3559646853630447,0.0,0.0,0.0,0.0,0.0
TARGET.20.PANLJK.09A,0.0,0.0,0.007608965556665049,0.0,0.0,0.0,0.0,0.06979955663762638,0.06624895140248106,0.0,0.0,0.0,0.0,0.0,0.08976263161019676,0.15570517880586118,0.03262062516904752,0.010740088952805068,0.005994102630453013,0.0,0.17487248317485418,0.00044429584248663643,0.0,0.01879934550118255,0.0,0.36740377471634056,0.0,0.0,0.0,0.0
TARGET.20.PAYHMK.Unsorted.09A,0.0,0.0,0.0,0.0,0.023475054439644122,0.04148772358976318,0.0,0.11959997088411198,0.007586276963392112,0.26734509457726746,0.0,0.0,0.0,0.0,0.0,0.4066541156888391,0.0,0.0,0.0031735160967530742,0.0,0.1242866335353851,0.0,0.0,0.0,0.0,0.0,0.0,0.0,0.0063916142248438765,0.0
TARGET.20.PAXBIE.09A,0.0,0.0,0.0,0.0,0.0,0.0,0.0,0.028641055326931113,0.1150097183300329,0.0,0.0,0.0,0.0,0.0,0.19537341056839133,0.23075515596973034,0.0,0.0,0.0,0.07366490694239244,0.0,0.0,0.0,0.0,0.0,0.3565557528625219,0.0,0.0,0.0,0.0
TARGET.20.PATEWX.09A,0.05199472541254039,0.09183364833991739,0.0,0.0,0.0,0.0,0.0,0.04212004327458868,0.09358002603049709,0.0,0.0,0.0,0.0,0.0,0.0,0.24287174547642956,0.0,0.0,0.0,0.0,0.12153598576886931,0.013091155648853199,0.0,0.0,0.05274469056144882,0.0,0.0,0.0,0.2902279794868556,0.0
TARGET.20.PAVLBB.09A,0.0,0.017902069166898505,0.0,0.0,0.39146239233089936,0.0,0.0,0.07570281249728203,0.02931697092578854,0.0,0.0,0.0,0.0,0.0,0.04711554537773241,0.22043455346563895,0.0,0.0,0.0,0.0,0.07303012767038788,0.004024136447289843,0.0,0.0,0.0,0.14101139211808247,0.0,0.0,0.0,0.0
TARGET.20.PAWWJN.09A,0.0,0.0325657692565095,0.0,0.0,0.010615132494262354,0.0,0.0,0.0664293562164507,0.1327751176357025,0.0,0.0,0.0,0.0,0.0,0.5172414872632979,0.09638237998549762,0.0,0.0,0.0,0.05583258700756966,0.0,0.0,0.0,0.0,0.0,0.08815817014070973,0.0,0.0,0.0,0.0
TARGET.20.PAYHGK.Sorted.non.leukemic.09A,0.0,0.0,0.0,0.0,0.0,0.0,0.0,0.0,0.49254402856665364,0.020980424318978008,0.0,0.0,0.0,0.1038438325219797,0.0,0.2532117760829851,0.0,0.0,0.0012419664320866574,0.0,0.0,0.012575172701444235,0.07296387231915036,0.0,0.04263892705672228,0.0,0.0,0.0,0.0,0.0
TARGET.20.PAVEEI.09A,0.0,0.0,0.0,0.0,0.0,0.0,0.0,0.0,0.047472133664431246,0.0,0.0,0.0,0.0,0.0,0.0,0.27936469453980434,0.0,0.0,0.0,0.0,0.0,0.034880831653799155,0.0,0.0631036097194016,0.0,0.5751787304225636,0.0,0.0,0.0,0.0
TARGET.20.PAUZVP.09A,0.0,0.22980480749998827,0.0,0.0,0.0,0.0,0.0,0.06421242143511141,0.0,0.0,0.0,0.0,0.0,0.0,0.4119637693526854,0.29401900171221484,0.0,0.0,0.0,0.0,0.0,0.0,0.0,0.0,0.0,0.0,0.0,0.0,0.0,0.0
TARGET.20.PAUVZD.09A,0.0,0.0,0.0,0.0,0.0,0.0,0.0,0.37096820437961586,0.29382204385460725,0.0,0.0,0.0,0.0,0.0,0.07043956912855,0.02320531565227371,0.0,0.0,0.0,0.2230386152774419,0.0,0.018526251707511338,0.0,0.0,0.0,0.0,0.0,0.0,0.0,0.0
TARGET.20.PAYKGV.Sorted.CD34neg.Myeloid.Mono.09A,0.0,0.0,0.18024851830343203,0.0,0.0,0.0,0.0,0.0,0.3184096375372766,0.0,0.0,0.0,0.0,0.0,0.0,0.12961103772896584,0.0,0.04006112639374015,0.0,0.0,0.019830131535565287,0.0,0.0,0.0,0.0,0.31183954850102014,0.0,0.0,0.0,0.0
TARGET.20.PASWTY.09A,0.0,0.0,0.0,0.0,0.0,0.0,0.0,0.12394924628442935,0.151499552401917,0.0,0.0,0.0,0.0,0.0,0.04925580212804581,0.2831382814870063,0.0,0.0,0.0,0.0,0.0,0.0,0.0,0.0,0.342944193926682,0.04921292377191942,0.0,0.0,0.0,0.0
TARGET.20.PAXJAA.09A,0.0,0.0,0.0,0.0,0.0,0.0,0.0,0.06990811905053045,0.22503146054158626,0.0,0.0,0.0,0.0,0.0,0.3217344964230677,0.09493637896046145,0.0,0.0,0.0,0.0,0.0,0.0,0.0,0.0,0.0,0.2883895450243541,0.0,0.0,0.0,0.0
TARGET.20.PAUNVJ.09A,0.0,0.0,0.0,0.0,0.0,0.0,0.0,0.05119093847881465,0.025162505237755976,0.0,0.0,0.0,0.0,0.0,0.16037341896723886,0.7280222704247049,0.0,0.0,0.0029401640284456407,0.0,0.0,0.011333343442475061,0.0,0.0,0.0,0.020977359420564827,0.0,0.0,0.0,0.0
TARGET.20.PAYHIY.Sorted.non.leukemic.09A,0.0,0.0,0.0,0.0,0.0,0.0,0.0,0.09684319633768863,0.49195764240070305,0.0,0.0,0.0,0.0,0.0,0.08942659230882997,0.04670691690595985,0.0,0.0,0.01515695780542731,0.1595030348664374,0.0,0.10012227460631043,0.0,0.0,0.0,0.0002833847686433226,0.0,0.0,0.0,0.0
TARGET.20.PAVUUU.09A,0.0,0.0,0.0,0.0,0.0,0.0,0.0,0.10780676962467117,0.11175627122457157,0.0,0.0,0.0,0.0,0.0,0.18468638650583916,0.5839920682461449,0.0,0.0,0.00205042853961136,0.0,0.0,0.0015845177047025905,0.0,0.0,0.0,0.008123558154459119,0.0,0.0,0.0,0.0
TARGET.20.PAVMBH.09A,0.0,0.0,0.0,0.009898476680944315,0.0,0.0,0.0,0.04011232531499357,0.020289523558776883,0.0,0.0,0.0,0.0,0.0,0.08953728381939086,0.6684833358014425,0.0,0.0,0.034223531122972134,0.0,0.0,0.0045704951141498935,0.0,0.0,0.0,0.13288502858732976,0.0,0.0,0.0,0.0
TARGET.20.PAXDEX.09A,0.0,0.0,0.0,0.0,0.0,0.0,0.0,0.05162240900543957,0.48620082666018966,0.0,0.0,0.0,0.0,0.0,0.0,0.4549329175786855,0.0,0.0,0.0,0.007243846755685324,0.0,0.0,0.0,0.0,0.0,0.0,0.0,0.0,0.0,0.0
TARGET.20.PAXKAH.09A,0.0,0.0,0.0,0.0,0.0,0.0,0.0,0.01929616810792082,0.050890695220285206,0.0,0.0,0.0,0.0,0.0,0.026399439407175904,0.32105287625425144,0.0,0.0,0.04393077951034146,0.0,0.0,0.03878709008629508,0.0,0.0,0.1355544178421431,0.36408853357158694,0.0,0.0,0.0,0.0
TARGET.20.PAWXCM.09A,0.0,0.0,0.0,0.0,0.0,0.0,0.0,0.0,0.0,0.0,0.0,0.0,0.0,0.0,0.018420261253998833,0.2881303395854824,0.0,0.17522247916094233,0.0,0.0,0.0,0.0,0.0,0.0351861562780678,0.0,0.48304076372150867,0.0,0.0,0.0,0.0
TARGET.20.PANJTK.09A,0.0,0.0,0.0,0.0,0.0,0.0,0.0,0.0008825702082136905,0.17337136450537835,0.0,0.0,0.0,0.19751295085257978,0.0,0.0078541347206127,0.05156990832614777,0.11919405533702647,0.0,0.0,0.0,0.06513386178752804,0.0,0.0,0.011246435406194813,0.0,0.37323471885631837,0.0,0.0,0.0,0.0
TARGET.20.PARIFD.09A,0.0,0.0,0.0,0.0,0.0,0.0,0.0,0.0784338672017456,9.034744423167328e-05,0.0,0.0,0.0,0.0,0.0,0.0,0.25662416659504067,0.10011045482172339,0.0,0.0,0.0,0.16773599586871354,0.0,0.0,0.0,0.030725899498577618,0.36627926856996745,0.0,0.0,0.0,0.0
TARGET.20.PAUXUA.09A,0.0,0.0,0.0,0.0,0.0,0.0,0.0,0.03307479655846028,0.13225532620007902,0.0,0.0,0.0,0.0,0.0,0.10245058620128385,0.2587896092414565,0.006021604808224839,0.0,0.0,0.061721548040208914,0.0,0.009429088329163598,0.0,0.0,0.033784411198157345,0.3624730294229658,0.0,0.0,0.0,0.0
TARGET.20.PAURKG.09A,0.0,0.0,0.022823184464229818,0.0,0.0,0.0,0.0,0.022629603922855863,0.20667804210701227,0.0,0.0,0.0,0.0,0.0,0.1114903057748713,0.2334963025654579,0.01751824649483893,0.10270930444234808,0.0,0.0,0.0,0.002413552089978253,0.0,0.0,0.0,0.2802414581384074,0.0,0.0,0.0,0.0
TARGET.20.PAXARD.09A,0.0,0.0,0.0,0.0,0.0,0.0,0.0,0.05185270453331907,0.08184508815863502,0.0,0.0,0.0,0.0,0.0,0.0291621716115553,0.39262652166974954,0.026034895719747778,0.0,0.0,0.0247697342345278,0.0,0.0019046982308566591,0.0,0.03113947420879373,0.0,0.36066471163281505,0.0,0.0,0.0,0.0
TARGET.20.PAVPFR.09A,0.0,0.0,0.0,0.0,0.04182007941550991,0.0,0.0,0.06325835919121776,0.10444344792562402,0.0,0.0,0.0,0.20625109091070545,0.0,0.1537827743582964,0.29160920041285854,0.0,0.0,0.0,0.0,0.023637776442585575,0.00338706453462702,0.0,0.0,0.0,0.11181020680857542,0.0,0.0,0.0,0.0
TARGET.20.PAXMIJ.09A,0.0,0.0,0.0,0.0,0.0,0.0,0.0,0.03468601905746009,0.24880826552776225,0.0,0.0,0.0,0.0,0.0,0.0,0.5583101457034318,0.0,0.0,0.0,0.0,0.0,0.006756005070843179,0.0,0.0,0.0,0.0,0.0,0.0,0.15143956464050257,0.0
TARGET.20.PAWXSX.09A,0.0,0.0,0.0,0.0,0.0169401385491333,0.0,0.0,0.12183795656275306,0.28034250167275265,0.0,0.0,0.0,0.0,0.0,0.22754526458209037,0.1787738206160685,0.0,0.0,0.0,0.09544144050515803,0.0,0.0028065276129348336,0.0,0.0,0.0,0.07631234989910923,0.0,0.0,0.0,0.0
TARGET.20.PAVYPX.09A,0.0,0.0,0.0,0.0,0.0,0.0,0.0,0.04587437803443173,0.21526420693894435,0.0,0.0,0.0,0.0,0.0,0.05084294114906151,0.3265972135052469,0.02273661866214013,0.0,0.0,0.0,0.0,0.0,0.0,0.17321324269643473,0.0,0.16547139901374053,0.0,0.0,0.0,0.0
TARGET.20.PAWFRK.09A,0.0,0.0,0.0,0.0,0.0,0.0,0.0,0.16567985048409425,0.0,0.0,0.0,0.0,0.0,0.0,0.3086473438754722,0.47134673652427966,0.0,0.00734254661267673,0.00855496981123752,0.0,0.0,0.0,0.0,0.0,0.0,0.03842855269223957,0.0,0.0,0.0,0.0
TARGET.20.PAKKZL.09A,0.0,0.0,0.010226895492457568,0.0,0.0,0.0,0.0,0.0318687629645901,0.038856227101308365,0.0,0.0,0.0,0.0,0.0,0.0,0.40132583170420044,0.0,0.0,0.0003875550181229063,0.013626785457426625,0.025731919876144066,0.005524641756813172,0.0,0.0,0.0,0.4724513806289367,0.0,0.0,0.0,0.0
TARGET.20.PAPAWN.09A,0.0,0.0752063921265692,0.0,0.0,0.0,0.0,0.0,0.027226429590977687,0.009738922942466643,0.0,0.0,0.0,0.041832989024105253,0.0,0.0,0.004621572140709362,0.19395736286726067,0.0,0.0,0.0,0.47062302331388206,0.005908879416073107,0.0,0.0,0.0,0.17088442857795597,0.0,0.0,0.0,0.0
TARGET.20.PAWNMU.09A,0.0,0.0,0.0,0.0,0.0,0.0,0.0,0.2509315244322682,0.15351123903328398,0.0,0.0,0.0,0.0,0.0,0.3451355005079113,0.0,0.0,0.0,0.0,0.24948238000033418,0.0,0.0009393560262022867,0.0,0.0,0.0,0.0,0.0,0.0,0.0,0.0
TARGET.20.PAXMFG.09A,0.0,0.0,0.0,0.0,0.0,0.0,0.0,0.02544912538234678,0.21506784007294744,0.0,0.0,0.0,0.19738564589582328,0.0,0.0,0.43526008870319194,0.0,0.0,0.0,0.0,0.0,0.0,0.0,0.0,0.0,0.12683729994569062,0.0,0.0,0.0,0.0
TARGET.20.PAYKSD.Unsorted.09A,0.0,0.0,0.0,0.0,0.0,0.0,0.0,0.05707375051585428,0.21399667332459033,0.0,0.0,0.0,0.0,0.0,0.0,0.413189453645921,0.0,0.0,0.0,0.0,0.05461470212246139,0.0029355854217716017,0.0,0.0,0.0,0.09793450376293131,0.0,0.0,0.16025533120647018,0.0
TARGET.20.PATKWH.09A,0.0,0.0,0.0,0.0,0.0,0.0,0.0,0.15188296913985366,0.1273379581919936,0.0,0.0,0.0,0.0,0.0,0.0,0.3309638569527546,0.0,0.0,0.0,0.11643236370165733,0.0,0.0,0.210853576825596,0.0,0.04319792344264113,0.0033237066240483252,0.0,0.0,0.016007645121455392,0.0
TARGET.20.PALNAT.09A,0.0,0.0,0.0,0.0,0.0,0.0,0.0,0.0,0.46419005701996024,0.0,0.0,0.0,0.0,0.0,0.0,0.12484854543152189,0.0,0.0,0.23178937673297031,0.0,0.0,0.1791720208155475,0.0,0.0,0.0,0.0,0.0,0.0,0.0,0.0
TARGET.20.PAPXVK.09A,0.0,0.0,0.0,0.0,0.09704171831581435,0.0,0.0,0.127700669948676,0.067999223379642,0.0,0.0,0.0,0.0,0.0,0.37746663622057886,0.3206751740971237,0.0,0.0,0.006147709180701077,0.0,0.0,0.0029688688574639665,0.0,0.0,0.0,0.0,0.0,0.0,0.0,0.0
TARGET.20.PANDER.09A,0.0,0.0,0.006244199153495107,0.055724880184527724,0.028096764449942316,0.0,0.0,0.01841371833675471,0.3066413443983947,0.0,0.0,0.0,0.13178137391585557,0.0,0.0,0.10203412063448407,0.10207068917240093,0.0,0.0,0.0,0.24899290975414476,0.0,0.0,0.0,0.0,0.0,0.0,0.0,0.0,0.0
TARGET.20.PAVVAM.09A,0.0,0.0,0.0,0.0,0.0,0.0,0.0,0.0,0.3487110013836339,0.0,0.0,0.0,0.24612332928378824,0.0,0.0,0.2965007170460424,0.026359586559040193,0.0,0.0,0.0,0.0536337513217587,0.0,0.0,0.0,0.0,0.028671614405736543,0.0,0.0,0.0,0.0
TARGET.20.PASFRD.09A,0.0,0.0,0.0,0.0,0.0,0.0,0.0,0.17004376084190911,0.21006716967081487,0.0,0.0,0.0,0.0,0.0,0.021808800878319597,0.295105266496241,0.0,0.0,0.0,0.0,0.0,0.014444479469367937,0.0,0.0,0.038140192505064556,0.2503903301382828,0.0,0.0,0.0,0.0
TARGET.20.PAPZTC.09A,0.0,0.0,0.0,0.0,0.0,0.0,0.0,0.02284759371263147,0.0,0.0,0.0,0.0,0.0,0.0,0.0,0.41406864433278756,0.0,0.0,0.0,0.08500753293369832,0.0,0.0,0.0,0.0,0.27334947567539203,0.20472675334549056,0.0,0.0,0.0,0.0
TARGET.20.PAURMW.09A,0.0,0.0,0.0,0.0,0.0,0.0,0.0,0.0041119724697322845,0.9958880275302676,0.0,0.0,0.0,0.0,0.0,0.0,0.0,0.0,0.0,0.0,0.0,0.0,0.0,0.0,0.0,0.0,0.0,0.0,0.0,0.0,0.0
TARGET.20.PASNKC.09A,0.0,0.0,0.0,0.0,0.0,0.0,0.0,0.0729347703136579,0.41455021432226125,0.0,0.0,0.0,0.0,0.0,0.17112752876710235,0.0,0.0,0.0,0.0,0.0,0.0,0.0,0.0,0.0,0.25510377243306503,0.0862837141639135,0.0,0.0,0.0,0.0
TARGET.20.PADZYW.09A,0.0,0.0,0.0,0.023491763674542858,0.010076582096269788,0.0,0.0,0.04414317776696278,0.16894988616875903,0.0,0.0,0.0,0.0,0.0,0.02581809043893411,0.5176360806523971,0.0,0.0,0.0,0.020099742728875984,0.0,0.011551071420169817,0.03262470871650828,0.0,0.0,0.1456088963365802,0.0,0.0,0.0,0.0
TARGET.20.PASXVC.09A,0.0,0.0,0.04010796850236411,0.0,0.0,0.0,0.0,0.0740378442989157,0.4331179660671271,0.0,0.0,0.0,0.0,0.0,0.0,0.29340070148853264,0.0,0.0,0.0,0.00034012903206549836,0.03127686738594791,0.002810876897899574,0.0,0.0,0.08148492234328197,0.04342272398386553,0.0,0.0,0.0,0.0
TARGET.20.PARPWL.09A,0.0,0.22349873408901663,0.06137588836359749,0.0,0.04108300569375307,0.0,0.0,0.03085229915149211,0.1495305706705689,0.0,0.0,0.0,0.0,0.0,0.0,0.004705593202729759,0.03652484703246737,0.0,0.0,0.0,0.2286285876791405,0.007469920743287863,0.0,0.0,0.0,0.09902744687525608,0.0,0.0,0.0,0.11730310649869033
TARGET.20.PATLZB.09A,0.0,0.0,0.013301097871255956,0.0,0.0,0.0,0.0,0.13057079539419025,0.21917824913254808,0.0,0.0,0.0,0.0,0.0,0.10033270039960891,0.3303524885354871,0.0,0.0,0.0,0.0,0.0,0.017335203911822854,0.0,0.0,0.0,0.1889294647550869,0.0,0.0,0.0,0.0
TARGET.20.PARBZJ.09A,0.0,0.06499832144439599,0.0,0.0,0.0,0.0,0.0,0.04836652594473588,0.0879692487368027,0.0,0.0,0.0,0.0,0.0,0.15060073083215733,0.2277896655122655,0.0,0.0,0.0,0.009091109922147907,0.0,0.014654539079176196,0.0,0.0,0.07859284793893236,0.317937010589386,0.0,0.0,0.0,0.0
TARGET.20.PASJUC.09A,0.0,0.0,0.0,0.0,0.0,0.0,0.5169360131487206,0.03403215059199667,0.0,0.0,0.0,0.0,0.0,0.0,0.0,0.0,0.0,0.0,0.0,0.0,0.0,0.0,0.0,0.09240696419253648,0.0,0.3566248720667462,0.0,0.0,0.0,0.0
TARGET.20.PAXLDI.09A,0.0,0.0,0.0,0.0,0.0,0.0,0.0,0.04029129247770955,0.20119672246522988,0.0,0.0,0.0,0.0,0.0,0.23485904153238488,0.16859476621724476,0.0,0.0,0.16549257421149102,0.024474198199935834,0.0,0.021204554570879337,0.0,0.0,0.0,0.1438868503251248,0.0,0.0,0.0,0.0
TARGET.20.PAVJDK.09A,0.0,0.0,0.0,0.0,0.0,0.0,0.0,0.06944700379827337,0.0,0.0,0.0,0.0,0.0,0.019034144103667695,0.0,0.6107153494667308,0.0,0.0,0.0,0.0,0.0,0.0,0.07269628298800125,0.0,0.22810721964332673,0.0,0.0,0.0,0.0,0.0
TARGET.20.PASSLT.09A,0.0,0.0,0.0039954519974299465,0.0,0.0009133267251191844,0.0,0.0,0.1077885944093017,0.396151390609065,0.0,0.0,0.0,0.0,0.0,0.00556604470610578,0.26895544058578924,0.0,0.0,0.0,0.0,0.0049351171650088175,0.009345254695776035,0.0,0.0,0.0,0.20234937910640446,0.0,0.0,0.0,0.0
TARGET.20.PAWDKU.09A,0.0,0.0,0.0,0.0,0.0,0.0,0.0,0.06953131653760947,0.03338776445531792,0.0,0.0,0.0,0.06716668402725007,0.0,0.002894039696445356,0.4189820472940778,0.0,0.0,0.0,0.0,0.0,0.005379916425684276,0.0,0.0,0.0,0.22469890950309274,0.0,0.0,0.17795932206052253,0.0
TARGET.20.PASFZN.09A,0.0,0.0,0.0,0.0,0.0,0.0,0.0,0.04416824633615243,0.3483419052399996,0.0,0.0,0.0,0.0,0.0,0.30563397346015886,0.26933122106553153,0.0,0.0,0.030685690056148386,0.0,0.0,0.0018389638420091496,0.0,0.0,0.0,0.0,0.0,0.0,0.0,0.0
TARGET.20.PAWMDY.09A,0.0,0.0,0.0,0.0,0.0,0.0,0.0,0.10758190532839862,0.10539115272718153,0.0,0.0,0.0,0.0,0.0,0.013080933042170563,0.7730056604951769,0.0,0.0,0.0,0.0,0.0,0.0009403484070722776,0.0,0.0,0.0,0.0,0.0,0.0,0.0,0.0
TARGET.20.PAVEYP.09A,0.0,0.0,0.0,0.0,0.0,0.0,0.0,0.03048150362223946,0.025917269483471762,0.0,0.0,0.0,0.0,0.0,0.38235108118719013,0.3890598286559104,0.0,0.05954756521228765,0.0,0.0,0.0,0.0,0.0,0.0,0.0,0.11264275183890048,0.0,0.0,0.0,0.0
TARGET.20.PAWYUC.09A,0.0,0.003580455463075718,0.0,0.0,0.0,0.0,0.0,0.014252468169014874,0.06708707580318791,0.0,0.0,0.0,0.0,0.0,0.1293926357447564,0.4069628796247752,0.0,0.0,0.0,0.0,0.017147059867123393,0.002768826686473108,0.0,0.0,0.0,0.35880859864159337,0.0,0.0,0.0,0.0
TARGET.20.PAVXFA.09A,0.0,0.0,0.0,0.0,0.0,0.0,0.0,0.02848762667762008,0.015172569855566122,0.0,0.0,0.0,0.0,0.0,0.0,0.3501736476716107,0.0,0.0,0.0,0.0,0.0,0.00550977225801851,0.14196445243793035,0.0,0.054714440794129064,0.0,0.0,0.0,0.40397749030512503,0.0
TARGET.20.PAXBAV.09A,0.0,0.0,0.0,0.0,0.0,0.0,0.0,0.07089169240592805,0.08886919282235137,0.0,0.0,0.0,0.0,0.0,0.23193124159911013,0.5276695075532466,0.0,0.0,0.0,0.0,0.0,0.0,0.0,0.0,0.0,0.08063836561936369,0.0,0.0,0.0,0.0
TARGET.20.PAWDVL.09A,0.0,0.0,0.0,0.0,0.0,0.0,0.0,0.02801389943850126,0.32705855041394316,0.0,0.0,0.0,0.0,0.0,0.0,0.39882209796623563,0.0,0.0,0.0,0.0,0.0,0.07356421489310973,0.0,0.0,0.0,0.08415620207319637,0.0,0.0,0.08838503521501379,0.0
TARGET.20.PAWYRT.09A,0.0,0.0,0.0,0.09245744885511271,0.0,0.0,0.0,0.0,0.03125776084814152,0.0,0.0,0.0,0.0,0.0,0.04842527567829838,0.470977990737528,0.0,0.0,0.011826346572054457,0.0,0.0,0.0,0.0,0.0031039371226486384,0.0,0.3419512401862163,0.0,0.0,0.0,0.0
TARGET.20.PAWRIY.09A,0.0,0.0,0.0,0.0,0.0,0.0,0.0,0.04356462328097477,0.11567076627709531,0.0,0.0,0.0,0.0,0.0,0.11576744702223357,0.44338626621483684,0.0,0.0,0.0,0.0,0.0,0.034192065099615414,0.0,0.0,0.0,0.24741883210524418,0.0,0.0,0.0,0.0
TARGET.20.PAUNTD.09A,0.0,0.0,0.0,0.0,0.0,0.0,0.0,0.11808083358045525,0.4839166441591737,0.0,0.0,0.0,0.0,0.0,0.17116273865694967,0.04419111002921196,0.0,0.0,0.0,0.18264867357420958,0.0,0.0,0.0,0.0,0.0,0.0,0.0,0.0,0.0,0.0
TARGET.20.PARHUP.09A,0.0,0.0,0.0,0.0,0.0,0.0,0.0,0.030314824932986296,0.44536181271914566,0.0,0.0,0.0,0.0,0.0,0.0,0.27874249530313966,0.0,0.0,0.0,0.0,0.1626139721850695,0.003638135006785771,0.021402048977852577,0.0,0.033126510954106875,0.0,0.0,0.0,0.024800199920913608,0.0
TARGET.20.PAWGKS.09A,0.0,0.0009388929798057194,0.0,0.0,0.019707193039799197,0.0,0.0,0.1468352738667091,0.4190720586034859,0.0,0.0,0.0,0.0,0.0,0.23399393659738849,0.062201627205873876,0.0,0.0,0.0,0.0560680399850903,0.0,0.030189113577308753,0.0,0.0,0.0,0.030993864144538686,0.0,0.0,0.0,0.0
TARGET.20.PAYKGV.Sorted.CD34pos.09A,0.0,0.2881892592362831,0.0,0.0,0.059735831452222846,0.0,0.0,0.053051598279828235,0.1435314277585223,0.0,0.0,0.0,0.0,0.0,0.025654694411198567,0.42770889753763414,0.0,0.0,0.0,0.0,0.0,0.002128291324310899,0.0,0.0,0.0,0.0,0.0,0.0,0.0,0.0
TARGET.20.PATGRR.09A,0.0,0.0,0.0,0.14806385697913854,0.0,0.0,0.0,0.0458316508480619,0.13098549059567366,0.0,0.0,0.0,0.0,0.0,0.0,0.5645841963384496,0.0,0.0,0.041724253308367626,0.03245721964781686,0.0,0.00325824390667576,0.01220749233611343,0.0,0.020887596039702524,0.0,0.0,0.0,0.0,0.0
TARGET.20.PAVJRF.09A,0.0,0.0,0.0,0.0,0.0,0.0,0.0,0.06199934638387679,0.030846358259353245,0.0,0.0,0.0,0.0,0.0,0.3336643850254313,0.5453532210468305,0.0,0.0,0.00305870520782723,0.0,0.0,0.004361579706900672,0.0,0.0,0.0,0.020716404369780252,0.0,0.0,0.0,0.0
TARGET.20.PAUTIK.09A,0.0,0.0,0.0,0.0,0.0,0.0,0.0,0.023781211985638567,0.0,0.0,0.0,0.0,0.0,0.029659916328411504,0.0,0.39590959494366085,0.0,0.0,0.0,0.0,0.0,0.0,0.19044064614491152,0.0,0.0,0.0,0.0,0.0,0.3602086305973776,0.0
TARGET.20.PAWWZL.09A,0.0,0.0,0.0,0.0,0.0,0.0,0.0,0.09570086464623082,0.2797321169939449,0.0,0.0,0.0,0.0,0.0,0.0446030101247416,0.4207522947104126,0.0,0.0,0.0,0.0,0.0,0.017174734738597985,0.0,0.0,0.0,0.12100572911347068,0.0,0.0,0.02103124967260133,0.0
TARGET.20.PAXIHA.09A,0.0,0.0,0.0,0.0,0.0,0.0,0.0,0.0,0.13527444682436074,0.0,0.0,0.0,0.03873523491176841,0.0,0.0,0.36729568035747817,0.12689558432311457,0.0,0.0,0.09116373893416616,0.0,0.0,0.0,0.0,0.0,0.24063531464911198,0.0,0.0,0.0,0.0
TARGET.20.PAUWFM.09A,0.0,0.0,0.0,0.0,0.0,0.0,0.0,0.08422306339509443,0.17586008729933586,0.0,0.0,0.0,0.0,0.0,0.0,0.41749140025561315,0.0,0.0,0.0,0.0,0.0,0.1562947688952671,0.0,0.0,0.0,0.16613068015468938,0.0,0.0,0.0,0.0
TARGET.20.PARCUK.09A,0.0,0.0,0.0,0.0,0.0,0.0,0.0,0.0,0.0,0.0,0.0,0.0,0.0,0.7353635873799887,0.0,0.0,0.0,0.0,0.0,0.0,0.0,0.0,0.18140978127253526,0.0,0.01728104578528353,0.0,0.0,0.0,0.0659455855621925,0.0
TARGET.20.PAWTEI.09A,0.0,0.0,0.0,0.0,0.0,0.0,0.0,0.03587630850770782,0.03866659321162486,0.0,0.0,0.0,0.0,0.0,0.0,0.6405414548940924,0.0,0.0,0.009019998889076642,0.0,0.0,0.013645383618190938,0.0,0.0,0.0,0.0,0.0,0.0,0.26225026087930736,0.0
TARGET.20.PAVKAH.09A,0.0,0.0,0.0,0.0,0.010902976707363633,0.0,0.0,0.10613981715129168,0.02736746894394228,0.0,0.0,0.0,0.0,0.0,0.5172588153687754,0.2792573551904191,0.0,0.0,0.0,0.0,0.0,0.0,0.0,0.0,0.0,0.059073566638207786,0.0,0.0,0.0,0.0
TARGET.20.PAWVUA.09A,0.0,0.0,0.0,0.0,0.0,0.0,0.0,0.017373016788607122,0.09806773005490628,0.0,0.0,0.0,0.0,0.0,0.0,0.48761633688080014,0.0,0.0,0.0,0.0,0.29225413590880267,0.03332688876523332,0.007820500335717573,0.0,0.0,0.0,0.0,0.0,0.06354139126593288,0.0
TARGET.20.PAKFNC.09A,0.0,0.0,0.0,0.0,0.005982278230590775,0.023307759258726867,0.0,0.15743398807824316,0.18370937512699312,0.0,0.0,0.0,0.0,0.0,0.08661910634225418,0.4471092320570868,0.0,0.0,0.0,0.0,0.0,0.007498062035763548,0.0,0.0,0.025593832965066076,0.06274636590527541,0.0,0.0,0.0,0.0
TARGET.20.PAUYZY.09A,0.0,0.0,0.004803964972751655,0.0,0.0,0.0,0.0,0.004241210905807028,0.5741741865849234,0.0,0.0,0.0,0.0,0.0,0.02559179066475316,0.13898186578113922,0.0,0.0,0.0,0.0,0.0,0.017442768099063113,0.0,0.0,0.0,0.23476421299156255,0.0,0.0,0.0,0.0
TARGET.20.PARKHV.09A,0.0,0.0,0.0,0.0,0.0,0.0,0.0,0.07505608611021829,0.03142251500016215,0.0,0.0,0.0,0.0,0.0,0.0,0.2861954207819103,0.0,0.0,0.0,0.0,0.0,0.0,0.13416943578035093,0.0,0.0,0.0,0.0,0.0,0.4731565423273584,0.0
TARGET.20.PARMME.09A,0.0,0.0,0.0,0.0,0.0,0.0,0.0,0.0,0.5074741961282371,0.0,0.0,0.0,0.0,0.0,0.07827723456302771,0.1980044891671364,0.0,0.0,0.0,0.0,0.0,0.0,0.0,0.0,0.0,0.21624408014159896,0.0,0.0,0.0,0.0
TARGET.20.PASYJI.09A,0.0,0.21611943140835932,0.0,0.0,0.10109472927842121,0.0,0.0,0.01773276136309648,0.2964377949091465,0.0,0.0,0.0,0.0,0.0,0.09646718098975343,0.26417415595284893,0.0,0.0,0.0,0.0,0.0,0.007973946098374112,0.0,0.0,0.0,0.0,0.0,0.0,0.0,0.0
TARGET.20.PAVSWX.09A,0.0,0.0,0.0,0.0,0.0,0.0,0.0,0.0,0.187625645212462,0.0,0.0,0.0,0.0,0.0,0.0,0.666248885586648,0.0,0.0,0.0,0.0,0.0,0.0,0.0,0.0,0.0,0.14612546920088992,0.0,0.0,0.0,0.0
TARGET.20.PASVVS.09A,0.0,0.0,0.0,0.0,0.0,0.0,0.0,0.08796799305886162,0.013765874664937333,0.0,0.0,0.0,0.0,0.0,0.0,0.0,0.0,0.0,0.18425694212214405,0.0,0.0,0.025761681298901884,0.0,0.0,0.5385846765144142,0.14966283234074093,0.0,0.0,0.0,0.0
TARGET.20.PAVXZS.09A,0.0,0.0,0.0,0.0,0.0,0.0,0.0,0.022335501993928666,0.5396252657558939,0.0,0.0,0.0,0.0,0.0,0.0,0.3314357623455555,0.0,0.0,0.0,0.0026703408053378496,0.0,0.02021641829608339,0.0,0.0,0.0,0.08371671080320058,0.0,0.0,0.0,0.0
TARGET.20.PARFWM.09A,0.0,0.0,0.0,0.0,0.0,0.0,0.0,0.0,0.2607238788697222,0.0,0.0,0.0,0.0,0.0,0.0,0.1833675333131013,0.0,0.0,0.0,0.0,0.0,0.003627153921410069,0.0,0.0,0.4946830855486857,0.016295463859518272,0.0,0.0,0.04130288448756254,0.0
TARGET.20.PATHZL.09A,0.0,0.0,0.0,0.0,0.0,0.0,0.0,0.1726085309355792,0.06830886328459103,0.0,0.0,0.0,0.0,0.0,0.0,0.0,0.0,0.0,0.018454153487156764,0.7406284522926732,0.0,0.0,0.0,0.0,0.0,0.0,0.0,0.0,0.0,0.0
TARGET.20.PAULTY.09A,0.0,0.0,0.0,0.0,0.0,0.0,0.0,0.07044350651284495,0.0,0.0,0.0,0.0,0.0,0.0,0.0,0.5904498486517952,0.0,0.0,0.0,0.0,0.0,0.0,0.0,0.0,0.2513390601009088,0.08776758473445104,0.0,0.0,0.0,0.0
TARGET.20.PATJUT.09A,0.0,0.0,0.0,0.0,0.0,0.0,0.0,0.06979937025366499,0.025223084075815198,0.0,0.0,0.0,0.0,0.0,0.0,0.261219699992314,0.0,0.0,0.0,0.0,0.0,0.00804799637578699,0.0,0.0,0.0,0.0014233966038673395,0.0,0.0,0.6342864526985517,0.0
TARGET.20.PATAIY.09A,0.0,0.0,0.0,0.0,0.0,0.0,0.0,0.08529521906563073,0.09888443644637997,0.0,0.0,0.0,0.0,0.0,0.07558120726204935,0.201444912232008,0.0,0.0,0.0,0.0,0.09858218618678022,0.0058564729860672675,0.0,0.0,0.017259967635691847,0.4170955981853927,0.0,0.0,0.0,0.0
TARGET.20.PAXGXR.09A,0.0,0.0,0.0,0.0,0.0,0.0,0.0,0.07804809539558114,0.18057989378843423,0.0,0.0,0.0,0.0,0.0,0.4551782656445037,0.13944145972942784,0.0,0.0,0.0,0.0,0.0,0.0022109385189459903,0.0,0.0,0.0,0.14454134692310708,0.0,0.0,0.0,0.0
TARGET.20.PASXAH.09A,0.0,0.0,0.0,0.0,0.0,0.0,0.0,0.05357848517660797,0.1042963999911002,0.0,0.0,0.0,0.0,0.0,0.0,0.2985930857216581,0.0,0.0,0.0,0.008150592257274077,0.2404205369008746,0.004124844879444378,0.0,0.0,0.0,0.2411271773641707,0.0,0.0,0.049708877708870045,0.0
TARGET.20.PASZEI.09A,0.0,0.0,0.0,0.0,0.0,0.0,0.0,0.008138973055025122,0.29238135325145076,0.0,0.0,0.0,0.0,0.0,0.16896200731255212,0.20836538570798,0.0,0.0,0.0,0.03750937546965458,0.0,0.03702979544889964,0.0,0.0,0.0,0.24761310975443773,0.0,0.0,0.0,0.0
TARGET.20.PAVYTI.09A,0.0,0.0,0.0,0.0,0.0,0.0,0.0,0.047072337169364056,0.3128779461090244,0.0,0.0,0.0,0.0,0.0,0.0,0.5382802651134944,0.0,0.0,0.0,0.0,0.0,0.0,0.09760251355263415,0.0,0.004166938055483072,0.0,0.0,0.0,0.0,0.0
TARGET.20.PAWNSL.09A,0.0,0.0,0.0,0.0,0.0,0.0,0.0,0.041630458168096976,0.05655544267781308,0.0,0.0,0.0,0.0,0.0,0.0,0.7013997137779346,0.0,0.0,0.01809078554951727,0.0,0.06700276077347708,0.028845539808515484,0.0,0.0,0.0,0.08647529924464543,0.0,0.0,0.0,0.0
TARGET.20.PABPJX.09A,0.0,0.0,0.017702135751743914,0.0,0.0,0.0,0.0,0.1193229258848463,0.28895448223351705,0.0,0.0,0.0,0.0,0.0,0.03694884454185895,0.40240965645374904,0.0,0.0,0.0,0.0,0.0,0.01549940557227777,0.0,0.0,0.0,0.11916254956200696,0.0,0.0,0.0,0.0
TARGET.20.PAWGCP.09A,0.0,0.11270195712485692,0.0,0.0,0.0,0.0,0.0,0.02750874098135774,0.13509594927803592,0.0,0.0,0.0,0.0,0.0,0.0,0.6694674346402685,0.0,0.0,0.004482427262077656,0.0,0.0,0.013475279716223039,0.0,0.0,0.0,0.0,0.0,0.0,0.03726821099718044,0.0
TARGET.20.PALLSK.09A,0.0,0.0,0.0,0.0,0.0,0.0,0.0,0.0,0.3562625349103859,0.0,0.0,0.0,0.0,0.0,0.0,0.4528012300674088,0.0,0.0,0.0,0.038801722191400885,0.0,0.003667265060483717,0.0,0.0,0.0,0.1484672477703207,0.0,0.0,0.0,0.0
TARGET.20.PAVGXC.09A,0.0,0.0,0.0,0.0,0.02014809238230732,0.0,0.0,0.021691497252591764,0.07274350655853713,0.0,0.0,0.0,0.0,0.0,0.22516069592532642,0.3045786464771949,0.0,0.0,0.0734541522240697,0.0189347964158218,0.033183810576765733,0.006211281437790134,0.0,0.0,0.0,0.22389352074959507,0.0,0.0,0.0,0.0
TARGET.20.PAVLSY.09A,0.0,0.0,0.0,0.0,0.0,0.0,0.0,0.032780474723455195,0.24244327180800113,0.0,0.0,0.0,0.0,0.0,0.0,0.552276901438757,0.0,0.0,0.05127025601605367,0.1081874404900345,0.0,0.006922582745819368,0.0,0.0,0.0061190727778792035,0.0,0.0,0.0,0.0,0.0
TARGET.20.PAWENM.09A,0.0,0.17359784266328324,0.0,0.0,0.04768784597853479,0.0,0.0,0.003172170102278047,0.22589652782935926,0.0,0.0,0.0,0.0,0.0,0.15907930715660382,0.3506994436407593,0.0,0.0,0.0,0.0,0.03223679378214632,0.006481804522932051,0.0,0.0,0.0,0.0011482643241032392,0.0,0.0,0.0,0.0
TARGET.20.PAVNGY.09A,0.0,0.0,0.0,0.0,0.0,0.0,0.0,0.0372331887295207,0.4209361002430149,0.0,0.0,0.0,0.0,0.0,0.0,0.501934546042351,0.0,0.0,0.0,0.009963733614304733,0.0,0.028902759748657452,0.0010296716221511917,0.0,0.0,0.0,0.0,0.0,0.0,0.0
TARGET.20.PAXANS.09A,0.0,0.0,0.0,0.13220513814102747,0.0,0.0,0.0,0.0,0.0,0.0,0.0,0.0,0.0,0.0,0.0,0.8572487652958859,0.0,0.0,0.010546096563086724,0.0,0.0,0.0,0.0,0.0,0.0,0.0,0.0,0.0,0.0,0.0
TARGET.20.PAWDBS.09A,0.0,0.0,0.0,0.0,0.0,0.0,0.0,0.07197291285713978,0.2979079462730358,0.0,0.0,0.0,0.0,0.0,0.2000627583119052,0.30744673689226926,0.0,0.0,0.005815377109919211,0.016604168449923684,0.0,0.05695227253363983,0.0,0.0,0.0,0.043237827572167285,0.0,0.0,0.0,0.0
TARGET.20.PAWHAX.09A,0.0,0.0,0.0,0.0,0.0,0.0,0.0,0.0,0.45469876301329465,0.0,0.0,0.0,0.0,0.0,0.0,0.5220075581618822,0.0,0.0,0.0,0.0,0.0,0.001918189298522972,0.0,0.0,0.0213754895263003,0.0,0.0,0.0,0.0,0.0
TARGET.20.PASLPE.09A,0.0,0.031891484037097996,0.0,0.0,0.12697515081213295,0.0,0.0,0.06744373936648651,0.0,0.0,0.0,0.0,0.0,0.0,0.7105649276915593,0.0,0.0,0.061258235710638556,0.0,0.0018664623820847193,0.0,0.0,0.0,0.0,0.0,0.0,0.0,0.0,0.0,0.0
TARGET.20.PARAHF.09A,0.0,0.029375226472683126,0.0,0.0,0.0,0.0,0.0,0.0022315274252200376,0.1625591143034869,0.0,0.02738708905239649,0.0,0.0,0.0,0.0,0.39498454587630033,0.0,0.0,0.0,0.0,0.36262305998036887,0.02083943688954437,0.0,0.0,0.0,0.0,0.0,0.0,0.0,0.0
TARGET.20.PARMST.09A,0.0,0.0,0.0,0.0,0.0,0.0,0.0,0.16347502103776057,0.06184085150503064,0.0,0.0,0.0,0.0,0.0,0.0,0.33052588450939124,0.0,0.0,0.0,0.0,0.0,0.016064872582284218,0.20756385032769414,0.0,0.12476445667509324,0.0,0.0,0.0,0.09576506336274607,0.0
TARGET.20.PAWAAX.09A,0.0,0.0,0.0,0.0,0.0,0.0,0.0,0.06755113826551373,0.08335879869832113,0.0,0.0,0.0,0.0,0.0,0.0,0.41348645140259643,0.0,0.0,0.00037511571044638665,0.0,0.35501698809896376,0.013651966672326857,0.0,0.0,0.04557069172627487,0.0,0.0,0.0,0.020988849425556632,0.0
TARGET.20.PAVXZL.09A,0.0,0.025965754635019187,0.0,0.0,0.0,0.0,0.0,0.05776256866153316,0.16596311054732374,0.0,0.0,0.0,0.0,0.0,0.3059610705926626,0.02198312574677285,0.0,0.0,0.0,0.12718478925923635,0.0,0.0,0.0,0.0,0.0,0.2951795805574522,0.0,0.0,0.0,0.0
TARGET.20.PAURLB.09A,0.0,0.0,0.0,0.0,0.0,0.0,0.0,0.07198006892161816,0.2091259530062586,0.0,0.0,0.0,0.0,0.0,0.0,0.28844780404678694,0.0,0.0,0.0,0.22022379221091448,0.0,0.024050036803166582,0.0,0.0,0.0,0.1861723450112552,0.0,0.0,0.0,0.0
TARGET.20.PAXHDA.09A,0.0,0.0,0.0,0.0,0.15298329987331222,0.0,0.0,0.02473236087255473,0.0,0.0,0.0,0.0,0.0,0.0,0.20389310306224537,0.22354786186839296,0.0,0.05174840976945946,0.01828737043682475,0.0,0.0,0.0,0.0,0.0,0.0,0.3248075941172105,0.0,0.0,0.0,0.0
TARGET.20.PASXYG.09A,0.0,0.05930080104853541,0.0,0.0,0.046419031308314436,0.0,0.0,0.03725480525337345,0.16164960560922195,0.0,0.0,0.0,0.0,0.0,0.0,0.04703308151205383,0.0,0.0,0.0,0.0,0.5982526387303408,0.0013159636601593157,0.0,0.0,0.0,0.0,0.0,0.0,0.04877407287800102,0.0
TARGET.21.PARZIA.09A,0.0,0.2834752472029919,0.0,0.0,0.0,0.0,0.0,0.05412421200717123,0.20336377136133246,0.0,0.0,0.0,0.0,0.0,0.0,0.06639993359786986,0.0,0.0,0.016613263516280327,0.006494394492571401,0.0,0.04605594364476163,0.0,0.0,0.0,0.3234732341770211,0.0,0.0,0.0,0.0
TARGET.20.PARUEX.09A,0.0,0.0,0.0,0.0,0.0,0.0,0.0,0.0,0.36254247835943537,0.011798153187426452,0.0,0.0,0.0,0.137940583513386,0.0,0.22046395903708788,0.0,0.0,0.0,0.0,0.036951321563226634,0.0067889923069426586,0.0,0.0,0.17407693683107148,0.0,0.0,0.0,0.04943757520142344,0.0
TARGET.20.PAWKIU.09A,0.0,0.0,0.0,0.0,0.0,0.0,0.0,0.0660129437292927,0.12587867345192325,0.0,0.0,0.0,0.0,0.0,0.11501908208158836,0.36565158211368043,0.0,0.0,0.005592842491880076,0.0,0.07272687645375699,0.00603833742314363,0.0,0.0,0.0,0.19607500981881565,0.0,0.0,0.047004652435919066,0.0
TARGET.20.PAXJSM.09A,0.0,0.0,0.0,0.0,0.0,0.0,0.0,0.0491470889765175,0.1811249863954315,0.0,0.0,0.0,0.0,0.0,0.005224609636614233,0.6494467214078973,0.0,0.0,0.0,0.018151849397373118,0.0,0.001968246758476854,0.0,0.0,0.08907429603636272,0.005862201391326807,0.0,0.0,0.0,0.0
TARGET.20.PAWMUZ.09A,0.0,0.0,0.0,0.0,0.0,0.0,0.0,0.07536241273482341,0.06691629356071649,0.0,0.0,0.0,0.016439677595962217,0.0,0.6802403338870694,0.15688236706174188,0.0,0.0,0.0,0.0,0.0,0.004158915159686561,0.0,0.0,0.0,0.0,0.0,0.0,0.0,0.0
TARGET.20.PANKCE.09A,0.0,0.0,0.0,0.11586976205784554,0.04503935757501985,0.0,0.0,0.03215748129338602,0.2519666773555417,0.012278151706967635,0.0,0.0,0.0,0.0634587659543223,0.0,0.0,0.1128962007118688,0.0,0.011968731503248174,0.0,0.016167428114818704,0.00384770936226808,0.0,0.11100981972380172,0.19320582721736487,0.0,0.03013408742354667,0.0,0.0,0.0
TARGET.20.PAVYVH.09A,0.0,0.21351646399013968,0.0,0.0,0.0,0.0,0.0,0.015719662579158623,0.020099256645388218,0.0,0.0,0.0,0.0,0.0,0.1786220341998988,0.1305432544455132,0.0,0.0,0.004636308011173594,0.0,0.0,0.0,0.0,0.0,0.0,0.43686302012872785,0.0,0.0,0.0,0.0
TARGET.20.PASPLU.09A,0.09244735336208046,0.0,0.06966514987066154,0.01680697627911542,0.0,0.0,0.0,0.026533287152601663,0.35793869660162086,0.0,0.022271113711975925,0.0,0.0,0.0,0.0,0.17457636997122533,0.0,0.0,0.0,0.0,0.1352317691731414,0.0,0.0,0.0,0.10452928387757733,0.0,0.0,0.0,0.0,0.0
TARGET.20.PAUXKD.09A,0.0,0.0,0.0,0.3133526487222491,0.0,0.08087398466041938,0.0,0.060026352396105764,0.0,0.010417368000857458,0.0,0.0,0.0,0.0,0.0,0.5048221327328278,0.0,0.0,0.030507513487540532,0.0,0.0,0.0,0.0,0.0,0.0,0.0,0.0,0.0,0.0,0.0
TARGET.20.PAVFKS.09A,0.0,0.0,0.0,0.0,0.0,0.0,0.0,0.14534172445892818,0.1207301502789321,0.0,0.0,0.0,0.0,0.0,0.0,0.04535250731320405,0.0,0.0,0.012457827212280607,0.6284502023083413,0.0,0.04766758842831396,0.0,0.0,0.0,0.0,0.0,0.0,0.0,0.0
TARGET.20.PAVCJW.09A,0.0,0.0,0.0,0.0,0.0,0.0,0.0,0.1155127603334021,0.15955027855199325,0.0,0.0,0.0,0.0,0.0,0.5128052565464373,0.1911844436853277,0.0,0.0,0.0,0.0,0.0,0.020947260882839772,0.0,0.0,0.0,0.0,0.0,0.0,0.0,0.0
TARGET.20.PAVWZV.09A,0.0,0.0,0.0,0.0,0.0,0.0,0.0,0.0,0.4863970317510397,0.0,0.0,0.0,0.0,0.0,0.0,0.5127293186051795,0.0,0.0,0.0,0.0,0.0,0.0008736496437808693,0.0,0.0,0.0,0.0,0.0,0.0,0.0,0.0
TARGET.20.PACEFD.09A,0.026907752740289306,0.0,0.03580977787396049,0.0,0.04608111159657557,0.0,0.0,0.058549628638915406,0.33869917619202006,0.0,0.0,0.0,0.0,0.0,0.0,0.35990503052263884,0.0,0.0,0.0,0.023239194754035814,0.012692410015625023,0.004923163557032086,0.0,0.0,0.053154474030142375,0.040038280078765046,0.0,0.0,0.0,0.0
TARGET.20.PANKNB.09A,0.0,0.0,0.0,0.0,0.0,0.0277588346054156,0.0,0.0,0.0,0.0,0.0,0.0,0.0,0.06407140976531973,0.0,0.052171144190456056,0.09346575263216361,0.0,0.0013555119065586083,0.0,0.3009941132483956,0.0,0.0,0.1216437868909063,0.10808494581258687,0.2071762302888909,0.0,0.0,0.0,0.023278270659306745
TARGET.20.PAVTXM.09A,0.0,0.0,0.0,0.0,0.013084388112049122,0.0,0.0,0.01216381644860376,0.30056095076289363,0.0,0.0,0.0,0.0,0.0,0.34749125818956283,0.1448643553221473,0.0,0.0,0.0,0.0,0.0,0.0024626221121297797,0.0,0.0,0.0,0.17937260905261357,0.0,0.0,0.0,0.0
TARGET.20.PAXBNE.09A,0.0,0.0,0.0,0.0,0.0,0.0,0.0,0.047518117428721564,0.1701270276923709,0.0,0.0,0.0,0.0,0.0,0.06520874119389602,0.4665020248497849,0.0,0.0,0.0,0.0,0.0,0.0023981919456534592,0.0,0.0,0.0,0.24824589688957321,0.0,0.0,0.0,0.0
TARGET.20.PAXBLW.09A,0.0,0.0,0.006378461095571271,0.0,0.0,0.0,0.0,0.034511273554328516,0.26847579744163347,0.0,0.0,0.0,0.0,0.0,0.0,0.36199567694525253,0.0,0.0,0.0,0.0,0.003021584303288394,0.04476533191796582,0.0,0.009710907873758666,0.0,0.2711409668682013,0.0,0.0,0.0,0.0
TARGET.20.PAXXCX.09A,0.0,0.12106159058115246,0.0,0.0,0.011325966427055916,0.0,0.0,0.023854069787887996,0.15510050335406356,0.0,0.0,0.0,0.0,0.0,0.1497550864886838,0.42052930347546835,0.0,0.0,0.0,0.0,0.02368270951794152,0.00513243617699401,0.0,0.0,0.0,0.0895583341907524,0.0,0.0,0.0,0.0
TARGET.20.PAUUPR.09A,0.0,0.0,0.0,0.002324893110546429,0.0281909379321265,0.0,0.0,0.05037264178827837,0.22153498317254347,0.0,0.0,0.0,0.0,0.0,0.22789784627230117,0.4442018632321621,0.0,0.0,0.0,0.0,0.0,0.02547683449204202,0.0,0.0,0.0,0.0,0.0,0.0,0.0,0.0
TARGET.20.PAWZZN.09A,0.0,0.0,0.0,0.0,0.0,0.0,0.0,0.08758716612882987,0.2808452622235837,0.0,0.0,0.0,0.0,0.0,0.25680685584096535,0.27808684064860617,0.0,0.0,0.0,0.0,0.0,0.01503823231371026,0.0,0.0,0.0,0.08163564284430459,0.0,0.0,0.0,0.0
TARGET.20.PASIEE.09A,0.0,0.0,0.0,0.0,0.0,0.0,0.0,0.1856224872431702,0.0,0.0,0.0,0.0,0.0,0.0,0.10179624683562621,0.0,0.0,0.0,0.004593181363486491,0.7078452172438482,0.0,0.0001428673138689134,0.0,0.0,0.0,0.0,0.0,0.0,0.0,0.0
TARGET.20.PATEAF.09A,0.0,0.0,0.0,0.0,0.0,0.0,0.0,0.07400064384423914,0.22959078132866056,0.12669066499074214,0.0,0.0,0.0,0.0,0.0,0.31554630856188676,0.0,0.0,0.006942664814630204,0.0,0.22465855534638085,0.0038280998439867895,0.0,0.0,0.018742281269473575,0.0,0.0,0.0,0.0,0.0
TARGET.20.PAVYFM.09A,0.0,0.0,0.0,0.0,0.0,0.0,0.0,0.03314118426861305,0.24912811564730603,0.0,0.0,0.0,0.0,0.0,0.0,0.5357661441954721,0.0,0.0,0.0,0.0,0.0,0.01869222366481132,0.03957137669169945,0.0,0.0,0.0,0.0,0.0,0.12370095553209805,0.0
TARGET.20.PASIEJ.09A,0.0,0.0,0.0,0.0,0.0,0.0,0.0,0.03934393013981956,0.216440630208033,0.0,0.0,0.0,0.0,0.11033976005535222,0.0,0.3148887574053822,0.0,0.0,0.0,0.0,0.0,0.008913761346543626,0.15116948001489763,0.0,0.04115096931312081,0.0,0.0,0.0,0.11775271151685096,0.0
TARGET.20.PAXGNI.09A,0.0,0.0,0.0,0.0,0.030954715816310416,0.0,0.0,0.13535106526646165,0.2888125406781966,0.0,0.0,0.0,0.0,0.0,0.18540351118403775,0.34818308609793747,0.0,0.0,0.0,0.009649512917372788,0.0,0.0016455680396834666,0.0,0.0,0.0,0.0,0.0,0.0,0.0,0.0
TARGET.20.PASBBE.09A,0.0,0.0,0.0,0.0,0.0,0.0,0.0,0.02607942677407752,0.0,0.0,0.0,0.0,0.0,0.0,0.0029056749798305253,0.7439307775377031,0.0,0.0,0.03906405977456092,0.0,0.0,0.13325702584291138,0.0,0.0,0.0,0.05476303509091663,0.0,0.0,0.0,0.0
TARGET.20.PAWBVW.09A,0.0,0.0,0.0,0.0,0.0,0.0,0.0,0.07805088680364589,0.44603388811995215,0.0,0.0,0.0,0.0,0.0,0.161784100636022,0.28376741451840126,0.0,0.0,0.0,0.0,0.0,0.029028013331311667,0.0,0.0,0.0,0.0013356965906670714,0.0,0.0,0.0,0.0
TARGET.20.PAVLAE.09A,0.0,0.0,0.0,0.0,0.0,0.0,0.0,0.12392830930961979,0.0,0.0,0.0,0.0,0.0,0.0,0.11534915574516873,0.4312600192665166,0.0,0.0,0.0,0.0,0.0,0.0,0.0,0.0,0.3238201574585503,0.005642358220144503,0.0,0.0,0.0,0.0
TARGET.20.PATISV.09A,0.0,0.0,0.0035827783999588256,0.0,0.013656295417757727,0.0,0.0,0.090297207715355,0.2533897049892176,0.0,0.0,0.0,0.0,0.0,0.0,0.39744506268869567,0.0,0.0,0.0,0.01449173116551953,0.06612074293100902,0.010803868990224898,0.02307287678946181,0.0,0.12713973091279995,0.0,0.0,0.0,0.0,0.0
TARGET.20.PAYHFV.Unsorted.09A,0.0,0.0,0.0,0.0,0.0,0.0,0.0,0.0,0.41020791529828365,0.0,0.0,0.0,0.0,0.0,0.0,0.39788617504473145,0.0,0.0,0.0028432712599145344,0.0006515322133152293,0.07720089942325362,0.013176548156105299,0.025911178647398447,0.0,0.0,0.07212247995699764,0.0,0.0,0.0,0.0
TARGET.20.PAVLTF.09A,0.0,0.0,0.0,0.0,0.0,0.0,0.0,0.06289173871283016,0.23239245575842388,0.0,0.0,0.0,0.0,0.0,0.0,0.4868065875328236,0.0,0.0,0.0,0.05663531143271642,0.0,0.03548976782832073,0.0,0.0,0.0,0.0,0.0,0.0,0.12578413873488536,0.0
TARGET.20.PANRWM.09A,0.0,0.0,0.0,0.13006606992683103,0.0,0.0,0.0,0.0,0.1560314795956672,0.021601674098411006,0.0,0.0,0.5005084281305022,0.0,0.0,0.014166140210337656,0.15570522045777413,0.0,0.0,0.0,0.0,0.0,0.0,0.0,0.021920987580476607,0.0,0.0,0.0,0.0,0.0
TARGET.20.PAXVBY.09A,0.0,0.0,0.0,0.0,0.0,0.0,0.0,0.16080926563711673,0.04329334401062999,0.0,0.0,0.0,0.0,0.0,0.0,0.5267198151378228,0.0,0.0,0.0,0.0,0.0,0.0,0.09269850753116828,0.0,0.0,0.0,0.0,0.0,0.17647906768326208,0.0
TARGET.20.PAWLFB.09A,0.0,0.06477134277565327,0.0,0.0,0.03948326802215965,0.0,0.0,0.06808711021723148,0.11975380770810838,0.0,0.0,0.0,0.0,0.0,0.392589714025013,0.20570992684860046,0.0,0.0,0.0036105835046506755,0.0,0.0,0.00037524368068745745,0.0,0.0,0.0,0.10561900321789555,0.0,0.0,0.0,0.0
TARGET.20.PATCHL.09A,0.0,0.0,0.0,0.0,0.0,0.0,0.0,0.10740927443976571,0.2882718677207105,0.0,0.0,0.0,0.1254958297495548,0.0,0.13226118438764844,0.0,0.0,0.0,0.0,0.0,0.0,0.0014466236329575496,0.0,0.20798787679581232,0.0,0.13712734327355064,0.0,0.0,0.0,0.0
TARGET.20.PAVDAJ.09A,0.0,0.0,0.0,0.0,0.0,0.0,0.0,0.08232910750427433,0.2839099938550285,0.0,0.0,0.0,0.0,0.0,0.33062446844178367,0.2370618260069378,0.0,0.0,0.0,0.0,0.0,0.0035862498662688333,0.0,0.0,0.0,0.06248835432570693,0.0,0.0,0.0,0.0
TARGET.20.PAWIVB.09A,0.0,0.0,0.0,0.0,0.0,0.0,0.0,0.022885493533642026,0.0,0.0,0.0,0.0,0.0,0.0,0.0,0.8913020500621572,0.0,0.0,0.0,0.0,0.0,0.0,0.0,0.0,0.0,0.08581245640420074,0.0,0.0,0.0,0.0
TARGET.20.PAPWYK.09A,0.0,0.13318245075010116,0.06382832943027382,0.0,0.0,0.01624504243504565,0.0,0.03629576509202935,0.05131019597173346,0.0,0.0,0.0,0.0,0.0,0.0,0.10621750311992283,0.0,0.0,0.006993896348977189,0.017293650497690095,0.4115579945556933,0.012831286084447984,0.0,0.0,0.002443062139461682,0.11104887910131694,0.0,0.0,0.0,0.030751944473306685
TARGET.20.PAWHCT.09A,0.0,0.0,0.0,0.0,0.00455211097646568,0.0,0.0,0.09711615825128866,0.09912547637296264,0.0,0.0,0.0,0.0,0.0,0.13797870405092802,0.47392980012494684,0.0,0.0,0.009911578920631993,0.0,0.0,0.006392648873501295,0.0,0.0,0.0,0.1709935224292749,0.0,0.0,0.0,0.0
TARGET.20.PAWPCN.09A,0.0,0.0,0.0,0.0,0.0315549041272775,0.0,0.0,0.09033093136793764,0.07855858068077691,0.0,0.0,0.0,0.0,0.0,0.12780310262951985,0.4011620005495859,0.0,0.0,0.006702347264690094,0.0,0.0,0.0028062043426431956,0.0,0.0,0.0,0.261081929037569,0.0,0.0,0.0,0.0
TARGET.20.PAXCPM.09A,0.0,0.0,0.0,0.0,0.054694485644059945,0.0,0.0,0.03571974151917734,0.0,0.0,0.0,0.0,0.0,0.0,0.018860905824597856,0.4583460084834143,0.0,0.0,0.000692976272433713,0.0,0.0,0.0,0.0,0.0,0.0,0.4316858822563169,0.0,0.0,0.0,0.0
TARGET.20.PAUXLK.09A,0.0,0.0,0.0,0.0,0.0,0.0,0.0,0.008835982445889424,0.2059559693253983,0.0,0.0,0.0,0.0,0.0,0.24867450081519885,0.43145602326969834,0.0,0.0,0.0,0.0,0.0,0.0036693153030212806,0.0,0.0,0.0,0.10140820884079381,0.0,0.0,0.0,0.0
TARGET.20.PAVUPS.09A,0.0,0.02299820358327242,0.0,0.0,0.011830656666406595,0.0,0.0,0.059688670381758915,0.09153606876347706,0.0,0.0,0.0,0.0,0.0,0.03566678216356582,0.39544681704229995,0.0,0.0,0.0018223701813371612,0.0,0.13760383066154006,0.01701934642639283,0.0,0.0,0.0,0.09012453600491686,0.0,0.0,0.13626271812503235,0.0
TARGET.20.PARARP.09A,0.0,0.0,0.0,0.0,0.0,0.0,0.0,0.0997283541138383,0.11097445988379899,0.0,0.0,0.0,0.0,0.0,0.10391299770889938,0.4285568664810178,0.0,0.0,0.002504477658776299,0.0,0.0,0.0032028430850272746,0.0,0.0,0.0,0.25112000106864196,0.0,0.0,0.0,0.0
TARGET.20.PAVZBG.09A,0.0,0.0,0.0,0.0,0.0,0.0,0.0,0.0351159183228023,0.03170708596465763,0.0,0.0,0.0,0.0,0.0,0.15755761858370104,0.4942459375128525,0.0,0.13287080977114538,0.011029738612785948,0.0,0.0,0.00044006558646790425,0.0,0.0,0.0,0.13703282564558733,0.0,0.0,0.0,0.0
TARGET.20.PANUDS.09A,0.0,0.0,0.0,0.0,0.0,0.0,0.0,0.0,0.0,0.0,0.0,0.0,0.0,0.0,0.0,0.0451346689655839,0.03254676127443131,0.0,0.0,0.0,0.0,0.0,0.360250429502842,0.04015440669750273,0.0,0.08009310460293532,0.0,0.0,0.4418206289567048,0.0
TARGET.20.PAWDTR.09A,0.0,0.0,0.0,0.0,0.0,0.0,0.0,0.0,0.6288059545335964,0.0,0.0,0.0,0.0,0.0,0.13012980539752123,0.23234232475003877,0.0,0.0,0.0,0.0,0.0,0.008721915318843629,0.0,0.0,0.0,0.0,0.0,0.0,0.0,0.0
TARGET.20.PAWZKW.09A,0.0,0.0,0.0,0.0,0.0793515251917443,0.0,0.0,0.050079323241353724,0.12891929053528844,0.0,0.0,0.0,0.0,0.0,0.32825124873007866,0.21586801080471804,0.0,0.0,0.00244135253810444,0.0,0.0,0.006536166715463002,0.0,0.0,0.0,0.18855308224324951,0.0,0.0,0.0,0.0
TARGET.20.PAVPCA.09A,0.0,0.0,0.0,0.0,0.0,0.0,0.0,0.1205130055027277,0.51502899871967,0.0,0.0,0.0,0.0,0.0,0.17195191398181803,0.060618836747080386,0.0,0.0,0.0,0.13106457122121248,0.0,0.0008226738274914805,0.0,0.0,0.0,0.0,0.0,0.0,0.0,0.0
TARGET.20.PASZEB.09A,0.03311750766938522,0.05339182479712854,0.0474861081896338,0.0,0.0,0.0,0.0,0.04574134588574103,0.07568525840099388,0.0,0.0,0.0,0.0,0.0,0.011960615931931925,0.260280811180031,0.0,0.0,0.02538542310039821,0.023480852114441505,0.1570772859451053,0.0074645189583931945,0.0,0.0,0.0,0.2589284478268164,0.0,0.0,0.0,0.0
TARGET.20.PAKZKT.09A,0.0,0.004447860347894845,0.0,0.0,0.051773574284282135,0.0,0.0,0.1005677776032807,0.12423615530821139,0.0,0.0,0.0,0.0,0.0,0.2396949099108892,0.12859283728260323,0.0,0.0,0.0,0.0,0.0,0.003181332055246845,0.0,0.0,0.0,0.34750555320759163,0.0,0.0,0.0,0.0
TARGET.20.PARYXV.09A,0.0,0.0,0.0,0.0,0.0,0.0,0.0,0.10387809223758215,0.0,0.0,0.0,0.0,0.0,0.0,0.0,0.06945028681873994,0.0,0.0,0.0,0.0,0.0,0.0,0.0,0.0,0.7813385882933195,0.045333032650358346,0.0,0.0,0.0,0.0
TARGET.20.PAPAZZ.09A,0.0,0.0,0.0,0.0,0.0,0.0,0.0,0.0,0.7255942746757579,0.0,0.0,0.0,0.0,0.0,0.0,0.0,0.081509862727486,0.0,0.0,0.0,0.0,0.0,0.0,0.0,0.0,0.19289586259675615,0.0,0.0,0.0,0.0
TARGET.20.PAWANV.09A,0.0,0.0,0.03727570514066226,0.0,0.0,0.0,0.0,0.03384064953415094,0.228074004257535,0.0,0.0,0.0,0.0,0.0,0.06099948945982933,0.3253465399839343,0.0,0.0,0.05471673435606526,0.011334090092644003,0.03969583063345018,0.011944170157590991,0.0,0.0,0.0,0.19677278638413775,0.0,0.0,0.0,0.0
TARGET.20.PAXIJL.09A,0.0,0.0,0.0,0.0,0.0,0.0,0.0,0.05945225658044145,0.2114885725563397,0.0,0.0,0.0,0.0,0.0,0.08787702288869831,0.5376559480948646,0.0,0.0,0.0,0.041463577109047974,0.0,0.010711767110358185,0.0,0.0,0.0,0.051350855660249814,0.0,0.0,0.0,0.0
TARGET.20.PAUHTE.09A,0.0,0.0,0.0,0.009649954224516175,0.0,0.0,0.0,0.05934289918343231,0.2518397769059516,0.0,0.0,0.0,0.0,0.0,0.0,0.4299658192418629,0.0,0.0,0.01579287624706327,0.015537790042077834,0.0,0.0,0.19243200471592165,0.0,0.025438879439174215,0.0,0.0,0.0,0.0,0.0
TARGET.20.PAVYVR.09A,0.0,0.0,0.0,0.0,0.0,0.0,0.0,0.061145698958480224,0.3592727393938454,0.0,0.0,0.0,0.0,0.0,0.055329002470330416,0.5082241088003634,0.0,0.0,0.0,0.014020025119139046,0.0,0.002008425257841688,0.0,0.0,0.0,0.0,0.0,0.0,0.0,0.0
TARGET.20.PAWEDY.09A,0.049672728579262804,0.0,0.0,0.0,0.181693093689519,0.0,0.0,0.09591342637513028,0.16876376740304422,0.0,0.0,0.0,0.0,0.0,0.4174505018849323,0.0,0.0,0.0,0.0,0.0,0.0,0.0034722863014261776,0.0,0.0,0.0,0.08303419576668516,0.0,0.0,0.0,0.0
TARGET.21.PARLSL.09A,0.0,0.0,0.06527234320800794,0.0,0.0,0.0,0.0,0.0,0.4274829130517886,0.0,0.0,0.0,0.0,0.0,0.0,0.0,0.1406083956138597,0.0,0.0,0.028392978878883503,0.0,0.012580206510287795,0.0,0.0,0.15839171711668568,0.16727144562048685,0.0,0.0,0.0,0.0
TARGET.20.PAUUYJ.09A,0.0,0.0,0.0,0.0,0.027741085307546563,0.0,0.0,0.05673547627152903,0.23723935578835126,0.0,0.0,0.0,0.0,0.0,0.3602061407883345,0.25993806683374315,0.0,0.0,0.0,0.0,0.0,0.00037238131768533146,0.0,0.0,0.0,0.057767493692810215,0.0,0.0,0.0,0.0
TARGET.20.PASBHH.09A,0.0,0.0,0.0,0.0,0.0,0.0,0.0,0.13405881209835918,0.049532692157772965,0.0,0.0,0.0,0.0,0.0058773006264336075,0.13254092880179885,0.36449624912133355,0.0,0.0,0.0021913607593258308,0.10557467745815421,0.0,0.028735442979230447,0.1179396963686836,0.0,0.0,0.0,0.0,0.0,0.05905283962890783,0.0
TARGET.20.PAPYRB.09A,0.0,0.17813584001078658,0.0,0.0,0.0,0.0,0.0,0.03685961541351027,0.03711746359855958,0.0,0.0,0.0,0.05524132393418511,0.0,0.29251817871599545,0.0009147882897167726,0.0,0.11655364418520676,0.0,0.018353632584228573,0.0,0.0,0.0,0.0,0.0,0.26430551326781093,0.0,0.0,0.0,0.0
TARGET.20.PAWAMF.09A,0.0,0.0,0.0,0.0,0.0,0.0,0.0,0.061809991416874946,0.2401252925890626,0.0,0.0,0.0,0.0,0.0,0.0,0.4583508292097729,0.0,0.0,0.0,0.053166207888598584,0.07376169832228668,0.031486232533497055,0.0,0.0,0.0,0.0,0.0,0.0,0.08129974803990744,0.0
TARGET.20.PAVGIX.09A,0.0,0.0,0.0,0.0,0.0,0.0,0.0,0.0924787124973928,0.3450159710463892,0.0,0.0,0.0,0.0,0.0,0.0,0.22894858505388452,0.0,0.0,0.0,0.020334899864822044,0.0,0.0,0.0,0.0,0.3132218315375115,0.0,0.0,0.0,0.0,0.0
TARGET.20.PAVMFT.09A,0.0,0.0,0.0,0.0,0.03985085202290036,0.0,0.0,0.06356423590742724,0.38276147253889714,0.0,0.0,0.0,0.0,0.0,0.07116206094039626,0.26346255532355856,0.0,0.0,0.0,0.0022567310327338847,0.1702001446015208,0.0067419476325656065,0.0,0.0,0.0,0.0,0.0,0.0,0.0,0.0
TARGET.20.PAWYGY.09A,0.0,0.0,0.0,0.07674876778738005,0.020617195352110734,0.0,0.0,0.08480009368568203,0.27702171102491224,0.0,0.0,0.0,0.0,0.0,0.03336495410365496,0.4436978294505976,0.0,0.0,0.0,0.03379582959970141,0.0,0.008004614610849151,0.0,0.0,0.0,0.021949004385111808,0.0,0.0,0.0,0.0
TARGET.20.PAWYNC.09A,0.0,0.0,0.0,0.0,0.0,0.0,0.0,0.07611252978097692,0.17211654913765392,0.0,0.0,0.0,0.0,0.0,0.04585452326400884,0.612992494174104,0.0,0.0,0.0,0.0,0.0,0.0,0.0,0.0,0.09292390364325635,0.0,0.0,0.0,0.0,0.0
TARGET.20.PAWEKU.09A,0.0,0.0,0.0,0.0,0.0,0.0,0.0,0.1311399889193793,0.26357214678430646,0.0,0.0,0.0,0.0,0.0,0.0936408917478214,0.09351023279047886,0.0,0.0,0.0,0.0,0.09842601737522798,0.008581819865913672,0.0,0.0,0.0,0.31112890251687236,0.0,0.0,0.0,0.0
TARGET.20.PAWMIP.09A,0.0,0.0,0.0,0.0,0.0,0.0,0.0,0.08114243227258677,0.12548840141244028,0.0,0.0,0.0,0.0,0.0,0.13276503721635113,0.32413162613287483,0.03103497181095233,0.0,0.0,0.0,0.0,0.0,0.0,0.010938524952669408,0.0,0.29449900620212527,0.0,0.0,0.0,0.0
TARGET.20.PAEENN.09A,0.0,0.012137304845093058,0.0759837844072097,0.0,0.0,0.0,0.0,0.18849962655661198,0.13827727699105807,0.0,0.0,0.0,0.16497166605446528,0.0,0.0,0.056373918701224886,0.0,0.0,0.0,0.0,0.0,0.0,0.0,0.0,0.0,0.36375642244433704,0.0,0.0,0.0,0.0
TARGET.20.PAEEYP.09A,0.0,0.0,0.0,0.0,0.0,0.0,0.0,0.057667816672973,0.0,0.0,0.0,0.0,0.08111522781966907,0.0,0.016290285843215766,0.1749816599705852,0.12090812499010316,0.0,0.0,0.0,0.0,0.0,0.12738958676545944,0.24687349339768064,0.0,0.17477380454031358,0.0,0.0,0.0,0.0
TARGET.20.PAUVBZ.09A,0.0,0.0,0.0,0.0,0.0,0.0,0.0,0.00993384733297741,0.06456022308523043,0.0,0.0,0.0,0.05444437984307308,0.0,0.0,0.18045303926958933,0.02847963104296026,0.0,0.0,0.0,0.0,0.0,0.0,0.4589804381799319,0.0,0.20314844124623752,0.0,0.0,0.0,0.0
TARGET.20.PAXIIP.09A,0.0,0.0,0.0,0.0,0.0,0.0,0.0,0.06369080290382442,0.017729871729213507,0.0,0.0,0.0,0.0,0.0,0.0,0.8680864941441276,0.0,0.0,0.0,0.0,0.0,0.0,0.0,0.0,0.0,0.05049283122283438,0.0,0.0,0.0,0.0
TARGET.20.PASRSS.09A,0.0,0.11895527664730503,0.0,0.0,0.0,0.0,0.0,0.2994968501468255,0.2794168123297242,0.0,0.0,0.0,0.0,0.0,0.28980269666163244,0.0025612179993880595,0.0,0.0,0.009767146215124842,0.0,0.0,0.0,0.0,0.0,0.0,0.0,0.0,0.0,0.0,0.0
TARGET.20.PATAKC.09A,0.0,0.0,0.0,0.0,0.0,0.0,0.0,0.0,0.29960820743798666,0.0,0.0,0.0,0.0,0.026274813655389594,0.0,0.16383278033166235,0.0,0.0,0.14851270003568992,0.0,0.0,0.018499561726794657,0.16897513753877982,0.0,0.09085348951634377,0.0,0.0,0.0,0.08344330975735335,0.0
TARGET.20.PATASP.09A,0.0,0.012424779375688123,0.0,0.0,0.0,0.0,0.0,0.0,0.6004923914966579,0.0,0.0,0.0,0.0,0.0,0.08516744525001387,0.0,0.0,0.0,0.0,0.0,0.0,0.0,0.0,0.0,0.0,0.30191538387764016,0.0,0.0,0.0,0.0
TARGET.20.PANZKA.09A,0.0,0.0,0.0,0.0,0.0,0.0,0.0,0.0,0.10646243158393942,0.0,0.0,0.0,0.0,0.0,0.0,0.030009956654963657,0.20991614725382882,0.06323933481381108,0.0,0.0,0.0,0.0,0.0,0.19885205452208773,0.000228907758919761,0.3912911674124496,0.0,0.0,0.0,0.0
TARGET.20.PAXARX.09A,0.0,0.0,0.0,0.0,0.007174911827416369,0.0,0.0,0.0013426507707435793,0.16536598372537692,0.0,0.0,0.0,0.07767112943332202,0.0,0.2409724268924658,0.16471937179266483,0.0,0.03710348778796971,0.007812045332156753,0.0,0.0,9.603646411880745e-06,0.0,0.06499499843062044,0.0,0.23283339036085168,0.0,0.0,0.0,0.0
TARGET.20.PAWHIZ.09A,0.0,0.00024198281538774738,0.0,0.0,0.0,0.0,0.0,0.09744705400183923,0.07261522515469007,0.0,0.0,0.0,0.0,0.0,0.40660677621052194,0.35146808312828187,0.0,0.0,0.04179695475087335,0.0,0.0,0.001472697705938026,0.0,0.0,0.0,0.028351226232467643,0.0,0.0,0.0,0.0
TARGET.20.PANUUU.09A,0.0,0.0,0.0,0.0,0.0,0.0,0.0,0.1815739663006479,0.1884189919270864,0.0,0.0,0.0,0.0,0.0,0.0,0.30256788680533725,0.0,0.0,0.0,0.12575424423647796,0.0,0.040574709252609885,0.049611521169022926,0.0,0.0,0.11149868030881786,0.0,0.0,0.0,0.0
TARGET.20.PAWKXH.09A,0.0,0.008595804798372261,0.0,0.0,0.0,0.0,0.0,0.06828050408213196,0.22531839641449528,0.0,0.0,0.0,0.0,0.0,0.2661303450024067,0.3694995520137743,0.0,0.0,0.003023483662029835,0.0,0.0,0.013596609073292309,0.0,0.0,0.0,0.04555530495349738,0.0,0.0,0.0,0.0
TARGET.20.PAUMJB.09A,0.0,0.0,0.0,0.0,0.0,0.0,0.0,0.002015039160173223,0.0,0.0,0.0,0.0,0.26142184401160146,0.0,0.05896581473716003,0.23621842161197354,0.0,0.18618615052234294,0.0,0.0,0.0,0.0,0.0,0.0,0.0,0.25519272995674863,0.0,0.0,0.0,0.0
TARGET.20.PARAJX.09A,0.0,0.11763192911037344,0.0,0.0,0.0,0.0,0.0,0.0,0.04762935759392922,0.0,0.0,0.0,0.09129515430029916,0.0,0.10244460084621271,0.0,0.0,0.0,0.0,0.0,0.02515290428137449,0.0,0.0,0.0,0.0,0.615846053867811,0.0,0.0,0.0,0.0
TARGET.20.PATBUK.09A,0.0,0.0,0.0,0.20498517530332278,0.0,0.0,0.0,0.007971523904754797,0.0,0.0,0.0,0.0,0.0,0.0,0.0,0.5434140787952115,0.0,0.0,0.02758383336330077,0.0,0.0,0.0012238106877356509,0.08432271166265941,0.0,0.13049886628301502,0.0,0.0,0.0,0.0,0.0
TARGET.20.PAXIWR.09A,0.0,0.0,0.0,0.0,0.0,0.0,0.0,0.0,0.08841932747695874,0.0,0.0,0.0,0.0,0.0,0.0,0.7490825844651103,0.0,0.0,0.02583464519748483,0.0,0.0,0.134095840864272,0.0,0.0,0.0,0.0025676019961740587,0.0,0.0,0.0,0.0
TARGET.20.PASLDS.09A,0.0,0.0,0.0,0.0,0.0,0.0,0.0,0.052558891979336386,0.03890993200537486,0.0,0.0,0.0,0.0,0.0,0.2249888066917931,0.11472558763245735,0.0,0.0,0.04220165601607498,0.0,0.3025613137773082,0.0,0.0,0.0,0.0,0.22405381189765514,0.0,0.0,0.0,0.0
TARGET.20.PAYGXU.09A,0.0,0.0,0.01833948928906183,0.01100024056883751,0.05127660609752434,0.0,0.0,0.04371649225037283,0.32742119985234497,0.0,0.0,0.0,0.0,0.0,0.03971604815866236,0.33914871393426327,0.0,0.0,0.0,0.01080827897090597,0.0,0.005211712146524334,0.0,0.0,0.049800879462308344,0.10356033926919442,0.0,0.0,0.0,0.0
TARGET.20.PAWRUK.09A,0.0,0.0,0.0,0.0,0.0,0.0,0.0,0.24063565341266663,0.1759119162941674,0.0,0.0,0.0,0.0,0.0,0.3062267369746949,0.2643659745385652,0.0,0.0,0.0,0.0,0.0,0.012859718779905849,0.0,0.0,0.0,0.0,0.0,0.0,0.0,0.0
TARGET.20.PARXMP.09A,0.0,0.0,0.0,0.0,0.0,0.0,0.0,0.24979249756847985,0.1369243627503754,0.0,0.0,0.0,0.0,0.0,0.12283561076647072,0.015373199578249123,0.0,0.0,0.0,0.2428393640600178,0.0,0.006058372475704794,0.0,0.0,0.0,0.2261765928007022,0.0,0.0,0.0,0.0
TARGET.20.PAXEKE.09A,0.0,0.0,0.0,0.0,0.0,0.0,0.0,0.07082634052532547,0.44100304309123306,0.0,0.0,0.0,0.0,0.0,0.14597663240136238,0.30361996399113883,0.0,0.0,0.0,0.0,0.0,0.0296817630250169,0.0,0.0,0.0,0.008892256965923105,0.0,0.0,0.0,0.0
TARGET.20.PAVLSH.09A,0.0,0.0,0.0,0.0,0.0,0.0,0.0,0.07908549302552657,0.19571602109732245,0.0,0.0,0.0,0.0,0.0,0.6541906770831583,0.07100780879399277,0.0,0.0,0.0,0.0,0.0,0.0,0.0,0.0,0.0,0.0,0.0,0.0,0.0,0.0
TARGET.20.PASXUX.09A,0.0,0.0,0.0,0.0,0.0,0.0,0.0,0.10418704726626822,0.0,0.0,0.0,0.0,0.0,0.0,0.0,0.5971328974479049,0.0,0.0,0.022431784843851492,0.0,0.0,0.0,0.1992005784333142,0.0,0.0770476920086613,0.0,0.0,0.0,0.0,0.0
TARGET.20.PAVEZN.09A,0.0,0.04004600228363468,0.0,0.0,0.0,0.0,0.0,0.024978407477645945,0.08611924857902188,0.0,0.0,0.0,0.0,0.0,0.26375801247427566,0.2451967270212622,0.0,0.0014501630028270235,0.0,0.0,0.0,0.0026272708277433805,0.0,0.0,0.0,0.3358241683335892,0.0,0.0,0.0,0.0
TARGET.20.PAYHRE.Sorted.non.leukemic.09A,0.0,0.0,0.0,0.0,0.0,0.0,0.0,0.0,0.0,0.0,0.0,0.0,0.0,0.1528990176896726,0.0,0.09969781617361663,0.0,0.0,0.0,0.0,0.0,0.0,0.2316262406133841,0.0,0.0,0.0,0.0,0.0,0.5157769255233267,0.0
TARGET.20.PAXJYU.09A,0.0,0.0,0.0,0.0,0.0,0.0,0.0,0.0,0.09678823363808207,0.0,0.0,0.0,0.0,0.0,0.0,0.5963875301037456,0.0,0.0,0.0,0.0,0.09620675340232507,0.014769512421039476,0.0,0.0,0.005630817755747381,0.1520044515851752,0.0,0.0,0.038212701093885366,0.0
TARGET.20.PASJYX.09A,0.0,0.0,0.0,0.0,0.18439592539696595,0.0,0.0,0.09231815887666023,0.1576006370401414,0.0,0.0,0.0,0.0,0.0,0.12960923927535936,0.3862932311503355,0.0,0.0,0.0,0.0,0.0,0.0022691975685553627,0.0,0.0,0.04751361069198224,0.0,0.0,0.0,0.0,0.0
TARGET.20.PASLGD.09A,0.01917493497590214,0.005572141511019414,0.0,0.0,0.0,0.0,0.0,0.03951947412752908,0.05117542627900881,0.0,0.0,0.0,0.0064620553337966695,0.0,0.23454062185205884,0.051915472641658654,0.0,0.07025434988139466,0.032329928957966735,0.0,0.09587242773751545,0.0,0.0,0.0,0.0,0.34404657365313546,0.0,0.0,0.04913659304901397,0.0
TARGET.20.PATIGE.09A,0.0,0.0008169710803331469,0.0,0.0,0.0,0.0,0.0,0.053402513455414934,0.07259339923569957,0.0,0.0,0.0,0.0,0.0,0.09462595224867365,0.22492723065367848,0.0,0.0,0.02995982998664446,0.011950833262134272,0.0,0.09275442459956998,0.0,0.0,0.07345012715548166,0.3011189183917777,0.0,0.0,0.04439979993059223,0.0
TARGET.20.PACFKY.09A,0.0,0.0,0.0,0.0,0.0,0.0,0.0,0.04279818670821775,0.29865359266036656,0.0,0.0,0.0,0.0,0.0,0.10354283802087647,0.3008662797499866,0.0,0.0,0.0,0.0,0.02942109121112421,0.005226178784319947,0.0,0.0,0.0,0.21949183286510845,0.0,0.0,0.0,0.0
TARGET.20.PAUZSY.09A,0.0,0.0,0.0,0.0,0.0,0.0,0.0,0.034269325027627966,0.294374292133247,0.0,0.0,0.0,0.0,0.0,0.3063855429897252,0.22017574030523818,0.0,0.0,0.0,0.0,0.0,0.004374125730294396,0.0,0.0,0.0,0.1404209738138671,0.0,0.0,0.0,0.0
TARGET.20.PAXEEY.09A,0.0,0.0,0.0,0.0,0.0,0.0,0.0,0.3343190570206558,0.14778640893782244,0.0,0.0,0.0,0.0,0.0,0.2475248652832903,0.11986711455931393,0.0,0.0,0.0,0.07012551082082516,0.0,0.006344644765495088,0.0,0.0,0.0,0.07403239861259715,0.0,0.0,0.0,0.0
TARGET.20.PAVNBL.09A,0.0,0.0,0.0,0.0,0.0,0.0,0.0,0.05666866506489101,0.024229246366971692,0.0,0.0,0.0,0.0,0.0,0.0,0.3511163548015539,0.0,0.0,0.0054821132244525375,0.0,0.2408023737889454,0.010039220874921958,0.0,0.0,0.0,0.3116620258782636,0.0,0.0,0.0,0.0
TARGET.20.PASFNP.09A,0.0,0.0,0.0,0.0,0.0,0.0,0.0,0.0,0.0,0.0,0.0,0.0,0.08896915762150029,0.0,0.0,0.08993770030930058,0.2595306970064958,0.0,0.0,0.0,0.0,0.0,0.0,0.2266770055163087,0.0,0.3348854395463946,0.0,0.0,0.0,0.0
TARGET.20.PAYKGB.Sorted.CD34neg.Lymphoid.09A,0.0,0.0,0.0,0.0,0.0,0.0,0.0,0.08460515313995479,0.057645324159883875,0.0,0.0,0.0,0.0,0.0,0.39676849941090986,0.4535094478247904,0.0,0.0,0.005756443994061093,0.0,0.0,0.0017151314704000153,0.0,0.0,0.0,0.0,0.0,0.0,0.0,0.0
TARGET.20.PAVIDK.09A,0.0,0.0,0.0,0.0,0.0,0.0,0.0,0.13234465867977346,0.10725650756505255,0.0,0.0,0.0,0.0,0.0,0.06972443752129032,0.5901193844442977,0.0,0.0,0.0,0.0,0.0,0.005512232948009999,0.0,0.0,0.0,0.09504277884157622,0.0,0.0,0.0,0.0
TARGET.20.PAWJIM.09A,0.0,0.0,0.0,0.0,0.0,0.0,0.0,0.12605295316454249,0.1480732585519863,0.0,0.0,0.0,0.0,0.0,0.0916969924660643,0.21088488339577233,0.0,0.0,0.0,0.0,0.0,0.03904053745863124,0.0,0.0,0.0,0.38425137496300343,0.0,0.0,0.0,0.0
TARGET.21.PATJMY.09A,0.0,0.0,0.0,0.0,0.0,0.0,0.0,0.059694592612089224,0.3320461767336233,0.0,0.0,0.0,0.0,0.0,0.04926393284399283,0.09989092822612672,0.0,0.0,0.030937959046205527,0.0,0.0,0.00962252601795903,0.0,0.0,0.15078467443438828,0.26775921008561515,0.0,0.0,0.0,0.0
TARGET.20.PAVXZH.09A,0.0,0.0,0.0,0.0,0.0,0.0,0.0,0.032447758283866895,0.07537454953656937,0.0,0.0,0.0,0.0,0.0,0.2042494751333105,0.21977010336564212,0.0,0.0,0.0,0.0,0.06617300467020659,0.003696414518775903,0.0,0.0,0.0,0.3982886944916286,0.0,0.0,0.0,0.0
TARGET.20.PAXMLW.09A,0.0,0.0,0.0,0.22354524222724848,0.0,0.0,0.0,0.0,0.08926095285873148,0.0,0.0,0.0,0.0,0.0,0.04112191041107008,0.4131910806144502,0.0017652310853165237,0.0,0.00036084223697992234,0.0,0.0,0.0003352347703122551,0.0,0.0,0.0,0.230419505795891,0.0,0.0,0.0,0.0
TARGET.20.PANIPL.09A,0.0,0.0,0.009057115913519011,0.09736101277262578,0.0,0.0,0.0,0.035710615165344,0.12525684912343546,0.0,0.03781214314951673,0.0,0.0,0.0,0.0,0.1387918451900134,0.0,0.0,0.005310944037224122,0.04029620317100281,0.0,0.023889572421197196,0.0,0.0,0.0,0.48651369905612146,0.0,0.0,0.0,0.0
TARGET.20.PATLVK.09A,0.0,0.0,0.0,0.0,0.0,0.0,0.0,0.0388020246140341,0.19576654739705582,0.0,0.0,0.0,0.0,0.0,0.0,0.5295661237681174,0.0,0.0,0.0,0.03439414927254165,0.0,0.01605633092038972,0.05820003233390678,0.0,0.03835646992382821,0.02912201519691651,0.0,0.0,0.05973630657320982,0.0
TARGET.20.PAWDHA.09A,0.0,0.0,0.0,0.0,0.0,0.0,0.0,0.051475970112910684,0.1954393988967958,0.0,0.0,0.0,0.0,0.0,0.0,0.38240525597168484,0.0,0.0,0.013220246340669746,0.0,0.0,0.14021545153004122,0.0,0.0,0.0,0.2172436771478977,0.0,0.0,0.0,0.0
TARGET.20.PATWYU.09A,0.0,0.0,0.0,0.6042946109982388,0.0,0.0,0.0,0.0,0.0,0.027531860570966397,0.0,0.0,0.0,0.0,0.0,0.32583810578315253,0.0,0.0,0.03728259749395653,0.0,0.0,0.0050528251536857026,0.0,0.0,0.0,0.0,0.0,0.0,0.0,0.0
TARGET.20.PAUGAR.09A,0.0,0.0,0.0,0.1657649906783307,0.0,0.0,0.0,0.007650279440917297,0.0,0.0,0.0,0.0,0.0,0.0,0.0,0.4691198108863143,0.0,0.0,0.008819533833407694,0.0,0.0,0.0,0.0,0.0,0.34864538516102994,0.0,0.0,0.0,0.0,0.0
TARGET.20.PAYGYM.Sorted.non.leukemic.09A,0.0,0.0,0.0,0.0,0.0,0.0,0.0,0.01620839165289435,0.04536340918237294,0.0,0.0,0.0,0.0,0.0,0.0,0.21828575637720518,0.0,0.0,0.05759015709854344,0.023250622479414694,0.0,0.10710593443327222,0.0,0.05493413077050079,0.0655369534738125,0.4117246445319839,0.0,0.0,0.0,0.0
TARGET.20.PAVCWT.09A,0.0,0.0,0.0,0.0,0.0,0.0,0.0,0.06354756416335715,0.2751962514922945,0.0,0.0,0.0,0.0,0.0,0.21352975555533193,0.2882351048107776,0.0,0.0,0.0,0.0,0.0,0.001040240464363748,0.0,0.0,0.0,0.15845108351387502,0.0,0.0,0.0,0.0
TARGET.20.PAXLYF.09A,0.0,0.0,0.0,0.0,0.0,0.0,0.0,0.06081917442808383,0.24835869983708908,0.0,0.0,0.0,0.0,0.0,0.00527139730923551,0.5010361614134322,0.0,0.0,0.0,0.0,0.0,0.06921591105766364,0.02228556832761224,0.0,0.0,0.0930130876268835,0.0,0.0,0.0,0.0
TARGET.20.PASFJB.09A,0.0,0.21699150475928203,0.0,0.0,0.0,0.0,0.0,0.0,0.1298460184859521,0.0,0.0,0.0,0.0,0.0,0.16794175882450466,0.18448062097655193,0.03103059359468849,0.0,0.0,0.0,0.15579756067931205,0.005840311732522435,0.0,0.0,0.0,0.10807163094718628,0.0,0.0,0.0,0.0
TARGET.20.PAWUAE.09A,0.0,0.0,0.0,0.0,0.0,0.0,0.0,0.09244626907198368,0.13598350306586512,0.0,0.0,0.0,0.0,0.0,0.11246532925913688,0.3786107136154808,0.0,0.0,0.0,0.056806410837303443,0.0,0.012961354305150555,0.0,0.0,0.0,0.2107264198450795,0.0,0.0,0.0,0.0
TARGET.20.PANLSZ.09A,0.005242777405137314,0.0,0.01600087799050841,0.030948617568416128,0.15560195406237365,0.0,0.0,0.05512504027607831,0.20273522514998776,0.0,0.0,0.0,0.0,0.0,0.1729348461857984,0.3569307268073976,0.0,0.0,0.0,0.0,0.0,0.004479934554302249,0.0,0.0,0.0,0.0,0.0,0.0,0.0,0.0
TARGET.20.PAPWFN.09A,0.0,0.3826126195327413,0.0,0.0,0.0,0.0,0.0,0.08794502089601565,0.12528783571335214,0.0,0.0,0.0,0.0,0.0,0.15620842996511042,0.04300389343825375,0.0,0.0,0.0,0.0825862785751932,0.0,0.0022626870302577336,0.0,0.0,0.0,0.12009323484907584,0.0,0.0,0.0,0.0
TARGET.21.PASSLT.09A,0.0,0.0,0.0,0.0,0.0,0.0,0.0,0.04290415415430021,0.5780744272675952,0.0,0.0,0.0,0.0,0.0,0.0,0.1503027100315474,0.0,0.0,0.0,0.05101126776582774,0.0,0.012253760938863075,0.0,0.0,0.0,0.16545367984186635,0.0,0.0,0.0,0.0
TARGET.20.PASGPE.09A,0.0,0.0,0.0,0.0,0.0,0.0,0.0,0.10227311825525719,0.24758683005878865,0.0,0.0,0.0,0.0,0.0,0.004926784477018619,0.3978912043698073,0.0,0.0,0.0,0.0220184298695884,0.0,0.023485886094414717,0.0,0.0,0.0,0.20181774687512508,0.0,0.0,0.0,0.0
TARGET.21.PASTZK.09A,0.2755023732024012,0.0,0.0,0.0,0.0,0.0,0.0,0.05102253651161259,0.21187321382969448,0.0,0.0,0.0,0.0,0.0,0.0,0.0,0.0,0.0,0.018019652961638676,0.028677589918098663,0.0,0.2494572956525522,0.0,0.0,0.0,0.165447337924002,0.0,0.0,0.0,0.0
TARGET.20.PAVVUT.09A,0.0,0.0,0.0,0.0,0.0,0.0,0.0,0.0399438585440758,0.06747208888761709,0.0,0.0,0.0,0.0,0.0,0.24252349207576918,0.2310315959857782,0.0,0.0,0.0,0.0,0.0,0.00695909042276774,0.0,0.0,0.0,0.4120698740839921,0.0,0.0,0.0,0.0
TARGET.20.PAWWEI.09A,0.0,0.0,0.0,0.0,0.001725401206108114,0.0,0.0,0.02807762918976952,0.60034378044799,0.0,0.0,0.0,0.0,0.0,0.09323158892885301,0.1877804902507009,0.0,0.0,0.0,0.07564853022863981,0.0,0.013192579747938677,0.0,0.0,0.0,0.0,0.0,0.0,0.0,0.0
TARGET.20.PAYHIY.Sorted.leukemic.09A,0.0,0.0,0.0,0.0,0.15159556465264518,0.0,0.0,0.12083410873808559,0.10031438792906089,0.0,0.0,0.0,0.0,0.0,0.29875667833752484,0.03520231427770702,0.0,0.017959298434504032,0.005832137433397786,0.16210902567866126,0.0,0.0,0.0,0.0,0.0,0.10739648451841338,0.0,0.0,0.0,0.0
TARGET.20.PAUJNJ.09A,0.0,0.0,0.0,0.0,0.0,0.0,0.0,0.032432524536200893,0.30839839861922347,0.0,0.0,0.0,0.0,0.0,0.12707757329591157,0.4921632645603154,0.0,0.0,0.03992823898834868,0.0,0.0,0.0,0.0,0.0,0.0,0.0,0.0,0.0,0.0,0.0
TARGET.20.PAWECG.09A,0.0,0.0,0.0,0.0,0.03671274309707723,0.0,0.0,0.12960494987394042,0.16683094879867,0.0,0.0,0.0,0.0,0.0,0.4028898419253782,0.1479642183374302,0.0,0.0,0.0,0.11484949925832161,0.0,0.0011477987091824046,0.0,0.0,0.0,0.0,0.0,0.0,0.0,0.0
TARGET.20.PASNYB.09A,0.0,0.0,0.0,0.0,0.0,0.0,0.0,0.0,0.38285395388359245,0.0,0.0,0.0,0.0,0.0,0.0473184229262888,0.20911521270140473,0.0,0.0,0.0,0.0,0.042091223834768134,0.00283185802020326,0.0,0.0,0.0,0.31578932863374265,0.0,0.0,0.0,0.0
TARGET.20.PAXMGU.09A,0.0,0.0,0.0,0.0,0.0,0.0,0.0,0.06626936000383819,0.15106646434529808,0.0,0.0,0.0,0.0,0.0,0.299817465267678,0.24330788618144789,0.0,0.0,0.0,0.010580034015280718,0.0,0.04484516843120177,0.0,0.0,0.0,0.1841136217552553,0.0,0.0,0.0,0.0
TARGET.20.PAXEMU.09A,0.0,0.0,0.0,0.11706716010015376,0.0,0.0,0.0,0.11057421164344339,0.17067057965082855,0.0,0.0,0.0,0.0,0.0,0.02453977881325485,0.5714891925227922,0.0,0.0,0.005659077269527335,0.0,0.0,0.0,0.0,0.0,0.0,0.0,0.0,0.0,0.0,0.0
TARGET.20.PAVBUX.09A,0.0,0.0,0.0,0.0,0.0,0.0,0.0,0.0,0.0,0.0,0.0,0.0,0.0,0.0,0.0,1.0,0.0,0.0,0.0,0.0,0.0,0.0,0.0,0.0,0.0,0.0,0.0,0.0,0.0,0.0
TARGET.20.PAVIXV.09A,0.0,0.0,0.0,0.0,0.0,0.0,0.0,0.03099218194305294,0.25460759903118363,0.0,0.0,0.0,0.0,0.0,0.01201031710527767,0.7023899019204858,0.0,0.0,0.0,0.0,0.0,0.0,0.0,0.0,0.0,0.0,0.0,0.0,0.0,0.0
TARGET.20.PAVCPM.09A,0.0,0.0,0.0,0.0,0.027558613740616373,0.0,0.0,0.08925606380775371,0.280648537681185,0.0,0.0,0.0,0.0,0.0,0.2783815941069528,0.19240570853514088,0.0,0.0,0.0,0.0,0.0,0.0020580873734668535,0.0,0.0,0.1296913947548844,0.0,0.0,0.0,0.0,0.0
TARGET.20.PAVNKI.09A,0.0,0.14667889058809272,0.0,0.0,0.0,0.0,0.0,0.03680323352054222,0.14066101082586507,0.0,0.0,0.0,0.0,0.0,0.20077294830073172,0.4363921920153614,0.0,0.0,0.03210898600326259,0.0,0.0,0.0065827387461442005,0.0,0.0,0.0,0.0,0.0,0.0,0.0,0.0
TARGET.20.PASUCA.09A,0.0,0.0,0.010258501125398969,0.0,0.05919278546136133,0.0,0.0,0.11701278427677408,0.07240404631877309,0.0,0.0,0.0,0.0,0.0,0.05091686250702839,0.25198215194119167,0.0,0.0,0.0,0.0,0.14878864230675143,0.005080343755507884,0.0,0.0,0.06458721145829426,0.21977667084891883,0.0,0.0,0.0,0.0
TARGET.20.PAVAAM.09A,0.0,0.0,0.0,0.0,0.0,0.0,0.0,0.03173524590353914,0.1725122667788939,0.0,0.0,0.0,0.0,0.0,0.06511999488136913,0.7303376286732894,0.0,0.0,0.0,0.0,0.0,0.0002948637629083091,0.0,0.0,0.0,0.0,0.0,0.0,0.0,0.0
TARGET.20.PAWTYT.09A,0.0,0.0,0.0,0.0,0.0,0.0,0.0,0.051240889579532996,0.03149058932286214,0.0,0.0,0.0,0.0,0.0,0.0,0.8165756581551109,0.0,0.0,0.0770128672091131,0.0,0.0,0.023679995733380876,0.0,0.0,0.0,0.0,0.0,0.0,0.0,0.0
TARGET.20.PANSBH.09A,0.0,0.0,0.0,0.0,0.0,0.0,0.0,0.045484619286057945,0.0,0.0,0.0,0.0,0.1319073716091153,0.0,0.16365377364422176,0.06774396895968128,0.0,0.0,0.0024837148016171547,0.005266432011011146,0.04293726436431459,0.00012137882564878512,0.0,0.049041116564732735,0.0,0.49136035993359917,0.0,0.0,0.0,0.0
TARGET.20.PAVECZ.09A,0.0,0.0,0.0,0.0,0.0,0.0,0.0,0.11544161381111877,0.061455665543609074,0.0,0.0,0.0,0.0,0.0,0.0,0.7310340722941301,0.0,0.0,0.0,0.0,0.0,0.0,0.09206864835114217,0.0,0.0,0.0,0.0,0.0,0.0,0.0
TARGET.20.PAWBTJ.09A,0.0,0.0,0.0,0.0,0.0,0.0,0.0,0.05992579017390188,0.33218219046466635,0.0,0.0,0.0,0.0,0.0,0.03153613876171405,0.23648130028523223,0.0,0.05284477521020146,0.010492865306262105,0.08715822820847022,0.0,0.0320267325582466,0.0,0.0,0.0,0.1573519790313052,0.0,0.0,0.0,0.0
TARGET.20.PAWFFJ.09A,0.0,0.0,0.0,0.0,0.0,0.0,0.0,0.14373849558297855,0.04843237169813461,0.0,0.0,0.0,0.0,0.0,0.12743915907490533,0.4936479749491779,0.0,0.0,0.0,0.031440549566296015,0.0,0.00672244658588975,0.0,0.0,0.0,0.14857900254261786,0.0,0.0,0.0,0.0
TARGET.20.PASYJL.09A,0.24923564161631442,0.0,0.0,0.0,0.05466202738166662,0.0,0.0,0.08528761328066121,0.382150841158793,0.0,0.0,0.0,0.0,0.0,0.22559957565119373,0.0,0.0,0.0,0.0,0.0,0.0,0.0030643009113709343,0.0,0.0,0.0,0.0,0.0,0.0,0.0,0.0
TARGET.20.PAUVEF.09A,0.0,0.0,0.0,0.12656367967993234,0.0,0.0,0.0,0.06196613089307009,0.06368766768040891,0.0,0.0,0.0,0.0,0.0,0.03582959484888851,0.5530866989706282,0.0,0.0,0.0,0.0,0.0,0.0015564839678695779,0.0,0.0,0.0,0.15730974395920244,0.0,0.0,0.0,0.0
TARGET.20.PAWEYY.09A,0.0,0.0,0.0,0.0,0.034483337802053496,0.0,0.0,0.09614156891602908,0.09516009557145746,0.0,0.0,0.0,0.0,0.0,0.3539295612453811,0.0,0.0,0.0,0.0,0.4197067459332901,0.0,0.000578690531788737,0.0,0.0,0.0,0.0,0.0,0.0,0.0,0.0
TARGET.20.PAYHRE.Sorted.leukemic.09A,0.0,0.0,0.0,0.0,0.0,0.0,0.0,0.0436804137279629,0.1685121545798719,0.0,0.0,0.0,0.0,0.0,0.0,0.26557716928982505,0.0,0.0,0.0,0.0,0.028322431476587633,0.008362438354953651,0.08646235260047899,0.0,0.0,0.0,0.0,0.0,0.39908303997031985,0.0
TARGET.20.PAWNAP.09A,0.0,0.0,0.0,0.0,0.0,0.0,0.0,0.012343904854803142,0.32044090222552674,0.0,0.0,0.0,0.0,0.0,0.0,0.4394552695759698,0.0,0.0,0.0,0.0,0.0,0.007419982055770007,0.0,0.0,0.07129502109286673,0.14904492019506355,0.0,0.0,0.0,0.0
TARGET.20.PAVZBA.09A,0.0,0.0,0.0,0.0,0.016071746618256715,0.0,0.0,0.11467471208876019,0.01907605247688533,0.0,0.1356361539804575,0.0,0.0,0.0,0.5184947010821163,0.18268631282542006,0.0,0.0,0.012273603758514029,0.0,0.0,0.001086717169589855,0.0,0.0,0.0,0.0,0.0,0.0,0.0,0.0
TARGET.20.PAWIWJ.09A,0.0,0.0,0.0,0.0,0.0,0.0,0.0,0.07950130528936322,0.24806683228798596,0.0,0.0,0.0,0.0,0.0,0.08551221652145471,0.5835645534103869,0.0,0.0,0.0,0.0,0.0,0.0033550924908092657,0.0,0.0,0.0,0.0,0.0,0.0,0.0,0.0
TARGET.20.PAWVGF.09A,0.0,0.0,0.07556329342508974,0.0,0.0,0.0,0.0,0.0742910435237057,0.3054637168545079,0.0,0.0,0.0,0.0,0.0,0.0,0.27437068378693774,0.0,0.0,0.0,0.0,0.0,0.03234427394196953,0.0,0.0,0.0,0.23796698846778946,0.0,0.0,0.0,0.0
TARGET.20.PAWZAU.09A,0.0,0.00617843617738604,0.0,0.0,0.0035802620070748024,0.0,0.0,0.036155005283336775,0.22342892434731795,0.0,0.0,0.0,0.0,0.0,0.16920975162926508,0.34137435690619605,0.0,0.0,0.0,0.0,0.002371339032509006,0.008113808852492802,0.0,0.0,0.0,0.2095881157644215,0.0,0.0,0.0,0.0
TARGET.20.PAXFWY.09A,0.0,0.0,0.0,0.0,0.0,0.0,0.0,0.0053890691912709225,0.23325345555456448,0.0,0.0,0.0,0.0,0.0,0.12072022100347074,0.5363714327426202,0.0,0.0,0.002714646577473338,0.0,0.0,0.10155117493060045,0.0,0.0,0.0,0.0,0.0,0.0,0.0,0.0
TARGET.20.PAPWHS.09A,0.0,0.0,0.0673156048883919,0.0,0.0,0.0,0.0,0.04244169538174242,0.19483418269991493,0.027596204588145126,0.0,0.0,0.0,0.13596867299628979,0.0,0.04672229357727755,0.0,0.0,0.015038839484277268,0.0,0.44101403114702936,0.0,0.02863012376766027,0.0,0.000438351469271511,0.0,0.0,0.0,0.0,0.0
TARGET.20.PAWZUZ.09A,0.0,0.027129202415647986,0.0,0.0,0.0,0.0,0.0,0.0,0.2938432277171903,0.0,0.0,0.0,0.0,0.0,0.012379146090523919,0.5489492319875764,0.0,0.0,0.0037555055308332664,0.0,0.0,0.02105082226191278,0.0,0.0,0.0,0.0,0.0,0.0,0.09289286399631536,0.0
TARGET.20.PAWLKE.09A,0.0,0.0,0.0,0.0,0.0,0.0,0.0,0.07339446514419752,0.29168092586090305,0.0,0.0,0.0,0.0,0.0,0.08976562208133522,0.3588523042010434,0.0,0.0,0.0,0.07026789751326967,0.0,0.006908578816136331,0.0,0.0,0.010220530826907166,0.09890967555620764,0.0,0.0,0.0,0.0
TARGET.20.PASZZE.09A,0.0,0.0,0.0,0.0,0.0,0.0,0.0,0.0,0.0,0.0,0.0,0.0,0.0,0.0,0.15866103917721835,0.5255292525531752,0.036168331678146856,0.12904885230002608,0.0,0.0,0.0,0.0,0.0,0.047308927369104053,0.0,0.10328359692232945,0.0,0.0,0.0,0.0
TARGET.20.PAVXCF.09A,0.0,0.0,0.0,0.0,0.0,0.0,0.0,0.06267785988149942,0.046832710406877656,0.0,0.0,0.0,0.0,0.0,0.0,0.2960791169928967,0.0,0.0,0.0,0.08654800049377397,0.0,0.20667825061822492,0.0,0.0,0.0,0.30118406160672745,0.0,0.0,0.0,0.0
TARGET.20.PAVAVV.09A,0.0,0.0,0.0,0.0,0.048085220947054176,0.0,0.0,0.16990838286819518,0.17211966967427297,0.0,0.0,0.0,0.0,0.0,0.40219674052507004,0.15906068714597343,0.0,0.0,0.0,0.009572547805116034,0.0,0.0022257925624491457,0.0,0.0,0.0,0.03683095847186903,0.0,0.0,0.0,0.0
TARGET.20.PAVMNK.09A,0.0,0.0,0.0,0.0,0.0,0.0,0.0,0.029687729057083688,0.3433159707966167,0.0,0.0,0.0,0.0,0.0,0.0,0.5540052626856851,0.0,0.0,0.05566494195651532,0.0,0.0,0.017326095504099324,0.0,0.0,0.0,0.0,0.0,0.0,0.0,0.0
TARGET.20.PAXMCH.09A,0.0,0.0,0.0,0.0,0.0,0.0,0.0,0.14832545927719604,0.2769461974459699,0.0,0.0,0.0,0.0,0.0,0.0,0.3461664674408421,0.0,0.0,0.0,0.09901282374307678,0.0,0.11557831710741387,0.0,0.0,0.005331597797227556,0.008639137188273584,0.0,0.0,0.0,0.0
TARGET.20.PASRRL.09A,0.0,0.0,0.0,0.0,0.0,0.0,0.0,0.1117267513105625,0.23193101581087666,0.0,0.0,0.0,0.0,0.0,0.08475493181232029,0.17293631300603507,0.0,0.0,0.0,0.14183676037869863,0.0,0.02182225508552874,0.0,0.0,0.0,0.2349919725959782,0.0,0.0,0.0,0.0
TARGET.20.PAUZLS.09A,0.0,0.0,0.0,0.0,0.0,0.0,0.0,0.021174636170444804,0.4252294590137912,0.0,0.0,0.0,0.0,0.0,0.0,0.553595904815764,0.0,0.0,0.0,0.0,0.0,0.0,0.0,0.0,0.0,0.0,0.0,0.0,0.0,0.0
TARGET.20.PASWPT.09A,0.0,0.0,0.0,0.0,0.0,0.0,0.0,0.0,0.0,0.0,0.0,0.0,0.0,0.06201553804322928,0.0,0.19787934922738176,0.0,0.0,0.0,0.0,0.0,0.0,0.04177988307156726,0.0,0.0,0.0,0.0,0.0,0.6983252296578217,0.0
TARGET.20.PATETC.09A,0.0,0.0,0.0,0.0,0.0,0.0,0.0,0.021377577727042584,0.4345302854938274,0.0,0.0,0.0,0.0,0.0,0.0,0.30000137501603835,0.0,0.0,0.0,0.0,0.0,0.003228338240651292,0.0,0.0,0.0,0.24086242352244028,0.0,0.0,0.0,0.0
TARGET.21.PASYWA.09A,0.0,0.0,0.0,0.0,0.1375709482664812,0.0,0.0,0.04062775817624813,0.12299812059851525,0.0,0.0,0.0,0.0,0.0,0.615473660983226,0.05492469191113147,0.0,0.0,0.002846378704844746,0.021929652550685762,0.0,0.003628788808867467,0.0,0.0,0.0,0.0,0.0,0.0,0.0,0.0
TARGET.20.PAUBLN.09A,0.0,0.0,0.0,0.3075328692476997,0.0,0.0,0.0,0.0,0.0,0.0,0.0,0.0,0.0,0.0,0.0,0.5312694927417809,0.0,0.0,0.02261629350786324,0.0,0.0,0.002391723657635609,0.04694887223962947,0.0,0.0892407486053911,0.0,0.0,0.0,0.0,0.0
TARGET.20.PATLIG.09A,0.0,0.12987536526753476,0.0,0.0,0.0,0.0,0.0,0.06200732396229569,0.041763988146452546,0.0,0.0,0.0,0.0,0.0,0.2059550539563746,0.05775547906516454,0.0,0.015576537501290452,0.0,0.0,0.015237874515528818,0.0,0.0,0.0,0.0,0.4718283775853587,0.0,0.0,0.0,0.0
TARGET.20.PARUXJ.09A,0.0,0.0,0.0,0.0,0.0,0.0,0.0,0.02488309561015596,0.22979896018052023,0.0,0.0,0.0,0.0,0.0,0.09737574694273121,0.27126325160688636,0.044947172039238495,0.03531048514825568,0.0,0.0,0.0,0.006346841213725941,0.0,0.0,0.0,0.29007444725848613,0.0,0.0,0.0,0.0
TARGET.20.PATKUG.09A,0.0,0.051250126856712146,0.0,0.0,0.0,0.0,0.0,0.05195901289274242,0.15631720552697112,0.0,0.0,0.0,0.0,0.0,0.15575789099590917,0.18808861552267825,0.0,0.0,0.0,0.0,0.015745195022494253,0.002682400005816209,0.0,0.0,0.0,0.3781995531766764,0.0,0.0,0.0,0.0
TARGET.20.PAELWA.09A,0.0,0.0,0.0,0.0,0.0,0.0,0.0,0.023395835915049203,0.06797545867684869,0.0,0.0,0.0,0.0,0.0,0.12387398525764354,0.1698932120914637,0.0027241046117093513,0.0,0.0,0.0,0.0,0.015230881691247304,0.0,0.0,0.10305045569551725,0.493856066060521,0.0,0.0,0.0,0.0
TARGET.20.PAWPDC.09A,0.0,0.0,0.0,0.06983844755900531,0.0,0.0,0.0,0.030797279953978608,0.3923213547627698,0.0,0.0,0.0,0.0,0.0,0.00957450471485318,0.2421635836321173,0.05582466802770583,0.0,0.0,0.0,0.0,0.008711197694427075,0.0,0.0,0.0,0.19076896365514287,0.0,0.0,0.0,0.0
TARGET.20.PAWHZX.09A,0.0,0.0,0.0,0.0,0.0,0.0,0.0,0.016627606296334117,0.24065583931107143,0.0,0.0,0.0,0.0,0.0,0.0,0.5756051720464771,0.0,0.0,0.012991513662079577,0.0,0.0,0.06123523876777514,0.0,0.0,0.0,0.0928846299162627,0.0,0.0,0.0,0.0
TARGET.20.PAWHML.09A,0.0,0.0,0.0,0.0,0.0,0.0,0.0,0.061720193002924105,0.0,0.0,0.0,0.0,0.0,0.0,0.15708425058132106,0.6101003432817784,0.0,0.0,0.011532821663644879,0.0,0.0,0.0143520880524779,0.0,0.0,0.0,0.1452103034178535,0.0,0.0,0.0,0.0
TARGET.20.PAWNYX.09A,0.0,0.0,0.0,0.0,0.0,0.0,0.0,0.11325462106110071,0.15449703296646308,0.0,0.0,0.0,0.0,0.0,0.014368854609940815,0.6446304566105867,0.0,0.0,0.0,0.03493619655879426,0.0,0.004958251855780206,0.0,0.0,0.03335458633733431,0.0,0.0,0.0,0.0,0.0
TARGET.20.PATAST.09A,0.0,0.0,0.0,0.0,0.0,0.0,0.0,0.021610166806183218,0.21856917511773483,0.029181116124399924,0.0,0.0,0.0,0.0,0.0,0.30732740030911504,0.0,0.0,0.0,0.0,0.3737554390773791,0.049556702565187884,0.0,0.0,0.0,0.0,0.0,0.0,0.0,0.0
TARGET.20.PATFDF.09A,0.0,0.0,0.0,0.0,0.007791747469883783,0.0,0.0,0.10342875499102203,0.22764307355218652,0.0,0.0,0.0,0.0,0.0,0.0,0.03901773530116213,0.0,0.0028659306178618104,0.0,0.0,0.0038636518942678716,0.0025436896437464693,0.0,0.0,0.0,0.6128454165298693,0.0,0.0,0.0,0.0
TARGET.20.PAVBIH.09A,0.0,0.0,0.03071063095406759,0.0,0.0,0.0,0.0,0.07245135100784378,0.2848050816523561,0.0,0.0,0.0,0.0,0.0,0.08465390904895129,0.26600178614857756,0.03553228411132229,0.0,0.0,0.0,0.0,0.003783866743031018,0.0,0.0,0.0,0.22206109033385033,0.0,0.0,0.0,0.0
TARGET.20.PAKYCW.09A,0.0,0.0,0.08501697909275684,0.0,0.0,0.0,0.0,0.08933794798279172,0.1029229805446813,0.0,0.0,0.0,0.0,0.0,0.02404715503891066,0.3413167089251181,0.0,0.0,0.0,0.0,0.0,0.0249951179774485,0.0,0.0,0.0,0.332363110438293,0.0,0.0,0.0,0.0
TARGET.20.PASRTP.09A,0.0,0.0,0.0,0.009117601777964326,0.0,0.0,0.0,0.019549758799740916,0.571302030410706,0.0,0.0,0.0,0.0,0.0,0.10269140378720445,0.19880384365015896,0.0,0.0,0.0,0.0,0.0,0.0007446644729504546,0.0,0.0,0.0,0.0977906971012748,0.0,0.0,0.0,0.0
TARGET.20.PAVRGN.09A,0.0,0.0,0.0,0.0,0.0,0.0,0.0,0.010555159285679292,0.10031116140454527,0.0,0.0,0.0,0.0,0.0,0.017230988929183382,0.4487033533271383,0.0,0.011235166238942865,0.06165346710669561,0.0,0.013905667749423069,0.005162086662086609,0.0,0.0,0.0,0.3312429492963056,0.0,0.0,0.0,0.0
TARGET.20.PAXLVU.09A,0.0,0.0,0.0,0.0,0.0,0.0,0.0,0.05547683788665018,0.0,0.0,0.0,0.0,0.0,0.0,0.0,0.43059694132008375,0.0,0.0,0.013973598553408684,0.04702257631125261,0.0,0.07039623981407978,0.014154853942474833,0.0,0.05718768297909056,0.16603053361466963,0.0,0.0,0.1451607355782901,0.0
TARGET.20.PAVCHU.09A,0.0,0.0,0.0,0.0,0.0,0.0,0.0,0.05023315136755547,0.0,0.0,0.0,0.0,0.0,0.0,0.0,0.3768141981236479,0.0,0.0,0.0,0.0,0.0,0.0,0.022809097917802463,0.0,0.0,0.0,0.0,0.0,0.5501435525909942,0.0
TARGET.20.PAWLHJ.09A,0.0,0.0,0.0,0.0,0.0,0.0,0.0,0.07590383742636127,0.05455330364807834,0.0,0.0,0.0,0.0,0.0,0.0,0.8280567495115738,0.0,0.0,0.0,0.0,0.0,0.0,0.0,0.0,0.041486109413986644,0.0,0.0,0.0,0.0,0.0
TARGET.20.PANYGP.09A,0.0,0.2295992355121012,0.0,0.0,0.0,0.0,0.0,0.0,0.0,0.0,0.0,0.0,0.028079552811376314,0.0,0.05084672880781603,0.0,0.0,0.0,0.0,0.0,0.19343678297210865,0.0,0.0,0.11458710237298649,0.0,0.38345059752361144,0.0,0.0,0.0,0.0
TARGET.20.PAEFEJ.09A,0.0191981324017925,0.0,0.045202269690765816,0.26584567842131224,0.0793418996284929,0.0,0.0,0.0722718137233638,0.14927700539820463,0.0,0.0,0.0,0.0,0.0,0.0,0.20663733701930107,0.0,0.0,0.0,0.0,0.03733129607728684,0.001141521326794659,0.0,0.0,0.08164572632718238,0.04210731998550328,0.0,0.0,0.0,0.0
TARGET.20.PAYHVK.Sorted.non.leukemic.09A,0.0,0.0,0.0,0.0,0.0,0.0,0.0,0.008717346310961285,0.21428846183541528,0.0,0.0,0.0,0.0,0.06229824537265976,0.0,0.19302115182839183,0.0,0.0,0.0044499054813120454,0.0,0.0,0.0436618126092887,0.14541384070601865,0.0,0.052699423761197746,0.0,0.0,0.0,0.27544981209475466,0.0
TARGET.20.PARWXS.09A,0.0,0.0,0.0,0.0,0.0,0.0,0.0,0.03253435448637058,0.0014030209735554,0.0,0.0,0.0,0.0,0.0,0.0,0.2163680825327487,0.08054152799684389,0.0,0.03244884543098072,0.0,0.0,0.07333452564273622,0.0,0.09879309804528681,0.1768534014227017,0.21720319674128047,0.0,0.0,0.0705199467274956,0.0
TARGET.20.PAWDNM.09A,0.0,0.0,0.0,0.05913285302069264,0.0,0.0,0.0,0.06058488837401333,0.4299813001613494,0.0,0.0,0.0,0.0,0.0,0.05845301003209625,0.2779001855656064,0.0,0.0,0.0,0.0,0.0,0.04103805754579898,0.0,0.0,0.0,0.07290970530044291,0.0,0.0,0.0,0.0
TARGET.20.PAXLEE.09A,0.0,0.0,0.0,0.07455066372615968,0.0,0.0,0.0,0.02084297713196825,0.21860750182463543,0.0,0.0,0.0,0.0,0.0,0.04425530229496674,0.4204465978566669,0.0,0.0,0.0,0.0,0.0,0.0010965072157692855,0.0,0.0,0.0,0.22020044994983362,0.0,0.0,0.0,0.0
TARGET.20.PATKKJ.09A,0.0,0.0,0.0,0.0,0.0,0.0,0.0,0.15837624002433645,0.1527468100872704,0.0,0.0,0.0,0.0,0.0,0.368107491517878,0.04706307501982782,0.0,0.0,0.0,0.0,0.0,0.004512908822719637,0.0,0.0,0.13137087492977054,0.13782259959819734,0.0,0.0,0.0,0.0
TARGET.20.PATVRA.09A,0.0,0.0,0.0,0.1423347199938121,0.0,0.0,0.0,0.08550398744259051,0.0,0.0,0.03425424133081327,0.0,0.0,0.0,0.0,0.4525087103955793,0.0,0.0,0.021594531770333908,0.0,0.0,0.0033383837191148444,0.021366410342074756,0.0,0.23909901500568123,0.0,0.0,0.0,0.0,0.0
TARGET.20.PATFMR.09A,0.0,0.0,0.0,0.0,0.0,0.0,0.0,0.10476991266652656,0.0,0.0,0.0,0.0,0.0,0.0,0.03728099873576814,0.0,0.0,0.0,0.0,0.0,0.0,0.0,0.0,0.0,0.8579490885977054,0.0,0.0,0.0,0.0,0.0
TARGET.20.PANVGP.09A,0.0,0.10052101755366984,0.0,0.0,0.0,0.0,0.0,0.0,0.15852565300408408,0.0,0.0,0.0,0.06582160277583476,0.0,0.13631822179983602,0.04842445266590337,0.004518388525962144,0.10064853141078743,0.0,0.0,0.0,0.0,0.0,0.06663932310385741,0.0,0.3185828091600649,0.0,0.0,0.0,0.0
TARGET.20.PATDFZ.09A,0.0,0.0,0.0,0.11058653819252498,0.0,0.0,0.0,0.012602288839786624,0.13387696455275494,0.0,0.0,0.0,0.0,0.0,0.1253570831249027,0.11248959581903557,0.0,0.09908190414124361,0.0,0.0,0.07717759150518488,0.0,0.0,0.0,0.0,0.3288280338245666,0.0,0.0,0.0,0.0
TARGET.20.PAEMDG.09A,0.0,0.0,0.0,0.0,0.0,0.0,0.0,0.08849953176396531,0.08699041403479746,0.0,0.0,0.0,0.0,0.0,0.23363417288195826,0.125259793018581,0.0,0.0,0.011345639607550542,0.0,0.08325294767114634,0.004556985911270485,0.0,0.0,0.0,0.3664605151107307,0.0,0.0,0.0,0.0
TARGET.20.PASSSI.09A,0.0,0.0,0.0,0.0,0.0,0.0,0.0,0.033266581397614264,0.1215068811999887,0.0,0.0,0.0,0.0,0.0,0.0,0.15454730846866407,0.0257697343790969,0.0,0.0,0.0,0.09938329118620652,0.0,0.0,0.059561949705494666,0.0,0.46791179857753706,0.0,0.0,0.03805245508539782,0.0
TARGET.20.PATJWG.09A,0.0,0.13968181427408158,0.0,0.0,0.02839826709892381,0.0,0.0,0.09414073558276283,0.0969841326533372,0.0,0.0,0.0,0.0,0.0,0.41210515494835404,0.06391698371791195,0.0,0.0,0.0,0.0,0.0,0.0027690875578810672,0.0,0.0,0.0,0.1620038241667475,0.0,0.0,0.0,0.0
TARGET.20.PAUMZV.09A,0.0,0.0010904328193798232,0.0,0.3194574179330481,0.0,0.0,0.0,0.04070606306976339,0.0,0.0,0.0,0.0,0.0,0.0,0.0,0.5816865149228723,0.0,0.0,0.03738488872487293,0.0,0.0,0.004156163728852874,0.0,0.0,0.01551851880121062,0.0,0.0,0.0,0.0,0.0
TARGET.20.PAKHBF.09A,0.0,0.016905098616186238,0.0,0.0,0.0,0.0,0.0,0.0019912009807198554,0.04386401909466956,0.0,0.0,0.0,0.05346641175721113,0.0,0.01412289443283195,0.12985768651170118,0.0,0.0,0.0,0.0,0.3471328371615885,0.002302000961830431,0.0,0.0,0.0,0.3903578504832612,0.0,0.0,0.0,0.0
TARGET.20.PAXMPF.09A,0.0,0.0,0.0,0.0,0.0,0.0,0.0,0.044337222393987734,0.24382941134075742,0.0,0.0,0.0,0.0,0.0,0.0,0.6653983518205145,0.0,0.0,0.0,0.0,0.0,0.006049121988703699,0.02882393818645429,0.0,0.011561954269582418,0.0,0.0,0.0,0.0,0.0
TARGET.20.PARZYF.09A,0.0,0.0,0.0,0.0,0.0,0.0,0.0,0.02197725304614559,0.3089470886609955,0.0,0.0,0.0,0.0,0.0,0.0,0.4300601303210736,0.0,0.0,0.015471991248050135,0.0,0.006969431613130144,0.006293745932565926,0.0,0.0,0.030261911603406064,0.06728050303864816,0.0,0.0,0.11273794453598492,0.0
TARGET.20.PAVZJX.09A,0.0,0.0,0.0,0.0,0.0,0.0,0.0,0.08360521903768035,0.0,0.0,0.0,0.0,0.0,0.0,0.0,0.40214886811289746,0.0,0.0,0.0,0.0,0.0,0.013762275576513635,0.0,0.0,0.007430812255421544,0.0,0.0,0.0,0.493052825017487,0.0
TARGET.20.PAWKJC.09A,0.0,0.0,0.0,0.0,0.0,0.0,0.0,0.06894793347515535,0.21466888396077144,0.0,0.0,0.0,0.0,0.0,0.0,0.5048304338966566,0.0,0.0,0.0,0.0,0.0,0.0,0.13063375147834475,0.0,0.0,0.0,0.0,0.0,0.08091899718907195,0.0
TARGET.20.PAXFEE.09A,0.0,0.0,0.0,0.0,0.0,0.0,0.0,0.1963497498242467,0.21407724044552884,0.0,0.0,0.0,0.0,0.0,0.25886474091052375,0.09270079158892207,0.0,0.0,0.0,0.20883421076140501,0.0,0.005198826764809484,0.0,0.0,0.0,0.023974439704564185,0.0,0.0,0.0,0.0
TARGET.20.PATHPT.09A,0.0,0.0,0.0,0.0,0.01814176760689711,0.0,0.0,0.14187550296878967,0.0700848443021306,0.0,0.0,0.0,0.0,0.0,0.4487976798011969,0.2444013405588295,0.0,0.0,0.0270696550877355,0.04887100229634894,0.0,0.0007582073780718415,0.0,0.0,0.0,0.0,0.0,0.0,0.0,0.0
TARGET.20.PAWNPU.09A,0.0,0.0,0.0,0.0,0.0,0.0,0.0,0.11125673505148481,0.16144990769709747,0.0,0.0,0.0,0.0,0.0,0.4216913299882015,0.30113867717626985,0.0,0.0,0.0,0.0,0.0,0.0044633500869464575,0.0,0.0,0.0,0.0,0.0,0.0,0.0,0.0
TARGET.20.PAWRPD.09A,0.0,0.0,0.0,0.0,0.0,0.0,0.0,0.07462588615645994,0.025885307347951154,0.0,0.0,0.0,0.0,0.0,0.0,0.39848668158739553,0.0,0.0,0.0,0.0,0.0,0.0,0.0,0.0,0.0,0.0,0.0,0.0,0.5010021249081934,0.0
TARGET.20.PAWBSE.09A,0.0,0.08459093535798347,0.0,0.0,0.040580402887278204,0.0,0.0,0.06634789569655888,0.1616639711883237,0.0,0.0,0.0,0.0,0.0,0.0,0.3468763300194335,0.0,0.0,0.007074469413443958,0.0,0.0,0.031938159719916814,0.0,0.0,0.004857172384507013,0.0,0.0,0.0,0.2560706633325544,0.0
TARGET.20.PAPZYS.09A,0.0,0.0,0.0,0.0,0.0,0.0,0.0,0.020920253361545335,0.1822474796418968,0.0,0.0,0.0,0.0,0.0,0.13524468701967093,0.08672832696313876,0.0,0.0,0.0,0.0,0.14252178037616037,0.0038477753814336476,0.0,0.0,0.0,0.4284896972561542,0.0,0.0,0.0,0.0
TARGET.20.PAECCE.09A,0.0,0.0,0.0013090157101979642,0.0,0.0,0.0,0.0,0.07513836105566923,0.12874893405467583,0.0,0.0,0.0,0.0,0.0,0.07202533627329123,0.0,0.0,0.0,0.0,0.0,0.0,0.017712977840028152,0.0,0.0,0.30448314295073975,0.40058223211539784,0.0,0.0,0.0,0.0
TARGET.20.PAVSHX.09A,0.0,0.0,0.0,0.0,0.0,0.0,0.0,0.07995967534912336,0.008495359260939387,0.0,0.0,0.0,0.0,0.0,0.0,0.3279463896984329,0.0,0.0,0.0,0.0,0.09893830776594775,0.002070090269443828,0.0,0.0,0.0,0.48259017765611284,0.0,0.0,0.0,0.0
TARGET.20.PAWIIK.09A,0.0,0.0,0.0,0.0,0.0,0.0,0.0,0.025205237571277912,0.20473852559719494,0.0,0.0,0.0,0.0,0.0,0.0,0.6337777678673353,0.0,0.0,0.0,0.011283536869481588,0.0,0.003332249573771269,0.0,0.0,0.00039581868512971537,0.12126686383580908,0.0,0.0,0.0,0.0
TARGET.20.PAVDDU.09A,0.0,0.0,0.0,0.17349164334724684,0.0,0.0,0.0,0.03368634672297225,0.0,0.0,0.0,0.0,0.0,0.0,0.0,0.532848417159357,0.0,0.0,0.023211357446482794,0.0,0.0,0.0,0.10436931389677166,0.0,0.13239292142716938,0.0,0.0,0.0,0.0,0.0
TARGET.20.PATHZZ.09A,0.0,0.0,0.0,0.0,0.0,0.0,0.0,0.07018049416713493,0.0,0.0,0.0,0.0,0.0,0.0,0.0,0.36443941434319377,0.0,0.0,0.0,0.0,0.0,0.0,0.4123725408190992,0.0,0.0,0.0,0.0,0.0,0.1530075506705722,0.0
TARGET.20.PASYYW.09A,0.0,0.0,0.0,0.0,0.0,0.0,0.0,0.10051548225412764,0.39202161199268837,0.0,0.0,0.0,0.0,0.0,0.15022473715290197,0.11024182287942809,0.0,0.0,0.0,0.225389151515671,0.0,0.02160719420518294,0.0,0.0,0.0,0.0,0.0,0.0,0.0,0.0
TARGET.20.PASZNB.09A,0.0,0.0,0.0,0.0,0.0,0.0,0.0,0.08442455509770945,0.0,0.0,0.0,0.0,0.0,0.0,0.0,0.13441382037274033,0.0,0.0,0.01316347075829209,0.003797513429371453,0.0,0.4036174953586393,0.0,0.0,0.12738224385284655,0.0,0.0,0.0,0.23320090113040073,0.0
TARGET.20.PAVSAN.09A,0.0,0.0,0.0,0.0,0.0,0.0,0.0,0.019495919412622593,0.3853389686402385,0.0,0.0,0.0,0.0,0.0,0.0,0.46256388934347015,0.0,0.0,0.043807555566616294,0.0,0.0,0.01441050241046466,0.0,0.0,0.0,0.008609741002704424,0.0,0.0,0.06577342362388326,0.0
TARGET.20.PADZKD.09A,0.0,0.35232775356347196,0.006767760688795542,0.0,0.0006662266419689415,0.0,0.0,0.10227328845532811,0.04504574964464167,0.0,0.0,0.0,0.0,0.0,0.0,0.2570776201897232,0.0,0.0,0.0,0.0,0.13553218141033013,0.008733405316841247,0.0,0.0,0.0,0.09157601408889915,0.0,0.0,0.0,0.0
TARGET.20.PAUPSX.09A,0.0,0.0,0.0,0.0,0.0,0.0,0.0,0.0438276368902567,0.0,0.0,0.0,0.0,0.0,0.0,0.46741333420243586,0.4756247173537085,0.0,0.0,0.013134311553598909,0.0,0.0,0.0,0.0,0.0,0.0,0.0,0.0,0.0,0.0,0.0
TARGET.20.PAVPWB.09A,0.0,0.0,0.0263998747834401,0.0,0.0,0.0,0.0,0.11463278312181585,0.12036563295971665,0.0,0.0,0.0,0.0,0.0,0.09297912558591817,0.49283240744766976,0.0,0.0,0.0,0.0,0.0,0.02837534364220945,0.0,0.0,0.0,0.12441483245923006,0.0,0.0,0.0,0.0
TARGET.20.PAVRJP.09A,0.0,0.0,0.0,0.0,0.0,0.0,0.0,0.12032130821377882,0.2098576427867701,0.0,0.0,0.0,0.0,0.0,0.07207362218938246,0.4871531939118269,0.0,0.0,0.0,0.0960635602247037,0.0,0.003506829546626696,0.0,0.0,0.011023843126911294,0.0,0.0,0.0,0.0,0.0
TARGET.20.PALVKV.09A,0.0,0.1412191080839977,0.0,0.0,0.0,0.0,0.0,0.0014682593589162253,0.07377594479625892,0.0,0.0,0.0,0.0,0.0,0.10311590656848131,0.1974350197661713,0.03187836652757067,0.0,0.0,0.0,0.19429478749003987,0.0019132684505873247,0.0,0.0,0.0,0.25489933895797673,0.0,0.0,0.0,0.0
TARGET.20.PARKFB.09A,0.0,0.0,0.0,0.0,0.0,0.0,0.0,0.03789812881012038,0.10164518143331795,0.0,0.0,0.0,0.0,0.0,0.0,0.23518280532978783,0.17907229158659638,0.0,0.0,0.0,0.01576714591592675,0.0,0.0,0.07300656413948875,0.002140052952265623,0.2452184550514291,0.0,0.0,0.11006937478106739,0.0
TARGET.20.PAXDGH.09A,0.0,0.0,0.08530930878583826,0.21863283218397017,0.0,0.0,0.0,0.1276010216757188,0.01970228224801888,0.0,0.0,0.0,0.0,0.0,0.0,0.4310343877268198,0.0,0.0,0.00664260719658564,0.0,0.0,0.04897791817249231,0.0,0.0,0.0,0.06209964201055613,0.0,0.0,0.0,0.0
TARGET.20.PAURVI.09A,0.0,0.0,0.0,0.0,0.0,0.0,0.0,0.026642647238730752,0.3833690999641216,0.0,0.0,0.0,0.0,0.0,0.045826025360109025,0.3870083476760765,0.0,0.0,0.0,0.0,0.0,0.010429354023660384,0.0,0.0,0.0,0.14672452573730183,0.0,0.0,0.0,0.0
TARGET.20.PAUIPM.09A,0.0,0.0,0.0,0.0,0.0,0.0,0.0,0.02063201935929486,0.08854684893923603,0.0,0.0,0.0,0.0,0.0,0.0,0.632218419589615,0.0013581259330168356,0.0,0.0,0.0,0.0,0.003786723203443691,0.0,0.0,0.0,0.2534578629753935,0.0,0.0,0.0,0.0
TARGET.20.PANIDZ.09A,0.0,0.0,0.0,0.0,0.05624955748737806,0.0,0.0,0.049134499053062164,0.17387456237167775,0.0,0.0,0.0,0.0,0.0,0.4428469773556011,0.17132198025133163,0.0,0.0,0.013564846391950752,0.0,0.0,0.0,0.0,0.0,0.09300757708899851,0.0,0.0,0.0,0.0,0.0
TARGET.20.PAXUMB.09A,0.0,0.0,0.0,0.0,0.0,0.0,0.0,0.06599520205070905,0.2729719365765229,0.0,0.0,0.0,0.0,0.0,0.03889833516560641,0.2925624321376353,0.0,0.0,0.0,0.040864300779900685,0.0,0.18036480187481646,0.0,0.0,0.0,0.10834299141480916,0.0,0.0,0.0,0.0
TARGET.20.PARXNG.09A,0.0,0.0,0.0,0.0,0.0,0.0,0.0,0.030341935206697125,0.2676140252001437,0.0,0.0,0.0,0.06330739076154451,0.0,0.05910772739810074,0.1790234721783222,0.0,0.0,0.0,0.008841385714186422,0.10865013643859325,0.024472460818352065,0.0,0.0,0.0,0.2586414662840601,0.0,0.0,0.0,0.0
TARGET.20.PASJGZ.09A,0.0,0.0,0.0,0.0,0.03727331318345555,0.0,0.0,0.31015889725702317,0.2490762102054259,0.0,0.0,0.0,0.0,0.0,0.13736734153220495,0.11432796045807682,0.0,0.0,0.0,0.019056376856673836,0.0,0.005835253738598298,0.0,0.0,0.0,0.12690464676854152,0.0,0.0,0.0,0.0
TARGET.20.PAUMMG.09A,0.0,0.0,0.0,0.0,0.0,0.0,0.0,0.03831298408271251,0.15098498390282397,0.0,0.0,0.0,0.0,0.0,0.0,0.4172174189247998,0.0,0.15463175859899383,0.0,0.04626547066908435,0.0,0.0066348721192041925,0.0,0.0,0.0,0.18595251170238117,0.0,0.0,0.0,0.0
TARGET.20.PATLDB.09A,0.0043919563390153,0.0,0.0,0.0,0.0,0.0,0.0,0.03645525195411008,0.27648370770922187,0.0,0.0,0.0,0.0,0.0,0.0,0.21468555101321857,0.0,0.0,0.0,0.07742492290795261,0.0,0.002417675093378574,0.01628187840954979,0.0,0.21091544211971341,0.0,0.0,0.0,0.16094361445383973,0.0
TARGET.20.PAXEES.09A,0.0,0.0,0.045487324213995775,0.07803476925668014,0.0,0.0,0.0,0.038917526459473904,0.4051036263903402,0.0,0.0,0.0,0.0,0.0,0.0,0.33893235388694426,0.0063842666875201185,0.0,0.0,0.0,0.0,0.0,0.0,0.0,0.0,0.08714013310504559,0.0,0.0,0.0,0.0
TARGET.21.PANVPB.09A,0.0,0.2654035515671973,0.0,0.0,0.15746254698795584,0.0,0.0,0.06899372265089829,0.03242457337801616,0.0,0.0,0.0,0.0,0.0,0.0,0.13114753915343877,0.0,0.2845432897791944,0.0,0.0,0.0,0.003707193894187149,0.0,0.0,0.0,0.056317582589112104,0.0,0.0,0.0,0.0
TARGET.20.PAXHCC.09A,0.0,0.0008125632130867529,0.0,0.0,0.03172761258612274,0.0,0.0,0.050057976379348716,0.1907616285465633,0.0,0.0,0.0,0.0,0.0,0.4006638198457544,0.24751620621680112,0.0,0.0,0.0,0.0,0.0,0.0,0.0,0.0,0.0,0.07846019321232309,0.0,0.0,0.0,0.0
TARGET.20.PATDLZ.09A,0.0,0.0,0.0,0.0,0.0,0.0,0.0,0.05313607597678011,0.24267450467846668,0.0,0.0,0.0,0.0,0.0,0.006405095968035065,0.2440723884829682,0.0,0.0,0.0,0.0,0.0,0.04388167707708094,0.07068658996128888,0.0,0.0475367680950373,0.16498805541017025,0.0,0.0,0.12661884435017248,0.0
TARGET.20.PASSUW.09A,0.0,0.0,0.0,0.0,0.0,0.0,0.0,0.04806154009027874,0.1811940478459207,0.0,0.0,0.0,0.0012307093171651782,0.0,0.05129966757646451,0.1267616322853462,0.0,0.026707188294917396,0.024258420833169758,0.0,0.1676339069768737,0.004259679449159215,0.0,0.0,0.0,0.36859320733070466,0.0,0.0,0.0,0.0
TARGET.20.PAXCKK.09A,0.0,0.0,0.0,0.0,0.0,0.0,0.0,0.06469531145120212,0.4421314885866199,0.0,0.0,0.0,0.0,0.0,0.26807280562321656,0.2058907250980471,0.0,0.0,0.0,0.0,0.0,0.019209669240914395,0.0,0.0,0.0,0.0,0.0,0.0,0.0,0.0
TARGET.20.PATFNK.09A,0.0,0.0,0.0,0.0,0.0,0.0,0.0,0.08004105227246364,0.1509581272318341,0.0,0.0,0.0,0.0,0.0,0.0,0.4739346183195396,0.0,0.0,0.0,0.0,0.0,0.003915961901906652,0.0,0.0,0.1714490597969025,0.0,0.0,0.0,0.11970118047735345,0.0
TARGET.20.PAWDDC.09A,0.0,0.0,0.0,0.0,0.0,0.0,0.0,0.04668289479176636,0.03964139276799595,0.0,0.0,0.0,0.0,0.0,0.008438804254257713,0.524610804768334,0.0,0.0,0.024223683706340836,0.0,0.0,0.016963960460937465,0.0,0.0,0.0,0.21702461023670255,0.0,0.0,0.122413849013665,0.0
TARGET.20.PAXKTN.09A,0.0,0.0,0.0,0.0,0.0,0.0,0.0,0.06791158072882378,0.14634288898305461,0.0,0.0,0.0,0.0,0.0,0.0,0.5388802789302616,0.0,0.0,0.00018672674370836235,0.0,0.0,0.049494295339818944,0.0,0.0,0.0,0.16314201123837832,0.0,0.0,0.0340422180359544,0.0
TARGET.20.PAUVMN.09A,0.0,0.10410447517470958,0.0,0.0,0.0,0.0,0.0,0.07139414308463138,0.07573913231405956,0.0,0.0,0.0,0.0,0.0,0.46039088303928466,0.19274770093530752,0.0,0.0,0.09562366545200716,0.0,0.0,0.0,0.0,0.0,0.0,0.0,0.0,0.0,0.0,0.0
TARGET.20.PARWCG.09A,0.0,0.07373858424444898,0.0,0.0,0.0,0.0,0.0,0.1020277380550408,0.04782968807027092,0.0,0.0,0.0,0.0,0.0,0.17348703648503175,0.37765755664967765,0.0,0.0,0.07949186778654085,0.0,0.0,0.00703902911209583,0.0,0.0,0.0,0.13872849959689307,0.0,0.0,0.0,0.0
TARGET.20.PAWSJZ.09A,0.0,0.0,0.0,0.0,0.0,0.0,0.0,0.0,0.311917531801264,0.0,0.0,0.0,0.0,0.0,0.03099361105527038,0.3105775698441213,0.03160191184907885,0.013158284432326502,0.02197752254418703,0.0,0.0,0.0446203785525653,0.0,0.0,0.0,0.23515318992118653,0.0,0.0,0.0,0.0
TARGET.20.PAWWRG.09A,0.0,0.0,0.0,0.0,0.0,0.0,0.0,0.07718521746812632,0.22990641406863954,0.0,0.0,0.0,0.0,0.0,0.11312100656870705,0.5689948498356933,0.0,0.0,0.004609590744102943,0.0014433051503882893,0.0,0.00473961616434255,0.0,0.0,0.0,0.0,0.0,0.0,0.0,0.0
TARGET.20.PAEJBT.09A,0.0,0.058220630865615686,0.0303140521443748,0.0,0.0,0.0,0.0,0.03754022183821331,0.2687656070057838,0.0,0.0,0.0,0.0,0.0,0.0,0.14411664303380692,0.0,0.0,0.0,0.0,0.46104284511220556,0.0,0.0,0.0,0.0,0.0,0.0,0.0,0.0,0.0
TARGET.20.PAUSTZ.09A,0.0,0.0,0.0,0.0,0.0,0.0,0.0,0.0533817189449529,0.2643679915129334,0.0,0.0,0.0,0.0,0.0,0.0,0.5532107704297544,0.0,0.0,0.02417686225976229,0.019239327014454553,0.0,0.0034239167446196254,0.0,0.0,0.052670482115865225,0.02952893097765749,0.0,0.0,0.0,0.0
TARGET.20.PAXUVK.09A,0.0,0.0,0.0,0.4802668408577159,0.0,0.0,0.0,0.0,0.0,0.0,0.0,0.0,0.0,0.0,0.0,0.4961555768366092,0.0,0.0,0.02357758230567485,0.0,0.0,0.0,0.0,0.0,0.0,0.0,0.0,0.0,0.0,0.0
TARGET.20.PATPAC.09A,0.0,0.0,0.0,0.29019718752503604,0.0,0.016212369145451128,0.0,0.007832879098760289,0.0,0.0558798851283446,0.0,0.0,0.0,0.0,0.0,0.44647196224521285,0.0,0.0,0.021782387379646165,0.0,0.0,0.0013472423354509244,0.03350973670211196,0.0,0.126766350439986,0.0,0.0,0.0,0.0,0.0
TARGET.20.PAVMPA.09A,0.0,0.0,0.0,0.0,0.0,0.0,0.0,0.05129826644057926,0.11410044656934373,0.0,0.0,0.0,0.0,0.0,0.0,0.6367900672434575,0.0,0.0,0.0,0.009301947596414378,0.0,0.004260565721582534,0.0,0.0,0.0,0.18424870642862248,0.0,0.0,0.0,0.0
TARGET.20.PAMVVP.09A,0.0,0.0,0.0,0.0,0.0,0.0,0.0,0.037685002461744777,0.31926225259272223,0.0,0.0,0.0,0.0,0.0,0.0,0.2056878983379997,0.0,0.0,0.0,0.0,0.004809309616346338,0.0012057536617875167,0.09195516989823878,0.0,0.19117160516419435,0.0,0.0,0.0,0.1482230082669663,0.0
TARGET.20.PAWGCN.09A,0.0,0.0,0.0,0.0,0.0,0.0,0.0,0.034754016021912845,0.026397534963790305,0.0,0.0,0.0,0.0,0.0,0.001067738773457134,0.6317022323170579,0.0,0.0,0.0,0.0,0.0,0.0014378471395994294,0.0,0.0,0.0,0.2180186943416797,0.0,0.0,0.08662193644250259,0.0
TARGET.20.PAMYGX.09A,0.0,0.0,0.0,0.0,0.0,0.0,0.0,0.17904024121166723,0.26863994092312776,0.0,0.0,0.0,0.0,0.0,0.2019833422037782,0.0,0.026153528535304456,0.0,0.0,0.0,0.0,0.0,0.0,0.0,0.0,0.3241829471261224,0.0,0.0,0.0,0.0
TARGET.20.PASLDL.09A,0.0,0.0,0.0,0.0,0.0,0.0,0.0,0.013074009180996047,0.0,0.0,0.0,0.0,0.0,0.0,0.0,0.1216061796189792,0.0,0.0,0.07131846523626274,0.0,0.0,0.025626064876422616,0.0821419456113141,0.0,0.0,0.0,0.0,0.0,0.6862333354760254,0.0
TARGET.20.PAUEAN.09A,0.0,0.0,0.0,0.4138839794414689,0.0,0.0,0.0,0.07352508275799147,0.0,0.0,0.0,0.0,0.0,0.0,0.0,0.4658819106922653,0.0,0.0,0.043531803371627216,0.0,0.0,0.0031772237366470522,0.0,0.0,0.0,0.0,0.0,0.0,0.0,0.0
TARGET.20.PAXHGG.09A,0.0,0.0,0.0,0.0,0.0,0.0,0.0,0.06242300644044469,0.43137707862269087,0.0,0.0,0.0,0.0,0.0,0.2501917945948026,0.12449689240196829,0.0,0.0,0.0,0.0,0.0,0.018034440970492626,0.0,0.0,0.0,0.11347678696960081,0.0,0.0,0.0,0.0
TARGET.21.PARHRS.09A,0.0,0.0,0.027832841037776387,0.0,0.0,0.0,0.0,0.01200152731233526,0.3565193490244541,0.0,0.0,0.0,0.0,0.0,0.1380687118605755,0.0,0.0,0.04390332286261148,0.0,0.0063420442640413155,0.0,0.007597101149521789,0.0,0.0,0.0,0.40773510248868416,0.0,0.0,0.0,0.0
TARGET.20.PATELV.09A,0.0,0.0,0.0,0.0,0.0,0.0,0.0,0.06952288027227807,0.31269761951378827,0.0,0.0,0.0,0.0,0.0,0.047366155021396746,0.3436863257744215,0.0,0.0,0.03881826422171027,0.03269978667151477,0.0,0.007041951738453684,0.0,0.0,0.08542162379440042,0.0627453929920364,0.0,0.0,0.0,0.0
TARGET.20.PATJMY.09A,0.0,0.0,0.0,0.0,0.05192539060301945,0.0,0.0,0.11728995816255132,0.1181630643309079,0.0,0.0,0.0,0.0,0.0,0.12383387326341184,0.3594703967002631,0.0,0.0,0.0,0.0,0.0,0.005199999003462019,0.0,0.0,0.0,0.2241173179363844,0.0,0.0,0.0,0.0
TARGET.20.PATMCW.09A,0.0,0.0,0.045940811609751504,0.0,0.038727651840009945,0.0,0.0,0.0737332783487819,0.45072082226974874,0.0,0.0,0.0,0.0,0.0,0.0,0.25325939359043115,0.0,0.0,0.0,0.06603415977904065,0.03823029558792115,0.008288788589039833,0.0,0.0,0.02506479838527504,0.0,0.0,0.0,0.0,0.0
TARGET.20.PARBEL.09A,0.0,0.1597075046973236,0.0,0.0,0.0,0.0,0.0,0.007793073454618587,0.07768844240805806,0.0,0.0,0.0,0.0,0.0,0.15544900497299277,0.04345147745673273,0.0,0.19333628418638918,0.0,0.0,0.011127901278334356,0.0,0.0,0.0,0.0,0.3514463115455507,0.0,0.0,0.0,0.0
TARGET.20.PATKYC.09A,0.0,0.0,0.0,0.0,0.0,0.0,0.0,0.10473308318838971,0.06654606396139909,0.0,0.0,0.0,0.0,0.0,0.0,0.22586543647828763,0.0,0.0,0.0,0.0,0.0,0.021548602268159293,0.012111054307942386,0.0,0.02750783454847636,0.0,0.0,0.0,0.5416879252473455,0.0
TARGET.21.PATHIU.09A,0.0,0.0,0.0,0.0,0.0,0.0,0.0,0.07777764213130377,0.3994857140993128,0.0,0.0,0.0,0.0,0.0,0.026823856048199014,0.0031190793983677948,0.0,0.0,0.10612612599810774,0.291483348766013,0.0,0.029227626367266148,0.0,0.0,0.0,0.06595660719142964,0.0,0.0,0.0,0.0
TARGET.20.PARHSA.09A,0.0,0.0,0.0,0.0,0.0,0.0,0.0,0.06593311596075338,0.3045454995302319,0.0,0.0,0.0,0.0,0.0,0.02663227353533908,0.41905556404524863,0.0,0.0,0.0,0.014915134447509883,0.0,0.004236551594563717,0.0,0.0,0.0,0.16468186088635328,0.0,0.0,0.0,0.0
TARGET.20.PAWHUX.09A,0.0,0.0,0.0,0.0,0.0,0.0,0.0,0.03106560434610541,0.1563952926174905,0.0,0.0,0.0,0.0,0.0,0.07640799903726231,0.3454340487539793,0.0,0.0,0.0,0.008058888046366904,0.11336026689698689,0.009535522457701048,0.0,0.0,0.0,0.25974237784410764,0.0,0.0,0.0,0.0
TARGET.20.PAVWVT.09A,0.0,0.0,0.0,0.0,0.0,0.0,0.0,0.052454528711908054,0.06848464861824267,0.0,0.0,0.0,0.0,0.0,0.16979177213224858,0.4301845101791334,0.0,0.0,0.0,0.0,0.0,0.00273002290510136,0.0,0.0,0.0,0.27635451745336603,0.0,0.0,0.0,0.0
TARGET.20.PARNNT.09A,0.0,0.0,0.0,0.0,0.0,0.0,0.0,0.15982220820568957,0.3544735202494508,0.0,0.0,0.0,0.0,0.0,0.008560511568803204,0.17759638702355326,0.0,0.0,0.0,0.22583675437956707,0.0,0.011723806078690053,0.0,0.0,0.0,0.061986812494245966,0.0,0.0,0.0,0.0
TARGET.20.PASTPU.09A,0.0,0.0,0.0,0.0,0.0,0.0,0.0,0.016647656295384755,0.2990866855780405,0.0,0.0,0.0,0.0,0.0,0.0801340851243791,0.18373895469169288,0.0,0.0,0.0,0.002472248634514781,0.04388139587887795,0.03849881151224497,0.0,0.0,0.0,0.33554016228486505,0.0,0.0,0.0,0.0
TARGET.20.PATGRP.09A,0.0,0.14203171689450028,0.0,0.0,0.0,0.0,0.0,0.010760459930795396,0.14532872583486833,0.0,0.0,0.0,0.0,0.0,0.025318775472886017,0.22361862989085535,0.0,0.0,0.08408798320576927,0.0,0.07300426667423165,0.017702058718222096,0.0,0.0,0.0,0.21497526323898347,0.0,0.0,0.06317212013888801,0.0
TARGET.20.PATJLP.09A,0.0,0.0,0.0,0.0,0.0,0.0,0.0,0.06445439753983831,0.07372239731493958,0.0,0.0,0.0,0.0,0.0,0.0,0.19611137827619535,0.0,0.0,0.0,0.00995622737476847,0.20061331179634478,0.0087232505483007,0.0,0.0,0.0,0.06480235175060076,0.0,0.0,0.3816166853990121,0.0
TARGET.20.PAVJXG.09A,0.0,0.0,0.0,0.0,0.0,0.0,0.0,0.056073572533108455,0.21424768156785107,0.0,0.0,0.0,0.0,0.15408295527947083,0.0,0.5335075328879164,0.0,0.0,0.0,0.0,0.0,0.00011203794627680957,0.041976219785376655,0.0,0.0,0.0,0.0,0.0,0.0,0.0
TARGET.20.PASGKA.09A,0.02013903302898034,0.02619295687409873,0.0,0.0,0.0,0.0,0.0,0.013238388943433968,0.4081048844695087,0.0,0.0,0.0,0.0,0.0,0.09809883788187725,0.08944162625921338,0.0,0.0,0.14953269935685512,0.06264042579045762,0.0,0.015413680490535136,0.0,0.0,0.0,0.11719746690503995,0.0,0.0,0.0,0.0
TARGET.20.PAVKBW.09A,0.0,0.0,0.0,0.0,0.0,0.0,0.0,0.0,0.23633821136440314,0.0,0.0,0.0,0.06027310745448479,0.0,0.14882004646803937,0.3484010627093223,0.0,0.0,0.0,0.0,0.04595004835709697,0.0014048097670685941,0.0,0.0,0.0,0.15881271387958498,0.0,0.0,0.0,0.0
TARGET.20.PAXIAZ.09A,0.0,0.0,0.0,0.0,0.0,0.0,0.0,0.13426009539905548,0.13618077317174132,0.0,0.0,0.0,0.0,0.0,0.10220984301907096,0.43250413456653286,0.0,0.0,0.0,0.0,0.0,0.006590102611875686,0.0,0.0,0.0,0.18825505123172362,0.0,0.0,0.0,0.0
TARGET.20.PASBPK.09A,0.0,0.0,0.0,0.0,0.0,0.11820364893523981,0.0,0.02469551405512164,0.2944787783326072,0.10311537904178666,0.0,0.035439034451968734,0.0,0.0,0.0,0.0975453874613033,0.0,0.0,0.0,0.01839041582975411,0.23151959129226177,0.0,0.0,0.0,0.043366720058124635,0.0,0.0,0.0,0.0,0.03324553054183208
TARGET.20.PALBXX.09A,0.0,0.0,0.0,0.0,0.025684395065848714,0.0,0.0,0.10204475200453669,0.3769863640543866,0.0,0.0,0.0,0.0,0.0,0.0,0.16168034954641802,0.0,0.0,0.0,0.32438196975409245,0.0,0.009222169574717436,0.0,0.0,0.0,0.0,0.0,0.0,0.0,0.0
TARGET.20.PAYHRE.Unsorted.09A,0.0,0.0,0.0,0.0,0.0,0.0,0.0,0.046403756661045736,0.09510726588577607,0.0,0.0,0.0,0.0,0.0,0.0,0.37478856135355776,0.0,0.0,0.0,0.0,0.0,0.003975804940373441,0.06371656899235263,0.0,0.0,0.0,0.0,0.0,0.41600804216689424,0.0
TARGET.20.PATCLR.09A,0.0,0.0,0.01692243551507475,0.0,0.0,0.0,0.0,0.1300691879456886,0.10861425607191615,0.0,0.0,0.0,0.0,0.0,0.0,0.2548781622508866,0.0,0.0,0.0,0.0,0.48394331662805107,0.005572641588382914,0.0,0.0,0.0,0.0,0.0,0.0,0.0,0.0
TARGET.20.PAWUMM.09A,0.0,0.0,0.0,0.0,0.0,0.0,0.0,0.06754610585800257,0.14801442429214542,0.0,0.0,0.0,0.0,0.0,0.0,0.6612344383317977,0.0,0.0,0.0,0.0,0.0,0.011093212915872902,0.0,0.0,0.08629291509227009,0.025818903509911357,0.0,0.0,0.0,0.0
TARGET.20.PAVWPW.09A,0.0,0.0,0.0,0.0,0.0,0.0,0.0,0.22004225049420106,0.15809315069394847,0.0,0.0,0.0,0.0,0.0,0.215853848408587,0.0,0.0,0.0,0.0,0.34360207758611555,0.0,0.052711580679248256,0.0,0.0,0.0,0.009697092137899476,0.0,0.0,0.0,0.0
TARGET.20.PATDHA.09A,0.0,0.0,0.049846268858499916,0.0,0.039126268281499725,0.0,0.0,0.04562302621315842,0.040424293706589044,0.1804517250640461,0.0,0.0,0.0,0.0,0.0,0.0,0.0,0.0,0.004886867771830623,0.04714802965253798,0.588554239121623,0.003939281330215238,0.0,0.0,0.0,0.0,0.0,0.0,0.0,0.0
TARGET.20.PASMYS.09A,0.0,0.06195315977315073,0.008462391711778074,0.0,0.0316057615857882,0.0,0.0,0.01959125619154498,0.10563238104576983,0.0,0.0,0.0,0.0,0.0,0.24613252901172933,0.15514705400395243,0.001051871851748307,0.0,0.0,0.0,0.08708680159545255,0.010079247728821863,0.0,0.0,0.0,0.2732575455002637,0.0,0.0,0.0,0.0
TARGET.20.PAXKEZ.09A,0.0,0.0,0.0,0.0,0.0,0.0,0.0,0.05217755591026813,0.016145408783134002,0.0,0.0,0.0,0.0,0.0,0.0,0.24893726624652499,0.0,0.0,0.0,0.0,0.0,0.0,0.2455204520394961,0.0,0.22302327657992205,0.0,0.0,0.0,0.2141960404406547,0.0
TARGET.20.PAXHLD.09A,0.0,0.0,0.0,0.0,0.0,0.0,0.0,0.1253874992356965,0.0573419151011983,0.0,0.0,0.0,0.0,0.0,0.32688094148811153,0.48006831198842376,0.0,0.0,0.010321332186569849,0.0,0.0,0.0,0.0,0.0,0.0,0.0,0.0,0.0,0.0,0.0
TARGET.20.PAWLTG.09A,0.0,0.0,0.0,0.0,0.0,0.0,0.0,0.0671592524710317,0.24686064468558483,0.0,0.0,0.0,0.0,0.06306746320546226,0.0,0.4126218120386221,0.0,0.0,0.0,0.0,0.0,0.017174383243900082,0.18922142961184088,0.0,0.0,0.0,0.0,0.0,0.0038950147435580723,0.0
TARGET.20.PAVWNG.09A,0.0,0.0,0.0,0.0,0.0,0.0,0.0,0.12816363230543001,0.14185275705815542,0.0,0.0,0.0,0.0,0.0,0.0,0.37565259333412937,0.0,0.0,0.0,0.04002505401048655,0.0,0.11775946621067333,0.13912206680814895,0.0,0.03861231167332592,0.018812118599650506,0.0,0.0,0.0,0.0
TARGET.20.PAVHTL.09A,0.0,0.0,0.0,0.0,0.0,0.0,0.0,0.0735388131005702,0.3387119381037455,0.0,0.0,0.0,0.0,0.0,0.06932703145061286,0.5106801448405469,0.0,0.0,0.003269109999914003,0.0,0.0,0.0044729625046104945,0.0,0.0,0.0,0.0,0.0,0.0,0.0,0.0
TARGET.20.PAWCBZ.09A,0.0,0.0,0.0,0.0,0.0,0.0,0.0,0.028126729755149536,0.0,0.0,0.0,0.0,0.0,0.0,0.0,0.8376369833470346,0.0,0.0,0.004917651662724016,0.0,0.0,0.09065637416805988,0.0,0.0,0.0,0.038662261067032,0.0,0.0,0.0,0.0
TARGET.20.PAKIWK.09A,0.0,0.0,0.0,0.0,0.0,0.0,0.0,0.040644821462924294,0.14378636646150092,0.0,0.0,0.0,0.0,0.0,0.06268880520911166,0.0,0.0,0.0,0.0,0.2870557939556306,0.0,0.015087063213934456,0.0,0.0,0.0,0.4507371496968981,0.0,0.0,0.0,0.0
TARGET.20.PANISJ.09A,0.0,0.07566024967421724,0.0,0.07088036117238276,0.0,0.0,0.016750908840178356,0.023072930985276997,0.10001203335680084,0.0,0.009700001693199302,0.0,0.0,0.0,0.0,0.4230791095487655,0.0,0.0,0.061101069491672794,0.037326683484829974,0.0,0.0,0.0,0.0,0.18241665175267632,0.0,0.0,0.0,0.0,0.0
TARGET.20.PAUZYF.09A,0.0,0.0,0.0,0.10994505865216525,0.0,0.0,0.0,0.02657944811978126,0.0,0.0,0.0,0.0,0.0,0.0,0.0,0.5152070684683612,0.0,0.0,0.00834262933522157,0.0,0.0,0.0,0.21822792288939605,0.0,0.12169787253507469,0.0,0.0,0.0,0.0,0.0
TARGET.20.PAVLWV.09A,0.0,0.0,0.0,0.0,0.0,0.0,0.0,0.0,0.4660895265529971,0.0,0.0,0.0,0.0,0.0,0.0,0.27023652576897045,0.0,0.0,0.0,0.0,0.0,0.0033409749269339957,0.0,0.0,0.2603329727510983,0.0,0.0,0.0,0.0,0.0
TARGET.20.PAUZAM.09A,0.0,0.0,0.0,0.0,0.0,0.0,0.0,0.10965377267082771,0.0072947754816509724,0.0,0.0,0.0,0.0,0.0,0.006053246569194974,0.8158964032536494,0.0,0.0,0.0035197130935681704,0.020326185304608255,0.0,0.0006218374394424407,0.0,0.0,0.0,0.03663406618705788,0.0,0.0,0.0,0.0
TARGET.20.PALFZW.09A,0.0,0.0,0.059317878066311114,0.062164790330960354,0.0,0.0,0.0,0.07552753659873469,0.21612331923255573,0.0,0.0,0.0,0.0,0.0,0.0,0.30801693641551403,0.0,0.0,0.0,0.022162608831149438,0.07107868101442939,0.0012626609485530682,0.0,0.0,0.08598766287616103,0.09835792568563122,0.0,0.0,0.0,0.0
TARGET.20.PALFVW.09A,0.0,0.0,0.0,0.0,0.0,0.0,0.0,0.0,0.2164577697566922,0.0,0.0,0.0,0.0,0.0,0.0,0.1801497598140353,0.0,0.0,0.0,0.0,0.10866785310907356,0.05243215099907235,0.0,0.0,0.0,0.44229246632112657,0.0,0.0,0.0,0.0
TARGET.20.PAUVPP.09A,0.0,0.0,0.0,0.0,0.0750623470222357,0.0,0.0,0.13415143461790474,0.1780014786825545,0.0,0.0,0.0,0.0,0.0,0.27402676446614826,0.03183445118351607,0.0,0.0,0.0,0.300614859726447,0.0,0.006308664301193756,0.0,0.0,0.0,0.0,0.0,0.0,0.0,0.0
TARGET.20.PAXHWI.09A,0.0,0.0,0.0,0.0,0.0,0.0,0.0,0.03727285066828619,0.20418999394753032,0.0,0.0,0.0,0.0,0.0,0.0,0.5905007159475636,0.0,0.0,0.0,0.0,0.0,0.0,0.0,0.0,0.16803643943661994,0.0,0.0,0.0,0.0,0.0
TARGET.20.PAVGDM.09A,0.0,0.0,0.0,0.0,0.0,0.0,0.0,0.04129779109910845,0.5828919850732676,0.0,0.0,0.0,0.0,0.0,0.04681252893801334,0.26189668819124495,0.0,0.0,0.0,0.0,0.0,0.008812942707825613,0.0,0.0,0.058288063990540206,0.0,0.0,0.0,0.0,0.0
TARGET.20.PAUUHV.09A,0.0,0.0,0.0431680054114782,0.0,0.0,0.0,0.0,0.09985251738855117,0.19675999089432747,0.0,0.0,0.0,0.0,0.0,0.09381129047079732,0.3546361278128569,0.0,0.0,0.0,0.04410356902457358,0.0,0.024002244231888285,0.0,0.0,0.042378574948339895,0.10128767981718716,0.0,0.0,0.0,0.0
TARGET.20.PATBUR.09A,0.0,0.0,0.0,0.0,0.0,0.0,0.0,0.12355860061460505,0.0,0.0,0.0,0.0,0.0,0.0,0.01402378622212163,0.051145019726327436,0.0,0.0,0.0,0.0,0.0,0.02394582693454623,0.0,0.0,0.5685491964130366,0.21877757008936308,0.0,0.0,0.0,0.0
TARGET.20.PAUTKL.09A,0.0,0.0,0.0,0.5127889299169462,0.0,0.0,0.0,0.0,0.0,0.0,0.0,0.0,0.0,0.0,0.0,0.35806608197817313,0.0,0.0,0.014214265406981019,0.0,0.0,0.0013456894383589017,0.0,0.0,0.11358503325954077,0.0,0.0,0.0,0.0,0.0
TARGET.20.PAXBLX.09A,0.0,0.0,0.0,0.0,0.0,0.0,0.0,0.11659237411926456,0.1364116540024327,0.0,0.0,0.0,0.0,0.0,0.09391247943480283,0.4074188076383993,0.0,0.0,0.0,0.010188839226738664,0.0,0.017414656937022828,0.0,0.0,0.0,0.21806118864133917,0.0,0.0,0.0,0.0
TARGET.20.PAVCJB.09A,0.0,0.0,0.0,0.0,0.0,0.0,0.0,0.040430442282322454,0.2548469476240255,0.0,0.0,0.0,0.0,0.0,0.1709039379845491,0.5187334920159951,0.0,0.0,0.0,0.0,0.0,0.009425853881701689,0.0,0.0,0.0,0.005659326211406408,0.0,0.0,0.0,0.0
TARGET.20.PAMYMA.09A,0.0,0.0,0.04181689257122525,0.005320705182363523,0.02842087581996258,0.0,0.0,0.06185622759984488,0.026602747129178914,0.0,0.0,0.0,0.0,0.0,0.1204257780723148,0.2461240935445027,0.0,0.0,0.00021145795708434287,0.0,0.10735595200107632,0.010944149996926928,0.0,0.0,0.0,0.35092112012551985,0.0,0.0,0.0,0.0
TARGET.20.PAWYTW.09A,0.0,0.0,0.0,0.03469737830969223,0.0,0.0,0.0,0.022795475410315,0.05674675680114972,0.0,0.0,0.0,0.0,0.0,0.06926247606150578,0.5015510532281072,0.0,0.0,0.0,0.0,0.0,0.006050750292349907,0.0,0.0,0.0,0.30889610989688004,0.0,0.0,0.0,0.0
TARGET.20.PAWTGF.09A,0.0,0.0,0.021526267958518405,0.0,0.0,0.0,0.0,0.031038522331548607,0.026392973634959238,0.0,0.0,0.0,0.0,0.0,0.10797312768548488,0.46282314357537885,0.0,0.0,0.008008965910182566,0.0,0.04750718223527807,0.014606046668736824,0.0,0.0,0.0,0.2801237699999125,0.0,0.0,0.0,0.0
TARGET.20.PAYHGK.Unsorted.09A,0.0,0.0,0.0,0.0,0.0,0.0,0.0,0.01475980630204673,0.011556058828471723,0.0,0.0,0.0,0.0,0.0,0.0,0.7993419995611744,0.0,0.0,0.02941295778138026,0.0,0.0,0.00551736100630175,0.0,0.0,0.13941181652062523,0.0,0.0,0.0,0.0,0.0
TARGET.20.PAXACP.09A,0.0,0.0,0.0,0.0,0.0,0.0,0.0,0.08926060214957855,0.12543399793797466,0.0,0.0,0.0,0.0,0.0,0.1835801415312096,0.18526066390675017,0.0,0.0,0.01929099017494918,0.0017006903848132938,0.0,0.014579864037550006,0.0,0.0,0.0,0.3808930498771745,0.0,0.0,0.0,0.0
TARGET.20.PAWLAJ.09A,0.0,0.0025575456426472536,0.0,0.0,0.0,0.0,0.0,0.075794647052105,0.2701779085388846,0.0,0.0,0.0,0.0,0.0,0.16872534510085613,0.2743679807870749,0.0,0.0,0.0,0.0,0.0,0.005923684898711865,0.0,0.0,0.0,0.20245288797972033,0.0,0.0,0.0,0.0
TARGET.20.PASTSH.09A,0.0,0.012781932963270622,0.0,0.0,0.0,0.0,0.0,0.03923320181409568,0.22438287834709658,0.0,0.0,0.0,0.0,0.0,0.22064688675432825,0.16388986492219149,0.0,0.0,0.0,0.015062790230472009,0.0,0.030160550238965647,0.0,0.0,0.0,0.2938418947295799,0.0,0.0,0.0,0.0
TARGET.20.PAWSCV.09A,0.0,0.0,0.0,0.026084612067596907,0.0,0.0,0.0,0.0034699531778892073,0.18729793710238665,0.0,0.0,0.0,0.0,0.0,0.06010611591336105,0.3987291889333868,0.04256563763515442,0.0,0.03822013648811953,0.01685808482433316,0.0,0.0017809035266653588,0.0,0.0,0.0,0.22488743033110684,0.0,0.0,0.0,0.0
TARGET.20.PARYTI.09A,0.0,0.28118728124505077,0.0,0.0,0.0,0.0,0.0,0.060363882687401296,0.09511376912858799,0.0,0.0,0.0,0.0,0.0,0.0,0.2588061507058005,0.0,0.0,0.01212579834981268,0.0,0.09795456191304622,0.0036302229918906918,0.0,0.0,0.0,0.19081833297840978,0.0,0.0,0.0,0.0
TARGET.20.PAWWXU.09A,0.0,0.0,0.0,0.0,0.0,0.0,0.0,0.02487037576491692,0.0,0.0,0.0,0.0,0.0,0.0,0.0,0.4276958058027628,0.0,0.0,0.008996808622340927,0.0,0.0,0.0,0.0,0.0,0.0,0.0,0.0,0.0,0.5384370098099793,0.0
TARGET.20.PAVSFB.09A,0.0,0.0,0.0,0.0,0.0,0.0,0.0,0.0,0.0,0.0,0.0,0.0,0.0,0.0,0.0,0.7763122517129398,0.0,0.0,0.0,0.0,0.0,0.02682043827821502,0.0,0.0,0.0,0.19686731000884516,0.0,0.0,0.0,0.0
TARGET.20.PAXMCV.09A,0.0,0.0,0.0,0.0,0.0,0.0,0.0,0.018286710820962525,0.02757348317209111,0.0,0.0,0.0,0.0,0.0,0.0,0.5189574343154235,0.0,0.0,0.0010572819991198647,0.0,0.0506600165773978,0.006593111048311206,0.0,0.0,0.0,0.0,0.0,0.0,0.37687196206669393,0.0
TARGET.20.PAVNHD.09A,0.0,0.0,0.0,0.0,0.0,0.0,0.0,0.0584408931718266,0.20500748600403668,0.0,0.0,0.0,0.0,0.0,0.0,0.49433079422202264,0.0,0.0,0.0,0.0,0.0,0.0,0.022670656444126695,0.0,0.21955017015798733,0.0,0.0,0.0,0.0,0.0
TARGET.20.PASHYY.09A,0.0,0.0,0.0,0.0,0.0,0.0,0.0,0.06350749755528498,0.3545818502124417,0.0,0.0,0.0,0.0,0.0,0.04004296737240973,0.15185355896741626,0.0,0.0,0.0,0.0,0.0,0.006693008081313535,0.0,0.155809480616328,0.0,0.22751163719480585,0.0,0.0,0.0,0.0
TARGET.20.PAURWH.09A,0.0,0.0698129026346415,0.0071140310854313285,0.0,0.04168601737387894,0.0,0.0,0.03211979212710573,0.012186634678482758,0.0,0.0,0.0,0.0,0.0,0.17496059180355353,0.3323646061417312,0.0,0.0,0.001346630604752768,0.0,0.044815620014816863,0.00629188443217758,0.0,0.0,0.0,0.27730128910342766,0.0,0.0,0.0,0.0
TARGET.20.PAWKGX.09A,0.0,0.0,0.0,0.0,0.0,0.0,0.0,0.0,0.2765001074745727,0.0,0.0,0.0,0.0,0.0,0.0,0.6561053356728181,0.0,0.0,0.02387241948105202,0.0,0.0,0.043522137371556975,0.0,0.0,0.0,0.0,0.0,0.0,0.0,0.0
TARGET.20.PAUVYC.09A,0.0,0.0,0.0,0.4264568074260575,0.0,0.021307340954458014,0.0,0.05007556125778693,0.0,0.0,0.0,0.0,0.0,0.0,0.0,0.4224773408716205,0.0,0.0,0.028240424220900444,0.0,0.0,0.007066527424237675,0.0,0.0,0.04437599784493901,0.0,0.0,0.0,0.0,0.0
TARGET.20.PAWMSW.09A,0.15182971840497733,0.0,0.0,0.0,0.16980500295460219,0.0,0.0,0.08905451547847448,0.17204936963179449,0.0,0.0,0.0,0.0,0.0,0.4164344102915682,0.0,0.0,0.0,0.0,0.0,0.0,0.0008269832385833872,0.0,0.0,0.0,0.0,0.0,0.0,0.0,0.0
TARGET.20.PAYLEK.Sorted.CD34neg.Myeloid.Mono.09A,0.0,0.0,0.0,0.0,0.0,0.0,0.0,0.045225834889349496,0.5467901993854611,0.0,0.0,0.0,0.0,0.0,0.0,0.30803668164586406,0.0,0.0,0.0,0.0033880946280438516,0.0,0.09245923400167484,0.0,0.0,0.00409995544960674,0.0,0.0,0.0,0.0,0.0
TARGET.20.PAVIDJ.09A,0.0,0.0,0.0,0.0,0.0,0.0,0.0,0.09136244479067239,0.12097528359733144,0.0,0.0,0.0,0.0,0.0,0.24033144788722682,0.3127571960816535,0.0,0.0,0.011444010799693998,0.0,0.022867645636950328,0.015085843687399427,0.0,0.0,0.0,0.18517612751907206,0.0,0.0,0.0,0.0
TARGET.20.PATJWN.09A,0.0,0.0,0.0,0.0,0.0,0.0,0.0,0.05390251188891792,0.13614326655431613,0.0,0.0,0.0,0.0,0.0,0.10367767460855115,0.7030331130107251,0.0,0.0,0.0032434339374895157,0.0,0.0,0.0,0.0,0.0,0.0,0.0,0.0,0.0,0.0,0.0
TARGET.20.PAUZPA.09A,0.0,0.0,0.0,0.0,0.0,0.0,0.0,0.3730979103936997,0.1587235771342622,0.0,0.0,0.0,0.0,0.0,0.09487311986010562,0.04894879644942361,0.0,0.0,0.0,0.3174612669693119,0.0,0.00689532919319716,0.0,0.0,0.0,0.0,0.0,0.0,0.0,0.0
TARGET.20.PARCCH.09A,0.0,0.04308561646667678,0.0,0.0,0.0,0.0,0.0,0.08417323618255158,0.042768904333963347,0.0,0.0,0.0,0.0,0.0,0.0,0.37640682213792187,0.0,0.0,0.0,0.0,0.23307688053462886,0.05591649594579173,0.0,0.0,0.0,0.16457204439846596,0.0,0.0,0.0,0.0
TARGET.20.PAVDAB.09A,0.0,0.0,0.0,0.0,0.0,0.0,0.0,0.032765673629687346,0.321700741727443,0.0,0.0,0.0,0.0,0.0,0.008375506992251678,0.42937270455260423,0.0,0.0,0.0,0.0,0.012715575157346354,0.015267888492418015,0.0,0.0,0.0,0.17980190944824925,0.0,0.0,0.0,0.0
TARGET.20.PAXDXW.09A,0.0,0.0,0.0,0.0,0.146797408778263,0.0,0.0,0.38837768553152086,0.1646059182107788,0.0,0.0,0.0,0.0,0.0,0.0,0.0729861240650015,0.0,0.0,0.0,0.038827712555277956,0.0,0.06594673468178708,0.0,0.0,0.0,0.12245841617737087,0.0,0.0,0.0,0.0
TARGET.20.PARFVC.09A,0.0,0.04690097450858936,0.006800738951638334,0.0,0.17612248328709676,0.006870559384077096,0.0,0.10201977446818644,0.28142632187740424,0.004003299834905598,0.0,0.0,0.0,0.0,0.1868863338814453,0.14991024795113927,0.0,0.0,0.0,0.0307418750659554,0.0,0.00290825450285099,0.0,0.0,0.0,0.0,0.005409136286711353,0.0,0.0,0.0
TARGET.20.PASUMD.09A,0.0,0.0,0.0,0.0,0.0,0.0,0.0,0.03868799986772607,0.28543875162096183,0.0,0.0,0.0,0.0,0.0,0.0,0.309643956689265,0.0,0.0,0.0,0.0,0.0,0.013786489301728282,0.0,0.0,0.0,0.0,0.0,0.0,0.3524428025203189,0.0
TARGET.20.PANLLX.09A,0.0,0.047691798979078624,0.0,0.0,0.0,0.0,0.0,0.10054785569637746,0.14867279409734643,0.0,0.0,0.0,0.0,0.0,0.062148120972789975,0.3512842862275751,0.0,0.0,0.0033474191534707595,0.04087002366276598,0.025002768828714956,0.0028213952438449243,0.0,0.0,0.0,0.21761353713803583,0.0,0.0,0.0,0.0
TARGET.20.PAXLYJ.09A,0.0,0.0,0.0,0.0,0.0,0.08317976650480466,0.0,0.07407743367298791,0.09851861457207593,0.0,0.0,0.02918185871806681,0.0,0.0,0.0013747590861668824,0.41527787851807796,0.0,0.0,0.0,0.0033370579727836185,0.053999390276646,0.0,0.0,0.12312603496024846,0.0,0.0,0.0,0.0,0.0,0.11792720571814176
TARGET.20.PARGXP.09A,0.0,0.0,0.0,0.16515940167948395,0.0,0.0,0.0,0.0,0.3739816828125802,0.0,0.0,0.0,0.0,0.0,0.0,0.3207988172883741,0.0,0.0,0.0,0.0,0.0,0.0003839469039000423,0.0,0.0,0.0,0.13967615131566158,0.0,0.0,0.0,0.0
TARGET.20.PARSFK.09A,0.0,0.0,0.0,0.0,0.0,0.0,0.0,0.02294706614866637,0.11692747504815185,0.0,0.0,0.0,0.0,0.0,0.0,0.5437228251675403,0.0,0.0,0.0,0.0,0.0,0.04633042702880386,0.1417791293297561,0.0,0.02879125492047809,0.0,0.0,0.0,0.09950182235660333,0.0
TARGET.20.PASSNX.09A,0.0,0.0,0.0,0.0,0.0,0.0,0.0,0.06247458016166181,0.1211004489090334,0.0,0.0,0.0,0.0,0.0,0.2844756124504675,0.0,0.0,0.0,0.0,0.15395019239369653,0.0,0.002980312452931264,0.0,0.2124878357795281,0.0,0.1625310178526813,0.0,0.0,0.0,0.0
TARGET.20.PAVNNA.09A,0.0,0.0,0.0,0.0,0.0,0.0,0.0,0.05346909379616381,0.051424913501227285,0.0,0.0,0.0,0.0,0.0,0.0,0.4428124226874885,0.0,0.0,0.026094519495245674,0.1035050202368554,0.0,0.11774827644784829,0.0,0.0,0.03660995834283972,0.07972459488858319,0.0,0.0,0.08861120060374816,0.0
TARGET.20.PASRZX.09A,0.07947083189259575,0.0,0.0,0.0,0.0,0.0,0.0,0.0,0.0,0.0,0.0,0.0,0.0,0.0,0.0,0.13068895662829172,0.0,0.0,0.003135238209837246,0.0,0.1453507202875696,0.08309208216167255,0.0,0.007794027245530388,0.0,0.38537412555862666,0.0,0.0,0.16509401801587612,0.0
TARGET.20.PASZLJ.09A,0.0,0.0,0.0,0.0,0.0,0.0,0.0,0.0,0.0,0.0,0.0,0.0,0.0,0.0,0.0,0.0,0.0,0.0,0.0,0.0,0.0,0.0,0.0,0.0,1.0,0.0,0.0,0.0,0.0,0.0
TARGET.20.PAXDVZ.09A,0.0,0.0,0.0,0.0,0.05640772385370678,0.0,0.0,0.0,0.0,0.0,0.0,0.0,0.0,0.0,0.0,0.6208036538484791,0.0,0.0,0.0,0.0,0.0,0.07245071202524694,0.0,0.0,0.0,0.25033791027256713,0.0,0.0,0.0,0.0
TARGET.20.PAPVET.09A,0.0,0.07217290915378026,0.14012286465798218,0.0,0.0,0.0,0.0,0.06947713243212235,0.13616549941660297,0.001251229646735191,0.0,0.0,0.0,0.0,0.0,0.19118925409016632,0.0,0.0,0.0,0.0,0.3896211106026108,0.0,0.0,0.0,0.0,0.0,0.0,0.0,0.0,0.0
TARGET.20.PAXJPZ.09A,0.0,0.0,0.0,0.0,0.0,0.0,0.0,0.1188677894460528,0.21835428663298856,0.0,0.0,0.0,0.0,0.0,0.11156432844420028,0.2498785349678185,0.0,0.0,0.0,0.023661292672890365,0.0,0.07087487260638917,0.0,0.0,0.0,0.20679889522966025,0.0,0.0,0.0,0.0
TARGET.20.PAYFYN.09A,0.0,0.0,0.0,0.0,0.0,0.0,0.0,0.051577140436615335,0.19916888207828098,0.0,0.0,0.0,0.0,0.0,0.0,0.5190061145640932,0.0,0.0,0.0840670882525691,0.0,0.0,0.0034815741640435265,0.013152139773653388,0.0,0.0986522813533149,0.030894779377429682,0.0,0.0,0.0,0.0
TARGET.20.PAWBSF.09A,0.0,0.0,0.0,0.0,0.0,0.0,0.0,0.09180105175017736,0.06743983719939087,0.0,0.0,0.0,0.0,0.0,0.12245326701146314,0.2773890632594281,0.0,0.0,0.06577707879423025,0.0,0.0,0.0025353966672796405,0.0,0.0,0.0,0.3726043053180306,0.0,0.0,0.0,0.0
TARGET.20.PARURW.09A,0.0,0.0,0.0,0.0,0.0,0.0,0.0,0.00790851696051867,0.0,0.0,0.0,0.0,0.0,0.0,0.0,0.08581961675765094,0.0,0.0,0.005922704356492737,0.0,0.4047564681370724,0.0,0.0,0.0,0.0,0.2704151584143088,0.0,0.0,0.2251775353739565,0.0
TARGET.20.PAUZTH.09A,0.0,0.0,0.0,0.0,0.0,0.0,0.0,0.033469829697568364,0.12160319584691363,0.0,0.0,0.0,0.0,0.0,0.0,0.3680885126270277,0.0,0.0,0.0,0.0,0.0,0.0056911702871408655,0.0,0.0,0.47114729154134943,0.0,0.0,0.0,0.0,0.0
TARGET.20.PASIXF.09A,0.05056077909496087,0.0,0.0,0.0,0.19672584043608457,0.0,0.0,0.0760523885620121,0.2634778044614672,0.0,0.0,0.0,0.0,0.0,0.379573111989569,0.019345062121793398,0.0,0.0,0.002842762561739068,0.0,0.0,0.011422250772373709,0.0,0.0,0.0,0.0,0.0,0.0,0.0,0.0
TARGET.20.PAVDGM.09A,0.0,0.0,0.0,0.0,0.0,0.0,0.0,0.076371276468984,0.30750163121825486,0.0,0.0,0.0,0.0,0.0,0.0,0.3484277015475798,0.0,0.0,0.0,0.2676993907651814,0.0,0.0,0.0,0.0,0.0,0.0,0.0,0.0,0.0,0.0
TARGET.20.PASSVI.09A,0.045591951031955576,0.0,0.0,0.0,0.018005677241078353,0.0,0.0,0.05865997517348792,0.1592883522574643,0.0,0.0,0.0,0.0,0.0,0.12072312268240985,0.21587618309977324,0.0,0.0,0.0,0.011703071448896544,0.03289683801544439,0.007174115066539539,0.0,0.004859103312561018,0.08481903134309673,0.24040257932729261,0.0,0.0,0.0,0.0
TARGET.20.PAWDEG.09A,0.0,0.0,0.0,0.0,0.0,0.0,0.0,0.031726142309171944,0.14235090012720744,0.0,0.0,0.0,0.0,0.031773132168591914,0.0,0.710976795891854,0.0,0.0,0.00888130577181862,0.0,0.0,0.0,0.0660760165208077,0.0,0.00821570721054824,0.0,0.0,0.0,0.0,0.0
TARGET.20.PAVALK.09A,0.0,0.0,0.0,0.0,0.0,0.0,0.0,0.029448268213936056,0.0,0.0,0.0,0.0,0.0,0.0,0.0,0.963770581641793,0.0,0.0,0.0,0.0,0.0,0.0,0.0,0.0,0.0,0.006781150144270828,0.0,0.0,0.0,0.0
TARGET.20.PAVZYI.09A,0.0,0.0,0.0,0.0,0.0,0.0,0.0,0.062449770032061945,0.0786689604823042,0.0,0.0,0.0,0.0,0.0,0.0,0.6343297773050125,0.0,0.0,8.553299354003485e-05,0.16648665386934386,0.0,0.005902155998697124,0.0,0.0,0.0,0.05207714931904046,0.0,0.0,0.0,0.0
TARGET.21.PASIGA.09A,0.0,0.0,0.0,0.0,0.0,0.0,0.0,0.04285135567484683,0.17793662698323306,0.0,0.0,0.0,0.0,0.0,0.19896827167022182,0.0,0.0,0.0,0.0,0.046776896530972716,0.0,0.05193003578321854,0.0,0.0,0.10242462199112838,0.37911219136637875,0.0,0.0,0.0,0.0
TARGET.20.PAREFM.09A,0.0,0.0,0.04858218986441347,0.0,0.0,0.0,0.0,0.01809393859608858,0.2546479794174116,0.0,0.006837495057356897,0.0,0.02789343158673038,0.0,0.0,0.13117458821870726,0.09505993947200883,0.0,0.0,0.0,0.25344982913037045,0.018399937542077055,0.0,0.003292695196097956,0.0,0.14256797591873752,0.0,0.0,0.0,0.0
TARGET.20.PAYLEK.Sorted.CD34neg.Lymphoid.09A,0.0,0.0,0.0,0.0,0.04378127069128131,0.0,0.0,0.125765693054674,0.0,0.0,0.0,0.0,0.0,0.0,0.23739126386479334,0.31067774032395984,0.0,0.0554574560812111,0.0028479017855226677,0.0,0.0,0.0,0.0,0.0,0.0,0.22407867419855773,0.0,0.0,0.0,0.0
TARGET.20.PAYEKY.09A,0.0,0.0,0.0,0.0,0.0,0.0,0.0,0.0050328279499960975,0.017100314913260403,0.0,0.0,0.0,0.0,0.0,0.0,0.8527738086563128,0.0,0.0,0.0,0.0,0.0,0.0,0.07255112960786149,0.0,0.02100540778829125,0.031536511084277886,0.0,0.0,0.0,0.0
TARGET.20.PAXJXC.09A,0.0,0.0,0.11224543971007275,0.049791731959940674,0.0,0.0,0.0,0.07242579647947996,0.10781712342514459,0.0,0.0,0.0,0.0,0.0,0.0,0.42154116263074687,0.0,0.0,0.00362346248566243,0.0,0.0,0.0,0.0,0.0,0.0,0.2325552833089527,0.0,0.0,0.0,0.0
TARGET.20.PATCPY.09A,0.0,0.0,0.0,0.0,0.0,0.0,0.0,0.061784835559717394,0.24113684580131026,0.0,0.0,0.0,0.0,0.0,0.2357602421714412,0.14843016192447805,0.0,0.0,0.0,0.0,0.0,0.08186371095004426,0.0,0.005920696299441102,0.0,0.22510350729356773,0.0,0.0,0.0,0.0
TARGET.20.PASWVH.09A,0.0,0.0,0.0,0.0,0.13788457357043135,0.0,0.0,0.11081214198452473,0.16268591118827935,0.0,0.0,0.0,0.0,0.0,0.25516011567157615,0.0,0.0,0.0,0.0,0.3245392056929729,0.0,0.008918051892215666,0.0,0.0,0.0,0.0,0.0,0.0,0.0,0.0
TARGET.20.PARKLC.09A,0.0,0.0,0.0,0.0,0.05265137107641553,0.0,0.0,0.2987033723421498,0.22696003610648074,0.0,0.0,0.0,0.0,0.0,0.18061784144522125,0.03661221467643023,0.0,0.0,0.0,0.03655888957708634,0.0,0.0017116316730299871,0.0,0.0,0.0,0.1661846431031861,0.0,0.0,0.0,0.0
TARGET.20.PAUYRR.09A,0.0,0.0,0.0,0.0,0.0,0.0,0.0,0.05029974687596224,0.36996359967099535,0.0,0.0,0.0,0.0,0.0,0.0,0.47515684596455404,0.0,0.0,0.0,0.0,0.0,0.009653664610670704,0.053776721972181786,0.0,0.04114942090563598,0.0,0.0,0.0,0.0,0.0
TARGET.20.PAWNHW.09A,0.0,0.0,0.0,0.0,0.0,0.0,0.0,0.05062271346792369,0.42623093148485586,0.0,0.0,0.0,0.0,0.0,0.02566561028746643,0.3489534620224472,0.0,0.0,0.0,0.0754078158959259,0.0,0.029365646583829046,0.0,0.0,0.0,0.011009445812071597,0.0,0.0,0.03274437444548032,0.0
TARGET.20.PAVKFD.09A,0.0,0.0,0.0,0.0,0.0,0.0,0.0,0.0,0.10275057848190786,0.0,0.0,0.0,0.0,0.0,0.1352500727666206,0.3478773475531715,0.0,0.0,0.00506795054679743,0.0,0.11637983712652163,0.0011551169570239675,0.0,0.0,0.0,0.29151909656795694,0.0,0.0,0.0,0.0
TARGET.20.PAWVLI.09A,0.0,0.0,0.0,0.0,0.0,0.0,0.0,0.10210583081023131,0.0,0.0,0.0,0.0,0.43868593911566056,0.0,0.017798162392303144,0.2592379551875894,0.0,0.0,0.0,0.0,0.0,0.006326298479438354,0.0,0.0,0.0,0.1758458140147773,0.0,0.0,0.0,0.0
TARGET.20.PAWUKE.09A,0.0,0.0,0.0,0.0,0.0,0.0,0.0,0.0505217431845026,0.4182083162999452,0.0,0.0,0.0,0.0,0.0,0.0,0.5097758552723979,0.0,0.0,0.0,0.0,0.0,0.021494085243154347,0.0,0.0,0.0,0.0,0.0,0.0,0.0,0.0
TARGET.20.PAXKTY.09A,0.0,0.0,0.0,0.0,0.0,0.0,0.0,0.031386481013877525,0.11247531299139046,0.0,0.0,0.0,0.0,0.0,0.038751289691069335,0.41615914966715656,0.03244490130605807,0.0,0.0,0.03332920976022776,0.0,0.0,0.0,0.03391226090801148,0.0,0.30154139466220886,0.0,0.0,0.0,0.0
TARGET.20.PAVBEM.09A,0.0,0.0,0.0,0.0,0.0,0.0,0.0,0.04314326962199951,0.25280059845093855,0.0,0.0,0.0,0.0,0.0,0.0,0.36623508395424575,0.0,0.0,0.0,0.0,0.0,0.00394766440679489,0.031220524409862067,0.0,0.0,0.08863122570084872,0.0,0.0,0.21402163345531064,0.0
TARGET.20.PAYLEK.Unsorted.09A,0.0,0.0,0.0,0.0,0.2262048425498532,0.0,0.0,0.08699883482352,0.029099418152952715,0.0,0.0,0.0,0.0,0.0,0.06887568167764986,0.362037989954271,0.0,0.0,0.0,0.0,0.0,0.03194588370075282,0.0,0.0,0.0,0.1948373491410004,0.0,0.0,0.0,0.0
TARGET.20.PATHMB.09A,0.0,0.0,0.0071071334444183076,0.0,0.0,0.0,0.0,0.1378529247711379,0.24262976161803393,0.0,0.0,0.0,0.0,0.0,0.0,0.26019873208393596,0.0,0.0,0.0,0.0466837830579436,0.0,0.011241465152214766,0.0,0.0,0.13958931064534436,0.15469688922697125,0.0,0.0,0.0,0.0
TARGET.20.PAUUKK.09A,0.0,0.0,0.0,0.06626146354543233,0.0,0.0,0.0,0.09345807785169594,0.05610536718323851,0.0,0.0,0.0,0.0,0.0,0.13085579255745197,0.2588030736244975,0.0,0.0,0.0,0.0,0.0,0.005662942556464323,0.0,0.0,0.0,0.3888532826812194,0.0,0.0,0.0,0.0
TARGET.20.PAVBVA.09A,0.0,0.0,0.0,0.0,0.0,0.0,0.0,0.0,0.49789251520354555,0.0,0.0,0.0,0.0,0.0,0.015575401385369793,0.335061652290452,0.0,0.0,0.0,0.0,0.0,0.0029311383876263887,0.0,0.0,0.0,0.14853929273300626,0.0,0.0,0.0,0.0
TARGET.20.PAYGWX.Sorted.leukemic.09A,0.0,0.013148615085987837,0.0,0.0,0.10529140424751783,0.0,0.0,0.187587069900321,0.19162943054055237,0.0,0.0,0.0,0.0,0.0,0.33302283028425267,0.061519988375741456,0.0,0.0,0.0,0.10780066156562677,0.0,0.0,0.0,0.0,0.0,0.0,0.0,0.0,0.0,0.0
TARGET.20.PAVPED.09A,0.0,0.0,0.0,0.0,0.0,0.0,0.0,0.16557290633892668,0.3306144561963757,0.0,0.0,0.0,0.0,0.0,0.39355648986570363,0.110256147598994,0.0,0.0,0.0,0.0,0.0,0.0,0.0,0.0,0.0,0.0,0.0,0.0,0.0,0.0
TARGET.20.PAUKDH.09A,0.0,0.0,0.0,0.0,0.0,0.0,0.0,0.042823789020258365,0.18543933594461487,0.0,0.0,0.0,0.0,0.0,0.10109871336930575,0.3713983511249385,0.0,0.0,0.0,0.0,0.03931773977249886,0.0003071586326527841,0.0,0.0,0.0,0.2596149121357308,0.0,0.0,0.0,0.0
TARGET.20.PAXLNX.09A,0.0,0.0,0.0,0.0,0.21712981981848603,0.0,0.0,0.09940550700473537,0.16567733053345673,0.0,0.0,0.0,0.0,0.0,0.4165962819957217,0.0,0.0,0.0,0.0,0.09661244347001212,0.0,0.004578617177588018,0.0,0.0,0.0,0.0,0.0,0.0,0.0,0.0
TARGET.20.PAUFUB.09A,0.0,0.0,0.0,0.0,0.0,0.0,0.0,0.12448733581177071,0.15110002367701908,0.0,0.013620206069533363,0.0,0.0,0.0,0.0,0.4824750778724542,0.0,0.0,0.0041120621950307265,0.019493727142675193,0.0,0.003881742975203327,0.20082982425631332,0.0,0.0,0.0,0.0,0.0,0.0,0.0
TARGET.20.PAUHDR.09A,0.0,0.0,0.0,0.27657019565188345,0.0,0.0,0.0,0.0,0.0,0.0,0.0,0.0,0.0,0.0,0.0,0.5157369137888478,0.0,0.0,0.03501308752528282,0.0,0.0,0.0,0.04296976809095217,0.0,0.12971003494303382,0.0,0.0,0.0,0.0,0.0
TARGET.20.PARZHT.09A,0.0,0.11609901654532014,0.0,0.0,0.0,0.0,0.0,0.008105503665700035,0.11829100314699396,0.0,0.0,0.0,0.2969798476520435,0.0,0.0,0.05542693023362923,0.020397018236496863,0.0,0.020884359566662014,0.0005171367206203249,0.13157913212473765,0.00030870857683023325,0.0,0.14870095796326743,0.0,0.08271038556769851,0.0,0.0,0.0,0.0
TARGET.20.PAUMUZ.09A,0.0,0.0,0.0,0.0,0.03166301052265441,0.0,0.0,0.1314648399327551,0.22957857347838287,0.0,0.0,0.0,0.0,0.0,0.17644785198004975,0.336452872537546,0.0,0.0,0.0,0.0,0.0,0.014692120079112006,0.0,0.0,0.0,0.07970073146949992,0.0,0.0,0.0,0.0
TARGET.20.PAXLXI.09A,0.0,0.0,0.0,0.0,0.0,0.0,0.0,0.09201967552131968,0.3054359693821117,0.0,0.0,0.0,0.0,0.0,0.0,0.4982779648524891,0.0,0.0,0.0011124059641464121,0.02084905036822946,0.0,0.0146200764043235,0.0,0.0,0.0,0.0676848575073801,0.0,0.0,0.0,0.0
TARGET.20.PAVPZJ.09A,0.0,0.0,0.0,0.0,0.0,0.0,0.0,0.07145698163581185,0.40480065490487743,0.0,0.0,0.0,0.0,0.0,0.04622161480063379,0.4715662021648945,0.0,0.0,0.0,0.0,0.0,0.005954546493782404,0.0,0.0,0.0,0.0,0.0,0.0,0.0,0.0
TARGET.20.PAWLRX.09A,0.0,0.0,0.0,0.0,0.0,0.0,0.0,0.12592375646360068,0.2187341748279525,0.0,0.0,0.0,0.0,0.0,0.0,0.0,0.0,0.0,0.633224269870376,0.0,0.0,0.0014954355478569476,0.0,0.0,0.020622363290213788,0.0,0.0,0.0,0.0,0.0
TARGET.20.PAUNHG.09A,0.0,0.0,0.0,0.0,0.016123509744402062,0.0,0.0,0.24569606578614123,0.19324330678813473,0.0,0.0,0.0,0.0,0.0,0.2164487242770908,0.1312014851753561,0.0,0.0,0.0,0.14864867924248262,0.0,0.01603867160259435,0.0,0.0,0.0,0.032599557383798126,0.0,0.0,0.0,0.0
TARGET.20.PARTYK.09A,0.0,0.0,0.0,0.0,0.0,0.0,0.0,0.0212550116102859,0.41051287866286434,0.0,0.0,0.0,0.0,0.0,0.3115618713094426,0.21588893491262584,0.0,0.0,0.0,0.006439950970245531,0.0,0.00047053445231802667,0.0,0.0,0.03272110814513483,0.0011497099370828252,0.0,0.0,0.0,0.0
TARGET.20.PAXBZH.09A,0.0,0.0,0.0038603506930302775,0.04683633927898317,0.10809810086087382,0.0,0.0,0.022694421791587455,0.12225022493005666,0.0,0.0,0.0,0.0,0.0,0.2694381501450805,0.19876406701946805,0.0,0.0,0.0,0.0,0.09417709829732039,0.002542841032697162,0.0,0.0,0.0,0.13133840595090263,0.0,0.0,0.0,0.0
TARGET.20.PAWCKH.09A,0.0,0.1657839031300525,0.0,0.0,0.0,0.0,0.0,0.07195852024412472,0.0,0.0,0.0,0.0,0.0,0.0,0.47402163451962304,0.2882359421061996,0.0,0.0,0.0,0.0,0.0,0.0,0.0,0.0,0.0,0.0,0.0,0.0,0.0,0.0
TARGET.20.PASKAS.09A,0.0,0.0,0.0,0.0,0.0,0.0,0.0,0.0,0.0,0.0,0.0,0.0,0.0,0.0,0.0,0.0,0.0,0.0,0.0,0.0,0.0,0.0,0.0,0.0,0.8604117111630791,0.1395882888369208,0.0,0.0,0.0,0.0
TARGET.20.PANZXI.09A,0.0,0.07579934929444221,0.0,0.0,0.0,0.0,0.0,0.0,0.0,0.0,0.0,0.0,0.0,0.0,0.0,0.0,0.0,0.0,0.026194504956997624,0.0,0.2710543784480866,0.0,0.0,0.0,0.0,0.4125338700115039,0.0,0.0,0.21441789728896976,0.0
TARGET.20.PANVGE.09A,0.0,0.06780595279239278,0.0,0.0,0.0,0.0,0.0,0.0,0.0,0.0,0.0,0.0,0.3612283398272431,0.0,0.0,0.0,0.07487703476630155,0.0,0.0,0.0,0.1757643559961159,0.005470711615213639,0.11472573855403136,0.12215902283638733,0.0,0.0,0.0,0.0,0.07796884361231424,0.0
TARGET.20.PAYFZE.09A,0.0,0.0,0.0,0.0,0.0,0.0,0.0,0.05570544336599601,0.17479670955558846,0.0,0.0,0.0,0.0,0.0,0.0,0.6088747066700033,0.0,0.0,0.0,0.002595577989333025,0.0,0.0,0.06933425148064433,0.0,0.08869331093843488,0.0,0.0,0.0,0.0,0.0
TARGET.20.PAUZMH.09A,0.0,0.0,0.0,0.0,0.0,0.0010786049292602017,0.0,0.10176859736949373,0.12219433438648523,0.0,0.0,0.0,0.0,0.0,0.13794284403420695,0.2868161268032988,0.0,0.0,0.0,0.0,0.0,0.018790586099193828,0.04723704709168323,0.0,0.0,0.28417185928637806,0.0,0.0,0.0,0.0
TARGET.20.PAELYU.09A,0.0,0.0,0.0,0.0,0.0,0.0,0.0,0.04748763387805221,0.23509041473778677,0.0,0.0,0.0,0.0,0.0,0.0012042895546162113,0.4869548788595071,0.0,0.0,0.0025715634597994856,0.00524958385087322,0.0,0.005415824614660804,0.0,0.0,0.029319819929086093,0.18670599111561803,0.0,0.0,0.0,0.0
TARGET.20.PAWPLE.09A,0.0,0.0,0.0,0.0,0.0,0.0,0.0,0.24819011452508047,0.47407447914982054,0.0,0.0,0.0,0.0,0.0,0.15920542741617427,0.0,0.0,0.0,0.0,0.1026462817059438,0.0,0.01588369720298097,0.0,0.0,0.0,0.0,0.0,0.0,0.0,0.0
TARGET.20.PATIAB.09A,0.0,0.0,0.0,0.0,0.0,0.0,0.0,0.06324710218286686,0.12009239710981529,0.0,0.0,0.0,0.0,0.0,0.0,0.5130184407966668,0.0,0.0,0.0,0.0,0.0,0.017308325759737644,0.0,0.0,0.23310595456261743,0.0,0.0,0.0,0.05322777958829587,0.0
TARGET.20.PASUUD.09A,0.0,0.19177350218690853,0.00881136163250515,0.0,0.0,0.0,0.0,0.022831044187315037,0.08975792264274908,0.0,0.0,0.0,0.0,0.0,0.0,0.20556551439894438,0.0,0.017028154086332063,0.0,0.0,0.21699174867376275,0.006459990021981873,0.0,0.0,0.0,0.23403456130908953,0.0,0.0,0.006746200860411511,0.0
TARGET.20.PAKFXY.09A,0.0,0.0,0.04031301787846473,0.0,0.0,0.0,0.0,0.1585574591471932,0.21479759125191697,0.0,0.0,0.0,0.0,0.0,0.1404525715460195,0.22345478163581622,0.0,0.0,0.0,0.0,0.0,0.0017412010356858357,0.0,0.0,0.0,0.22068337750490336,0.0,0.0,0.0,0.0
TARGET.20.PAWKRF.09A,0.0,0.0,0.0,0.0,0.0,0.0,0.0,0.0,0.1514166980978913,0.0,0.0,0.0,0.0,0.0,0.3067573324318451,0.21842018496951074,0.0,0.0,0.010131447909188525,0.0,0.0,0.0007969405429608127,0.0,0.0,0.0,0.3124773960486036,0.0,0.0,0.0,0.0
TARGET.20.PAVUEF.09A,0.0,0.0,0.0,0.0,0.0,0.0,0.0,0.041094859133143063,0.21687647344485042,0.0,0.0,0.0,0.0,0.0,0.0,0.5524339821453479,0.0,0.0,0.0,0.0,0.006824440987992676,0.005457135349061422,0.0,0.0,0.0,0.030242227118095013,0.0,0.0,0.1470708818215096,0.0
TARGET.20.PAKLTN.09A,0.0,0.0,0.0,0.17360508171377495,0.04589333658780439,0.0,0.0,0.06951326413310854,0.07483593267750843,0.0,0.0,0.0,0.0,0.0,0.0,0.39851403657515394,0.0,0.0,0.0,0.0797142016565334,0.0,0.007878130083717603,0.0,0.0,0.05514526616915257,0.09490075040324618,0.0,0.0,0.0,0.0
TARGET.20.PAWUTL.09A,0.0,0.0,0.0,0.0,0.0,0.0,0.0,0.22726085772431018,0.0,0.0,0.0,0.0,0.0,0.0,0.26503884552910056,0.26805683084105486,0.0,0.2163465452878216,0.02329692061771271,0.0,0.0,0.0,0.0,0.0,0.0,0.0,0.0,0.0,0.0,0.0
TARGET.20.PAVDVU.09A,0.0,0.0,0.0,0.0,0.0,0.0,0.0,0.09165186471401164,0.1846821861043928,0.0,0.0,0.0,0.0,0.0,0.0,0.1548193323673521,0.0,0.0,0.0,0.0,0.0,0.01057206609658643,0.0,0.5582745507176572,0.0,0.0,0.0,0.0,0.0,0.0
TARGET.20.PAUNDC.09A,0.0,0.0,0.0,0.0,0.0,0.0,0.0,0.05816092634700339,0.23649553239402404,0.0,0.0,0.0,0.0,0.0,0.14880675173552368,0.47686458027979906,0.0,0.0,0.0,0.0,0.0,0.002281666187126772,0.0,0.0,0.0,0.07739054305652304,0.0,0.0,0.0,0.0
TARGET.20.PASGAE.09A,0.0473324706564941,0.0,0.0,0.0,0.06408970489172754,0.0,0.0,0.08759914884333979,0.24961034649115332,0.0,0.0,0.0,0.0,0.0,0.29777838929525696,0.06250557229455761,0.0,0.0,0.0,0.11562104502685977,0.0,0.07546332250061095,0.0,0.0,0.0,0.0,0.0,0.0,0.0,0.0
TARGET.20.PAENYR.09A,0.0,0.0,0.0,0.0,0.0,0.0,0.0,0.047644682162800725,0.22475603023874993,0.0,0.0,0.0,0.0,0.0,0.0,0.49691417549543176,0.0,0.0,0.0,0.012008467705979062,0.0,0.011365562094943018,0.0,0.0,0.0,0.20731108230209547,0.0,0.0,0.0,0.0
TARGET.20.PASVWW.09A,0.0,0.0,0.0,0.0,0.0,0.0,0.0,0.043154209993831974,0.19680241082998362,0.0,0.0,0.0,0.0,0.0,0.15666056826622304,0.22496401905957453,0.0,0.0,0.0004193259750898295,0.0,0.0,0.018467153812626768,0.0,0.0,0.04067587380764692,0.31885643825502336,0.0,0.0,0.0,0.0
TARGET.20.PAVYYR.09A,0.0,0.0,0.0,0.0,0.0,0.0,0.0,0.1154916870788178,0.14546127415974172,0.0,0.0,0.0,0.0,0.0,0.1259455483902982,0.44459584580120187,0.0,0.0,0.0,0.0,0.0,0.008198974884640739,0.0,0.0,0.0,0.16030666968529964,0.0,0.0,0.0,0.0
TARGET.20.PAWTEB.09A,0.0,0.0,0.0,0.0,0.020759295299100287,0.0,0.0,0.13200332837885614,0.41347390189146743,0.0,0.0,0.0,0.0,0.0,0.16437447028132837,0.23333471323134414,0.0,0.0,0.0,0.0,0.0,0.008389390686022995,0.0,0.0,0.0,0.027664900231880646,0.0,0.0,0.0,0.0
TARGET.20.PATBWH.09A,0.0,0.0,0.0,0.0,0.0,0.0,0.0,0.009898306432926555,0.10673168867166546,0.0,0.0,0.0,0.0,0.0,0.0,0.5494312846953076,0.0,0.0,0.0011020229882637384,0.0,0.10426227454410479,0.0478981443986244,0.0,0.0,0.0,0.18067627826910757,0.0,0.0,0.0,0.0
TARGET.20.PAWRYC.09A,0.0,0.0,0.0,0.0,0.0,0.0,0.0,0.2037900297219015,0.444384722515567,0.0,0.0,0.0,0.0,0.0,0.10752722390151746,0.01918711087666767,0.0,0.0,0.0,0.1790690970022218,0.0,0.04604181598212457,0.0,0.0,0.0,0.0,0.0,0.0,0.0,0.0
TARGET.20.PABHET.09A,0.0,0.028977019580068954,0.0,0.0,0.0,0.0,0.0,0.06507246024628482,0.05906777958063459,0.0,0.0,0.0,0.04030324108213956,0.0,0.06528548369611219,0.1905472257731569,0.0,0.02265435358682359,0.0001515427144184589,0.0,0.10741641993806902,0.0014069803371125674,0.0,0.0,0.0,0.41911749346517935,0.0,0.0,0.0,0.0
TARGET.20.PASFLX.09A,0.0,0.0,0.0,0.0,0.0,0.0,0.0,0.09973185336919113,0.13491147537226306,0.0,0.0,0.0,0.0,0.0,0.13482881611215777,0.30374388155043536,0.0,0.0,0.0,0.004108244150591876,0.0,0.0656494088764315,0.0,0.0,0.027164059065859014,0.22986226150307024,0.0,0.0,0.0,0.0
TARGET.20.PAXMNR.09A,0.0,0.0,0.0,0.0,0.0,0.0,0.0,0.08695900792227299,0.13839837847808284,0.0,0.0,0.0,0.0,0.0,0.03534807217703408,0.5476454332902823,0.0,0.0,0.0,0.12542508869560814,0.0,0.015311206061962053,0.0,0.0,0.0,0.05091281337475775,0.0,0.0,0.0,0.0
TARGET.20.PAKKBK.09A,0.0,0.04485214100697758,0.0,0.0,0.0,0.0,0.0,0.021576858088515904,0.043900362067154856,0.0,0.0,0.0,0.0,0.0,0.3627318563746745,0.02568756112142614,0.0,0.03978352064988569,0.0,0.0,0.0,0.0,0.0,0.005211777389293907,0.0,0.4102630294876474,0.0,0.0,0.0,0.04599289381442407
TARGET.20.PASGZV.09A,0.0,0.0,0.05345545142869068,0.0,0.0,0.0,0.0,0.05417412013500651,0.09632091208972447,0.0,0.0,0.0,0.01969070459225963,0.0,0.0,0.11316003429398834,0.048892222143650764,0.00654292255993691,0.0,0.0,0.27512966300703834,0.02149862647674386,0.0,0.0,0.0,0.3111353432729605,0.0,0.0,0.0,0.0
TARGET.20.PAXELP.09A,0.0,0.0,0.0,0.0,0.0,0.0,0.0,0.017841331945882766,0.032506820374875595,0.0,0.0,0.0,0.14954191717973364,0.0,0.36163185285508603,0.17642007262653994,0.09835585245413156,0.0,0.003662130219133802,0.0,0.015921660085429185,0.0,0.0,0.0,0.0,0.1441183622591874,0.0,0.0,0.0,0.0
TARGET.20.PARTVG.09A,0.0,0.0,0.0,0.0,0.0,0.0,0.0,0.05136157967279126,0.1965838539676158,0.0,0.0,0.0,0.23401738629345306,0.0,0.0,0.16958739954170463,0.009929790342300685,0.0,0.0,0.0980032819829409,0.0,0.01389032586772798,0.0,0.0,0.0,0.22662638233146573,0.0,0.0,0.0,0.0
TARGET.20.PAVBNV.09A,0.0,0.0,0.0,0.0,0.14179005722970933,0.0,0.0,0.10017081918071828,0.049123692096919046,0.0,0.0,0.0,0.0,0.0,0.2001667532221546,0.05783324908115137,0.0,0.0,0.004166004854178802,0.06978350197561375,0.0,0.0039829357604104845,0.0,0.0,0.0,0.37298298659914436,0.0,0.0,0.0,0.0
TARGET.20.PATJIC.09A,0.0,0.04766225576022891,0.002817870557765132,0.00312067132188976,0.011485338616798364,0.0,0.0,0.02289292541375708,0.20677565621326932,0.0,0.0,0.0,0.0,0.0,0.0,0.04229910794415558,0.0,0.1411894453061743,0.04080653731281584,0.0,0.35447047902402845,0.0,0.0,0.0,0.0,0.1264797125291173,0.0,0.0,0.0,0.0
TARGET.20.PAVDPF.09A,0.0,0.0,0.0,0.0,0.012796737395224342,0.0,0.0,0.617204584173383,0.08488614293237673,0.0,0.0,0.0,0.0,0.0,0.05156332944952106,0.09538352939801072,0.0,0.0,0.015029823538859515,0.0,0.0,0.002961314619094811,0.0,0.0,0.0,0.12017453849352984,0.0,0.0,0.0,0.0
TARGET.20.PARHJV.09A,0.0,0.2991409940241284,0.0,0.0,0.0916227410370815,0.0,0.0,0.07094467812499965,0.18973517690678493,0.0,0.0,0.0,0.0,0.0,0.0,0.23749092581493061,0.0,0.0,0.0,0.020293338972236313,0.0469696547569598,0.006230612154087588,0.0,0.0,0.0,0.022745221979363413,0.0,0.0,0.014826656229427942,0.0
TARGET.20.PARAEF.09A,0.0,0.0,0.0,0.0,0.0,0.0,0.0,0.05341702221767706,0.0,0.0,0.0,0.0,0.11108474119215446,0.0,0.0,0.17074291195283098,0.14708122986460878,0.0,0.0,0.0,0.0075962043626128265,0.0,0.17376717023007152,0.06648029952299972,0.007140727221675476,0.03169910356995263,0.0,0.0,0.2309905898654166,0.0
TARGET.20.PAVZEC.09A,0.0,0.04400114458819341,0.0,0.0,0.0,0.0,0.0,0.10345962562363702,0.026467966091301136,0.0,0.0,0.0,0.0,0.0,0.4938898708730167,0.12466138044697528,0.0,0.0,0.00017591808230576285,0.02455639528200558,0.0,0.0,0.0,0.0,0.0,0.18278769901256514,0.0,0.0,0.0,0.0
TARGET.20.PAYIRH.Sorted.non.leukemic.09A,0.0,0.0,0.0,0.0,0.0014418703628560306,0.0,0.0,0.0784029112264696,0.3147714492191894,0.0,0.0,0.0,0.0,0.0,0.2262524286208326,0.043945912783485204,0.0,0.0,0.0,0.0,0.0,0.015802171273067392,0.0,0.005285361120403606,0.0,0.3140978953936962,0.0,0.0,0.0,0.0
TARGET.20.PAXBVX.09A,0.0,0.0,0.0,0.0,0.0,0.0,0.0,0.11684205578583241,0.29126346485546345,0.0,0.0,0.0,0.0,0.0,0.014964739069026055,0.5153664222921317,0.0,0.0,0.0,0.0,0.0,0.011936815468936613,0.0,0.0,0.0,0.04962650252860986,0.0,0.0,0.0,0.0
TARGET.20.PAVRWU.09A,0.11038904794870388,0.0,0.0,0.0,0.10414216165779477,0.0,0.0,0.08028486336547082,0.30744873902710607,0.0,0.0,0.0,0.0,0.0,0.16060868787859756,0.14128899335863135,0.0,0.0,0.0,0.07549432686495404,0.0,0.019770664677951702,0.0,0.0,0.0005725152207898014,0.0,0.0,0.0,0.0,0.0
TARGET.20.PARUAD.09A,0.0,0.4405958968955886,0.0,0.0,0.0,0.0,0.0,0.05401160754596687,0.0,0.0,0.0,0.0,0.0,0.0,0.0,0.12384478427198091,0.0,0.07079315233594217,0.0006922826414430792,0.0,0.015093149565625795,0.002369245214013301,0.0,0.0,0.0,0.29259988152943917,0.0,0.0,0.0,0.0
TARGET.20.PARAUM.09A,0.0,0.0,0.0,0.0,0.0,0.0,0.0,0.05530487473553419,0.08991713353329528,0.0,0.0,0.0,0.0,0.0,0.17690857837199692,0.156036547690533,0.0,0.0,0.08622521063334924,0.03773546607954119,0.0873039497555258,0.0003199464541335113,0.0,0.0,0.0,0.31024829274609084,0.0,0.0,0.0,0.0
TARGET.20.PAYHVK.Sorted.leukemic.09A,0.0,0.3920375132680786,0.0,0.0,0.19124171879812105,0.0,0.0,0.05688398885071137,0.12274504003302501,0.0,0.0,0.0,0.0,0.008365889495792015,0.0,0.2184390864306318,0.0,0.0,0.0,0.0,0.0,0.007162749232155073,0.0,0.0,0.003124013891485013,0.0,0.0,0.0,0.0,0.0
TARGET.20.PARFMY.09A,0.06489985632125367,0.0,0.012994689226329455,0.0,0.0,0.0,0.0,0.1385034849366115,0.2418234290316038,0.0,0.0,0.0,0.12096409936180595,0.0,0.0,0.14621145960585014,0.0,0.0,0.0,0.042908499281180054,0.0,0.0033869994546053325,0.0,0.0,0.0,0.22830748278076032,0.0,0.0,0.0,0.0
TARGET.20.PANUUA.09A,0.0,0.5841965661333745,0.0,0.0,0.0,0.0,0.0,0.020913556980210444,0.017298977532524025,0.0,0.0,0.0,0.0,0.0,0.0,0.04899922760629599,0.0,0.0,0.0036103438806700068,0.00345407514838556,0.12237918003802657,0.006221842401572506,0.0,0.0,0.002430937904938445,0.19049529237400195,0.0,0.0,0.0,0.0
TARGET.20.PAUHFI.09A,0.0,0.0,0.0,0.0,0.008707028819035997,0.0,0.0,0.07874228156804111,0.5222379044869082,0.0,0.0,0.0,0.0,0.0,0.18353274300404576,0.19959255918279237,0.0,0.0,0.0,0.0,0.0,0.007187482939176523,0.0,0.0,0.0,0.0,0.0,0.0,0.0,0.0
TARGET.20.PAXEBW.09A,0.0,0.0,0.0,0.0,0.0,0.0,0.0,0.056783478390594264,0.3080776585032518,0.0,0.0,0.0,0.0,0.0,0.12145581399715084,0.5041206202464121,0.0,0.0,0.0020696617943295127,0.0,0.0,0.007492767068261409,0.0,0.0,0.0,0.0,0.0,0.0,0.0,0.0
TARGET.20.PAUMAD.09A,0.0,0.0574350430839764,0.0,0.40473613295797584,0.0,0.0,0.0,0.08431822564718726,0.0,0.0,0.0,0.0,0.0,0.0,0.015561316641168188,0.42202159581115617,0.0,0.0,0.015927685858536118,0.0,0.0,0.0,0.0,0.0,0.0,0.0,0.0,0.0,0.0,0.0
TARGET.20.PAXGVH.09A,0.0,0.24025169712145017,0.0,0.0,0.0,0.0,0.0,0.14446285915228202,0.13785120516800495,0.0,0.0,0.0,0.0,0.0,0.2848860225582348,0.12107226732927913,0.0,0.0,0.0,0.07147594867074893,0.0,0.0,0.0,0.0,0.0,0.0,0.0,0.0,0.0,0.0
TARGET.20.PAVAUA.09A,0.0,0.0,0.0,0.26930796811737306,0.0,0.0,0.0,0.029810263206764616,0.10132314843786482,0.0,0.0,0.0,0.0,0.0,0.0,0.5080253840032705,0.0,0.0,0.023675596041822917,0.0,0.0,0.005824171836241347,0.0,0.0,0.0620334683566626,0.0,0.0,0.0,0.0,0.0
TARGET.20.PAVELT.09A,0.0,0.03357067770626843,0.0,0.0,0.01973432838141443,0.0,0.0,0.04533562343056106,0.15954942529187163,0.0,0.0,0.0,0.0,0.0,0.20816303008963646,0.340115229607189,0.0,0.0,0.09060150500838722,0.0,0.0,0.0034330284036522096,0.0,0.0,0.0,0.09949715208101964,0.0,0.0,0.0,0.0
TARGET.20.PAWKLC.09A,0.0,0.013624454412127571,0.0,0.0,0.07362169850061417,0.0,0.0,0.07996059132466526,0.06134970775768882,0.0,0.0,0.0,0.0,0.0,0.23583419489626056,0.34066754405188676,0.0,0.0,0.0015509111805688666,0.0,0.0,0.004733692709385743,0.0,0.0,0.0,0.18865720516680223,0.0,0.0,0.0,0.0
TARGET.20.PARFJN.09A,0.0,0.0,0.0,0.0,0.0,0.0,0.0,0.15214556848738064,0.11275163663665475,0.0,0.0,0.0,0.18145875460742586,0.0,0.08154912353247384,0.2912808710003451,0.0,0.0,0.0,0.0,0.0,0.0055123518355214216,0.0,0.0,0.0,0.17530169390019856,0.0,0.0,0.0,0.0
TARGET.20.PAVIYS.09A,0.0,0.0,0.0,0.0,0.0,0.0,0.0,0.03908094169751254,0.32094673281989605,0.0,0.0,0.0,0.0,0.0,0.0,0.5910823899768546,0.0,0.0,0.0,0.0,0.0,0.0028229583292721547,0.0,0.0,0.04606697717646469,0.0,0.0,0.0,0.0,0.0
TARGET.20.PAVXME.09A,0.0,0.0,0.0,0.0,0.10618155193729299,0.0,0.0,0.07077409865249916,0.05515699466697867,0.0,0.0,0.0,0.0,0.0,0.10167781509142848,0.5704790293474733,0.0,0.0,0.0,0.0,0.0,0.005644799924993288,0.0,0.0,0.007408180573799128,0.08267752980553508,0.0,0.0,0.0,0.0
TARGET.20.PAVRTN.09A,0.0,0.08705110540201491,0.0,0.0,0.0887891188520221,0.0,0.0,0.03352892874958846,0.04418192801290465,0.0,0.0,0.0,0.0,0.0,0.18152717963780235,0.39960136455789363,0.0,0.0,0.0024685414649675314,0.0,0.052504671747341344,0.012060505559970992,0.0,0.0,0.0,0.09828665601549408,0.0,0.0,0.0,0.0
TARGET.20.PATAVF.09A,0.0,0.24993412025992678,0.0,0.0,0.0,0.0,0.0,0.032599544250431954,0.0,0.0,0.0,0.0,0.0,0.0,0.0,0.2140119378370833,0.0,0.0,0.0037115188673326415,0.05321338954186513,0.04828966365241709,0.006471027457014143,0.0,0.0,0.0,0.2917061722445323,0.0,0.0,0.10006262588939649,0.0
TARGET.20.PASKGH.09A,0.0,0.0,0.0,0.0,0.0,0.0,0.0,0.03368574595875582,0.1882942352935351,0.0,0.0,0.0,0.0,0.0,0.0,0.2850412295581058,0.0,0.0,0.0,0.0,0.0,0.009560036891654985,0.0,0.0,0.34418502132643414,0.13923373097151415,0.0,0.0,0.0,0.0
TARGET.20.PAUVAT.09A,0.0,0.0,0.0,0.0,0.0,0.0,0.0,0.07529054808786656,0.05468701994587843,0.0,0.0,0.0,0.0,0.0,0.46596289322462114,0.35513819124212925,0.0,0.0,0.0,0.0,0.0,0.0,0.0,0.0,0.0,0.04892134749950463,0.0,0.0,0.0,0.0
TARGET.20.PARJLW.09A,0.013571562802141607,0.0,0.03587164035097588,0.0,0.0,0.0,0.0,0.09218491670230662,0.3144358115885938,0.0,0.0,0.0,0.0,0.0,0.0,0.22678968715215403,0.0,0.0,0.0,0.04611207467195262,0.15261731740648068,0.002487553057432372,0.010222703708703184,0.0,0.10570673255925915,0.0,0.0,0.0,0.0,0.0
TARGET.20.PAYHTI.Sorted.leukemic.09A,0.0,0.07058604972609771,0.0,0.0,0.06779411596797123,0.0,0.0,0.1503910650612773,0.06568293806371936,0.0,0.0,0.0,0.0,0.0,0.4041113634851238,0.16851541791612987,0.0,0.0,0.0043851068073406056,0.06853394297234018,0.0,0.0,0.0,0.0,0.0,0.0,0.0,0.0,0.0,0.0
TARGET.20.PASAFH.09A,0.0,0.0,0.0,0.0,0.0,0.0,0.0,0.05940269773809011,0.0,0.0,0.0,0.0,0.0,0.031556821549357336,0.0,0.20645059739619673,0.0,0.0,0.0,0.0,0.0,0.0016233065992754471,0.08269324656554486,0.0,0.014271848228651357,0.0,0.0,0.0,0.604001481922884,0.0
TARGET.20.PATKAH.09A,0.0,0.03942619343637411,0.0,0.0,0.0,0.0,0.0,0.07584327438470989,0.13575542477245606,0.0,0.0,0.0,0.0,0.0,0.0,0.242088736626212,0.0,0.0,0.0009709606600179676,0.005506953478204224,0.11742691135202678,0.002645725444915739,0.0,0.0,0.0,0.28919281093458965,0.0,0.0,0.09114300891049357,0.0
TARGET.20.PATIRW.09A,0.0,0.0,0.0,0.0,0.0,0.0,0.0,0.05231476219641958,0.27412306284079324,0.0,0.0,0.0,0.0,0.0,0.0,0.4216830072428192,0.0,0.0,0.0,0.09371310339937539,0.0,0.020783026263073576,0.0,0.0,0.0,0.13738303805751878,0.0,0.0,0.0,0.0
TARGET.20.PAWACC.09A,0.0,0.0,0.0,0.0,0.0,0.0,0.0,0.08072585081967523,0.018404625725620818,0.0,0.0,0.0,0.0,0.0,0.21080102554593685,0.12019357226616957,0.0,0.0,0.0,0.0,0.0,0.00039509638367983806,0.0,0.0,0.2269936051347888,0.34248622412412894,0.0,0.0,0.0,0.0
TARGET.20.PAVWXI.09A,0.0,0.0,0.0,0.0,0.0,0.0,0.0,0.08793434983050037,0.11216638813809642,0.0,0.0,0.0,0.0,0.0,0.010360400336822314,0.29146990743819434,0.012021957015123184,0.0,0.0,0.0,0.0,0.0,0.14655568789613316,0.0,0.0,0.2685215865715562,0.0,0.0,0.07096972277357397,0.0
TARGET.20.PAWYKA.09A,0.0,0.0,0.0,0.0,0.0,0.0,0.0,0.03187813523957599,0.3503231490309315,0.0,0.0,0.0,0.0,0.0,0.02850308732725844,0.589295628402234,0.0,0.0,0.0,0.0,0.0,0.0,0.0,0.0,0.0,0.0,0.0,0.0,0.0,0.0
TARGET.20.PAXMPG.09A,0.0,0.0,0.0,0.0,0.0,0.0,0.0,0.078629114481474,0.12431164724559272,0.0,0.0,0.0,0.0,0.0,0.32707780641748135,0.3189137828506771,0.0,0.0,0.0014831106285637188,0.005262173987778811,0.0,0.0,0.0,0.0,0.0,0.14432236438843227,0.0,0.0,0.0,0.0
TARGET.20.PAVUZN.09A,0.0,0.0,0.0,0.0,0.0,0.0,0.0,0.09980749175270745,0.23051805140359954,0.0,0.0,0.0,0.0,0.0,0.0,0.36161558248342324,0.0,0.0,0.0,0.11562883806208037,0.0,0.00284584049847369,0.0,0.0,0.0,0.1895841957997156,0.0,0.0,0.0,0.0
TARGET.20.PAVXEB.09A,0.0,0.0,0.0,0.0,0.0,0.0,0.0,0.014766285452431532,0.515663746771843,0.0,0.0,0.0,0.0,0.0,0.0,0.3828777484843707,0.0,0.0,0.0,0.0,0.0,0.05923234395484719,0.0,0.0,0.0,0.0274598753365076,0.0,0.0,0.0,0.0
TARGET.20.PARVAI.09A,0.0,0.0,0.0,0.024066747711746297,0.05168843444814836,0.0,0.0,0.056720285872474935,0.2033075636385319,0.0,0.0,0.0,0.0,0.0,0.16123971832606432,0.3034770630045562,0.0,0.0,0.00010529067487312768,0.0026527983700896686,0.019359868696036724,0.00361641469623373,0.0,0.0,0.0,0.17376581456124476,0.0,0.0,0.0,0.0
TARGET.20.PAUWNT.09A,0.0,0.0,0.0,0.0,0.0,0.0,0.0,0.04426820204063831,0.0,0.0,0.0,0.0,0.0,0.0,0.18881344605124292,0.38232376739015417,0.0,0.0528895410861683,0.04444987119491695,0.0,0.0,0.0,0.0,0.0,0.0,0.28725517223687935,0.0,0.0,0.0,0.0
TARGET.20.PASIEP.09A,0.0,0.1916589183869786,0.0,0.0,0.0,0.0,0.0,0.04368788490164563,0.12033990348680448,0.0,0.0,0.0,0.0,0.0,0.27742842269125517,0.09680546912686322,0.0,0.0,0.0,0.0,0.013226557779054762,0.0,0.0,0.0,0.0,0.2568528436273982,0.0,0.0,0.0,0.0
TARGET.20.PASMRU.09A,0.0,0.0,0.0,0.0,0.1989106900002564,0.0,0.0,0.015647178649983755,0.0699859730840818,0.0,0.0,0.0,0.0,0.0,0.31684593979431935,0.10053359707915725,0.0,0.0,0.0,0.0,0.0,0.0,0.0,0.027548738776311366,0.0,0.27052788261588995,0.0,0.0,0.0,0.0
TARGET.20.PARZGM.09A,0.0,0.0,0.0,0.0,0.0,0.0,0.0,0.09594025240998641,0.0918111125343177,0.0,0.0,0.0,0.0,0.0,0.0,0.15295075943223227,0.0,0.0,0.00588125742308703,0.39005314952591347,0.0,0.07723664697034964,0.0,0.0,0.00014469252575694726,0.1859821291783566,0.0,0.0,0.0,0.0
TARGET.20.PAXFMH.09A,0.0,0.0,0.0,0.0,0.0,0.0,0.0,0.04629991082495365,0.1472536606899717,0.0,0.0,0.0,0.0,0.0,0.0,0.7233110909708031,0.0,0.0,0.0,0.0,0.0,0.0039729757938716526,0.0,0.0,0.0,0.07916236172039981,0.0,0.0,0.0,0.0
TARGET.20.PAMVKZ.09A,0.022942311212423086,0.04472726460136655,0.0,0.0,0.0,0.0,0.0,0.041608020806119625,0.044154565463311354,0.0,0.0,0.0,0.0,0.0,0.14105794027888477,0.10675280678615483,0.0,0.0,0.0,0.0,0.3794984183854448,0.01217125913595764,0.0,0.0,0.010042257661347018,0.19704515566899036,0.0,0.0,0.0,0.0
TARGET.20.PAWDWA.09A,0.0,0.0,0.0,0.0,0.01306896048890618,0.0,0.0,0.22041158601706196,0.3360116010801072,0.0,0.0,0.0,0.0,0.0,0.2722824666411471,0.08672390759321714,0.0,0.0,0.0,0.07104444976347592,0.0,0.00045702841608455304,0.0,0.0,0.0,0.0,0.0,0.0,0.0,0.0
TARGET.20.PAVYLW.09A,0.0,0.0,0.0,0.0,0.0,0.0,0.0,0.26008788694364043,0.3598555303518055,0.0,0.0,0.0,0.0,0.0,0.07732443732030697,0.15233118358392594,0.0,0.0,0.0,0.0,0.0,0.010558525018378326,0.0,0.0,0.0,0.13984243678194283,0.0,0.0,0.0,0.0
TARGET.20.PAEPYP.09A,0.0,0.0,0.0,0.0,0.0,0.0,0.0,0.0,0.18810656048478577,0.0,0.0,0.0,0.0,0.0,0.0,0.3687792751050731,0.0,0.0,0.0,0.0,0.1333269338713154,0.0,0.04339462714403839,0.0,0.05817753581930875,0.2082150675754787,0.0,0.0,0.0,0.0
TARGET.20.PALJTS.09A,0.0,0.0,0.0,0.0,0.0,0.0,0.0,0.10778077313162576,0.09621287837758044,0.0,0.0,0.0,0.0,0.0,0.29789130973148836,0.37739653597355355,0.0,0.0,0.004432686127775694,0.060475127897245205,0.0,0.0029599281091578803,0.0,0.0,0.0,0.05285076065157321,0.0,0.0,0.0,0.0
TARGET.20.PATBIR.09A,0.0,0.0,0.0,0.0,0.0,0.0,0.0,0.18399665986865624,0.28841963955138994,0.0,0.0,0.0,0.0,0.0,0.0,0.17788769063431206,0.0,0.0,0.024122995558963183,0.026964437325688585,0.0,0.08210732467142982,0.0,0.0,0.0,0.20101485096315128,0.0,0.0,0.015486401426408966,0.0
TARGET.20.PAVCRM.09A,0.0,0.0,0.0,0.0,0.008460225908314495,0.0,0.0,0.18674735831805162,0.15663956149932987,0.0,0.0,0.0,0.0,0.0,0.2384315454401823,0.23214255641030915,0.0,0.0,0.0,0.0,0.0,0.027974377745975467,0.0,0.0,0.0,0.14960437467783702,0.0,0.0,0.0,0.0
TARGET.20.PAVDVV.09A,0.0,0.0,0.0,0.0,0.0,0.0,0.0,0.0930346185000935,0.0,0.0,0.0,0.0,0.0,0.0,0.18948603317725107,0.5726316503859497,0.0,0.0,0.0,0.0,0.0,0.0,0.0,0.0,0.0,0.14484769793670585,0.0,0.0,0.0,0.0
TARGET.20.PALGKX.09A,0.0,0.21153648531084032,0.0,0.0,0.0,0.0,0.0,0.0,0.05683181925712149,0.0,0.0,0.0,0.0,0.11289249697376803,0.03991099155837,0.04286063450950715,0.02562919465538691,0.0,0.11072071425968553,0.009646633409706704,0.3243014153931405,0.013567146563336387,0.0,0.0,0.0,0.052102468109136796,0.0,0.0,0.0,0.0
TARGET.20.PARUBA.09A,0.13209172845613126,0.0,0.0,0.0,0.10362300229391498,0.0,0.0,0.09807074468365166,0.2532506065779806,0.0,0.0,0.0,0.0,0.0,0.400446860064798,0.0,0.0,0.0,0.0,0.0,0.0,0.012517057923523551,0.0,0.0,0.0,0.0,0.0,0.0,0.0,0.0
TARGET.20.PATDDA.09A,0.0,0.0,0.0,0.20155663775969623,0.0,0.032681152673498234,0.0,0.04153887193059587,0.0,0.021918308289741846,0.0,0.0,0.0,0.0,0.0,0.46090467247108813,0.0,0.0,0.031010536569087567,0.0,0.0,0.0003321269646963219,0.06207536391473777,0.0,0.14375991695245685,0.0,0.0,0.004222412474401097,0.0,0.0
TARGET.20.PAUULL.09A,0.0,0.0,0.0,0.0,0.0,0.0,0.0,0.04347721544128952,0.2000712485006752,0.0,0.0,0.0,0.0,0.0,0.0,0.3845886874105911,0.05042896772431255,0.0,0.0,0.0,0.0,0.0033037062274797876,0.0,0.0,0.0,0.31813017469565175,0.0,0.0,0.0,0.0
TARGET.20.PAXIDA.09A,0.0,0.0,0.0,0.0,0.0,0.0,0.0,0.0452704269163207,0.18970838689814398,0.0,0.0,0.0,0.0,0.0,0.27146384459209594,0.17078725287939858,0.0,0.0,0.0,0.07235426759437058,0.0,0.012009160406510483,0.0,0.0,0.05232474340914561,0.18608191730401416,0.0,0.0,0.0,0.0
TARGET.20.PAVPLI.09A,0.0,0.0,0.0,0.0,0.0,0.0,0.0,0.04095796587029858,0.4100341456297005,0.0,0.0,0.0,0.0,0.0,0.0,0.4780924336579763,0.0,0.0,0.053256094665626585,0.0,0.0,0.017659360176398027,0.0,0.0,0.0,0.0,0.0,0.0,0.0,0.0
TARGET.20.PARAIC.09A,0.0,0.04763696831903094,0.0,0.0,0.0,0.0,0.0,0.17225846349130206,0.2801006674021038,0.0,0.0,0.0,0.0,0.0,0.36474512799878145,0.03774167361432206,0.0,0.0,0.0,0.06443293892410082,0.0,0.0,0.0,0.0,0.0,0.033084160250358846,0.0,0.0,0.0,0.0
TARGET.20.PAWKPU.09A,0.0,0.0,0.0,0.15050012374906727,0.0,0.0,0.0,0.08532453170971527,0.1965383018703834,0.0,0.0,0.0,0.0,0.0,0.16958252177136937,0.39805452089946464,0.0,0.0,0.0,0.0,0.0,0.0,0.0,0.0,0.0,0.0,0.0,0.0,0.0,0.0
TARGET.20.PAXKES.09A,0.0,0.0,0.012137340995363503,0.0,0.0,0.0,0.0,0.04742324193152099,0.06149541288392618,0.0,0.0,0.0,0.0,0.0,0.08937018764205061,0.46864098191127984,0.0,0.0,0.009225586054250168,0.013390280106126352,0.0,0.017751893030652652,0.0,0.0,0.0,0.28056507544482967,0.0,0.0,0.0,0.0
TARGET.20.PATJPY.09A,0.0,0.0,0.0,0.0,0.0,0.0,0.0,0.2503724771417228,0.3298259468178937,0.0,0.0,0.0,0.0,0.0,0.0,0.12932728449784617,0.0,0.0,0.0,0.0,0.0,0.060633572202915084,0.0,0.0,0.0,0.2298407193396223,0.0,0.0,0.0,0.0
TARGET.20.PAYBKY.09A,0.0,0.0,0.0,0.0,0.0269245168943474,0.0,0.0,0.06994183616122392,0.058103605432767456,0.0,0.0,0.0,0.0,0.0,0.3349380567844532,0.4151076442161494,0.0,0.0,0.0,0.0,0.0,0.0015855576091289006,0.0,0.0,0.0,0.09339878290192972,0.0,0.0,0.0,0.0
TARGET.20.PAUPSS.09A,0.0,0.0,0.0,0.0,0.03931703244102175,0.0,0.0,0.04309053417638054,0.05733483044767843,0.0,0.0,0.0,0.0,0.0,0.2276107966629498,0.3107415075668741,0.0,0.0,0.04146600726850197,0.0,0.06996163366905536,0.0010704790270566766,0.0,0.0,0.0,0.20940717874048134,0.0,0.0,0.0,0.0
TARGET.20.PAVFPR.09A,0.0,0.0,0.0,0.0,0.0,0.0,0.0,0.04166888961816685,0.09484619893037685,0.0,0.0,0.0,0.0,0.0,0.005361376546176036,0.6883652902524359,0.0,0.0,0.005831696935308287,0.0,0.0,0.01201584940029115,0.0,0.0,0.0,0.15191069831724502,0.0,0.0,0.0,0.0
TARGET.20.PATBNP.09A,0.0,0.0,0.0,0.0,0.0,0.0,0.0,0.048228399616906344,0.2791816313597248,0.0,0.0,0.0,0.0,0.0,0.0,0.4246882199324017,0.0,0.0,0.0,0.0,0.0,0.0018190409819941928,0.0,0.0,0.24608270810897295,0.0,0.0,0.0,0.0,0.0
TARGET.20.PATBIP.09A,0.0,0.0,0.0,0.0,0.0,0.0,0.0,0.05569631731362297,0.19756522465842163,0.0,0.0,0.0,0.04327196388768775,0.0,0.27064422811429595,0.15650657281999836,0.0,0.0,0.04005081584158224,0.0,0.0,0.0006511330273324325,0.0,0.0,0.0,0.2356137443370586,0.0,0.0,0.0,0.0
TARGET.20.PAUPNA.09A,0.0,0.0,0.0,0.0,0.0,0.0,0.0,0.037401005457161796,0.22939761100809763,0.0,0.0,0.0,0.0,0.0,0.0,0.45177547031257115,0.0,0.0,0.0,0.0,0.0,0.01267087203237878,0.0,0.0,0.0,0.0069352050966195585,0.0,0.0,0.26181983609317105,0.0
TARGET.20.PAVPVK.09A,0.0,0.0,0.0,0.0,0.0,0.0,0.0,0.13305660949120637,0.14005094116059857,0.0,0.0,0.0,0.0,0.0,0.02142637888881382,0.3391202338356181,0.0,0.0,0.016128271664680133,0.0,0.0,0.000146870117798619,0.0,0.0,0.17550471274949317,0.1745659820917913,0.0,0.0,0.0,0.0
TARGET.20.PATLVC.09A,0.03368941934303931,0.0,0.01487304006421481,0.0,0.0,0.0,0.0,0.07188335456798184,0.37284435927625886,0.0,0.0,0.0,0.0,0.0,0.0,0.21996595665033083,0.0,0.0,0.0,0.0,0.061123786725373025,0.004395343587838448,0.0,0.0,0.20474420990504316,0.0,0.016480529879919582,0.0,0.0,0.0
TARGET.20.PAXMNG.09A,0.0,0.0,0.0,0.0,0.0,0.0,0.0,0.04978070737300534,0.02181198112429968,0.0,0.0,0.0,0.0,0.0,0.0685251340405335,0.5623855692713852,0.005513088199981737,0.0,0.0,0.0,0.0,0.001515720443662154,0.0,0.0,0.0,0.2904677995471323,0.0,0.0,0.0,0.0
TARGET.20.PAXKXS.09A,0.0,0.0,0.0,0.0,0.16181992619283214,0.0,0.0,0.09890405599026417,0.0,0.0,0.0,0.0,0.0,0.0,0.14904993995870466,0.34647337748023177,0.0,0.0,0.001348659905673705,0.0,0.0,0.0018033002496256208,0.0,0.0,0.0,0.2406007402226679,0.0,0.0,0.0,0.0
TARGET.20.PAYHMK.Sorted.leukemic.09A,0.0,0.0,0.0,0.0,0.11728412953459949,0.0,0.0,0.12674600617451712,0.20338675908477563,0.0,0.0,0.0,0.0,0.0,0.08929540672644277,0.250829066498317,0.0,0.0,0.0,0.0,0.20598010295352986,0.006478529027818092,0.0,0.0,0.0,0.0,0.0,0.0,0.0,0.0
TARGET.20.PANCSC.09A,0.0,0.22753798057258914,0.0,0.0,0.014801644916832266,0.0,0.0,0.00875493771780999,0.2575251861521451,0.0,0.0,0.0,0.0,0.0,0.24649901100421712,0.0,0.0,0.0,0.0,0.0,0.0,0.0,0.0,0.0,0.0,0.2448812396364064,0.0,0.0,0.0,0.0
TARGET.20.PAWZLW.09A,0.0,0.0,0.0,0.0,0.21313216541690855,0.0,0.0,0.03855465698648894,0.233455498025583,0.0,0.0,0.0,0.0,0.0,0.4815650326960936,0.0,0.0,0.0,0.0,0.0,0.0,0.03329264687492599,0.0,0.0,0.0,0.0,0.0,0.0,0.0,0.0
TARGET.20.PAXJVE.09A,0.0,0.0,0.02751876606978976,0.0,0.0,0.0,0.0,0.03086336603238147,0.10743564104807853,0.0,0.0,0.0,0.05030106348728344,0.0,0.11609639281467928,0.3431909814333898,0.0,0.0,0.034687839585736756,0.0,0.05669606821180846,0.0014045357538487967,0.0,0.0,0.0,0.23180534556300367,0.0,0.0,0.0,0.0
TARGET.20.PAUMIH.09A,0.0,0.032547277802922644,0.0,0.0,0.0,0.0,0.0,0.13591931322656461,0.2110592263606346,0.0,0.0,0.0,0.0,0.0,0.27614125754688923,0.24835819306014953,0.0,0.0,0.0,0.06081689566320875,0.0,0.03515783633963066,0.0,0.0,0.0,0.0,0.0,0.0,0.0,0.0
TARGET.20.PASWER.09A,0.0,0.0,0.0,0.0,0.0,0.0,0.0,0.03415480681305933,0.0,0.0,0.0,0.0,0.0,0.0,0.0,0.15022879393015814,0.0,0.0,0.0,0.0,0.0,0.0,0.12907134963951897,0.0,0.28395951899772126,0.0,0.0,0.0,0.4025855306195424,0.0
TARGET.20.PAVXPB.09A,0.0,0.0,0.0,0.0,0.1433708651543593,0.0,0.0,0.02196880955659467,0.35775974592205256,0.0,0.0,0.0,0.0,0.0,0.08078512679405539,0.07630284033908859,0.0,0.12206703480388444,0.0,0.0,0.0,6.724052533538202e-05,0.0,0.0,0.0,0.19767833690462977,0.0,0.0,0.0,0.0
TARGET.20.PATIDY.09A,0.0,0.2388330256515578,0.0,0.0,0.0,0.0,0.0,0.027580231945939643,0.14369246862952595,0.0,0.0,0.0,0.0,0.0,0.0,0.26360578810944596,0.0,0.0,0.0017918461171471797,0.0,0.11720434713163569,0.01423365129177331,0.0,0.0,0.05954226091392331,0.0,0.0,0.0,0.13351638020905127,0.0
TARGET.20.PAVEMX.09A,0.0,0.0,0.0,0.0,0.0,0.0,0.0,0.0,0.12403004881127573,0.0,0.0,0.0,0.0,0.0,0.0,0.5406113441076985,0.0,0.0,0.011348803211370625,0.0,0.0,0.0,0.04496547825412915,0.0,0.0,0.0,0.0,0.0,0.27904432561552606,0.0
TARGET.20.PAVWUU.09A,0.052508923158189856,0.0,0.0,0.0,0.04108376611972312,0.0,0.0,0.08082146491251538,0.15975264503833805,0.0,0.0,0.0,0.0,0.0,0.2041445106888138,0.1664503131307228,0.0,0.0,0.0,0.0,0.0,0.02860013667619047,0.0,0.0,0.04910634128139508,0.21753189899411143,0.0,0.0,0.0,0.0
TARGET.20.PAVKJV.09A,0.0,0.0,0.0,0.0,0.0,0.0,0.0,0.1372458319706502,0.02170855437461703,0.0,0.0,0.0,0.0,0.0,0.42460965288199043,0.397706150714759,0.0,0.0,0.018729810057983246,0.0,0.0,0.0,0.0,0.0,0.0,0.0,0.0,0.0,0.0,0.0
TARGET.20.PAWDNF.09A,0.0,0.0,0.0,0.0,0.0,0.0,0.0,0.018698571890777716,0.3919252713106483,0.0,0.0,0.0,0.0,0.0,0.0,0.3150214161371382,0.0,0.0,0.0,0.0,0.0,0.009498575733046863,0.07708290243397747,0.0,0.0,0.0,0.0,0.0,0.18777326249441154,0.0
TARGET.20.PAUSFM.09A,0.0,0.0,0.0,0.0,0.0,0.0,0.0,0.042312965286946246,0.28508894191355394,0.0,0.0,0.0,0.0,0.0,0.0,0.42279634495947976,0.0,0.0,0.0,0.16502855161867522,0.0,0.0,0.08477319622134476,0.0,0.0,0.0,0.0,0.0,0.0,0.0
TARGET.20.PAULCA.09A,0.0,0.0,0.0,0.0,0.0,0.0,0.0,0.07472953520552915,0.011522509331683771,0.0,0.0,0.0,0.03472935633764521,0.0,0.11482900112315467,0.2744618312649648,0.0,0.0,0.0071126384187525,0.0,0.0,0.07614267372815003,0.0,0.0,0.0,0.4064724545901198,0.0,0.0,0.0,0.0
TARGET.20.PAXXUZ.09A,0.0,0.0,0.0,0.0,0.024384440106705145,0.0,0.0,0.041789392292919156,0.11234466294837647,0.0,0.0,0.0,0.0,0.0,0.1145698160309146,0.45783269980523716,0.0,0.0,0.015399506070126754,0.0,0.0,0.0021673526066954933,0.0,0.0,0.0,0.13589369860508604,0.0,0.0,0.0,0.09561843153393931
TARGET.20.PAVXUC.09A,0.0,0.0,0.0,0.0,0.0,0.0,0.0,0.06858331114414394,0.0639637452082535,0.0,0.0,0.0,0.0,0.0,0.0,0.347860692485602,0.0,0.0,0.0,0.0,0.0,0.0,0.14377444244998772,0.0,0.14067628316609646,0.0,0.0,0.0,0.2351415255459165,0.0
TARGET.20.PAXLFG.09A,0.0,0.0,0.0,0.0,0.0,0.0,0.0,0.05626953159241975,0.06707363255357095,0.0,0.0,0.0,0.0,0.0,0.6240806181755847,0.24907445915796825,0.0,0.0,0.0,0.0,0.0,0.003501758520456345,0.0,0.0,0.0,0.0,0.0,0.0,0.0,0.0
TARGET.20.PAYASV.09A,0.0,0.0,0.0,0.0,0.0,0.0,0.0,0.14769936155486085,0.31985645519370864,0.0,0.0,0.0,0.0,0.0,0.4099057849346337,0.10173203736384552,0.0,0.0,0.0,0.0,0.0,0.020806360952951287,0.0,0.0,0.0,0.0,0.0,0.0,0.0,0.0
TARGET.20.PASJXN.09A,0.0,0.0,0.0,0.0,0.0,0.0,0.0,0.1138855268668961,0.04131792120152543,0.0,0.0,0.0,0.0,0.0,0.005607704188618988,0.2560960492798615,0.0,0.0,0.0,0.0014142100083522765,0.0,0.04211389183119432,0.12132950479088599,0.0,0.0013795169036410592,0.32986130348831794,0.0,0.0,0.08699437144070638,0.0
TARGET.20.PASEGC.09A,0.0,0.021459542141146083,0.0,0.0,0.06269839842114465,0.0,0.0,0.048678480536267575,0.38513022563703464,0.0,0.0,0.0,0.0,0.0,0.17777450592041955,0.2747081883933478,0.0,0.0,0.00689214287725265,0.0,0.017913709855824193,0.004744806217562818,0.0,0.0,0.0,0.0,0.0,0.0,0.0,0.0
TARGET.20.PAUPXH.09A,0.0,0.0,0.0,0.0,0.0,0.0,0.0,0.035483323467134065,0.232842162444503,0.0,0.0,0.0,0.0,0.0,0.0,0.659852901110628,0.0,0.0,0.002720005067372644,0.0,0.0,0.0026073702625439696,0.005189816980538857,0.0,0.04379185930306468,0.01751256136421482,0.0,0.0,0.0,0.0
TARGET.20.PAXKZN.09A,0.0,0.0,0.0,0.0,0.0,0.0,0.0,0.0321240164613011,0.0,0.0,0.0,0.0,0.0,0.0,0.0,0.9451592236168604,0.0,0.0,0.0,0.0,0.0,0.022716759921838522,0.0,0.0,0.0,0.0,0.0,0.0,0.0,0.0
TARGET.20.PATFRY.09A,0.0,0.0,0.0,0.0,0.0,0.014096172095907897,0.0,0.08373011672532857,0.038289444546804004,0.0,0.0,0.0,0.0,0.0,0.0422363535662059,0.23535702071273085,0.0,0.0,0.0,0.055499441440954804,0.06840107153870513,0.0017318832866823424,0.0,0.0,0.05321353365514356,0.407444962431537,0.0,0.0,0.0,0.0
TARGET.20.PAYIET.09A,0.0,0.0,0.0,0.12400528102099116,0.0,0.0,0.0,0.0,0.3058898153909561,0.0,0.0,0.0,0.0,0.0,0.0,0.5471659449156551,0.0,0.0,0.0,0.0,0.0,0.0015665891691906506,0.0,0.0,0.021372369503207082,0.0,0.0,0.0,0.0,0.0
TARGET.20.PANEET.09A,0.0,0.0,0.0,0.0,0.03668676976699411,0.0,0.0,0.2298125552879652,0.1599359126186083,0.0,0.0,0.0,0.0,0.0,0.30109849388518173,0.19048633259271516,0.0,0.0,0.0,0.0,0.0,0.0026723644438379685,0.0,0.0,0.0,0.07930757140469748,0.0,0.0,0.0,0.0
TARGET.20.PAWRSP.09A,0.0,0.0,0.0,0.0,0.0,0.0,0.0,0.08510247115814466,0.35738148266274566,0.0,0.0,0.0,0.0,0.0,0.12482956941043649,0.3414234254588753,0.0,0.0,0.0,0.09091285104616778,0.0,0.0003502002636301756,0.0,0.0,0.0,0.0,0.0,0.0,0.0,0.0
TARGET.20.PARVXT.09A,0.0,0.004454618749471184,0.0,0.0,0.0,0.0,0.0,0.04590750989911636,0.1300643998745334,0.0,0.0,0.0,0.0,0.0,0.06848596259389221,0.14707957861494275,0.0,0.0,0.0,0.0,0.23058345658563664,0.006552562639903819,0.0,0.0,0.0,0.2970947135636663,0.0,0.0,0.06977719747883744,0.0
TARGET.20.PASDVA.09A,0.0,0.07926996366165384,0.0,0.0,0.08496934289797713,0.0,0.0,0.07082783797754345,0.2681379644028518,0.0,0.0,0.0,0.0,0.0,0.002149993837906714,0.36896101201174186,0.0,0.0,0.0,0.0,0.09319878992913858,0.015340900672967863,0.0,0.0,0.0016587588778466916,0.0,0.0,0.0,0.015485435730371951,0.0
TARGET.20.PAUTDY.09A,0.0,0.0,0.0,0.3957008125076809,0.0,0.0,0.0,0.0,0.0,0.0,0.0,0.0,0.0,0.0,0.0,0.5363809534873907,0.0,0.0,0.033183620020243394,0.0,0.0,0.003067840906177953,0.0,0.0,0.03166677307850703,0.0,0.0,0.0,0.0,0.0
TARGET.20.PATAWB.09A,0.0,0.10760042531950885,0.0,0.0,0.0,0.0,0.0,0.10115921426324082,0.11679501039724222,0.0,0.0,0.0,0.0,0.0,0.3598659053042049,0.017991740728296773,0.0,0.0,0.027235181214419993,0.08842601869614823,0.0,0.0,0.0,0.0,0.0,0.18092650407693833,0.0,0.0,0.0,0.0
TARGET.20.PARDZW.09A,0.0,0.0,0.0,0.0,0.0,0.0,0.0,0.0358137483287898,0.29011979444541963,0.0,0.0,0.0,0.0,0.07550712356838986,0.08858319533972894,0.2791962073164454,0.0,0.0,0.0,0.019785154599634154,0.0,0.0012554110350292142,0.0,0.0,0.05480372793661922,0.15493563742994387,0.0,0.0,0.0,0.0
TARGET.20.PAWTSD.09A,0.0,0.0,0.0,0.0,0.0,0.0,0.0,0.03726596852145608,0.1903954857552501,0.0,0.0,0.0,0.0,0.0,0.10727495063032351,0.30859885318871494,0.013070876839484888,0.0,0.0,0.000419811683082801,0.0,0.001785737125781584,0.0,0.0,0.0,0.3411883162559061,0.0,0.0,0.0,0.0
TARGET.20.PAWFVC.09A,0.0,0.0,0.0,0.0,0.0,0.0,0.0,0.0543227434437634,0.29148732757130746,0.0,0.0,0.0,0.0,0.0,0.16286518700026764,0.48987180567953553,0.0,0.0,0.0,0.0,0.0,0.0014529363051259815,0.0,0.0,0.0,0.0,0.0,0.0,0.0,0.0
TARGET.20.PAYKGB.Sorted.CD34neg.Myeloid.Mono.09A,0.0,0.0,0.0,0.0,0.0,0.0,0.0,0.03460334113031229,0.33303378536739364,0.0,0.0,0.0,0.0,0.0,0.0,0.3049430907242514,0.0,0.0,0.09504930446450602,0.0,0.0,0.008731162548959788,0.06509984949164398,0.0,0.028325347448337316,0.0,0.0,0.0,0.13021411882459558,0.0
TARGET.20.PAVRAT.09A,0.0,0.0,0.0,0.0,0.0,0.0,0.0,0.0,0.7977536487914775,0.0,0.0,0.0,0.0,0.0,0.0,0.0,0.0,0.0,0.0,0.0,0.0,0.2022463512085225,0.0,0.0,0.0,0.0,0.0,0.0,0.0,0.0
TARGET.20.PAWMRJ.09A,0.0,0.0,0.0,0.0,0.0,0.0,0.0,0.07516483334154182,0.2958858829893653,0.0,0.0,0.0,0.0,0.0,0.0,0.6149853723364017,0.0,0.0,0.0,0.0,0.0,0.013963911332691285,0.0,0.0,0.0,0.0,0.0,0.0,0.0,0.0
TARGET.20.PATBFF.09A,0.0,0.0,0.0,0.0,0.0,0.0,0.0,0.06979260785796139,0.45187527998712973,0.0,0.0,0.0,0.0,0.0,0.2619357029178148,0.10276945673922366,0.0,0.0,0.0,0.045954074550207356,0.0,0.0046992496482983655,0.0,0.0,0.0629736282993648,0.0,0.0,0.0,0.0,0.0
TARGET.20.PAVSJN.09A,0.0,0.0,0.0,0.0,0.002557796506917883,0.0,0.0,0.053264764063807674,0.06326316915162841,0.0,0.0,0.0,0.0,0.0,0.17919209460223276,0.3745219011711339,0.0,0.010437149441102708,0.0,0.011180900061647044,0.0,0.0006457992355385733,0.0,0.08512201641133106,0.0,0.21981440935466004,0.0,0.0,0.0,0.0
TARGET.20.PASCGS.09A,0.0,0.0,0.0,0.0,0.064454934567318,0.0,0.0,0.04983530782091434,0.4877887525842786,0.0,0.0,0.0,0.0,0.0,0.2612364409326377,0.09118578740180375,0.0,0.0,0.0,0.0,0.0,0.04549877669304772,0.0,0.0,0.0,0.0,0.0,0.0,0.0,0.0
TARGET.20.PAVUVI.09A,0.0,0.0,0.0,0.0,0.0,0.0,0.0,0.01493065679137203,0.0,0.0,0.0,0.0,0.0,0.0,0.0,0.985069343208628,0.0,0.0,0.0,0.0,0.0,0.0,0.0,0.0,0.0,0.0,0.0,0.0,0.0,0.0
TARGET.20.PAXDEL.09A,0.0,0.0,0.0,0.0,0.11713466009364766,0.0,0.0,0.04358355713367967,0.2792353947615772,0.0,0.0,0.0,0.0,0.0,0.4585856534272973,0.06044579197110035,0.0,0.0,0.0,0.0,0.0,0.0027814529682517776,0.0,0.0,0.0,0.03823348964444605,0.0,0.0,0.0,0.0
TARGET.20.PASAFM.09A,0.0,0.3922087726629402,0.0,0.0,0.0,0.0,0.0,0.045704218882214,0.10773803702775335,0.0,0.0,0.0,0.0,0.0,0.15653161706336102,0.08713114314453162,0.0,0.0,0.0,0.0,0.0,0.008266590816937779,0.0,0.0,0.0,0.20241962040226202,0.0,0.0,0.0,0.0
TARGET.20.PAVTBA.09A,0.0,0.0,0.0,0.0,0.0,0.0,0.0,0.10261910543471908,0.0977280168816353,0.0,0.0,0.0,0.0,0.0,0.322501514249771,0.30562879874441923,0.0,0.0,0.0037208274618363494,0.0,0.0,0.0019948465167495813,0.0,0.0,0.0,0.16580689071086965,0.0,0.0,0.0,0.0
TARGET.20.PAVLDU.09A,0.0,0.0,0.0,0.0,0.0,0.0,0.0,0.055697113275373904,0.28582460565756196,0.0,0.0,0.0,0.0,0.0,0.0,0.26593454540191824,0.0,0.0,0.18176253577526885,0.0,0.0,0.04548256242420977,0.0,0.0,0.06264671730134662,0.10265192016432065,0.0,0.0,0.0,0.0
TARGET.20.PASFLG.09A,0.0,0.0,0.0,0.0,0.0,0.0,0.0,0.0,0.5684656675028127,0.0,0.0,0.0,0.0,0.0,0.19795911270087013,0.1770512903706896,0.0,0.0,0.0,0.04909118985964271,0.0,0.007432739565984856,0.0,0.0,0.0,0.0,0.0,0.0,0.0,0.0
TARGET.20.PARGYS.09A,0.0,0.8504736161187932,0.0,0.0,0.0,0.0,0.0,0.041770630532365356,0.012663879096849944,0.0,0.0,0.0,0.0,0.0,0.00897670123665068,0.08251938301846634,0.0,0.0,0.0035766970773970356,0.0,0.0,1.9092919477532178e-05,0.0,0.0,0.0,0.0,0.0,0.0,0.0,0.0
TARGET.20.PARFZP.09A,0.0,0.0,0.0,0.0,0.0,0.0,0.0,0.10242328657598618,0.0484202506385604,0.0,0.0,0.0,0.1820940804538836,0.0,0.0,0.14862954013925447,0.10664777540456945,0.0,0.0,0.029241623917022726,0.0,0.0,0.06938809499431944,0.05462479201956261,0.04077294725088211,0.21775760860595902,0.0,0.0,0.0,0.0
TARGET.20.PAWZIG.09A,0.0,0.0,0.0,0.0,0.0,0.0,0.0,0.040179274442329015,0.048849428188304005,0.0,0.0,0.0,0.0,0.0,0.00011413765635934938,0.6039143858342123,0.0,0.0,0.0,0.0,0.0,0.0,0.0,0.0,0.0,0.30694277387879537,0.0,0.0,0.0,0.0
TARGET.20.PAUXNH.09A,0.0,0.0,0.0,0.0,0.0,0.0,0.0,0.0212036179538695,0.22967683495281577,0.0,0.0,0.0,0.0,0.0,0.0,0.5181878648467946,0.0,0.0,0.007282436567804071,0.0,0.0,0.03291979463124779,0.0,0.0,0.0,0.11725252556360101,0.0,0.0,0.07347692548386726,0.0
TARGET.20.PATHZC.09A,0.0,0.2902906011656285,0.0,0.0,0.0,0.0,0.0,0.07258972830010876,0.07544285133254905,0.0,0.0,0.0,0.0,0.0,0.27084013421350944,0.12151080977400228,0.0,0.0,0.003861364768124182,0.006948957283201775,0.0,0.008199986652291847,0.0,0.0,0.0,0.15031556651058434,0.0,0.0,0.0,0.0
TARGET.20.PANUIT.09A,0.0,0.0,0.0,0.0,0.0,0.0,0.0,0.009411102067322414,0.22377640685387273,0.0,0.0,0.0,0.0,0.0,0.0,0.005083576733913089,0.17421806786862953,0.0,0.0,0.04631008263210196,0.0,0.0,0.0,0.05259939394983819,0.0,0.4886013698943221,0.0,0.0,0.0,0.0
TARGET.20.PASFHK.09A,0.0,0.0,0.040433997111258696,0.0,0.0,0.0,0.0,0.09477972010634535,0.34056494347770544,0.0,0.0,0.0,0.0,0.0,0.11422211864541858,0.19840996186553858,0.0,0.0,0.0,0.0,0.0,0.023973653066140462,0.0,0.0,0.0,0.187615605727593,0.0,0.0,0.0,0.0
TARGET.20.PARFCH.09A,0.0,0.0,0.0,0.0,0.0,0.0,0.0,0.07848941915854568,0.12522904725791414,0.0,0.0,0.0,0.0,0.0,0.013412000023881399,0.1981271399020075,0.0,0.0,0.0,0.01884964306432538,0.04945510507661441,0.005907270901266715,0.06174605419687285,0.0,0.05371453551430219,0.39506978490426964,0.0,0.0,0.0,0.0
TARGET.20.PAVFDW.09A,0.0,0.0,0.0,0.0,0.0,0.0,0.0,0.05347765232179274,0.2099724708964288,0.0,0.0,0.0,0.0,0.0,0.0,0.6090436247967765,0.0,0.0,0.014583398847372003,0.0,0.0,0.00032777538224313215,0.0,0.0,0.11259507775538667,0.0,0.0,0.0,0.0,0.0
TARGET.20.PAVLWY.09A,0.0,0.0,0.0,0.0,0.0,0.0,0.0,0.07772792702335385,0.120878694712269,0.0,0.0,0.0,0.0,0.0,0.09726755023618266,0.3340511878494604,0.0,0.0,0.0,0.07318203559726547,0.0,0.004223556638750695,0.0,0.0,0.0,0.2926690479427179,0.0,0.0,0.0,0.0
TARGET.20.PAXSZD.09A,0.0,0.0,0.0,0.1374820593231074,0.0,0.0,0.0,0.04565257585310902,0.051008791513805066,0.0,0.0,0.0,0.0,0.0,0.0,0.5737189328823639,0.0,0.0,0.0,0.012375747573281639,0.0,0.0027523123868850438,0.0,0.0,0.08464827081896818,0.0923613096484799,0.0,0.0,0.0,0.0
TARGET.20.PAVCNU.09A,0.0,0.0,0.0,0.0,0.0,0.0,0.0,0.06155991283802265,0.0032872810131896473,0.0,0.0,0.0,0.0,0.020793700788877743,0.0,0.4964361388354047,0.0,0.0,0.0,0.0,0.0,0.0,0.16999157067926182,0.0,0.007386042943301774,0.0,0.0,0.0,0.2405453529019416,0.0
TARGET.20.PAUZRT.09A,0.0,0.0,0.0,0.0,0.0,0.0,0.0,0.02224721929011958,0.06731846075192677,0.0,0.0,0.0,0.0,0.0,0.0,0.5799593805757857,0.0,0.0,0.0,0.0,0.0,0.020930144773149736,0.02631301243385711,0.0,0.0,0.0,0.0,0.0,0.283231782175161,0.0
TARGET.20.PANIGD.09A,0.0,0.34585261148392044,0.0,0.0,0.0,0.0,0.0,0.011101974041686601,0.0,0.0,0.0,0.0,0.0,0.0,0.30101299733449316,0.0,0.0,0.10290706231847202,0.003350366569372196,0.0,0.0,0.0,0.0,0.0,0.0,0.2357749882520555,0.0,0.0,0.0,0.0
TARGET.20.PAVHUF.09A,0.0,0.0,0.0,0.0,0.0,0.0,0.0,0.051980377687159476,0.0,0.0,0.0,0.0,0.025976683317623067,0.0,0.0537744619919077,0.6442040023568545,0.0,0.0,0.0,0.0,0.0,0.01646324646571316,0.0,0.0,0.0,0.20760122818074214,0.0,0.0,0.0,0.0
TARGET.20.PARLVL.09A,0.06785794341888829,0.0,0.0,0.0,0.15112474627065564,0.0,0.0,0.03643492812099472,0.27478038861597964,0.0,0.0,0.0,0.0,0.0,0.45438893704625316,0.0,0.0,0.0,0.0077343956418235785,0.0,0.0,0.007678660885405063,0.0,0.0,0.0,0.0,0.0,0.0,0.0,0.0
TARGET.20.PAVGNC.09A,0.0,0.0,0.0,0.0,0.0,0.0,0.0,0.054914419201915254,0.4512969429238312,0.0,0.0,0.0,0.0,0.0,0.0,0.42752681318434527,0.0,0.0,0.0,0.0,0.0,0.035510596720624836,0.030751227969283448,0.0,0.0,0.0,0.0,0.0,0.0,0.0
TARGET.20.PAWCGM.09A,0.0,0.0,0.0,0.0,0.0,0.0,0.0,0.045751898726033004,0.19768136078416904,0.0,0.0,0.0,0.0,0.0,0.0,0.47516944719130544,0.0,0.0,0.0,0.0,0.0,0.002308190349245519,0.0,0.0,0.0,0.27908910294924716,0.0,0.0,0.0,0.0
TARGET.20.PAUYDT.09A,0.0,0.0,0.0,0.0,0.0,0.0,0.0,0.06190067328478237,0.11718880329710823,0.0,0.0,0.0,0.0,0.0,0.0,0.6065062341400163,0.0,0.0,0.052649412377617597,0.08595057935252468,0.0,0.015997923637643817,0.03066846630439738,0.0,0.029137907605909542,0.0,0.0,0.0,0.0,0.0
TARGET.20.PAUIIB.09A,0.0,0.0,0.0,0.0,0.0,0.0,0.0,0.0,0.5218694706027025,0.0,0.0,0.0,0.0,0.0,0.0,0.4617326764539476,0.0,0.0,0.0,0.0,0.0,0.0,0.0,0.0,0.016397852943350045,0.0,0.0,0.0,0.0,0.0
TARGET.20.PASADG.09A,0.0,0.0,0.0,0.0,0.0,0.0,0.0,0.010994484398417275,0.22195092743545897,0.0,0.0,0.0,0.0,0.0,0.16474578967099213,0.5567649367327073,0.0,0.0,0.009908371991908542,0.0,0.0,0.0,0.0,0.0,0.0,0.035635489770515685,0.0,0.0,0.0,0.0
TARGET.20.PAXCVU.09A,0.0,0.0,0.0,0.0,0.0,0.0,0.0,0.022470064201535044,0.19932355404681837,0.0,0.0,0.0,0.0,0.0,0.012015631734421314,0.7661907500172254,0.0,0.0,0.0,0.0,0.0,0.0,0.0,0.0,0.0,0.0,0.0,0.0,0.0,0.0
TARGET.20.PATGXE.09A,0.0,0.0,0.0,0.0,0.17741966874767973,0.0,0.0,0.01183579529271715,0.021646723870307014,0.0,0.0,0.0,0.0,0.0,0.41062168468469395,0.3203793275209052,0.0,0.0,0.0,0.0,0.0,0.0,0.0,0.0,0.0,0.05809679988369699,0.0,0.0,0.0,0.0
TARGET.20.PAUSBP.09A,0.0,0.0,0.0,0.0,0.0,0.0,0.0,0.018130817701838754,0.0813201278185936,0.0,0.0,0.0,0.0,0.0,0.0,0.5343585300563357,0.0,0.0,0.0,0.023385850531728092,0.0,0.014960630464936679,0.0,0.0,0.0,0.32784404342656714,0.0,0.0,0.0,0.0
TARGET.20.PASRJL.09A,0.0,0.0,0.0,0.0,0.0,0.0,0.0,0.06428477308479574,0.39667339124172507,0.0,0.0,0.0,0.0,0.0,0.0,0.37031842346857546,0.0,0.0,0.0,0.06332754246773496,0.0,0.0382204630162341,0.0,0.0,0.0,0.06717540672093465,0.0,0.0,0.0,0.0
TARGET.20.PAWTPD.09A,0.0,0.0,0.0,0.0,0.0,0.0,0.0,0.10959052579342547,0.25206002942682,0.0,0.0,0.0,0.0,0.0,0.09842990111977819,0.42492740686577907,0.0,0.0,0.0,0.013923332662470188,0.0,0.0,0.0,0.0,0.0,0.10106880413172711,0.0,0.0,0.0,0.0
TARGET.20.PAVJVS.09A,0.0,0.0,0.0,0.0,0.0,0.0,0.0,0.029623991483264916,0.2982355074178986,0.0,0.0,0.0,0.0,0.0,0.0,0.6721405010988366,0.0,0.0,0.0,0.0,0.0,0.0,0.0,0.0,0.0,0.0,0.0,0.0,0.0,0.0
TARGET.20.PAXLWH.09A,0.0,0.0,0.0,0.0,0.0,0.0,0.0,0.04888007709562733,0.13011104055928,0.0,0.0,0.0,0.0,0.0,0.12888800332483039,0.42459767084706396,0.0,0.0,0.002278564704135835,0.0,0.0,0.009296376252359016,0.0,0.0,0.1351984803797316,0.12074978683697193,0.0,0.0,0.0,0.0
TARGET.20.PARLHW.09A,0.09725785196584621,0.0,0.0,0.0,0.0,0.0,0.0,0.04622571621613711,0.2062999685789323,0.0,0.0,0.0,0.0,0.0,0.0,0.18897250071532007,0.0,0.0,0.0,0.0,0.14417601076357783,0.004576380430459086,0.04087165483234015,0.0,0.23878438713550446,0.0,0.0,0.0,0.03283552936188284,0.0
TARGET.20.PASCWG.09A,0.0,0.11810468108870616,0.0,0.0,0.0,0.0,0.0,0.13927791814638876,0.01306677614662405,0.0,0.0,0.0,0.0,0.0,0.3723761743413854,0.20095557640077893,0.0,0.0,0.007941955633101625,0.0,0.0,0.003354015306845874,0.0,0.0,0.0,0.14492290293616916,0.0,0.0,0.0,0.0
TARGET.20.PAVBCV.09A,0.0,0.0,0.0,0.0,0.0,0.0,0.0,0.049000557454406936,0.3709330717560009,0.0,0.0,0.0,0.0,0.0,0.0,0.3987876645393208,0.0,0.0,0.0,0.0,0.0,0.03851389063453289,0.0,0.0,0.019976318388145727,0.12278849722759291,0.0,0.0,0.0,0.0
TARGET.20.PAVDXR.09A,0.0,0.0,0.0,0.25005624224069384,0.0,0.0,0.0,0.03209338269174905,0.0,0.0,0.0,0.0,0.0,0.0,0.0,0.46193864178587896,0.0,0.0,0.011417632910303881,0.0,0.0,0.0005009364279418338,0.0,0.0,0.24399316394343246,0.0,0.0,0.0,0.0,0.0
TARGET.20.PAVCFR.09A,0.0,0.0,0.0,0.0,0.0,0.0,0.0,0.03433798819754759,0.1990240781453619,0.0,0.0,0.0,0.0,0.0,0.0,0.4247120091374447,0.0,0.0,0.013793404065525358,0.0,0.0,0.022834206981911263,0.0024242592908008303,0.0,0.0565158809958937,0.07785392422450173,0.0,0.0,0.16850424896101282,0.0
TARGET.20.PAXICE.09A,0.0,0.0,0.0,0.0,0.001006859983999308,0.0,0.0,0.035403796841856995,0.009084487383453787,0.0,0.0,0.0,0.0,0.0,0.24075670574129435,0.27174746473607303,0.02254442058285032,0.0,0.0,0.0,0.0,0.002931957079837282,0.0,0.0,0.0,0.4165243076506348,0.0,0.0,0.0,0.0
TARGET.20.PAVPKA.09A,0.0,0.05307087328506429,0.0,0.0,0.0,0.0,0.0,0.0038331285547540525,0.2432260950844507,0.0,0.0,0.0,0.0,0.0,0.0,0.2570389997255327,0.0,0.0,0.011806888955994955,0.0,0.055714951564382637,0.05682839807978603,0.0,0.0,0.0,0.31848066475003484,0.0,0.0,0.0,0.0
TARGET.20.PAVAWS.09A,0.0,0.0,0.0,0.0,0.0,0.0,0.0,0.28838655810224006,0.2447625396620691,0.0,0.0,0.0,0.0,0.0,0.1828899030249728,0.07782321555466641,0.0,0.0,0.0,0.06185647668983923,0.0,0.004440076007667237,0.0,0.0,0.0,0.13984123095854517,0.0,0.0,0.0,0.0
