cell_type,gene,label,group,pct,mean,n
BEST4+ colonocyte,CD96,CD96,lead,0.235,0.0008,1275
BEST4+ colonocyte,CD9,CD9,lead,93.961,1.96226,1275
BEST4+ colonocyte,SUCNR1,SUCNR1,lead,0.0,0.0,1275
BEST4+ colonocyte,IL1RAP,IL1RAP,lead,1.961,0.00954,1275
BEST4+ colonocyte,FLT3,FLT3,control,0.0,0.0,1275
BEST4+ colonocyte,CD33,CD33,clinical,0.392,0.0009,1275
BEST4+ colonocyte,IL3RA,CD123,clinical,30.51,0.25983,1275
BEST4+ colonocyte,CLEC12A,CLL-1,clinical,0.157,0.00117,1275
BEST4+ colonocyte,CD7,CD7,ppac,7.216,0.05199,1275
BEST4+ colonocyte,TNFRSF4,TNFRSF4,ppac,0.078,0.00024,1275
BEST4+ colonocyte,ABCA7,ABCA7,ppac,10.588,0.06123,1275
BEST4+ colonocyte,ITGAX,ITGAX,ppac,0.0,0.0,1275
BEST4+ enterocyte,CD96,CD96,lead,4.398,0.04346,5230
BEST4+ enterocyte,CD9,CD9,lead,72.505,1.05119,5230
BEST4+ enterocyte,SUCNR1,SUCNR1,lead,0.115,0.00049,5230
BEST4+ enterocyte,IL1RAP,IL1RAP,lead,3.556,0.02352,5230
BEST4+ enterocyte,FLT3,FLT3,control,0.268,0.00168,5230
BEST4+ enterocyte,CD33,CD33,clinical,0.115,0.00073,5230
BEST4+ enterocyte,IL3RA,CD123,clinical,2.294,0.01655,5230
BEST4+ enterocyte,CLEC12A,CLL-1,clinical,0.115,0.00081,5230
BEST4+ enterocyte,CD7,CD7,ppac,2.658,0.02096,5230
BEST4+ enterocyte,TNFRSF4,TNFRSF4,ppac,0.249,0.00178,5230
BEST4+ enterocyte,ABCA7,ABCA7,ppac,7.533,0.0555,5230
BEST4+ enterocyte,ITGAX,ITGAX,ppac,0.249,0.00199,5230
Be cell,CD96,CD96,lead,2.515,0.02483,41150
Be cell,CD9,CD9,lead,1.718,0.01898,41150
Be cell,SUCNR1,SUCNR1,lead,0.005,5e-05,41150
Be cell,IL1RAP,IL1RAP,lead,1.781,0.01616,41150
Be cell,FLT3,FLT3,control,0.078,0.00073,41150
Be cell,CD33,CD33,clinical,0.467,0.00449,41150
Be cell,IL3RA,CD123,clinical,1.451,0.01402,41150
Be cell,CLEC12A,CLL-1,clinical,1.128,0.01111,41150
Be cell,CD7,CD7,ppac,1.465,0.0144,41150
Be cell,TNFRSF4,TNFRSF4,ppac,0.411,0.00396,41150
Be cell,ABCA7,ABCA7,ppac,9.733,0.09108,41150
Be cell,ITGAX,ITGAX,ppac,16.522,0.18436,41150
Bergmann glial cell,CD96,CD96,lead,0.942,0.01198,9556
Bergmann glial cell,CD9,CD9,lead,21.452,0.24298,9556
Bergmann glial cell,SUCNR1,SUCNR1,lead,0.0,0.0,9556
Bergmann glial cell,IL1RAP,IL1RAP,lead,1.591,0.01726,9556
Bergmann glial cell,FLT3,FLT3,control,1.005,0.01135,9556
Bergmann glial cell,CD33,CD33,clinical,0.021,0.00027,9556
Bergmann glial cell,IL3RA,CD123,clinical,2.784,0.03562,9556
Bergmann glial cell,CLEC12A,CLL-1,clinical,0.188,0.00267,9556
Bergmann glial cell,CD7,CD7,ppac,0.01,6e-05,9556
Bergmann glial cell,TNFRSF4,TNFRSF4,ppac,0.01,0.0001,9556
Bergmann glial cell,ABCA7,ABCA7,ppac,1.13,0.01152,9556
Bergmann glial cell,ITGAX,ITGAX,ppac,0.199,0.00212,9556
Cajal-Retzius cell,CD96,CD96,lead,0.369,0.00308,4612
Cajal-Retzius cell,CD9,CD9,lead,16.11,0.2399,4612
Cajal-Retzius cell,SUCNR1,SUCNR1,lead,0.065,0.00082,4612
Cajal-Retzius cell,IL1RAP,IL1RAP,lead,1.67,0.01924,4612
Cajal-Retzius cell,FLT3,FLT3,control,0.737,0.00588,4612
Cajal-Retzius cell,CD33,CD33,clinical,0.173,0.00163,4612
Cajal-Retzius cell,IL3RA,CD123,clinical,4.51,0.04598,4612
Cajal-Retzius cell,CLEC12A,CLL-1,clinical,0.0,0.0,4612
Cajal-Retzius cell,CD7,CD7,ppac,0.455,0.00315,4612
Cajal-Retzius cell,TNFRSF4,TNFRSF4,ppac,0.087,0.00059,4612
Cajal-Retzius cell,ABCA7,ABCA7,ppac,5.009,0.04257,4612
Cajal-Retzius cell,ITGAX,ITGAX,ppac,0.087,0.00058,4612
GABAergic amacrine cell,CD96,CD96,lead,0.31,0.00272,351809
GABAergic amacrine cell,CD9,CD9,lead,1.158,0.01058,351809
GABAergic amacrine cell,SUCNR1,SUCNR1,lead,0.016,0.00013,351809
GABAergic amacrine cell,IL1RAP,IL1RAP,lead,6.873,0.07278,351809
GABAergic amacrine cell,FLT3,FLT3,control,4.161,0.03529,351809
GABAergic amacrine cell,CD33,CD33,clinical,0.036,0.0003,351809
GABAergic amacrine cell,IL3RA,CD123,clinical,46.007,0.51017,351809
GABAergic amacrine cell,CLEC12A,CLL-1,clinical,0.089,0.00069,351809
GABAergic amacrine cell,CD7,CD7,ppac,0.053,0.0004,351809
GABAergic amacrine cell,TNFRSF4,TNFRSF4,ppac,0.056,0.00047,351809
GABAergic amacrine cell,ABCA7,ABCA7,ppac,17.314,0.15671,351809
GABAergic amacrine cell,ITGAX,ITGAX,ppac,0.055,0.00045,351809
GABAergic interneuron,CD96,CD96,lead,4.492,0.02112,4096
GABAergic interneuron,CD9,CD9,lead,1.733,0.00708,4096
GABAergic interneuron,SUCNR1,SUCNR1,lead,0.024,5e-05,4096
GABAergic interneuron,IL1RAP,IL1RAP,lead,37.183,0.24225,4096
GABAergic interneuron,FLT3,FLT3,control,26.758,0.17554,4096
GABAergic interneuron,CD33,CD33,clinical,0.122,0.00057,4096
GABAergic interneuron,IL3RA,CD123,clinical,22.314,0.09178,4096
GABAergic interneuron,CLEC12A,CLL-1,clinical,2.954,0.00933,4096
GABAergic interneuron,CD7,CD7,ppac,0.073,0.00052,4096
GABAergic interneuron,TNFRSF4,TNFRSF4,ppac,0.171,0.00071,4096
GABAergic interneuron,ABCA7,ABCA7,ppac,21.582,0.09176,4096
GABAergic interneuron,ITGAX,ITGAX,ppac,0.928,0.00386,4096
GABAergic neuron,CD96,CD96,lead,2.79,0.02027,133710
GABAergic neuron,CD9,CD9,lead,4.119,0.02916,133710
GABAergic neuron,SUCNR1,SUCNR1,lead,0.027,0.00019,133710
GABAergic neuron,IL1RAP,IL1RAP,lead,23.292,0.21938,133710
GABAergic neuron,FLT3,FLT3,control,16.965,0.16472,133710
GABAergic neuron,CD33,CD33,clinical,0.15,0.00086,133710
GABAergic neuron,IL3RA,CD123,clinical,24.364,0.24356,133710
GABAergic neuron,CLEC12A,CLL-1,clinical,1.562,0.00885,133710
GABAergic neuron,CD7,CD7,ppac,0.046,0.00031,133710
GABAergic neuron,TNFRSF4,TNFRSF4,ppac,0.192,0.00102,133710
GABAergic neuron,ABCA7,ABCA7,ppac,12.634,0.07972,133710
GABAergic neuron,ITGAX,ITGAX,ppac,0.837,0.00519,133710
H1 horizontal cell,CD96,CD96,lead,0.648,0.00759,61600
H1 horizontal cell,CD9,CD9,lead,2.847,0.03105,61600
H1 horizontal cell,SUCNR1,SUCNR1,lead,0.0,0.0,61600
H1 horizontal cell,IL1RAP,IL1RAP,lead,0.403,0.00399,61600
H1 horizontal cell,FLT3,FLT3,control,0.284,0.00258,61600
H1 horizontal cell,CD33,CD33,clinical,0.075,0.00067,61600
H1 horizontal cell,IL3RA,CD123,clinical,42.307,0.50366,61600
H1 horizontal cell,CLEC12A,CLL-1,clinical,0.075,0.00066,61600
H1 horizontal cell,CD7,CD7,ppac,0.182,0.00163,61600
H1 horizontal cell,TNFRSF4,TNFRSF4,ppac,0.018,0.00017,61600
H1 horizontal cell,ABCA7,ABCA7,ppac,12.628,0.1266,61600
H1 horizontal cell,ITGAX,ITGAX,ppac,0.039,0.00037,61600
H2 horizontal cell,CD96,CD96,lead,0.37,0.00428,11881
H2 horizontal cell,CD9,CD9,lead,2.247,0.02549,11881
H2 horizontal cell,SUCNR1,SUCNR1,lead,0.0,0.0,11881
H2 horizontal cell,IL1RAP,IL1RAP,lead,0.236,0.00262,11881
H2 horizontal cell,FLT3,FLT3,control,0.236,0.00242,11881
H2 horizontal cell,CD33,CD33,clinical,0.025,0.00028,11881
H2 horizontal cell,IL3RA,CD123,clinical,39.626,0.49231,11881
H2 horizontal cell,CLEC12A,CLL-1,clinical,0.025,0.00025,11881
H2 horizontal cell,CD7,CD7,ppac,0.067,0.00059,11881
H2 horizontal cell,TNFRSF4,TNFRSF4,ppac,0.042,0.00043,11881
H2 horizontal cell,ABCA7,ABCA7,ppac,11.725,0.12746,11881
H2 horizontal cell,ITGAX,ITGAX,ppac,0.059,0.00067,11881
L2/3 intratelencephalic projecting glutamatergic neuron,CD96,CD96,lead,10.313,0.04914,258042
L2/3 intratelencephalic projecting glutamatergic neuron,CD9,CD9,lead,4.687,0.01935,258042
L2/3 intratelencephalic projecting glutamatergic neuron,SUCNR1,SUCNR1,lead,0.253,0.00083,258042
L2/3 intratelencephalic projecting glutamatergic neuron,IL1RAP,IL1RAP,lead,51.087,0.32202,258042
L2/3 intratelencephalic projecting glutamatergic neuron,FLT3,FLT3,control,6.455,0.02361,258042
L2/3 intratelencephalic projecting glutamatergic neuron,CD33,CD33,clinical,0.206,0.00074,258042
L2/3 intratelencephalic projecting glutamatergic neuron,IL3RA,CD123,clinical,31.685,0.14271,258042
L2/3 intratelencephalic projecting glutamatergic neuron,CLEC12A,CLL-1,clinical,2.988,0.00879,258042
L2/3 intratelencephalic projecting glutamatergic neuron,CD7,CD7,ppac,0.056,0.00024,258042
L2/3 intratelencephalic projecting glutamatergic neuron,TNFRSF4,TNFRSF4,ppac,1.46,0.00599,258042
L2/3 intratelencephalic projecting glutamatergic neuron,ABCA7,ABCA7,ppac,22.744,0.08859,258042
L2/3 intratelencephalic projecting glutamatergic neuron,ITGAX,ITGAX,ppac,1.061,0.00387,258042
L2/3-6 intratelencephalic projecting glutamatergic neuron,CD96,CD96,lead,6.281,0.02772,1491898
L2/3-6 intratelencephalic projecting glutamatergic neuron,CD9,CD9,lead,1.95,0.0069,1491898
L2/3-6 intratelencephalic projecting glutamatergic neuron,SUCNR1,SUCNR1,lead,0.12,0.00041,1491898
L2/3-6 intratelencephalic projecting glutamatergic neuron,IL1RAP,IL1RAP,lead,54.944,0.37011,1491898
L2/3-6 intratelencephalic projecting glutamatergic neuron,FLT3,FLT3,control,7.694,0.0291,1491898
L2/3-6 intratelencephalic projecting glutamatergic neuron,CD33,CD33,clinical,0.521,0.00139,1491898
L2/3-6 intratelencephalic projecting glutamatergic neuron,IL3RA,CD123,clinical,27.921,0.11099,1491898
L2/3-6 intratelencephalic projecting glutamatergic neuron,CLEC12A,CLL-1,clinical,1.277,0.004,1491898
L2/3-6 intratelencephalic projecting glutamatergic neuron,CD7,CD7,ppac,0.067,0.00023,1491898
L2/3-6 intratelencephalic projecting glutamatergic neuron,TNFRSF4,TNFRSF4,ppac,2.283,0.00837,1491898
L2/3-6 intratelencephalic projecting glutamatergic neuron,ABCA7,ABCA7,ppac,29.621,0.1077,1491898
L2/3-6 intratelencephalic projecting glutamatergic neuron,ITGAX,ITGAX,ppac,0.744,0.00233,1491898
L4 intratelencephalic projecting glutamatergic neuron,CD96,CD96,lead,3.204,0.02534,20288
L4 intratelencephalic projecting glutamatergic neuron,CD9,CD9,lead,1.543,0.01154,20288
L4 intratelencephalic projecting glutamatergic neuron,SUCNR1,SUCNR1,lead,0.054,0.00027,20288
L4 intratelencephalic projecting glutamatergic neuron,IL1RAP,IL1RAP,lead,52.119,0.56962,20288
L4 intratelencephalic projecting glutamatergic neuron,FLT3,FLT3,control,1.562,0.01197,20288
L4 intratelencephalic projecting glutamatergic neuron,CD33,CD33,clinical,0.212,0.00141,20288
L4 intratelencephalic projecting glutamatergic neuron,IL3RA,CD123,clinical,11.12,0.07888,20288
L4 intratelencephalic projecting glutamatergic neuron,CLEC12A,CLL-1,clinical,0.104,0.00066,20288
L4 intratelencephalic projecting glutamatergic neuron,CD7,CD7,ppac,0.005,2e-05,20288
L4 intratelencephalic projecting glutamatergic neuron,TNFRSF4,TNFRSF4,ppac,0.606,0.00379,20288
L4 intratelencephalic projecting glutamatergic neuron,ABCA7,ABCA7,ppac,7.152,0.0462,20288
L4 intratelencephalic projecting glutamatergic neuron,ITGAX,ITGAX,ppac,0.187,0.00121,20288
L5 extratelencephalic projecting glutamatergic cortical neuron,CD96,CD96,lead,5.478,0.01523,12560
L5 extratelencephalic projecting glutamatergic cortical neuron,CD9,CD9,lead,2.667,0.00715,12560
L5 extratelencephalic projecting glutamatergic cortical neuron,SUCNR1,SUCNR1,lead,0.159,0.00032,12560
L5 extratelencephalic projecting glutamatergic cortical neuron,IL1RAP,IL1RAP,lead,53.726,0.26403,12560
L5 extratelencephalic projecting glutamatergic cortical neuron,FLT3,FLT3,control,45.693,0.17724,12560
L5 extratelencephalic projecting glutamatergic cortical neuron,CD33,CD33,clinical,0.581,0.00102,12560
L5 extratelencephalic projecting glutamatergic cortical neuron,IL3RA,CD123,clinical,33.081,0.10182,12560
L5 extratelencephalic projecting glutamatergic cortical neuron,CLEC12A,CLL-1,clinical,2.285,0.00487,12560
L5 extratelencephalic projecting glutamatergic cortical neuron,CD7,CD7,ppac,0.024,6e-05,12560
L5 extratelencephalic projecting glutamatergic cortical neuron,TNFRSF4,TNFRSF4,ppac,1.417,0.003,12560
L5 extratelencephalic projecting glutamatergic cortical neuron,ABCA7,ABCA7,ppac,52.452,0.17692,12560
L5 extratelencephalic projecting glutamatergic cortical neuron,ITGAX,ITGAX,ppac,1.139,0.00255,12560
L5 intratelencephalic projecting glutamatergic neuron,CD96,CD96,lead,3.393,0.0266,9638
L5 intratelencephalic projecting glutamatergic neuron,CD9,CD9,lead,1.235,0.00814,9638
L5 intratelencephalic projecting glutamatergic neuron,SUCNR1,SUCNR1,lead,0.031,0.00017,9638
L5 intratelencephalic projecting glutamatergic neuron,IL1RAP,IL1RAP,lead,45.507,0.44625,9638
L5 intratelencephalic projecting glutamatergic neuron,FLT3,FLT3,control,4.596,0.03397,9638
L5 intratelencephalic projecting glutamatergic neuron,CD33,CD33,clinical,0.114,0.00073,9638
L5 intratelencephalic projecting glutamatergic neuron,IL3RA,CD123,clinical,12.669,0.08836,9638
L5 intratelencephalic projecting glutamatergic neuron,CLEC12A,CLL-1,clinical,0.073,0.00047,9638
L5 intratelencephalic projecting glutamatergic neuron,CD7,CD7,ppac,0.042,0.00024,9638
L5 intratelencephalic projecting glutamatergic neuron,TNFRSF4,TNFRSF4,ppac,0.685,0.00367,9638
L5 intratelencephalic projecting glutamatergic neuron,ABCA7,ABCA7,ppac,5.572,0.03282,9638
L5 intratelencephalic projecting glutamatergic neuron,ITGAX,ITGAX,ppac,0.166,0.00127,9638
L5/6 near-projecting glutamatergic neuron,CD96,CD96,lead,5.146,0.01895,10961
L5/6 near-projecting glutamatergic neuron,CD9,CD9,lead,4.352,0.01692,10961
L5/6 near-projecting glutamatergic neuron,SUCNR1,SUCNR1,lead,0.027,0.0001,10961
L5/6 near-projecting glutamatergic neuron,IL1RAP,IL1RAP,lead,29.733,0.15753,10961
L5/6 near-projecting glutamatergic neuron,FLT3,FLT3,control,41.502,0.24002,10961
L5/6 near-projecting glutamatergic neuron,CD33,CD33,clinical,0.328,0.00102,10961
L5/6 near-projecting glutamatergic neuron,IL3RA,CD123,clinical,63.288,0.38641,10961
L5/6 near-projecting glutamatergic neuron,CLEC12A,CLL-1,clinical,3.786,0.01218,10961
L5/6 near-projecting glutamatergic neuron,CD7,CD7,ppac,0.082,0.00029,10961
L5/6 near-projecting glutamatergic neuron,TNFRSF4,TNFRSF4,ppac,0.456,0.00161,10961
L5/6 near-projecting glutamatergic neuron,ABCA7,ABCA7,ppac,31.475,0.13373,10961
L5/6 near-projecting glutamatergic neuron,ITGAX,ITGAX,ppac,1.177,0.00392,10961
L5/6 near-projecting glutamatergic neuron of the primary motor cortex,CD96,CD96,lead,1.975,0.0118,1215
L5/6 near-projecting glutamatergic neuron of the primary motor cortex,CD9,CD9,lead,4.691,0.02935,1215
L5/6 near-projecting glutamatergic neuron of the primary motor cortex,SUCNR1,SUCNR1,lead,0.165,0.00101,1215
L5/6 near-projecting glutamatergic neuron of the primary motor cortex,IL1RAP,IL1RAP,lead,16.049,0.10314,1215
L5/6 near-projecting glutamatergic neuron of the primary motor cortex,FLT3,FLT3,control,31.523,0.21675,1215
L5/6 near-projecting glutamatergic neuron of the primary motor cortex,CD33,CD33,clinical,0.247,0.00118,1215
L5/6 near-projecting glutamatergic neuron of the primary motor cortex,IL3RA,CD123,clinical,0.988,0.00645,1215
L5/6 near-projecting glutamatergic neuron of the primary motor cortex,CLEC12A,CLL-1,clinical,0.0,0.0,1215
L5/6 near-projecting glutamatergic neuron of the primary motor cortex,CD7,CD7,ppac,0.165,0.00084,1215
L5/6 near-projecting glutamatergic neuron of the primary motor cortex,TNFRSF4,TNFRSF4,ppac,0.988,0.00496,1215
L5/6 near-projecting glutamatergic neuron of the primary motor cortex,ABCA7,ABCA7,ppac,23.621,0.14007,1215
L5/6 near-projecting glutamatergic neuron of the primary motor cortex,ITGAX,ITGAX,ppac,0.741,0.00448,1215
L6 corticothalamic-projecting glutamatergic cortical neuron,CD96,CD96,lead,6.289,0.0262,19622
L6 corticothalamic-projecting glutamatergic cortical neuron,CD9,CD9,lead,4.796,0.01983,19622
L6 corticothalamic-projecting glutamatergic cortical neuron,SUCNR1,SUCNR1,lead,0.112,0.00038,19622
L6 corticothalamic-projecting glutamatergic cortical neuron,IL1RAP,IL1RAP,lead,31.77,0.1702,19622
L6 corticothalamic-projecting glutamatergic cortical neuron,FLT3,FLT3,control,14.525,0.06643,19622
L6 corticothalamic-projecting glutamatergic cortical neuron,CD33,CD33,clinical,0.148,0.00062,19622
L6 corticothalamic-projecting glutamatergic cortical neuron,IL3RA,CD123,clinical,39.945,0.19726,19622
L6 corticothalamic-projecting glutamatergic cortical neuron,CLEC12A,CLL-1,clinical,3.43,0.01129,19622
L6 corticothalamic-projecting glutamatergic cortical neuron,CD7,CD7,ppac,0.056,0.00019,19622
L6 corticothalamic-projecting glutamatergic cortical neuron,TNFRSF4,TNFRSF4,ppac,0.515,0.00201,19622
L6 corticothalamic-projecting glutamatergic cortical neuron,ABCA7,ABCA7,ppac,20.278,0.08034,19622
L6 corticothalamic-projecting glutamatergic cortical neuron,ITGAX,ITGAX,ppac,1.096,0.00394,19622
L6 intratelencephalic projecting glutamatergic neuron,CD96,CD96,lead,7.146,0.0264,35528
L6 intratelencephalic projecting glutamatergic neuron,CD9,CD9,lead,4.534,0.01522,35528
L6 intratelencephalic projecting glutamatergic neuron,SUCNR1,SUCNR1,lead,0.118,0.0003,35528
L6 intratelencephalic projecting glutamatergic neuron,IL1RAP,IL1RAP,lead,12.551,0.05974,35528
L6 intratelencephalic projecting glutamatergic neuron,FLT3,FLT3,control,7.062,0.02342,35528
L6 intratelencephalic projecting glutamatergic neuron,CD33,CD33,clinical,0.281,0.00087,35528
L6 intratelencephalic projecting glutamatergic neuron,IL3RA,CD123,clinical,34.531,0.14603,35528
L6 intratelencephalic projecting glutamatergic neuron,CLEC12A,CLL-1,clinical,3.67,0.0092,35528
L6 intratelencephalic projecting glutamatergic neuron,CD7,CD7,ppac,0.034,9e-05,35528
L6 intratelencephalic projecting glutamatergic neuron,TNFRSF4,TNFRSF4,ppac,0.529,0.00131,35528
L6 intratelencephalic projecting glutamatergic neuron,ABCA7,ABCA7,ppac,26.714,0.09089,35528
L6 intratelencephalic projecting glutamatergic neuron,ITGAX,ITGAX,ppac,1.067,0.00301,35528
L6 intratelencephalic projecting glutamatergic neuron of the primary motor cortex,CD96,CD96,lead,3.971,0.01819,4206
L6 intratelencephalic projecting glutamatergic neuron of the primary motor cortex,CD9,CD9,lead,4.256,0.01851,4206
L6 intratelencephalic projecting glutamatergic neuron of the primary motor cortex,SUCNR1,SUCNR1,lead,0.095,0.00045,4206
L6 intratelencephalic projecting glutamatergic neuron of the primary motor cortex,IL1RAP,IL1RAP,lead,8.369,0.03763,4206
L6 intratelencephalic projecting glutamatergic neuron of the primary motor cortex,FLT3,FLT3,control,2.829,0.01197,4206
L6 intratelencephalic projecting glutamatergic neuron of the primary motor cortex,CD33,CD33,clinical,0.285,0.00105,4206
L6 intratelencephalic projecting glutamatergic neuron of the primary motor cortex,IL3RA,CD123,clinical,0.452,0.00199,4206
L6 intratelencephalic projecting glutamatergic neuron of the primary motor cortex,CLEC12A,CLL-1,clinical,0.452,0.00205,4206
L6 intratelencephalic projecting glutamatergic neuron of the primary motor cortex,CD7,CD7,ppac,0.048,0.00019,4206
L6 intratelencephalic projecting glutamatergic neuron of the primary motor cortex,TNFRSF4,TNFRSF4,ppac,0.785,0.00407,4206
L6 intratelencephalic projecting glutamatergic neuron of the primary motor cortex,ABCA7,ABCA7,ppac,25.369,0.11701,4206
L6 intratelencephalic projecting glutamatergic neuron of the primary motor cortex,ITGAX,ITGAX,ppac,0.785,0.00371,4206
L6b glutamatergic cortical neuron,CD96,CD96,lead,1.874,0.00641,70058
L6b glutamatergic cortical neuron,CD9,CD9,lead,2.244,0.01594,70058
L6b glutamatergic cortical neuron,SUCNR1,SUCNR1,lead,0.013,5e-05,70058
L6b glutamatergic cortical neuron,IL1RAP,IL1RAP,lead,40.622,0.25438,70058
L6b glutamatergic cortical neuron,FLT3,FLT3,control,4.899,0.01689,70058
L6b glutamatergic cortical neuron,CD33,CD33,clinical,0.355,0.00106,70058
L6b glutamatergic cortical neuron,IL3RA,CD123,clinical,19.441,0.08108,70058
L6b glutamatergic cortical neuron,CLEC12A,CLL-1,clinical,0.829,0.0023,70058
L6b glutamatergic cortical neuron,CD7,CD7,ppac,0.063,0.00027,70058
L6b glutamatergic cortical neuron,TNFRSF4,TNFRSF4,ppac,1.068,0.00316,70058
L6b glutamatergic cortical neuron,ABCA7,ABCA7,ppac,26.976,0.10146,70058
L6b glutamatergic cortical neuron,ITGAX,ITGAX,ppac,0.522,0.00147,70058
L6b glutamatergic neuron of the primary motor cortex,CD96,CD96,lead,6.646,0.02046,12895
L6b glutamatergic neuron of the primary motor cortex,CD9,CD9,lead,5.498,0.01758,12895
L6b glutamatergic neuron of the primary motor cortex,SUCNR1,SUCNR1,lead,0.109,0.00028,12895
L6b glutamatergic neuron of the primary motor cortex,IL1RAP,IL1RAP,lead,65.242,0.42678,12895
L6b glutamatergic neuron of the primary motor cortex,FLT3,FLT3,control,10.919,0.03431,12895
L6b glutamatergic neuron of the primary motor cortex,CD33,CD33,clinical,0.264,0.00066,12895
L6b glutamatergic neuron of the primary motor cortex,IL3RA,CD123,clinical,43.094,0.17311,12895
L6b glutamatergic neuron of the primary motor cortex,CLEC12A,CLL-1,clinical,4.893,0.01314,12895
L6b glutamatergic neuron of the primary motor cortex,CD7,CD7,ppac,0.093,0.00022,12895
L6b glutamatergic neuron of the primary motor cortex,TNFRSF4,TNFRSF4,ppac,0.721,0.00174,12895
L6b glutamatergic neuron of the primary motor cortex,ABCA7,ABCA7,ppac,34.044,0.12021,12895
L6b glutamatergic neuron of the primary motor cortex,ITGAX,ITGAX,ppac,1.194,0.00311,12895
Leydig cell,CD96,CD96,lead,0.215,0.00105,2793
Leydig cell,CD9,CD9,lead,41.747,0.51666,2793
Leydig cell,SUCNR1,SUCNR1,lead,0.072,0.00041,2793
Leydig cell,IL1RAP,IL1RAP,lead,6.122,0.03309,2793
Leydig cell,FLT3,FLT3,control,0.036,0.00049,2793
Leydig cell,CD33,CD33,clinical,0.036,0.00016,2793
Leydig cell,IL3RA,CD123,clinical,4.905,0.02733,2793
Leydig cell,CLEC12A,CLL-1,clinical,0.0,0.0,2793
Leydig cell,CD7,CD7,ppac,0.143,0.0015,2793
Leydig cell,TNFRSF4,TNFRSF4,ppac,0.537,0.0031,2793
Leydig cell,ABCA7,ABCA7,ppac,3.008,0.01546,2793
Leydig cell,ITGAX,ITGAX,ppac,1.038,0.00408,2793
M cell of gut,CD96,CD96,lead,0.673,0.00372,9510
M cell of gut,CD9,CD9,lead,85.478,1.55647,9510
M cell of gut,SUCNR1,SUCNR1,lead,0.168,0.00111,9510
M cell of gut,IL1RAP,IL1RAP,lead,15.762,0.09854,9510
M cell of gut,FLT3,FLT3,control,0.021,9e-05,9510
M cell of gut,CD33,CD33,clinical,0.147,0.00075,9510
M cell of gut,IL3RA,CD123,clinical,0.116,0.00089,9510
M cell of gut,CLEC12A,CLL-1,clinical,0.221,0.00174,9510
M cell of gut,CD7,CD7,ppac,22.45,0.24539,9510
M cell of gut,TNFRSF4,TNFRSF4,ppac,0.431,0.00249,9510
M cell of gut,ABCA7,ABCA7,ppac,23.438,0.17728,9510
M cell of gut,ITGAX,ITGAX,ppac,0.074,0.00045,9510
Merkel cell,CD96,CD96,lead,0.088,0.00071,1140
Merkel cell,CD9,CD9,lead,99.912,2.72944,1140
Merkel cell,SUCNR1,SUCNR1,lead,0.088,0.00061,1140
Merkel cell,IL1RAP,IL1RAP,lead,4.825,0.03825,1140
Merkel cell,FLT3,FLT3,control,0.0,0.0,1140
Merkel cell,CD33,CD33,clinical,0.263,0.0024,1140
Merkel cell,IL3RA,CD123,clinical,0.263,0.00175,1140
Merkel cell,CLEC12A,CLL-1,clinical,0.0,0.0,1140
Merkel cell,CD7,CD7,ppac,0.175,0.00136,1140
Merkel cell,TNFRSF4,TNFRSF4,ppac,0.0,0.0,1140
Merkel cell,ABCA7,ABCA7,ppac,2.544,0.01928,1140
Merkel cell,ITGAX,ITGAX,ppac,0.0,0.0,1140
Mueller cell,CD96,CD96,lead,1.491,0.02143,293258
Mueller cell,CD9,CD9,lead,49.891,0.87185,293258
Mueller cell,SUCNR1,SUCNR1,lead,0.002,3e-05,293258
Mueller cell,IL1RAP,IL1RAP,lead,1.788,0.02058,293258
Mueller cell,FLT3,FLT3,control,0.303,0.00338,293258
Mueller cell,CD33,CD33,clinical,0.03,0.00038,293258
Mueller cell,IL3RA,CD123,clinical,34.399,0.47697,293258
Mueller cell,CLEC12A,CLL-1,clinical,0.045,0.00051,293258
Mueller cell,CD7,CD7,ppac,0.064,0.00076,293258
Mueller cell,TNFRSF4,TNFRSF4,ppac,0.036,0.00039,293258
Mueller cell,ABCA7,ABCA7,ppac,6.37,0.07557,293258
Mueller cell,ITGAX,ITGAX,ppac,0.053,0.00063,293258
OFF midget ganglion cell,CD96,CD96,lead,0.597,0.00422,195561
OFF midget ganglion cell,CD9,CD9,lead,0.864,0.00541,195561
OFF midget ganglion cell,SUCNR1,SUCNR1,lead,0.001,0.0,195561
OFF midget ganglion cell,IL1RAP,IL1RAP,lead,1.679,0.01064,195561
OFF midget ganglion cell,FLT3,FLT3,control,2.043,0.01307,195561
OFF midget ganglion cell,CD33,CD33,clinical,0.059,0.0004,195561
OFF midget ganglion cell,IL3RA,CD123,clinical,38.491,0.31251,195561
OFF midget ganglion cell,CLEC12A,CLL-1,clinical,0.138,0.00086,195561
OFF midget ganglion cell,CD7,CD7,ppac,0.05,0.00033,195561
OFF midget ganglion cell,TNFRSF4,TNFRSF4,ppac,0.043,0.00027,195561
OFF midget ganglion cell,ABCA7,ABCA7,ppac,29.689,0.21715,195561
OFF midget ganglion cell,ITGAX,ITGAX,ppac,0.065,0.00045,195561
OFF parasol ganglion cell,CD96,CD96,lead,1.361,0.00781,10430
OFF parasol ganglion cell,CD9,CD9,lead,1.083,0.00488,10430
OFF parasol ganglion cell,SUCNR1,SUCNR1,lead,0.01,6e-05,10430
OFF parasol ganglion cell,IL1RAP,IL1RAP,lead,18.13,0.09674,10430
OFF parasol ganglion cell,FLT3,FLT3,control,2.339,0.01088,10430
OFF parasol ganglion cell,CD33,CD33,clinical,0.058,0.00019,10430
OFF parasol ganglion cell,IL3RA,CD123,clinical,36.059,0.2102,10430
OFF parasol ganglion cell,CLEC12A,CLL-1,clinical,0.201,0.00091,10430
OFF parasol ganglion cell,CD7,CD7,ppac,0.029,0.00014,10430
OFF parasol ganglion cell,TNFRSF4,TNFRSF4,ppac,0.115,0.00042,10430
OFF parasol ganglion cell,ABCA7,ABCA7,ppac,49.895,0.32266,10430
OFF parasol ganglion cell,ITGAX,ITGAX,ppac,0.125,0.00045,10430
OFF-bipolar cell,CD96,CD96,lead,0.134,0.00223,20132
OFF-bipolar cell,CD9,CD9,lead,3.129,0.05524,20132
OFF-bipolar cell,SUCNR1,SUCNR1,lead,0.0,0.0,20132
OFF-bipolar cell,IL1RAP,IL1RAP,lead,2.037,0.0323,20132
OFF-bipolar cell,FLT3,FLT3,control,0.04,0.00053,20132
OFF-bipolar cell,CD33,CD33,clinical,0.045,0.00075,20132
OFF-bipolar cell,IL3RA,CD123,clinical,3.586,0.0516,20132
OFF-bipolar cell,CLEC12A,CLL-1,clinical,0.0,0.0,20132
OFF-bipolar cell,CD7,CD7,ppac,0.035,0.00061,20132
OFF-bipolar cell,TNFRSF4,TNFRSF4,ppac,0.03,0.00049,20132
OFF-bipolar cell,ABCA7,ABCA7,ppac,14.479,0.23885,20132
OFF-bipolar cell,ITGAX,ITGAX,ppac,0.015,0.00027,20132
OFFx cell,CD96,CD96,lead,0.151,0.00197,15944
OFFx cell,CD9,CD9,lead,1.662,0.02373,15944
OFFx cell,SUCNR1,SUCNR1,lead,0.006,0.00011,15944
OFFx cell,IL1RAP,IL1RAP,lead,5.469,0.07858,15944
OFFx cell,FLT3,FLT3,control,0.201,0.00278,15944
OFFx cell,CD33,CD33,clinical,0.006,0.00012,15944
OFFx cell,IL3RA,CD123,clinical,30.344,0.47832,15944
OFFx cell,CLEC12A,CLL-1,clinical,0.025,0.00037,15944
OFFx cell,CD7,CD7,ppac,0.006,9e-05,15944
OFFx cell,TNFRSF4,TNFRSF4,ppac,0.05,0.00069,15944
OFFx cell,ABCA7,ABCA7,ppac,42.875,0.70189,15944
OFFx cell,ITGAX,ITGAX,ppac,0.05,0.00064,15944
ON midget ganglion cell,CD96,CD96,lead,0.552,0.00363,148363
ON midget ganglion cell,CD9,CD9,lead,0.884,0.00544,148363
ON midget ganglion cell,SUCNR1,SUCNR1,lead,0.003,2e-05,148363
ON midget ganglion cell,IL1RAP,IL1RAP,lead,1.3,0.00809,148363
ON midget ganglion cell,FLT3,FLT3,control,1.921,0.01196,148363
ON midget ganglion cell,CD33,CD33,clinical,0.063,0.00038,148363
ON midget ganglion cell,IL3RA,CD123,clinical,40.324,0.31911,148363
ON midget ganglion cell,CLEC12A,CLL-1,clinical,0.125,0.00074,148363
ON midget ganglion cell,CD7,CD7,ppac,0.035,0.0002,148363
ON midget ganglion cell,TNFRSF4,TNFRSF4,ppac,0.055,0.00033,148363
ON midget ganglion cell,ABCA7,ABCA7,ppac,32.307,0.23031,148363
ON midget ganglion cell,ITGAX,ITGAX,ppac,0.076,0.00046,148363
ON parasol ganglion cell,CD96,CD96,lead,1.39,0.00755,8273
ON parasol ganglion cell,CD9,CD9,lead,2.309,0.01122,8273
ON parasol ganglion cell,SUCNR1,SUCNR1,lead,0.0,0.0,8273
ON parasol ganglion cell,IL1RAP,IL1RAP,lead,5.826,0.02969,8273
ON parasol ganglion cell,FLT3,FLT3,control,5.584,0.03074,8273
ON parasol ganglion cell,CD33,CD33,clinical,0.085,0.00044,8273
ON parasol ganglion cell,IL3RA,CD123,clinical,36.806,0.22191,8273
ON parasol ganglion cell,CLEC12A,CLL-1,clinical,0.145,0.00068,8273
ON parasol ganglion cell,CD7,CD7,ppac,0.085,0.00053,8273
ON parasol ganglion cell,TNFRSF4,TNFRSF4,ppac,0.121,0.00053,8273
ON parasol ganglion cell,ABCA7,ABCA7,ppac,38.499,0.23978,8273
ON parasol ganglion cell,ITGAX,ITGAX,ppac,0.06,0.00032,8273
ON-bipolar cell,CD96,CD96,lead,0.123,0.00186,23558
ON-bipolar cell,CD9,CD9,lead,4.372,0.07412,23558
ON-bipolar cell,SUCNR1,SUCNR1,lead,0.008,0.00012,23558
ON-bipolar cell,IL1RAP,IL1RAP,lead,2.216,0.03301,23558
ON-bipolar cell,FLT3,FLT3,control,0.034,0.00036,23558
ON-bipolar cell,CD33,CD33,clinical,0.051,0.00078,23558
ON-bipolar cell,IL3RA,CD123,clinical,3.786,0.04957,23558
ON-bipolar cell,CLEC12A,CLL-1,clinical,0.013,0.00022,23558
ON-bipolar cell,CD7,CD7,ppac,0.03,0.00045,23558
ON-bipolar cell,TNFRSF4,TNFRSF4,ppac,0.021,0.00031,23558
ON-bipolar cell,ABCA7,ABCA7,ppac,13.189,0.20922,23558
ON-bipolar cell,ITGAX,ITGAX,ppac,0.021,0.00035,23558
ON-blue cone bipolar cell,CD96,CD96,lead,0.104,0.00093,2893
ON-blue cone bipolar cell,CD9,CD9,lead,2.074,0.02522,2893
ON-blue cone bipolar cell,SUCNR1,SUCNR1,lead,0.035,0.00052,2893
ON-blue cone bipolar cell,IL1RAP,IL1RAP,lead,1.21,0.01395,2893
ON-blue cone bipolar cell,FLT3,FLT3,control,0.346,0.0035,2893
ON-blue cone bipolar cell,CD33,CD33,clinical,0.035,0.00044,2893
ON-blue cone bipolar cell,IL3RA,CD123,clinical,52.506,0.75358,2893
ON-blue cone bipolar cell,CLEC12A,CLL-1,clinical,0.104,0.00114,2893
ON-blue cone bipolar cell,CD7,CD7,ppac,0.0,0.0,2893
ON-blue cone bipolar cell,TNFRSF4,TNFRSF4,ppac,0.035,0.00036,2893
ON-blue cone bipolar cell,ABCA7,ABCA7,ppac,44.418,0.60923,2893
ON-blue cone bipolar cell,ITGAX,ITGAX,ppac,0.104,0.00133,2893
P/D1 enteroendocrine cell,CD96,CD96,lead,1.772,0.01204,790
P/D1 enteroendocrine cell,CD9,CD9,lead,14.684,0.14808,790
P/D1 enteroendocrine cell,SUCNR1,SUCNR1,lead,0.127,0.00094,790
P/D1 enteroendocrine cell,IL1RAP,IL1RAP,lead,26.835,0.21826,790
P/D1 enteroendocrine cell,FLT3,FLT3,control,0.0,0.0,790
P/D1 enteroendocrine cell,CD33,CD33,clinical,0.127,0.00079,790
P/D1 enteroendocrine cell,IL3RA,CD123,clinical,0.253,0.00313,790
P/D1 enteroendocrine cell,CLEC12A,CLL-1,clinical,0.0,0.0,790
P/D1 enteroendocrine cell,CD7,CD7,ppac,1.266,0.01242,790
P/D1 enteroendocrine cell,TNFRSF4,TNFRSF4,ppac,0.0,0.0,790
P/D1 enteroendocrine cell,ABCA7,ABCA7,ppac,5.57,0.04077,790
P/D1 enteroendocrine cell,ITGAX,ITGAX,ppac,0.127,0.00107,790
Purkinje cell,CD96,CD96,lead,5.421,0.09353,58735
Purkinje cell,CD9,CD9,lead,1.037,0.01632,58735
Purkinje cell,SUCNR1,SUCNR1,lead,0.048,0.00066,58735
Purkinje cell,IL1RAP,IL1RAP,lead,5.196,0.08636,58735
Purkinje cell,FLT3,FLT3,control,6.568,0.1062,58735
Purkinje cell,CD33,CD33,clinical,0.017,0.00024,58735
Purkinje cell,IL3RA,CD123,clinical,23.499,0.42594,58735
Purkinje cell,CLEC12A,CLL-1,clinical,2.358,0.04264,58735
Purkinje cell,CD7,CD7,ppac,0.007,8e-05,58735
Purkinje cell,TNFRSF4,TNFRSF4,ppac,0.009,0.00012,58735
Purkinje cell,ABCA7,ABCA7,ppac,2.053,0.03153,58735
Purkinje cell,ITGAX,ITGAX,ppac,0.3,0.00437,58735
S cone cell,CD96,CD96,lead,0.425,0.00385,8229
S cone cell,CD9,CD9,lead,2.09,0.01765,8229
S cone cell,SUCNR1,SUCNR1,lead,0.0,0.0,8229
S cone cell,IL1RAP,IL1RAP,lead,5.383,0.04726,8229
S cone cell,FLT3,FLT3,control,0.547,0.00417,8229
S cone cell,CD33,CD33,clinical,0.061,0.00046,8229
S cone cell,IL3RA,CD123,clinical,35.983,0.33495,8229
S cone cell,CLEC12A,CLL-1,clinical,0.158,0.00118,8229
S cone cell,CD7,CD7,ppac,0.012,9e-05,8229
S cone cell,TNFRSF4,TNFRSF4,ppac,0.036,0.00025,8229
S cone cell,ABCA7,ABCA7,ppac,76.668,0.98117,8229
S cone cell,ITGAX,ITGAX,ppac,0.073,0.00069,8229
Schwann cell,CD96,CD96,lead,0.793,0.01395,199795
Schwann cell,CD9,CD9,lead,65.389,1.8106,199795
Schwann cell,SUCNR1,SUCNR1,lead,0.03,0.00048,199795
Schwann cell,IL1RAP,IL1RAP,lead,38.711,0.84066,199795
Schwann cell,FLT3,FLT3,control,0.303,0.00505,199795
Schwann cell,CD33,CD33,clinical,0.078,0.00133,199795
Schwann cell,IL3RA,CD123,clinical,6.486,0.11055,199795
Schwann cell,CLEC12A,CLL-1,clinical,0.214,0.00347,199795
Schwann cell,CD7,CD7,ppac,0.23,0.00261,199795
Schwann cell,TNFRSF4,TNFRSF4,ppac,0.069,0.00114,199795
Schwann cell,ABCA7,ABCA7,ppac,0.858,0.0142,199795
Schwann cell,ITGAX,ITGAX,ppac,0.276,0.00489,199795
Schwann cell precursor,CD96,CD96,lead,0.756,0.00692,3306
Schwann cell precursor,CD9,CD9,lead,40.29,0.46209,3306
Schwann cell precursor,SUCNR1,SUCNR1,lead,0.0,0.0,3306
Schwann cell precursor,IL1RAP,IL1RAP,lead,12.008,0.11258,3306
Schwann cell precursor,FLT3,FLT3,control,0.03,0.00022,3306
Schwann cell precursor,CD33,CD33,clinical,0.151,0.00135,3306
Schwann cell precursor,IL3RA,CD123,clinical,4.567,0.04151,3306
Schwann cell precursor,CLEC12A,CLL-1,clinical,0.03,0.00019,3306
Schwann cell precursor,CD7,CD7,ppac,0.242,0.00186,3306
Schwann cell precursor,TNFRSF4,TNFRSF4,ppac,0.06,0.00047,3306
Schwann cell precursor,ABCA7,ABCA7,ppac,0.847,0.00629,3306
Schwann cell precursor,ITGAX,ITGAX,ppac,0.0,0.0,3306
Sertoli cell,CD96,CD96,lead,0.454,0.00478,35281
Sertoli cell,CD9,CD9,lead,30.62,0.42764,35281
Sertoli cell,SUCNR1,SUCNR1,lead,0.009,0.0001,35281
Sertoli cell,IL1RAP,IL1RAP,lead,0.734,0.00803,35281
Sertoli cell,FLT3,FLT3,control,0.062,0.00082,35281
Sertoli cell,CD33,CD33,clinical,0.091,0.00102,35281
Sertoli cell,IL3RA,CD123,clinical,0.621,0.00717,35281
Sertoli cell,CLEC12A,CLL-1,clinical,0.006,6e-05,35281
Sertoli cell,CD7,CD7,ppac,0.054,0.00062,35281
Sertoli cell,TNFRSF4,TNFRSF4,ppac,0.15,0.0017,35281
Sertoli cell,ABCA7,ABCA7,ppac,1.91,0.02077,35281
Sertoli cell,ITGAX,ITGAX,ppac,0.082,0.00092,35281
TAC3-positive striatal interneuron,CD96,CD96,lead,9.89,0.02622,728
TAC3-positive striatal interneuron,CD9,CD9,lead,0.412,0.00057,728
TAC3-positive striatal interneuron,SUCNR1,SUCNR1,lead,0.137,0.00014,728
TAC3-positive striatal interneuron,IL1RAP,IL1RAP,lead,26.648,0.14267,728
TAC3-positive striatal interneuron,FLT3,FLT3,control,17.445,0.04255,728
TAC3-positive striatal interneuron,CD33,CD33,clinical,0.412,0.00044,728
TAC3-positive striatal interneuron,IL3RA,CD123,clinical,29.808,0.06794,728
TAC3-positive striatal interneuron,CLEC12A,CLL-1,clinical,2.06,0.00298,728
TAC3-positive striatal interneuron,CD7,CD7,ppac,0.137,0.00036,728
TAC3-positive striatal interneuron,TNFRSF4,TNFRSF4,ppac,0.275,0.0006,728
TAC3-positive striatal interneuron,ABCA7,ABCA7,ppac,51.923,0.16409,728
TAC3-positive striatal interneuron,ITGAX,ITGAX,ppac,1.236,0.00451,728
Tc1 cell,CD96,CD96,lead,14.205,0.25554,1408
Tc1 cell,CD9,CD9,lead,32.955,0.55815,1408
Tc1 cell,SUCNR1,SUCNR1,lead,0.0,0.0,1408
Tc1 cell,IL1RAP,IL1RAP,lead,2.557,0.03292,1408
Tc1 cell,FLT3,FLT3,control,0.142,0.00067,1408
Tc1 cell,CD33,CD33,clinical,0.497,0.00625,1408
Tc1 cell,IL3RA,CD123,clinical,1.634,0.02184,1408
Tc1 cell,CLEC12A,CLL-1,clinical,0.0,0.0,1408
Tc1 cell,CD7,CD7,ppac,32.741,0.7636,1408
Tc1 cell,TNFRSF4,TNFRSF4,ppac,2.983,0.04913,1408
Tc1 cell,ABCA7,ABCA7,ppac,1.562,0.02272,1408
Tc1 cell,ITGAX,ITGAX,ppac,0.071,0.00116,1408
VIP GABAergic cortical interneuron,CD96,CD96,lead,1.873,0.0106,291807
VIP GABAergic cortical interneuron,CD9,CD9,lead,2.434,0.01439,291807
VIP GABAergic cortical interneuron,SUCNR1,SUCNR1,lead,0.023,0.00013,291807
VIP GABAergic cortical interneuron,IL1RAP,IL1RAP,lead,49.541,0.42068,291807
VIP GABAergic cortical interneuron,FLT3,FLT3,control,7.728,0.04584,291807
VIP GABAergic cortical interneuron,CD33,CD33,clinical,0.24,0.00121,291807
VIP GABAergic cortical interneuron,IL3RA,CD123,clinical,35.677,0.23589,291807
VIP GABAergic cortical interneuron,CLEC12A,CLL-1,clinical,1.218,0.00595,291807
VIP GABAergic cortical interneuron,CD7,CD7,ppac,0.037,0.0002,291807
VIP GABAergic cortical interneuron,TNFRSF4,TNFRSF4,ppac,0.305,0.00168,291807
VIP GABAergic cortical interneuron,ABCA7,ABCA7,ppac,12.642,0.0687,291807
VIP GABAergic cortical interneuron,ITGAX,ITGAX,ppac,0.54,0.00289,291807
acinar cell,CD96,CD96,lead,0.55,0.00303,13270
acinar cell,CD9,CD9,lead,83.21,1.93349,13270
acinar cell,SUCNR1,SUCNR1,lead,0.008,7e-05,13270
acinar cell,IL1RAP,IL1RAP,lead,5.592,0.03311,13270
acinar cell,FLT3,FLT3,control,0.106,0.00055,13270
acinar cell,CD33,CD33,clinical,0.098,0.00056,13270
acinar cell,IL3RA,CD123,clinical,0.113,0.00058,13270
acinar cell,CLEC12A,CLL-1,clinical,0.038,0.0001,13270
acinar cell,CD7,CD7,ppac,1.5,0.00983,13270
acinar cell,TNFRSF4,TNFRSF4,ppac,0.083,0.00052,13270
acinar cell,ABCA7,ABCA7,ppac,27.46,0.2051,13270
acinar cell,ITGAX,ITGAX,ppac,0.106,0.00062,13270
acinar cell of salivary gland,CD96,CD96,lead,1.506,0.00933,42908
acinar cell of salivary gland,CD9,CD9,lead,55.472,1.0736,42908
acinar cell of salivary gland,SUCNR1,SUCNR1,lead,0.044,0.0003,42908
acinar cell of salivary gland,IL1RAP,IL1RAP,lead,6.749,0.04199,42908
acinar cell of salivary gland,FLT3,FLT3,control,0.31,0.00107,42908
acinar cell of salivary gland,CD33,CD33,clinical,0.138,0.00051,42908
acinar cell of salivary gland,IL3RA,CD123,clinical,0.012,0.00021,42908
acinar cell of salivary gland,CLEC12A,CLL-1,clinical,0.131,0.00066,42908
acinar cell of salivary gland,CD7,CD7,ppac,0.946,0.00338,42908
acinar cell of salivary gland,TNFRSF4,TNFRSF4,ppac,0.233,0.00307,42908
acinar cell of salivary gland,ABCA7,ABCA7,ppac,4.106,0.01957,42908
acinar cell of salivary gland,ITGAX,ITGAX,ppac,0.494,0.00241,42908
adipocyte,CD96,CD96,lead,28.828,0.4909,64808
adipocyte,CD9,CD9,lead,6.385,0.07566,64808
adipocyte,SUCNR1,SUCNR1,lead,0.414,0.00494,64808
adipocyte,IL1RAP,IL1RAP,lead,8.156,0.09194,64808
adipocyte,FLT3,FLT3,control,1.005,0.01166,64808
adipocyte,CD33,CD33,clinical,0.619,0.00652,64808
adipocyte,IL3RA,CD123,clinical,4.037,0.04282,64808
adipocyte,CLEC12A,CLL-1,clinical,1.011,0.01184,64808
adipocyte,CD7,CD7,ppac,0.191,0.00211,64808
adipocyte,TNFRSF4,TNFRSF4,ppac,0.218,0.00232,64808
adipocyte,ABCA7,ABCA7,ppac,6.475,0.06574,64808
adipocyte,ITGAX,ITGAX,ppac,1.0,0.01091,64808
adipocyte of breast,CD96,CD96,lead,25.777,0.4296,9780
adipocyte of breast,CD9,CD9,lead,5.849,0.0692,9780
adipocyte of breast,SUCNR1,SUCNR1,lead,0.706,0.00665,9780
adipocyte of breast,IL1RAP,IL1RAP,lead,6.748,0.08007,9780
adipocyte of breast,FLT3,FLT3,control,5.286,0.06742,9780
adipocyte of breast,CD33,CD33,clinical,0.501,0.00524,9780
adipocyte of breast,IL3RA,CD123,clinical,6.431,0.06752,9780
adipocyte of breast,CLEC12A,CLL-1,clinical,1.483,0.01731,9780
adipocyte of breast,CD7,CD7,ppac,0.102,0.00126,9780
adipocyte of breast,TNFRSF4,TNFRSF4,ppac,0.235,0.00287,9780
adipocyte of breast,ABCA7,ABCA7,ppac,5.133,0.05816,9780
adipocyte of breast,ITGAX,ITGAX,ppac,0.358,0.00452,9780
adipocyte of omentum tissue,CD96,CD96,lead,24.023,0.36646,15460
adipocyte of omentum tissue,CD9,CD9,lead,8.182,0.09597,15460
adipocyte of omentum tissue,SUCNR1,SUCNR1,lead,0.427,0.00454,15460
adipocyte of omentum tissue,IL1RAP,IL1RAP,lead,6.818,0.07023,15460
adipocyte of omentum tissue,FLT3,FLT3,control,0.873,0.00855,15460
adipocyte of omentum tissue,CD33,CD33,clinical,1.177,0.01147,15460
adipocyte of omentum tissue,IL3RA,CD123,clinical,12.503,0.135,15460
adipocyte of omentum tissue,CLEC12A,CLL-1,clinical,0.569,0.00551,15460
adipocyte of omentum tissue,CD7,CD7,ppac,0.252,0.00287,15460
adipocyte of omentum tissue,TNFRSF4,TNFRSF4,ppac,0.168,0.0017,15460
adipocyte of omentum tissue,ABCA7,ABCA7,ppac,6.223,0.06045,15460
adipocyte of omentum tissue,ITGAX,ITGAX,ppac,0.886,0.00918,15460
adventitial cell,CD96,CD96,lead,1.533,0.0232,10765
adventitial cell,CD9,CD9,lead,31.872,0.4924,10765
adventitial cell,SUCNR1,SUCNR1,lead,0.251,0.00294,10765
adventitial cell,IL1RAP,IL1RAP,lead,7.246,0.09473,10765
adventitial cell,FLT3,FLT3,control,0.78,0.01183,10765
adventitial cell,CD33,CD33,clinical,0.167,0.00178,10765
adventitial cell,IL3RA,CD123,clinical,2.703,0.0419,10765
adventitial cell,CLEC12A,CLL-1,clinical,0.622,0.00834,10765
adventitial cell,CD7,CD7,ppac,0.669,0.00726,10765
adventitial cell,TNFRSF4,TNFRSF4,ppac,0.381,0.00568,10765
adventitial cell,ABCA7,ABCA7,ppac,0.697,0.00842,10765
adventitial cell,ITGAX,ITGAX,ppac,0.418,0.00554,10765
adventitial fibroblast,CD96,CD96,lead,0.172,0.00241,1741
adventitial fibroblast,CD9,CD9,lead,47.904,0.83918,1741
adventitial fibroblast,SUCNR1,SUCNR1,lead,0.862,0.01399,1741
adventitial fibroblast,IL1RAP,IL1RAP,lead,5.112,0.05916,1741
adventitial fibroblast,FLT3,FLT3,control,0.115,0.00139,1741
adventitial fibroblast,CD33,CD33,clinical,0.172,0.00269,1741
adventitial fibroblast,IL3RA,CD123,clinical,0.46,0.00563,1741
adventitial fibroblast,CLEC12A,CLL-1,clinical,0.23,0.0021,1741
adventitial fibroblast,CD7,CD7,ppac,0.517,0.00593,1741
adventitial fibroblast,TNFRSF4,TNFRSF4,ppac,0.23,0.00318,1741
adventitial fibroblast,ABCA7,ABCA7,ppac,0.345,0.00532,1741
adventitial fibroblast,ITGAX,ITGAX,ppac,0.287,0.00422,1741
airway submucosal gland collecting duct epithelial cell,CD96,CD96,lead,2.903,0.00934,689
airway submucosal gland collecting duct epithelial cell,CD9,CD9,lead,99.129,1.98926,689
airway submucosal gland collecting duct epithelial cell,SUCNR1,SUCNR1,lead,0.145,0.00017,689
airway submucosal gland collecting duct epithelial cell,IL1RAP,IL1RAP,lead,20.61,0.06154,689
airway submucosal gland collecting duct epithelial cell,FLT3,FLT3,control,0.0,0.0,689
airway submucosal gland collecting duct epithelial cell,CD33,CD33,clinical,0.726,0.00216,689
airway submucosal gland collecting duct epithelial cell,IL3RA,CD123,clinical,2.177,0.00764,689
airway submucosal gland collecting duct epithelial cell,CLEC12A,CLL-1,clinical,0.581,0.00125,689
airway submucosal gland collecting duct epithelial cell,CD7,CD7,ppac,2.177,0.00871,689
airway submucosal gland collecting duct epithelial cell,TNFRSF4,TNFRSF4,ppac,0.145,0.00031,689
airway submucosal gland collecting duct epithelial cell,ABCA7,ABCA7,ppac,33.672,0.11323,689
airway submucosal gland collecting duct epithelial cell,ITGAX,ITGAX,ppac,0.145,0.00057,689
airway submucosal gland duct basal cell,CD96,CD96,lead,0.507,0.00471,1184
airway submucosal gland duct basal cell,CD9,CD9,lead,68.666,1.48119,1184
airway submucosal gland duct basal cell,SUCNR1,SUCNR1,lead,0.0,0.0,1184
airway submucosal gland duct basal cell,IL1RAP,IL1RAP,lead,12.584,0.13348,1184
airway submucosal gland duct basal cell,FLT3,FLT3,control,0.845,0.00955,1184
airway submucosal gland duct basal cell,CD33,CD33,clinical,0.169,0.00244,1184
airway submucosal gland duct basal cell,IL3RA,CD123,clinical,4.899,0.06296,1184
airway submucosal gland duct basal cell,CLEC12A,CLL-1,clinical,0.591,0.0063,1184
airway submucosal gland duct basal cell,CD7,CD7,ppac,0.084,0.00172,1184
airway submucosal gland duct basal cell,TNFRSF4,TNFRSF4,ppac,0.0,0.0,1184
airway submucosal gland duct basal cell,ABCA7,ABCA7,ppac,14.358,0.12867,1184
airway submucosal gland duct basal cell,ITGAX,ITGAX,ppac,0.169,0.00207,1184
alveolar adventitial fibroblast,CD96,CD96,lead,0.866,0.00865,14657
alveolar adventitial fibroblast,CD9,CD9,lead,41.652,0.55239,14657
alveolar adventitial fibroblast,SUCNR1,SUCNR1,lead,0.532,0.00656,14657
alveolar adventitial fibroblast,IL1RAP,IL1RAP,lead,11.162,0.12876,14657
alveolar adventitial fibroblast,FLT3,FLT3,control,0.341,0.00245,14657
alveolar adventitial fibroblast,CD33,CD33,clinical,0.464,0.00365,14657
alveolar adventitial fibroblast,IL3RA,CD123,clinical,4.053,0.0726,14657
alveolar adventitial fibroblast,CLEC12A,CLL-1,clinical,0.716,0.00656,14657
alveolar adventitial fibroblast,CD7,CD7,ppac,0.86,0.00995,14657
alveolar adventitial fibroblast,TNFRSF4,TNFRSF4,ppac,0.443,0.00403,14657
alveolar adventitial fibroblast,ABCA7,ABCA7,ppac,0.866,0.00831,14657
alveolar adventitial fibroblast,ITGAX,ITGAX,ppac,0.935,0.00832,14657
alveolar capillary type 1 endothelial cell,CD96,CD96,lead,0.387,0.00693,9296
alveolar capillary type 1 endothelial cell,CD9,CD9,lead,33.358,0.68783,9296
alveolar capillary type 1 endothelial cell,SUCNR1,SUCNR1,lead,0.151,0.00266,9296
alveolar capillary type 1 endothelial cell,IL1RAP,IL1RAP,lead,4.077,0.0679,9296
alveolar capillary type 1 endothelial cell,FLT3,FLT3,control,0.032,0.00047,9296
alveolar capillary type 1 endothelial cell,CD33,CD33,clinical,0.463,0.00684,9296
alveolar capillary type 1 endothelial cell,IL3RA,CD123,clinical,22.364,0.39522,9296
alveolar capillary type 1 endothelial cell,CLEC12A,CLL-1,clinical,0.775,0.01304,9296
alveolar capillary type 1 endothelial cell,CD7,CD7,ppac,0.269,0.004,9296
alveolar capillary type 1 endothelial cell,TNFRSF4,TNFRSF4,ppac,6.411,0.09937,9296
alveolar capillary type 1 endothelial cell,ABCA7,ABCA7,ppac,0.925,0.01469,9296
alveolar capillary type 1 endothelial cell,ITGAX,ITGAX,ppac,0.592,0.00944,9296
alveolar capillary type 2 endothelial cell,CD96,CD96,lead,0.275,0.00595,3276
alveolar capillary type 2 endothelial cell,CD9,CD9,lead,25.733,0.5921,3276
alveolar capillary type 2 endothelial cell,SUCNR1,SUCNR1,lead,0.092,0.00179,3276
alveolar capillary type 2 endothelial cell,IL1RAP,IL1RAP,lead,4.06,0.07701,3276
alveolar capillary type 2 endothelial cell,FLT3,FLT3,control,0.031,0.00081,3276
alveolar capillary type 2 endothelial cell,CD33,CD33,clinical,0.549,0.00831,3276
alveolar capillary type 2 endothelial cell,IL3RA,CD123,clinical,6.838,0.12586,3276
alveolar capillary type 2 endothelial cell,CLEC12A,CLL-1,clinical,0.549,0.01027,3276
alveolar capillary type 2 endothelial cell,CD7,CD7,ppac,0.122,0.00206,3276
alveolar capillary type 2 endothelial cell,TNFRSF4,TNFRSF4,ppac,5.952,0.10633,3276
alveolar capillary type 2 endothelial cell,ABCA7,ABCA7,ppac,0.946,0.01894,3276
alveolar capillary type 2 endothelial cell,ITGAX,ITGAX,ppac,0.397,0.00704,3276
amacrine cell,CD96,CD96,lead,0.341,0.00388,149669
amacrine cell,CD9,CD9,lead,1.141,0.01417,149669
amacrine cell,SUCNR1,SUCNR1,lead,0.006,8e-05,149669
amacrine cell,IL1RAP,IL1RAP,lead,2.804,0.03346,149669
amacrine cell,FLT3,FLT3,control,2.487,0.02701,149669
amacrine cell,CD33,CD33,clinical,0.033,0.00041,149669
amacrine cell,IL3RA,CD123,clinical,33.379,0.43875,149669
amacrine cell,CLEC12A,CLL-1,clinical,0.567,0.00544,149669
amacrine cell,CD7,CD7,ppac,0.035,0.00039,149669
amacrine cell,TNFRSF4,TNFRSF4,ppac,0.045,0.00054,149669
amacrine cell,ABCA7,ABCA7,ppac,9.599,0.10886,149669
amacrine cell,ITGAX,ITGAX,ppac,0.046,0.00055,149669
anterior lens cell,CD96,CD96,lead,5.195,0.06238,6160
anterior lens cell,CD9,CD9,lead,33.912,0.49291,6160
anterior lens cell,SUCNR1,SUCNR1,lead,0.0,0.0,6160
anterior lens cell,IL1RAP,IL1RAP,lead,5.341,0.06144,6160
anterior lens cell,FLT3,FLT3,control,1.575,0.01685,6160
anterior lens cell,CD33,CD33,clinical,0.049,0.00047,6160
anterior lens cell,IL3RA,CD123,clinical,46.705,0.60343,6160
anterior lens cell,CLEC12A,CLL-1,clinical,1.705,0.01843,6160
anterior lens cell,CD7,CD7,ppac,0.016,0.00018,6160
anterior lens cell,TNFRSF4,TNFRSF4,ppac,0.049,0.00042,6160
anterior lens cell,ABCA7,ABCA7,ppac,6.461,0.06737,6160
anterior lens cell,ITGAX,ITGAX,ppac,0.227,0.00212,6160
arachnoid barrier cell,CD96,CD96,lead,0.0,0.0,681
arachnoid barrier cell,CD9,CD9,lead,65.345,0.96111,681
arachnoid barrier cell,SUCNR1,SUCNR1,lead,0.0,0.0,681
arachnoid barrier cell,IL1RAP,IL1RAP,lead,1.028,0.01047,681
arachnoid barrier cell,FLT3,FLT3,control,0.294,0.00416,681
arachnoid barrier cell,CD33,CD33,clinical,0.0,0.0,681
arachnoid barrier cell,IL3RA,CD123,clinical,14.537,0.09727,681
arachnoid barrier cell,CLEC12A,CLL-1,clinical,0.0,0.0,681
arachnoid barrier cell,CD7,CD7,ppac,0.734,0.0023,681
arachnoid barrier cell,TNFRSF4,TNFRSF4,ppac,0.0,0.0,681
arachnoid barrier cell,ABCA7,ABCA7,ppac,4.993,0.04343,681
arachnoid barrier cell,ITGAX,ITGAX,ppac,0.441,0.00185,681
astrocyte,CD96,CD96,lead,1.264,0.01371,986434
astrocyte,CD9,CD9,lead,25.022,0.34465,986434
astrocyte,SUCNR1,SUCNR1,lead,0.019,0.0002,986434
astrocyte,IL1RAP,IL1RAP,lead,5.962,0.06577,986434
astrocyte,FLT3,FLT3,control,1.145,0.01117,986434
astrocyte,CD33,CD33,clinical,0.076,0.00074,986434
astrocyte,IL3RA,CD123,clinical,19.969,0.22054,986434
astrocyte,CLEC12A,CLL-1,clinical,0.542,0.00543,986434
astrocyte,CD7,CD7,ppac,0.043,0.00045,986434
astrocyte,TNFRSF4,TNFRSF4,ppac,0.076,0.00078,986434
astrocyte,ABCA7,ABCA7,ppac,5.317,0.05252,986434
astrocyte,ITGAX,ITGAX,ppac,0.515,0.00565,986434
astrocyte of the cerebral cortex,CD96,CD96,lead,1.144,0.00953,112590
astrocyte of the cerebral cortex,CD9,CD9,lead,15.139,0.14468,112590
astrocyte of the cerebral cortex,SUCNR1,SUCNR1,lead,0.008,7e-05,112590
astrocyte of the cerebral cortex,IL1RAP,IL1RAP,lead,8.398,0.07121,112590
astrocyte of the cerebral cortex,FLT3,FLT3,control,1.943,0.01529,112590
astrocyte of the cerebral cortex,CD33,CD33,clinical,0.156,0.00112,112590
astrocyte of the cerebral cortex,IL3RA,CD123,clinical,28.432,0.247,112590
astrocyte of the cerebral cortex,CLEC12A,CLL-1,clinical,0.21,0.00152,112590
astrocyte of the cerebral cortex,CD7,CD7,ppac,0.021,0.00016,112590
astrocyte of the cerebral cortex,TNFRSF4,TNFRSF4,ppac,0.172,0.00135,112590
astrocyte of the cerebral cortex,ABCA7,ABCA7,ppac,7.809,0.06079,112590
astrocyte of the cerebral cortex,ITGAX,ITGAX,ppac,0.363,0.00283,112590
basal cell,CD96,CD96,lead,1.317,0.01063,235081
basal cell,CD9,CD9,lead,74.283,1.45189,235081
basal cell,SUCNR1,SUCNR1,lead,0.051,0.00033,235081
basal cell,IL1RAP,IL1RAP,lead,22.079,0.21706,235081
basal cell,FLT3,FLT3,control,0.439,0.0052,235081
basal cell,CD33,CD33,clinical,0.103,0.00079,235081
basal cell,IL3RA,CD123,clinical,2.701,0.03608,235081
basal cell,CLEC12A,CLL-1,clinical,0.371,0.00413,235081
basal cell,CD7,CD7,ppac,0.832,0.00595,235081
basal cell,TNFRSF4,TNFRSF4,ppac,0.299,0.00272,235081
basal cell,ABCA7,ABCA7,ppac,7.421,0.04889,235081
basal cell,ITGAX,ITGAX,ppac,0.397,0.00312,235081
basal cell of epidermis,CD96,CD96,lead,0.166,0.00185,29483
basal cell of epidermis,CD9,CD9,lead,91.799,2.01068,29483
basal cell of epidermis,SUCNR1,SUCNR1,lead,0.058,0.0005,29483
basal cell of epidermis,IL1RAP,IL1RAP,lead,12.529,0.11887,29483
basal cell of epidermis,FLT3,FLT3,control,1.204,0.02247,29483
basal cell of epidermis,CD33,CD33,clinical,0.054,0.00046,29483
basal cell of epidermis,IL3RA,CD123,clinical,0.621,0.01131,29483
basal cell of epidermis,CLEC12A,CLL-1,clinical,0.119,0.00206,29483
basal cell of epidermis,CD7,CD7,ppac,0.594,0.00654,29483
basal cell of epidermis,TNFRSF4,TNFRSF4,ppac,0.051,0.00041,29483
basal cell of epidermis,ABCA7,ABCA7,ppac,2.164,0.02433,29483
basal cell of epidermis,ITGAX,ITGAX,ppac,0.01,0.00018,29483
basal cell of epithelium of trachea,CD96,CD96,lead,0.09,0.00099,21061
basal cell of epithelium of trachea,CD9,CD9,lead,88.372,2.34973,21061
basal cell of epithelium of trachea,SUCNR1,SUCNR1,lead,0.019,0.00029,21061
basal cell of epithelium of trachea,IL1RAP,IL1RAP,lead,11.258,0.13538,21061
basal cell of epithelium of trachea,FLT3,FLT3,control,0.009,6e-05,21061
basal cell of epithelium of trachea,CD33,CD33,clinical,0.019,0.00026,21061
basal cell of epithelium of trachea,IL3RA,CD123,clinical,0.076,0.00077,21061
basal cell of epithelium of trachea,CLEC12A,CLL-1,clinical,0.038,0.00044,21061
basal cell of epithelium of trachea,CD7,CD7,ppac,0.831,0.00847,21061
basal cell of epithelium of trachea,TNFRSF4,TNFRSF4,ppac,0.114,0.00117,21061
basal cell of epithelium of trachea,ABCA7,ABCA7,ppac,10.764,0.11699,21061
basal cell of epithelium of trachea,ITGAX,ITGAX,ppac,0.261,0.0033,21061
basal cell of prostate epithelium,CD96,CD96,lead,1.547,0.01462,17515
basal cell of prostate epithelium,CD9,CD9,lead,95.906,2.12623,17515
basal cell of prostate epithelium,SUCNR1,SUCNR1,lead,0.006,1e-05,17515
basal cell of prostate epithelium,IL1RAP,IL1RAP,lead,12.778,0.10455,17515
basal cell of prostate epithelium,FLT3,FLT3,control,0.166,0.00092,17515
basal cell of prostate epithelium,CD33,CD33,clinical,0.171,0.00127,17515
basal cell of prostate epithelium,IL3RA,CD123,clinical,0.251,0.00236,17515
basal cell of prostate epithelium,CLEC12A,CLL-1,clinical,0.126,0.00088,17515
basal cell of prostate epithelium,CD7,CD7,ppac,0.668,0.00371,17515
basal cell of prostate epithelium,TNFRSF4,TNFRSF4,ppac,0.166,0.00106,17515
basal cell of prostate epithelium,ABCA7,ABCA7,ppac,2.975,0.01419,17515
basal cell of prostate epithelium,ITGAX,ITGAX,ppac,0.108,0.00071,17515
basal cell of urothelium,CD96,CD96,lead,19.357,0.12578,15436
basal cell of urothelium,CD9,CD9,lead,97.694,2.07248,15436
basal cell of urothelium,SUCNR1,SUCNR1,lead,0.168,0.00114,15436
basal cell of urothelium,IL1RAP,IL1RAP,lead,36.246,0.21253,15436
basal cell of urothelium,FLT3,FLT3,control,0.233,0.00066,15436
basal cell of urothelium,CD33,CD33,clinical,0.214,0.00107,15436
basal cell of urothelium,IL3RA,CD123,clinical,9.005,0.03738,15436
basal cell of urothelium,CLEC12A,CLL-1,clinical,0.35,0.00187,15436
basal cell of urothelium,CD7,CD7,ppac,2.468,0.01406,15436
basal cell of urothelium,TNFRSF4,TNFRSF4,ppac,0.253,0.00137,15436
basal cell of urothelium,ABCA7,ABCA7,ppac,15.075,0.06366,15436
basal cell of urothelium,ITGAX,ITGAX,ppac,1.373,0.00762,15436
basal epithelial cell of prostatic duct,CD96,CD96,lead,0.822,0.01733,7295
basal epithelial cell of prostatic duct,CD9,CD9,lead,18.04,0.38931,7295
basal epithelial cell of prostatic duct,SUCNR1,SUCNR1,lead,0.0,0.0,7295
basal epithelial cell of prostatic duct,IL1RAP,IL1RAP,lead,14.064,0.30568,7295
basal epithelial cell of prostatic duct,FLT3,FLT3,control,0.932,0.01971,7295
basal epithelial cell of prostatic duct,CD33,CD33,clinical,0.055,0.00085,7295
basal epithelial cell of prostatic duct,IL3RA,CD123,clinical,8.321,0.17786,7295
basal epithelial cell of prostatic duct,CLEC12A,CLL-1,clinical,0.439,0.00879,7295
basal epithelial cell of prostatic duct,CD7,CD7,ppac,0.123,0.00241,7295
basal epithelial cell of prostatic duct,TNFRSF4,TNFRSF4,ppac,0.069,0.00128,7295
basal epithelial cell of prostatic duct,ABCA7,ABCA7,ppac,1.385,0.02858,7295
basal epithelial cell of prostatic duct,ITGAX,ITGAX,ppac,0.11,0.00176,7295
basal epithelial cell of tracheobronchial tree,CD96,CD96,lead,1.277,0.02361,8145
basal epithelial cell of tracheobronchial tree,CD9,CD9,lead,22.983,0.48968,8145
basal epithelial cell of tracheobronchial tree,SUCNR1,SUCNR1,lead,0.012,0.00027,8145
basal epithelial cell of tracheobronchial tree,IL1RAP,IL1RAP,lead,19.288,0.40704,8145
basal epithelial cell of tracheobronchial tree,FLT3,FLT3,control,1.179,0.02308,8145
basal epithelial cell of tracheobronchial tree,CD33,CD33,clinical,0.086,0.00209,8145
basal epithelial cell of tracheobronchial tree,IL3RA,CD123,clinical,5.328,0.10952,8145
basal epithelial cell of tracheobronchial tree,CLEC12A,CLL-1,clinical,0.737,0.01366,8145
basal epithelial cell of tracheobronchial tree,CD7,CD7,ppac,0.282,0.00572,8145
basal epithelial cell of tracheobronchial tree,TNFRSF4,TNFRSF4,ppac,0.086,0.00156,8145
basal epithelial cell of tracheobronchial tree,ABCA7,ABCA7,ppac,6.065,0.12315,8145
basal epithelial cell of tracheobronchial tree,ITGAX,ITGAX,ppac,0.258,0.00595,8145
basal-myoepithelial cell of mammary gland,CD96,CD96,lead,0.439,0.00556,163949
basal-myoepithelial cell of mammary gland,CD9,CD9,lead,66.027,1.19361,163949
basal-myoepithelial cell of mammary gland,SUCNR1,SUCNR1,lead,0.276,0.00237,163949
basal-myoepithelial cell of mammary gland,IL1RAP,IL1RAP,lead,7.735,0.09537,163949
basal-myoepithelial cell of mammary gland,FLT3,FLT3,control,0.071,0.00099,163949
basal-myoepithelial cell of mammary gland,CD33,CD33,clinical,0.154,0.00139,163949
basal-myoepithelial cell of mammary gland,IL3RA,CD123,clinical,2.537,0.03196,163949
basal-myoepithelial cell of mammary gland,CLEC12A,CLL-1,clinical,0.038,0.00052,163949
basal-myoepithelial cell of mammary gland,CD7,CD7,ppac,0.414,0.00491,163949
basal-myoepithelial cell of mammary gland,TNFRSF4,TNFRSF4,ppac,2.255,0.02642,163949
basal-myoepithelial cell of mammary gland,ABCA7,ABCA7,ppac,1.282,0.01469,163949
basal-myoepithelial cell of mammary gland,ITGAX,ITGAX,ppac,0.096,0.0012,163949
bladder urothelial cell,CD96,CD96,lead,71.556,0.72625,26663
bladder urothelial cell,CD9,CD9,lead,97.375,2.06763,26663
bladder urothelial cell,SUCNR1,SUCNR1,lead,0.173,0.00157,26663
bladder urothelial cell,IL1RAP,IL1RAP,lead,30.087,0.13326,26663
bladder urothelial cell,FLT3,FLT3,control,1.309,0.00386,26663
bladder urothelial cell,CD33,CD33,clinical,0.533,0.00154,26663
bladder urothelial cell,IL3RA,CD123,clinical,0.0,0.0,26663
bladder urothelial cell,CLEC12A,CLL-1,clinical,0.608,0.00192,26663
bladder urothelial cell,CD7,CD7,ppac,2.1,0.00801,26663
bladder urothelial cell,TNFRSF4,TNFRSF4,ppac,0.51,0.00149,26663
bladder urothelial cell,ABCA7,ABCA7,ppac,20.575,0.07321,26663
bladder urothelial cell,ITGAX,ITGAX,ppac,2.055,0.00973,26663
blood vessel endothelial cell,CD96,CD96,lead,0.519,0.00687,234765
blood vessel endothelial cell,CD9,CD9,lead,53.313,0.99916,234765
blood vessel endothelial cell,SUCNR1,SUCNR1,lead,0.045,0.00048,234765
blood vessel endothelial cell,IL1RAP,IL1RAP,lead,5.425,0.07088,234765
blood vessel endothelial cell,FLT3,FLT3,control,0.142,0.00187,234765
blood vessel endothelial cell,CD33,CD33,clinical,0.109,0.00134,234765
blood vessel endothelial cell,IL3RA,CD123,clinical,36.29,0.53962,234765
blood vessel endothelial cell,CLEC12A,CLL-1,clinical,0.178,0.00218,234765
blood vessel endothelial cell,CD7,CD7,ppac,0.803,0.00967,234765
blood vessel endothelial cell,TNFRSF4,TNFRSF4,ppac,10.17,0.15708,234765
blood vessel endothelial cell,ABCA7,ABCA7,ppac,1.72,0.0215,234765
blood vessel endothelial cell,ITGAX,ITGAX,ppac,0.235,0.00298,234765
blood vessel smooth muscle cell,CD96,CD96,lead,1.063,0.01329,64084
blood vessel smooth muscle cell,CD9,CD9,lead,76.237,1.40828,64084
blood vessel smooth muscle cell,SUCNR1,SUCNR1,lead,0.91,0.00729,64084
blood vessel smooth muscle cell,IL1RAP,IL1RAP,lead,5.151,0.0383,64084
blood vessel smooth muscle cell,FLT3,FLT3,control,0.247,0.00263,64084
blood vessel smooth muscle cell,CD33,CD33,clinical,0.485,0.00295,64084
blood vessel smooth muscle cell,IL3RA,CD123,clinical,5.087,0.04606,64084
blood vessel smooth muscle cell,CLEC12A,CLL-1,clinical,0.248,0.00227,64084
blood vessel smooth muscle cell,CD7,CD7,ppac,0.339,0.00307,64084
blood vessel smooth muscle cell,TNFRSF4,TNFRSF4,ppac,0.492,0.00285,64084
blood vessel smooth muscle cell,ABCA7,ABCA7,ppac,1.465,0.01459,64084
blood vessel smooth muscle cell,ITGAX,ITGAX,ppac,0.818,0.00759,64084
brain vascular cell,CD96,CD96,lead,2.175,0.02106,9932
brain vascular cell,CD9,CD9,lead,34.686,0.47167,9932
brain vascular cell,SUCNR1,SUCNR1,lead,0.141,0.00097,9932
brain vascular cell,IL1RAP,IL1RAP,lead,8.548,0.08699,9932
brain vascular cell,FLT3,FLT3,control,1.49,0.01297,9932
brain vascular cell,CD33,CD33,clinical,0.544,0.00382,9932
brain vascular cell,IL3RA,CD123,clinical,6.222,0.06637,9932
brain vascular cell,CLEC12A,CLL-1,clinical,0.634,0.00442,9932
brain vascular cell,CD7,CD7,ppac,0.322,0.00339,9932
brain vascular cell,TNFRSF4,TNFRSF4,ppac,3.272,0.03221,9932
brain vascular cell,ABCA7,ABCA7,ppac,3.282,0.02941,9932
brain vascular cell,ITGAX,ITGAX,ppac,1.118,0.00969,9932
bronchial epithelial cell,CD96,CD96,lead,2.453,0.04598,693
bronchial epithelial cell,CD9,CD9,lead,15.729,0.32622,693
bronchial epithelial cell,SUCNR1,SUCNR1,lead,0.0,0.0,693
bronchial epithelial cell,IL1RAP,IL1RAP,lead,5.051,0.10736,693
bronchial epithelial cell,FLT3,FLT3,control,3.03,0.05243,693
bronchial epithelial cell,CD33,CD33,clinical,0.0,0.0,693
bronchial epithelial cell,IL3RA,CD123,clinical,6.638,0.1355,693
bronchial epithelial cell,CLEC12A,CLL-1,clinical,1.299,0.02526,693
bronchial epithelial cell,CD7,CD7,ppac,0.144,0.00188,693
bronchial epithelial cell,TNFRSF4,TNFRSF4,ppac,0.144,0.00309,693
bronchial epithelial cell,ABCA7,ABCA7,ppac,3.896,0.07721,693
bronchial epithelial cell,ITGAX,ITGAX,ppac,0.722,0.01065,693
bronchial smooth muscle cell,CD96,CD96,lead,1.023,0.01032,880
bronchial smooth muscle cell,CD9,CD9,lead,83.182,1.71796,880
bronchial smooth muscle cell,SUCNR1,SUCNR1,lead,0.114,0.00101,880
bronchial smooth muscle cell,IL1RAP,IL1RAP,lead,2.614,0.02844,880
bronchial smooth muscle cell,FLT3,FLT3,control,0.455,0.00354,880
bronchial smooth muscle cell,CD33,CD33,clinical,0.568,0.0076,880
bronchial smooth muscle cell,IL3RA,CD123,clinical,0.455,0.00569,880
bronchial smooth muscle cell,CLEC12A,CLL-1,clinical,0.568,0.00703,880
bronchial smooth muscle cell,CD7,CD7,ppac,0.682,0.00764,880
bronchial smooth muscle cell,TNFRSF4,TNFRSF4,ppac,0.568,0.00593,880
bronchial smooth muscle cell,ABCA7,ABCA7,ppac,1.136,0.01124,880
bronchial smooth muscle cell,ITGAX,ITGAX,ppac,0.795,0.00845,880
bronchiolar smooth muscle cell,CD96,CD96,lead,0.372,0.00255,537
bronchiolar smooth muscle cell,CD9,CD9,lead,85.289,1.58445,537
bronchiolar smooth muscle cell,SUCNR1,SUCNR1,lead,0.0,0.0,537
bronchiolar smooth muscle cell,IL1RAP,IL1RAP,lead,2.793,0.02149,537
bronchiolar smooth muscle cell,FLT3,FLT3,control,0.0,0.0,537
bronchiolar smooth muscle cell,CD33,CD33,clinical,0.0,0.0,537
bronchiolar smooth muscle cell,IL3RA,CD123,clinical,2.235,0.0162,537
bronchiolar smooth muscle cell,CLEC12A,CLL-1,clinical,0.0,0.0,537
bronchiolar smooth muscle cell,CD7,CD7,ppac,1.117,0.01214,537
bronchiolar smooth muscle cell,TNFRSF4,TNFRSF4,ppac,0.931,0.00403,537
bronchiolar smooth muscle cell,ABCA7,ABCA7,ppac,2.048,0.01959,537
bronchiolar smooth muscle cell,ITGAX,ITGAX,ppac,0.372,0.00384,537
bronchus fibroblast of lung,CD96,CD96,lead,0.564,0.00815,7089
bronchus fibroblast of lung,CD9,CD9,lead,39.455,0.67178,7089
bronchus fibroblast of lung,SUCNR1,SUCNR1,lead,0.169,0.00266,7089
bronchus fibroblast of lung,IL1RAP,IL1RAP,lead,3.47,0.03949,7089
bronchus fibroblast of lung,FLT3,FLT3,control,0.127,0.00177,7089
bronchus fibroblast of lung,CD33,CD33,clinical,0.31,0.00311,7089
bronchus fibroblast of lung,IL3RA,CD123,clinical,1.467,0.01888,7089
bronchus fibroblast of lung,CLEC12A,CLL-1,clinical,0.367,0.00505,7089
bronchus fibroblast of lung,CD7,CD7,ppac,1.03,0.01314,7089
bronchus fibroblast of lung,TNFRSF4,TNFRSF4,ppac,4.274,0.0533,7089
bronchus fibroblast of lung,ABCA7,ABCA7,ppac,0.578,0.0081,7089
bronchus fibroblast of lung,ITGAX,ITGAX,ppac,0.197,0.00234,7089
brush cell of tracheobronchial tree,CD96,CD96,lead,0.795,0.01068,1887
brush cell of tracheobronchial tree,CD9,CD9,lead,29.518,0.51914,1887
brush cell of tracheobronchial tree,SUCNR1,SUCNR1,lead,1.696,0.02175,1887
brush cell of tracheobronchial tree,IL1RAP,IL1RAP,lead,4.346,0.06567,1887
brush cell of tracheobronchial tree,FLT3,FLT3,control,0.053,0.00098,1887
brush cell of tracheobronchial tree,CD33,CD33,clinical,0.159,0.00186,1887
brush cell of tracheobronchial tree,IL3RA,CD123,clinical,4.557,0.07171,1887
brush cell of tracheobronchial tree,CLEC12A,CLL-1,clinical,0.053,0.00061,1887
brush cell of tracheobronchial tree,CD7,CD7,ppac,0.159,0.00144,1887
brush cell of tracheobronchial tree,TNFRSF4,TNFRSF4,ppac,0.795,0.00545,1887
brush cell of tracheobronchial tree,ABCA7,ABCA7,ppac,3.392,0.04227,1887
brush cell of tracheobronchial tree,ITGAX,ITGAX,ppac,0.159,0.00143,1887
capillary endothelial cell,CD96,CD96,lead,0.608,0.00863,227698
capillary endothelial cell,CD9,CD9,lead,45.205,0.91726,227698
capillary endothelial cell,SUCNR1,SUCNR1,lead,0.059,0.0007,227698
capillary endothelial cell,IL1RAP,IL1RAP,lead,5.408,0.07442,227698
capillary endothelial cell,FLT3,FLT3,control,0.261,0.0043,227698
capillary endothelial cell,CD33,CD33,clinical,0.438,0.00541,227698
capillary endothelial cell,IL3RA,CD123,clinical,22.81,0.34057,227698
capillary endothelial cell,CLEC12A,CLL-1,clinical,0.757,0.01274,227698
capillary endothelial cell,CD7,CD7,ppac,0.809,0.00946,227698
capillary endothelial cell,TNFRSF4,TNFRSF4,ppac,13.626,0.21807,227698
capillary endothelial cell,ABCA7,ABCA7,ppac,1.552,0.01993,227698
capillary endothelial cell,ITGAX,ITGAX,ppac,0.491,0.00702,227698
cardiac blood vessel endothelial cell,CD96,CD96,lead,0.82,0.01392,38309
cardiac blood vessel endothelial cell,CD9,CD9,lead,31.943,0.6012,38309
cardiac blood vessel endothelial cell,SUCNR1,SUCNR1,lead,0.718,0.01189,38309
cardiac blood vessel endothelial cell,IL1RAP,IL1RAP,lead,4.247,0.07153,38309
cardiac blood vessel endothelial cell,FLT3,FLT3,control,0.332,0.00551,38309
cardiac blood vessel endothelial cell,CD33,CD33,clinical,0.115,0.00183,38309
cardiac blood vessel endothelial cell,IL3RA,CD123,clinical,9.517,0.16127,38309
cardiac blood vessel endothelial cell,CLEC12A,CLL-1,clinical,0.582,0.00974,38309
cardiac blood vessel endothelial cell,CD7,CD7,ppac,0.107,0.00188,38309
cardiac blood vessel endothelial cell,TNFRSF4,TNFRSF4,ppac,3.127,0.05339,38309
cardiac blood vessel endothelial cell,ABCA7,ABCA7,ppac,0.655,0.01099,38309
cardiac blood vessel endothelial cell,ITGAX,ITGAX,ppac,0.178,0.00316,38309
cardiac endothelial cell,CD96,CD96,lead,0.416,0.00506,32176
cardiac endothelial cell,CD9,CD9,lead,55.408,1.09411,32176
cardiac endothelial cell,SUCNR1,SUCNR1,lead,0.364,0.00427,32176
cardiac endothelial cell,IL1RAP,IL1RAP,lead,11.238,0.17872,32176
cardiac endothelial cell,FLT3,FLT3,control,0.277,0.00342,32176
cardiac endothelial cell,CD33,CD33,clinical,0.298,0.00375,32176
cardiac endothelial cell,IL3RA,CD123,clinical,3.555,0.05948,32176
cardiac endothelial cell,CLEC12A,CLL-1,clinical,1.545,0.01944,32176
cardiac endothelial cell,CD7,CD7,ppac,0.071,0.00103,32176
cardiac endothelial cell,TNFRSF4,TNFRSF4,ppac,5.358,0.06729,32176
cardiac endothelial cell,ABCA7,ABCA7,ppac,1.355,0.01459,32176
cardiac endothelial cell,ITGAX,ITGAX,ppac,0.199,0.00311,32176
cardiac muscle cell,CD96,CD96,lead,1.759,0.02164,184005
cardiac muscle cell,CD9,CD9,lead,6.173,0.10048,184005
cardiac muscle cell,SUCNR1,SUCNR1,lead,0.237,0.0033,184005
cardiac muscle cell,IL1RAP,IL1RAP,lead,10.909,0.12429,184005
cardiac muscle cell,FLT3,FLT3,control,1.108,0.01236,184005
cardiac muscle cell,CD33,CD33,clinical,0.189,0.00235,184005
cardiac muscle cell,IL3RA,CD123,clinical,11.662,0.12303,184005
cardiac muscle cell,CLEC12A,CLL-1,clinical,0.548,0.00816,184005
cardiac muscle cell,CD7,CD7,ppac,0.109,0.00169,184005
cardiac muscle cell,TNFRSF4,TNFRSF4,ppac,0.19,0.00268,184005
cardiac muscle cell,ABCA7,ABCA7,ppac,2.412,0.02362,184005
cardiac muscle cell,ITGAX,ITGAX,ppac,0.451,0.00683,184005
cardiac muscle myoblast,CD96,CD96,lead,1.322,0.00847,18310
cardiac muscle myoblast,CD9,CD9,lead,7.974,0.05993,18310
cardiac muscle myoblast,SUCNR1,SUCNR1,lead,0.071,0.00056,18310
cardiac muscle myoblast,IL1RAP,IL1RAP,lead,37.903,0.31316,18310
cardiac muscle myoblast,FLT3,FLT3,control,0.426,0.00269,18310
cardiac muscle myoblast,CD33,CD33,clinical,0.328,0.00228,18310
cardiac muscle myoblast,IL3RA,CD123,clinical,14.981,0.10906,18310
cardiac muscle myoblast,CLEC12A,CLL-1,clinical,0.322,0.00203,18310
cardiac muscle myoblast,CD7,CD7,ppac,0.066,0.00049,18310
cardiac muscle myoblast,TNFRSF4,TNFRSF4,ppac,0.268,0.002,18310
cardiac muscle myoblast,ABCA7,ABCA7,ppac,9.492,0.06403,18310
cardiac muscle myoblast,ITGAX,ITGAX,ppac,0.481,0.00342,18310
cardiac neuron,CD96,CD96,lead,1.094,0.01951,1463
cardiac neuron,CD9,CD9,lead,55.844,1.11053,1463
cardiac neuron,SUCNR1,SUCNR1,lead,0.068,0.00116,1463
cardiac neuron,IL1RAP,IL1RAP,lead,48.257,1.15484,1463
cardiac neuron,FLT3,FLT3,control,0.547,0.00888,1463
cardiac neuron,CD33,CD33,clinical,0.273,0.00458,1463
cardiac neuron,IL3RA,CD123,clinical,4.511,0.0753,1463
cardiac neuron,CLEC12A,CLL-1,clinical,1.025,0.01527,1463
cardiac neuron,CD7,CD7,ppac,0.0,0.0,1463
cardiac neuron,TNFRSF4,TNFRSF4,ppac,0.342,0.00313,1463
cardiac neuron,ABCA7,ABCA7,ppac,0.957,0.00984,1463
cardiac neuron,ITGAX,ITGAX,ppac,0.41,0.00602,1463
caudal ganglionic eminence derived cortical interneuron,CD96,CD96,lead,3.282,0.02112,22454
caudal ganglionic eminence derived cortical interneuron,CD9,CD9,lead,1.39,0.00815,22454
caudal ganglionic eminence derived cortical interneuron,SUCNR1,SUCNR1,lead,0.022,0.00011,22454
caudal ganglionic eminence derived cortical interneuron,IL1RAP,IL1RAP,lead,11.517,0.08314,22454
caudal ganglionic eminence derived cortical interneuron,FLT3,FLT3,control,11.072,0.05322,22454
caudal ganglionic eminence derived cortical interneuron,CD33,CD33,clinical,0.321,0.00129,22454
caudal ganglionic eminence derived cortical interneuron,IL3RA,CD123,clinical,27.772,0.15999,22454
caudal ganglionic eminence derived cortical interneuron,CLEC12A,CLL-1,clinical,0.512,0.0022,22454
caudal ganglionic eminence derived cortical interneuron,CD7,CD7,ppac,0.12,0.00056,22454
caudal ganglionic eminence derived cortical interneuron,TNFRSF4,TNFRSF4,ppac,0.298,0.00122,22454
caudal ganglionic eminence derived cortical interneuron,ABCA7,ABCA7,ppac,14.323,0.06748,22454
caudal ganglionic eminence derived cortical interneuron,ITGAX,ITGAX,ppac,0.503,0.00278,22454
cell,CD96,CD96,lead,1.197,0.00835,12613
cell,CD9,CD9,lead,72.988,1.05246,12613
cell,SUCNR1,SUCNR1,lead,0.111,0.00064,12613
cell,IL1RAP,IL1RAP,lead,8.777,0.05484,12613
cell,FLT3,FLT3,control,0.634,0.00394,12613
cell,CD33,CD33,clinical,0.143,0.00052,12613
cell,IL3RA,CD123,clinical,1.3,0.00825,12613
cell,CLEC12A,CLL-1,clinical,0.111,0.00045,12613
cell,CD7,CD7,ppac,0.103,0.00102,12613
cell,TNFRSF4,TNFRSF4,ppac,7.754,0.04714,12613
cell,ABCA7,ABCA7,ppac,3.98,0.02085,12613
cell,ITGAX,ITGAX,ppac,0.143,0.00102,12613
cell in vitro,CD96,CD96,lead,0.268,0.00172,118672
cell in vitro,CD9,CD9,lead,91.808,1.57603,118672
cell in vitro,SUCNR1,SUCNR1,lead,0.004,2e-05,118672
cell in vitro,IL1RAP,IL1RAP,lead,11.159,0.07831,118672
cell in vitro,FLT3,FLT3,control,0.024,0.00015,118672
cell in vitro,CD33,CD33,clinical,0.014,9e-05,118672
cell in vitro,IL3RA,CD123,clinical,1.737,0.01421,118672
cell in vitro,CLEC12A,CLL-1,clinical,0.003,2e-05,118672
cell in vitro,CD7,CD7,ppac,0.313,0.00253,118672
cell in vitro,TNFRSF4,TNFRSF4,ppac,0.103,0.00072,118672
cell in vitro,ABCA7,ABCA7,ppac,6.979,0.05283,118672
cell in vitro,ITGAX,ITGAX,ppac,0.003,3e-05,118672
cell of skeletal muscle,CD96,CD96,lead,0.112,0.00235,4446
cell of skeletal muscle,CD9,CD9,lead,3.329,0.06151,4446
cell of skeletal muscle,SUCNR1,SUCNR1,lead,0.022,0.00046,4446
cell of skeletal muscle,IL1RAP,IL1RAP,lead,0.247,0.0041,4446
cell of skeletal muscle,FLT3,FLT3,control,0.382,0.00758,4446
cell of skeletal muscle,CD33,CD33,clinical,0.18,0.00394,4446
cell of skeletal muscle,IL3RA,CD123,clinical,0.0,0.0,4446
cell of skeletal muscle,CLEC12A,CLL-1,clinical,0.067,0.00155,4446
cell of skeletal muscle,CD7,CD7,ppac,0.09,0.00186,4446
cell of skeletal muscle,TNFRSF4,TNFRSF4,ppac,0.247,0.00464,4446
cell of skeletal muscle,ABCA7,ABCA7,ppac,2.204,0.04539,4446
cell of skeletal muscle,ITGAX,ITGAX,ppac,0.337,0.00724,4446
central nervous system neuron,CD96,CD96,lead,1.603,0.01149,29561
central nervous system neuron,CD9,CD9,lead,5.254,0.04796,29561
central nervous system neuron,SUCNR1,SUCNR1,lead,0.037,0.00028,29561
central nervous system neuron,IL1RAP,IL1RAP,lead,4.614,0.03121,29561
central nervous system neuron,FLT3,FLT3,control,6.799,0.04588,29561
central nervous system neuron,CD33,CD33,clinical,0.179,0.00131,29561
central nervous system neuron,IL3RA,CD123,clinical,1.11,0.01245,29561
central nervous system neuron,CLEC12A,CLL-1,clinical,0.501,0.0018,29561
central nervous system neuron,CD7,CD7,ppac,0.666,0.00522,29561
central nervous system neuron,TNFRSF4,TNFRSF4,ppac,0.091,0.00055,29561
central nervous system neuron,ABCA7,ABCA7,ppac,7.395,0.04742,29561
central nervous system neuron,ITGAX,ITGAX,ppac,0.355,0.00162,29561
centrilobular region hepatocyte,CD96,CD96,lead,1.059,0.0091,27397
centrilobular region hepatocyte,CD9,CD9,lead,11.038,0.09932,27397
centrilobular region hepatocyte,SUCNR1,SUCNR1,lead,2.201,0.01576,27397
centrilobular region hepatocyte,IL1RAP,IL1RAP,lead,59.671,1.00189,27397
centrilobular region hepatocyte,FLT3,FLT3,control,1.007,0.00749,27397
centrilobular region hepatocyte,CD33,CD33,clinical,0.142,0.0014,27397
centrilobular region hepatocyte,IL3RA,CD123,clinical,3.942,0.02785,27397
centrilobular region hepatocyte,CLEC12A,CLL-1,clinical,0.774,0.00567,27397
centrilobular region hepatocyte,CD7,CD7,ppac,0.927,0.0138,27397
centrilobular region hepatocyte,TNFRSF4,TNFRSF4,ppac,0.117,0.00187,27397
centrilobular region hepatocyte,ABCA7,ABCA7,ppac,1.993,0.01743,27397
centrilobular region hepatocyte,ITGAX,ITGAX,ppac,0.321,0.0032,27397
centroblast,CD96,CD96,lead,1.938,0.02783,1806
centroblast,CD9,CD9,lead,13.234,0.18361,1806
centroblast,SUCNR1,SUCNR1,lead,0.0,0.0,1806
centroblast,IL1RAP,IL1RAP,lead,0.388,0.00458,1806
centroblast,FLT3,FLT3,control,0.111,0.00155,1806
centroblast,CD33,CD33,clinical,0.055,0.00047,1806
centroblast,IL3RA,CD123,clinical,0.0,0.0,1806
centroblast,CLEC12A,CLL-1,clinical,0.0,0.0,1806
centroblast,CD7,CD7,ppac,1.883,0.02835,1806
centroblast,TNFRSF4,TNFRSF4,ppac,0.055,0.00074,1806
centroblast,ABCA7,ABCA7,ppac,5.15,0.05803,1806
centroblast,ITGAX,ITGAX,ppac,0.166,0.00207,1806
centrocyte,CD96,CD96,lead,3.512,0.03765,598
centrocyte,CD9,CD9,lead,7.692,0.09129,598
centrocyte,SUCNR1,SUCNR1,lead,0.0,0.0,598
centrocyte,IL1RAP,IL1RAP,lead,0.167,0.00081,598
centrocyte,FLT3,FLT3,control,0.0,0.0,598
centrocyte,CD33,CD33,clinical,0.0,0.0,598
centrocyte,IL3RA,CD123,clinical,0.0,0.0,598
centrocyte,CLEC12A,CLL-1,clinical,0.0,0.0,598
centrocyte,CD7,CD7,ppac,5.518,0.06573,598
centrocyte,TNFRSF4,TNFRSF4,ppac,4.013,0.05325,598
centrocyte,ABCA7,ABCA7,ppac,7.358,0.07955,598
centrocyte,ITGAX,ITGAX,ppac,3.512,0.03855,598
cerebellar granule cell,CD96,CD96,lead,3.047,0.04572,63214
cerebellar granule cell,CD9,CD9,lead,1.101,0.01492,63214
cerebellar granule cell,SUCNR1,SUCNR1,lead,0.003,5e-05,63214
cerebellar granule cell,IL1RAP,IL1RAP,lead,1.084,0.01613,63214
cerebellar granule cell,FLT3,FLT3,control,17.708,0.23885,63214
cerebellar granule cell,CD33,CD33,clinical,0.006,6e-05,63214
cerebellar granule cell,IL3RA,CD123,clinical,17.169,0.24622,63214
cerebellar granule cell,CLEC12A,CLL-1,clinical,1.356,0.02128,63214
cerebellar granule cell,CD7,CD7,ppac,0.013,0.00016,63214
cerebellar granule cell,TNFRSF4,TNFRSF4,ppac,0.008,7e-05,63214
cerebellar granule cell,ABCA7,ABCA7,ppac,4.017,0.05033,63214
cerebellar granule cell,ITGAX,ITGAX,ppac,0.826,0.01123,63214
cerebellar granule cell precursor,CD96,CD96,lead,3.859,0.05205,2410
cerebellar granule cell precursor,CD9,CD9,lead,8.257,0.10862,2410
cerebellar granule cell precursor,SUCNR1,SUCNR1,lead,0.0,0.0,2410
cerebellar granule cell precursor,IL1RAP,IL1RAP,lead,1.328,0.01647,2410
cerebellar granule cell precursor,FLT3,FLT3,control,3.568,0.05032,2410
cerebellar granule cell precursor,CD33,CD33,clinical,0.0,0.0,2410
cerebellar granule cell precursor,IL3RA,CD123,clinical,16.68,0.2552,2410
cerebellar granule cell precursor,CLEC12A,CLL-1,clinical,1.328,0.02172,2410
cerebellar granule cell precursor,CD7,CD7,ppac,0.0,0.0,2410
cerebellar granule cell precursor,TNFRSF4,TNFRSF4,ppac,0.0,0.0,2410
cerebellar granule cell precursor,ABCA7,ABCA7,ppac,1.12,0.0145,2410
cerebellar granule cell precursor,ITGAX,ITGAX,ppac,0.332,0.00526,2410
cerebellar neuron,CD96,CD96,lead,0.331,0.00392,1209
cerebellar neuron,CD9,CD9,lead,3.143,0.03363,1209
cerebellar neuron,SUCNR1,SUCNR1,lead,0.165,0.00189,1209
cerebellar neuron,IL1RAP,IL1RAP,lead,1.572,0.01558,1209
cerebellar neuron,FLT3,FLT3,control,0.496,0.00533,1209
cerebellar neuron,CD33,CD33,clinical,0.083,0.00052,1209
cerebellar neuron,IL3RA,CD123,clinical,0.496,0.00582,1209
cerebellar neuron,CLEC12A,CLL-1,clinical,0.0,0.0,1209
cerebellar neuron,CD7,CD7,ppac,0.0,0.0,1209
cerebellar neuron,TNFRSF4,TNFRSF4,ppac,0.083,0.00092,1209
cerebellar neuron,ABCA7,ABCA7,ppac,3.639,0.0396,1209
cerebellar neuron,ITGAX,ITGAX,ppac,0.0,0.0,1209
cerebellum glutamatergic neuron,CD96,CD96,lead,0.108,0.00143,923
cerebellum glutamatergic neuron,CD9,CD9,lead,0.758,0.01162,923
cerebellum glutamatergic neuron,SUCNR1,SUCNR1,lead,0.0,0.0,923
cerebellum glutamatergic neuron,IL1RAP,IL1RAP,lead,0.758,0.00897,923
cerebellum glutamatergic neuron,FLT3,FLT3,control,0.0,0.0,923
cerebellum glutamatergic neuron,CD33,CD33,clinical,0.0,0.0,923
cerebellum glutamatergic neuron,IL3RA,CD123,clinical,0.108,0.00086,923
cerebellum glutamatergic neuron,CLEC12A,CLL-1,clinical,0.0,0.0,923
cerebellum glutamatergic neuron,CD7,CD7,ppac,0.108,0.00123,923
cerebellum glutamatergic neuron,TNFRSF4,TNFRSF4,ppac,0.0,0.0,923
cerebellum glutamatergic neuron,ABCA7,ABCA7,ppac,1.95,0.02211,923
cerebellum glutamatergic neuron,ITGAX,ITGAX,ppac,0.0,0.0,923
cerebral cortex GABAergic interneuron,CD96,CD96,lead,0.194,0.00303,76218
cerebral cortex GABAergic interneuron,CD9,CD9,lead,0.87,0.01636,76218
cerebral cortex GABAergic interneuron,SUCNR1,SUCNR1,lead,0.005,9e-05,76218
cerebral cortex GABAergic interneuron,IL1RAP,IL1RAP,lead,0.139,0.00206,76218
cerebral cortex GABAergic interneuron,FLT3,FLT3,control,0.016,0.00023,76218
cerebral cortex GABAergic interneuron,CD33,CD33,clinical,0.034,0.00056,76218
cerebral cortex GABAergic interneuron,IL3RA,CD123,clinical,0.186,0.00292,76218
cerebral cortex GABAergic interneuron,CLEC12A,CLL-1,clinical,0.0,0.0,76218
cerebral cortex GABAergic interneuron,CD7,CD7,ppac,0.007,0.0001,76218
cerebral cortex GABAergic interneuron,TNFRSF4,TNFRSF4,ppac,0.03,0.00052,76218
cerebral cortex GABAergic interneuron,ABCA7,ABCA7,ppac,0.062,0.00097,76218
cerebral cortex GABAergic interneuron,ITGAX,ITGAX,ppac,0.009,0.00016,76218
cerebral cortex endothelial cell,CD96,CD96,lead,1.454,0.01506,3851
cerebral cortex endothelial cell,CD9,CD9,lead,29.083,0.39097,3851
cerebral cortex endothelial cell,SUCNR1,SUCNR1,lead,0.026,0.00018,3851
cerebral cortex endothelial cell,IL1RAP,IL1RAP,lead,11.27,0.12086,3851
cerebral cortex endothelial cell,FLT3,FLT3,control,1.376,0.01228,3851
cerebral cortex endothelial cell,CD33,CD33,clinical,0.26,0.00231,3851
cerebral cortex endothelial cell,IL3RA,CD123,clinical,28.876,0.32615,3851
cerebral cortex endothelial cell,CLEC12A,CLL-1,clinical,0.364,0.00339,3851
cerebral cortex endothelial cell,CD7,CD7,ppac,0.234,0.00172,3851
cerebral cortex endothelial cell,TNFRSF4,TNFRSF4,ppac,4.388,0.04271,3851
cerebral cortex endothelial cell,ABCA7,ABCA7,ppac,4.674,0.04318,3851
cerebral cortex endothelial cell,ITGAX,ITGAX,ppac,0.727,0.00631,3851
cerebral cortex neuron,CD96,CD96,lead,0.207,0.00187,14971
cerebral cortex neuron,CD9,CD9,lead,1.176,0.01007,14971
cerebral cortex neuron,SUCNR1,SUCNR1,lead,0.0,0.0,14971
cerebral cortex neuron,IL1RAP,IL1RAP,lead,0.22,0.00182,14971
cerebral cortex neuron,FLT3,FLT3,control,0.08,0.00061,14971
cerebral cortex neuron,CD33,CD33,clinical,0.073,0.00065,14971
cerebral cortex neuron,IL3RA,CD123,clinical,0.327,0.00285,14971
cerebral cortex neuron,CLEC12A,CLL-1,clinical,0.0,0.0,14971
cerebral cortex neuron,CD7,CD7,ppac,0.027,0.0002,14971
cerebral cortex neuron,TNFRSF4,TNFRSF4,ppac,0.027,0.00017,14971
cerebral cortex neuron,ABCA7,ABCA7,ppac,1.91,0.01615,14971
cerebral cortex neuron,ITGAX,ITGAX,ppac,0.0,0.0,14971
cerebral cortex pyramidal neuron,CD96,CD96,lead,0.168,0.00192,161383
cerebral cortex pyramidal neuron,CD9,CD9,lead,2.697,0.03703,161383
cerebral cortex pyramidal neuron,SUCNR1,SUCNR1,lead,0.012,0.00014,161383
cerebral cortex pyramidal neuron,IL1RAP,IL1RAP,lead,0.477,0.00517,161383
cerebral cortex pyramidal neuron,FLT3,FLT3,control,0.08,0.00076,161383
cerebral cortex pyramidal neuron,CD33,CD33,clinical,0.206,0.00234,161383
cerebral cortex pyramidal neuron,IL3RA,CD123,clinical,0.889,0.00886,161383
cerebral cortex pyramidal neuron,CLEC12A,CLL-1,clinical,0.001,0.0,161383
cerebral cortex pyramidal neuron,CD7,CD7,ppac,0.034,0.00043,161383
cerebral cortex pyramidal neuron,TNFRSF4,TNFRSF4,ppac,0.022,0.00027,161383
cerebral cortex pyramidal neuron,ABCA7,ABCA7,ppac,1.78,0.01974,161383
cerebral cortex pyramidal neuron,ITGAX,ITGAX,ppac,0.07,0.00078,161383
chandelier pvalb GABAergic cortical interneuron,CD96,CD96,lead,2.239,0.01438,24385
chandelier pvalb GABAergic cortical interneuron,CD9,CD9,lead,1.357,0.00767,24385
chandelier pvalb GABAergic cortical interneuron,SUCNR1,SUCNR1,lead,0.0,0.0,24385
chandelier pvalb GABAergic cortical interneuron,IL1RAP,IL1RAP,lead,18.905,0.10882,24385
chandelier pvalb GABAergic cortical interneuron,FLT3,FLT3,control,4.568,0.0249,24385
chandelier pvalb GABAergic cortical interneuron,CD33,CD33,clinical,0.316,0.0014,24385
chandelier pvalb GABAergic cortical interneuron,IL3RA,CD123,clinical,33.816,0.19798,24385
chandelier pvalb GABAergic cortical interneuron,CLEC12A,CLL-1,clinical,0.496,0.00223,24385
chandelier pvalb GABAergic cortical interneuron,CD7,CD7,ppac,0.008,6e-05,24385
chandelier pvalb GABAergic cortical interneuron,TNFRSF4,TNFRSF4,ppac,0.385,0.00191,24385
chandelier pvalb GABAergic cortical interneuron,ABCA7,ABCA7,ppac,16.379,0.08407,24385
chandelier pvalb GABAergic cortical interneuron,ITGAX,ITGAX,ppac,0.398,0.00197,24385
cholangiocyte,CD96,CD96,lead,1.712,0.01925,4089
cholangiocyte,CD9,CD9,lead,24.627,0.30518,4089
cholangiocyte,SUCNR1,SUCNR1,lead,0.66,0.00629,4089
cholangiocyte,IL1RAP,IL1RAP,lead,47.567,0.72899,4089
cholangiocyte,FLT3,FLT3,control,1.101,0.01078,4089
cholangiocyte,CD33,CD33,clinical,0.293,0.00244,4089
cholangiocyte,IL3RA,CD123,clinical,5.136,0.0593,4089
cholangiocyte,CLEC12A,CLL-1,clinical,0.587,0.00537,4089
cholangiocyte,CD7,CD7,ppac,2.25,0.03309,4089
cholangiocyte,TNFRSF4,TNFRSF4,ppac,0.367,0.00249,4089
cholangiocyte,ABCA7,ABCA7,ppac,2.201,0.02288,4089
cholangiocyte,ITGAX,ITGAX,ppac,0.831,0.00915,4089
chondroblast,CD96,CD96,lead,0.238,0.00158,3356
chondroblast,CD9,CD9,lead,19.964,0.26655,3356
chondroblast,SUCNR1,SUCNR1,lead,0.0,0.0,3356
chondroblast,IL1RAP,IL1RAP,lead,5.84,0.0525,3356
chondroblast,FLT3,FLT3,control,0.0,0.0,3356
chondroblast,CD33,CD33,clinical,0.149,0.00137,3356
chondroblast,IL3RA,CD123,clinical,0.447,0.00363,3356
chondroblast,CLEC12A,CLL-1,clinical,0.06,0.00096,3356
chondroblast,CD7,CD7,ppac,0.507,0.00464,3356
chondroblast,TNFRSF4,TNFRSF4,ppac,0.417,0.00353,3356
chondroblast,ABCA7,ABCA7,ppac,0.834,0.00346,3356
chondroblast,ITGAX,ITGAX,ppac,0.0,0.0,3356
chondrocyte,CD96,CD96,lead,0.603,0.00853,23372
chondrocyte,CD9,CD9,lead,16.195,0.20424,23372
chondrocyte,SUCNR1,SUCNR1,lead,0.026,0.00033,23372
chondrocyte,IL1RAP,IL1RAP,lead,4.886,0.06171,23372
chondrocyte,FLT3,FLT3,control,7.081,0.10316,23372
chondrocyte,CD33,CD33,clinical,0.214,0.00237,23372
chondrocyte,IL3RA,CD123,clinical,4.309,0.06507,23372
chondrocyte,CLEC12A,CLL-1,clinical,0.552,0.00627,23372
chondrocyte,CD7,CD7,ppac,2.619,0.02533,23372
chondrocyte,TNFRSF4,TNFRSF4,ppac,1.378,0.01387,23372
chondrocyte,ABCA7,ABCA7,ppac,0.847,0.0099,23372
chondrocyte,ITGAX,ITGAX,ppac,0.141,0.0018,23372
choroid plexus epithelial cell,CD96,CD96,lead,1.282,0.0106,36889
choroid plexus epithelial cell,CD9,CD9,lead,38.188,0.35005,36889
choroid plexus epithelial cell,SUCNR1,SUCNR1,lead,0.027,0.00016,36889
choroid plexus epithelial cell,IL1RAP,IL1RAP,lead,7.994,0.04832,36889
choroid plexus epithelial cell,FLT3,FLT3,control,0.274,0.00159,36889
choroid plexus epithelial cell,CD33,CD33,clinical,0.114,0.00075,36889
choroid plexus epithelial cell,IL3RA,CD123,clinical,7.626,0.04318,36889
choroid plexus epithelial cell,CLEC12A,CLL-1,clinical,0.035,0.00018,36889
choroid plexus epithelial cell,CD7,CD7,ppac,1.83,0.01227,36889
choroid plexus epithelial cell,TNFRSF4,TNFRSF4,ppac,0.092,0.0005,36889
choroid plexus epithelial cell,ABCA7,ABCA7,ppac,15.65,0.09288,36889
choroid plexus epithelial cell,ITGAX,ITGAX,ppac,0.184,0.00109,36889
ciliary muscle cell,CD96,CD96,lead,0.919,0.01107,239140
ciliary muscle cell,CD9,CD9,lead,21.747,0.27847,239140
ciliary muscle cell,SUCNR1,SUCNR1,lead,0.014,0.00016,239140
ciliary muscle cell,IL1RAP,IL1RAP,lead,3.034,0.03691,239140
ciliary muscle cell,FLT3,FLT3,control,0.385,0.00408,239140
ciliary muscle cell,CD33,CD33,clinical,0.067,0.00079,239140
ciliary muscle cell,IL3RA,CD123,clinical,12.718,0.14718,239140
ciliary muscle cell,CLEC12A,CLL-1,clinical,0.175,0.00187,239140
ciliary muscle cell,CD7,CD7,ppac,0.36,0.00489,239140
ciliary muscle cell,TNFRSF4,TNFRSF4,ppac,0.037,0.00037,239140
ciliary muscle cell,ABCA7,ABCA7,ppac,4.392,0.05124,239140
ciliary muscle cell,ITGAX,ITGAX,ppac,0.37,0.00464,239140
ciliated cell,CD96,CD96,lead,0.664,0.00642,53168
ciliated cell,CD9,CD9,lead,67.612,1.27581,53168
ciliated cell,SUCNR1,SUCNR1,lead,0.039,0.00047,53168
ciliated cell,IL1RAP,IL1RAP,lead,3.31,0.02934,53168
ciliated cell,FLT3,FLT3,control,0.197,0.00183,53168
ciliated cell,CD33,CD33,clinical,0.173,0.0017,53168
ciliated cell,IL3RA,CD123,clinical,2.404,0.02614,53168
ciliated cell,CLEC12A,CLL-1,clinical,0.307,0.0035,53168
ciliated cell,CD7,CD7,ppac,1.113,0.00984,53168
ciliated cell,TNFRSF4,TNFRSF4,ppac,0.152,0.00145,53168
ciliated cell,ABCA7,ABCA7,ppac,15.146,0.15757,53168
ciliated cell,ITGAX,ITGAX,ppac,0.376,0.00458,53168
ciliated epithelial cell,CD96,CD96,lead,2.502,0.01789,16705
ciliated epithelial cell,CD9,CD9,lead,63.556,1.03756,16705
ciliated epithelial cell,SUCNR1,SUCNR1,lead,0.042,0.00019,16705
ciliated epithelial cell,IL1RAP,IL1RAP,lead,6.531,0.04041,16705
ciliated epithelial cell,FLT3,FLT3,control,0.156,0.00082,16705
ciliated epithelial cell,CD33,CD33,clinical,0.275,0.00221,16705
ciliated epithelial cell,IL3RA,CD123,clinical,3.634,0.02453,16705
ciliated epithelial cell,CLEC12A,CLL-1,clinical,0.15,0.00113,16705
ciliated epithelial cell,CD7,CD7,ppac,1.814,0.01481,16705
ciliated epithelial cell,TNFRSF4,TNFRSF4,ppac,0.539,0.00374,16705
ciliated epithelial cell,ABCA7,ABCA7,ppac,7.8,0.05468,16705
ciliated epithelial cell,ITGAX,ITGAX,ppac,0.479,0.00368,16705
colon epithelial cell,CD96,CD96,lead,0.778,0.00464,30335
colon epithelial cell,CD9,CD9,lead,88.914,1.84991,30335
colon epithelial cell,SUCNR1,SUCNR1,lead,0.016,5e-05,30335
colon epithelial cell,IL1RAP,IL1RAP,lead,14.34,0.07557,30335
colon epithelial cell,FLT3,FLT3,control,0.03,0.00024,30335
colon epithelial cell,CD33,CD33,clinical,0.063,0.00021,30335
colon epithelial cell,IL3RA,CD123,clinical,0.837,0.0055,30335
colon epithelial cell,CLEC12A,CLL-1,clinical,0.053,0.00029,30335
colon epithelial cell,CD7,CD7,ppac,9.468,0.06061,30335
colon epithelial cell,TNFRSF4,TNFRSF4,ppac,0.142,0.00092,30335
colon epithelial cell,ABCA7,ABCA7,ppac,15.391,0.08322,30335
colon epithelial cell,ITGAX,ITGAX,ppac,0.026,0.00019,30335
colonocyte,CD96,CD96,lead,0.297,0.00237,36042
colonocyte,CD9,CD9,lead,61.8,1.00088,36042
colonocyte,SUCNR1,SUCNR1,lead,0.408,0.00263,36042
colonocyte,IL1RAP,IL1RAP,lead,2.91,0.01731,36042
colonocyte,FLT3,FLT3,control,0.019,0.00013,36042
colonocyte,CD33,CD33,clinical,0.092,0.00063,36042
colonocyte,IL3RA,CD123,clinical,0.974,0.00706,36042
colonocyte,CLEC12A,CLL-1,clinical,0.019,0.00012,36042
colonocyte,CD7,CD7,ppac,4.137,0.0307,36042
colonocyte,TNFRSF4,TNFRSF4,ppac,0.117,0.00087,36042
colonocyte,ABCA7,ABCA7,ppac,2.245,0.01872,36042
colonocyte,ITGAX,ITGAX,ppac,0.028,0.00023,36042
committed oligodendrocyte precursor,CD96,CD96,lead,4.786,0.06454,2382
committed oligodendrocyte precursor,CD9,CD9,lead,30.395,0.46259,2382
committed oligodendrocyte precursor,SUCNR1,SUCNR1,lead,0.0,0.0,2382
committed oligodendrocyte precursor,IL1RAP,IL1RAP,lead,22.124,0.34071,2382
committed oligodendrocyte precursor,FLT3,FLT3,control,3.359,0.03567,2382
committed oligodendrocyte precursor,CD33,CD33,clinical,0.042,0.00086,2382
committed oligodendrocyte precursor,IL3RA,CD123,clinical,6.759,0.07641,2382
committed oligodendrocyte precursor,CLEC12A,CLL-1,clinical,1.05,0.01358,2382
committed oligodendrocyte precursor,CD7,CD7,ppac,0.0,0.0,2382
committed oligodendrocyte precursor,TNFRSF4,TNFRSF4,ppac,0.042,0.0005,2382
committed oligodendrocyte precursor,ABCA7,ABCA7,ppac,1.343,0.01375,2382
committed oligodendrocyte precursor,ITGAX,ITGAX,ppac,0.21,0.00243,2382
cone retinal bipolar cell,CD96,CD96,lead,0.167,0.00251,9562
cone retinal bipolar cell,CD9,CD9,lead,2.719,0.0478,9562
cone retinal bipolar cell,SUCNR1,SUCNR1,lead,0.021,0.00027,9562
cone retinal bipolar cell,IL1RAP,IL1RAP,lead,1.579,0.02463,9562
cone retinal bipolar cell,FLT3,FLT3,control,0.021,0.00034,9562
cone retinal bipolar cell,CD33,CD33,clinical,0.042,0.00056,9562
cone retinal bipolar cell,IL3RA,CD123,clinical,0.418,0.00657,9562
cone retinal bipolar cell,CLEC12A,CLL-1,clinical,0.0,0.0,9562
cone retinal bipolar cell,CD7,CD7,ppac,0.052,0.00104,9562
cone retinal bipolar cell,TNFRSF4,TNFRSF4,ppac,0.052,0.00077,9562
cone retinal bipolar cell,ABCA7,ABCA7,ppac,19.808,0.3586,9562
cone retinal bipolar cell,ITGAX,ITGAX,ppac,0.01,0.00015,9562
conjunctival epithelial cell,CD96,CD96,lead,1.849,0.01214,37961
conjunctival epithelial cell,CD9,CD9,lead,95.156,2.18192,37961
conjunctival epithelial cell,SUCNR1,SUCNR1,lead,0.074,0.00049,37961
conjunctival epithelial cell,IL1RAP,IL1RAP,lead,25.855,0.18771,37961
conjunctival epithelial cell,FLT3,FLT3,control,0.461,0.00246,37961
conjunctival epithelial cell,CD33,CD33,clinical,0.087,0.00042,37961
conjunctival epithelial cell,IL3RA,CD123,clinical,6.522,0.03598,37961
conjunctival epithelial cell,CLEC12A,CLL-1,clinical,0.819,0.00519,37961
conjunctival epithelial cell,CD7,CD7,ppac,2.466,0.0132,37961
conjunctival epithelial cell,TNFRSF4,TNFRSF4,ppac,0.184,0.00091,37961
conjunctival epithelial cell,ABCA7,ABCA7,ppac,18.469,0.1183,37961
conjunctival epithelial cell,ITGAX,ITGAX,ppac,0.403,0.00325,37961
connective tissue cell,CD96,CD96,lead,0.432,0.00465,1389
connective tissue cell,CD9,CD9,lead,29.302,0.34506,1389
connective tissue cell,SUCNR1,SUCNR1,lead,0.0,0.0,1389
connective tissue cell,IL1RAP,IL1RAP,lead,26.566,0.26485,1389
connective tissue cell,FLT3,FLT3,control,0.0,0.0,1389
connective tissue cell,CD33,CD33,clinical,0.288,0.00249,1389
connective tissue cell,IL3RA,CD123,clinical,0.072,0.0004,1389
connective tissue cell,CLEC12A,CLL-1,clinical,0.072,0.00042,1389
connective tissue cell,CD7,CD7,ppac,0.216,0.00232,1389
connective tissue cell,TNFRSF4,TNFRSF4,ppac,1.296,0.01189,1389
connective tissue cell,ABCA7,ABCA7,ppac,0.432,0.00243,1389
connective tissue cell,ITGAX,ITGAX,ppac,0.144,0.00069,1389
contractile cell,CD96,CD96,lead,1.103,0.02544,5078
contractile cell,CD9,CD9,lead,14.691,0.3612,5078
contractile cell,SUCNR1,SUCNR1,lead,0.059,0.00171,5078
contractile cell,IL1RAP,IL1RAP,lead,1.595,0.03574,5078
contractile cell,FLT3,FLT3,control,1.575,0.03607,5078
contractile cell,CD33,CD33,clinical,0.177,0.00338,5078
contractile cell,IL3RA,CD123,clinical,5.199,0.12284,5078
contractile cell,CLEC12A,CLL-1,clinical,0.689,0.01593,5078
contractile cell,CD7,CD7,ppac,0.059,0.00118,5078
contractile cell,TNFRSF4,TNFRSF4,ppac,0.118,0.00258,5078
contractile cell,ABCA7,ABCA7,ppac,0.847,0.01896,5078
contractile cell,ITGAX,ITGAX,ppac,0.236,0.00552,5078
corneal endothelial cell,CD96,CD96,lead,3.072,0.03851,18980
corneal endothelial cell,CD9,CD9,lead,16.749,0.20428,18980
corneal endothelial cell,SUCNR1,SUCNR1,lead,0.0,0.0,18980
corneal endothelial cell,IL1RAP,IL1RAP,lead,5.527,0.05817,18980
corneal endothelial cell,FLT3,FLT3,control,0.659,0.00613,18980
corneal endothelial cell,CD33,CD33,clinical,0.042,0.00036,18980
corneal endothelial cell,IL3RA,CD123,clinical,22.666,0.26859,18980
corneal endothelial cell,CLEC12A,CLL-1,clinical,0.49,0.00411,18980
corneal endothelial cell,CD7,CD7,ppac,0.074,0.00057,18980
corneal endothelial cell,TNFRSF4,TNFRSF4,ppac,0.074,0.0007,18980
corneal endothelial cell,ABCA7,ABCA7,ppac,19.463,0.22587,18980
corneal endothelial cell,ITGAX,ITGAX,ppac,0.221,0.00224,18980
corneal epithelial cell,CD96,CD96,lead,3.008,0.02485,28694
corneal epithelial cell,CD9,CD9,lead,69.785,1.10302,28694
corneal epithelial cell,SUCNR1,SUCNR1,lead,0.003,2e-05,28694
corneal epithelial cell,IL1RAP,IL1RAP,lead,14.073,0.12056,28694
corneal epithelial cell,FLT3,FLT3,control,0.951,0.00705,28694
corneal epithelial cell,CD33,CD33,clinical,0.077,0.00057,28694
corneal epithelial cell,IL3RA,CD123,clinical,10.263,0.09087,28694
corneal epithelial cell,CLEC12A,CLL-1,clinical,12.971,0.13015,28694
corneal epithelial cell,CD7,CD7,ppac,0.112,0.0006,28694
corneal epithelial cell,TNFRSF4,TNFRSF4,ppac,0.035,0.00025,28694
corneal epithelial cell,ABCA7,ABCA7,ppac,16.965,0.16063,28694
corneal epithelial cell,ITGAX,ITGAX,ppac,0.216,0.00139,28694
cortical interneuron,CD96,CD96,lead,2.325,0.02486,20470
cortical interneuron,CD9,CD9,lead,4.7,0.05301,20470
cortical interneuron,SUCNR1,SUCNR1,lead,0.034,0.00023,20470
cortical interneuron,IL1RAP,IL1RAP,lead,15.227,0.17446,20470
cortical interneuron,FLT3,FLT3,control,9.13,0.09141,20470
cortical interneuron,CD33,CD33,clinical,0.049,0.00031,20470
cortical interneuron,IL3RA,CD123,clinical,0.0,0.0,20470
cortical interneuron,CLEC12A,CLL-1,clinical,1.255,0.01147,20470
cortical interneuron,CD7,CD7,ppac,0.054,0.00049,20470
cortical interneuron,TNFRSF4,TNFRSF4,ppac,0.103,0.00095,20470
cortical interneuron,ABCA7,ABCA7,ppac,4.367,0.03622,20470
cortical interneuron,ITGAX,ITGAX,ppac,0.415,0.00359,20470
cortical thymic epithelial cell,CD96,CD96,lead,3.795,0.02465,18286
cortical thymic epithelial cell,CD9,CD9,lead,48.797,0.55597,18286
cortical thymic epithelial cell,SUCNR1,SUCNR1,lead,0.016,8e-05,18286
cortical thymic epithelial cell,IL1RAP,IL1RAP,lead,5.08,0.03035,18286
cortical thymic epithelial cell,FLT3,FLT3,control,0.027,0.00019,18286
cortical thymic epithelial cell,CD33,CD33,clinical,0.164,0.00101,18286
cortical thymic epithelial cell,IL3RA,CD123,clinical,0.968,0.00697,18286
cortical thymic epithelial cell,CLEC12A,CLL-1,clinical,0.027,0.00011,18286
cortical thymic epithelial cell,CD7,CD7,ppac,6.584,0.04164,18286
cortical thymic epithelial cell,TNFRSF4,TNFRSF4,ppac,3.09,0.02386,18286
cortical thymic epithelial cell,ABCA7,ABCA7,ppac,3.626,0.02036,18286
cortical thymic epithelial cell,ITGAX,ITGAX,ppac,0.055,0.00026,18286
corticomedullary thymic epithelial cell,CD96,CD96,lead,1.936,0.01781,5888
corticomedullary thymic epithelial cell,CD9,CD9,lead,47.045,0.72029,5888
corticomedullary thymic epithelial cell,SUCNR1,SUCNR1,lead,0.0,0.0,5888
corticomedullary thymic epithelial cell,IL1RAP,IL1RAP,lead,8.033,0.06956,5888
corticomedullary thymic epithelial cell,FLT3,FLT3,control,0.034,0.00015,5888
corticomedullary thymic epithelial cell,CD33,CD33,clinical,0.085,0.00087,5888
corticomedullary thymic epithelial cell,IL3RA,CD123,clinical,1.104,0.01363,5888
corticomedullary thymic epithelial cell,CLEC12A,CLL-1,clinical,0.017,0.00012,5888
corticomedullary thymic epithelial cell,CD7,CD7,ppac,0.543,0.00649,5888
corticomedullary thymic epithelial cell,TNFRSF4,TNFRSF4,ppac,0.442,0.00521,5888
corticomedullary thymic epithelial cell,ABCA7,ABCA7,ppac,0.662,0.00549,5888
corticomedullary thymic epithelial cell,ITGAX,ITGAX,ppac,0.017,0.00022,5888
corticothalamic-projecting glutamatergic cortical neuron,CD96,CD96,lead,3.123,0.01226,68306
corticothalamic-projecting glutamatergic cortical neuron,CD9,CD9,lead,1.479,0.00525,68306
corticothalamic-projecting glutamatergic cortical neuron,SUCNR1,SUCNR1,lead,0.053,0.00017,68306
corticothalamic-projecting glutamatergic cortical neuron,IL1RAP,IL1RAP,lead,42.184,0.23879,68306
corticothalamic-projecting glutamatergic cortical neuron,FLT3,FLT3,control,16.754,0.07368,68306
corticothalamic-projecting glutamatergic cortical neuron,CD33,CD33,clinical,0.492,0.00138,68306
corticothalamic-projecting glutamatergic cortical neuron,IL3RA,CD123,clinical,26.652,0.10244,68306
corticothalamic-projecting glutamatergic cortical neuron,CLEC12A,CLL-1,clinical,1.31,0.00382,68306
corticothalamic-projecting glutamatergic cortical neuron,CD7,CD7,ppac,0.072,0.0002,68306
corticothalamic-projecting glutamatergic cortical neuron,TNFRSF4,TNFRSF4,ppac,1.083,0.00334,68306
corticothalamic-projecting glutamatergic cortical neuron,ABCA7,ABCA7,ppac,30.517,0.11067,68306
corticothalamic-projecting glutamatergic cortical neuron,ITGAX,ITGAX,ppac,0.644,0.00203,68306
cycling pulmonary alveolar type 2 cell,CD96,CD96,lead,0.813,0.00471,1968
cycling pulmonary alveolar type 2 cell,CD9,CD9,lead,94.868,1.19601,1968
cycling pulmonary alveolar type 2 cell,SUCNR1,SUCNR1,lead,0.0,0.0,1968
cycling pulmonary alveolar type 2 cell,IL1RAP,IL1RAP,lead,10.569,0.04864,1968
cycling pulmonary alveolar type 2 cell,FLT3,FLT3,control,0.0,0.0,1968
cycling pulmonary alveolar type 2 cell,CD33,CD33,clinical,0.0,0.0,1968
cycling pulmonary alveolar type 2 cell,IL3RA,CD123,clinical,0.0,0.0,1968
cycling pulmonary alveolar type 2 cell,CLEC12A,CLL-1,clinical,0.0,0.0,1968
cycling pulmonary alveolar type 2 cell,CD7,CD7,ppac,0.0,0.0,1968
cycling pulmonary alveolar type 2 cell,TNFRSF4,TNFRSF4,ppac,0.051,0.00021,1968
cycling pulmonary alveolar type 2 cell,ABCA7,ABCA7,ppac,13.669,0.06692,1968
cycling pulmonary alveolar type 2 cell,ITGAX,ITGAX,ppac,0.0,0.0,1968
decidual cell,CD96,CD96,lead,0.808,0.00559,20289
decidual cell,CD9,CD9,lead,15.013,0.1853,20289
decidual cell,SUCNR1,SUCNR1,lead,0.02,0.00015,20289
decidual cell,IL1RAP,IL1RAP,lead,3.366,0.02022,20289
decidual cell,FLT3,FLT3,control,0.025,0.00011,20289
decidual cell,CD33,CD33,clinical,0.104,0.00066,20289
decidual cell,IL3RA,CD123,clinical,0.867,0.00593,20289
decidual cell,CLEC12A,CLL-1,clinical,0.192,0.00128,20289
decidual cell,CD7,CD7,ppac,2.317,0.0181,20289
decidual cell,TNFRSF4,TNFRSF4,ppac,3.416,0.02402,20289
decidual cell,ABCA7,ABCA7,ppac,0.946,0.00539,20289
decidual cell,ITGAX,ITGAX,ppac,0.858,0.00618,20289
deuterosomal cell,CD96,CD96,lead,0.776,0.00608,902
deuterosomal cell,CD9,CD9,lead,76.829,1.27266,902
deuterosomal cell,SUCNR1,SUCNR1,lead,0.333,0.00145,902
deuterosomal cell,IL1RAP,IL1RAP,lead,8.647,0.04205,902
deuterosomal cell,FLT3,FLT3,control,0.554,0.00525,902
deuterosomal cell,CD33,CD33,clinical,0.222,0.00185,902
deuterosomal cell,IL3RA,CD123,clinical,1.441,0.00805,902
deuterosomal cell,CLEC12A,CLL-1,clinical,0.333,0.0029,902
deuterosomal cell,CD7,CD7,ppac,1.22,0.00967,902
deuterosomal cell,TNFRSF4,TNFRSF4,ppac,0.554,0.00228,902
deuterosomal cell,ABCA7,ABCA7,ppac,25.277,0.14693,902
deuterosomal cell,ITGAX,ITGAX,ppac,0.665,0.00413,902
diffuse bipolar 1 cell,CD96,CD96,lead,0.174,0.00229,49461
diffuse bipolar 1 cell,CD9,CD9,lead,1.759,0.02348,49461
diffuse bipolar 1 cell,SUCNR1,SUCNR1,lead,0.002,2e-05,49461
diffuse bipolar 1 cell,IL1RAP,IL1RAP,lead,0.962,0.01276,49461
diffuse bipolar 1 cell,FLT3,FLT3,control,0.309,0.00409,49461
diffuse bipolar 1 cell,CD33,CD33,clinical,0.006,7e-05,49461
diffuse bipolar 1 cell,IL3RA,CD123,clinical,36.439,0.54651,49461
diffuse bipolar 1 cell,CLEC12A,CLL-1,clinical,0.034,0.00044,49461
diffuse bipolar 1 cell,CD7,CD7,ppac,0.008,9e-05,49461
diffuse bipolar 1 cell,TNFRSF4,TNFRSF4,ppac,0.055,0.00073,49461
diffuse bipolar 1 cell,ABCA7,ABCA7,ppac,32.783,0.47796,49461
diffuse bipolar 1 cell,ITGAX,ITGAX,ppac,0.059,0.0008,49461
diffuse bipolar 2 cell,CD96,CD96,lead,0.2,0.00237,66937
diffuse bipolar 2 cell,CD9,CD9,lead,2.157,0.02645,66937
diffuse bipolar 2 cell,SUCNR1,SUCNR1,lead,0.0,0.0,66937
diffuse bipolar 2 cell,IL1RAP,IL1RAP,lead,1.159,0.01394,66937
diffuse bipolar 2 cell,FLT3,FLT3,control,0.303,0.00356,66937
diffuse bipolar 2 cell,CD33,CD33,clinical,0.013,0.00015,66937
diffuse bipolar 2 cell,IL3RA,CD123,clinical,42.713,0.61328,66937
diffuse bipolar 2 cell,CLEC12A,CLL-1,clinical,0.039,0.00043,66937
diffuse bipolar 2 cell,CD7,CD7,ppac,0.012,0.00016,66937
diffuse bipolar 2 cell,TNFRSF4,TNFRSF4,ppac,0.037,0.00046,66937
diffuse bipolar 2 cell,ABCA7,ABCA7,ppac,52.272,0.77754,66937
diffuse bipolar 2 cell,ITGAX,ITGAX,ppac,0.043,0.00053,66937
diffuse bipolar 3a cell,CD96,CD96,lead,0.183,0.0021,21350
diffuse bipolar 3a cell,CD9,CD9,lead,2.848,0.03312,21350
diffuse bipolar 3a cell,SUCNR1,SUCNR1,lead,0.0,0.0,21350
diffuse bipolar 3a cell,IL1RAP,IL1RAP,lead,1.171,0.01294,21350
diffuse bipolar 3a cell,FLT3,FLT3,control,0.281,0.00319,21350
diffuse bipolar 3a cell,CD33,CD33,clinical,0.009,9e-05,21350
diffuse bipolar 3a cell,IL3RA,CD123,clinical,45.756,0.62413,21350
diffuse bipolar 3a cell,CLEC12A,CLL-1,clinical,0.047,0.00048,21350
diffuse bipolar 3a cell,CD7,CD7,ppac,0.019,0.0002,21350
diffuse bipolar 3a cell,TNFRSF4,TNFRSF4,ppac,0.052,0.00055,21350
diffuse bipolar 3a cell,ABCA7,ABCA7,ppac,49.934,0.69363,21350
diffuse bipolar 3a cell,ITGAX,ITGAX,ppac,0.033,0.0004,21350
diffuse bipolar 4 cell,CD96,CD96,lead,0.301,0.00383,45250
diffuse bipolar 4 cell,CD9,CD9,lead,2.144,0.02632,45250
diffuse bipolar 4 cell,SUCNR1,SUCNR1,lead,0.002,2e-05,45250
diffuse bipolar 4 cell,IL1RAP,IL1RAP,lead,8.546,0.1057,45250
diffuse bipolar 4 cell,FLT3,FLT3,control,0.272,0.00318,45250
diffuse bipolar 4 cell,CD33,CD33,clinical,0.011,0.00012,45250
diffuse bipolar 4 cell,IL3RA,CD123,clinical,48.564,0.70491,45250
diffuse bipolar 4 cell,CLEC12A,CLL-1,clinical,0.051,0.00057,45250
diffuse bipolar 4 cell,CD7,CD7,ppac,0.011,0.00012,45250
diffuse bipolar 4 cell,TNFRSF4,TNFRSF4,ppac,0.049,0.00056,45250
diffuse bipolar 4 cell,ABCA7,ABCA7,ppac,57.571,0.87116,45250
diffuse bipolar 4 cell,ITGAX,ITGAX,ppac,0.031,0.00034,45250
diffuse bipolar 4a cell,CD96,CD96,lead,0.223,0.00215,1346
diffuse bipolar 4a cell,CD9,CD9,lead,4.681,0.05424,1346
diffuse bipolar 4a cell,SUCNR1,SUCNR1,lead,0.0,0.0,1346
diffuse bipolar 4a cell,IL1RAP,IL1RAP,lead,12.407,0.14739,1346
diffuse bipolar 4a cell,FLT3,FLT3,control,0.223,0.00245,1346
diffuse bipolar 4a cell,CD33,CD33,clinical,0.0,0.0,1346
diffuse bipolar 4a cell,IL3RA,CD123,clinical,40.045,0.52471,1346
diffuse bipolar 4a cell,CLEC12A,CLL-1,clinical,0.149,0.00173,1346
diffuse bipolar 4a cell,CD7,CD7,ppac,0.0,0.0,1346
diffuse bipolar 4a cell,TNFRSF4,TNFRSF4,ppac,0.074,0.00117,1346
diffuse bipolar 4a cell,ABCA7,ABCA7,ppac,65.602,1.03892,1346
diffuse bipolar 4a cell,ITGAX,ITGAX,ppac,0.52,0.00471,1346
diffuse bipolar 5 cell,CD96,CD96,lead,0.612,0.0081,1307
diffuse bipolar 5 cell,CD9,CD9,lead,6.733,0.08003,1307
diffuse bipolar 5 cell,SUCNR1,SUCNR1,lead,0.0,0.0,1307
diffuse bipolar 5 cell,IL1RAP,IL1RAP,lead,5.126,0.06104,1307
diffuse bipolar 5 cell,FLT3,FLT3,control,0.306,0.0027,1307
diffuse bipolar 5 cell,CD33,CD33,clinical,0.0,0.0,1307
diffuse bipolar 5 cell,IL3RA,CD123,clinical,31.523,0.40517,1307
diffuse bipolar 5 cell,CLEC12A,CLL-1,clinical,0.077,0.00057,1307
diffuse bipolar 5 cell,CD7,CD7,ppac,0.0,0.0,1307
diffuse bipolar 5 cell,TNFRSF4,TNFRSF4,ppac,0.0,0.0,1307
diffuse bipolar 5 cell,ABCA7,ABCA7,ppac,62.28,0.95771,1307
diffuse bipolar 5 cell,ITGAX,ITGAX,ppac,0.383,0.00297,1307
diffuse bipolar 6 cell,CD96,CD96,lead,0.189,0.00239,18527
diffuse bipolar 6 cell,CD9,CD9,lead,1.571,0.0214,18527
diffuse bipolar 6 cell,SUCNR1,SUCNR1,lead,0.0,0.0,18527
diffuse bipolar 6 cell,IL1RAP,IL1RAP,lead,0.75,0.00892,18527
diffuse bipolar 6 cell,FLT3,FLT3,control,0.297,0.0038,18527
diffuse bipolar 6 cell,CD33,CD33,clinical,0.0,0.0,18527
diffuse bipolar 6 cell,IL3RA,CD123,clinical,34.765,0.51928,18527
diffuse bipolar 6 cell,CLEC12A,CLL-1,clinical,0.011,8e-05,18527
diffuse bipolar 6 cell,CD7,CD7,ppac,0.016,0.00024,18527
diffuse bipolar 6 cell,TNFRSF4,TNFRSF4,ppac,0.049,0.0006,18527
diffuse bipolar 6 cell,ABCA7,ABCA7,ppac,44.373,0.6828,18527
diffuse bipolar 6 cell,ITGAX,ITGAX,ppac,0.038,0.00049,18527
direct pathway medium spiny neuron,CD96,CD96,lead,8.236,0.02286,7989
direct pathway medium spiny neuron,CD9,CD9,lead,0.713,0.00184,7989
direct pathway medium spiny neuron,SUCNR1,SUCNR1,lead,0.1,0.0002,7989
direct pathway medium spiny neuron,IL1RAP,IL1RAP,lead,32.945,0.13815,7989
direct pathway medium spiny neuron,FLT3,FLT3,control,13.343,0.04156,7989
direct pathway medium spiny neuron,CD33,CD33,clinical,0.138,0.00033,7989
direct pathway medium spiny neuron,IL3RA,CD123,clinical,36.713,0.12433,7989
direct pathway medium spiny neuron,CLEC12A,CLL-1,clinical,1.978,0.00464,7989
direct pathway medium spiny neuron,CD7,CD7,ppac,0.013,2e-05,7989
direct pathway medium spiny neuron,TNFRSF4,TNFRSF4,ppac,0.801,0.00223,7989
direct pathway medium spiny neuron,ABCA7,ABCA7,ppac,28.865,0.08879,7989
direct pathway medium spiny neuron,ITGAX,ITGAX,ppac,0.588,0.00158,7989
dopaminergic neuron,CD96,CD96,lead,4.679,0.01475,17676
dopaminergic neuron,CD9,CD9,lead,2.597,0.01254,17676
dopaminergic neuron,SUCNR1,SUCNR1,lead,0.023,2e-05,17676
dopaminergic neuron,IL1RAP,IL1RAP,lead,75.289,0.74497,17676
dopaminergic neuron,FLT3,FLT3,control,30.177,0.11948,17676
dopaminergic neuron,CD33,CD33,clinical,0.238,0.00057,17676
dopaminergic neuron,IL3RA,CD123,clinical,16.191,0.05054,17676
dopaminergic neuron,CLEC12A,CLL-1,clinical,0.509,0.00102,17676
dopaminergic neuron,CD7,CD7,ppac,0.074,0.00024,17676
dopaminergic neuron,TNFRSF4,TNFRSF4,ppac,0.124,0.00035,17676
dopaminergic neuron,ABCA7,ABCA7,ppac,60.212,0.30034,17676
dopaminergic neuron,ITGAX,ITGAX,ppac,1.233,0.00262,17676
double negative T regulatory cell,CD96,CD96,lead,50.82,0.76979,1037
double negative T regulatory cell,CD9,CD9,lead,1.543,0.01867,1037
double negative T regulatory cell,SUCNR1,SUCNR1,lead,0.0,0.0,1037
double negative T regulatory cell,IL1RAP,IL1RAP,lead,2.218,0.0277,1037
double negative T regulatory cell,FLT3,FLT3,control,0.0,0.0,1037
double negative T regulatory cell,CD33,CD33,clinical,0.482,0.00701,1037
double negative T regulatory cell,IL3RA,CD123,clinical,0.096,0.00091,1037
double negative T regulatory cell,CLEC12A,CLL-1,clinical,0.289,0.00391,1037
double negative T regulatory cell,CD7,CD7,ppac,48.602,0.83124,1037
double negative T regulatory cell,TNFRSF4,TNFRSF4,ppac,0.771,0.01283,1037
double negative T regulatory cell,ABCA7,ABCA7,ppac,5.882,0.07023,1037
double negative T regulatory cell,ITGAX,ITGAX,ppac,0.675,0.00946,1037
duct epithelial cell,CD96,CD96,lead,3.328,0.02116,5679
duct epithelial cell,CD9,CD9,lead,90.28,1.91472,5679
duct epithelial cell,SUCNR1,SUCNR1,lead,0.106,0.00056,5679
duct epithelial cell,IL1RAP,IL1RAP,lead,20.796,0.13228,5679
duct epithelial cell,FLT3,FLT3,control,1.127,0.00503,5679
duct epithelial cell,CD33,CD33,clinical,0.176,0.00068,5679
duct epithelial cell,IL3RA,CD123,clinical,0.07,0.00074,5679
duct epithelial cell,CLEC12A,CLL-1,clinical,0.405,0.00187,5679
duct epithelial cell,CD7,CD7,ppac,1.708,0.00698,5679
duct epithelial cell,TNFRSF4,TNFRSF4,ppac,0.282,0.0026,5679
duct epithelial cell,ABCA7,ABCA7,ppac,33.686,0.22615,5679
duct epithelial cell,ITGAX,ITGAX,ppac,1.479,0.00716,5679
early T lineage precursor,CD96,CD96,lead,53.11,0.8258,1013
early T lineage precursor,CD9,CD9,lead,2.863,0.02424,1013
early T lineage precursor,SUCNR1,SUCNR1,lead,0.691,0.00512,1013
early T lineage precursor,IL1RAP,IL1RAP,lead,3.85,0.03123,1013
early T lineage precursor,FLT3,FLT3,control,5.923,0.04926,1013
early T lineage precursor,CD33,CD33,clinical,5.528,0.03702,1013
early T lineage precursor,IL3RA,CD123,clinical,7.601,0.06945,1013
early T lineage precursor,CLEC12A,CLL-1,clinical,4.146,0.04247,1013
early T lineage precursor,CD7,CD7,ppac,82.725,1.75581,1013
early T lineage precursor,TNFRSF4,TNFRSF4,ppac,17.473,0.21052,1013
early T lineage precursor,ABCA7,ABCA7,ppac,6.12,0.05338,1013
early T lineage precursor,ITGAX,ITGAX,ppac,1.579,0.01989,1013
early colonocyte,CD96,CD96,lead,0.637,0.00192,5962
early colonocyte,CD9,CD9,lead,97.669,1.9039,5962
early colonocyte,SUCNR1,SUCNR1,lead,0.017,6e-05,5962
early colonocyte,IL1RAP,IL1RAP,lead,3.304,0.01195,5962
early colonocyte,FLT3,FLT3,control,0.0,0.0,5962
early colonocyte,CD33,CD33,clinical,0.067,0.0002,5962
early colonocyte,IL3RA,CD123,clinical,1.627,0.00658,5962
early colonocyte,CLEC12A,CLL-1,clinical,0.034,0.0001,5962
early colonocyte,CD7,CD7,ppac,0.218,0.00118,5962
early colonocyte,TNFRSF4,TNFRSF4,ppac,0.017,0.00016,5962
early colonocyte,ABCA7,ABCA7,ppac,3.707,0.01416,5962
early colonocyte,ITGAX,ITGAX,ppac,0.0,0.0,5962
embryonic blood vessel endothelial progenitor cell,CD96,CD96,lead,0.716,0.00559,977
embryonic blood vessel endothelial progenitor cell,CD9,CD9,lead,28.557,0.3055,977
embryonic blood vessel endothelial progenitor cell,SUCNR1,SUCNR1,lead,0.0,0.0,977
embryonic blood vessel endothelial progenitor cell,IL1RAP,IL1RAP,lead,11.259,0.0794,977
embryonic blood vessel endothelial progenitor cell,FLT3,FLT3,control,0.205,0.00163,977
embryonic blood vessel endothelial progenitor cell,CD33,CD33,clinical,0.205,0.00099,977
embryonic blood vessel endothelial progenitor cell,IL3RA,CD123,clinical,39.202,0.38197,977
embryonic blood vessel endothelial progenitor cell,CLEC12A,CLL-1,clinical,0.102,0.00041,977
embryonic blood vessel endothelial progenitor cell,CD7,CD7,ppac,0.102,0.0002,977
embryonic blood vessel endothelial progenitor cell,TNFRSF4,TNFRSF4,ppac,7.267,0.05137,977
embryonic blood vessel endothelial progenitor cell,ABCA7,ABCA7,ppac,3.378,0.01471,977
embryonic blood vessel endothelial progenitor cell,ITGAX,ITGAX,ppac,0.102,0.00214,977
embryonic fibroblast,CD96,CD96,lead,1.93,0.02257,11816
embryonic fibroblast,CD9,CD9,lead,43.932,0.56091,11816
embryonic fibroblast,SUCNR1,SUCNR1,lead,0.212,0.00212,11816
embryonic fibroblast,IL1RAP,IL1RAP,lead,17.476,0.2039,11816
embryonic fibroblast,FLT3,FLT3,control,0.592,0.00759,11816
embryonic fibroblast,CD33,CD33,clinical,0.406,0.00347,11816
embryonic fibroblast,IL3RA,CD123,clinical,0.922,0.0097,11816
embryonic fibroblast,CLEC12A,CLL-1,clinical,1.075,0.01332,11816
embryonic fibroblast,CD7,CD7,ppac,22.385,0.22097,11816
embryonic fibroblast,TNFRSF4,TNFRSF4,ppac,0.33,0.0026,11816
embryonic fibroblast,ABCA7,ABCA7,ppac,4.079,0.03876,11816
embryonic fibroblast,ITGAX,ITGAX,ppac,1.532,0.0196,11816
endocardial cell,CD96,CD96,lead,1.205,0.01923,111240
endocardial cell,CD9,CD9,lead,58.488,1.21588,111240
endocardial cell,SUCNR1,SUCNR1,lead,10.164,0.1756,111240
endocardial cell,IL1RAP,IL1RAP,lead,3.376,0.05217,111240
endocardial cell,FLT3,FLT3,control,0.347,0.00527,111240
endocardial cell,CD33,CD33,clinical,0.105,0.00157,111240
endocardial cell,IL3RA,CD123,clinical,2.537,0.03771,111240
endocardial cell,CLEC12A,CLL-1,clinical,0.436,0.00672,111240
endocardial cell,CD7,CD7,ppac,0.089,0.00128,111240
endocardial cell,TNFRSF4,TNFRSF4,ppac,1.127,0.01657,111240
endocardial cell,ABCA7,ABCA7,ppac,1.865,0.02909,111240
endocardial cell,ITGAX,ITGAX,ppac,0.165,0.0025,111240
endothelial cell,CD96,CD96,lead,1.526,0.02176,399041
endothelial cell,CD9,CD9,lead,41.056,0.78807,399041
endothelial cell,SUCNR1,SUCNR1,lead,0.463,0.00571,399041
endothelial cell,IL1RAP,IL1RAP,lead,7.564,0.09062,399041
endothelial cell,FLT3,FLT3,control,0.576,0.00747,399041
endothelial cell,CD33,CD33,clinical,0.601,0.00614,399041
endothelial cell,IL3RA,CD123,clinical,20.093,0.27091,399041
endothelial cell,CLEC12A,CLL-1,clinical,0.813,0.00979,399041
endothelial cell,CD7,CD7,ppac,0.916,0.01114,399041
endothelial cell,TNFRSF4,TNFRSF4,ppac,7.967,0.10454,399041
endothelial cell,ABCA7,ABCA7,ppac,2.305,0.02568,399041
endothelial cell,ITGAX,ITGAX,ppac,0.801,0.0093,399041
endothelial cell of arteriole,CD96,CD96,lead,2.157,0.03038,37316
endothelial cell of arteriole,CD9,CD9,lead,36.041,0.60649,37316
endothelial cell of arteriole,SUCNR1,SUCNR1,lead,0.038,0.00042,37316
endothelial cell of arteriole,IL1RAP,IL1RAP,lead,11.435,0.13851,37316
endothelial cell of arteriole,FLT3,FLT3,control,0.506,0.00619,37316
endothelial cell of arteriole,CD33,CD33,clinical,0.214,0.00204,37316
endothelial cell of arteriole,IL3RA,CD123,clinical,26.233,0.35039,37316
endothelial cell of arteriole,CLEC12A,CLL-1,clinical,0.64,0.00763,37316
endothelial cell of arteriole,CD7,CD7,ppac,0.351,0.00479,37316
endothelial cell of arteriole,TNFRSF4,TNFRSF4,ppac,4.813,0.05484,37316
endothelial cell of arteriole,ABCA7,ABCA7,ppac,3.194,0.04004,37316
endothelial cell of arteriole,ITGAX,ITGAX,ppac,0.981,0.01545,37316
endothelial cell of artery,CD96,CD96,lead,0.503,0.00619,95854
endothelial cell of artery,CD9,CD9,lead,64.817,1.28878,95854
endothelial cell of artery,SUCNR1,SUCNR1,lead,0.258,0.00201,95854
endothelial cell of artery,IL1RAP,IL1RAP,lead,4.202,0.0447,95854
endothelial cell of artery,FLT3,FLT3,control,0.166,0.00256,95854
endothelial cell of artery,CD33,CD33,clinical,0.327,0.00286,95854
endothelial cell of artery,IL3RA,CD123,clinical,33.867,0.4498,95854
endothelial cell of artery,CLEC12A,CLL-1,clinical,1.068,0.01484,95854
endothelial cell of artery,CD7,CD7,ppac,0.513,0.00568,95854
endothelial cell of artery,TNFRSF4,TNFRSF4,ppac,13.644,0.1827,95854
endothelial cell of artery,ABCA7,ABCA7,ppac,1.618,0.0161,95854
endothelial cell of artery,ITGAX,ITGAX,ppac,0.43,0.00431,95854
endothelial cell of hepatic sinusoid,CD96,CD96,lead,1.055,0.01195,15732
endothelial cell of hepatic sinusoid,CD9,CD9,lead,42.601,0.903,15732
endothelial cell of hepatic sinusoid,SUCNR1,SUCNR1,lead,0.458,0.00731,15732
endothelial cell of hepatic sinusoid,IL1RAP,IL1RAP,lead,3.827,0.04715,15732
endothelial cell of hepatic sinusoid,FLT3,FLT3,control,0.146,0.00137,15732
endothelial cell of hepatic sinusoid,CD33,CD33,clinical,1.684,0.02122,15732
endothelial cell of hepatic sinusoid,IL3RA,CD123,clinical,16.044,0.18956,15732
endothelial cell of hepatic sinusoid,CLEC12A,CLL-1,clinical,1.653,0.02122,15732
endothelial cell of hepatic sinusoid,CD7,CD7,ppac,2.358,0.03819,15732
endothelial cell of hepatic sinusoid,TNFRSF4,TNFRSF4,ppac,5.034,0.05708,15732
endothelial cell of hepatic sinusoid,ABCA7,ABCA7,ppac,1.799,0.02033,15732
endothelial cell of hepatic sinusoid,ITGAX,ITGAX,ppac,1.157,0.01521,15732
endothelial cell of lymphatic vessel,CD96,CD96,lead,1.532,0.02267,91181
endothelial cell of lymphatic vessel,CD9,CD9,lead,73.34,1.83909,91181
endothelial cell of lymphatic vessel,SUCNR1,SUCNR1,lead,0.122,0.0016,91181
endothelial cell of lymphatic vessel,IL1RAP,IL1RAP,lead,2.617,0.031,91181
endothelial cell of lymphatic vessel,FLT3,FLT3,control,0.899,0.01482,91181
endothelial cell of lymphatic vessel,CD33,CD33,clinical,0.251,0.00273,91181
endothelial cell of lymphatic vessel,IL3RA,CD123,clinical,4.871,0.06019,91181
endothelial cell of lymphatic vessel,CLEC12A,CLL-1,clinical,0.456,0.00622,91181
endothelial cell of lymphatic vessel,CD7,CD7,ppac,0.651,0.00776,91181
endothelial cell of lymphatic vessel,TNFRSF4,TNFRSF4,ppac,14.173,0.18144,91181
endothelial cell of lymphatic vessel,ABCA7,ABCA7,ppac,0.711,0.00833,91181
endothelial cell of lymphatic vessel,ITGAX,ITGAX,ppac,0.636,0.00759,91181
endothelial cell of pericentral hepatic sinusoid,CD96,CD96,lead,1.144,0.01736,11103
endothelial cell of pericentral hepatic sinusoid,CD9,CD9,lead,16.59,0.32564,11103
endothelial cell of pericentral hepatic sinusoid,SUCNR1,SUCNR1,lead,0.261,0.0033,11103
endothelial cell of pericentral hepatic sinusoid,IL1RAP,IL1RAP,lead,15.365,0.26155,11103
endothelial cell of pericentral hepatic sinusoid,FLT3,FLT3,control,0.333,0.00345,11103
endothelial cell of pericentral hepatic sinusoid,CD33,CD33,clinical,1.045,0.01622,11103
endothelial cell of pericentral hepatic sinusoid,IL3RA,CD123,clinical,4.098,0.06013,11103
endothelial cell of pericentral hepatic sinusoid,CLEC12A,CLL-1,clinical,3.567,0.05065,11103
endothelial cell of pericentral hepatic sinusoid,CD7,CD7,ppac,1.288,0.02316,11103
endothelial cell of pericentral hepatic sinusoid,TNFRSF4,TNFRSF4,ppac,0.982,0.01669,11103
endothelial cell of pericentral hepatic sinusoid,ABCA7,ABCA7,ppac,1.189,0.01847,11103
endothelial cell of pericentral hepatic sinusoid,ITGAX,ITGAX,ppac,0.414,0.00696,11103
endothelial cell of periportal hepatic sinusoid,CD96,CD96,lead,0.705,0.00658,1560
endothelial cell of periportal hepatic sinusoid,CD9,CD9,lead,73.974,1.66707,1560
endothelial cell of periportal hepatic sinusoid,SUCNR1,SUCNR1,lead,0.256,0.00368,1560
endothelial cell of periportal hepatic sinusoid,IL1RAP,IL1RAP,lead,9.295,0.13344,1560
endothelial cell of periportal hepatic sinusoid,FLT3,FLT3,control,0.0,0.0,1560
endothelial cell of periportal hepatic sinusoid,CD33,CD33,clinical,0.641,0.00693,1560
endothelial cell of periportal hepatic sinusoid,IL3RA,CD123,clinical,11.538,0.14711,1560
endothelial cell of periportal hepatic sinusoid,CLEC12A,CLL-1,clinical,0.321,0.00303,1560
endothelial cell of periportal hepatic sinusoid,CD7,CD7,ppac,2.821,0.03622,1560
endothelial cell of periportal hepatic sinusoid,TNFRSF4,TNFRSF4,ppac,4.423,0.05588,1560
endothelial cell of periportal hepatic sinusoid,ABCA7,ABCA7,ppac,0.962,0.01151,1560
endothelial cell of periportal hepatic sinusoid,ITGAX,ITGAX,ppac,0.128,0.00169,1560
endothelial cell of placenta,CD96,CD96,lead,1.665,0.01239,12553
endothelial cell of placenta,CD9,CD9,lead,77.591,1.26826,12553
endothelial cell of placenta,SUCNR1,SUCNR1,lead,1.02,0.00522,12553
endothelial cell of placenta,IL1RAP,IL1RAP,lead,61.675,0.54696,12553
endothelial cell of placenta,FLT3,FLT3,control,1.139,0.00591,12553
endothelial cell of placenta,CD33,CD33,clinical,1.848,0.01075,12553
endothelial cell of placenta,IL3RA,CD123,clinical,51.478,0.37761,12553
endothelial cell of placenta,CLEC12A,CLL-1,clinical,1.697,0.00925,12553
endothelial cell of placenta,CD7,CD7,ppac,0.542,0.00432,12553
endothelial cell of placenta,TNFRSF4,TNFRSF4,ppac,45.973,0.36185,12553
endothelial cell of placenta,ABCA7,ABCA7,ppac,5.736,0.02821,12553
endothelial cell of placenta,ITGAX,ITGAX,ppac,2.119,0.01422,12553
endothelial cell of respiratory system lymphatic vessel,CD96,CD96,lead,0.038,0.00042,2634
endothelial cell of respiratory system lymphatic vessel,CD9,CD9,lead,91.42,2.54672,2634
endothelial cell of respiratory system lymphatic vessel,SUCNR1,SUCNR1,lead,0.076,0.00098,2634
endothelial cell of respiratory system lymphatic vessel,IL1RAP,IL1RAP,lead,1.443,0.02026,2634
endothelial cell of respiratory system lymphatic vessel,FLT3,FLT3,control,0.076,0.00113,2634
endothelial cell of respiratory system lymphatic vessel,CD33,CD33,clinical,0.342,0.00508,2634
endothelial cell of respiratory system lymphatic vessel,IL3RA,CD123,clinical,2.012,0.02836,2634
endothelial cell of respiratory system lymphatic vessel,CLEC12A,CLL-1,clinical,0.532,0.00835,2634
endothelial cell of respiratory system lymphatic vessel,CD7,CD7,ppac,0.342,0.00495,2634
endothelial cell of respiratory system lymphatic vessel,TNFRSF4,TNFRSF4,ppac,11.959,0.17832,2634
endothelial cell of respiratory system lymphatic vessel,ABCA7,ABCA7,ppac,0.494,0.00774,2634
endothelial cell of respiratory system lymphatic vessel,ITGAX,ITGAX,ppac,0.456,0.00727,2634
endothelial cell of sinusoid,CD96,CD96,lead,1.689,0.01281,592
endothelial cell of sinusoid,CD9,CD9,lead,74.831,1.17969,592
endothelial cell of sinusoid,SUCNR1,SUCNR1,lead,0.0,0.0,592
endothelial cell of sinusoid,IL1RAP,IL1RAP,lead,7.095,0.06861,592
endothelial cell of sinusoid,FLT3,FLT3,control,0.0,0.0,592
endothelial cell of sinusoid,CD33,CD33,clinical,1.014,0.00887,592
endothelial cell of sinusoid,IL3RA,CD123,clinical,15.203,0.13896,592
endothelial cell of sinusoid,CLEC12A,CLL-1,clinical,0.0,0.0,592
endothelial cell of sinusoid,CD7,CD7,ppac,0.169,0.00078,592
endothelial cell of sinusoid,TNFRSF4,TNFRSF4,ppac,4.392,0.03437,592
endothelial cell of sinusoid,ABCA7,ABCA7,ppac,5.068,0.04607,592
endothelial cell of sinusoid,ITGAX,ITGAX,ppac,0.169,0.00328,592
endothelial cell of uterus,CD96,CD96,lead,2.501,0.03153,15191
endothelial cell of uterus,CD9,CD9,lead,57.448,0.92971,15191
endothelial cell of uterus,SUCNR1,SUCNR1,lead,0.066,0.00051,15191
endothelial cell of uterus,IL1RAP,IL1RAP,lead,9.361,0.09897,15191
endothelial cell of uterus,FLT3,FLT3,control,0.56,0.00558,15191
endothelial cell of uterus,CD33,CD33,clinical,0.224,0.00192,15191
endothelial cell of uterus,IL3RA,CD123,clinical,29.893,0.31512,15191
endothelial cell of uterus,CLEC12A,CLL-1,clinical,1.376,0.01648,15191
endothelial cell of uterus,CD7,CD7,ppac,1.797,0.02216,15191
endothelial cell of uterus,TNFRSF4,TNFRSF4,ppac,9.097,0.08367,15191
endothelial cell of uterus,ABCA7,ABCA7,ppac,3.542,0.03067,15191
endothelial cell of uterus,ITGAX,ITGAX,ppac,2.712,0.03485,15191
endothelial cell of vascular tree,CD96,CD96,lead,0.923,0.01881,72479
endothelial cell of vascular tree,CD9,CD9,lead,52.113,1.29246,72479
endothelial cell of vascular tree,SUCNR1,SUCNR1,lead,0.182,0.00176,72479
endothelial cell of vascular tree,IL1RAP,IL1RAP,lead,3.211,0.04823,72479
endothelial cell of vascular tree,FLT3,FLT3,control,2.877,0.05294,72479
endothelial cell of vascular tree,CD33,CD33,clinical,0.137,0.00206,72479
endothelial cell of vascular tree,IL3RA,CD123,clinical,35.303,0.52947,72479
endothelial cell of vascular tree,CLEC12A,CLL-1,clinical,0.559,0.00938,72479
endothelial cell of vascular tree,CD7,CD7,ppac,0.948,0.01104,72479
endothelial cell of vascular tree,TNFRSF4,TNFRSF4,ppac,10.887,0.14787,72479
endothelial cell of vascular tree,ABCA7,ABCA7,ppac,1.153,0.01759,72479
endothelial cell of vascular tree,ITGAX,ITGAX,ppac,0.143,0.0024,72479
endothelial cell of venule,CD96,CD96,lead,2.171,0.03274,93335
endothelial cell of venule,CD9,CD9,lead,41.453,0.73557,93335
endothelial cell of venule,SUCNR1,SUCNR1,lead,0.026,0.00036,93335
endothelial cell of venule,IL1RAP,IL1RAP,lead,12.655,0.15045,93335
endothelial cell of venule,FLT3,FLT3,control,0.487,0.00683,93335
endothelial cell of venule,CD33,CD33,clinical,0.153,0.00175,93335
endothelial cell of venule,IL3RA,CD123,clinical,24.623,0.30898,93335
endothelial cell of venule,CLEC12A,CLL-1,clinical,0.437,0.00525,93335
endothelial cell of venule,CD7,CD7,ppac,0.403,0.00501,93335
endothelial cell of venule,TNFRSF4,TNFRSF4,ppac,1.438,0.01424,93335
endothelial cell of venule,ABCA7,ABCA7,ppac,3.212,0.04012,93335
endothelial cell of venule,ITGAX,ITGAX,ppac,0.885,0.01328,93335
endothelial tip cell,CD96,CD96,lead,0.22,0.00243,54153
endothelial tip cell,CD9,CD9,lead,66.216,1.04636,54153
endothelial tip cell,SUCNR1,SUCNR1,lead,0.039,0.0003,54153
endothelial tip cell,IL1RAP,IL1RAP,lead,1.123,0.00974,54153
endothelial tip cell,FLT3,FLT3,control,0.035,0.00028,54153
endothelial tip cell,CD33,CD33,clinical,5.71,0.03062,54153
endothelial tip cell,IL3RA,CD123,clinical,18.097,0.24187,54153
endothelial tip cell,CLEC12A,CLL-1,clinical,0.081,0.00081,54153
endothelial tip cell,CD7,CD7,ppac,0.257,0.00384,54153
endothelial tip cell,TNFRSF4,TNFRSF4,ppac,14.801,0.25977,54153
endothelial tip cell,ABCA7,ABCA7,ppac,0.931,0.00555,54153
endothelial tip cell,ITGAX,ITGAX,ppac,0.223,0.00205,54153
enteric neuron,CD96,CD96,lead,0.613,0.00459,1956
enteric neuron,CD9,CD9,lead,61.759,0.83666,1956
enteric neuron,SUCNR1,SUCNR1,lead,0.051,0.00037,1956
enteric neuron,IL1RAP,IL1RAP,lead,4.448,0.03454,1956
enteric neuron,FLT3,FLT3,control,0.0,0.0,1956
enteric neuron,CD33,CD33,clinical,0.153,0.0007,1956
enteric neuron,IL3RA,CD123,clinical,0.562,0.0042,1956
enteric neuron,CLEC12A,CLL-1,clinical,0.0,0.0,1956
enteric neuron,CD7,CD7,ppac,0.665,0.00581,1956
enteric neuron,TNFRSF4,TNFRSF4,ppac,0.102,0.00091,1956
enteric neuron,ABCA7,ABCA7,ppac,2.301,0.01527,1956
enteric neuron,ITGAX,ITGAX,ppac,0.0,0.0,1956
enteric smooth muscle cell,CD96,CD96,lead,0.783,0.01169,26805
enteric smooth muscle cell,CD9,CD9,lead,31.513,0.44061,26805
enteric smooth muscle cell,SUCNR1,SUCNR1,lead,0.0,0.0,26805
enteric smooth muscle cell,IL1RAP,IL1RAP,lead,1.362,0.01853,26805
enteric smooth muscle cell,FLT3,FLT3,control,0.899,0.01844,26805
enteric smooth muscle cell,CD33,CD33,clinical,0.078,0.00077,26805
enteric smooth muscle cell,IL3RA,CD123,clinical,6.29,0.11287,26805
enteric smooth muscle cell,CLEC12A,CLL-1,clinical,0.295,0.00595,26805
enteric smooth muscle cell,CD7,CD7,ppac,0.977,0.01136,26805
enteric smooth muscle cell,TNFRSF4,TNFRSF4,ppac,0.175,0.00147,26805
enteric smooth muscle cell,ABCA7,ABCA7,ppac,0.582,0.00942,26805
enteric smooth muscle cell,ITGAX,ITGAX,ppac,0.093,0.00156,26805
enterocyte,CD96,CD96,lead,0.432,0.00327,206706
enterocyte,CD9,CD9,lead,56.666,0.99104,206706
enterocyte,SUCNR1,SUCNR1,lead,0.525,0.00337,206706
enterocyte,IL1RAP,IL1RAP,lead,6.587,0.03543,206706
enterocyte,FLT3,FLT3,control,0.016,0.00012,206706
enterocyte,CD33,CD33,clinical,0.074,0.00053,206706
enterocyte,IL3RA,CD123,clinical,0.74,0.00509,206706
enterocyte,CLEC12A,CLL-1,clinical,0.012,0.00014,206706
enterocyte,CD7,CD7,ppac,5.016,0.03179,206706
enterocyte,TNFRSF4,TNFRSF4,ppac,0.177,0.00175,206706
enterocyte,ABCA7,ABCA7,ppac,3.268,0.0243,206706
enterocyte,ITGAX,ITGAX,ppac,0.067,0.00038,206706
enterocyte of epithelium of large intestine,CD96,CD96,lead,3.817,0.0257,5685
enterocyte of epithelium of large intestine,CD9,CD9,lead,81.794,1.17116,5685
enterocyte of epithelium of large intestine,SUCNR1,SUCNR1,lead,0.123,0.0005,5685
enterocyte of epithelium of large intestine,IL1RAP,IL1RAP,lead,4.257,0.02089,5685
enterocyte of epithelium of large intestine,FLT3,FLT3,control,0.563,0.00301,5685
enterocyte of epithelium of large intestine,CD33,CD33,clinical,0.176,0.00061,5685
enterocyte of epithelium of large intestine,IL3RA,CD123,clinical,0.528,0.00345,5685
enterocyte of epithelium of large intestine,CLEC12A,CLL-1,clinical,0.088,0.00042,5685
enterocyte of epithelium of large intestine,CD7,CD7,ppac,2.04,0.0097,5685
enterocyte of epithelium of large intestine,TNFRSF4,TNFRSF4,ppac,0.422,0.00155,5685
enterocyte of epithelium of large intestine,ABCA7,ABCA7,ppac,10.818,0.05989,5685
enterocyte of epithelium of large intestine,ITGAX,ITGAX,ppac,0.176,0.0007,5685
enterocyte of epithelium of small intestine,CD96,CD96,lead,0.987,0.00546,11250
enterocyte of epithelium of small intestine,CD9,CD9,lead,70.853,0.80285,11250
enterocyte of epithelium of small intestine,SUCNR1,SUCNR1,lead,1.716,0.0085,11250
enterocyte of epithelium of small intestine,IL1RAP,IL1RAP,lead,4.444,0.02076,11250
enterocyte of epithelium of small intestine,FLT3,FLT3,control,0.267,0.0011,11250
enterocyte of epithelium of small intestine,CD33,CD33,clinical,0.107,0.00053,11250
enterocyte of epithelium of small intestine,IL3RA,CD123,clinical,4.436,0.01964,11250
enterocyte of epithelium of small intestine,CLEC12A,CLL-1,clinical,0.036,0.00014,11250
enterocyte of epithelium of small intestine,CD7,CD7,ppac,0.676,0.00408,11250
enterocyte of epithelium of small intestine,TNFRSF4,TNFRSF4,ppac,0.018,0.0002,11250
enterocyte of epithelium of small intestine,ABCA7,ABCA7,ppac,4.844,0.02245,11250
enterocyte of epithelium of small intestine,ITGAX,ITGAX,ppac,0.169,0.00073,11250
enterocyte of epithelium proper of duodenum,CD96,CD96,lead,8.982,0.06386,13494
enterocyte of epithelium proper of duodenum,CD9,CD9,lead,20.609,0.16282,13494
enterocyte of epithelium proper of duodenum,SUCNR1,SUCNR1,lead,0.393,0.00205,13494
enterocyte of epithelium proper of duodenum,IL1RAP,IL1RAP,lead,3.905,0.01964,13494
enterocyte of epithelium proper of duodenum,FLT3,FLT3,control,1.267,0.00625,13494
enterocyte of epithelium proper of duodenum,CD33,CD33,clinical,0.207,0.00102,13494
enterocyte of epithelium proper of duodenum,IL3RA,CD123,clinical,0.0,0.0,13494
enterocyte of epithelium proper of duodenum,CLEC12A,CLL-1,clinical,0.378,0.0017,13494
enterocyte of epithelium proper of duodenum,CD7,CD7,ppac,3.935,0.02087,13494
enterocyte of epithelium proper of duodenum,TNFRSF4,TNFRSF4,ppac,0.467,0.00196,13494
enterocyte of epithelium proper of duodenum,ABCA7,ABCA7,ppac,9.256,0.04754,13494
enterocyte of epithelium proper of duodenum,ITGAX,ITGAX,ppac,0.348,0.00164,13494
enterocyte of epithelium proper of ileum,CD96,CD96,lead,19.892,0.16871,6475
enterocyte of epithelium proper of ileum,CD9,CD9,lead,51.135,0.38185,6475
enterocyte of epithelium proper of ileum,SUCNR1,SUCNR1,lead,0.649,0.00188,6475
enterocyte of epithelium proper of ileum,IL1RAP,IL1RAP,lead,7.614,0.02982,6475
enterocyte of epithelium proper of ileum,FLT3,FLT3,control,1.714,0.00824,6475
enterocyte of epithelium proper of ileum,CD33,CD33,clinical,0.17,0.00078,6475
enterocyte of epithelium proper of ileum,IL3RA,CD123,clinical,0.0,0.0,6475
enterocyte of epithelium proper of ileum,CLEC12A,CLL-1,clinical,0.355,0.00191,6475
enterocyte of epithelium proper of ileum,CD7,CD7,ppac,12.432,0.06346,6475
enterocyte of epithelium proper of ileum,TNFRSF4,TNFRSF4,ppac,0.293,0.0012,6475
enterocyte of epithelium proper of ileum,ABCA7,ABCA7,ppac,20.911,0.08666,6475
enterocyte of epithelium proper of ileum,ITGAX,ITGAX,ppac,1.236,0.00682,6475
enterocyte of epithelium proper of small intestine,CD96,CD96,lead,17.323,0.12547,635
enterocyte of epithelium proper of small intestine,CD9,CD9,lead,70.236,0.69165,635
enterocyte of epithelium proper of small intestine,SUCNR1,SUCNR1,lead,0.472,0.00194,635
enterocyte of epithelium proper of small intestine,IL1RAP,IL1RAP,lead,4.252,0.01834,635
enterocyte of epithelium proper of small intestine,FLT3,FLT3,control,0.315,0.00082,635
enterocyte of epithelium proper of small intestine,CD33,CD33,clinical,0.157,0.00028,635
enterocyte of epithelium proper of small intestine,IL3RA,CD123,clinical,0.0,0.0,635
enterocyte of epithelium proper of small intestine,CLEC12A,CLL-1,clinical,0.315,0.00126,635
enterocyte of epithelium proper of small intestine,CD7,CD7,ppac,14.488,0.07912,635
enterocyte of epithelium proper of small intestine,TNFRSF4,TNFRSF4,ppac,2.677,0.01036,635
enterocyte of epithelium proper of small intestine,ABCA7,ABCA7,ppac,11.811,0.05638,635
enterocyte of epithelium proper of small intestine,ITGAX,ITGAX,ppac,1.102,0.00548,635
enteroendocrine cell,CD96,CD96,lead,4.131,0.03317,8085
enteroendocrine cell,CD9,CD9,lead,40.693,0.50665,8085
enteroendocrine cell,SUCNR1,SUCNR1,lead,3.179,0.03553,8085
enteroendocrine cell,IL1RAP,IL1RAP,lead,7.446,0.0527,8085
enteroendocrine cell,FLT3,FLT3,control,0.037,0.00021,8085
enteroendocrine cell,CD33,CD33,clinical,0.148,0.00101,8085
enteroendocrine cell,IL3RA,CD123,clinical,0.507,0.00262,8085
enteroendocrine cell,CLEC12A,CLL-1,clinical,0.012,8e-05,8085
enteroendocrine cell,CD7,CD7,ppac,3.278,0.02524,8085
enteroendocrine cell,TNFRSF4,TNFRSF4,ppac,0.359,0.00317,8085
enteroendocrine cell,ABCA7,ABCA7,ppac,6.691,0.05235,8085
enteroendocrine cell,ITGAX,ITGAX,ppac,0.186,0.00127,8085
enteroendocrine cell of small intestine,CD96,CD96,lead,25.25,0.4282,1101
enteroendocrine cell of small intestine,CD9,CD9,lead,67.847,0.51179,1101
enteroendocrine cell of small intestine,SUCNR1,SUCNR1,lead,0.908,0.00396,1101
enteroendocrine cell of small intestine,IL1RAP,IL1RAP,lead,7.084,0.04484,1101
enteroendocrine cell of small intestine,FLT3,FLT3,control,0.363,0.00138,1101
enteroendocrine cell of small intestine,CD33,CD33,clinical,0.091,0.0004,1101
enteroendocrine cell of small intestine,IL3RA,CD123,clinical,5.995,0.0316,1101
enteroendocrine cell of small intestine,CLEC12A,CLL-1,clinical,0.091,0.00037,1101
enteroendocrine cell of small intestine,CD7,CD7,ppac,1.544,0.0082,1101
enteroendocrine cell of small intestine,TNFRSF4,TNFRSF4,ppac,0.0,0.0,1101
enteroendocrine cell of small intestine,ABCA7,ABCA7,ppac,9.537,0.04737,1101
enteroendocrine cell of small intestine,ITGAX,ITGAX,ppac,0.363,0.00115,1101
enteroglial cell,CD96,CD96,lead,2.219,0.02502,2389
enteroglial cell,CD9,CD9,lead,94.307,3.13488,2389
enteroglial cell,SUCNR1,SUCNR1,lead,0.0,0.0,2389
enteroglial cell,IL1RAP,IL1RAP,lead,28.548,0.50943,2389
enteroglial cell,FLT3,FLT3,control,0.126,0.00144,2389
enteroglial cell,CD33,CD33,clinical,0.167,0.00167,2389
enteroglial cell,IL3RA,CD123,clinical,0.0,0.0,2389
enteroglial cell,CLEC12A,CLL-1,clinical,0.0,0.0,2389
enteroglial cell,CD7,CD7,ppac,1.046,0.01006,2389
enteroglial cell,TNFRSF4,TNFRSF4,ppac,0.46,0.0057,2389
enteroglial cell,ABCA7,ABCA7,ppac,0.46,0.00504,2389
enteroglial cell,ITGAX,ITGAX,ppac,0.126,0.00089,2389
ependymal cell,CD96,CD96,lead,0.913,0.00907,11060
ependymal cell,CD9,CD9,lead,22.803,0.26142,11060
ependymal cell,SUCNR1,SUCNR1,lead,0.036,0.00039,11060
ependymal cell,IL1RAP,IL1RAP,lead,9.412,0.10002,11060
ependymal cell,FLT3,FLT3,control,2.152,0.02124,11060
ependymal cell,CD33,CD33,clinical,0.072,0.00079,11060
ependymal cell,IL3RA,CD123,clinical,2.486,0.02805,11060
ependymal cell,CLEC12A,CLL-1,clinical,0.561,0.00473,11060
ependymal cell,CD7,CD7,ppac,0.072,0.00061,11060
ependymal cell,TNFRSF4,TNFRSF4,ppac,0.045,0.00045,11060
ependymal cell,ABCA7,ABCA7,ppac,4.584,0.04225,11060
ependymal cell,ITGAX,ITGAX,ppac,0.552,0.00507,11060
epicardial adipocyte,CD96,CD96,lead,45.591,0.86293,3799
epicardial adipocyte,CD9,CD9,lead,7.792,0.09778,3799
epicardial adipocyte,SUCNR1,SUCNR1,lead,0.132,0.00141,3799
epicardial adipocyte,IL1RAP,IL1RAP,lead,18.505,0.25359,3799
epicardial adipocyte,FLT3,FLT3,control,7.212,0.10073,3799
epicardial adipocyte,CD33,CD33,clinical,0.684,0.00626,3799
epicardial adipocyte,IL3RA,CD123,clinical,8.081,0.08086,3799
epicardial adipocyte,CLEC12A,CLL-1,clinical,2.474,0.02479,3799
epicardial adipocyte,CD7,CD7,ppac,0.29,0.00464,3799
epicardial adipocyte,TNFRSF4,TNFRSF4,ppac,0.29,0.00385,3799
epicardial adipocyte,ABCA7,ABCA7,ppac,7.423,0.08603,3799
epicardial adipocyte,ITGAX,ITGAX,ppac,0.869,0.01156,3799
epithelial cell,CD96,CD96,lead,1.439,0.01292,520612
epithelial cell,CD9,CD9,lead,80.53,1.67509,520612
epithelial cell,SUCNR1,SUCNR1,lead,0.254,0.00243,520612
epithelial cell,IL1RAP,IL1RAP,lead,15.414,0.11406,520612
epithelial cell,FLT3,FLT3,control,0.695,0.00631,520612
epithelial cell,CD33,CD33,clinical,0.126,0.00113,520612
epithelial cell,IL3RA,CD123,clinical,4.425,0.03287,520612
epithelial cell,CLEC12A,CLL-1,clinical,0.261,0.00291,520612
epithelial cell,CD7,CD7,ppac,1.657,0.01512,520612
epithelial cell,TNFRSF4,TNFRSF4,ppac,0.371,0.00337,520612
epithelial cell,ABCA7,ABCA7,ppac,6.722,0.04669,520612
epithelial cell,ITGAX,ITGAX,ppac,0.35,0.00379,520612
epithelial cell of early distal convoluted tubule,CD96,CD96,lead,1.087,0.01621,2945
epithelial cell of early distal convoluted tubule,CD9,CD9,lead,18.268,0.21621,2945
epithelial cell of early distal convoluted tubule,SUCNR1,SUCNR1,lead,1.256,0.01332,2945
epithelial cell of early distal convoluted tubule,IL1RAP,IL1RAP,lead,0.306,0.00333,2945
epithelial cell of early distal convoluted tubule,FLT3,FLT3,control,0.407,0.005,2945
epithelial cell of early distal convoluted tubule,CD33,CD33,clinical,0.102,0.0016,2945
epithelial cell of early distal convoluted tubule,IL3RA,CD123,clinical,3.633,0.0368,2945
epithelial cell of early distal convoluted tubule,CLEC12A,CLL-1,clinical,0.068,0.0006,2945
epithelial cell of early distal convoluted tubule,CD7,CD7,ppac,0.306,0.00287,2945
epithelial cell of early distal convoluted tubule,TNFRSF4,TNFRSF4,ppac,0.0,0.0,2945
epithelial cell of early distal convoluted tubule,ABCA7,ABCA7,ppac,3.328,0.03635,2945
epithelial cell of early distal convoluted tubule,ITGAX,ITGAX,ppac,0.034,0.00113,2945
epithelial cell of esophagus,CD96,CD96,lead,0.24,0.00132,26299
epithelial cell of esophagus,CD9,CD9,lead,96.076,2.76041,26299
epithelial cell of esophagus,SUCNR1,SUCNR1,lead,0.004,1e-05,26299
epithelial cell of esophagus,IL1RAP,IL1RAP,lead,13.989,0.07402,26299
epithelial cell of esophagus,FLT3,FLT3,control,0.004,1e-05,26299
epithelial cell of esophagus,CD33,CD33,clinical,0.03,0.00012,26299
epithelial cell of esophagus,IL3RA,CD123,clinical,0.061,0.00051,26299
epithelial cell of esophagus,CLEC12A,CLL-1,clinical,0.034,0.00015,26299
epithelial cell of esophagus,CD7,CD7,ppac,0.205,0.00132,26299
epithelial cell of esophagus,TNFRSF4,TNFRSF4,ppac,0.049,0.00037,26299
epithelial cell of esophagus,ABCA7,ABCA7,ppac,3.981,0.0187,26299
epithelial cell of esophagus,ITGAX,ITGAX,ppac,0.011,3e-05,26299
epithelial cell of lower respiratory tract,CD96,CD96,lead,0.712,0.00559,5761
epithelial cell of lower respiratory tract,CD9,CD9,lead,85.905,1.6813,5761
epithelial cell of lower respiratory tract,SUCNR1,SUCNR1,lead,0.243,0.00212,5761
epithelial cell of lower respiratory tract,IL1RAP,IL1RAP,lead,8.835,0.06323,5761
epithelial cell of lower respiratory tract,FLT3,FLT3,control,0.469,0.00306,5761
epithelial cell of lower respiratory tract,CD33,CD33,clinical,0.59,0.00399,5761
epithelial cell of lower respiratory tract,IL3RA,CD123,clinical,1.909,0.01688,5761
epithelial cell of lower respiratory tract,CLEC12A,CLL-1,clinical,0.642,0.00504,5761
epithelial cell of lower respiratory tract,CD7,CD7,ppac,1.528,0.01238,5761
epithelial cell of lower respiratory tract,TNFRSF4,TNFRSF4,ppac,0.555,0.00349,5761
epithelial cell of lower respiratory tract,ABCA7,ABCA7,ppac,7.308,0.05284,5761
epithelial cell of lower respiratory tract,ITGAX,ITGAX,ppac,1.458,0.01011,5761
epithelial cell of lung,CD96,CD96,lead,2.037,0.00923,67595
epithelial cell of lung,CD9,CD9,lead,87.873,1.21003,67595
epithelial cell of lung,SUCNR1,SUCNR1,lead,0.167,0.00121,67595
epithelial cell of lung,IL1RAP,IL1RAP,lead,12.942,0.06587,67595
epithelial cell of lung,FLT3,FLT3,control,0.024,0.00011,67595
epithelial cell of lung,CD33,CD33,clinical,0.033,0.00019,67595
epithelial cell of lung,IL3RA,CD123,clinical,0.05,0.00038,67595
epithelial cell of lung,CLEC12A,CLL-1,clinical,0.007,3e-05,67595
epithelial cell of lung,CD7,CD7,ppac,0.553,0.00314,67595
epithelial cell of lung,TNFRSF4,TNFRSF4,ppac,0.161,0.00102,67595
epithelial cell of lung,ABCA7,ABCA7,ppac,9.255,0.05128,67595
epithelial cell of lung,ITGAX,ITGAX,ppac,0.823,0.00409,67595
epithelial cell of nephron,CD96,CD96,lead,0.168,0.00118,3563
epithelial cell of nephron,CD9,CD9,lead,43.559,0.42016,3563
epithelial cell of nephron,SUCNR1,SUCNR1,lead,0.393,0.00225,3563
epithelial cell of nephron,IL1RAP,IL1RAP,lead,1.628,0.0095,3563
epithelial cell of nephron,FLT3,FLT3,control,0.028,0.0002,3563
epithelial cell of nephron,CD33,CD33,clinical,0.028,0.00012,3563
epithelial cell of nephron,IL3RA,CD123,clinical,0.084,0.00065,3563
epithelial cell of nephron,CLEC12A,CLL-1,clinical,0.0,0.0,3563
epithelial cell of nephron,CD7,CD7,ppac,1.123,0.00905,3563
epithelial cell of nephron,TNFRSF4,TNFRSF4,ppac,1.796,0.01377,3563
epithelial cell of nephron,ABCA7,ABCA7,ppac,1.459,0.00921,3563
epithelial cell of nephron,ITGAX,ITGAX,ppac,0.056,0.00039,3563
epithelial cell of pancreas,CD96,CD96,lead,0.877,0.00479,10837
epithelial cell of pancreas,CD9,CD9,lead,8.453,0.05616,10837
epithelial cell of pancreas,SUCNR1,SUCNR1,lead,0.018,0.00018,10837
epithelial cell of pancreas,IL1RAP,IL1RAP,lead,14.866,0.09527,10837
epithelial cell of pancreas,FLT3,FLT3,control,0.138,0.00066,10837
epithelial cell of pancreas,CD33,CD33,clinical,0.009,5e-05,10837
epithelial cell of pancreas,IL3RA,CD123,clinical,0.0,0.0,10837
epithelial cell of pancreas,CLEC12A,CLL-1,clinical,0.037,0.00029,10837
epithelial cell of pancreas,CD7,CD7,ppac,0.323,0.00248,10837
epithelial cell of pancreas,TNFRSF4,TNFRSF4,ppac,0.129,0.00061,10837
epithelial cell of pancreas,ABCA7,ABCA7,ppac,17.219,0.09427,10837
epithelial cell of pancreas,ITGAX,ITGAX,ppac,0.055,0.00048,10837
epithelial cell of prostate,CD96,CD96,lead,0.959,0.01806,4587
epithelial cell of prostate,CD9,CD9,lead,27.316,0.53773,4587
epithelial cell of prostate,SUCNR1,SUCNR1,lead,0.0,0.0,4587
epithelial cell of prostate,IL1RAP,IL1RAP,lead,9.68,0.18348,4587
epithelial cell of prostate,FLT3,FLT3,control,1.308,0.02229,4587
epithelial cell of prostate,CD33,CD33,clinical,0.044,0.00054,4587
epithelial cell of prostate,IL3RA,CD123,clinical,5.821,0.11088,4587
epithelial cell of prostate,CLEC12A,CLL-1,clinical,0.807,0.01472,4587
epithelial cell of prostate,CD7,CD7,ppac,0.196,0.00372,4587
epithelial cell of prostate,TNFRSF4,TNFRSF4,ppac,0.022,0.00049,4587
epithelial cell of prostate,ABCA7,ABCA7,ppac,5.145,0.0924,4587
epithelial cell of prostate,ITGAX,ITGAX,ppac,0.174,0.00269,4587
epithelial cell of proximal tubule,CD96,CD96,lead,0.601,0.00768,118347
epithelial cell of proximal tubule,CD9,CD9,lead,9.573,0.12667,118347
epithelial cell of proximal tubule,SUCNR1,SUCNR1,lead,9.878,0.11793,118347
epithelial cell of proximal tubule,IL1RAP,IL1RAP,lead,2.499,0.02712,118347
epithelial cell of proximal tubule,FLT3,FLT3,control,0.886,0.00991,118347
epithelial cell of proximal tubule,CD33,CD33,clinical,0.067,0.00074,118347
epithelial cell of proximal tubule,IL3RA,CD123,clinical,1.853,0.01946,118347
epithelial cell of proximal tubule,CLEC12A,CLL-1,clinical,0.066,0.00069,118347
epithelial cell of proximal tubule,CD7,CD7,ppac,0.572,0.00652,118347
epithelial cell of proximal tubule,TNFRSF4,TNFRSF4,ppac,0.141,0.00152,118347
epithelial cell of proximal tubule,ABCA7,ABCA7,ppac,2.227,0.02809,118347
epithelial cell of proximal tubule,ITGAX,ITGAX,ppac,0.145,0.00189,118347
epithelial cell of proximal tubule segment 1,CD96,CD96,lead,0.315,0.00667,635
epithelial cell of proximal tubule segment 1,CD9,CD9,lead,4.094,0.0746,635
epithelial cell of proximal tubule segment 1,SUCNR1,SUCNR1,lead,8.819,0.15095,635
epithelial cell of proximal tubule segment 1,IL1RAP,IL1RAP,lead,0.157,0.00163,635
epithelial cell of proximal tubule segment 1,FLT3,FLT3,control,0.472,0.00725,635
epithelial cell of proximal tubule segment 1,CD33,CD33,clinical,0.0,0.0,635
epithelial cell of proximal tubule segment 1,IL3RA,CD123,clinical,0.0,0.0,635
epithelial cell of proximal tubule segment 1,CLEC12A,CLL-1,clinical,0.0,0.0,635
epithelial cell of proximal tubule segment 1,CD7,CD7,ppac,2.677,0.04067,635
epithelial cell of proximal tubule segment 1,TNFRSF4,TNFRSF4,ppac,0.157,0.00248,635
epithelial cell of proximal tubule segment 1,ABCA7,ABCA7,ppac,0.315,0.00397,635
epithelial cell of proximal tubule segment 1,ITGAX,ITGAX,ppac,0.0,0.0,635
epithelial cell of proximal tubule segment 3,CD96,CD96,lead,0.732,0.00956,3550
epithelial cell of proximal tubule segment 3,CD9,CD9,lead,3.634,0.05319,3550
epithelial cell of proximal tubule segment 3,SUCNR1,SUCNR1,lead,4.873,0.06709,3550
epithelial cell of proximal tubule segment 3,IL1RAP,IL1RAP,lead,2.704,0.0339,3550
epithelial cell of proximal tubule segment 3,FLT3,FLT3,control,4.225,0.05596,3550
epithelial cell of proximal tubule segment 3,CD33,CD33,clinical,0.028,0.00033,3550
epithelial cell of proximal tubule segment 3,IL3RA,CD123,clinical,1.577,0.01948,3550
epithelial cell of proximal tubule segment 3,CLEC12A,CLL-1,clinical,0.056,0.0013,3550
epithelial cell of proximal tubule segment 3,CD7,CD7,ppac,0.169,0.00247,3550
epithelial cell of proximal tubule segment 3,TNFRSF4,TNFRSF4,ppac,0.085,0.00154,3550
epithelial cell of proximal tubule segment 3,ABCA7,ABCA7,ppac,0.93,0.01477,3550
epithelial cell of proximal tubule segment 3,ITGAX,ITGAX,ppac,0.085,0.00197,3550
epithelial cell of stomach,CD96,CD96,lead,3.237,0.0269,12975
epithelial cell of stomach,CD9,CD9,lead,81.287,1.40177,12975
epithelial cell of stomach,SUCNR1,SUCNR1,lead,0.108,0.00172,12975
epithelial cell of stomach,IL1RAP,IL1RAP,lead,25.611,0.21343,12975
epithelial cell of stomach,FLT3,FLT3,control,0.015,0.00013,12975
epithelial cell of stomach,CD33,CD33,clinical,0.208,0.00152,12975
epithelial cell of stomach,IL3RA,CD123,clinical,0.0,0.0,12975
epithelial cell of stomach,CLEC12A,CLL-1,clinical,0.331,0.00148,12975
epithelial cell of stomach,CD7,CD7,ppac,1.31,0.00725,12975
epithelial cell of stomach,TNFRSF4,TNFRSF4,ppac,0.092,0.00081,12975
epithelial cell of stomach,ABCA7,ABCA7,ppac,18.343,0.146,12975
epithelial cell of stomach,ITGAX,ITGAX,ppac,0.015,0.00014,12975
epithelial cell of stratum germinativum of esophagus,CD96,CD96,lead,0.0,0.0,754
epithelial cell of stratum germinativum of esophagus,CD9,CD9,lead,94.164,2.61589,754
epithelial cell of stratum germinativum of esophagus,SUCNR1,SUCNR1,lead,0.0,0.0,754
epithelial cell of stratum germinativum of esophagus,IL1RAP,IL1RAP,lead,3.846,0.03162,754
epithelial cell of stratum germinativum of esophagus,FLT3,FLT3,control,0.0,0.0,754
epithelial cell of stratum germinativum of esophagus,CD33,CD33,clinical,0.0,0.0,754
epithelial cell of stratum germinativum of esophagus,IL3RA,CD123,clinical,0.0,0.0,754
epithelial cell of stratum germinativum of esophagus,CLEC12A,CLL-1,clinical,0.0,0.0,754
epithelial cell of stratum germinativum of esophagus,CD7,CD7,ppac,0.531,0.00611,754
epithelial cell of stratum germinativum of esophagus,TNFRSF4,TNFRSF4,ppac,0.398,0.00239,754
epithelial cell of stratum germinativum of esophagus,ABCA7,ABCA7,ppac,2.122,0.02136,754
epithelial cell of stratum germinativum of esophagus,ITGAX,ITGAX,ppac,0.0,0.0,754
epithelial cell of thymus,CD96,CD96,lead,0.903,0.00778,554
epithelial cell of thymus,CD9,CD9,lead,53.791,0.88198,554
epithelial cell of thymus,SUCNR1,SUCNR1,lead,0.0,0.0,554
epithelial cell of thymus,IL1RAP,IL1RAP,lead,3.43,0.02762,554
epithelial cell of thymus,FLT3,FLT3,control,0.0,0.0,554
epithelial cell of thymus,CD33,CD33,clinical,0.0,0.0,554
epithelial cell of thymus,IL3RA,CD123,clinical,2.708,0.02238,554
epithelial cell of thymus,CLEC12A,CLL-1,clinical,0.0,0.0,554
epithelial cell of thymus,CD7,CD7,ppac,4.152,0.03349,554
epithelial cell of thymus,TNFRSF4,TNFRSF4,ppac,5.415,0.04846,554
epithelial cell of thymus,ABCA7,ABCA7,ppac,3.971,0.03015,554
epithelial cell of thymus,ITGAX,ITGAX,ppac,0.181,0.00123,554
epithelial cell of urethra,CD96,CD96,lead,0.334,0.00256,6582
epithelial cell of urethra,CD9,CD9,lead,99.164,2.54205,6582
epithelial cell of urethra,SUCNR1,SUCNR1,lead,0.0,0.0,6582
epithelial cell of urethra,IL1RAP,IL1RAP,lead,7.414,0.05903,6582
epithelial cell of urethra,FLT3,FLT3,control,0.0,0.0,6582
epithelial cell of urethra,CD33,CD33,clinical,0.243,0.00208,6582
epithelial cell of urethra,IL3RA,CD123,clinical,0.668,0.00514,6582
epithelial cell of urethra,CLEC12A,CLL-1,clinical,0.0,0.0,6582
epithelial cell of urethra,CD7,CD7,ppac,0.365,0.0029,6582
epithelial cell of urethra,TNFRSF4,TNFRSF4,ppac,0.106,0.00085,6582
epithelial cell of urethra,ABCA7,ABCA7,ppac,0.577,0.00382,6582
epithelial cell of urethra,ITGAX,ITGAX,ppac,0.076,0.00065,6582
epithelial cell of uterus,CD96,CD96,lead,5.004,0.0256,1319
epithelial cell of uterus,CD9,CD9,lead,68.916,1.00895,1319
epithelial cell of uterus,SUCNR1,SUCNR1,lead,0.152,0.00055,1319
epithelial cell of uterus,IL1RAP,IL1RAP,lead,24.943,0.1447,1319
epithelial cell of uterus,FLT3,FLT3,control,2.729,0.01232,1319
epithelial cell of uterus,CD33,CD33,clinical,0.379,0.00143,1319
epithelial cell of uterus,IL3RA,CD123,clinical,0.0,0.0,1319
epithelial cell of uterus,CLEC12A,CLL-1,clinical,0.379,0.00153,1319
epithelial cell of uterus,CD7,CD7,ppac,4.625,0.01988,1319
epithelial cell of uterus,TNFRSF4,TNFRSF4,ppac,2.199,0.00601,1319
epithelial cell of uterus,ABCA7,ABCA7,ppac,15.845,0.07541,1319
epithelial cell of uterus,ITGAX,ITGAX,ppac,4.17,0.01509,1319
eurydendroid cell,CD96,CD96,lead,0.542,0.00599,1291
eurydendroid cell,CD9,CD9,lead,7.591,0.1061,1291
eurydendroid cell,SUCNR1,SUCNR1,lead,21.998,0.25307,1291
eurydendroid cell,IL1RAP,IL1RAP,lead,18.513,0.20141,1291
eurydendroid cell,FLT3,FLT3,control,0.232,0.00232,1291
eurydendroid cell,CD33,CD33,clinical,25.019,0.24612,1291
eurydendroid cell,IL3RA,CD123,clinical,35.631,0.41497,1291
eurydendroid cell,CLEC12A,CLL-1,clinical,0.465,0.00245,1291
eurydendroid cell,CD7,CD7,ppac,5.19,0.05256,1291
eurydendroid cell,TNFRSF4,TNFRSF4,ppac,2.943,0.03131,1291
eurydendroid cell,ABCA7,ABCA7,ppac,1.472,0.01216,1291
eurydendroid cell,ITGAX,ITGAX,ppac,28.815,0.34894,1291
extracellular matrix secreting cell,CD96,CD96,lead,0.051,0.00067,1971
extracellular matrix secreting cell,CD9,CD9,lead,38.356,0.61543,1971
extracellular matrix secreting cell,SUCNR1,SUCNR1,lead,0.0,0.0,1971
extracellular matrix secreting cell,IL1RAP,IL1RAP,lead,1.268,0.0149,1971
extracellular matrix secreting cell,FLT3,FLT3,control,0.0,0.0,1971
extracellular matrix secreting cell,CD33,CD33,clinical,0.051,0.00071,1971
extracellular matrix secreting cell,IL3RA,CD123,clinical,0.051,0.00058,1971
extracellular matrix secreting cell,CLEC12A,CLL-1,clinical,0.0,0.0,1971
extracellular matrix secreting cell,CD7,CD7,ppac,1.116,0.01408,1971
extracellular matrix secreting cell,TNFRSF4,TNFRSF4,ppac,0.051,0.0004,1971
extracellular matrix secreting cell,ABCA7,ABCA7,ppac,0.66,0.00765,1971
extracellular matrix secreting cell,ITGAX,ITGAX,ppac,0.0,0.0,1971
extratelencephalic-projecting glutamatergic cortical neuron,CD96,CD96,lead,0.151,0.00166,70109
extratelencephalic-projecting glutamatergic cortical neuron,CD9,CD9,lead,1.663,0.01819,70109
extratelencephalic-projecting glutamatergic cortical neuron,SUCNR1,SUCNR1,lead,0.0,0.0,70109
extratelencephalic-projecting glutamatergic cortical neuron,IL1RAP,IL1RAP,lead,0.305,0.00323,70109
extratelencephalic-projecting glutamatergic cortical neuron,FLT3,FLT3,control,0.121,0.00128,70109
extratelencephalic-projecting glutamatergic cortical neuron,CD33,CD33,clinical,0.272,0.00292,70109
extratelencephalic-projecting glutamatergic cortical neuron,IL3RA,CD123,clinical,0.501,0.00517,70109
extratelencephalic-projecting glutamatergic cortical neuron,CLEC12A,CLL-1,clinical,0.0,0.0,70109
extratelencephalic-projecting glutamatergic cortical neuron,CD7,CD7,ppac,0.066,0.00069,70109
extratelencephalic-projecting glutamatergic cortical neuron,TNFRSF4,TNFRSF4,ppac,0.058,0.00062,70109
extratelencephalic-projecting glutamatergic cortical neuron,ABCA7,ABCA7,ppac,3.319,0.03485,70109
extratelencephalic-projecting glutamatergic cortical neuron,ITGAX,ITGAX,ppac,0.076,0.00083,70109
extravillous trophoblast,CD96,CD96,lead,0.977,0.00704,54162
extravillous trophoblast,CD9,CD9,lead,62.57,0.68945,54162
extravillous trophoblast,SUCNR1,SUCNR1,lead,0.545,0.00303,54162
extravillous trophoblast,IL1RAP,IL1RAP,lead,60.674,0.65147,54162
extravillous trophoblast,FLT3,FLT3,control,0.428,0.00347,54162
extravillous trophoblast,CD33,CD33,clinical,0.336,0.00133,54162
extravillous trophoblast,IL3RA,CD123,clinical,0.583,0.00249,54162
extravillous trophoblast,CLEC12A,CLL-1,clinical,1.525,0.00856,54162
extravillous trophoblast,CD7,CD7,ppac,5.639,0.03028,54162
extravillous trophoblast,TNFRSF4,TNFRSF4,ppac,0.646,0.00262,54162
extravillous trophoblast,ABCA7,ABCA7,ppac,67.778,0.7494,54162
extravillous trophoblast,ITGAX,ITGAX,ppac,0.742,0.00536,54162
eye photoreceptor cell,CD96,CD96,lead,1.093,0.00697,3293
eye photoreceptor cell,CD9,CD9,lead,10.112,0.14561,3293
eye photoreceptor cell,SUCNR1,SUCNR1,lead,0.0,0.0,3293
eye photoreceptor cell,IL1RAP,IL1RAP,lead,0.425,0.00404,3293
eye photoreceptor cell,FLT3,FLT3,control,0.243,0.00107,3293
eye photoreceptor cell,CD33,CD33,clinical,0.121,0.00104,3293
eye photoreceptor cell,IL3RA,CD123,clinical,0.061,0.00109,3293
eye photoreceptor cell,CLEC12A,CLL-1,clinical,0.182,0.0012,3293
eye photoreceptor cell,CD7,CD7,ppac,0.425,0.00494,3293
eye photoreceptor cell,TNFRSF4,TNFRSF4,ppac,0.0,0.0,3293
eye photoreceptor cell,ABCA7,ABCA7,ppac,31.4,0.39924,3293
eye photoreceptor cell,ITGAX,ITGAX,ppac,0.213,0.00177,3293
fallopian tube secretory epithelial cell,CD96,CD96,lead,3.463,0.01854,2108
fallopian tube secretory epithelial cell,CD9,CD9,lead,97.249,2.14402,2108
fallopian tube secretory epithelial cell,SUCNR1,SUCNR1,lead,0.237,0.00085,2108
fallopian tube secretory epithelial cell,IL1RAP,IL1RAP,lead,23.909,0.11667,2108
fallopian tube secretory epithelial cell,FLT3,FLT3,control,0.19,0.00048,2108
fallopian tube secretory epithelial cell,CD33,CD33,clinical,1.233,0.00374,2108
fallopian tube secretory epithelial cell,IL3RA,CD123,clinical,2.562,0.00949,2108
fallopian tube secretory epithelial cell,CLEC12A,CLL-1,clinical,0.474,0.0008,2108
fallopian tube secretory epithelial cell,CD7,CD7,ppac,3.178,0.02012,2108
fallopian tube secretory epithelial cell,TNFRSF4,TNFRSF4,ppac,0.142,0.00104,2108
fallopian tube secretory epithelial cell,ABCA7,ABCA7,ppac,2.751,0.00895,2108
fallopian tube secretory epithelial cell,ITGAX,ITGAX,ppac,0.522,0.00133,2108
fast muscle cell,CD96,CD96,lead,0.229,0.00431,68185
fast muscle cell,CD9,CD9,lead,1.401,0.02648,68185
fast muscle cell,SUCNR1,SUCNR1,lead,0.009,0.00019,68185
fast muscle cell,IL1RAP,IL1RAP,lead,0.23,0.00427,68185
fast muscle cell,FLT3,FLT3,control,0.141,0.00287,68185
fast muscle cell,CD33,CD33,clinical,0.063,0.00147,68185
fast muscle cell,IL3RA,CD123,clinical,0.092,0.00227,68185
fast muscle cell,CLEC12A,CLL-1,clinical,0.05,0.00093,68185
fast muscle cell,CD7,CD7,ppac,0.054,0.00108,68185
fast muscle cell,TNFRSF4,TNFRSF4,ppac,0.141,0.0027,68185
fast muscle cell,ABCA7,ABCA7,ppac,6.079,0.11977,68185
fast muscle cell,ITGAX,ITGAX,ppac,0.384,0.00717,68185
fenestrated endothelial cell,CD96,CD96,lead,2.783,0.04695,38739
fenestrated endothelial cell,CD9,CD9,lead,40.843,0.80706,38739
fenestrated endothelial cell,SUCNR1,SUCNR1,lead,0.01,0.00018,38739
fenestrated endothelial cell,IL1RAP,IL1RAP,lead,7.197,0.10357,38739
fenestrated endothelial cell,FLT3,FLT3,control,0.444,0.00719,38739
fenestrated endothelial cell,CD33,CD33,clinical,0.15,0.00206,38739
fenestrated endothelial cell,IL3RA,CD123,clinical,14.288,0.23743,38739
fenestrated endothelial cell,CLEC12A,CLL-1,clinical,0.31,0.00505,38739
fenestrated endothelial cell,CD7,CD7,ppac,0.25,0.00407,38739
fenestrated endothelial cell,TNFRSF4,TNFRSF4,ppac,3.142,0.04209,38739
fenestrated endothelial cell,ABCA7,ABCA7,ppac,3.676,0.06009,38739
fenestrated endothelial cell,ITGAX,ITGAX,ppac,0.984,0.01744,38739
fetal cardiomyocyte,CD96,CD96,lead,0.229,0.00313,1310
fetal cardiomyocyte,CD9,CD9,lead,3.053,0.03349,1310
fetal cardiomyocyte,SUCNR1,SUCNR1,lead,0.076,0.00039,1310
fetal cardiomyocyte,IL1RAP,IL1RAP,lead,0.687,0.00635,1310
fetal cardiomyocyte,FLT3,FLT3,control,0.0,0.0,1310
fetal cardiomyocyte,CD33,CD33,clinical,0.076,0.00054,1310
fetal cardiomyocyte,IL3RA,CD123,clinical,0.687,0.00739,1310
fetal cardiomyocyte,CLEC12A,CLL-1,clinical,0.0,0.0,1310
fetal cardiomyocyte,CD7,CD7,ppac,0.382,0.00435,1310
fetal cardiomyocyte,TNFRSF4,TNFRSF4,ppac,0.229,0.00256,1310
fetal cardiomyocyte,ABCA7,ABCA7,ppac,2.214,0.01953,1310
fetal cardiomyocyte,ITGAX,ITGAX,ppac,0.0,0.0,1310
fetal pre-type II pulmonary alveolar epithelial cell,CD96,CD96,lead,0.045,0.00026,2216
fetal pre-type II pulmonary alveolar epithelial cell,CD9,CD9,lead,86.011,1.12457,2216
fetal pre-type II pulmonary alveolar epithelial cell,SUCNR1,SUCNR1,lead,0.0,0.0,2216
fetal pre-type II pulmonary alveolar epithelial cell,IL1RAP,IL1RAP,lead,0.226,0.00125,2216
fetal pre-type II pulmonary alveolar epithelial cell,FLT3,FLT3,control,0.0,0.0,2216
fetal pre-type II pulmonary alveolar epithelial cell,CD33,CD33,clinical,0.0,0.0,2216
fetal pre-type II pulmonary alveolar epithelial cell,IL3RA,CD123,clinical,0.0,0.0,2216
fetal pre-type II pulmonary alveolar epithelial cell,CLEC12A,CLL-1,clinical,0.0,0.0,2216
fetal pre-type II pulmonary alveolar epithelial cell,CD7,CD7,ppac,0.181,0.00093,2216
fetal pre-type II pulmonary alveolar epithelial cell,TNFRSF4,TNFRSF4,ppac,0.135,0.00065,2216
fetal pre-type II pulmonary alveolar epithelial cell,ABCA7,ABCA7,ppac,18.186,0.10788,2216
fetal pre-type II pulmonary alveolar epithelial cell,ITGAX,ITGAX,ppac,0.0,0.0,2216
fibro/adipogenic progenitor cell,CD96,CD96,lead,4.689,0.06706,16423
fibro/adipogenic progenitor cell,CD9,CD9,lead,9.097,0.12867,16423
fibro/adipogenic progenitor cell,SUCNR1,SUCNR1,lead,1.011,0.01346,16423
fibro/adipogenic progenitor cell,IL1RAP,IL1RAP,lead,5.194,0.06933,16423
fibro/adipogenic progenitor cell,FLT3,FLT3,control,0.548,0.00713,16423
fibro/adipogenic progenitor cell,CD33,CD33,clinical,0.42,0.00536,16423
fibro/adipogenic progenitor cell,IL3RA,CD123,clinical,12.671,0.16529,16423
fibro/adipogenic progenitor cell,CLEC12A,CLL-1,clinical,1.309,0.02076,16423
fibro/adipogenic progenitor cell,CD7,CD7,ppac,0.134,0.0016,16423
fibro/adipogenic progenitor cell,TNFRSF4,TNFRSF4,ppac,0.286,0.00274,16423
fibro/adipogenic progenitor cell,ABCA7,ABCA7,ppac,0.913,0.0126,16423
fibro/adipogenic progenitor cell,ITGAX,ITGAX,ppac,0.999,0.01318,16423
fibroblast,CD96,CD96,lead,1.585,0.0209,2041681
fibroblast,CD9,CD9,lead,26.354,0.38846,2041681
fibroblast,SUCNR1,SUCNR1,lead,0.328,0.00377,2041681
fibroblast,IL1RAP,IL1RAP,lead,7.066,0.08434,2041681
fibroblast,FLT3,FLT3,control,0.905,0.01343,2041681
fibroblast,CD33,CD33,clinical,0.197,0.00173,2041681
fibroblast,IL3RA,CD123,clinical,5.866,0.07102,2041681
fibroblast,CLEC12A,CLL-1,clinical,0.548,0.00746,2041681
fibroblast,CD7,CD7,ppac,0.992,0.00924,2041681
fibroblast,TNFRSF4,TNFRSF4,ppac,1.486,0.01649,2041681
fibroblast,ABCA7,ABCA7,ppac,1.525,0.01731,2041681
fibroblast,ITGAX,ITGAX,ppac,0.562,0.00647,2041681
fibroblast of breast,CD96,CD96,lead,4.072,0.04724,5943
fibroblast of breast,CD9,CD9,lead,36.059,0.39126,5943
fibroblast of breast,SUCNR1,SUCNR1,lead,1.127,0.00892,5943
fibroblast of breast,IL1RAP,IL1RAP,lead,5.94,0.05745,5943
fibroblast of breast,FLT3,FLT3,control,0.589,0.00735,5943
fibroblast of breast,CD33,CD33,clinical,0.084,0.00071,5943
fibroblast of breast,IL3RA,CD123,clinical,0.522,0.01324,5943
fibroblast of breast,CLEC12A,CLL-1,clinical,0.572,0.00749,5943
fibroblast of breast,CD7,CD7,ppac,4.812,0.04375,5943
fibroblast of breast,TNFRSF4,TNFRSF4,ppac,4.19,0.0353,5943
fibroblast of breast,ABCA7,ABCA7,ppac,0.925,0.0075,5943
fibroblast of breast,ITGAX,ITGAX,ppac,1.026,0.00837,5943
fibroblast of cardiac tissue,CD96,CD96,lead,1.257,0.01828,35313
fibroblast of cardiac tissue,CD9,CD9,lead,18.194,0.25942,35313
fibroblast of cardiac tissue,SUCNR1,SUCNR1,lead,0.071,0.00099,35313
fibroblast of cardiac tissue,IL1RAP,IL1RAP,lead,10.769,0.16247,35313
fibroblast of cardiac tissue,FLT3,FLT3,control,0.878,0.01272,35313
fibroblast of cardiac tissue,CD33,CD33,clinical,0.133,0.00182,35313
fibroblast of cardiac tissue,IL3RA,CD123,clinical,3.693,0.05435,35313
fibroblast of cardiac tissue,CLEC12A,CLL-1,clinical,0.912,0.01257,35313
fibroblast of cardiac tissue,CD7,CD7,ppac,0.048,0.00068,35313
fibroblast of cardiac tissue,TNFRSF4,TNFRSF4,ppac,0.362,0.00475,35313
fibroblast of cardiac tissue,ABCA7,ABCA7,ppac,0.379,0.00486,35313
fibroblast of cardiac tissue,ITGAX,ITGAX,ppac,0.286,0.0041,35313
fibroblast of choroid plexus,CD96,CD96,lead,0.34,0.00304,7947
fibroblast of choroid plexus,CD9,CD9,lead,18.938,0.215,7947
fibroblast of choroid plexus,SUCNR1,SUCNR1,lead,0.076,0.00096,7947
fibroblast of choroid plexus,IL1RAP,IL1RAP,lead,2.856,0.02475,7947
fibroblast of choroid plexus,FLT3,FLT3,control,0.076,0.00071,7947
fibroblast of choroid plexus,CD33,CD33,clinical,0.063,0.00037,7947
fibroblast of choroid plexus,IL3RA,CD123,clinical,3.309,0.03676,7947
fibroblast of choroid plexus,CLEC12A,CLL-1,clinical,0.05,0.00042,7947
fibroblast of choroid plexus,CD7,CD7,ppac,0.919,0.0075,7947
fibroblast of choroid plexus,TNFRSF4,TNFRSF4,ppac,0.327,0.00281,7947
fibroblast of choroid plexus,ABCA7,ABCA7,ppac,2.29,0.01812,7947
fibroblast of choroid plexus,ITGAX,ITGAX,ppac,0.063,0.00039,7947
fibroblast of connective tissue of glandular part of prostate,CD96,CD96,lead,0.731,0.00705,684
fibroblast of connective tissue of glandular part of prostate,CD9,CD9,lead,56.725,0.92007,684
fibroblast of connective tissue of glandular part of prostate,SUCNR1,SUCNR1,lead,0.0,0.0,684
fibroblast of connective tissue of glandular part of prostate,IL1RAP,IL1RAP,lead,1.316,0.01171,684
fibroblast of connective tissue of glandular part of prostate,FLT3,FLT3,control,0.0,0.0,684
fibroblast of connective tissue of glandular part of prostate,CD33,CD33,clinical,0.146,0.00129,684
fibroblast of connective tissue of glandular part of prostate,IL3RA,CD123,clinical,0.877,0.00706,684
fibroblast of connective tissue of glandular part of prostate,CLEC12A,CLL-1,clinical,0.0,0.0,684
fibroblast of connective tissue of glandular part of prostate,CD7,CD7,ppac,1.316,0.01231,684
fibroblast of connective tissue of glandular part of prostate,TNFRSF4,TNFRSF4,ppac,9.064,0.12213,684
fibroblast of connective tissue of glandular part of prostate,ABCA7,ABCA7,ppac,0.0,0.0,684
fibroblast of connective tissue of glandular part of prostate,ITGAX,ITGAX,ppac,0.292,0.00393,684
fibroblast of dermis,CD96,CD96,lead,0.305,0.00285,14105
fibroblast of dermis,CD9,CD9,lead,32.223,0.4045,14105
fibroblast of dermis,SUCNR1,SUCNR1,lead,0.007,9e-05,14105
fibroblast of dermis,IL1RAP,IL1RAP,lead,1.893,0.01558,14105
fibroblast of dermis,FLT3,FLT3,control,0.043,0.00031,14105
fibroblast of dermis,CD33,CD33,clinical,0.149,0.00144,14105
fibroblast of dermis,IL3RA,CD123,clinical,0.184,0.00167,14105
fibroblast of dermis,CLEC12A,CLL-1,clinical,0.021,0.00019,14105
fibroblast of dermis,CD7,CD7,ppac,0.397,0.00377,14105
fibroblast of dermis,TNFRSF4,TNFRSF4,ppac,0.099,0.00078,14105
fibroblast of dermis,ABCA7,ABCA7,ppac,1.113,0.00739,14105
fibroblast of dermis,ITGAX,ITGAX,ppac,0.007,8e-05,14105
fibroblast of gingiva,CD96,CD96,lead,0.0,0.0,636
fibroblast of gingiva,CD9,CD9,lead,44.025,0.70275,636
fibroblast of gingiva,SUCNR1,SUCNR1,lead,0.0,0.0,636
fibroblast of gingiva,IL1RAP,IL1RAP,lead,1.887,0.01492,636
fibroblast of gingiva,FLT3,FLT3,control,0.0,0.0,636
fibroblast of gingiva,CD33,CD33,clinical,0.157,0.00188,636
fibroblast of gingiva,IL3RA,CD123,clinical,0.472,0.00367,636
fibroblast of gingiva,CLEC12A,CLL-1,clinical,0.314,0.00295,636
fibroblast of gingiva,CD7,CD7,ppac,0.472,0.00811,636
fibroblast of gingiva,TNFRSF4,TNFRSF4,ppac,0.943,0.01679,636
fibroblast of gingiva,ABCA7,ABCA7,ppac,0.314,0.00433,636
fibroblast of gingiva,ITGAX,ITGAX,ppac,0.314,0.00227,636
fibroblast of lung,CD96,CD96,lead,0.927,0.01168,32044
fibroblast of lung,CD9,CD9,lead,7.44,0.12158,32044
fibroblast of lung,SUCNR1,SUCNR1,lead,0.059,0.00069,32044
fibroblast of lung,IL1RAP,IL1RAP,lead,13.6,0.15398,32044
fibroblast of lung,FLT3,FLT3,control,0.437,0.00589,32044
fibroblast of lung,CD33,CD33,clinical,0.206,0.00219,32044
fibroblast of lung,IL3RA,CD123,clinical,2.216,0.03151,32044
fibroblast of lung,CLEC12A,CLL-1,clinical,0.646,0.00776,32044
fibroblast of lung,CD7,CD7,ppac,0.568,0.00572,32044
fibroblast of lung,TNFRSF4,TNFRSF4,ppac,0.474,0.00528,32044
fibroblast of lung,ABCA7,ABCA7,ppac,1.12,0.01254,32044
fibroblast of lung,ITGAX,ITGAX,ppac,0.68,0.00876,32044
fibroblast of mammary gland,CD96,CD96,lead,0.238,0.00251,270739
fibroblast of mammary gland,CD9,CD9,lead,22.036,0.3143,270739
fibroblast of mammary gland,SUCNR1,SUCNR1,lead,0.414,0.00514,270739
fibroblast of mammary gland,IL1RAP,IL1RAP,lead,1.614,0.01641,270739
fibroblast of mammary gland,FLT3,FLT3,control,0.017,0.00017,270739
fibroblast of mammary gland,CD33,CD33,clinical,0.12,0.00099,270739
fibroblast of mammary gland,IL3RA,CD123,clinical,1.21,0.01296,270739
fibroblast of mammary gland,CLEC12A,CLL-1,clinical,0.031,0.00039,270739
fibroblast of mammary gland,CD7,CD7,ppac,0.88,0.00966,270739
fibroblast of mammary gland,TNFRSF4,TNFRSF4,ppac,12.923,0.19668,270739
fibroblast of mammary gland,ABCA7,ABCA7,ppac,0.328,0.00338,270739
fibroblast of mammary gland,ITGAX,ITGAX,ppac,0.137,0.00138,270739
fibroblast of the aortic adventitia,CD96,CD96,lead,0.189,0.00279,4757
fibroblast of the aortic adventitia,CD9,CD9,lead,57.032,0.9781,4757
fibroblast of the aortic adventitia,SUCNR1,SUCNR1,lead,0.0,0.0,4757
fibroblast of the aortic adventitia,IL1RAP,IL1RAP,lead,3.847,0.04334,4757
fibroblast of the aortic adventitia,FLT3,FLT3,control,0.063,0.00093,4757
fibroblast of the aortic adventitia,CD33,CD33,clinical,0.147,0.00195,4757
fibroblast of the aortic adventitia,IL3RA,CD123,clinical,0.61,0.00929,4757
fibroblast of the aortic adventitia,CLEC12A,CLL-1,clinical,0.231,0.00309,4757
fibroblast of the aortic adventitia,CD7,CD7,ppac,0.063,0.00126,4757
fibroblast of the aortic adventitia,TNFRSF4,TNFRSF4,ppac,0.231,0.00296,4757
fibroblast of the aortic adventitia,ABCA7,ABCA7,ppac,0.189,0.00209,4757
fibroblast of the aortic adventitia,ITGAX,ITGAX,ppac,0.105,0.00115,4757
flat midget bipolar cell,CD96,CD96,lead,0.165,0.00207,139018
flat midget bipolar cell,CD9,CD9,lead,2.16,0.02751,139018
flat midget bipolar cell,SUCNR1,SUCNR1,lead,0.0,0.0,139018
flat midget bipolar cell,IL1RAP,IL1RAP,lead,16.55,0.22631,139018
flat midget bipolar cell,FLT3,FLT3,control,0.272,0.00332,139018
flat midget bipolar cell,CD33,CD33,clinical,0.005,6e-05,139018
flat midget bipolar cell,IL3RA,CD123,clinical,39.861,0.57822,139018
flat midget bipolar cell,CLEC12A,CLL-1,clinical,0.035,0.00043,139018
flat midget bipolar cell,CD7,CD7,ppac,0.011,0.00013,139018
flat midget bipolar cell,TNFRSF4,TNFRSF4,ppac,0.021,0.00027,139018
flat midget bipolar cell,ABCA7,ABCA7,ppac,46.761,0.69052,139018
flat midget bipolar cell,ITGAX,ITGAX,ppac,0.042,0.00054,139018
forebrain neuroblast,CD96,CD96,lead,0.839,0.00934,21227
forebrain neuroblast,CD9,CD9,lead,6.539,0.0686,21227
forebrain neuroblast,SUCNR1,SUCNR1,lead,0.014,0.00011,21227
forebrain neuroblast,IL1RAP,IL1RAP,lead,2.483,0.02776,21227
forebrain neuroblast,FLT3,FLT3,control,1.324,0.01408,21227
forebrain neuroblast,CD33,CD33,clinical,0.061,0.00027,21227
forebrain neuroblast,IL3RA,CD123,clinical,2.162,0.01651,21227
forebrain neuroblast,CLEC12A,CLL-1,clinical,0.424,0.00499,21227
forebrain neuroblast,CD7,CD7,ppac,0.457,0.00204,21227
forebrain neuroblast,TNFRSF4,TNFRSF4,ppac,0.052,0.00054,21227
forebrain neuroblast,ABCA7,ABCA7,ppac,2.699,0.0246,21227
forebrain neuroblast,ITGAX,ITGAX,ppac,0.127,0.00128,21227
forebrain radial glial cell,CD96,CD96,lead,0.631,0.00675,76542
forebrain radial glial cell,CD9,CD9,lead,23.949,0.38895,76542
forebrain radial glial cell,SUCNR1,SUCNR1,lead,0.013,0.00014,76542
forebrain radial glial cell,IL1RAP,IL1RAP,lead,0.589,0.00523,76542
forebrain radial glial cell,FLT3,FLT3,control,0.231,0.0022,76542
forebrain radial glial cell,CD33,CD33,clinical,0.068,0.00065,76542
forebrain radial glial cell,IL3RA,CD123,clinical,4.817,0.05323,76542
forebrain radial glial cell,CLEC12A,CLL-1,clinical,0.009,8e-05,76542
forebrain radial glial cell,CD7,CD7,ppac,0.374,0.00262,76542
forebrain radial glial cell,TNFRSF4,TNFRSF4,ppac,0.025,0.0003,76542
forebrain radial glial cell,ABCA7,ABCA7,ppac,0.669,0.00536,76542
forebrain radial glial cell,ITGAX,ITGAX,ppac,0.041,0.00048,76542
foveolar cell of stomach,CD96,CD96,lead,0.363,0.00338,17613
foveolar cell of stomach,CD9,CD9,lead,30.25,0.41093,17613
foveolar cell of stomach,SUCNR1,SUCNR1,lead,0.114,0.00097,17613
foveolar cell of stomach,IL1RAP,IL1RAP,lead,1.823,0.01558,17613
foveolar cell of stomach,FLT3,FLT3,control,0.011,0.00013,17613
foveolar cell of stomach,CD33,CD33,clinical,0.034,0.00023,17613
foveolar cell of stomach,IL3RA,CD123,clinical,0.074,0.00065,17613
foveolar cell of stomach,CLEC12A,CLL-1,clinical,0.034,0.00033,17613
foveolar cell of stomach,CD7,CD7,ppac,0.857,0.0127,17613
foveolar cell of stomach,TNFRSF4,TNFRSF4,ppac,0.062,0.00082,17613
foveolar cell of stomach,ABCA7,ABCA7,ppac,1.794,0.02051,17613
foveolar cell of stomach,ITGAX,ITGAX,ppac,0.011,0.00019,17613
germ cell,CD96,CD96,lead,2.425,0.01265,14516
germ cell,CD9,CD9,lead,56.586,0.65314,14516
germ cell,SUCNR1,SUCNR1,lead,0.468,0.00219,14516
germ cell,IL1RAP,IL1RAP,lead,3.686,0.019,14516
germ cell,FLT3,FLT3,control,1.116,0.00567,14516
germ cell,CD33,CD33,clinical,0.648,0.00318,14516
germ cell,IL3RA,CD123,clinical,3.279,0.02449,14516
germ cell,CLEC12A,CLL-1,clinical,0.179,0.00131,14516
germ cell,CD7,CD7,ppac,8.591,0.04604,14516
germ cell,TNFRSF4,TNFRSF4,ppac,1.026,0.00511,14516
germ cell,ABCA7,ABCA7,ppac,3.555,0.02142,14516
germ cell,ITGAX,ITGAX,ppac,0.703,0.00409,14516
giant bipolar cell,CD96,CD96,lead,0.157,0.00194,24264
giant bipolar cell,CD9,CD9,lead,2.032,0.02538,24264
giant bipolar cell,SUCNR1,SUCNR1,lead,0.0,0.0,24264
giant bipolar cell,IL1RAP,IL1RAP,lead,0.697,0.00763,24264
giant bipolar cell,FLT3,FLT3,control,0.354,0.00422,24264
giant bipolar cell,CD33,CD33,clinical,0.0,0.0,24264
giant bipolar cell,IL3RA,CD123,clinical,54.937,0.84293,24264
giant bipolar cell,CLEC12A,CLL-1,clinical,0.033,0.00044,24264
giant bipolar cell,CD7,CD7,ppac,0.004,2e-05,24264
giant bipolar cell,TNFRSF4,TNFRSF4,ppac,0.095,0.0012,24264
giant bipolar cell,ABCA7,ABCA7,ppac,37.01,0.51402,24264
giant bipolar cell,ITGAX,ITGAX,ppac,0.045,0.00058,24264
glandular cell of esophagus,CD96,CD96,lead,1.057,0.00565,1135
glandular cell of esophagus,CD9,CD9,lead,86.52,1.95,1135
glandular cell of esophagus,SUCNR1,SUCNR1,lead,0.088,0.00026,1135
glandular cell of esophagus,IL1RAP,IL1RAP,lead,6.608,0.04869,1135
glandular cell of esophagus,FLT3,FLT3,control,0.088,0.00026,1135
glandular cell of esophagus,CD33,CD33,clinical,0.0,0.0,1135
glandular cell of esophagus,IL3RA,CD123,clinical,0.176,0.00058,1135
glandular cell of esophagus,CLEC12A,CLL-1,clinical,0.0,0.0,1135
glandular cell of esophagus,CD7,CD7,ppac,1.057,0.009,1135
glandular cell of esophagus,TNFRSF4,TNFRSF4,ppac,0.176,0.00229,1135
glandular cell of esophagus,ABCA7,ABCA7,ppac,8.018,0.06154,1135
glandular cell of esophagus,ITGAX,ITGAX,ppac,0.352,0.00687,1135
glandular secretory epithelial cell,CD96,CD96,lead,0.652,0.00512,22384
glandular secretory epithelial cell,CD9,CD9,lead,90.864,2.00681,22384
glandular secretory epithelial cell,SUCNR1,SUCNR1,lead,0.0,0.0,22384
glandular secretory epithelial cell,IL1RAP,IL1RAP,lead,5.361,0.03687,22384
glandular secretory epithelial cell,FLT3,FLT3,control,1.716,0.00936,22384
glandular secretory epithelial cell,CD33,CD33,clinical,0.049,0.00047,22384
glandular secretory epithelial cell,IL3RA,CD123,clinical,2.287,0.01803,22384
glandular secretory epithelial cell,CLEC12A,CLL-1,clinical,0.246,0.00195,22384
glandular secretory epithelial cell,CD7,CD7,ppac,3.431,0.02673,22384
glandular secretory epithelial cell,TNFRSF4,TNFRSF4,ppac,0.572,0.00389,22384
glandular secretory epithelial cell,ABCA7,ABCA7,ppac,8.408,0.06327,22384
glandular secretory epithelial cell,ITGAX,ITGAX,ppac,0.532,0.00444,22384
glial cell,CD96,CD96,lead,1.052,0.01469,42604
glial cell,CD9,CD9,lead,57.765,1.12467,42604
glial cell,SUCNR1,SUCNR1,lead,0.094,0.0013,42604
glial cell,IL1RAP,IL1RAP,lead,6.631,0.08165,42604
glial cell,FLT3,FLT3,control,0.725,0.00837,42604
glial cell,CD33,CD33,clinical,2.382,0.02982,42604
glial cell,IL3RA,CD123,clinical,16.689,0.22715,42604
glial cell,CLEC12A,CLL-1,clinical,1.141,0.01367,42604
glial cell,CD7,CD7,ppac,0.725,0.00814,42604
glial cell,TNFRSF4,TNFRSF4,ppac,0.317,0.00462,42604
glial cell,ABCA7,ABCA7,ppac,3.237,0.03778,42604
glial cell,ITGAX,ITGAX,ppac,1.068,0.01586,42604
glioblast,CD96,CD96,lead,2.051,0.02375,189746
glioblast,CD9,CD9,lead,22.512,0.2857,189746
glioblast,SUCNR1,SUCNR1,lead,0.061,0.00074,189746
glioblast,IL1RAP,IL1RAP,lead,5.006,0.05575,189746
glioblast,FLT3,FLT3,control,0.964,0.00836,189746
glioblast,CD33,CD33,clinical,0.041,0.0005,189746
glioblast,IL3RA,CD123,clinical,1.175,0.01162,189746
glioblast,CLEC12A,CLL-1,clinical,0.079,0.00077,189746
glioblast,CD7,CD7,ppac,0.048,0.00048,189746
glioblast,TNFRSF4,TNFRSF4,ppac,0.078,0.00096,189746
glioblast,ABCA7,ABCA7,ppac,1.213,0.01084,189746
glioblast,ITGAX,ITGAX,ppac,0.132,0.00137,189746
glomerular capillary endothelial cell,CD96,CD96,lead,1.087,0.01914,920
glomerular capillary endothelial cell,CD9,CD9,lead,58.913,1.19112,920
glomerular capillary endothelial cell,SUCNR1,SUCNR1,lead,0.978,0.01041,920
glomerular capillary endothelial cell,IL1RAP,IL1RAP,lead,4.891,0.0713,920
glomerular capillary endothelial cell,FLT3,FLT3,control,0.543,0.00737,920
glomerular capillary endothelial cell,CD33,CD33,clinical,0.0,0.0,920
glomerular capillary endothelial cell,IL3RA,CD123,clinical,9.457,0.12097,920
glomerular capillary endothelial cell,CLEC12A,CLL-1,clinical,0.0,0.0,920
glomerular capillary endothelial cell,CD7,CD7,ppac,0.543,0.00433,920
glomerular capillary endothelial cell,TNFRSF4,TNFRSF4,ppac,8.261,0.10349,920
glomerular capillary endothelial cell,ABCA7,ABCA7,ppac,3.261,0.04281,920
glomerular capillary endothelial cell,ITGAX,ITGAX,ppac,0.543,0.00611,920
glomerular endothelial cell,CD96,CD96,lead,0.643,0.00848,622
glomerular endothelial cell,CD9,CD9,lead,86.817,2.22228,622
glomerular endothelial cell,SUCNR1,SUCNR1,lead,0.804,0.01205,622
glomerular endothelial cell,IL1RAP,IL1RAP,lead,0.804,0.01152,622
glomerular endothelial cell,FLT3,FLT3,control,0.0,0.0,622
glomerular endothelial cell,CD33,CD33,clinical,0.0,0.0,622
glomerular endothelial cell,IL3RA,CD123,clinical,11.736,0.17316,622
glomerular endothelial cell,CLEC12A,CLL-1,clinical,0.0,0.0,622
glomerular endothelial cell,CD7,CD7,ppac,1.929,0.02676,622
glomerular endothelial cell,TNFRSF4,TNFRSF4,ppac,10.129,0.14136,622
glomerular endothelial cell,ABCA7,ABCA7,ppac,0.804,0.01174,622
glomerular endothelial cell,ITGAX,ITGAX,ppac,0.804,0.01019,622
glutamatergic neuron,CD96,CD96,lead,2.58,0.01889,560951
glutamatergic neuron,CD9,CD9,lead,2.9,0.02562,560951
glutamatergic neuron,SUCNR1,SUCNR1,lead,0.049,0.00041,560951
glutamatergic neuron,IL1RAP,IL1RAP,lead,15.94,0.14037,560951
glutamatergic neuron,FLT3,FLT3,control,3.671,0.02469,560951
glutamatergic neuron,CD33,CD33,clinical,0.096,0.00069,560951
glutamatergic neuron,IL3RA,CD123,clinical,6.372,0.06626,560951
glutamatergic neuron,CLEC12A,CLL-1,clinical,0.874,0.0044,560951
glutamatergic neuron,CD7,CD7,ppac,0.042,0.00035,560951
glutamatergic neuron,TNFRSF4,TNFRSF4,ppac,0.426,0.00244,560951
glutamatergic neuron,ABCA7,ABCA7,ppac,9.055,0.05902,560951
glutamatergic neuron,ITGAX,ITGAX,ppac,0.395,0.0022,560951
glycinergic amacrine cell,CD96,CD96,lead,0.281,0.00299,129715
glycinergic amacrine cell,CD9,CD9,lead,1.809,0.02129,129715
glycinergic amacrine cell,SUCNR1,SUCNR1,lead,0.004,3e-05,129715
glycinergic amacrine cell,IL1RAP,IL1RAP,lead,4.333,0.05492,129715
glycinergic amacrine cell,FLT3,FLT3,control,0.614,0.00612,129715
glycinergic amacrine cell,CD33,CD33,clinical,0.035,0.00037,129715
glycinergic amacrine cell,IL3RA,CD123,clinical,51.425,0.69752,129715
glycinergic amacrine cell,CLEC12A,CLL-1,clinical,0.068,0.00068,129715
glycinergic amacrine cell,CD7,CD7,ppac,0.012,0.00012,129715
glycinergic amacrine cell,TNFRSF4,TNFRSF4,ppac,0.069,0.0007,129715
glycinergic amacrine cell,ABCA7,ABCA7,ppac,14.145,0.15098,129715
glycinergic amacrine cell,ITGAX,ITGAX,ppac,0.045,0.0005,129715
glycinergic neuron,CD96,CD96,lead,0.163,0.00219,2458
glycinergic neuron,CD9,CD9,lead,3.011,0.04984,2458
glycinergic neuron,SUCNR1,SUCNR1,lead,0.081,0.00106,2458
glycinergic neuron,IL1RAP,IL1RAP,lead,2.319,0.03454,2458
glycinergic neuron,FLT3,FLT3,control,0.773,0.01124,2458
glycinergic neuron,CD33,CD33,clinical,0.041,0.00051,2458
glycinergic neuron,IL3RA,CD123,clinical,0.0,0.0,2458
glycinergic neuron,CLEC12A,CLL-1,clinical,0.0,0.0,2458
glycinergic neuron,CD7,CD7,ppac,0.041,0.00051,2458
glycinergic neuron,TNFRSF4,TNFRSF4,ppac,0.041,0.00071,2458
glycinergic neuron,ABCA7,ABCA7,ppac,1.18,0.01749,2458
glycinergic neuron,ITGAX,ITGAX,ppac,0.0,0.0,2458
granulosa cell,CD96,CD96,lead,0.507,0.00437,60508
granulosa cell,CD9,CD9,lead,47.23,0.59733,60508
granulosa cell,SUCNR1,SUCNR1,lead,0.018,0.00021,60508
granulosa cell,IL1RAP,IL1RAP,lead,2.18,0.01886,60508
granulosa cell,FLT3,FLT3,control,0.443,0.00393,60508
granulosa cell,CD33,CD33,clinical,0.061,0.00058,60508
granulosa cell,IL3RA,CD123,clinical,0.96,0.00807,60508
granulosa cell,CLEC12A,CLL-1,clinical,0.046,0.00042,60508
granulosa cell,CD7,CD7,ppac,0.17,0.00143,60508
granulosa cell,TNFRSF4,TNFRSF4,ppac,0.144,0.0013,60508
granulosa cell,ABCA7,ABCA7,ppac,3.983,0.03394,60508
granulosa cell,ITGAX,ITGAX,ppac,0.126,0.00101,60508
gut endothelial cell,CD96,CD96,lead,0.09,0.00061,4447
gut endothelial cell,CD9,CD9,lead,42.905,0.59668,4447
gut endothelial cell,SUCNR1,SUCNR1,lead,0.022,0.00022,4447
gut endothelial cell,IL1RAP,IL1RAP,lead,2.856,0.01877,4447
gut endothelial cell,FLT3,FLT3,control,0.0,0.0,4447
gut endothelial cell,CD33,CD33,clinical,0.247,0.00177,4447
gut endothelial cell,IL3RA,CD123,clinical,65.46,0.86187,4447
gut endothelial cell,CLEC12A,CLL-1,clinical,0.045,0.00029,4447
gut endothelial cell,CD7,CD7,ppac,0.36,0.00255,4447
gut endothelial cell,TNFRSF4,TNFRSF4,ppac,33.888,0.40182,4447
gut endothelial cell,ABCA7,ABCA7,ppac,1.462,0.01201,4447
gut endothelial cell,ITGAX,ITGAX,ppac,0.045,0.00059,4447
hair follicular keratinocyte,CD96,CD96,lead,0.289,0.00196,5540
hair follicular keratinocyte,CD9,CD9,lead,95.415,2.04178,5540
hair follicular keratinocyte,SUCNR1,SUCNR1,lead,0.018,0.00012,5540
hair follicular keratinocyte,IL1RAP,IL1RAP,lead,9.783,0.06813,5540
hair follicular keratinocyte,FLT3,FLT3,control,0.0,0.0,5540
hair follicular keratinocyte,CD33,CD33,clinical,0.09,0.00066,5540
hair follicular keratinocyte,IL3RA,CD123,clinical,0.235,0.00114,5540
hair follicular keratinocyte,CLEC12A,CLL-1,clinical,0.0,0.0,5540
hair follicular keratinocyte,CD7,CD7,ppac,0.181,0.00148,5540
hair follicular keratinocyte,TNFRSF4,TNFRSF4,ppac,0.126,0.00124,5540
hair follicular keratinocyte,ABCA7,ABCA7,ppac,2.112,0.01319,5540
hair follicular keratinocyte,ITGAX,ITGAX,ppac,0.09,0.00032,5540
hepatic stellate cell,CD96,CD96,lead,2.001,0.01196,30881
hepatic stellate cell,CD9,CD9,lead,15.935,0.15334,30881
hepatic stellate cell,SUCNR1,SUCNR1,lead,1.567,0.01681,30881
hepatic stellate cell,IL1RAP,IL1RAP,lead,20.543,0.18709,30881
hepatic stellate cell,FLT3,FLT3,control,0.515,0.00347,30881
hepatic stellate cell,CD33,CD33,clinical,0.278,0.00188,30881
hepatic stellate cell,IL3RA,CD123,clinical,0.806,0.00732,30881
hepatic stellate cell,CLEC12A,CLL-1,clinical,0.512,0.00357,30881
hepatic stellate cell,CD7,CD7,ppac,4.951,0.03362,30881
hepatic stellate cell,TNFRSF4,TNFRSF4,ppac,0.346,0.00335,30881
hepatic stellate cell,ABCA7,ABCA7,ppac,14.455,0.08093,30881
hepatic stellate cell,ITGAX,ITGAX,ppac,0.346,0.00325,30881
hepatoblast,CD96,CD96,lead,0.113,0.00048,11479
hepatoblast,CD9,CD9,lead,38.435,0.27948,11479
hepatoblast,SUCNR1,SUCNR1,lead,1.124,0.00573,11479
hepatoblast,IL1RAP,IL1RAP,lead,48.611,0.32273,11479
hepatoblast,FLT3,FLT3,control,0.026,7e-05,11479
hepatoblast,CD33,CD33,clinical,0.009,4e-05,11479
hepatoblast,IL3RA,CD123,clinical,0.0,0.0,11479
hepatoblast,CLEC12A,CLL-1,clinical,0.061,0.00021,11479
hepatoblast,CD7,CD7,ppac,14.095,0.07015,11479
hepatoblast,TNFRSF4,TNFRSF4,ppac,0.078,0.00024,11479
hepatoblast,ABCA7,ABCA7,ppac,18.477,0.08212,11479
hepatoblast,ITGAX,ITGAX,ppac,0.375,0.0014,11479
hepatocyte,CD96,CD96,lead,2.142,0.01717,44443
hepatocyte,CD9,CD9,lead,12.94,0.10038,44443
hepatocyte,SUCNR1,SUCNR1,lead,2.905,0.01814,44443
hepatocyte,IL1RAP,IL1RAP,lead,65.322,1.20411,44443
hepatocyte,FLT3,FLT3,control,4.185,0.03071,44443
hepatocyte,CD33,CD33,clinical,0.491,0.00372,44443
hepatocyte,IL3RA,CD123,clinical,3.137,0.02185,44443
hepatocyte,CLEC12A,CLL-1,clinical,0.963,0.00697,44443
hepatocyte,CD7,CD7,ppac,11.856,0.08785,44443
hepatocyte,TNFRSF4,TNFRSF4,ppac,0.198,0.00141,44443
hepatocyte,ABCA7,ABCA7,ppac,4.192,0.02632,44443
hepatocyte,ITGAX,ITGAX,ppac,1.805,0.01399,44443
hippocampal astrocyte,CD96,CD96,lead,0.627,0.00983,27092
hippocampal astrocyte,CD9,CD9,lead,12.734,0.1996,27092
hippocampal astrocyte,SUCNR1,SUCNR1,lead,0.011,0.00018,27092
hippocampal astrocyte,IL1RAP,IL1RAP,lead,3.957,0.06911,27092
hippocampal astrocyte,FLT3,FLT3,control,2.145,0.0349,27092
hippocampal astrocyte,CD33,CD33,clinical,0.041,0.00068,27092
hippocampal astrocyte,IL3RA,CD123,clinical,0.0,0.0,27092
hippocampal astrocyte,CLEC12A,CLL-1,clinical,0.513,0.00679,27092
hippocampal astrocyte,CD7,CD7,ppac,0.011,0.00012,27092
hippocampal astrocyte,TNFRSF4,TNFRSF4,ppac,0.066,0.00104,27092
hippocampal astrocyte,ABCA7,ABCA7,ppac,2.672,0.03954,27092
hippocampal astrocyte,ITGAX,ITGAX,ppac,0.251,0.00453,27092
hippocampal granule cell,CD96,CD96,lead,1.388,0.01015,34220
hippocampal granule cell,CD9,CD9,lead,1.397,0.01082,34220
hippocampal granule cell,SUCNR1,SUCNR1,lead,0.032,0.00029,34220
hippocampal granule cell,IL1RAP,IL1RAP,lead,65.149,0.78926,34220
hippocampal granule cell,FLT3,FLT3,control,4.752,0.03947,34220
hippocampal granule cell,CD33,CD33,clinical,0.064,0.00046,34220
hippocampal granule cell,IL3RA,CD123,clinical,0.0,0.0,34220
hippocampal granule cell,CLEC12A,CLL-1,clinical,0.704,0.00495,34220
hippocampal granule cell,CD7,CD7,ppac,0.015,0.0001,34220
hippocampal granule cell,TNFRSF4,TNFRSF4,ppac,0.269,0.00185,34220
hippocampal granule cell,ABCA7,ABCA7,ppac,2.209,0.01515,34220
hippocampal granule cell,ITGAX,ITGAX,ppac,0.316,0.00251,34220
hippocampal interneuron,CD96,CD96,lead,3.027,0.02251,9976
hippocampal interneuron,CD9,CD9,lead,2.456,0.01951,9976
hippocampal interneuron,SUCNR1,SUCNR1,lead,0.06,0.00041,9976
hippocampal interneuron,IL1RAP,IL1RAP,lead,22.133,0.22442,9976
hippocampal interneuron,FLT3,FLT3,control,18.765,0.1643,9976
hippocampal interneuron,CD33,CD33,clinical,0.08,0.0005,9976
hippocampal interneuron,IL3RA,CD123,clinical,0.0,0.0,9976
hippocampal interneuron,CLEC12A,CLL-1,clinical,1.624,0.00898,9976
hippocampal interneuron,CD7,CD7,ppac,0.03,0.00014,9976
hippocampal interneuron,TNFRSF4,TNFRSF4,ppac,0.281,0.0015,9976
hippocampal interneuron,ABCA7,ABCA7,ppac,14.806,0.10202,9976
hippocampal interneuron,ITGAX,ITGAX,ppac,0.591,0.00446,9976
hippocampal pyramidal neuron,CD96,CD96,lead,9.056,0.0432,12345
hippocampal pyramidal neuron,CD9,CD9,lead,2.706,0.01328,12345
hippocampal pyramidal neuron,SUCNR1,SUCNR1,lead,0.024,8e-05,12345
hippocampal pyramidal neuron,IL1RAP,IL1RAP,lead,48.635,0.30655,12345
hippocampal pyramidal neuron,FLT3,FLT3,control,24.131,0.13883,12345
hippocampal pyramidal neuron,CD33,CD33,clinical,0.146,0.00076,12345
hippocampal pyramidal neuron,IL3RA,CD123,clinical,0.0,0.0,12345
hippocampal pyramidal neuron,CLEC12A,CLL-1,clinical,1.871,0.00675,12345
hippocampal pyramidal neuron,CD7,CD7,ppac,0.024,9e-05,12345
hippocampal pyramidal neuron,TNFRSF4,TNFRSF4,ppac,3.208,0.01177,12345
hippocampal pyramidal neuron,ABCA7,ABCA7,ppac,36.906,0.19636,12345
hippocampal pyramidal neuron,ITGAX,ITGAX,ppac,0.98,0.0039,12345
hypothalamus cell,CD96,CD96,lead,0.0,0.0,1282
hypothalamus cell,CD9,CD9,lead,5.07,0.08634,1282
hypothalamus cell,SUCNR1,SUCNR1,lead,0.0,0.0,1282
hypothalamus cell,IL1RAP,IL1RAP,lead,0.39,0.00521,1282
hypothalamus cell,FLT3,FLT3,control,0.156,0.00156,1282
hypothalamus cell,CD33,CD33,clinical,0.0,0.0,1282
hypothalamus cell,IL3RA,CD123,clinical,0.078,0.00116,1282
hypothalamus cell,CLEC12A,CLL-1,clinical,0.0,0.0,1282
hypothalamus cell,CD7,CD7,ppac,0.0,0.0,1282
hypothalamus cell,TNFRSF4,TNFRSF4,ppac,0.0,0.0,1282
hypothalamus cell,ABCA7,ABCA7,ppac,0.858,0.012,1282
hypothalamus cell,ITGAX,ITGAX,ppac,0.0,0.0,1282
immature astrocyte,CD96,CD96,lead,1.853,0.025,5073
immature astrocyte,CD9,CD9,lead,21.999,0.33241,5073
immature astrocyte,SUCNR1,SUCNR1,lead,0.0,0.0,5073
immature astrocyte,IL1RAP,IL1RAP,lead,2.287,0.02674,5073
immature astrocyte,FLT3,FLT3,control,0.848,0.0088,5073
immature astrocyte,CD33,CD33,clinical,0.059,0.00079,5073
immature astrocyte,IL3RA,CD123,clinical,12.576,0.16317,5073
immature astrocyte,CLEC12A,CLL-1,clinical,0.039,0.00045,5073
immature astrocyte,CD7,CD7,ppac,0.02,0.00021,5073
immature astrocyte,TNFRSF4,TNFRSF4,ppac,0.0,0.0,5073
immature astrocyte,ABCA7,ABCA7,ppac,0.69,0.00798,5073
immature astrocyte,ITGAX,ITGAX,ppac,0.158,0.00187,5073
indirect pathway medium spiny neuron,CD96,CD96,lead,6.475,0.01879,7320
indirect pathway medium spiny neuron,CD9,CD9,lead,0.546,0.00142,7320
indirect pathway medium spiny neuron,SUCNR1,SUCNR1,lead,0.068,0.00012,7320
indirect pathway medium spiny neuron,IL1RAP,IL1RAP,lead,35.546,0.14368,7320
indirect pathway medium spiny neuron,FLT3,FLT3,control,12.541,0.04013,7320
indirect pathway medium spiny neuron,CD33,CD33,clinical,0.15,0.00034,7320
indirect pathway medium spiny neuron,IL3RA,CD123,clinical,38.757,0.14212,7320
indirect pathway medium spiny neuron,CLEC12A,CLL-1,clinical,2.445,0.00561,7320
indirect pathway medium spiny neuron,CD7,CD7,ppac,0.014,4e-05,7320
indirect pathway medium spiny neuron,TNFRSF4,TNFRSF4,ppac,0.82,0.00212,7320
indirect pathway medium spiny neuron,ABCA7,ABCA7,ppac,27.24,0.08639,7320
indirect pathway medium spiny neuron,ITGAX,ITGAX,ppac,0.519,0.00139,7320
inhibitory interneuron,CD96,CD96,lead,1.953,0.02027,32158
inhibitory interneuron,CD9,CD9,lead,1.645,0.01601,32158
inhibitory interneuron,SUCNR1,SUCNR1,lead,0.019,0.00015,32158
inhibitory interneuron,IL1RAP,IL1RAP,lead,20.608,0.23278,32158
inhibitory interneuron,FLT3,FLT3,control,13.144,0.14574,32158
inhibitory interneuron,CD33,CD33,clinical,0.05,0.00045,32158
inhibitory interneuron,IL3RA,CD123,clinical,10.731,0.11215,32158
inhibitory interneuron,CLEC12A,CLL-1,clinical,1.079,0.01154,32158
inhibitory interneuron,CD7,CD7,ppac,0.022,0.00022,32158
inhibitory interneuron,TNFRSF4,TNFRSF4,ppac,0.103,0.00088,32158
inhibitory interneuron,ABCA7,ABCA7,ppac,8.564,0.08017,32158
inhibitory interneuron,ITGAX,ITGAX,ppac,0.199,0.00165,32158
inhibitory motor neuron,CD96,CD96,lead,0.274,0.00253,729
inhibitory motor neuron,CD9,CD9,lead,83.539,1.69767,729
inhibitory motor neuron,SUCNR1,SUCNR1,lead,0.412,0.00324,729
inhibitory motor neuron,IL1RAP,IL1RAP,lead,1.783,0.01383,729
inhibitory motor neuron,FLT3,FLT3,control,0.0,0.0,729
inhibitory motor neuron,CD33,CD33,clinical,0.137,0.00153,729
inhibitory motor neuron,IL3RA,CD123,clinical,0.137,0.00116,729
inhibitory motor neuron,CLEC12A,CLL-1,clinical,0.0,0.0,729
inhibitory motor neuron,CD7,CD7,ppac,0.686,0.00681,729
inhibitory motor neuron,TNFRSF4,TNFRSF4,ppac,0.0,0.0,729
inhibitory motor neuron,ABCA7,ABCA7,ppac,0.823,0.0093,729
inhibitory motor neuron,ITGAX,ITGAX,ppac,0.0,0.0,729
intercalated cell of salivary gland,CD96,CD96,lead,0.193,0.00145,518
intercalated cell of salivary gland,CD9,CD9,lead,93.436,1.65265,518
intercalated cell of salivary gland,SUCNR1,SUCNR1,lead,0.0,0.0,518
intercalated cell of salivary gland,IL1RAP,IL1RAP,lead,1.158,0.00962,518
intercalated cell of salivary gland,FLT3,FLT3,control,0.0,0.0,518
intercalated cell of salivary gland,CD33,CD33,clinical,0.193,0.00223,518
intercalated cell of salivary gland,IL3RA,CD123,clinical,0.0,0.0,518
intercalated cell of salivary gland,CLEC12A,CLL-1,clinical,0.0,0.0,518
intercalated cell of salivary gland,CD7,CD7,ppac,0.193,0.00139,518
intercalated cell of salivary gland,TNFRSF4,TNFRSF4,ppac,0.0,0.0,518
intercalated cell of salivary gland,ABCA7,ABCA7,ppac,3.089,0.02612,518
intercalated cell of salivary gland,ITGAX,ITGAX,ppac,0.0,0.0,518
intermediate cell of urothelium,CD96,CD96,lead,45.04,0.47659,17198
intermediate cell of urothelium,CD9,CD9,lead,97.058,2.03705,17198
intermediate cell of urothelium,SUCNR1,SUCNR1,lead,0.093,0.00039,17198
intermediate cell of urothelium,IL1RAP,IL1RAP,lead,24.084,0.11491,17198
intermediate cell of urothelium,FLT3,FLT3,control,0.401,0.00146,17198
intermediate cell of urothelium,CD33,CD33,clinical,0.267,0.00105,17198
intermediate cell of urothelium,IL3RA,CD123,clinical,7.983,0.04089,17198
intermediate cell of urothelium,CLEC12A,CLL-1,clinical,0.558,0.00272,17198
intermediate cell of urothelium,CD7,CD7,ppac,1.012,0.00476,17198
intermediate cell of urothelium,TNFRSF4,TNFRSF4,ppac,0.186,0.00091,17198
intermediate cell of urothelium,ABCA7,ABCA7,ppac,19.909,0.08846,17198
intermediate cell of urothelium,ITGAX,ITGAX,ppac,1.221,0.00627,17198
interneuron,CD96,CD96,lead,0.767,0.01102,53952
interneuron,CD9,CD9,lead,5.453,0.08462,53952
interneuron,SUCNR1,SUCNR1,lead,0.013,0.00014,53952
interneuron,IL1RAP,IL1RAP,lead,1.666,0.02043,53952
interneuron,FLT3,FLT3,control,1.635,0.01992,53952
interneuron,CD33,CD33,clinical,0.135,0.00204,53952
interneuron,IL3RA,CD123,clinical,7.659,0.10217,53952
interneuron,CLEC12A,CLL-1,clinical,0.278,0.00385,53952
interneuron,CD7,CD7,ppac,0.026,0.00035,53952
interneuron,TNFRSF4,TNFRSF4,ppac,0.02,0.0003,53952
interneuron,ABCA7,ABCA7,ppac,1.548,0.01799,53952
interneuron,ITGAX,ITGAX,ppac,0.096,0.0011,53952
interstitial cell of Cajal,CD96,CD96,lead,0.525,0.0047,18473
interstitial cell of Cajal,CD9,CD9,lead,22.346,0.25738,18473
interstitial cell of Cajal,SUCNR1,SUCNR1,lead,0.612,0.00599,18473
interstitial cell of Cajal,IL1RAP,IL1RAP,lead,4.314,0.03511,18473
interstitial cell of Cajal,FLT3,FLT3,control,0.038,0.00067,18473
interstitial cell of Cajal,CD33,CD33,clinical,0.179,0.00144,18473
interstitial cell of Cajal,IL3RA,CD123,clinical,0.184,0.00341,18473
interstitial cell of Cajal,CLEC12A,CLL-1,clinical,0.027,0.00041,18473
interstitial cell of Cajal,CD7,CD7,ppac,2.82,0.02364,18473
interstitial cell of Cajal,TNFRSF4,TNFRSF4,ppac,3.816,0.03894,18473
interstitial cell of Cajal,ABCA7,ABCA7,ppac,2.847,0.02429,18473
interstitial cell of Cajal,ITGAX,ITGAX,ppac,0.07,0.00083,18473
interstitial cell of ovary,CD96,CD96,lead,0.419,0.00384,24823
interstitial cell of ovary,CD9,CD9,lead,3.855,0.04204,24823
interstitial cell of ovary,SUCNR1,SUCNR1,lead,0.0,0.0,24823
interstitial cell of ovary,IL1RAP,IL1RAP,lead,3.174,0.0311,24823
interstitial cell of ovary,FLT3,FLT3,control,0.04,0.0003,24823
interstitial cell of ovary,CD33,CD33,clinical,0.068,0.00077,24823
interstitial cell of ovary,IL3RA,CD123,clinical,0.31,0.00301,24823
interstitial cell of ovary,CLEC12A,CLL-1,clinical,0.0,0.0,24823
interstitial cell of ovary,CD7,CD7,ppac,0.447,0.00404,24823
interstitial cell of ovary,TNFRSF4,TNFRSF4,ppac,0.645,0.00637,24823
interstitial cell of ovary,ABCA7,ABCA7,ppac,0.419,0.00359,24823
interstitial cell of ovary,ITGAX,ITGAX,ppac,0.04,0.0004,24823
intestinal crypt stem cell,CD96,CD96,lead,0.823,0.00638,3281
intestinal crypt stem cell,CD9,CD9,lead,72.935,1.40718,3281
intestinal crypt stem cell,SUCNR1,SUCNR1,lead,0.061,0.00018,3281
intestinal crypt stem cell,IL1RAP,IL1RAP,lead,1.493,0.00636,3281
intestinal crypt stem cell,FLT3,FLT3,control,0.03,0.00041,3281
intestinal crypt stem cell,CD33,CD33,clinical,0.061,0.00022,3281
intestinal crypt stem cell,IL3RA,CD123,clinical,0.244,0.0011,3281
intestinal crypt stem cell,CLEC12A,CLL-1,clinical,0.0,0.0,3281
intestinal crypt stem cell,CD7,CD7,ppac,1.768,0.01246,3281
intestinal crypt stem cell,TNFRSF4,TNFRSF4,ppac,0.457,0.00197,3281
intestinal crypt stem cell,ABCA7,ABCA7,ppac,1.311,0.00869,3281
intestinal crypt stem cell,ITGAX,ITGAX,ppac,0.091,0.00049,3281
intestinal crypt stem cell of colon,CD96,CD96,lead,1.039,0.00593,4137
intestinal crypt stem cell of colon,CD9,CD9,lead,93.353,1.86947,4137
intestinal crypt stem cell of colon,SUCNR1,SUCNR1,lead,0.073,0.00051,4137
intestinal crypt stem cell of colon,IL1RAP,IL1RAP,lead,4.061,0.01386,4137
intestinal crypt stem cell of colon,FLT3,FLT3,control,0.121,0.00066,4137
intestinal crypt stem cell of colon,CD33,CD33,clinical,0.097,0.00034,4137
intestinal crypt stem cell of colon,IL3RA,CD123,clinical,0.58,0.00216,4137
intestinal crypt stem cell of colon,CLEC12A,CLL-1,clinical,0.0,0.0,4137
intestinal crypt stem cell of colon,CD7,CD7,ppac,0.266,0.00184,4137
intestinal crypt stem cell of colon,TNFRSF4,TNFRSF4,ppac,0.024,5e-05,4137
intestinal crypt stem cell of colon,ABCA7,ABCA7,ppac,4.109,0.01771,4137
intestinal crypt stem cell of colon,ITGAX,ITGAX,ppac,0.073,0.00018,4137
intestinal crypt stem cell of small intestine,CD96,CD96,lead,4.986,0.02371,1404
intestinal crypt stem cell of small intestine,CD9,CD9,lead,88.533,1.30158,1404
intestinal crypt stem cell of small intestine,SUCNR1,SUCNR1,lead,0.712,0.00591,1404
intestinal crypt stem cell of small intestine,IL1RAP,IL1RAP,lead,4.63,0.02136,1404
intestinal crypt stem cell of small intestine,FLT3,FLT3,control,0.499,0.00133,1404
intestinal crypt stem cell of small intestine,CD33,CD33,clinical,0.0,0.0,1404
intestinal crypt stem cell of small intestine,IL3RA,CD123,clinical,0.071,0.00032,1404
intestinal crypt stem cell of small intestine,CLEC12A,CLL-1,clinical,0.0,0.0,1404
intestinal crypt stem cell of small intestine,CD7,CD7,ppac,2.422,0.01112,1404
intestinal crypt stem cell of small intestine,TNFRSF4,TNFRSF4,ppac,0.499,0.00144,1404
intestinal crypt stem cell of small intestine,ABCA7,ABCA7,ppac,4.131,0.0163,1404
intestinal crypt stem cell of small intestine,ITGAX,ITGAX,ppac,0.427,0.00187,1404
intestinal epithelial cell,CD96,CD96,lead,0.647,0.00325,43593
intestinal epithelial cell,CD9,CD9,lead,68.74,1.02394,43593
intestinal epithelial cell,SUCNR1,SUCNR1,lead,0.413,0.00159,43593
intestinal epithelial cell,IL1RAP,IL1RAP,lead,6.48,0.02936,43593
intestinal epithelial cell,FLT3,FLT3,control,0.092,0.00036,43593
intestinal epithelial cell,CD33,CD33,clinical,0.459,0.0022,43593
intestinal epithelial cell,IL3RA,CD123,clinical,3.425,0.02514,43593
intestinal epithelial cell,CLEC12A,CLL-1,clinical,0.099,0.0004,43593
intestinal epithelial cell,CD7,CD7,ppac,9.327,0.05167,43593
intestinal epithelial cell,TNFRSF4,TNFRSF4,ppac,0.255,0.00113,43593
intestinal epithelial cell,ABCA7,ABCA7,ppac,1.727,0.00971,43593
intestinal epithelial cell,ITGAX,ITGAX,ppac,0.131,0.0005,43593
intrahepatic cholangiocyte,CD96,CD96,lead,1.381,0.01046,1086
intrahepatic cholangiocyte,CD9,CD9,lead,34.991,0.35127,1086
intrahepatic cholangiocyte,SUCNR1,SUCNR1,lead,1.473,0.01213,1086
intrahepatic cholangiocyte,IL1RAP,IL1RAP,lead,45.948,0.4846,1086
intrahepatic cholangiocyte,FLT3,FLT3,control,0.184,0.00162,1086
intrahepatic cholangiocyte,CD33,CD33,clinical,0.368,0.00257,1086
intrahepatic cholangiocyte,IL3RA,CD123,clinical,0.0,0.0,1086
intrahepatic cholangiocyte,CLEC12A,CLL-1,clinical,0.552,0.00447,1086
intrahepatic cholangiocyte,CD7,CD7,ppac,2.21,0.02499,1086
intrahepatic cholangiocyte,TNFRSF4,TNFRSF4,ppac,0.46,0.00282,1086
intrahepatic cholangiocyte,ABCA7,ABCA7,ppac,3.959,0.02902,1086
intrahepatic cholangiocyte,ITGAX,ITGAX,ppac,1.565,0.01203,1086
intratelencephalic-projecting glutamatergic cortical neuron,CD96,CD96,lead,2.826,0.02675,14400
intratelencephalic-projecting glutamatergic cortical neuron,CD9,CD9,lead,0.396,0.00374,14400
intratelencephalic-projecting glutamatergic cortical neuron,SUCNR1,SUCNR1,lead,0.014,0.00017,14400
intratelencephalic-projecting glutamatergic cortical neuron,IL1RAP,IL1RAP,lead,16.09,0.18256,14400
intratelencephalic-projecting glutamatergic cortical neuron,FLT3,FLT3,control,3.354,0.02903,14400
intratelencephalic-projecting glutamatergic cortical neuron,CD33,CD33,clinical,0.049,0.0005,14400
intratelencephalic-projecting glutamatergic cortical neuron,IL3RA,CD123,clinical,18.243,0.19715,14400
intratelencephalic-projecting glutamatergic cortical neuron,CLEC12A,CLL-1,clinical,0.09,0.0008,14400
intratelencephalic-projecting glutamatergic cortical neuron,CD7,CD7,ppac,0.007,5e-05,14400
intratelencephalic-projecting glutamatergic cortical neuron,TNFRSF4,TNFRSF4,ppac,0.028,0.00026,14400
intratelencephalic-projecting glutamatergic cortical neuron,ABCA7,ABCA7,ppac,1.271,0.01081,14400
intratelencephalic-projecting glutamatergic cortical neuron,ITGAX,ITGAX,ppac,0.056,0.00049,14400
invaginating midget bipolar cell,CD96,CD96,lead,0.323,0.00386,98863
invaginating midget bipolar cell,CD9,CD9,lead,2.536,0.03034,98863
invaginating midget bipolar cell,SUCNR1,SUCNR1,lead,0.002,3e-05,98863
invaginating midget bipolar cell,IL1RAP,IL1RAP,lead,3.525,0.03981,98863
invaginating midget bipolar cell,FLT3,FLT3,control,0.295,0.00332,98863
invaginating midget bipolar cell,CD33,CD33,clinical,0.012,0.00012,98863
invaginating midget bipolar cell,IL3RA,CD123,clinical,48.967,0.66905,98863
invaginating midget bipolar cell,CLEC12A,CLL-1,clinical,0.052,0.00055,98863
invaginating midget bipolar cell,CD7,CD7,ppac,0.006,9e-05,98863
invaginating midget bipolar cell,TNFRSF4,TNFRSF4,ppac,0.038,0.00041,98863
invaginating midget bipolar cell,ABCA7,ABCA7,ppac,49.857,0.68198,98863
invaginating midget bipolar cell,ITGAX,ITGAX,ppac,0.036,0.00041,98863
ionocyte,CD96,CD96,lead,0.375,0.00272,2136
ionocyte,CD9,CD9,lead,97.893,3.32607,2136
ionocyte,SUCNR1,SUCNR1,lead,0.047,0.00123,2136
ionocyte,IL1RAP,IL1RAP,lead,4.026,0.03694,2136
ionocyte,FLT3,FLT3,control,0.094,0.0007,2136
ionocyte,CD33,CD33,clinical,0.14,0.00071,2136
ionocyte,IL3RA,CD123,clinical,0.187,0.00137,2136
ionocyte,CLEC12A,CLL-1,clinical,0.094,0.00033,2136
ionocyte,CD7,CD7,ppac,0.655,0.00874,2136
ionocyte,TNFRSF4,TNFRSF4,ppac,0.234,0.00179,2136
ionocyte,ABCA7,ABCA7,ppac,21.161,0.2275,2136
ionocyte,ITGAX,ITGAX,ppac,0.515,0.00482,2136
keratinizing barrier epithelial cell,CD96,CD96,lead,0.122,0.0006,820
keratinizing barrier epithelial cell,CD9,CD9,lead,98.293,3.06445,820
keratinizing barrier epithelial cell,SUCNR1,SUCNR1,lead,0.0,0.0,820
keratinizing barrier epithelial cell,IL1RAP,IL1RAP,lead,8.049,0.05071,820
keratinizing barrier epithelial cell,FLT3,FLT3,control,0.0,0.0,820
keratinizing barrier epithelial cell,CD33,CD33,clinical,0.0,0.0,820
keratinizing barrier epithelial cell,IL3RA,CD123,clinical,1.585,0.01275,820
keratinizing barrier epithelial cell,CLEC12A,CLL-1,clinical,0.0,0.0,820
keratinizing barrier epithelial cell,CD7,CD7,ppac,3.659,0.0271,820
keratinizing barrier epithelial cell,TNFRSF4,TNFRSF4,ppac,0.366,0.0042,820
keratinizing barrier epithelial cell,ABCA7,ABCA7,ppac,10.854,0.08402,820
keratinizing barrier epithelial cell,ITGAX,ITGAX,ppac,0.366,0.00305,820
keratinocyte,CD96,CD96,lead,0.367,0.0032,81763
keratinocyte,CD9,CD9,lead,85.786,1.74173,81763
keratinocyte,SUCNR1,SUCNR1,lead,0.098,0.00069,81763
keratinocyte,IL1RAP,IL1RAP,lead,13.277,0.10961,81763
keratinocyte,FLT3,FLT3,control,0.056,0.00069,81763
keratinocyte,CD33,CD33,clinical,0.054,0.0006,81763
keratinocyte,IL3RA,CD123,clinical,0.531,0.00447,81763
keratinocyte,CLEC12A,CLL-1,clinical,0.023,0.00028,81763
keratinocyte,CD7,CD7,ppac,0.865,0.00727,81763
keratinocyte,TNFRSF4,TNFRSF4,ppac,0.378,0.00401,81763
keratinocyte,ABCA7,ABCA7,ppac,1.854,0.01594,81763
keratinocyte,ITGAX,ITGAX,ppac,0.086,0.00074,81763
keratocyte,CD96,CD96,lead,0.873,0.00954,223723
keratocyte,CD9,CD9,lead,51.585,0.76996,223723
keratocyte,SUCNR1,SUCNR1,lead,0.019,0.00018,223723
keratocyte,IL1RAP,IL1RAP,lead,9.31,0.0984,223723
keratocyte,FLT3,FLT3,control,0.295,0.00261,223723
keratocyte,CD33,CD33,clinical,0.025,0.00021,223723
keratocyte,IL3RA,CD123,clinical,7.436,0.06868,223723
keratocyte,CLEC12A,CLL-1,clinical,0.089,0.00076,223723
keratocyte,CD7,CD7,ppac,1.813,0.01437,223723
keratocyte,TNFRSF4,TNFRSF4,ppac,0.181,0.00169,223723
keratocyte,ABCA7,ABCA7,ppac,1.544,0.01685,223723
keratocyte,ITGAX,ITGAX,ppac,0.117,0.00121,223723
kidney capillary endothelial cell,CD96,CD96,lead,0.633,0.0099,1580
kidney capillary endothelial cell,CD9,CD9,lead,56.329,1.14678,1580
kidney capillary endothelial cell,SUCNR1,SUCNR1,lead,0.823,0.00844,1580
kidney capillary endothelial cell,IL1RAP,IL1RAP,lead,6.646,0.09475,1580
kidney capillary endothelial cell,FLT3,FLT3,control,0.253,0.00571,1580
kidney capillary endothelial cell,CD33,CD33,clinical,0.0,0.0,1580
kidney capillary endothelial cell,IL3RA,CD123,clinical,8.861,0.10171,1580
kidney capillary endothelial cell,CLEC12A,CLL-1,clinical,0.063,9e-05,1580
kidney capillary endothelial cell,CD7,CD7,ppac,0.127,0.00154,1580
kidney capillary endothelial cell,TNFRSF4,TNFRSF4,ppac,3.228,0.03149,1580
kidney capillary endothelial cell,ABCA7,ABCA7,ppac,2.405,0.03177,1580
kidney capillary endothelial cell,ITGAX,ITGAX,ppac,0.063,0.00012,1580
kidney cell,CD96,CD96,lead,0.281,0.00235,5331
kidney cell,CD9,CD9,lead,44.251,0.49672,5331
kidney cell,SUCNR1,SUCNR1,lead,0.6,0.00378,5331
kidney cell,IL1RAP,IL1RAP,lead,2.082,0.01683,5331
kidney cell,FLT3,FLT3,control,0.019,0.00021,5331
kidney cell,CD33,CD33,clinical,0.225,0.00179,5331
kidney cell,IL3RA,CD123,clinical,0.431,0.00251,5331
kidney cell,CLEC12A,CLL-1,clinical,0.019,8e-05,5331
kidney cell,CD7,CD7,ppac,0.694,0.00514,5331
kidney cell,TNFRSF4,TNFRSF4,ppac,1.294,0.00917,5331
kidney cell,ABCA7,ABCA7,ppac,1.238,0.00925,5331
kidney cell,ITGAX,ITGAX,ppac,0.075,0.00034,5331
kidney collecting duct alpha-intercalated cell,CD96,CD96,lead,0.863,0.01143,1855
kidney collecting duct alpha-intercalated cell,CD9,CD9,lead,52.938,0.77965,1855
kidney collecting duct alpha-intercalated cell,SUCNR1,SUCNR1,lead,1.833,0.0147,1855
kidney collecting duct alpha-intercalated cell,IL1RAP,IL1RAP,lead,1.779,0.01411,1855
kidney collecting duct alpha-intercalated cell,FLT3,FLT3,control,0.701,0.00751,1855
kidney collecting duct alpha-intercalated cell,CD33,CD33,clinical,0.054,0.00055,1855
kidney collecting duct alpha-intercalated cell,IL3RA,CD123,clinical,5.553,0.05363,1855
kidney collecting duct alpha-intercalated cell,CLEC12A,CLL-1,clinical,0.108,0.0008,1855
kidney collecting duct alpha-intercalated cell,CD7,CD7,ppac,0.054,0.00016,1855
kidney collecting duct alpha-intercalated cell,TNFRSF4,TNFRSF4,ppac,0.162,0.00088,1855
kidney collecting duct alpha-intercalated cell,ABCA7,ABCA7,ppac,4.69,0.04225,1855
kidney collecting duct alpha-intercalated cell,ITGAX,ITGAX,ppac,0.431,0.00327,1855
kidney collecting duct intercalated cell,CD96,CD96,lead,0.543,0.00625,14556
kidney collecting duct intercalated cell,CD9,CD9,lead,72.767,1.61385,14556
kidney collecting duct intercalated cell,SUCNR1,SUCNR1,lead,3.799,0.03533,14556
kidney collecting duct intercalated cell,IL1RAP,IL1RAP,lead,1.34,0.0139,14556
kidney collecting duct intercalated cell,FLT3,FLT3,control,0.192,0.002,14556
kidney collecting duct intercalated cell,CD33,CD33,clinical,0.041,0.00041,14556
kidney collecting duct intercalated cell,IL3RA,CD123,clinical,7.942,0.07473,14556
kidney collecting duct intercalated cell,CLEC12A,CLL-1,clinical,0.069,0.00073,14556
kidney collecting duct intercalated cell,CD7,CD7,ppac,0.11,0.00139,14556
kidney collecting duct intercalated cell,TNFRSF4,TNFRSF4,ppac,0.165,0.00138,14556
kidney collecting duct intercalated cell,ABCA7,ABCA7,ppac,5.702,0.05718,14556
kidney collecting duct intercalated cell,ITGAX,ITGAX,ppac,0.165,0.00199,14556
kidney collecting duct principal cell,CD96,CD96,lead,0.777,0.00899,23039
kidney collecting duct principal cell,CD9,CD9,lead,72.503,1.47695,23039
kidney collecting duct principal cell,SUCNR1,SUCNR1,lead,2.457,0.02556,23039
kidney collecting duct principal cell,IL1RAP,IL1RAP,lead,2.886,0.02551,23039
kidney collecting duct principal cell,FLT3,FLT3,control,0.226,0.00203,23039
kidney collecting duct principal cell,CD33,CD33,clinical,0.069,0.00058,23039
kidney collecting duct principal cell,IL3RA,CD123,clinical,8.985,0.0807,23039
kidney collecting duct principal cell,CLEC12A,CLL-1,clinical,0.178,0.00164,23039
kidney collecting duct principal cell,CD7,CD7,ppac,0.104,0.001,23039
kidney collecting duct principal cell,TNFRSF4,TNFRSF4,ppac,0.239,0.00228,23039
kidney collecting duct principal cell,ABCA7,ABCA7,ppac,9.184,0.08437,23039
kidney collecting duct principal cell,ITGAX,ITGAX,ppac,0.169,0.00162,23039
kidney connecting tubule epithelial cell,CD96,CD96,lead,0.821,0.01044,12793
kidney connecting tubule epithelial cell,CD9,CD9,lead,37.435,0.57296,12793
kidney connecting tubule epithelial cell,SUCNR1,SUCNR1,lead,11.483,0.13273,12793
kidney connecting tubule epithelial cell,IL1RAP,IL1RAP,lead,0.954,0.01078,12793
kidney connecting tubule epithelial cell,FLT3,FLT3,control,0.336,0.00372,12793
kidney connecting tubule epithelial cell,CD33,CD33,clinical,0.172,0.0014,12793
kidney connecting tubule epithelial cell,IL3RA,CD123,clinical,3.611,0.03859,12793
kidney connecting tubule epithelial cell,CLEC12A,CLL-1,clinical,0.07,0.00083,12793
kidney connecting tubule epithelial cell,CD7,CD7,ppac,0.375,0.00245,12793
kidney connecting tubule epithelial cell,TNFRSF4,TNFRSF4,ppac,0.133,0.0009,12793
kidney connecting tubule epithelial cell,ABCA7,ABCA7,ppac,4.112,0.04546,12793
kidney connecting tubule epithelial cell,ITGAX,ITGAX,ppac,0.235,0.00202,12793
kidney connecting tubule principal cell,CD96,CD96,lead,0.428,0.00318,1168
kidney connecting tubule principal cell,CD9,CD9,lead,39.64,0.52082,1168
kidney connecting tubule principal cell,SUCNR1,SUCNR1,lead,5.394,0.0564,1168
kidney connecting tubule principal cell,IL1RAP,IL1RAP,lead,0.856,0.00797,1168
kidney connecting tubule principal cell,FLT3,FLT3,control,0.599,0.00513,1168
kidney connecting tubule principal cell,CD33,CD33,clinical,0.086,0.00025,1168
kidney connecting tubule principal cell,IL3RA,CD123,clinical,2.568,0.02594,1168
kidney connecting tubule principal cell,CLEC12A,CLL-1,clinical,0.086,0.0014,1168
kidney connecting tubule principal cell,CD7,CD7,ppac,0.0,0.0,1168
kidney connecting tubule principal cell,TNFRSF4,TNFRSF4,ppac,0.0,0.0,1168
kidney connecting tubule principal cell,ABCA7,ABCA7,ppac,4.623,0.03881,1168
kidney connecting tubule principal cell,ITGAX,ITGAX,ppac,0.086,0.00066,1168
kidney distal convoluted tubule epithelial cell,CD96,CD96,lead,0.889,0.0113,17428
kidney distal convoluted tubule epithelial cell,CD9,CD9,lead,31.765,0.45404,17428
kidney distal convoluted tubule epithelial cell,SUCNR1,SUCNR1,lead,1.492,0.01651,17428
kidney distal convoluted tubule epithelial cell,IL1RAP,IL1RAP,lead,0.706,0.0081,17428
kidney distal convoluted tubule epithelial cell,FLT3,FLT3,control,0.304,0.00363,17428
kidney distal convoluted tubule epithelial cell,CD33,CD33,clinical,0.017,0.00013,17428
kidney distal convoluted tubule epithelial cell,IL3RA,CD123,clinical,2.886,0.03034,17428
kidney distal convoluted tubule epithelial cell,CLEC12A,CLL-1,clinical,0.092,0.00103,17428
kidney distal convoluted tubule epithelial cell,CD7,CD7,ppac,0.201,0.00198,17428
kidney distal convoluted tubule epithelial cell,TNFRSF4,TNFRSF4,ppac,0.029,0.00027,17428
kidney distal convoluted tubule epithelial cell,ABCA7,ABCA7,ppac,4.676,0.05192,17428
kidney distal convoluted tubule epithelial cell,ITGAX,ITGAX,ppac,0.149,0.00183,17428
kidney epithelial cell,CD96,CD96,lead,1.851,0.0133,14479
kidney epithelial cell,CD9,CD9,lead,29.905,0.36312,14479
kidney epithelial cell,SUCNR1,SUCNR1,lead,24.656,0.2292,14479
kidney epithelial cell,IL1RAP,IL1RAP,lead,1.906,0.0119,14479
kidney epithelial cell,FLT3,FLT3,control,2.21,0.01503,14479
kidney epithelial cell,CD33,CD33,clinical,0.29,0.0012,14479
kidney epithelial cell,IL3RA,CD123,clinical,0.276,0.00171,14479
kidney epithelial cell,CLEC12A,CLL-1,clinical,0.325,0.00187,14479
kidney epithelial cell,CD7,CD7,ppac,0.76,0.00392,14479
kidney epithelial cell,TNFRSF4,TNFRSF4,ppac,0.898,0.00635,14479
kidney epithelial cell,ABCA7,ABCA7,ppac,1.34,0.00816,14479
kidney epithelial cell,ITGAX,ITGAX,ppac,0.387,0.00236,14479
kidney interstitial cell,CD96,CD96,lead,0.339,0.0025,5012
kidney interstitial cell,CD9,CD9,lead,34.358,0.55557,5012
kidney interstitial cell,SUCNR1,SUCNR1,lead,7.043,0.06574,5012
kidney interstitial cell,IL1RAP,IL1RAP,lead,5.886,0.07793,5012
kidney interstitial cell,FLT3,FLT3,control,0.06,0.00034,5012
kidney interstitial cell,CD33,CD33,clinical,0.299,0.00205,5012
kidney interstitial cell,IL3RA,CD123,clinical,0.838,0.00938,5012
kidney interstitial cell,CLEC12A,CLL-1,clinical,0.06,0.00052,5012
kidney interstitial cell,CD7,CD7,ppac,0.539,0.00397,5012
kidney interstitial cell,TNFRSF4,TNFRSF4,ppac,0.579,0.00743,5012
kidney interstitial cell,ABCA7,ABCA7,ppac,0.319,0.00252,5012
kidney interstitial cell,ITGAX,ITGAX,ppac,0.319,0.00252,5012
kidney interstitial fibroblast,CD96,CD96,lead,1.02,0.01591,8330
kidney interstitial fibroblast,CD9,CD9,lead,31.705,0.53245,8330
kidney interstitial fibroblast,SUCNR1,SUCNR1,lead,0.624,0.00878,8330
kidney interstitial fibroblast,IL1RAP,IL1RAP,lead,5.138,0.06891,8330
kidney interstitial fibroblast,FLT3,FLT3,control,0.468,0.00583,8330
kidney interstitial fibroblast,CD33,CD33,clinical,0.06,0.00067,8330
kidney interstitial fibroblast,IL3RA,CD123,clinical,11.417,0.14324,8330
kidney interstitial fibroblast,CLEC12A,CLL-1,clinical,0.12,0.00166,8330
kidney interstitial fibroblast,CD7,CD7,ppac,0.168,0.00224,8330
kidney interstitial fibroblast,TNFRSF4,TNFRSF4,ppac,0.696,0.00848,8330
kidney interstitial fibroblast,ABCA7,ABCA7,ppac,2.545,0.03152,8330
kidney interstitial fibroblast,ITGAX,ITGAX,ppac,0.168,0.00234,8330
kidney loop of Henle ascending limb epithelial cell,CD96,CD96,lead,0.866,0.01622,5194
kidney loop of Henle ascending limb epithelial cell,CD9,CD9,lead,17.212,0.36404,5194
kidney loop of Henle ascending limb epithelial cell,SUCNR1,SUCNR1,lead,6.045,0.10794,5194
kidney loop of Henle ascending limb epithelial cell,IL1RAP,IL1RAP,lead,3.061,0.05625,5194
kidney loop of Henle ascending limb epithelial cell,FLT3,FLT3,control,0.366,0.00641,5194
kidney loop of Henle ascending limb epithelial cell,CD33,CD33,clinical,0.0,0.0,5194
kidney loop of Henle ascending limb epithelial cell,IL3RA,CD123,clinical,3.716,0.06695,5194
kidney loop of Henle ascending limb epithelial cell,CLEC12A,CLL-1,clinical,0.154,0.00275,5194
kidney loop of Henle ascending limb epithelial cell,CD7,CD7,ppac,0.135,0.00234,5194
kidney loop of Henle ascending limb epithelial cell,TNFRSF4,TNFRSF4,ppac,0.0,0.0,5194
kidney loop of Henle ascending limb epithelial cell,ABCA7,ABCA7,ppac,2.118,0.03748,5194
kidney loop of Henle ascending limb epithelial cell,ITGAX,ITGAX,ppac,0.039,0.00066,5194
kidney loop of Henle cortical thick ascending limb epithelial cell,CD96,CD96,lead,0.692,0.00211,1156
kidney loop of Henle cortical thick ascending limb epithelial cell,CD9,CD9,lead,92.82,1.30797,1156
kidney loop of Henle cortical thick ascending limb epithelial cell,SUCNR1,SUCNR1,lead,44.81,0.41816,1156
kidney loop of Henle cortical thick ascending limb epithelial cell,IL1RAP,IL1RAP,lead,2.941,0.00944,1156
kidney loop of Henle cortical thick ascending limb epithelial cell,FLT3,FLT3,control,0.0,0.0,1156
kidney loop of Henle cortical thick ascending limb epithelial cell,CD33,CD33,clinical,0.26,0.00063,1156
kidney loop of Henle cortical thick ascending limb epithelial cell,IL3RA,CD123,clinical,0.433,0.00196,1156
kidney loop of Henle cortical thick ascending limb epithelial cell,CLEC12A,CLL-1,clinical,0.087,0.00028,1156
kidney loop of Henle cortical thick ascending limb epithelial cell,CD7,CD7,ppac,0.606,0.0024,1156
kidney loop of Henle cortical thick ascending limb epithelial cell,TNFRSF4,TNFRSF4,ppac,0.0,0.0,1156
kidney loop of Henle cortical thick ascending limb epithelial cell,ABCA7,ABCA7,ppac,4.066,0.0166,1156
kidney loop of Henle cortical thick ascending limb epithelial cell,ITGAX,ITGAX,ppac,0.087,0.00028,1156
kidney loop of Henle descending limb epithelial cell,CD96,CD96,lead,0.0,0.0,1011
kidney loop of Henle descending limb epithelial cell,CD9,CD9,lead,16.914,0.21307,1011
kidney loop of Henle descending limb epithelial cell,SUCNR1,SUCNR1,lead,7.913,0.09502,1011
kidney loop of Henle descending limb epithelial cell,IL1RAP,IL1RAP,lead,0.297,0.00306,1011
kidney loop of Henle descending limb epithelial cell,FLT3,FLT3,control,0.198,0.00268,1011
kidney loop of Henle descending limb epithelial cell,CD33,CD33,clinical,0.0,0.0,1011
kidney loop of Henle descending limb epithelial cell,IL3RA,CD123,clinical,0.099,0.00046,1011
kidney loop of Henle descending limb epithelial cell,CLEC12A,CLL-1,clinical,0.0,0.0,1011
kidney loop of Henle descending limb epithelial cell,CD7,CD7,ppac,0.0,0.0,1011
kidney loop of Henle descending limb epithelial cell,TNFRSF4,TNFRSF4,ppac,0.0,0.0,1011
kidney loop of Henle descending limb epithelial cell,ABCA7,ABCA7,ppac,0.692,0.00757,1011
kidney loop of Henle descending limb epithelial cell,ITGAX,ITGAX,ppac,0.0,0.0,1011
kidney loop of Henle thick ascending limb epithelial cell,CD96,CD96,lead,0.691,0.00835,53289
kidney loop of Henle thick ascending limb epithelial cell,CD9,CD9,lead,44.048,0.69492,53289
kidney loop of Henle thick ascending limb epithelial cell,SUCNR1,SUCNR1,lead,12.539,0.16162,53289
kidney loop of Henle thick ascending limb epithelial cell,IL1RAP,IL1RAP,lead,3.477,0.0373,53289
kidney loop of Henle thick ascending limb epithelial cell,FLT3,FLT3,control,0.253,0.00287,53289
kidney loop of Henle thick ascending limb epithelial cell,CD33,CD33,clinical,0.073,0.00069,53289
kidney loop of Henle thick ascending limb epithelial cell,IL3RA,CD123,clinical,7.092,0.07051,53289
kidney loop of Henle thick ascending limb epithelial cell,CLEC12A,CLL-1,clinical,0.126,0.00135,53289
kidney loop of Henle thick ascending limb epithelial cell,CD7,CD7,ppac,0.448,0.00437,53289
kidney loop of Henle thick ascending limb epithelial cell,TNFRSF4,TNFRSF4,ppac,0.116,0.00124,53289
kidney loop of Henle thick ascending limb epithelial cell,ABCA7,ABCA7,ppac,5.463,0.05886,53289
kidney loop of Henle thick ascending limb epithelial cell,ITGAX,ITGAX,ppac,0.137,0.00161,53289
kidney loop of Henle thin ascending limb epithelial cell,CD96,CD96,lead,0.578,0.00707,4324
kidney loop of Henle thin ascending limb epithelial cell,CD9,CD9,lead,71.554,1.43442,4324
kidney loop of Henle thin ascending limb epithelial cell,SUCNR1,SUCNR1,lead,1.549,0.01636,4324
kidney loop of Henle thin ascending limb epithelial cell,IL1RAP,IL1RAP,lead,4.325,0.04473,4324
kidney loop of Henle thin ascending limb epithelial cell,FLT3,FLT3,control,0.231,0.0022,4324
kidney loop of Henle thin ascending limb epithelial cell,CD33,CD33,clinical,0.046,0.00054,4324
kidney loop of Henle thin ascending limb epithelial cell,IL3RA,CD123,clinical,11.401,0.12341,4324
kidney loop of Henle thin ascending limb epithelial cell,CLEC12A,CLL-1,clinical,0.116,0.00134,4324
kidney loop of Henle thin ascending limb epithelial cell,CD7,CD7,ppac,0.324,0.00317,4324
kidney loop of Henle thin ascending limb epithelial cell,TNFRSF4,TNFRSF4,ppac,0.162,0.00171,4324
kidney loop of Henle thin ascending limb epithelial cell,ABCA7,ABCA7,ppac,9.043,0.09264,4324
kidney loop of Henle thin ascending limb epithelial cell,ITGAX,ITGAX,ppac,0.116,0.00115,4324
kidney loop of Henle thin descending limb epithelial cell,CD96,CD96,lead,0.621,0.00698,9182
kidney loop of Henle thin descending limb epithelial cell,CD9,CD9,lead,54.487,0.96391,9182
kidney loop of Henle thin descending limb epithelial cell,SUCNR1,SUCNR1,lead,0.795,0.00901,9182
kidney loop of Henle thin descending limb epithelial cell,IL1RAP,IL1RAP,lead,2.657,0.02787,9182
kidney loop of Henle thin descending limb epithelial cell,FLT3,FLT3,control,0.436,0.0043,9182
kidney loop of Henle thin descending limb epithelial cell,CD33,CD33,clinical,0.131,0.00143,9182
kidney loop of Henle thin descending limb epithelial cell,IL3RA,CD123,clinical,9.987,0.10624,9182
kidney loop of Henle thin descending limb epithelial cell,CLEC12A,CLL-1,clinical,0.087,0.00071,9182
kidney loop of Henle thin descending limb epithelial cell,CD7,CD7,ppac,0.065,0.00051,9182
kidney loop of Henle thin descending limb epithelial cell,TNFRSF4,TNFRSF4,ppac,0.098,0.00097,9182
kidney loop of Henle thin descending limb epithelial cell,ABCA7,ABCA7,ppac,4.03,0.04063,9182
kidney loop of Henle thin descending limb epithelial cell,ITGAX,ITGAX,ppac,0.109,0.00102,9182
kidney proximal convoluted tubule epithelial cell,CD96,CD96,lead,0.953,0.0182,17308
kidney proximal convoluted tubule epithelial cell,CD9,CD9,lead,3.097,0.04473,17308
kidney proximal convoluted tubule epithelial cell,SUCNR1,SUCNR1,lead,4.31,0.0601,17308
kidney proximal convoluted tubule epithelial cell,IL1RAP,IL1RAP,lead,2.929,0.03902,17308
kidney proximal convoluted tubule epithelial cell,FLT3,FLT3,control,1.866,0.02559,17308
kidney proximal convoluted tubule epithelial cell,CD33,CD33,clinical,0.064,0.00082,17308
kidney proximal convoluted tubule epithelial cell,IL3RA,CD123,clinical,2.149,0.03422,17308
kidney proximal convoluted tubule epithelial cell,CLEC12A,CLL-1,clinical,0.069,0.00119,17308
kidney proximal convoluted tubule epithelial cell,CD7,CD7,ppac,0.046,0.00071,17308
kidney proximal convoluted tubule epithelial cell,TNFRSF4,TNFRSF4,ppac,0.006,6e-05,17308
kidney proximal convoluted tubule epithelial cell,ABCA7,ABCA7,ppac,1.814,0.03181,17308
kidney proximal convoluted tubule epithelial cell,ITGAX,ITGAX,ppac,0.098,0.00163,17308
lactocyte,CD96,CD96,lead,0.394,0.00247,15973
lactocyte,CD9,CD9,lead,88.812,1.59604,15973
lactocyte,SUCNR1,SUCNR1,lead,0.006,3e-05,15973
lactocyte,IL1RAP,IL1RAP,lead,2.079,0.01323,15973
lactocyte,FLT3,FLT3,control,0.025,0.00011,15973
lactocyte,CD33,CD33,clinical,0.144,0.00082,15973
lactocyte,IL3RA,CD123,clinical,0.545,0.00328,15973
lactocyte,CLEC12A,CLL-1,clinical,0.006,1e-05,15973
lactocyte,CD7,CD7,ppac,0.689,0.00495,15973
lactocyte,TNFRSF4,TNFRSF4,ppac,0.407,0.00267,15973
lactocyte,ABCA7,ABCA7,ppac,0.651,0.00402,15973
lactocyte,ITGAX,ITGAX,ppac,0.069,0.00063,15973
lamp5 GABAergic cortical interneuron,CD96,CD96,lead,5.077,0.03494,158646
lamp5 GABAergic cortical interneuron,CD9,CD9,lead,2.066,0.01056,158646
lamp5 GABAergic cortical interneuron,SUCNR1,SUCNR1,lead,0.042,0.00017,158646
lamp5 GABAergic cortical interneuron,IL1RAP,IL1RAP,lead,53.86,0.53943,158646
lamp5 GABAergic cortical interneuron,FLT3,FLT3,control,5.97,0.02927,158646
lamp5 GABAergic cortical interneuron,CD33,CD33,clinical,0.323,0.00132,158646
lamp5 GABAergic cortical interneuron,IL3RA,CD123,clinical,41.855,0.25531,158646
lamp5 GABAergic cortical interneuron,CLEC12A,CLL-1,clinical,1.193,0.00499,158646
lamp5 GABAergic cortical interneuron,CD7,CD7,ppac,0.03,0.00015,158646
lamp5 GABAergic cortical interneuron,TNFRSF4,TNFRSF4,ppac,0.345,0.00163,158646
lamp5 GABAergic cortical interneuron,ABCA7,ABCA7,ppac,22.079,0.11174,158646
lamp5 GABAergic cortical interneuron,ITGAX,ITGAX,ppac,0.536,0.00252,158646
lens epithelial cell,CD96,CD96,lead,13.211,0.19148,5276
lens epithelial cell,CD9,CD9,lead,27.54,0.32437,5276
lens epithelial cell,SUCNR1,SUCNR1,lead,0.0,0.0,5276
lens epithelial cell,IL1RAP,IL1RAP,lead,4.625,0.0498,5276
lens epithelial cell,FLT3,FLT3,control,1.857,0.01864,5276
lens epithelial cell,CD33,CD33,clinical,0.057,0.00065,5276
lens epithelial cell,IL3RA,CD123,clinical,57.847,0.75355,5276
lens epithelial cell,CLEC12A,CLL-1,clinical,1.914,0.0195,5276
lens epithelial cell,CD7,CD7,ppac,0.038,0.00031,5276
lens epithelial cell,TNFRSF4,TNFRSF4,ppac,0.038,0.00028,5276
lens epithelial cell,ABCA7,ABCA7,ppac,4.966,0.05,5276
lens epithelial cell,ITGAX,ITGAX,ppac,0.379,0.00395,5276
lens fiber cell,CD96,CD96,lead,9.53,0.09697,787
lens fiber cell,CD9,CD9,lead,6.48,0.04365,787
lens fiber cell,SUCNR1,SUCNR1,lead,0.0,0.0,787
lens fiber cell,IL1RAP,IL1RAP,lead,1.906,0.01029,787
lens fiber cell,FLT3,FLT3,control,3.177,0.01834,787
lens fiber cell,CD33,CD33,clinical,0.127,0.00057,787
lens fiber cell,IL3RA,CD123,clinical,65.565,0.64657,787
lens fiber cell,CLEC12A,CLL-1,clinical,2.414,0.01465,787
lens fiber cell,CD7,CD7,ppac,0.0,0.0,787
lens fiber cell,TNFRSF4,TNFRSF4,ppac,0.508,0.00212,787
lens fiber cell,ABCA7,ABCA7,ppac,5.718,0.03433,787
lens fiber cell,ITGAX,ITGAX,ppac,1.652,0.00897,787
leptomeningeal cell,CD96,CD96,lead,0.524,0.00392,39277
leptomeningeal cell,CD9,CD9,lead,39.423,0.40813,39277
leptomeningeal cell,SUCNR1,SUCNR1,lead,0.008,8e-05,39277
leptomeningeal cell,IL1RAP,IL1RAP,lead,1.543,0.0115,39277
leptomeningeal cell,FLT3,FLT3,control,0.372,0.00287,39277
leptomeningeal cell,CD33,CD33,clinical,0.081,0.00065,39277
leptomeningeal cell,IL3RA,CD123,clinical,6.472,0.05056,39277
leptomeningeal cell,CLEC12A,CLL-1,clinical,0.015,0.00011,39277
leptomeningeal cell,CD7,CD7,ppac,0.42,0.00288,39277
leptomeningeal cell,TNFRSF4,TNFRSF4,ppac,0.135,0.00107,39277
leptomeningeal cell,ABCA7,ABCA7,ppac,1.874,0.01363,39277
leptomeningeal cell,ITGAX,ITGAX,ppac,0.028,0.00021,39277
luminal adaptive secretory precursor cell of mammary gland,CD96,CD96,lead,1.351,0.01672,321201
luminal adaptive secretory precursor cell of mammary gland,CD9,CD9,lead,81.723,1.2873,321201
luminal adaptive secretory precursor cell of mammary gland,SUCNR1,SUCNR1,lead,0.079,0.00078,321201
luminal adaptive secretory precursor cell of mammary gland,IL1RAP,IL1RAP,lead,4.818,0.03037,321201
luminal adaptive secretory precursor cell of mammary gland,FLT3,FLT3,control,0.119,0.001,321201
luminal adaptive secretory precursor cell of mammary gland,CD33,CD33,clinical,0.679,0.00494,321201
luminal adaptive secretory precursor cell of mammary gland,IL3RA,CD123,clinical,2.609,0.01937,321201
luminal adaptive secretory precursor cell of mammary gland,CLEC12A,CLL-1,clinical,0.239,0.00243,321201
luminal adaptive secretory precursor cell of mammary gland,CD7,CD7,ppac,2.855,0.03545,321201
luminal adaptive secretory precursor cell of mammary gland,TNFRSF4,TNFRSF4,ppac,0.877,0.00891,321201
luminal adaptive secretory precursor cell of mammary gland,ABCA7,ABCA7,ppac,3.17,0.02056,321201
luminal adaptive secretory precursor cell of mammary gland,ITGAX,ITGAX,ppac,0.603,0.00632,321201
luminal cell of prostate epithelium,CD96,CD96,lead,1.871,0.01953,24908
luminal cell of prostate epithelium,CD9,CD9,lead,61.912,1.39691,24908
luminal cell of prostate epithelium,SUCNR1,SUCNR1,lead,0.016,0.00016,24908
luminal cell of prostate epithelium,IL1RAP,IL1RAP,lead,10.679,0.1081,24908
luminal cell of prostate epithelium,FLT3,FLT3,control,0.935,0.01307,24908
luminal cell of prostate epithelium,CD33,CD33,clinical,0.096,0.00074,24908
luminal cell of prostate epithelium,IL3RA,CD123,clinical,2.003,0.03138,24908
luminal cell of prostate epithelium,CLEC12A,CLL-1,clinical,0.634,0.00991,24908
luminal cell of prostate epithelium,CD7,CD7,ppac,1.096,0.01045,24908
luminal cell of prostate epithelium,TNFRSF4,TNFRSF4,ppac,0.06,0.00046,24908
luminal cell of prostate epithelium,ABCA7,ABCA7,ppac,5.055,0.0511,24908
luminal cell of prostate epithelium,ITGAX,ITGAX,ppac,0.193,0.00192,24908
luminal endometrial multiciliated epithelial cell,CD96,CD96,lead,0.808,0.00412,990
luminal endometrial multiciliated epithelial cell,CD9,CD9,lead,96.263,1.9158,990
luminal endometrial multiciliated epithelial cell,SUCNR1,SUCNR1,lead,0.0,0.0,990
luminal endometrial multiciliated epithelial cell,IL1RAP,IL1RAP,lead,10.505,0.03867,990
luminal endometrial multiciliated epithelial cell,FLT3,FLT3,control,0.707,0.00175,990
luminal endometrial multiciliated epithelial cell,CD33,CD33,clinical,0.404,0.00128,990
luminal endometrial multiciliated epithelial cell,IL3RA,CD123,clinical,6.162,0.0197,990
luminal endometrial multiciliated epithelial cell,CLEC12A,CLL-1,clinical,0.202,0.00043,990
luminal endometrial multiciliated epithelial cell,CD7,CD7,ppac,2.02,0.01073,990
luminal endometrial multiciliated epithelial cell,TNFRSF4,TNFRSF4,ppac,0.707,0.00311,990
luminal endometrial multiciliated epithelial cell,ABCA7,ABCA7,ppac,10.202,0.04143,990
luminal endometrial multiciliated epithelial cell,ITGAX,ITGAX,ppac,1.717,0.00829,990
luminal epithelial cell of mammary gland,CD96,CD96,lead,1.052,0.01076,172875
luminal epithelial cell of mammary gland,CD9,CD9,lead,72.012,1.3172,172875
luminal epithelial cell of mammary gland,SUCNR1,SUCNR1,lead,0.031,0.00023,172875
luminal epithelial cell of mammary gland,IL1RAP,IL1RAP,lead,6.045,0.05116,172875
luminal epithelial cell of mammary gland,FLT3,FLT3,control,2.305,0.02348,172875
luminal epithelial cell of mammary gland,CD33,CD33,clinical,0.099,0.00091,172875
luminal epithelial cell of mammary gland,IL3RA,CD123,clinical,3.755,0.0533,172875
luminal epithelial cell of mammary gland,CLEC12A,CLL-1,clinical,0.285,0.00424,172875
luminal epithelial cell of mammary gland,CD7,CD7,ppac,0.864,0.00588,172875
luminal epithelial cell of mammary gland,TNFRSF4,TNFRSF4,ppac,0.482,0.00354,172875
luminal epithelial cell of mammary gland,ABCA7,ABCA7,ppac,2.557,0.02444,172875
luminal epithelial cell of mammary gland,ITGAX,ITGAX,ppac,0.408,0.00341,172875
luminal hormone-sensing cell of mammary gland,CD96,CD96,lead,0.412,0.00372,207411
luminal hormone-sensing cell of mammary gland,CD9,CD9,lead,84.1,1.60166,207411
luminal hormone-sensing cell of mammary gland,SUCNR1,SUCNR1,lead,0.003,2e-05,207411
luminal hormone-sensing cell of mammary gland,IL1RAP,IL1RAP,lead,3.52,0.02778,207411
luminal hormone-sensing cell of mammary gland,FLT3,FLT3,control,1.593,0.01187,207411
luminal hormone-sensing cell of mammary gland,CD33,CD33,clinical,0.138,0.00103,207411
luminal hormone-sensing cell of mammary gland,IL3RA,CD123,clinical,1.252,0.01044,207411
luminal hormone-sensing cell of mammary gland,CLEC12A,CLL-1,clinical,0.007,7e-05,207411
luminal hormone-sensing cell of mammary gland,CD7,CD7,ppac,0.523,0.0043,207411
luminal hormone-sensing cell of mammary gland,TNFRSF4,TNFRSF4,ppac,0.688,0.00604,207411
luminal hormone-sensing cell of mammary gland,ABCA7,ABCA7,ppac,2.753,0.02053,207411
luminal hormone-sensing cell of mammary gland,ITGAX,ITGAX,ppac,0.078,0.00063,207411
lung microvascular endothelial cell,CD96,CD96,lead,0.217,0.00251,3226
lung microvascular endothelial cell,CD9,CD9,lead,38.469,0.63609,3226
lung microvascular endothelial cell,SUCNR1,SUCNR1,lead,0.062,0.00096,3226
lung microvascular endothelial cell,IL1RAP,IL1RAP,lead,5.084,0.05239,3226
lung microvascular endothelial cell,FLT3,FLT3,control,0.0,0.0,3226
lung microvascular endothelial cell,CD33,CD33,clinical,0.248,0.00229,3226
lung microvascular endothelial cell,IL3RA,CD123,clinical,41.723,0.63796,3226
lung microvascular endothelial cell,CLEC12A,CLL-1,clinical,0.403,0.00402,3226
lung microvascular endothelial cell,CD7,CD7,ppac,0.93,0.01092,3226
lung microvascular endothelial cell,TNFRSF4,TNFRSF4,ppac,17.018,0.23142,3226
lung microvascular endothelial cell,ABCA7,ABCA7,ppac,1.953,0.02172,3226
lung microvascular endothelial cell,ITGAX,ITGAX,ppac,1.116,0.01282,3226
lung multiciliated epithelial cell,CD96,CD96,lead,2.652,0.03837,13801
lung multiciliated epithelial cell,CD9,CD9,lead,78.349,1.68223,13801
lung multiciliated epithelial cell,SUCNR1,SUCNR1,lead,0.101,0.0007,13801
lung multiciliated epithelial cell,IL1RAP,IL1RAP,lead,6.55,0.06558,13801
lung multiciliated epithelial cell,FLT3,FLT3,control,1.304,0.02051,13801
lung multiciliated epithelial cell,CD33,CD33,clinical,0.478,0.00454,13801
lung multiciliated epithelial cell,IL3RA,CD123,clinical,5.478,0.07687,13801
lung multiciliated epithelial cell,CLEC12A,CLL-1,clinical,2.036,0.02611,13801
lung multiciliated epithelial cell,CD7,CD7,ppac,1.398,0.01294,13801
lung multiciliated epithelial cell,TNFRSF4,TNFRSF4,ppac,0.377,0.00366,13801
lung multiciliated epithelial cell,ABCA7,ABCA7,ppac,11.427,0.10175,13801
lung multiciliated epithelial cell,ITGAX,ITGAX,ppac,1.471,0.01676,13801
lung pericyte,CD96,CD96,lead,0.728,0.01009,5908
lung pericyte,CD9,CD9,lead,7.905,0.13534,5908
lung pericyte,SUCNR1,SUCNR1,lead,0.068,0.00055,5908
lung pericyte,IL1RAP,IL1RAP,lead,2.336,0.03146,5908
lung pericyte,FLT3,FLT3,control,0.355,0.00481,5908
lung pericyte,CD33,CD33,clinical,0.135,0.00182,5908
lung pericyte,IL3RA,CD123,clinical,1.642,0.02401,5908
lung pericyte,CLEC12A,CLL-1,clinical,0.339,0.00504,5908
lung pericyte,CD7,CD7,ppac,0.542,0.00855,5908
lung pericyte,TNFRSF4,TNFRSF4,ppac,0.237,0.00257,5908
lung pericyte,ABCA7,ABCA7,ppac,0.863,0.01282,5908
lung pericyte,ITGAX,ITGAX,ppac,0.457,0.00608,5908
lung secretory cell,CD96,CD96,lead,1.555,0.01254,36784
lung secretory cell,CD9,CD9,lead,71.738,1.39331,36784
lung secretory cell,SUCNR1,SUCNR1,lead,0.12,0.0011,36784
lung secretory cell,IL1RAP,IL1RAP,lead,6.522,0.06169,36784
lung secretory cell,FLT3,FLT3,control,0.674,0.00642,36784
lung secretory cell,CD33,CD33,clinical,0.141,0.00156,36784
lung secretory cell,IL3RA,CD123,clinical,2.452,0.02631,36784
lung secretory cell,CLEC12A,CLL-1,clinical,0.628,0.0057,36784
lung secretory cell,CD7,CD7,ppac,0.258,0.00238,36784
lung secretory cell,TNFRSF4,TNFRSF4,ppac,0.079,0.00081,36784
lung secretory cell,ABCA7,ABCA7,ppac,10.983,0.10658,36784
lung secretory cell,ITGAX,ITGAX,ppac,0.285,0.00293,36784
macroglial cell,CD96,CD96,lead,4.581,0.07016,24492
macroglial cell,CD9,CD9,lead,19.835,0.40173,24492
macroglial cell,SUCNR1,SUCNR1,lead,0.0,0.0,24492
macroglial cell,IL1RAP,IL1RAP,lead,1.772,0.02654,24492
macroglial cell,FLT3,FLT3,control,3.001,0.04367,24492
macroglial cell,CD33,CD33,clinical,0.012,0.00037,24492
macroglial cell,IL3RA,CD123,clinical,13.947,0.22247,24492
macroglial cell,CLEC12A,CLL-1,clinical,1.364,0.02305,24492
macroglial cell,CD7,CD7,ppac,0.0,0.0,24492
macroglial cell,TNFRSF4,TNFRSF4,ppac,0.004,3e-05,24492
macroglial cell,ABCA7,ABCA7,ppac,1.911,0.02899,24492
macroglial cell,ITGAX,ITGAX,ppac,0.196,0.0028,24492
mammary gland epithelial cell,CD96,CD96,lead,0.569,0.00361,38668
mammary gland epithelial cell,CD9,CD9,lead,91.034,1.66572,38668
mammary gland epithelial cell,SUCNR1,SUCNR1,lead,0.041,0.00025,38668
mammary gland epithelial cell,IL1RAP,IL1RAP,lead,5.865,0.03865,38668
mammary gland epithelial cell,FLT3,FLT3,control,0.054,0.00035,38668
mammary gland epithelial cell,CD33,CD33,clinical,0.088,0.00052,38668
mammary gland epithelial cell,IL3RA,CD123,clinical,1.678,0.0108,38668
mammary gland epithelial cell,CLEC12A,CLL-1,clinical,0.013,0.00011,38668
mammary gland epithelial cell,CD7,CD7,ppac,1.241,0.00851,38668
mammary gland epithelial cell,TNFRSF4,TNFRSF4,ppac,0.595,0.00449,38668
mammary gland epithelial cell,ABCA7,ABCA7,ppac,1.725,0.01118,38668
mammary gland epithelial cell,ITGAX,ITGAX,ppac,0.261,0.00212,38668
mature astrocyte,CD96,CD96,lead,0.368,0.00845,4080
mature astrocyte,CD9,CD9,lead,14.044,0.22262,4080
mature astrocyte,SUCNR1,SUCNR1,lead,0.0,0.0,4080
mature astrocyte,IL1RAP,IL1RAP,lead,1.152,0.01646,4080
mature astrocyte,FLT3,FLT3,control,1.152,0.03264,4080
mature astrocyte,CD33,CD33,clinical,0.074,0.00075,4080
mature astrocyte,IL3RA,CD123,clinical,0.931,0.02495,4080
mature astrocyte,CLEC12A,CLL-1,clinical,1.176,0.03307,4080
mature astrocyte,CD7,CD7,ppac,0.074,0.00087,4080
mature astrocyte,TNFRSF4,TNFRSF4,ppac,0.0,0.0,4080
mature astrocyte,ABCA7,ABCA7,ppac,1.52,0.04147,4080
mature astrocyte,ITGAX,ITGAX,ppac,0.123,0.00344,4080
medial ganglionic eminence derived GABAergic cortical interneuron,CD96,CD96,lead,1.804,0.02605,4213
medial ganglionic eminence derived GABAergic cortical interneuron,CD9,CD9,lead,0.522,0.00692,4213
medial ganglionic eminence derived GABAergic cortical interneuron,SUCNR1,SUCNR1,lead,0.024,0.0001,4213
medial ganglionic eminence derived GABAergic cortical interneuron,IL1RAP,IL1RAP,lead,2.587,0.02768,4213
medial ganglionic eminence derived GABAergic cortical interneuron,FLT3,FLT3,control,0.854,0.00863,4213
medial ganglionic eminence derived GABAergic cortical interneuron,CD33,CD33,clinical,0.0,0.0,4213
medial ganglionic eminence derived GABAergic cortical interneuron,IL3RA,CD123,clinical,14.669,0.18464,4213
medial ganglionic eminence derived GABAergic cortical interneuron,CLEC12A,CLL-1,clinical,0.024,0.00015,4213
medial ganglionic eminence derived GABAergic cortical interneuron,CD7,CD7,ppac,0.0,0.0,4213
medial ganglionic eminence derived GABAergic cortical interneuron,TNFRSF4,TNFRSF4,ppac,0.095,0.00137,4213
medial ganglionic eminence derived GABAergic cortical interneuron,ABCA7,ABCA7,ppac,0.854,0.00859,4213
medial ganglionic eminence derived GABAergic cortical interneuron,ITGAX,ITGAX,ppac,0.0,0.0,4213
medial ganglionic eminence derived interneuron,CD96,CD96,lead,1.174,0.01509,2386
medial ganglionic eminence derived interneuron,CD9,CD9,lead,0.796,0.01059,2386
medial ganglionic eminence derived interneuron,SUCNR1,SUCNR1,lead,0.0,0.0,2386
medial ganglionic eminence derived interneuron,IL1RAP,IL1RAP,lead,19.447,0.27249,2386
medial ganglionic eminence derived interneuron,FLT3,FLT3,control,30.805,0.43859,2386
medial ganglionic eminence derived interneuron,CD33,CD33,clinical,0.084,0.00093,2386
medial ganglionic eminence derived interneuron,IL3RA,CD123,clinical,7.628,0.09527,2386
medial ganglionic eminence derived interneuron,CLEC12A,CLL-1,clinical,0.0,0.0,2386
medial ganglionic eminence derived interneuron,CD7,CD7,ppac,0.0,0.0,2386
medial ganglionic eminence derived interneuron,TNFRSF4,TNFRSF4,ppac,0.042,0.00047,2386
medial ganglionic eminence derived interneuron,ABCA7,ABCA7,ppac,5.448,0.06742,2386
medial ganglionic eminence derived interneuron,ITGAX,ITGAX,ppac,1.299,0.01831,2386
medullary thymic epithelial cell,CD96,CD96,lead,1.95,0.01318,7231
medullary thymic epithelial cell,CD9,CD9,lead,73.392,1.30438,7231
medullary thymic epithelial cell,SUCNR1,SUCNR1,lead,0.138,0.00099,7231
medullary thymic epithelial cell,IL1RAP,IL1RAP,lead,7.717,0.06098,7231
medullary thymic epithelial cell,FLT3,FLT3,control,0.235,0.00159,7231
medullary thymic epithelial cell,CD33,CD33,clinical,0.097,0.00078,7231
medullary thymic epithelial cell,IL3RA,CD123,clinical,13.207,0.12026,7231
medullary thymic epithelial cell,CLEC12A,CLL-1,clinical,0.083,0.00054,7231
medullary thymic epithelial cell,CD7,CD7,ppac,2.545,0.02036,7231
medullary thymic epithelial cell,TNFRSF4,TNFRSF4,ppac,10.925,0.10534,7231
medullary thymic epithelial cell,ABCA7,ABCA7,ppac,2.849,0.01914,7231
medullary thymic epithelial cell,ITGAX,ITGAX,ppac,0.221,0.00081,7231
medullary thymic epithelial cell type 1,CD96,CD96,lead,1.126,0.01073,3641
medullary thymic epithelial cell type 1,CD9,CD9,lead,73.277,1.4618,3641
medullary thymic epithelial cell type 1,SUCNR1,SUCNR1,lead,0.0,0.0,3641
medullary thymic epithelial cell type 1,IL1RAP,IL1RAP,lead,8.102,0.0754,3641
medullary thymic epithelial cell type 1,FLT3,FLT3,control,0.082,0.00066,3641
medullary thymic epithelial cell type 1,CD33,CD33,clinical,0.082,0.00082,3641
medullary thymic epithelial cell type 1,IL3RA,CD123,clinical,11.013,0.1183,3641
medullary thymic epithelial cell type 1,CLEC12A,CLL-1,clinical,0.0,0.0,3641
medullary thymic epithelial cell type 1,CD7,CD7,ppac,1.236,0.01336,3641
medullary thymic epithelial cell type 1,TNFRSF4,TNFRSF4,ppac,9.311,0.11982,3641
medullary thymic epithelial cell type 1,ABCA7,ABCA7,ppac,1.428,0.01237,3641
medullary thymic epithelial cell type 1,ITGAX,ITGAX,ppac,0.137,0.00113,3641
medullary thymic epithelial cell type 2,CD96,CD96,lead,3.892,0.02948,668
medullary thymic epithelial cell type 2,CD9,CD9,lead,55.09,0.92796,668
medullary thymic epithelial cell type 2,SUCNR1,SUCNR1,lead,0.15,0.00056,668
medullary thymic epithelial cell type 2,IL1RAP,IL1RAP,lead,5.838,0.03512,668
medullary thymic epithelial cell type 2,FLT3,FLT3,control,1.946,0.01926,668
medullary thymic epithelial cell type 2,CD33,CD33,clinical,0.299,0.00348,668
medullary thymic epithelial cell type 2,IL3RA,CD123,clinical,19.76,0.17956,668
medullary thymic epithelial cell type 2,CLEC12A,CLL-1,clinical,0.898,0.00975,668
medullary thymic epithelial cell type 2,CD7,CD7,ppac,4.94,0.05559,668
medullary thymic epithelial cell type 2,TNFRSF4,TNFRSF4,ppac,20.808,0.20734,668
medullary thymic epithelial cell type 2,ABCA7,ABCA7,ppac,4.641,0.02693,668
medullary thymic epithelial cell type 2,ITGAX,ITGAX,ppac,1.647,0.01018,668
medullary thymic epithelial cell type 3,CD96,CD96,lead,1.181,0.00507,847
medullary thymic epithelial cell type 3,CD9,CD9,lead,81.818,2.25846,847
medullary thymic epithelial cell type 3,SUCNR1,SUCNR1,lead,0.0,0.0,847
medullary thymic epithelial cell type 3,IL1RAP,IL1RAP,lead,8.028,0.04476,847
medullary thymic epithelial cell type 3,FLT3,FLT3,control,0.59,0.00394,847
medullary thymic epithelial cell type 3,CD33,CD33,clinical,0.0,0.0,847
medullary thymic epithelial cell type 3,IL3RA,CD123,clinical,7.438,0.05539,847
medullary thymic epithelial cell type 3,CLEC12A,CLL-1,clinical,0.0,0.0,847
medullary thymic epithelial cell type 3,CD7,CD7,ppac,1.299,0.01585,847
medullary thymic epithelial cell type 3,TNFRSF4,TNFRSF4,ppac,3.66,0.03723,847
medullary thymic epithelial cell type 3,ABCA7,ABCA7,ppac,5.785,0.03815,847
medullary thymic epithelial cell type 3,ITGAX,ITGAX,ppac,0.0,0.0,847
melanocyte,CD96,CD96,lead,1.759,0.02775,269471
melanocyte,CD9,CD9,lead,12.526,0.18665,269471
melanocyte,SUCNR1,SUCNR1,lead,0.018,0.00025,269471
melanocyte,IL1RAP,IL1RAP,lead,24.335,0.39289,269471
melanocyte,FLT3,FLT3,control,0.315,0.00453,269471
melanocyte,CD33,CD33,clinical,0.119,0.00155,269471
melanocyte,IL3RA,CD123,clinical,8.272,0.11466,269471
melanocyte,CLEC12A,CLL-1,clinical,0.292,0.00394,269471
melanocyte,CD7,CD7,ppac,0.158,0.00228,269471
melanocyte,TNFRSF4,TNFRSF4,ppac,0.337,0.00313,269471
melanocyte,ABCA7,ABCA7,ppac,1.216,0.01899,269471
melanocyte,ITGAX,ITGAX,ppac,0.575,0.00913,269471
melanocyte of skin,CD96,CD96,lead,2.243,0.03736,847
melanocyte of skin,CD9,CD9,lead,9.799,0.13745,847
melanocyte of skin,SUCNR1,SUCNR1,lead,0.118,0.00178,847
melanocyte of skin,IL1RAP,IL1RAP,lead,3.306,0.04898,847
melanocyte of skin,FLT3,FLT3,control,46.399,0.83182,847
melanocyte of skin,CD33,CD33,clinical,0.118,0.00147,847
melanocyte of skin,IL3RA,CD123,clinical,6.139,0.09341,847
melanocyte of skin,CLEC12A,CLL-1,clinical,3.188,0.04562,847
melanocyte of skin,CD7,CD7,ppac,0.59,0.00863,847
melanocyte of skin,TNFRSF4,TNFRSF4,ppac,0.118,0.00256,847
melanocyte of skin,ABCA7,ABCA7,ppac,3.07,0.04134,847
melanocyte of skin,ITGAX,ITGAX,ppac,0.354,0.00844,847
mesangial cell,CD96,CD96,lead,0.42,0.0073,715
mesangial cell,CD9,CD9,lead,24.476,0.40279,715
mesangial cell,SUCNR1,SUCNR1,lead,4.336,0.05553,715
mesangial cell,IL1RAP,IL1RAP,lead,4.056,0.05051,715
mesangial cell,FLT3,FLT3,control,0.28,0.00268,715
mesangial cell,CD33,CD33,clinical,0.14,0.0011,715
mesangial cell,IL3RA,CD123,clinical,2.238,0.02854,715
mesangial cell,CLEC12A,CLL-1,clinical,0.0,0.0,715
mesangial cell,CD7,CD7,ppac,0.14,0.00223,715
mesangial cell,TNFRSF4,TNFRSF4,ppac,0.979,0.01187,715
mesangial cell,ABCA7,ABCA7,ppac,1.678,0.02026,715
mesangial cell,ITGAX,ITGAX,ppac,0.28,0.00473,715
mesenchymal cell,CD96,CD96,lead,0.355,0.0035,302154
mesenchymal cell,CD9,CD9,lead,11.476,0.13261,302154
mesenchymal cell,SUCNR1,SUCNR1,lead,0.186,0.00173,302154
mesenchymal cell,IL1RAP,IL1RAP,lead,4.342,0.04395,302154
mesenchymal cell,FLT3,FLT3,control,0.079,0.00066,302154
mesenchymal cell,CD33,CD33,clinical,0.163,0.00162,302154
mesenchymal cell,IL3RA,CD123,clinical,1.355,0.01287,302154
mesenchymal cell,CLEC12A,CLL-1,clinical,0.075,0.00063,302154
mesenchymal cell,CD7,CD7,ppac,0.989,0.00937,302154
mesenchymal cell,TNFRSF4,TNFRSF4,ppac,0.598,0.00602,302154
mesenchymal cell,ABCA7,ABCA7,ppac,0.773,0.0062,302154
mesenchymal cell,ITGAX,ITGAX,ppac,0.049,0.00047,302154
mesenchymal stem cell,CD96,CD96,lead,1.352,0.00927,40970
mesenchymal stem cell,CD9,CD9,lead,24.533,0.20303,40970
mesenchymal stem cell,SUCNR1,SUCNR1,lead,0.107,0.00075,40970
mesenchymal stem cell,IL1RAP,IL1RAP,lead,13.686,0.10319,40970
mesenchymal stem cell,FLT3,FLT3,control,1.301,0.00743,40970
mesenchymal stem cell,CD33,CD33,clinical,0.452,0.00318,40970
mesenchymal stem cell,IL3RA,CD123,clinical,0.105,0.00059,40970
mesenchymal stem cell,CLEC12A,CLL-1,clinical,0.664,0.00409,40970
mesenchymal stem cell,CD7,CD7,ppac,0.576,0.00356,40970
mesenchymal stem cell,TNFRSF4,TNFRSF4,ppac,0.784,0.00604,40970
mesenchymal stem cell,ABCA7,ABCA7,ppac,1.438,0.01585,40970
mesenchymal stem cell,ITGAX,ITGAX,ppac,1.94,0.01236,40970
mesenchymal stem cell of adipose tissue,CD96,CD96,lead,3.939,0.05319,29270
mesenchymal stem cell of adipose tissue,CD9,CD9,lead,16.666,0.23968,29270
mesenchymal stem cell of adipose tissue,SUCNR1,SUCNR1,lead,1.534,0.02296,29270
mesenchymal stem cell of adipose tissue,IL1RAP,IL1RAP,lead,6.092,0.07609,29270
mesenchymal stem cell of adipose tissue,FLT3,FLT3,control,0.663,0.00764,29270
mesenchymal stem cell of adipose tissue,CD33,CD33,clinical,0.543,0.00633,29270
mesenchymal stem cell of adipose tissue,IL3RA,CD123,clinical,7.567,0.12012,29270
mesenchymal stem cell of adipose tissue,CLEC12A,CLL-1,clinical,0.448,0.00577,29270
mesenchymal stem cell of adipose tissue,CD7,CD7,ppac,0.977,0.0076,29270
mesenchymal stem cell of adipose tissue,TNFRSF4,TNFRSF4,ppac,0.277,0.00282,29270
mesenchymal stem cell of adipose tissue,ABCA7,ABCA7,ppac,1.083,0.01036,29270
mesenchymal stem cell of adipose tissue,ITGAX,ITGAX,ppac,0.946,0.01153,29270
mesenchyme condensation cell,CD96,CD96,lead,0.65,0.00421,2307
mesenchyme condensation cell,CD9,CD9,lead,28.522,0.22342,2307
mesenchyme condensation cell,SUCNR1,SUCNR1,lead,0.0,0.0,2307
mesenchyme condensation cell,IL1RAP,IL1RAP,lead,4.031,0.02655,2307
mesenchyme condensation cell,FLT3,FLT3,control,0.347,0.002,2307
mesenchyme condensation cell,CD33,CD33,clinical,0.13,0.00096,2307
mesenchyme condensation cell,IL3RA,CD123,clinical,4.075,0.02701,2307
mesenchyme condensation cell,CLEC12A,CLL-1,clinical,0.087,0.00067,2307
mesenchyme condensation cell,CD7,CD7,ppac,0.91,0.00549,2307
mesenchyme condensation cell,TNFRSF4,TNFRSF4,ppac,0.087,0.00049,2307
mesenchyme condensation cell,ABCA7,ABCA7,ppac,4.378,0.02781,2307
mesenchyme condensation cell,ITGAX,ITGAX,ppac,0.0,0.0,2307
mesodermal cell,CD96,CD96,lead,0.229,0.00244,73390
mesodermal cell,CD9,CD9,lead,11.504,0.14188,73390
mesodermal cell,SUCNR1,SUCNR1,lead,0.064,0.00047,73390
mesodermal cell,IL1RAP,IL1RAP,lead,1.679,0.01692,73390
mesodermal cell,FLT3,FLT3,control,0.038,0.00037,73390
mesodermal cell,CD33,CD33,clinical,0.091,0.00086,73390
mesodermal cell,IL3RA,CD123,clinical,0.219,0.0022,73390
mesodermal cell,CLEC12A,CLL-1,clinical,0.022,0.00024,73390
mesodermal cell,CD7,CD7,ppac,1.225,0.01031,73390
mesodermal cell,TNFRSF4,TNFRSF4,ppac,0.247,0.00251,73390
mesodermal cell,ABCA7,ABCA7,ppac,1.008,0.00856,73390
mesodermal cell,ITGAX,ITGAX,ppac,0.02,0.00024,73390
mesonephric nephron tubule epithelial cell,CD96,CD96,lead,0.085,0.00085,3513
mesonephric nephron tubule epithelial cell,CD9,CD9,lead,30.658,0.43637,3513
mesonephric nephron tubule epithelial cell,SUCNR1,SUCNR1,lead,0.0,0.0,3513
mesonephric nephron tubule epithelial cell,IL1RAP,IL1RAP,lead,0.256,0.0028,3513
mesonephric nephron tubule epithelial cell,FLT3,FLT3,control,0.028,0.00033,3513
mesonephric nephron tubule epithelial cell,CD33,CD33,clinical,0.057,0.0007,3513
mesonephric nephron tubule epithelial cell,IL3RA,CD123,clinical,0.171,0.00186,3513
mesonephric nephron tubule epithelial cell,CLEC12A,CLL-1,clinical,0.0,0.0,3513
mesonephric nephron tubule epithelial cell,CD7,CD7,ppac,0.313,0.00366,3513
mesonephric nephron tubule epithelial cell,TNFRSF4,TNFRSF4,ppac,2.021,0.02601,3513
mesonephric nephron tubule epithelial cell,ABCA7,ABCA7,ppac,0.427,0.00457,3513
mesonephric nephron tubule epithelial cell,ITGAX,ITGAX,ppac,0.0,0.0,3513
mesothelial cell,CD96,CD96,lead,3.008,0.04267,115260
mesothelial cell,CD9,CD9,lead,25.061,0.35733,115260
mesothelial cell,SUCNR1,SUCNR1,lead,0.666,0.00844,115260
mesothelial cell,IL1RAP,IL1RAP,lead,16.825,0.23375,115260
mesothelial cell,FLT3,FLT3,control,1.609,0.01717,115260
mesothelial cell,CD33,CD33,clinical,0.37,0.00448,115260
mesothelial cell,IL3RA,CD123,clinical,5.687,0.07695,115260
mesothelial cell,CLEC12A,CLL-1,clinical,0.71,0.0092,115260
mesothelial cell,CD7,CD7,ppac,1.532,0.01324,115260
mesothelial cell,TNFRSF4,TNFRSF4,ppac,0.22,0.00248,115260
mesothelial cell,ABCA7,ABCA7,ppac,2.613,0.02958,115260
mesothelial cell,ITGAX,ITGAX,ppac,0.395,0.00521,115260
mesothelial cell of dura mater,CD96,CD96,lead,1.164,0.00385,1117
mesothelial cell of dura mater,CD9,CD9,lead,85.586,0.79295,1117
mesothelial cell of dura mater,SUCNR1,SUCNR1,lead,0.0,0.0,1117
mesothelial cell of dura mater,IL1RAP,IL1RAP,lead,1.88,0.00771,1117
mesothelial cell of dura mater,FLT3,FLT3,control,0.716,0.00186,1117
mesothelial cell of dura mater,CD33,CD33,clinical,0.269,0.00073,1117
mesothelial cell of dura mater,IL3RA,CD123,clinical,17.726,0.06417,1117
mesothelial cell of dura mater,CLEC12A,CLL-1,clinical,0.0,0.0,1117
mesothelial cell of dura mater,CD7,CD7,ppac,3.044,0.00782,1117
mesothelial cell of dura mater,TNFRSF4,TNFRSF4,ppac,0.537,0.00149,1117
mesothelial cell of dura mater,ABCA7,ABCA7,ppac,14.235,0.04751,1117
mesothelial cell of dura mater,ITGAX,ITGAX,ppac,0.0,0.0,1117
mesothelial cell of epicardium,CD96,CD96,lead,1.939,0.01645,4332
mesothelial cell of epicardium,CD9,CD9,lead,34.995,0.43889,4332
mesothelial cell of epicardium,SUCNR1,SUCNR1,lead,0.254,0.00243,4332
mesothelial cell of epicardium,IL1RAP,IL1RAP,lead,6.856,0.05614,4332
mesothelial cell of epicardium,FLT3,FLT3,control,0.554,0.0046,4332
mesothelial cell of epicardium,CD33,CD33,clinical,0.162,0.00127,4332
mesothelial cell of epicardium,IL3RA,CD123,clinical,24.1,0.23251,4332
mesothelial cell of epicardium,CLEC12A,CLL-1,clinical,0.023,0.00013,4332
mesothelial cell of epicardium,CD7,CD7,ppac,0.693,0.00812,4332
mesothelial cell of epicardium,TNFRSF4,TNFRSF4,ppac,0.231,0.00234,4332
mesothelial cell of epicardium,ABCA7,ABCA7,ppac,1.27,0.00878,4332
mesothelial cell of epicardium,ITGAX,ITGAX,ppac,0.115,0.00099,4332
microcirculation associated smooth muscle cell,CD96,CD96,lead,0.387,0.00242,15257
microcirculation associated smooth muscle cell,CD9,CD9,lead,90.313,1.50568,15257
microcirculation associated smooth muscle cell,SUCNR1,SUCNR1,lead,8.875,0.0894,15257
microcirculation associated smooth muscle cell,IL1RAP,IL1RAP,lead,2.635,0.01438,15257
microcirculation associated smooth muscle cell,FLT3,FLT3,control,0.033,0.0002,15257
microcirculation associated smooth muscle cell,CD33,CD33,clinical,0.682,0.00377,15257
microcirculation associated smooth muscle cell,IL3RA,CD123,clinical,1.521,0.00897,15257
microcirculation associated smooth muscle cell,CLEC12A,CLL-1,clinical,0.197,0.00129,15257
microcirculation associated smooth muscle cell,CD7,CD7,ppac,0.275,0.00216,15257
microcirculation associated smooth muscle cell,TNFRSF4,TNFRSF4,ppac,0.216,0.00132,15257
microcirculation associated smooth muscle cell,ABCA7,ABCA7,ppac,1.226,0.00695,15257
microcirculation associated smooth muscle cell,ITGAX,ITGAX,ppac,0.551,0.00314,15257
midbrain dopaminergic neuron,CD96,CD96,lead,0.81,0.00723,19760
midbrain dopaminergic neuron,CD9,CD9,lead,3.578,0.03641,19760
midbrain dopaminergic neuron,SUCNR1,SUCNR1,lead,0.046,0.00032,19760
midbrain dopaminergic neuron,IL1RAP,IL1RAP,lead,3.654,0.03822,19760
midbrain dopaminergic neuron,FLT3,FLT3,control,1.058,0.00983,19760
midbrain dopaminergic neuron,CD33,CD33,clinical,0.111,0.00097,19760
midbrain dopaminergic neuron,IL3RA,CD123,clinical,11.179,0.10531,19760
midbrain dopaminergic neuron,CLEC12A,CLL-1,clinical,0.015,0.00012,19760
midbrain dopaminergic neuron,CD7,CD7,ppac,0.516,0.00464,19760
midbrain dopaminergic neuron,TNFRSF4,TNFRSF4,ppac,0.035,0.00028,19760
midbrain dopaminergic neuron,ABCA7,ABCA7,ppac,4.848,0.04198,19760
midbrain dopaminergic neuron,ITGAX,ITGAX,ppac,0.015,9e-05,19760
midget ganglion cell of retina,CD96,CD96,lead,0.785,0.00555,14779
midget ganglion cell of retina,CD9,CD9,lead,0.372,0.00208,14779
midget ganglion cell of retina,SUCNR1,SUCNR1,lead,0.007,3e-05,14779
midget ganglion cell of retina,IL1RAP,IL1RAP,lead,4.791,0.03435,14779
midget ganglion cell of retina,FLT3,FLT3,control,2.179,0.01502,14779
midget ganglion cell of retina,CD33,CD33,clinical,0.027,0.00026,14779
midget ganglion cell of retina,IL3RA,CD123,clinical,30.875,0.23134,14779
midget ganglion cell of retina,CLEC12A,CLL-1,clinical,0.108,0.0006,14779
midget ganglion cell of retina,CD7,CD7,ppac,0.101,0.00065,14779
midget ganglion cell of retina,TNFRSF4,TNFRSF4,ppac,0.014,0.00017,14779
midget ganglion cell of retina,ABCA7,ABCA7,ppac,4.926,0.03054,14779
midget ganglion cell of retina,ITGAX,ITGAX,ppac,0.041,0.00022,14779
midzonal region hepatocyte,CD96,CD96,lead,1.096,0.00923,19435
midzonal region hepatocyte,CD9,CD9,lead,13.414,0.1101,19435
midzonal region hepatocyte,SUCNR1,SUCNR1,lead,2.912,0.01726,19435
midzonal region hepatocyte,IL1RAP,IL1RAP,lead,54.062,0.83402,19435
midzonal region hepatocyte,FLT3,FLT3,control,1.014,0.00663,19435
midzonal region hepatocyte,CD33,CD33,clinical,0.201,0.00173,19435
midzonal region hepatocyte,IL3RA,CD123,clinical,2.964,0.01869,19435
midzonal region hepatocyte,CLEC12A,CLL-1,clinical,0.746,0.00475,19435
midzonal region hepatocyte,CD7,CD7,ppac,0.813,0.00911,19435
midzonal region hepatocyte,TNFRSF4,TNFRSF4,ppac,0.103,0.00112,19435
midzonal region hepatocyte,ABCA7,ABCA7,ppac,2.624,0.01906,19435
midzonal region hepatocyte,ITGAX,ITGAX,ppac,0.242,0.00249,19435
motor neuron,CD96,CD96,lead,0.59,0.00552,1187
motor neuron,CD9,CD9,lead,82.056,1.70869,1187
motor neuron,SUCNR1,SUCNR1,lead,0.084,0.00133,1187
motor neuron,IL1RAP,IL1RAP,lead,0.59,0.00469,1187
motor neuron,FLT3,FLT3,control,0.0,0.0,1187
motor neuron,CD33,CD33,clinical,0.084,0.00086,1187
motor neuron,IL3RA,CD123,clinical,0.084,0.00108,1187
motor neuron,CLEC12A,CLL-1,clinical,0.0,0.0,1187
motor neuron,CD7,CD7,ppac,0.674,0.00696,1187
motor neuron,TNFRSF4,TNFRSF4,ppac,0.084,0.00064,1187
motor neuron,ABCA7,ABCA7,ppac,0.927,0.01039,1187
motor neuron,ITGAX,ITGAX,ppac,0.0,0.0,1187
mucous neck cell of gastric gland,CD96,CD96,lead,0.562,0.0047,14601
mucous neck cell of gastric gland,CD9,CD9,lead,40.778,0.52311,14601
mucous neck cell of gastric gland,SUCNR1,SUCNR1,lead,0.027,0.00024,14601
mucous neck cell of gastric gland,IL1RAP,IL1RAP,lead,1.911,0.01557,14601
mucous neck cell of gastric gland,FLT3,FLT3,control,0.0,0.0,14601
mucous neck cell of gastric gland,CD33,CD33,clinical,0.048,0.00044,14601
mucous neck cell of gastric gland,IL3RA,CD123,clinical,0.103,0.00096,14601
mucous neck cell of gastric gland,CLEC12A,CLL-1,clinical,0.014,5e-05,14601
mucous neck cell of gastric gland,CD7,CD7,ppac,0.781,0.00714,14601
mucous neck cell of gastric gland,TNFRSF4,TNFRSF4,ppac,0.199,0.00256,14601
mucous neck cell of gastric gland,ABCA7,ABCA7,ppac,2.014,0.01887,14601
mucous neck cell of gastric gland,ITGAX,ITGAX,ppac,0.027,0.00031,14601
mucus secreting cell,CD96,CD96,lead,0.612,0.00521,2780
mucus secreting cell,CD9,CD9,lead,50.072,0.93681,2780
mucus secreting cell,SUCNR1,SUCNR1,lead,0.072,0.00156,2780
mucus secreting cell,IL1RAP,IL1RAP,lead,7.59,0.08669,2780
mucus secreting cell,FLT3,FLT3,control,0.144,0.00026,2780
mucus secreting cell,CD33,CD33,clinical,0.719,0.00274,2780
mucus secreting cell,IL3RA,CD123,clinical,3.561,0.05096,2780
mucus secreting cell,CLEC12A,CLL-1,clinical,0.719,0.00329,2780
mucus secreting cell,CD7,CD7,ppac,2.05,0.00917,2780
mucus secreting cell,TNFRSF4,TNFRSF4,ppac,1.187,0.00427,2780
mucus secreting cell,ABCA7,ABCA7,ppac,8.957,0.0667,2780
mucus secreting cell,ITGAX,ITGAX,ppac,1.763,0.0089,2780
mucus secreting cell of tracheobronchial tree submucosal gland,CD96,CD96,lead,1.704,0.00542,1115
mucus secreting cell of tracheobronchial tree submucosal gland,CD9,CD9,lead,81.525,1.25897,1115
mucus secreting cell of tracheobronchial tree submucosal gland,SUCNR1,SUCNR1,lead,0.0,0.0,1115
mucus secreting cell of tracheobronchial tree submucosal gland,IL1RAP,IL1RAP,lead,5.65,0.03356,1115
mucus secreting cell of tracheobronchial tree submucosal gland,FLT3,FLT3,control,0.0,0.0,1115
mucus secreting cell of tracheobronchial tree submucosal gland,CD33,CD33,clinical,0.09,0.00035,1115
mucus secreting cell of tracheobronchial tree submucosal gland,IL3RA,CD123,clinical,2.332,0.02509,1115
mucus secreting cell of tracheobronchial tree submucosal gland,CLEC12A,CLL-1,clinical,0.09,8e-05,1115
mucus secreting cell of tracheobronchial tree submucosal gland,CD7,CD7,ppac,2.87,0.01135,1115
mucus secreting cell of tracheobronchial tree submucosal gland,TNFRSF4,TNFRSF4,ppac,0.269,0.00086,1115
mucus secreting cell of tracheobronchial tree submucosal gland,ABCA7,ABCA7,ppac,16.323,0.07044,1115
mucus secreting cell of tracheobronchial tree submucosal gland,ITGAX,ITGAX,ppac,0.269,0.00054,1115
multiciliated columnar cell of tracheobronchial tree,CD96,CD96,lead,0.807,0.00713,70103
multiciliated columnar cell of tracheobronchial tree,CD9,CD9,lead,77.483,1.55612,70103
multiciliated columnar cell of tracheobronchial tree,SUCNR1,SUCNR1,lead,0.087,0.00065,70103
multiciliated columnar cell of tracheobronchial tree,IL1RAP,IL1RAP,lead,4.228,0.03124,70103
multiciliated columnar cell of tracheobronchial tree,FLT3,FLT3,control,0.177,0.00162,70103
multiciliated columnar cell of tracheobronchial tree,CD33,CD33,clinical,0.449,0.00378,70103
multiciliated columnar cell of tracheobronchial tree,IL3RA,CD123,clinical,3.138,0.02863,70103
multiciliated columnar cell of tracheobronchial tree,CLEC12A,CLL-1,clinical,0.281,0.00271,70103
multiciliated columnar cell of tracheobronchial tree,CD7,CD7,ppac,1.536,0.01235,70103
multiciliated columnar cell of tracheobronchial tree,TNFRSF4,TNFRSF4,ppac,0.218,0.00179,70103
multiciliated columnar cell of tracheobronchial tree,ABCA7,ABCA7,ppac,16.45,0.15486,70103
multiciliated columnar cell of tracheobronchial tree,ITGAX,ITGAX,ppac,0.65,0.0057,70103
multiciliated epithelial cell,CD96,CD96,lead,0.623,0.00424,7699
multiciliated epithelial cell,CD9,CD9,lead,76.322,1.42447,7699
multiciliated epithelial cell,SUCNR1,SUCNR1,lead,0.039,0.00024,7699
multiciliated epithelial cell,IL1RAP,IL1RAP,lead,5.312,0.0375,7699
multiciliated epithelial cell,FLT3,FLT3,control,0.026,0.00018,7699
multiciliated epithelial cell,CD33,CD33,clinical,0.455,0.00381,7699
multiciliated epithelial cell,IL3RA,CD123,clinical,2.455,0.0179,7699
multiciliated epithelial cell,CLEC12A,CLL-1,clinical,0.208,0.00183,7699
multiciliated epithelial cell,CD7,CD7,ppac,1.169,0.00832,7699
multiciliated epithelial cell,TNFRSF4,TNFRSF4,ppac,0.065,0.00055,7699
multiciliated epithelial cell,ABCA7,ABCA7,ppac,20.704,0.18488,7699
multiciliated epithelial cell,ITGAX,ITGAX,ppac,0.221,0.00234,7699
mural cell,CD96,CD96,lead,0.897,0.01556,65905
mural cell,CD9,CD9,lead,33.066,0.606,65905
mural cell,SUCNR1,SUCNR1,lead,1.502,0.02444,65905
mural cell,IL1RAP,IL1RAP,lead,3.86,0.04849,65905
mural cell,FLT3,FLT3,control,0.388,0.00622,65905
mural cell,CD33,CD33,clinical,0.126,0.00167,65905
mural cell,IL3RA,CD123,clinical,3.948,0.0594,65905
mural cell,CLEC12A,CLL-1,clinical,0.191,0.00286,65905
mural cell,CD7,CD7,ppac,0.243,0.00302,65905
mural cell,TNFRSF4,TNFRSF4,ppac,0.589,0.0065,65905
mural cell,ABCA7,ABCA7,ppac,0.976,0.01307,65905
mural cell,ITGAX,ITGAX,ppac,0.369,0.00576,65905
muscle cell,CD96,CD96,lead,1.503,0.02133,7051
muscle cell,CD9,CD9,lead,20.352,0.30577,7051
muscle cell,SUCNR1,SUCNR1,lead,0.043,0.00031,7051
muscle cell,IL1RAP,IL1RAP,lead,3.687,0.06694,7051
muscle cell,FLT3,FLT3,control,2.425,0.04247,7051
muscle cell,CD33,CD33,clinical,0.142,0.00141,7051
muscle cell,IL3RA,CD123,clinical,3.049,0.051,7051
muscle cell,CLEC12A,CLL-1,clinical,0.326,0.00421,7051
muscle cell,CD7,CD7,ppac,0.723,0.00721,7051
muscle cell,TNFRSF4,TNFRSF4,ppac,0.255,0.00291,7051
muscle cell,ABCA7,ABCA7,ppac,3.943,0.04662,7051
muscle cell,ITGAX,ITGAX,ppac,0.511,0.00677,7051
muscle fibroblast,CD96,CD96,lead,0.285,0.00261,7010
muscle fibroblast,CD9,CD9,lead,3.053,0.03141,7010
muscle fibroblast,SUCNR1,SUCNR1,lead,0.0,0.0,7010
muscle fibroblast,IL1RAP,IL1RAP,lead,7.218,0.06984,7010
muscle fibroblast,FLT3,FLT3,control,0.0,0.0,7010
muscle fibroblast,CD33,CD33,clinical,0.271,0.00197,7010
muscle fibroblast,IL3RA,CD123,clinical,0.243,0.00257,7010
muscle fibroblast,CLEC12A,CLL-1,clinical,0.0,0.0,7010
muscle fibroblast,CD7,CD7,ppac,0.086,0.00065,7010
muscle fibroblast,TNFRSF4,TNFRSF4,ppac,0.984,0.00866,7010
muscle fibroblast,ABCA7,ABCA7,ppac,0.214,0.00199,7010
muscle fibroblast,ITGAX,ITGAX,ppac,0.014,9e-05,7010
myelinating Schwann cell,CD96,CD96,lead,0.885,0.01478,9382
myelinating Schwann cell,CD9,CD9,lead,59.657,1.53016,9382
myelinating Schwann cell,SUCNR1,SUCNR1,lead,0.032,0.0005,9382
myelinating Schwann cell,IL1RAP,IL1RAP,lead,6.449,0.09295,9382
myelinating Schwann cell,FLT3,FLT3,control,0.192,0.00246,9382
myelinating Schwann cell,CD33,CD33,clinical,0.075,0.00121,9382
myelinating Schwann cell,IL3RA,CD123,clinical,8.197,0.1276,9382
myelinating Schwann cell,CLEC12A,CLL-1,clinical,0.128,0.00214,9382
myelinating Schwann cell,CD7,CD7,ppac,0.171,0.00277,9382
myelinating Schwann cell,TNFRSF4,TNFRSF4,ppac,0.075,0.00085,9382
myelinating Schwann cell,ABCA7,ABCA7,ppac,0.863,0.01289,9382
myelinating Schwann cell,ITGAX,ITGAX,ppac,0.341,0.00505,9382
myo-medullary thymic epithelial cell,CD96,CD96,lead,1.636,0.0159,1100
myo-medullary thymic epithelial cell,CD9,CD9,lead,56.636,0.76698,1100
myo-medullary thymic epithelial cell,SUCNR1,SUCNR1,lead,0.0,0.0,1100
myo-medullary thymic epithelial cell,IL1RAP,IL1RAP,lead,5.727,0.04341,1100
myo-medullary thymic epithelial cell,FLT3,FLT3,control,0.182,0.00211,1100
myo-medullary thymic epithelial cell,CD33,CD33,clinical,0.364,0.00414,1100
myo-medullary thymic epithelial cell,IL3RA,CD123,clinical,3.818,0.03571,1100
myo-medullary thymic epithelial cell,CLEC12A,CLL-1,clinical,0.273,0.00228,1100
myo-medullary thymic epithelial cell,CD7,CD7,ppac,2.182,0.01992,1100
myo-medullary thymic epithelial cell,TNFRSF4,TNFRSF4,ppac,3.0,0.02555,1100
myo-medullary thymic epithelial cell,ABCA7,ABCA7,ppac,2.909,0.019,1100
myo-medullary thymic epithelial cell,ITGAX,ITGAX,ppac,0.091,0.00043,1100
myoblast,CD96,CD96,lead,0.253,0.00165,1186
myoblast,CD9,CD9,lead,34.823,0.32833,1186
myoblast,SUCNR1,SUCNR1,lead,0.0,0.0,1186
myoblast,IL1RAP,IL1RAP,lead,0.759,0.00625,1186
myoblast,FLT3,FLT3,control,0.0,0.0,1186
myoblast,CD33,CD33,clinical,0.253,0.00141,1186
myoblast,IL3RA,CD123,clinical,0.506,0.00349,1186
myoblast,CLEC12A,CLL-1,clinical,0.0,0.0,1186
myoblast,CD7,CD7,ppac,0.084,0.00031,1186
myoblast,TNFRSF4,TNFRSF4,ppac,0.084,0.00071,1186
myoblast,ABCA7,ABCA7,ppac,1.602,0.00982,1186
myoblast,ITGAX,ITGAX,ppac,0.0,0.0,1186
myoepithelial cell,CD96,CD96,lead,1.122,0.01074,4992
myoepithelial cell,CD9,CD9,lead,63.622,1.38762,4992
myoepithelial cell,SUCNR1,SUCNR1,lead,0.08,0.00121,4992
myoepithelial cell,IL1RAP,IL1RAP,lead,7.272,0.07498,4992
myoepithelial cell,FLT3,FLT3,control,0.321,0.00348,4992
myoepithelial cell,CD33,CD33,clinical,0.08,0.00112,4992
myoepithelial cell,IL3RA,CD123,clinical,1.923,0.02293,4992
myoepithelial cell,CLEC12A,CLL-1,clinical,0.14,0.00174,4992
myoepithelial cell,CD7,CD7,ppac,0.621,0.00646,4992
myoepithelial cell,TNFRSF4,TNFRSF4,ppac,0.3,0.00295,4992
myoepithelial cell,ABCA7,ABCA7,ppac,2.384,0.02429,4992
myoepithelial cell,ITGAX,ITGAX,ppac,0.361,0.00511,4992
myometrial cell,CD96,CD96,lead,0.872,0.00581,917
myometrial cell,CD9,CD9,lead,82.007,0.97055,917
myometrial cell,SUCNR1,SUCNR1,lead,0.0,0.0,917
myometrial cell,IL1RAP,IL1RAP,lead,17.775,0.12943,917
myometrial cell,FLT3,FLT3,control,0.981,0.00536,917
myometrial cell,CD33,CD33,clinical,0.0,0.0,917
myometrial cell,IL3RA,CD123,clinical,0.0,0.0,917
myometrial cell,CLEC12A,CLL-1,clinical,0.0,0.0,917
myometrial cell,CD7,CD7,ppac,1.854,0.01101,917
myometrial cell,TNFRSF4,TNFRSF4,ppac,0.654,0.00412,917
myometrial cell,ABCA7,ABCA7,ppac,1.854,0.01224,917
myometrial cell,ITGAX,ITGAX,ppac,1.2,0.01036,917
near-projecting glutamatergic cortical neuron,CD96,CD96,lead,2.213,0.00939,44599
near-projecting glutamatergic cortical neuron,CD9,CD9,lead,1.583,0.00659,44599
near-projecting glutamatergic cortical neuron,SUCNR1,SUCNR1,lead,0.016,6e-05,44599
near-projecting glutamatergic cortical neuron,IL1RAP,IL1RAP,lead,30.72,0.16927,44599
near-projecting glutamatergic cortical neuron,FLT3,FLT3,control,39.552,0.22547,44599
near-projecting glutamatergic cortical neuron,CD33,CD33,clinical,0.522,0.00165,44599
near-projecting glutamatergic cortical neuron,IL3RA,CD123,clinical,40.665,0.19496,44599
near-projecting glutamatergic cortical neuron,CLEC12A,CLL-1,clinical,1.007,0.00377,44599
near-projecting glutamatergic cortical neuron,CD7,CD7,ppac,0.047,0.00021,44599
near-projecting glutamatergic cortical neuron,TNFRSF4,TNFRSF4,ppac,0.657,0.00236,44599
near-projecting glutamatergic cortical neuron,ABCA7,ABCA7,ppac,30.685,0.13345,44599
near-projecting glutamatergic cortical neuron,ITGAX,ITGAX,ppac,0.601,0.00238,44599
neural cell,CD96,CD96,lead,2.769,0.02945,566436
neural cell,CD9,CD9,lead,3.591,0.06074,566436
neural cell,SUCNR1,SUCNR1,lead,0.015,0.00017,566436
neural cell,IL1RAP,IL1RAP,lead,12.142,0.14596,566436
neural cell,FLT3,FLT3,control,6.856,0.07179,566436
neural cell,CD33,CD33,clinical,0.071,0.00072,566436
neural cell,IL3RA,CD123,clinical,0.106,0.00173,566436
neural cell,CLEC12A,CLL-1,clinical,2.861,0.03282,566436
neural cell,CD7,CD7,ppac,0.043,0.00045,566436
neural cell,TNFRSF4,TNFRSF4,ppac,0.155,0.00127,566436
neural cell,ABCA7,ABCA7,ppac,4.479,0.03932,566436
neural cell,ITGAX,ITGAX,ppac,0.426,0.0041,566436
neural progenitor cell,CD96,CD96,lead,0.8,0.00778,166951
neural progenitor cell,CD9,CD9,lead,17.773,0.22106,166951
neural progenitor cell,SUCNR1,SUCNR1,lead,0.011,0.00011,166951
neural progenitor cell,IL1RAP,IL1RAP,lead,1.36,0.01269,166951
neural progenitor cell,FLT3,FLT3,control,0.388,0.00327,166951
neural progenitor cell,CD33,CD33,clinical,0.096,0.00081,166951
neural progenitor cell,IL3RA,CD123,clinical,8.957,0.09156,166951
neural progenitor cell,CLEC12A,CLL-1,clinical,0.082,0.00096,166951
neural progenitor cell,CD7,CD7,ppac,1.089,0.00622,166951
neural progenitor cell,TNFRSF4,TNFRSF4,ppac,0.029,0.00025,166951
neural progenitor cell,ABCA7,ABCA7,ppac,1.727,0.01389,166951
neural progenitor cell,ITGAX,ITGAX,ppac,0.044,0.00046,166951
neural stem cell,CD96,CD96,lead,0.772,0.0038,10227
neural stem cell,CD9,CD9,lead,7.607,0.03976,10227
neural stem cell,SUCNR1,SUCNR1,lead,0.0,0.0,10227
neural stem cell,IL1RAP,IL1RAP,lead,2.474,0.01178,10227
neural stem cell,FLT3,FLT3,control,0.763,0.00307,10227
neural stem cell,CD33,CD33,clinical,0.205,0.00099,10227
neural stem cell,IL3RA,CD123,clinical,1.046,0.00454,10227
neural stem cell,CLEC12A,CLL-1,clinical,0.0,0.0,10227
neural stem cell,CD7,CD7,ppac,1.965,0.00873,10227
neural stem cell,TNFRSF4,TNFRSF4,ppac,0.049,0.0002,10227
neural stem cell,ABCA7,ABCA7,ppac,5.329,0.02277,10227
neural stem cell,ITGAX,ITGAX,ppac,0.029,8e-05,10227
neurectodermal cell,CD96,CD96,lead,0.0,0.0,779
neurectodermal cell,CD9,CD9,lead,21.694,0.14446,779
neurectodermal cell,SUCNR1,SUCNR1,lead,0.0,0.0,779
neurectodermal cell,IL1RAP,IL1RAP,lead,0.899,0.00495,779
neurectodermal cell,FLT3,FLT3,control,0.385,0.00182,779
neurectodermal cell,CD33,CD33,clinical,0.0,0.0,779
neurectodermal cell,IL3RA,CD123,clinical,0.128,0.00035,779
neurectodermal cell,CLEC12A,CLL-1,clinical,0.0,0.0,779
neurectodermal cell,CD7,CD7,ppac,0.257,0.00105,779
neurectodermal cell,TNFRSF4,TNFRSF4,ppac,0.128,0.00055,779
neurectodermal cell,ABCA7,ABCA7,ppac,3.466,0.0196,779
neurectodermal cell,ITGAX,ITGAX,ppac,0.0,0.0,779
neuro-medullary thymic epithelial cell,CD96,CD96,lead,5.514,0.07127,1741
neuro-medullary thymic epithelial cell,CD9,CD9,lead,13.498,0.13805,1741
neuro-medullary thymic epithelial cell,SUCNR1,SUCNR1,lead,0.287,0.00259,1741
neuro-medullary thymic epithelial cell,IL1RAP,IL1RAP,lead,3.389,0.03412,1741
neuro-medullary thymic epithelial cell,FLT3,FLT3,control,2.929,0.03185,1741
neuro-medullary thymic epithelial cell,CD33,CD33,clinical,0.345,0.00258,1741
neuro-medullary thymic epithelial cell,IL3RA,CD123,clinical,0.46,0.00429,1741
neuro-medullary thymic epithelial cell,CLEC12A,CLL-1,clinical,1.034,0.01033,1741
neuro-medullary thymic epithelial cell,CD7,CD7,ppac,0.747,0.00784,1741
neuro-medullary thymic epithelial cell,TNFRSF4,TNFRSF4,ppac,0.804,0.00936,1741
neuro-medullary thymic epithelial cell,ABCA7,ABCA7,ppac,4.538,0.03282,1741
neuro-medullary thymic epithelial cell,ITGAX,ITGAX,ppac,0.919,0.00835,1741
neuroblast (sensu Nematoda and Protostomia),CD96,CD96,lead,0.968,0.00949,112144
neuroblast (sensu Nematoda and Protostomia),CD9,CD9,lead,9.793,0.10582,112144
neuroblast (sensu Nematoda and Protostomia),SUCNR1,SUCNR1,lead,0.042,0.00037,112144
neuroblast (sensu Nematoda and Protostomia),IL1RAP,IL1RAP,lead,2.555,0.01973,112144
neuroblast (sensu Nematoda and Protostomia),FLT3,FLT3,control,0.984,0.00827,112144
neuroblast (sensu Nematoda and Protostomia),CD33,CD33,clinical,0.011,0.0001,112144
neuroblast (sensu Nematoda and Protostomia),IL3RA,CD123,clinical,0.304,0.00248,112144
neuroblast (sensu Nematoda and Protostomia),CLEC12A,CLL-1,clinical,0.072,0.00057,112144
neuroblast (sensu Nematoda and Protostomia),CD7,CD7,ppac,0.015,0.00012,112144
neuroblast (sensu Nematoda and Protostomia),TNFRSF4,TNFRSF4,ppac,0.025,0.00022,112144
neuroblast (sensu Nematoda and Protostomia),ABCA7,ABCA7,ppac,1.985,0.01605,112144
neuroblast (sensu Nematoda and Protostomia),ITGAX,ITGAX,ppac,0.062,0.00053,112144
neuroblast (sensu Vertebrata),CD96,CD96,lead,0.654,0.00686,444322
neuroblast (sensu Vertebrata),CD9,CD9,lead,8.784,0.11343,444322
neuroblast (sensu Vertebrata),SUCNR1,SUCNR1,lead,0.057,0.00041,444322
neuroblast (sensu Vertebrata),IL1RAP,IL1RAP,lead,1.784,0.01561,444322
neuroblast (sensu Vertebrata),FLT3,FLT3,control,0.63,0.00592,444322
neuroblast (sensu Vertebrata),CD33,CD33,clinical,0.054,0.0005,444322
neuroblast (sensu Vertebrata),IL3RA,CD123,clinical,1.115,0.01221,444322
neuroblast (sensu Vertebrata),CLEC12A,CLL-1,clinical,0.081,0.00089,444322
neuroblast (sensu Vertebrata),CD7,CD7,ppac,0.081,0.00073,444322
neuroblast (sensu Vertebrata),TNFRSF4,TNFRSF4,ppac,0.031,0.00029,444322
neuroblast (sensu Vertebrata),ABCA7,ABCA7,ppac,2.641,0.02181,444322
neuroblast (sensu Vertebrata),ITGAX,ITGAX,ppac,0.053,0.0005,444322
neuroendocrine cell,CD96,CD96,lead,1.869,0.01367,13805
neuroendocrine cell,CD9,CD9,lead,35.277,0.3383,13805
neuroendocrine cell,SUCNR1,SUCNR1,lead,0.123,0.00153,13805
neuroendocrine cell,IL1RAP,IL1RAP,lead,8.352,0.05753,13805
neuroendocrine cell,FLT3,FLT3,control,0.022,0.00038,13805
neuroendocrine cell,CD33,CD33,clinical,0.007,9e-05,13805
neuroendocrine cell,IL3RA,CD123,clinical,0.08,0.00129,13805
neuroendocrine cell,CLEC12A,CLL-1,clinical,0.014,8e-05,13805
neuroendocrine cell,CD7,CD7,ppac,0.101,0.0007,13805
neuroendocrine cell,TNFRSF4,TNFRSF4,ppac,0.21,0.00146,13805
neuroendocrine cell,ABCA7,ABCA7,ppac,14.567,0.10741,13805
neuroendocrine cell,ITGAX,ITGAX,ppac,0.072,0.00046,13805
neuroendocrine cell of epithelium of lobar bronchus,CD96,CD96,lead,0.071,0.00065,1407
neuroendocrine cell of epithelium of lobar bronchus,CD9,CD9,lead,93.746,1.60686,1407
neuroendocrine cell of epithelium of lobar bronchus,SUCNR1,SUCNR1,lead,0.0,0.0,1407
neuroendocrine cell of epithelium of lobar bronchus,IL1RAP,IL1RAP,lead,9.026,0.05979,1407
neuroendocrine cell of epithelium of lobar bronchus,FLT3,FLT3,control,0.0,0.0,1407
neuroendocrine cell of epithelium of lobar bronchus,CD33,CD33,clinical,0.0,0.0,1407
neuroendocrine cell of epithelium of lobar bronchus,IL3RA,CD123,clinical,0.0,0.0,1407
neuroendocrine cell of epithelium of lobar bronchus,CLEC12A,CLL-1,clinical,0.0,0.0,1407
neuroendocrine cell of epithelium of lobar bronchus,CD7,CD7,ppac,0.071,0.00058,1407
neuroendocrine cell of epithelium of lobar bronchus,TNFRSF4,TNFRSF4,ppac,0.142,0.00084,1407
neuroendocrine cell of epithelium of lobar bronchus,ABCA7,ABCA7,ppac,4.904,0.03097,1407
neuroendocrine cell of epithelium of lobar bronchus,ITGAX,ITGAX,ppac,0.0,0.0,1407
neuroepithelial stem cell,CD96,CD96,lead,0.186,0.00078,4308
neuroepithelial stem cell,CD9,CD9,lead,33.937,0.30902,4308
neuroepithelial stem cell,SUCNR1,SUCNR1,lead,0.0,0.0,4308
neuroepithelial stem cell,IL1RAP,IL1RAP,lead,2.019,0.00901,4308
neuroepithelial stem cell,FLT3,FLT3,control,0.58,0.00259,4308
neuroepithelial stem cell,CD33,CD33,clinical,0.093,0.00034,4308
neuroepithelial stem cell,IL3RA,CD123,clinical,0.07,0.00036,4308
neuroepithelial stem cell,CLEC12A,CLL-1,clinical,0.0,0.0,4308
neuroepithelial stem cell,CD7,CD7,ppac,2.252,0.01081,4308
neuroepithelial stem cell,TNFRSF4,TNFRSF4,ppac,0.255,0.00128,4308
neuroepithelial stem cell,ABCA7,ABCA7,ppac,6.5,0.03302,4308
neuroepithelial stem cell,ITGAX,ITGAX,ppac,0.395,0.00166,4308
neuron,CD96,CD96,lead,2.77,0.01433,3462893
neuron,CD9,CD9,lead,3.086,0.03343,3462893
neuron,SUCNR1,SUCNR1,lead,0.061,0.0004,3462893
neuron,IL1RAP,IL1RAP,lead,25.993,0.18851,3462893
neuron,FLT3,FLT3,control,13.514,0.09663,3462893
neuron,CD33,CD33,clinical,0.158,0.00132,3462893
neuron,IL3RA,CD123,clinical,3.061,0.02491,3462893
neuron,CLEC12A,CLL-1,clinical,0.243,0.00114,3462893
neuron,CD7,CD7,ppac,0.071,0.00056,3462893
neuron,TNFRSF4,TNFRSF4,ppac,1.149,0.0045,3462893
neuron,ABCA7,ABCA7,ppac,21.303,0.10157,3462893
neuron,ITGAX,ITGAX,ppac,0.726,0.00694,3462893
neuron associated cell,CD96,CD96,lead,20.596,0.41512,1981
neuron associated cell,CD9,CD9,lead,7.622,0.10871,1981
neuron associated cell,SUCNR1,SUCNR1,lead,0.757,0.01498,1981
neuron associated cell,IL1RAP,IL1RAP,lead,7.471,0.14118,1981
neuron associated cell,FLT3,FLT3,control,4.695,0.08638,1981
neuron associated cell,CD33,CD33,clinical,0.555,0.00969,1981
neuron associated cell,IL3RA,CD123,clinical,8.733,0.10571,1981
neuron associated cell,CLEC12A,CLL-1,clinical,2.221,0.03881,1981
neuron associated cell,CD7,CD7,ppac,0.0,0.0,1981
neuron associated cell,TNFRSF4,TNFRSF4,ppac,0.151,0.00256,1981
neuron associated cell,ABCA7,ABCA7,ppac,1.918,0.02763,1981
neuron associated cell,ITGAX,ITGAX,ppac,1.615,0.02934,1981
neuron of the forebrain,CD96,CD96,lead,2.102,0.00932,666
neuron of the forebrain,CD9,CD9,lead,3.003,0.01312,666
neuron of the forebrain,SUCNR1,SUCNR1,lead,0.0,0.0,666
neuron of the forebrain,IL1RAP,IL1RAP,lead,0.901,0.00361,666
neuron of the forebrain,FLT3,FLT3,control,0.15,0.0009,666
neuron of the forebrain,CD33,CD33,clinical,0.15,0.00041,666
neuron of the forebrain,IL3RA,CD123,clinical,6.156,0.02328,666
neuron of the forebrain,CLEC12A,CLL-1,clinical,0.0,0.0,666
neuron of the forebrain,CD7,CD7,ppac,0.3,0.00094,666
neuron of the forebrain,TNFRSF4,TNFRSF4,ppac,0.0,0.0,666
neuron of the forebrain,ABCA7,ABCA7,ppac,13.814,0.05658,666
neuron of the forebrain,ITGAX,ITGAX,ppac,0.15,0.00052,666
neuronal receptor cell,CD96,CD96,lead,1.042,0.01808,576
neuronal receptor cell,CD9,CD9,lead,37.153,0.75359,576
neuronal receptor cell,SUCNR1,SUCNR1,lead,0.174,0.00161,576
neuronal receptor cell,IL1RAP,IL1RAP,lead,45.833,0.99405,576
neuronal receptor cell,FLT3,FLT3,control,0.521,0.01004,576
neuronal receptor cell,CD33,CD33,clinical,1.042,0.0126,576
neuronal receptor cell,IL3RA,CD123,clinical,11.111,0.19238,576
neuronal receptor cell,CLEC12A,CLL-1,clinical,0.521,0.00829,576
neuronal receptor cell,CD7,CD7,ppac,0.174,0.00252,576
neuronal receptor cell,TNFRSF4,TNFRSF4,ppac,0.174,0.00355,576
neuronal receptor cell,ABCA7,ABCA7,ppac,1.042,0.01743,576
neuronal receptor cell,ITGAX,ITGAX,ppac,1.736,0.03189,576
neuronal-restricted precursor,CD96,CD96,lead,0.804,0.00864,1244
neuronal-restricted precursor,CD9,CD9,lead,34.646,0.43142,1244
neuronal-restricted precursor,SUCNR1,SUCNR1,lead,0.0,0.0,1244
neuronal-restricted precursor,IL1RAP,IL1RAP,lead,3.296,0.03017,1244
neuronal-restricted precursor,FLT3,FLT3,control,0.804,0.00638,1244
neuronal-restricted precursor,CD33,CD33,clinical,0.0,0.0,1244
neuronal-restricted precursor,IL3RA,CD123,clinical,6.833,0.07734,1244
neuronal-restricted precursor,CLEC12A,CLL-1,clinical,0.0,0.0,1244
neuronal-restricted precursor,CD7,CD7,ppac,0.0,0.0,1244
neuronal-restricted precursor,TNFRSF4,TNFRSF4,ppac,0.161,0.00172,1244
neuronal-restricted precursor,ABCA7,ABCA7,ppac,0.643,0.00677,1244
neuronal-restricted precursor,ITGAX,ITGAX,ppac,0.0,0.0,1244
neuroplacodal cell,CD96,CD96,lead,0.435,0.00232,2759
neuroplacodal cell,CD9,CD9,lead,1.087,0.00876,2759
neuroplacodal cell,SUCNR1,SUCNR1,lead,3.081,0.02887,2759
neuroplacodal cell,IL1RAP,IL1RAP,lead,2.573,0.0143,2759
neuroplacodal cell,FLT3,FLT3,control,0.181,0.00124,2759
neuroplacodal cell,CD33,CD33,clinical,0.0,0.0,2759
neuroplacodal cell,IL3RA,CD123,clinical,0.544,0.00485,2759
neuroplacodal cell,CLEC12A,CLL-1,clinical,0.0,0.0,2759
neuroplacodal cell,CD7,CD7,ppac,0.399,0.00326,2759
neuroplacodal cell,TNFRSF4,TNFRSF4,ppac,0.072,0.00039,2759
neuroplacodal cell,ABCA7,ABCA7,ppac,5.473,0.02943,2759
neuroplacodal cell,ITGAX,ITGAX,ppac,0.036,0.0004,2759
non-myelinating Schwann cell,CD96,CD96,lead,1.831,0.03544,29765
non-myelinating Schwann cell,CD9,CD9,lead,39.973,0.93445,29765
non-myelinating Schwann cell,SUCNR1,SUCNR1,lead,0.027,0.00051,29765
non-myelinating Schwann cell,IL1RAP,IL1RAP,lead,35.868,0.78791,29765
non-myelinating Schwann cell,FLT3,FLT3,control,0.353,0.00596,29765
non-myelinating Schwann cell,CD33,CD33,clinical,0.084,0.00109,29765
non-myelinating Schwann cell,IL3RA,CD123,clinical,7.687,0.11928,29765
non-myelinating Schwann cell,CLEC12A,CLL-1,clinical,0.192,0.00357,29765
non-myelinating Schwann cell,CD7,CD7,ppac,0.218,0.0039,29765
non-myelinating Schwann cell,TNFRSF4,TNFRSF4,ppac,0.084,0.00148,29765
non-myelinating Schwann cell,ABCA7,ABCA7,ppac,1.717,0.0315,29765
non-myelinating Schwann cell,ITGAX,ITGAX,ppac,0.84,0.01695,29765
non-pigmented ciliary epithelial cell,CD96,CD96,lead,24.852,0.37445,166913
non-pigmented ciliary epithelial cell,CD9,CD9,lead,12.746,0.1555,166913
non-pigmented ciliary epithelial cell,SUCNR1,SUCNR1,lead,0.014,0.00013,166913
non-pigmented ciliary epithelial cell,IL1RAP,IL1RAP,lead,3.45,0.03841,166913
non-pigmented ciliary epithelial cell,FLT3,FLT3,control,0.467,0.00494,166913
non-pigmented ciliary epithelial cell,CD33,CD33,clinical,0.055,0.0006,166913
non-pigmented ciliary epithelial cell,IL3RA,CD123,clinical,19.411,0.22279,166913
non-pigmented ciliary epithelial cell,CLEC12A,CLL-1,clinical,0.181,0.0018,166913
non-pigmented ciliary epithelial cell,CD7,CD7,ppac,0.084,0.00096,166913
non-pigmented ciliary epithelial cell,TNFRSF4,TNFRSF4,ppac,0.031,0.00029,166913
non-pigmented ciliary epithelial cell,ABCA7,ABCA7,ppac,14.13,0.15705,166913
non-pigmented ciliary epithelial cell,ITGAX,ITGAX,ppac,0.338,0.00376,166913
odontoblast,CD96,CD96,lead,0.971,0.01668,824
odontoblast,CD9,CD9,lead,59.466,1.29143,824
odontoblast,SUCNR1,SUCNR1,lead,0.0,0.0,824
odontoblast,IL1RAP,IL1RAP,lead,0.728,0.01469,824
odontoblast,FLT3,FLT3,control,0.0,0.0,824
odontoblast,CD33,CD33,clinical,0.485,0.00909,824
odontoblast,IL3RA,CD123,clinical,0.728,0.01066,824
odontoblast,CLEC12A,CLL-1,clinical,0.0,0.0,824
odontoblast,CD7,CD7,ppac,0.243,0.00293,824
odontoblast,TNFRSF4,TNFRSF4,ppac,1.456,0.01809,824
odontoblast,ABCA7,ABCA7,ppac,0.85,0.01153,824
odontoblast,ITGAX,ITGAX,ppac,0.0,0.0,824
oligodendrocyte,CD96,CD96,lead,0.873,0.00984,2471689
oligodendrocyte,CD9,CD9,lead,45.374,0.66403,2471689
oligodendrocyte,SUCNR1,SUCNR1,lead,0.017,0.00019,2471689
oligodendrocyte,IL1RAP,IL1RAP,lead,2.06,0.02525,2471689
oligodendrocyte,FLT3,FLT3,control,1.874,0.01926,2471689
oligodendrocyte,CD33,CD33,clinical,0.07,0.00075,2471689
oligodendrocyte,IL3RA,CD123,clinical,14.491,0.17416,2471689
oligodendrocyte,CLEC12A,CLL-1,clinical,0.312,0.00313,2471689
oligodendrocyte,CD7,CD7,ppac,0.024,0.00028,2471689
oligodendrocyte,TNFRSF4,TNFRSF4,ppac,0.074,0.00081,2471689
oligodendrocyte,ABCA7,ABCA7,ppac,2.162,0.02298,2471689
oligodendrocyte,ITGAX,ITGAX,ppac,0.425,0.00472,2471689
oligodendrocyte precursor cell,CD96,CD96,lead,6.572,0.08695,484286
oligodendrocyte precursor cell,CD9,CD9,lead,24.038,0.26825,484286
oligodendrocyte precursor cell,SUCNR1,SUCNR1,lead,0.021,0.0002,484286
oligodendrocyte precursor cell,IL1RAP,IL1RAP,lead,61.735,0.9396,484286
oligodendrocyte precursor cell,FLT3,FLT3,control,1.732,0.01712,484286
oligodendrocyte precursor cell,CD33,CD33,clinical,0.071,0.00063,484286
oligodendrocyte precursor cell,IL3RA,CD123,clinical,10.5,0.10081,484286
oligodendrocyte precursor cell,CLEC12A,CLL-1,clinical,0.777,0.00862,484286
oligodendrocyte precursor cell,CD7,CD7,ppac,0.029,0.00029,484286
oligodendrocyte precursor cell,TNFRSF4,TNFRSF4,ppac,0.071,0.00069,484286
oligodendrocyte precursor cell,ABCA7,ABCA7,ppac,2.636,0.02362,484286
oligodendrocyte precursor cell,ITGAX,ITGAX,ppac,0.449,0.0044,484286
osteoblast,CD96,CD96,lead,0.195,0.00201,6167
osteoblast,CD9,CD9,lead,16.037,0.18327,6167
osteoblast,SUCNR1,SUCNR1,lead,0.0,0.0,6167
osteoblast,IL1RAP,IL1RAP,lead,5.724,0.05305,6167
osteoblast,FLT3,FLT3,control,0.016,5e-05,6167
osteoblast,CD33,CD33,clinical,0.243,0.00144,6167
osteoblast,IL3RA,CD123,clinical,0.827,0.00522,6167
osteoblast,CLEC12A,CLL-1,clinical,0.097,0.00044,6167
osteoblast,CD7,CD7,ppac,1.492,0.01191,6167
osteoblast,TNFRSF4,TNFRSF4,ppac,1.103,0.00867,6167
osteoblast,ABCA7,ABCA7,ppac,0.989,0.00622,6167
osteoblast,ITGAX,ITGAX,ppac,0.065,0.00021,6167
ovarian surface epithelial cell,CD96,CD96,lead,0.373,0.0025,8322
ovarian surface epithelial cell,CD9,CD9,lead,76.7,1.10997,8322
ovarian surface epithelial cell,SUCNR1,SUCNR1,lead,0.024,0.00024,8322
ovarian surface epithelial cell,IL1RAP,IL1RAP,lead,7.835,0.05731,8322
ovarian surface epithelial cell,FLT3,FLT3,control,4.963,0.03301,8322
ovarian surface epithelial cell,CD33,CD33,clinical,0.072,0.00053,8322
ovarian surface epithelial cell,IL3RA,CD123,clinical,1.033,0.00712,8322
ovarian surface epithelial cell,CLEC12A,CLL-1,clinical,0.012,6e-05,8322
ovarian surface epithelial cell,CD7,CD7,ppac,0.565,0.00301,8322
ovarian surface epithelial cell,TNFRSF4,TNFRSF4,ppac,0.324,0.00196,8322
ovarian surface epithelial cell,ABCA7,ABCA7,ppac,2.139,0.01382,8322
ovarian surface epithelial cell,ITGAX,ITGAX,ppac,0.096,0.00055,8322
pancreatic A cell,CD96,CD96,lead,0.942,0.00995,83018
pancreatic A cell,CD9,CD9,lead,2.74,0.02178,83018
pancreatic A cell,SUCNR1,SUCNR1,lead,0.285,0.0027,83018
pancreatic A cell,IL1RAP,IL1RAP,lead,7.771,0.08168,83018
pancreatic A cell,FLT3,FLT3,control,0.171,0.00192,83018
pancreatic A cell,CD33,CD33,clinical,0.064,0.00039,83018
pancreatic A cell,IL3RA,CD123,clinical,0.128,0.0008,83018
pancreatic A cell,CLEC12A,CLL-1,clinical,0.031,0.00046,83018
pancreatic A cell,CD7,CD7,ppac,0.036,0.00027,83018
pancreatic A cell,TNFRSF4,TNFRSF4,ppac,0.088,0.0006,83018
pancreatic A cell,ABCA7,ABCA7,ppac,11.956,0.09406,83018
pancreatic A cell,ITGAX,ITGAX,ppac,0.036,0.00044,83018
pancreatic D cell,CD96,CD96,lead,0.996,0.01039,14050
pancreatic D cell,CD9,CD9,lead,52.854,0.60386,14050
pancreatic D cell,SUCNR1,SUCNR1,lead,1.779,0.01422,14050
pancreatic D cell,IL1RAP,IL1RAP,lead,6.683,0.05199,14050
pancreatic D cell,FLT3,FLT3,control,0.164,0.00261,14050
pancreatic D cell,CD33,CD33,clinical,0.071,0.0004,14050
pancreatic D cell,IL3RA,CD123,clinical,0.1,0.00057,14050
pancreatic D cell,CLEC12A,CLL-1,clinical,0.043,0.00077,14050
pancreatic D cell,CD7,CD7,ppac,0.021,0.0001,14050
pancreatic D cell,TNFRSF4,TNFRSF4,ppac,0.114,0.00067,14050
pancreatic D cell,ABCA7,ABCA7,ppac,10.448,0.07836,14050
pancreatic D cell,ITGAX,ITGAX,ppac,0.071,0.00085,14050
pancreatic PP cell,CD96,CD96,lead,0.269,0.00375,1485
pancreatic PP cell,CD9,CD9,lead,15.825,0.13265,1485
pancreatic PP cell,SUCNR1,SUCNR1,lead,23.098,0.22891,1485
pancreatic PP cell,IL1RAP,IL1RAP,lead,14.209,0.1179,1485
pancreatic PP cell,FLT3,FLT3,control,0.135,0.00141,1485
pancreatic PP cell,CD33,CD33,clinical,0.135,0.00096,1485
pancreatic PP cell,IL3RA,CD123,clinical,0.135,0.00067,1485
pancreatic PP cell,CLEC12A,CLL-1,clinical,0.202,0.00315,1485
pancreatic PP cell,CD7,CD7,ppac,0.0,0.0,1485
pancreatic PP cell,TNFRSF4,TNFRSF4,ppac,0.135,0.00133,1485
pancreatic PP cell,ABCA7,ABCA7,ppac,11.919,0.08075,1485
pancreatic PP cell,ITGAX,ITGAX,ppac,0.0,0.0,1485
pancreatic acinar cell,CD96,CD96,lead,1.039,0.02424,79945
pancreatic acinar cell,CD9,CD9,lead,15.252,0.1288,79945
pancreatic acinar cell,SUCNR1,SUCNR1,lead,0.054,0.00039,79945
pancreatic acinar cell,IL1RAP,IL1RAP,lead,3.183,0.03814,79945
pancreatic acinar cell,FLT3,FLT3,control,2.429,0.03547,79945
pancreatic acinar cell,CD33,CD33,clinical,0.068,0.00048,79945
pancreatic acinar cell,IL3RA,CD123,clinical,0.018,6e-05,79945
pancreatic acinar cell,CLEC12A,CLL-1,clinical,0.387,0.00909,79945
pancreatic acinar cell,CD7,CD7,ppac,0.064,0.00048,79945
pancreatic acinar cell,TNFRSF4,TNFRSF4,ppac,0.061,0.00049,79945
pancreatic acinar cell,ABCA7,ABCA7,ppac,4.35,0.0745,79945
pancreatic acinar cell,ITGAX,ITGAX,ppac,0.305,0.00501,79945
pancreatic ductal cell,CD96,CD96,lead,1.172,0.02141,39490
pancreatic ductal cell,CD9,CD9,lead,46.528,0.71503,39490
pancreatic ductal cell,SUCNR1,SUCNR1,lead,0.063,0.00049,39490
pancreatic ductal cell,IL1RAP,IL1RAP,lead,11.732,0.10354,39490
pancreatic ductal cell,FLT3,FLT3,control,7.113,0.08698,39490
pancreatic ductal cell,CD33,CD33,clinical,0.127,0.00069,39490
pancreatic ductal cell,IL3RA,CD123,clinical,0.068,0.00037,39490
pancreatic ductal cell,CLEC12A,CLL-1,clinical,0.658,0.01466,39490
pancreatic ductal cell,CD7,CD7,ppac,1.664,0.01424,39490
pancreatic ductal cell,TNFRSF4,TNFRSF4,ppac,0.089,0.00044,39490
pancreatic ductal cell,ABCA7,ABCA7,ppac,6.683,0.05321,39490
pancreatic ductal cell,ITGAX,ITGAX,ppac,0.339,0.00371,39490
pancreatic epsilon cell,CD96,CD96,lead,1.297,0.01808,1388
pancreatic epsilon cell,CD9,CD9,lead,10.663,0.13013,1388
pancreatic epsilon cell,SUCNR1,SUCNR1,lead,3.674,0.05442,1388
pancreatic epsilon cell,IL1RAP,IL1RAP,lead,13.329,0.13054,1388
pancreatic epsilon cell,FLT3,FLT3,control,0.0,0.0,1388
pancreatic epsilon cell,CD33,CD33,clinical,0.288,0.00237,1388
pancreatic epsilon cell,IL3RA,CD123,clinical,0.144,0.00057,1388
pancreatic epsilon cell,CLEC12A,CLL-1,clinical,0.0,0.0,1388
pancreatic epsilon cell,CD7,CD7,ppac,0.576,0.0077,1388
pancreatic epsilon cell,TNFRSF4,TNFRSF4,ppac,0.144,0.00155,1388
pancreatic epsilon cell,ABCA7,ABCA7,ppac,8.79,0.07286,1388
pancreatic epsilon cell,ITGAX,ITGAX,ppac,0.072,0.00208,1388
pancreatic stellate cell,CD96,CD96,lead,1.077,0.01956,6779
pancreatic stellate cell,CD9,CD9,lead,57.191,0.8897,6779
pancreatic stellate cell,SUCNR1,SUCNR1,lead,0.339,0.00217,6779
pancreatic stellate cell,IL1RAP,IL1RAP,lead,8.453,0.05803,6779
pancreatic stellate cell,FLT3,FLT3,control,0.767,0.01527,6779
pancreatic stellate cell,CD33,CD33,clinical,0.148,0.00116,6779
pancreatic stellate cell,IL3RA,CD123,clinical,3.172,0.02042,6779
pancreatic stellate cell,CLEC12A,CLL-1,clinical,0.487,0.0096,6779
pancreatic stellate cell,CD7,CD7,ppac,0.207,0.00153,6779
pancreatic stellate cell,TNFRSF4,TNFRSF4,ppac,4.175,0.0449,6779
pancreatic stellate cell,ABCA7,ABCA7,ppac,1.46,0.01966,6779
pancreatic stellate cell,ITGAX,ITGAX,ppac,0.31,0.00445,6779
paneth cell,CD96,CD96,lead,0.516,0.00316,9117
paneth cell,CD9,CD9,lead,46.704,0.40185,9117
paneth cell,SUCNR1,SUCNR1,lead,0.296,0.0015,9117
paneth cell,IL1RAP,IL1RAP,lead,15.74,0.09106,9117
paneth cell,FLT3,FLT3,control,0.011,0.0002,9117
paneth cell,CD33,CD33,clinical,0.143,0.00042,9117
paneth cell,IL3RA,CD123,clinical,0.647,0.00311,9117
paneth cell,CLEC12A,CLL-1,clinical,0.044,0.00014,9117
paneth cell,CD7,CD7,ppac,3.444,0.01873,9117
paneth cell,TNFRSF4,TNFRSF4,ppac,0.186,0.00258,9117
paneth cell,ABCA7,ABCA7,ppac,10.398,0.05298,9117
paneth cell,ITGAX,ITGAX,ppac,0.055,0.00044,9117
paneth cell of epithelium of small intestine,CD96,CD96,lead,9.185,0.03368,1840
paneth cell of epithelium of small intestine,CD9,CD9,lead,76.304,0.78112,1840
paneth cell of epithelium of small intestine,SUCNR1,SUCNR1,lead,2.717,0.00774,1840
paneth cell of epithelium of small intestine,IL1RAP,IL1RAP,lead,7.12,0.022,1840
paneth cell of epithelium of small intestine,FLT3,FLT3,control,2.174,0.00495,1840
paneth cell of epithelium of small intestine,CD33,CD33,clinical,0.054,0.00053,1840
paneth cell of epithelium of small intestine,IL3RA,CD123,clinical,0.38,0.00226,1840
paneth cell of epithelium of small intestine,CLEC12A,CLL-1,clinical,0.217,0.0007,1840
paneth cell of epithelium of small intestine,CD7,CD7,ppac,4.783,0.01461,1840
paneth cell of epithelium of small intestine,TNFRSF4,TNFRSF4,ppac,0.924,0.00239,1840
paneth cell of epithelium of small intestine,ABCA7,ABCA7,ppac,12.446,0.0325,1840
paneth cell of epithelium of small intestine,ITGAX,ITGAX,ppac,0.217,0.00045,1840
parietal cell,CD96,CD96,lead,0.0,0.0,1530
parietal cell,CD9,CD9,lead,5.425,0.05011,1530
parietal cell,SUCNR1,SUCNR1,lead,0.0,0.0,1530
parietal cell,IL1RAP,IL1RAP,lead,0.719,0.00574,1530
parietal cell,FLT3,FLT3,control,0.0,0.0,1530
parietal cell,CD33,CD33,clinical,0.0,0.0,1530
parietal cell,IL3RA,CD123,clinical,0.131,0.00023,1530
parietal cell,CLEC12A,CLL-1,clinical,0.0,0.0,1530
parietal cell,CD7,CD7,ppac,0.458,0.00572,1530
parietal cell,TNFRSF4,TNFRSF4,ppac,0.261,0.00225,1530
parietal cell,ABCA7,ABCA7,ppac,2.157,0.02522,1530
parietal cell,ITGAX,ITGAX,ppac,0.065,0.00111,1530
parietal epithelial cell,CD96,CD96,lead,2.029,0.02578,3055
parietal epithelial cell,CD9,CD9,lead,32.308,0.56685,3055
parietal epithelial cell,SUCNR1,SUCNR1,lead,1.178,0.01411,3055
parietal epithelial cell,IL1RAP,IL1RAP,lead,19.935,0.28809,3055
parietal epithelial cell,FLT3,FLT3,control,0.164,0.00241,3055
parietal epithelial cell,CD33,CD33,clinical,0.0,0.0,3055
parietal epithelial cell,IL3RA,CD123,clinical,4.779,0.05863,3055
parietal epithelial cell,CLEC12A,CLL-1,clinical,0.098,0.00106,3055
parietal epithelial cell,CD7,CD7,ppac,0.098,0.00076,3055
parietal epithelial cell,TNFRSF4,TNFRSF4,ppac,1.277,0.01188,3055
parietal epithelial cell,ABCA7,ABCA7,ppac,2.324,0.03141,3055
parietal epithelial cell,ITGAX,ITGAX,ppac,0.229,0.00438,3055
peg cell,CD96,CD96,lead,2.319,0.0105,9787
peg cell,CD9,CD9,lead,79.35,1.61842,9787
peg cell,SUCNR1,SUCNR1,lead,0.102,0.00034,9787
peg cell,IL1RAP,IL1RAP,lead,20.803,0.11484,9787
peg cell,FLT3,FLT3,control,0.072,0.00037,9787
peg cell,CD33,CD33,clinical,0.552,0.00321,9787
peg cell,IL3RA,CD123,clinical,0.93,0.00378,9787
peg cell,CLEC12A,CLL-1,clinical,0.317,0.00158,9787
peg cell,CD7,CD7,ppac,1.604,0.01117,9787
peg cell,TNFRSF4,TNFRSF4,ppac,0.409,0.00159,9787
peg cell,ABCA7,ABCA7,ppac,3.157,0.01038,9787
peg cell,ITGAX,ITGAX,ppac,0.307,0.00096,9787
peptic cell,CD96,CD96,lead,0.155,0.00078,3218
peptic cell,CD9,CD9,lead,28.931,0.32549,3218
peptic cell,SUCNR1,SUCNR1,lead,0.0,0.0,3218
peptic cell,IL1RAP,IL1RAP,lead,1.647,0.01428,3218
peptic cell,FLT3,FLT3,control,0.0,0.0,3218
peptic cell,CD33,CD33,clinical,0.186,0.00118,3218
peptic cell,IL3RA,CD123,clinical,0.093,0.00124,3218
peptic cell,CLEC12A,CLL-1,clinical,0.0,0.0,3218
peptic cell,CD7,CD7,ppac,0.994,0.01069,3218
peptic cell,TNFRSF4,TNFRSF4,ppac,0.404,0.00495,3218
peptic cell,ABCA7,ABCA7,ppac,2.02,0.01922,3218
peptic cell,ITGAX,ITGAX,ppac,0.0,0.0,3218
pericyte,CD96,CD96,lead,0.755,0.01216,372378
pericyte,CD9,CD9,lead,37.909,0.71243,372378
pericyte,SUCNR1,SUCNR1,lead,0.653,0.00985,372378
pericyte,IL1RAP,IL1RAP,lead,3.455,0.04226,372378
pericyte,FLT3,FLT3,control,1.559,0.02493,372378
pericyte,CD33,CD33,clinical,0.114,0.00147,372378
pericyte,IL3RA,CD123,clinical,4.699,0.06576,372378
pericyte,CLEC12A,CLL-1,clinical,0.372,0.00574,372378
pericyte,CD7,CD7,ppac,0.414,0.00494,372378
pericyte,TNFRSF4,TNFRSF4,ppac,0.715,0.00873,372378
pericyte,ABCA7,ABCA7,ppac,0.913,0.01136,372378
pericyte,ITGAX,ITGAX,ppac,0.311,0.00428,372378
peridermal cell,CD96,CD96,lead,0.122,0.00052,817
peridermal cell,CD9,CD9,lead,76.132,1.37148,817
peridermal cell,SUCNR1,SUCNR1,lead,0.0,0.0,817
peridermal cell,IL1RAP,IL1RAP,lead,3.672,0.02505,817
peridermal cell,FLT3,FLT3,control,0.0,0.0,817
peridermal cell,CD33,CD33,clinical,0.49,0.00319,817
peridermal cell,IL3RA,CD123,clinical,0.49,0.00446,817
peridermal cell,CLEC12A,CLL-1,clinical,0.0,0.0,817
peridermal cell,CD7,CD7,ppac,0.245,0.00243,817
peridermal cell,TNFRSF4,TNFRSF4,ppac,0.122,0.0006,817
peridermal cell,ABCA7,ABCA7,ppac,0.734,0.00501,817
peridermal cell,ITGAX,ITGAX,ppac,0.0,0.0,817
perineurial cell,CD96,CD96,lead,0.214,0.00249,934
perineurial cell,CD9,CD9,lead,73.34,1.6615,934
perineurial cell,SUCNR1,SUCNR1,lead,0.0,0.0,934
perineurial cell,IL1RAP,IL1RAP,lead,4.176,0.05854,934
perineurial cell,FLT3,FLT3,control,0.749,0.00992,934
perineurial cell,CD33,CD33,clinical,0.214,0.00333,934
perineurial cell,IL3RA,CD123,clinical,2.677,0.05006,934
perineurial cell,CLEC12A,CLL-1,clinical,3.105,0.03675,934
perineurial cell,CD7,CD7,ppac,0.321,0.00462,934
perineurial cell,TNFRSF4,TNFRSF4,ppac,0.107,0.00061,934
perineurial cell,ABCA7,ABCA7,ppac,0.642,0.01177,934
perineurial cell,ITGAX,ITGAX,ppac,0.214,0.00236,934
peripheral nervous system neuron,CD96,CD96,lead,0.472,0.00372,6144
peripheral nervous system neuron,CD9,CD9,lead,52.523,0.93486,6144
peripheral nervous system neuron,SUCNR1,SUCNR1,lead,0.13,0.00061,6144
peripheral nervous system neuron,IL1RAP,IL1RAP,lead,3.369,0.02392,6144
peripheral nervous system neuron,FLT3,FLT3,control,0.065,0.00037,6144
peripheral nervous system neuron,CD33,CD33,clinical,0.244,0.00208,6144
peripheral nervous system neuron,IL3RA,CD123,clinical,0.537,0.00392,6144
peripheral nervous system neuron,CLEC12A,CLL-1,clinical,0.016,0.00014,6144
peripheral nervous system neuron,CD7,CD7,ppac,0.863,0.00689,6144
peripheral nervous system neuron,TNFRSF4,TNFRSF4,ppac,0.212,0.0013,6144
peripheral nervous system neuron,ABCA7,ABCA7,ppac,5.355,0.04031,6144
peripheral nervous system neuron,ITGAX,ITGAX,ppac,0.049,0.00036,6144
periportal region hepatocyte,CD96,CD96,lead,0.529,0.00864,57504
periportal region hepatocyte,CD9,CD9,lead,5.547,0.07987,57504
periportal region hepatocyte,SUCNR1,SUCNR1,lead,0.92,0.01072,57504
periportal region hepatocyte,IL1RAP,IL1RAP,lead,36.677,0.66045,57504
periportal region hepatocyte,FLT3,FLT3,control,0.27,0.00285,57504
periportal region hepatocyte,CD33,CD33,clinical,0.122,0.0017,57504
periportal region hepatocyte,IL3RA,CD123,clinical,1.089,0.01098,57504
periportal region hepatocyte,CLEC12A,CLL-1,clinical,0.287,0.00369,57504
periportal region hepatocyte,CD7,CD7,ppac,0.647,0.01165,57504
periportal region hepatocyte,TNFRSF4,TNFRSF4,ppac,0.09,0.00155,57504
periportal region hepatocyte,ABCA7,ABCA7,ppac,1.381,0.02,57504
periportal region hepatocyte,ITGAX,ITGAX,ppac,0.226,0.00421,57504
peritubular capillary endothelial cell,CD96,CD96,lead,1.34,0.03356,970
peritubular capillary endothelial cell,CD9,CD9,lead,19.794,0.45079,970
peritubular capillary endothelial cell,SUCNR1,SUCNR1,lead,1.237,0.02489,970
peritubular capillary endothelial cell,IL1RAP,IL1RAP,lead,2.268,0.04687,970
peritubular capillary endothelial cell,FLT3,FLT3,control,0.103,0.00252,970
peritubular capillary endothelial cell,CD33,CD33,clinical,0.0,0.0,970
peritubular capillary endothelial cell,IL3RA,CD123,clinical,4.021,0.10007,970
peritubular capillary endothelial cell,CLEC12A,CLL-1,clinical,0.103,0.00222,970
peritubular capillary endothelial cell,CD7,CD7,ppac,0.103,0.00048,970
peritubular capillary endothelial cell,TNFRSF4,TNFRSF4,ppac,0.619,0.0104,970
peritubular capillary endothelial cell,ABCA7,ABCA7,ppac,1.753,0.03753,970
peritubular capillary endothelial cell,ITGAX,ITGAX,ppac,0.103,0.00215,970
perivascular cell,CD96,CD96,lead,0.253,0.00289,163433
perivascular cell,CD9,CD9,lead,37.207,0.58268,163433
perivascular cell,SUCNR1,SUCNR1,lead,0.79,0.011,163433
perivascular cell,IL1RAP,IL1RAP,lead,6.646,0.07365,163433
perivascular cell,FLT3,FLT3,control,0.118,0.00108,163433
perivascular cell,CD33,CD33,clinical,0.441,0.0038,163433
perivascular cell,IL3RA,CD123,clinical,2.266,0.02156,163433
perivascular cell,CLEC12A,CLL-1,clinical,0.075,0.00072,163433
perivascular cell,CD7,CD7,ppac,0.531,0.00713,163433
perivascular cell,TNFRSF4,TNFRSF4,ppac,0.966,0.01101,163433
perivascular cell,ABCA7,ABCA7,ppac,1.135,0.01151,163433
perivascular cell,ITGAX,ITGAX,ppac,1.133,0.01888,163433
pigmented ciliary epithelial cell,CD96,CD96,lead,1.923,0.02675,270381
pigmented ciliary epithelial cell,CD9,CD9,lead,12.163,0.16474,270381
pigmented ciliary epithelial cell,SUCNR1,SUCNR1,lead,0.01,0.00014,270381
pigmented ciliary epithelial cell,IL1RAP,IL1RAP,lead,5.386,0.07347,270381
pigmented ciliary epithelial cell,FLT3,FLT3,control,0.333,0.0041,270381
pigmented ciliary epithelial cell,CD33,CD33,clinical,0.048,0.00062,270381
pigmented ciliary epithelial cell,IL3RA,CD123,clinical,13.085,0.17048,270381
pigmented ciliary epithelial cell,CLEC12A,CLL-1,clinical,0.234,0.00262,270381
pigmented ciliary epithelial cell,CD7,CD7,ppac,0.088,0.00118,270381
pigmented ciliary epithelial cell,TNFRSF4,TNFRSF4,ppac,0.027,0.0003,270381
pigmented ciliary epithelial cell,ABCA7,ABCA7,ppac,15.98,0.21137,270381
pigmented ciliary epithelial cell,ITGAX,ITGAX,ppac,0.289,0.00387,270381
pigmented epithelial cell,CD96,CD96,lead,21.6,0.36848,29982
pigmented epithelial cell,CD9,CD9,lead,7.748,0.07417,29982
pigmented epithelial cell,SUCNR1,SUCNR1,lead,0.003,3e-05,29982
pigmented epithelial cell,IL1RAP,IL1RAP,lead,2.828,0.02593,29982
pigmented epithelial cell,FLT3,FLT3,control,1.384,0.01063,29982
pigmented epithelial cell,CD33,CD33,clinical,0.147,0.00105,29982
pigmented epithelial cell,IL3RA,CD123,clinical,46.308,0.47457,29982
pigmented epithelial cell,CLEC12A,CLL-1,clinical,3.879,0.02992,29982
pigmented epithelial cell,CD7,CD7,ppac,0.047,0.00045,29982
pigmented epithelial cell,TNFRSF4,TNFRSF4,ppac,0.05,0.00036,29982
pigmented epithelial cell,ABCA7,ABCA7,ppac,16.376,0.17124,29982
pigmented epithelial cell,ITGAX,ITGAX,ppac,0.44,0.00387,29982
pinealocyte,CD96,CD96,lead,0.605,0.00357,827
pinealocyte,CD9,CD9,lead,43.531,0.46514,827
pinealocyte,SUCNR1,SUCNR1,lead,0.0,0.0,827
pinealocyte,IL1RAP,IL1RAP,lead,4.353,0.03026,827
pinealocyte,FLT3,FLT3,control,0.484,0.00376,827
pinealocyte,CD33,CD33,clinical,0.0,0.0,827
pinealocyte,IL3RA,CD123,clinical,18.863,0.14726,827
pinealocyte,CLEC12A,CLL-1,clinical,0.0,0.0,827
pinealocyte,CD7,CD7,ppac,0.846,0.00605,827
pinealocyte,TNFRSF4,TNFRSF4,ppac,0.0,0.0,827
pinealocyte,ABCA7,ABCA7,ppac,5.079,0.03329,827
pinealocyte,ITGAX,ITGAX,ppac,0.0,0.0,827
placental villous trophoblast,CD96,CD96,lead,4.255,0.02862,84520
placental villous trophoblast,CD9,CD9,lead,13.323,0.11054,84520
placental villous trophoblast,SUCNR1,SUCNR1,lead,1.098,0.00488,84520
placental villous trophoblast,IL1RAP,IL1RAP,lead,25.535,0.21077,84520
placental villous trophoblast,FLT3,FLT3,control,0.873,0.00599,84520
placental villous trophoblast,CD33,CD33,clinical,0.569,0.00251,84520
placental villous trophoblast,IL3RA,CD123,clinical,1.808,0.00695,84520
placental villous trophoblast,CLEC12A,CLL-1,clinical,1.408,0.0101,84520
placental villous trophoblast,CD7,CD7,ppac,0.607,0.00505,84520
placental villous trophoblast,TNFRSF4,TNFRSF4,ppac,0.295,0.00135,84520
placental villous trophoblast,ABCA7,ABCA7,ppac,15.839,0.09861,84520
placental villous trophoblast,ITGAX,ITGAX,ppac,1.297,0.01084,84520
pluripotent stem cell,CD96,CD96,lead,0.451,0.00263,43504
pluripotent stem cell,CD9,CD9,lead,27.145,0.28844,43504
pluripotent stem cell,SUCNR1,SUCNR1,lead,1.988,0.01771,43504
pluripotent stem cell,IL1RAP,IL1RAP,lead,2.671,0.01443,43504
pluripotent stem cell,FLT3,FLT3,control,0.32,0.00151,43504
pluripotent stem cell,CD33,CD33,clinical,7.588,0.04929,43504
pluripotent stem cell,IL3RA,CD123,clinical,13.447,0.10639,43504
pluripotent stem cell,CLEC12A,CLL-1,clinical,0.444,0.00344,43504
pluripotent stem cell,CD7,CD7,ppac,7.53,0.04465,43504
pluripotent stem cell,TNFRSF4,TNFRSF4,ppac,1.673,0.01232,43504
pluripotent stem cell,ABCA7,ABCA7,ppac,7.195,0.041,43504
pluripotent stem cell,ITGAX,ITGAX,ppac,0.742,0.00482,43504
podocyte,CD96,CD96,lead,2.016,0.02552,9426
podocyte,CD9,CD9,lead,35.37,0.53778,9426
podocyte,SUCNR1,SUCNR1,lead,0.859,0.00844,9426
podocyte,IL1RAP,IL1RAP,lead,13.134,0.15385,9426
podocyte,FLT3,FLT3,control,0.286,0.00342,9426
podocyte,CD33,CD33,clinical,0.159,0.0015,9426
podocyte,IL3RA,CD123,clinical,1.984,0.0187,9426
podocyte,CLEC12A,CLL-1,clinical,0.117,0.00078,9426
podocyte,CD7,CD7,ppac,0.477,0.00534,9426
podocyte,TNFRSF4,TNFRSF4,ppac,0.552,0.00527,9426
podocyte,ABCA7,ABCA7,ppac,2.079,0.02165,9426
podocyte,ITGAX,ITGAX,ppac,0.127,0.00123,9426
preadipocyte,CD96,CD96,lead,3.378,0.05367,31526
preadipocyte,CD9,CD9,lead,14.131,0.22204,31526
preadipocyte,SUCNR1,SUCNR1,lead,1.653,0.0226,31526
preadipocyte,IL1RAP,IL1RAP,lead,5.389,0.07948,31526
preadipocyte,FLT3,FLT3,control,0.641,0.00865,31526
preadipocyte,CD33,CD33,clinical,0.514,0.00812,31526
preadipocyte,IL3RA,CD123,clinical,0.0,0.0,31526
preadipocyte,CLEC12A,CLL-1,clinical,1.986,0.02678,31526
preadipocyte,CD7,CD7,ppac,0.422,0.0063,31526
preadipocyte,TNFRSF4,TNFRSF4,ppac,0.127,0.0019,31526
preadipocyte,ABCA7,ABCA7,ppac,0.609,0.00824,31526
preadipocyte,ITGAX,ITGAX,ppac,1.418,0.02022,31526
precursor cell,CD96,CD96,lead,2.116,0.00877,567
precursor cell,CD9,CD9,lead,58.554,0.54527,567
precursor cell,SUCNR1,SUCNR1,lead,0.882,0.00269,567
precursor cell,IL1RAP,IL1RAP,lead,4.938,0.03053,567
precursor cell,FLT3,FLT3,control,0.0,0.0,567
precursor cell,CD33,CD33,clinical,0.882,0.00383,567
precursor cell,IL3RA,CD123,clinical,1.235,0.00857,567
precursor cell,CLEC12A,CLL-1,clinical,0.176,0.00142,567
precursor cell,CD7,CD7,ppac,9.524,0.04687,567
precursor cell,TNFRSF4,TNFRSF4,ppac,3.704,0.02439,567
precursor cell,ABCA7,ABCA7,ppac,2.822,0.0113,567
precursor cell,ITGAX,ITGAX,ppac,0.176,0.00083,567
preosteoblast,CD96,CD96,lead,0.136,0.00046,736
preosteoblast,CD9,CD9,lead,27.446,0.26412,736
preosteoblast,SUCNR1,SUCNR1,lead,0.679,0.00711,736
preosteoblast,IL1RAP,IL1RAP,lead,4.62,0.02849,736
preosteoblast,FLT3,FLT3,control,0.543,0.00274,736
preosteoblast,CD33,CD33,clinical,1.359,0.0102,736
preosteoblast,IL3RA,CD123,clinical,3.668,0.02026,736
preosteoblast,CLEC12A,CLL-1,clinical,0.408,0.00327,736
preosteoblast,CD7,CD7,ppac,2.446,0.01782,736
preosteoblast,TNFRSF4,TNFRSF4,ppac,5.842,0.03621,736
preosteoblast,ABCA7,ABCA7,ppac,0.951,0.00562,736
preosteoblast,ITGAX,ITGAX,ppac,0.272,0.00169,736
progenitor cell,CD96,CD96,lead,1.022,0.0089,128494
progenitor cell,CD9,CD9,lead,33.577,0.58953,128494
progenitor cell,SUCNR1,SUCNR1,lead,0.658,0.00613,128494
progenitor cell,IL1RAP,IL1RAP,lead,10.619,0.09384,128494
progenitor cell,FLT3,FLT3,control,3.337,0.03069,128494
progenitor cell,CD33,CD33,clinical,3.16,0.02487,128494
progenitor cell,IL3RA,CD123,clinical,4.755,0.03729,128494
progenitor cell,CLEC12A,CLL-1,clinical,2.813,0.02637,128494
progenitor cell,CD7,CD7,ppac,3.179,0.02203,128494
progenitor cell,TNFRSF4,TNFRSF4,ppac,0.409,0.00381,128494
progenitor cell,ABCA7,ABCA7,ppac,3.639,0.02768,128494
progenitor cell,ITGAX,ITGAX,ppac,0.955,0.00844,128494
progenitor cell of mammary luminal epithelium,CD96,CD96,lead,0.786,0.00558,15396
progenitor cell of mammary luminal epithelium,CD9,CD9,lead,91.537,1.90642,15396
progenitor cell of mammary luminal epithelium,SUCNR1,SUCNR1,lead,0.026,0.00021,15396
progenitor cell of mammary luminal epithelium,IL1RAP,IL1RAP,lead,2.605,0.01947,15396
progenitor cell of mammary luminal epithelium,FLT3,FLT3,control,1.273,0.00997,15396
progenitor cell of mammary luminal epithelium,CD33,CD33,clinical,0.13,0.00118,15396
progenitor cell of mammary luminal epithelium,IL3RA,CD123,clinical,0.468,0.00364,15396
progenitor cell of mammary luminal epithelium,CLEC12A,CLL-1,clinical,0.052,0.00038,15396
progenitor cell of mammary luminal epithelium,CD7,CD7,ppac,2.228,0.01687,15396
progenitor cell of mammary luminal epithelium,TNFRSF4,TNFRSF4,ppac,1.306,0.00997,15396
progenitor cell of mammary luminal epithelium,ABCA7,ABCA7,ppac,1.383,0.0105,15396
progenitor cell of mammary luminal epithelium,ITGAX,ITGAX,ppac,0.877,0.00686,15396
prostate gland microvascular endothelial cell,CD96,CD96,lead,0.129,0.00126,1547
prostate gland microvascular endothelial cell,CD9,CD9,lead,70.524,1.24445,1547
prostate gland microvascular endothelial cell,SUCNR1,SUCNR1,lead,0.0,0.0,1547
prostate gland microvascular endothelial cell,IL1RAP,IL1RAP,lead,2.78,0.02739,1547
prostate gland microvascular endothelial cell,FLT3,FLT3,control,0.0,0.0,1547
prostate gland microvascular endothelial cell,CD33,CD33,clinical,0.194,0.00211,1547
prostate gland microvascular endothelial cell,IL3RA,CD123,clinical,37.363,0.45765,1547
prostate gland microvascular endothelial cell,CLEC12A,CLL-1,clinical,0.0,0.0,1547
prostate gland microvascular endothelial cell,CD7,CD7,ppac,0.711,0.00665,1547
prostate gland microvascular endothelial cell,TNFRSF4,TNFRSF4,ppac,4.072,0.04476,1547
prostate gland microvascular endothelial cell,ABCA7,ABCA7,ppac,0.323,0.00256,1547
prostate gland microvascular endothelial cell,ITGAX,ITGAX,ppac,0.129,0.00084,1547
pulmonary alveolar epithelial cell,CD96,CD96,lead,2.809,0.04453,31645
pulmonary alveolar epithelial cell,CD9,CD9,lead,34.998,0.6034,31645
pulmonary alveolar epithelial cell,SUCNR1,SUCNR1,lead,0.092,0.00101,31645
pulmonary alveolar epithelial cell,IL1RAP,IL1RAP,lead,4.999,0.05974,31645
pulmonary alveolar epithelial cell,FLT3,FLT3,control,3.514,0.06761,31645
pulmonary alveolar epithelial cell,CD33,CD33,clinical,0.202,0.00163,31645
pulmonary alveolar epithelial cell,IL3RA,CD123,clinical,3.988,0.07576,31645
pulmonary alveolar epithelial cell,CLEC12A,CLL-1,clinical,0.569,0.00815,31645
pulmonary alveolar epithelial cell,CD7,CD7,ppac,1.428,0.01041,31645
pulmonary alveolar epithelial cell,TNFRSF4,TNFRSF4,ppac,0.205,0.00162,31645
pulmonary alveolar epithelial cell,ABCA7,ABCA7,ppac,8.267,0.11085,31645
pulmonary alveolar epithelial cell,ITGAX,ITGAX,ppac,0.518,0.00553,31645
pulmonary alveolar type 1 cell,CD96,CD96,lead,1.476,0.01807,137093
pulmonary alveolar type 1 cell,CD9,CD9,lead,75.018,1.61705,137093
pulmonary alveolar type 1 cell,SUCNR1,SUCNR1,lead,0.068,0.00075,137093
pulmonary alveolar type 1 cell,IL1RAP,IL1RAP,lead,8.0,0.0633,137093
pulmonary alveolar type 1 cell,FLT3,FLT3,control,0.455,0.00615,137093
pulmonary alveolar type 1 cell,CD33,CD33,clinical,0.154,0.00192,137093
pulmonary alveolar type 1 cell,IL3RA,CD123,clinical,0.912,0.01205,137093
pulmonary alveolar type 1 cell,CLEC12A,CLL-1,clinical,0.353,0.0045,137093
pulmonary alveolar type 1 cell,CD7,CD7,ppac,0.594,0.00519,137093
pulmonary alveolar type 1 cell,TNFRSF4,TNFRSF4,ppac,0.142,0.0017,137093
pulmonary alveolar type 1 cell,ABCA7,ABCA7,ppac,19.558,0.25078,137093
pulmonary alveolar type 1 cell,ITGAX,ITGAX,ppac,0.642,0.00816,137093
pulmonary alveolar type 2 cell,CD96,CD96,lead,1.639,0.01678,290230
pulmonary alveolar type 2 cell,CD9,CD9,lead,70.498,1.33288,290230
pulmonary alveolar type 2 cell,SUCNR1,SUCNR1,lead,0.183,0.00153,290230
pulmonary alveolar type 2 cell,IL1RAP,IL1RAP,lead,8.061,0.07799,290230
pulmonary alveolar type 2 cell,FLT3,FLT3,control,0.467,0.00518,290230
pulmonary alveolar type 2 cell,CD33,CD33,clinical,0.399,0.00327,290230
pulmonary alveolar type 2 cell,IL3RA,CD123,clinical,1.91,0.02296,290230
pulmonary alveolar type 2 cell,CLEC12A,CLL-1,clinical,0.736,0.00693,290230
pulmonary alveolar type 2 cell,CD7,CD7,ppac,0.439,0.00407,290230
pulmonary alveolar type 2 cell,TNFRSF4,TNFRSF4,ppac,0.191,0.00174,290230
pulmonary alveolar type 2 cell,ABCA7,ABCA7,ppac,12.784,0.11546,290230
pulmonary alveolar type 2 cell,ITGAX,ITGAX,ppac,1.174,0.01078,290230
pulmonary artery endothelial cell,CD96,CD96,lead,0.315,0.00495,14618
pulmonary artery endothelial cell,CD9,CD9,lead,51.642,1.13044,14618
pulmonary artery endothelial cell,SUCNR1,SUCNR1,lead,0.041,0.00067,14618
pulmonary artery endothelial cell,IL1RAP,IL1RAP,lead,4.878,0.07634,14618
pulmonary artery endothelial cell,FLT3,FLT3,control,0.13,0.00182,14618
pulmonary artery endothelial cell,CD33,CD33,clinical,0.28,0.00492,14618
pulmonary artery endothelial cell,IL3RA,CD123,clinical,26.632,0.45843,14618
pulmonary artery endothelial cell,CLEC12A,CLL-1,clinical,0.527,0.00781,14618
pulmonary artery endothelial cell,CD7,CD7,ppac,0.451,0.00606,14618
pulmonary artery endothelial cell,TNFRSF4,TNFRSF4,ppac,4.782,0.07367,14618
pulmonary artery endothelial cell,ABCA7,ABCA7,ppac,0.985,0.01528,14618
pulmonary artery endothelial cell,ITGAX,ITGAX,ppac,0.725,0.01124,14618
pulmonary capillary endothelial cell,CD96,CD96,lead,0.329,0.00507,12151
pulmonary capillary endothelial cell,CD9,CD9,lead,47.008,1.03894,12151
pulmonary capillary endothelial cell,SUCNR1,SUCNR1,lead,0.008,9e-05,12151
pulmonary capillary endothelial cell,IL1RAP,IL1RAP,lead,5.901,0.10131,12151
pulmonary capillary endothelial cell,FLT3,FLT3,control,0.025,0.00052,12151
pulmonary capillary endothelial cell,CD33,CD33,clinical,0.206,0.00292,12151
pulmonary capillary endothelial cell,IL3RA,CD123,clinical,19.99,0.35196,12151
pulmonary capillary endothelial cell,CLEC12A,CLL-1,clinical,0.132,0.00185,12151
pulmonary capillary endothelial cell,CD7,CD7,ppac,0.716,0.01107,12151
pulmonary capillary endothelial cell,TNFRSF4,TNFRSF4,ppac,9.555,0.16848,12151
pulmonary capillary endothelial cell,ABCA7,ABCA7,ppac,1.432,0.02667,12151
pulmonary capillary endothelial cell,ITGAX,ITGAX,ppac,0.42,0.00726,12151
pulmonary interstitial fibroblast,CD96,CD96,lead,0.084,0.00088,8324
pulmonary interstitial fibroblast,CD9,CD9,lead,0.613,0.00654,8324
pulmonary interstitial fibroblast,SUCNR1,SUCNR1,lead,0.0,0.0,8324
pulmonary interstitial fibroblast,IL1RAP,IL1RAP,lead,16.386,0.18469,8324
pulmonary interstitial fibroblast,FLT3,FLT3,control,0.0,0.0,8324
pulmonary interstitial fibroblast,CD33,CD33,clinical,0.024,0.00025,8324
pulmonary interstitial fibroblast,IL3RA,CD123,clinical,0.06,0.00075,8324
pulmonary interstitial fibroblast,CLEC12A,CLL-1,clinical,0.012,0.00011,8324
pulmonary interstitial fibroblast,CD7,CD7,ppac,0.228,0.00237,8324
pulmonary interstitial fibroblast,TNFRSF4,TNFRSF4,ppac,0.481,0.00532,8324
pulmonary interstitial fibroblast,ABCA7,ABCA7,ppac,0.096,0.00098,8324
pulmonary interstitial fibroblast,ITGAX,ITGAX,ppac,0.012,0.00013,8324
pulmonary ionocyte,CD96,CD96,lead,0.064,0.00096,1557
pulmonary ionocyte,CD9,CD9,lead,96.468,3.23723,1557
pulmonary ionocyte,SUCNR1,SUCNR1,lead,0.257,0.00411,1557
pulmonary ionocyte,IL1RAP,IL1RAP,lead,2.633,0.02905,1557
pulmonary ionocyte,FLT3,FLT3,control,0.064,0.00039,1557
pulmonary ionocyte,CD33,CD33,clinical,0.064,0.00087,1557
pulmonary ionocyte,IL3RA,CD123,clinical,0.45,0.00474,1557
pulmonary ionocyte,CLEC12A,CLL-1,clinical,0.128,0.00061,1557
pulmonary ionocyte,CD7,CD7,ppac,0.771,0.00978,1557
pulmonary ionocyte,TNFRSF4,TNFRSF4,ppac,1.028,0.01555,1557
pulmonary ionocyte,ABCA7,ABCA7,ppac,22.222,0.28135,1557
pulmonary ionocyte,ITGAX,ITGAX,ppac,0.385,0.00445,1557
pulmonary neuroendocrine cell,CD96,CD96,lead,0.098,0.00092,4076
pulmonary neuroendocrine cell,CD9,CD9,lead,77.257,1.4591,4076
pulmonary neuroendocrine cell,SUCNR1,SUCNR1,lead,2.993,0.04835,4076
pulmonary neuroendocrine cell,IL1RAP,IL1RAP,lead,7.237,0.04778,4076
pulmonary neuroendocrine cell,FLT3,FLT3,control,0.049,0.00066,4076
pulmonary neuroendocrine cell,CD33,CD33,clinical,0.27,0.00337,4076
pulmonary neuroendocrine cell,IL3RA,CD123,clinical,0.761,0.00955,4076
pulmonary neuroendocrine cell,CLEC12A,CLL-1,clinical,0.491,0.00646,4076
pulmonary neuroendocrine cell,CD7,CD7,ppac,0.957,0.00602,4076
pulmonary neuroendocrine cell,TNFRSF4,TNFRSF4,ppac,0.123,0.00098,4076
pulmonary neuroendocrine cell,ABCA7,ABCA7,ppac,15.579,0.08626,4076
pulmonary neuroendocrine cell,ITGAX,ITGAX,ppac,0.466,0.0053,4076
pvalb GABAergic cortical interneuron,CD96,CD96,lead,4.057,0.02137,282534
pvalb GABAergic cortical interneuron,CD9,CD9,lead,2.253,0.01015,282534
pvalb GABAergic cortical interneuron,SUCNR1,SUCNR1,lead,0.028,0.00011,282534
pvalb GABAergic cortical interneuron,IL1RAP,IL1RAP,lead,66.973,0.57162,282534
pvalb GABAergic cortical interneuron,FLT3,FLT3,control,56.679,0.4017,282534
pvalb GABAergic cortical interneuron,CD33,CD33,clinical,0.34,0.00119,282534
pvalb GABAergic cortical interneuron,IL3RA,CD123,clinical,42.962,0.23684,282534
pvalb GABAergic cortical interneuron,CLEC12A,CLL-1,clinical,1.573,0.0059,282534
pvalb GABAergic cortical interneuron,CD7,CD7,ppac,0.024,0.00012,282534
pvalb GABAergic cortical interneuron,TNFRSF4,TNFRSF4,ppac,0.434,0.00171,282534
pvalb GABAergic cortical interneuron,ABCA7,ABCA7,ppac,22.956,0.10017,282534
pvalb GABAergic cortical interneuron,ITGAX,ITGAX,ppac,2.052,0.01126,282534
pyramidal neuron,CD96,CD96,lead,0.041,0.00047,112685
pyramidal neuron,CD9,CD9,lead,5.372,0.07829,112685
pyramidal neuron,SUCNR1,SUCNR1,lead,0.003,3e-05,112685
pyramidal neuron,IL1RAP,IL1RAP,lead,0.162,0.00192,112685
pyramidal neuron,FLT3,FLT3,control,0.049,0.00053,112685
pyramidal neuron,CD33,CD33,clinical,0.132,0.00158,112685
pyramidal neuron,IL3RA,CD123,clinical,0.359,0.0042,112685
pyramidal neuron,CLEC12A,CLL-1,clinical,0.0,0.0,112685
pyramidal neuron,CD7,CD7,ppac,0.047,0.00053,112685
pyramidal neuron,TNFRSF4,TNFRSF4,ppac,0.04,0.00044,112685
pyramidal neuron,ABCA7,ABCA7,ppac,1.881,0.02098,112685
pyramidal neuron,ITGAX,ITGAX,ppac,0.043,0.00053,112685
radial glial cell,CD96,CD96,lead,0.973,0.00991,881306
radial glial cell,CD9,CD9,lead,13.761,0.19031,881306
radial glial cell,SUCNR1,SUCNR1,lead,0.061,0.00044,881306
radial glial cell,IL1RAP,IL1RAP,lead,2.95,0.02498,881306
radial glial cell,FLT3,FLT3,control,0.792,0.00676,881306
radial glial cell,CD33,CD33,clinical,0.046,0.00046,881306
radial glial cell,IL3RA,CD123,clinical,1.004,0.00951,881306
radial glial cell,CLEC12A,CLL-1,clinical,0.043,0.00034,881306
radial glial cell,CD7,CD7,ppac,0.166,0.00143,881306
radial glial cell,TNFRSF4,TNFRSF4,ppac,0.028,0.00025,881306
radial glial cell,ABCA7,ABCA7,ppac,1.563,0.01291,881306
radial glial cell,ITGAX,ITGAX,ppac,0.051,0.00047,881306
regular atrial cardiac myocyte,CD96,CD96,lead,1.597,0.02229,83400
regular atrial cardiac myocyte,CD9,CD9,lead,5.451,0.07294,83400
regular atrial cardiac myocyte,SUCNR1,SUCNR1,lead,0.056,0.00074,83400
regular atrial cardiac myocyte,IL1RAP,IL1RAP,lead,9.26,0.10118,83400
regular atrial cardiac myocyte,FLT3,FLT3,control,1.586,0.02326,83400
regular atrial cardiac myocyte,CD33,CD33,clinical,0.077,0.00097,83400
regular atrial cardiac myocyte,IL3RA,CD123,clinical,4.024,0.04112,83400
regular atrial cardiac myocyte,CLEC12A,CLL-1,clinical,0.73,0.01096,83400
regular atrial cardiac myocyte,CD7,CD7,ppac,0.071,0.00086,83400
regular atrial cardiac myocyte,TNFRSF4,TNFRSF4,ppac,0.26,0.00194,83400
regular atrial cardiac myocyte,ABCA7,ABCA7,ppac,4.42,0.03609,83400
regular atrial cardiac myocyte,ITGAX,ITGAX,ppac,0.403,0.00598,83400
regular ventricular cardiac myocyte,CD96,CD96,lead,1.363,0.01724,265132
regular ventricular cardiac myocyte,CD9,CD9,lead,2.945,0.04119,265132
regular ventricular cardiac myocyte,SUCNR1,SUCNR1,lead,0.019,0.00025,265132
regular ventricular cardiac myocyte,IL1RAP,IL1RAP,lead,15.151,0.18196,265132
regular ventricular cardiac myocyte,FLT3,FLT3,control,2.124,0.02795,265132
regular ventricular cardiac myocyte,CD33,CD33,clinical,0.084,0.00108,265132
regular ventricular cardiac myocyte,IL3RA,CD123,clinical,4.046,0.04502,265132
regular ventricular cardiac myocyte,CLEC12A,CLL-1,clinical,0.603,0.00822,265132
regular ventricular cardiac myocyte,CD7,CD7,ppac,0.046,0.00057,265132
regular ventricular cardiac myocyte,TNFRSF4,TNFRSF4,ppac,0.091,0.00113,265132
regular ventricular cardiac myocyte,ABCA7,ABCA7,ppac,2.923,0.03246,265132
regular ventricular cardiac myocyte,ITGAX,ITGAX,ppac,0.224,0.00297,265132
renal alpha-intercalated cell,CD96,CD96,lead,0.955,0.00974,2827
renal alpha-intercalated cell,CD9,CD9,lead,58.118,1.19202,2827
renal alpha-intercalated cell,SUCNR1,SUCNR1,lead,1.167,0.00818,2827
renal alpha-intercalated cell,IL1RAP,IL1RAP,lead,0.814,0.00819,2827
renal alpha-intercalated cell,FLT3,FLT3,control,0.212,0.00194,2827
renal alpha-intercalated cell,CD33,CD33,clinical,0.141,0.00067,2827
renal alpha-intercalated cell,IL3RA,CD123,clinical,3.184,0.02344,2827
renal alpha-intercalated cell,CLEC12A,CLL-1,clinical,0.141,0.00133,2827
renal alpha-intercalated cell,CD7,CD7,ppac,0.778,0.00597,2827
renal alpha-intercalated cell,TNFRSF4,TNFRSF4,ppac,0.212,0.00183,2827
renal alpha-intercalated cell,ABCA7,ABCA7,ppac,5.589,0.0532,2827
renal alpha-intercalated cell,ITGAX,ITGAX,ppac,0.141,0.001,2827
renal beta-intercalated cell,CD96,CD96,lead,0.795,0.00961,1510
renal beta-intercalated cell,CD9,CD9,lead,69.47,1.61793,1510
renal beta-intercalated cell,SUCNR1,SUCNR1,lead,0.927,0.00982,1510
renal beta-intercalated cell,IL1RAP,IL1RAP,lead,1.391,0.01647,1510
renal beta-intercalated cell,FLT3,FLT3,control,0.464,0.00517,1510
renal beta-intercalated cell,CD33,CD33,clinical,0.132,0.00086,1510
renal beta-intercalated cell,IL3RA,CD123,clinical,2.384,0.0275,1510
renal beta-intercalated cell,CLEC12A,CLL-1,clinical,0.199,0.00123,1510
renal beta-intercalated cell,CD7,CD7,ppac,0.662,0.00405,1510
renal beta-intercalated cell,TNFRSF4,TNFRSF4,ppac,0.0,0.0,1510
renal beta-intercalated cell,ABCA7,ABCA7,ppac,3.179,0.0371,1510
renal beta-intercalated cell,ITGAX,ITGAX,ppac,0.199,0.00135,1510
renal intercalated cell,CD96,CD96,lead,0.93,0.01665,1398
renal intercalated cell,CD9,CD9,lead,29.828,0.59072,1398
renal intercalated cell,SUCNR1,SUCNR1,lead,0.501,0.00651,1398
renal intercalated cell,IL1RAP,IL1RAP,lead,1.288,0.02288,1398
renal intercalated cell,FLT3,FLT3,control,0.286,0.00561,1398
renal intercalated cell,CD33,CD33,clinical,0.0,0.0,1398
renal intercalated cell,IL3RA,CD123,clinical,1.717,0.0296,1398
renal intercalated cell,CLEC12A,CLL-1,clinical,0.0,0.0,1398
renal intercalated cell,CD7,CD7,ppac,0.215,0.00326,1398
renal intercalated cell,TNFRSF4,TNFRSF4,ppac,0.0,0.0,1398
renal intercalated cell,ABCA7,ABCA7,ppac,1.502,0.02655,1398
renal intercalated cell,ITGAX,ITGAX,ppac,0.143,0.0027,1398
renal interstitial pericyte,CD96,CD96,lead,0.337,0.00436,4741
renal interstitial pericyte,CD9,CD9,lead,43.619,0.8643,4741
renal interstitial pericyte,SUCNR1,SUCNR1,lead,2.383,0.03634,4741
renal interstitial pericyte,IL1RAP,IL1RAP,lead,4.134,0.05513,4741
renal interstitial pericyte,FLT3,FLT3,control,0.295,0.00444,4741
renal interstitial pericyte,CD33,CD33,clinical,0.148,0.00201,4741
renal interstitial pericyte,IL3RA,CD123,clinical,5.547,0.07269,4741
renal interstitial pericyte,CLEC12A,CLL-1,clinical,0.19,0.00272,4741
renal interstitial pericyte,CD7,CD7,ppac,0.105,0.00199,4741
renal interstitial pericyte,TNFRSF4,TNFRSF4,ppac,1.856,0.02268,4741
renal interstitial pericyte,ABCA7,ABCA7,ppac,2.067,0.02375,4741
renal interstitial pericyte,ITGAX,ITGAX,ppac,0.211,0.00251,4741
renal principal cell,CD96,CD96,lead,0.774,0.0094,5425
renal principal cell,CD9,CD9,lead,39.152,0.66436,5425
renal principal cell,SUCNR1,SUCNR1,lead,1.327,0.01159,5425
renal principal cell,IL1RAP,IL1RAP,lead,1.327,0.01146,5425
renal principal cell,FLT3,FLT3,control,0.461,0.00515,5425
renal principal cell,CD33,CD33,clinical,0.129,0.00092,5425
renal principal cell,IL3RA,CD123,clinical,2.747,0.02852,5425
renal principal cell,CLEC12A,CLL-1,clinical,0.203,0.00191,5425
renal principal cell,CD7,CD7,ppac,0.184,0.00106,5425
renal principal cell,TNFRSF4,TNFRSF4,ppac,0.055,0.00022,5425
renal principal cell,ABCA7,ABCA7,ppac,4.922,0.04672,5425
renal principal cell,ITGAX,ITGAX,ppac,0.184,0.00247,5425
respiratory basal cell,CD96,CD96,lead,0.647,0.00418,103498
respiratory basal cell,CD9,CD9,lead,92.908,2.707,103498
respiratory basal cell,SUCNR1,SUCNR1,lead,0.068,0.00042,103498
respiratory basal cell,IL1RAP,IL1RAP,lead,19.171,0.14001,103498
respiratory basal cell,FLT3,FLT3,control,0.092,0.00126,103498
respiratory basal cell,CD33,CD33,clinical,0.287,0.00273,103498
respiratory basal cell,IL3RA,CD123,clinical,0.872,0.00754,103498
respiratory basal cell,CLEC12A,CLL-1,clinical,0.117,0.00085,103498
respiratory basal cell,CD7,CD7,ppac,2.221,0.01401,103498
respiratory basal cell,TNFRSF4,TNFRSF4,ppac,0.203,0.00123,103498
respiratory basal cell,ABCA7,ABCA7,ppac,9.807,0.05559,103498
respiratory basal cell,ITGAX,ITGAX,ppac,0.263,0.0022,103498
respiratory tract epithelial cell,CD96,CD96,lead,0.301,0.0015,21915
respiratory tract epithelial cell,CD9,CD9,lead,91.043,2.03381,21915
respiratory tract epithelial cell,SUCNR1,SUCNR1,lead,0.128,0.00135,21915
respiratory tract epithelial cell,IL1RAP,IL1RAP,lead,7.616,0.04797,21915
respiratory tract epithelial cell,FLT3,FLT3,control,0.018,0.00017,21915
respiratory tract epithelial cell,CD33,CD33,clinical,0.005,2e-05,21915
respiratory tract epithelial cell,IL3RA,CD123,clinical,0.333,0.00307,21915
respiratory tract epithelial cell,CLEC12A,CLL-1,clinical,0.224,0.00138,21915
respiratory tract epithelial cell,CD7,CD7,ppac,3.422,0.01522,21915
respiratory tract epithelial cell,TNFRSF4,TNFRSF4,ppac,0.105,0.00055,21915
respiratory tract epithelial cell,ABCA7,ABCA7,ppac,15.163,0.10247,21915
respiratory tract epithelial cell,ITGAX,ITGAX,ppac,0.091,0.00085,21915
respiratory tract hillock cell,CD96,CD96,lead,0.778,0.00169,4885
respiratory tract hillock cell,CD9,CD9,lead,94.821,2.50789,4885
respiratory tract hillock cell,SUCNR1,SUCNR1,lead,0.041,7e-05,4885
respiratory tract hillock cell,IL1RAP,IL1RAP,lead,34.493,0.15297,4885
respiratory tract hillock cell,FLT3,FLT3,control,0.02,1e-05,4885
respiratory tract hillock cell,CD33,CD33,clinical,0.307,0.00056,4885
respiratory tract hillock cell,IL3RA,CD123,clinical,0.921,0.00231,4885
respiratory tract hillock cell,CLEC12A,CLL-1,clinical,0.082,0.00061,4885
respiratory tract hillock cell,CD7,CD7,ppac,4.135,0.0115,4885
respiratory tract hillock cell,TNFRSF4,TNFRSF4,ppac,0.143,0.00047,4885
respiratory tract hillock cell,ABCA7,ABCA7,ppac,12.508,0.04532,4885
respiratory tract hillock cell,ITGAX,ITGAX,ppac,0.491,0.00145,4885
respiratory tract multiciliated cell,CD96,CD96,lead,0.202,0.00179,4462
respiratory tract multiciliated cell,CD9,CD9,lead,95.025,2.42073,4462
respiratory tract multiciliated cell,SUCNR1,SUCNR1,lead,0.022,0.00034,4462
respiratory tract multiciliated cell,IL1RAP,IL1RAP,lead,4.213,0.04092,4462
respiratory tract multiciliated cell,FLT3,FLT3,control,0.0,0.0,4462
respiratory tract multiciliated cell,CD33,CD33,clinical,0.0,0.0,4462
respiratory tract multiciliated cell,IL3RA,CD123,clinical,2.062,0.01909,4462
respiratory tract multiciliated cell,CLEC12A,CLL-1,clinical,0.067,0.00072,4462
respiratory tract multiciliated cell,CD7,CD7,ppac,0.247,0.00206,4462
respiratory tract multiciliated cell,TNFRSF4,TNFRSF4,ppac,0.0,0.0,4462
respiratory tract multiciliated cell,ABCA7,ABCA7,ppac,13.29,0.13624,4462
respiratory tract multiciliated cell,ITGAX,ITGAX,ppac,0.067,0.00059,4462
respiratory tract suprabasal cell,CD96,CD96,lead,0.714,0.00551,4201
respiratory tract suprabasal cell,CD9,CD9,lead,90.24,2.38335,4201
respiratory tract suprabasal cell,SUCNR1,SUCNR1,lead,0.071,0.00046,4201
respiratory tract suprabasal cell,IL1RAP,IL1RAP,lead,17.71,0.11876,4201
respiratory tract suprabasal cell,FLT3,FLT3,control,0.333,0.00321,4201
respiratory tract suprabasal cell,CD33,CD33,clinical,0.048,0.00017,4201
respiratory tract suprabasal cell,IL3RA,CD123,clinical,2.785,0.031,4201
respiratory tract suprabasal cell,CLEC12A,CLL-1,clinical,0.357,0.00307,4201
respiratory tract suprabasal cell,CD7,CD7,ppac,2.095,0.01094,4201
respiratory tract suprabasal cell,TNFRSF4,TNFRSF4,ppac,0.143,0.00091,4201
respiratory tract suprabasal cell,ABCA7,ABCA7,ppac,22.756,0.15477,4201
respiratory tract suprabasal cell,ITGAX,ITGAX,ppac,0.428,0.00441,4201
retina horizontal cell,CD96,CD96,lead,0.416,0.00523,37293
retina horizontal cell,CD9,CD9,lead,3.204,0.0449,37293
retina horizontal cell,SUCNR1,SUCNR1,lead,0.0,0.0,37293
retina horizontal cell,IL1RAP,IL1RAP,lead,0.373,0.00429,37293
retina horizontal cell,FLT3,FLT3,control,0.493,0.00515,37293
retina horizontal cell,CD33,CD33,clinical,0.046,0.0006,37293
retina horizontal cell,IL3RA,CD123,clinical,17.671,0.22439,37293
retina horizontal cell,CLEC12A,CLL-1,clinical,0.115,0.00119,37293
retina horizontal cell,CD7,CD7,ppac,0.131,0.00148,37293
retina horizontal cell,TNFRSF4,TNFRSF4,ppac,0.019,0.00027,37293
retina horizontal cell,ABCA7,ABCA7,ppac,7.259,0.0887,37293
retina horizontal cell,ITGAX,ITGAX,ppac,0.027,0.00028,37293
retinal astrocyte,CD96,CD96,lead,0.389,0.00537,14923
retinal astrocyte,CD9,CD9,lead,45.487,0.73904,14923
retinal astrocyte,SUCNR1,SUCNR1,lead,0.007,7e-05,14923
retinal astrocyte,IL1RAP,IL1RAP,lead,11.606,0.16902,14923
retinal astrocyte,FLT3,FLT3,control,0.141,0.00158,14923
retinal astrocyte,CD33,CD33,clinical,0.02,0.00026,14923
retinal astrocyte,IL3RA,CD123,clinical,21.296,0.27016,14923
retinal astrocyte,CLEC12A,CLL-1,clinical,0.067,0.00091,14923
retinal astrocyte,CD7,CD7,ppac,0.054,0.00068,14923
retinal astrocyte,TNFRSF4,TNFRSF4,ppac,0.08,0.00089,14923
retinal astrocyte,ABCA7,ABCA7,ppac,3.947,0.05309,14923
retinal astrocyte,ITGAX,ITGAX,ppac,0.255,0.00272,14923
retinal bipolar neuron,CD96,CD96,lead,0.324,0.00399,126792
retinal bipolar neuron,CD9,CD9,lead,2.462,0.03078,126792
retinal bipolar neuron,SUCNR1,SUCNR1,lead,0.001,1e-05,126792
retinal bipolar neuron,IL1RAP,IL1RAP,lead,8.831,0.11759,126792
retinal bipolar neuron,FLT3,FLT3,control,0.912,0.01064,126792
retinal bipolar neuron,CD33,CD33,clinical,0.017,0.00022,126792
retinal bipolar neuron,IL3RA,CD123,clinical,42.242,0.59532,126792
retinal bipolar neuron,CLEC12A,CLL-1,clinical,0.484,0.00552,126792
retinal bipolar neuron,CD7,CD7,ppac,0.013,0.00019,126792
retinal bipolar neuron,TNFRSF4,TNFRSF4,ppac,0.044,0.00053,126792
retinal bipolar neuron,ABCA7,ABCA7,ppac,52.721,0.77953,126792
retinal bipolar neuron,ITGAX,ITGAX,ppac,0.077,0.00092,126792
retinal blood vessel endothelial cell,CD96,CD96,lead,7.943,0.10221,2518
retinal blood vessel endothelial cell,CD9,CD9,lead,69.658,1.06509,2518
retinal blood vessel endothelial cell,SUCNR1,SUCNR1,lead,0.159,0.00067,2518
retinal blood vessel endothelial cell,IL1RAP,IL1RAP,lead,14.059,0.12381,2518
retinal blood vessel endothelial cell,FLT3,FLT3,control,0.516,0.00455,2518
retinal blood vessel endothelial cell,CD33,CD33,clinical,0.318,0.00398,2518
retinal blood vessel endothelial cell,IL3RA,CD123,clinical,5.957,0.0528,2518
retinal blood vessel endothelial cell,CLEC12A,CLL-1,clinical,0.755,0.00537,2518
retinal blood vessel endothelial cell,CD7,CD7,ppac,1.589,0.01289,2518
retinal blood vessel endothelial cell,TNFRSF4,TNFRSF4,ppac,5.004,0.03942,2518
retinal blood vessel endothelial cell,ABCA7,ABCA7,ppac,6.315,0.04555,2518
retinal blood vessel endothelial cell,ITGAX,ITGAX,ppac,1.271,0.01438,2518
retinal cone cell,CD96,CD96,lead,0.425,0.00411,157785
retinal cone cell,CD9,CD9,lead,2.693,0.02671,157785
retinal cone cell,SUCNR1,SUCNR1,lead,0.001,1e-05,157785
retinal cone cell,IL1RAP,IL1RAP,lead,7.223,0.06685,157785
retinal cone cell,FLT3,FLT3,control,0.508,0.0042,157785
retinal cone cell,CD33,CD33,clinical,0.023,0.0002,157785
retinal cone cell,IL3RA,CD123,clinical,32.551,0.33479,157785
retinal cone cell,CLEC12A,CLL-1,clinical,0.209,0.00165,157785
retinal cone cell,CD7,CD7,ppac,0.023,0.00023,157785
retinal cone cell,TNFRSF4,TNFRSF4,ppac,0.036,0.0003,157785
retinal cone cell,ABCA7,ABCA7,ppac,63.816,0.82637,157785
retinal cone cell,ITGAX,ITGAX,ppac,0.059,0.00046,157785
retinal ganglion cell,CD96,CD96,lead,0.74,0.00485,102770
retinal ganglion cell,CD9,CD9,lead,3.084,0.01992,102770
retinal ganglion cell,SUCNR1,SUCNR1,lead,0.014,7e-05,102770
retinal ganglion cell,IL1RAP,IL1RAP,lead,3.303,0.02041,102770
retinal ganglion cell,FLT3,FLT3,control,1.879,0.01199,102770
retinal ganglion cell,CD33,CD33,clinical,0.092,0.00059,102770
retinal ganglion cell,IL3RA,CD123,clinical,20.168,0.15732,102770
retinal ganglion cell,CLEC12A,CLL-1,clinical,0.159,0.00093,102770
retinal ganglion cell,CD7,CD7,ppac,0.115,0.00064,102770
retinal ganglion cell,TNFRSF4,TNFRSF4,ppac,0.033,0.0002,102770
retinal ganglion cell,ABCA7,ABCA7,ppac,20.885,0.16962,102770
retinal ganglion cell,ITGAX,ITGAX,ppac,0.073,0.00051,102770
retinal pigment epithelial cell,CD96,CD96,lead,57.381,1.39766,235001
retinal pigment epithelial cell,CD9,CD9,lead,8.436,0.09545,235001
retinal pigment epithelial cell,SUCNR1,SUCNR1,lead,0.014,0.00016,235001
retinal pigment epithelial cell,IL1RAP,IL1RAP,lead,2.58,0.02989,235001
retinal pigment epithelial cell,FLT3,FLT3,control,7.18,0.09153,235001
retinal pigment epithelial cell,CD33,CD33,clinical,0.082,0.00097,235001
retinal pigment epithelial cell,IL3RA,CD123,clinical,23.482,0.31335,235001
retinal pigment epithelial cell,CLEC12A,CLL-1,clinical,0.226,0.0027,235001
retinal pigment epithelial cell,CD7,CD7,ppac,0.186,0.00235,235001
retinal pigment epithelial cell,TNFRSF4,TNFRSF4,ppac,0.061,0.00085,235001
retinal pigment epithelial cell,ABCA7,ABCA7,ppac,14.887,0.1953,235001
retinal pigment epithelial cell,ITGAX,ITGAX,ppac,0.715,0.01107,235001
retinal progenitor cell,CD96,CD96,lead,0.657,0.00715,122591
retinal progenitor cell,CD9,CD9,lead,7.336,0.09652,122591
retinal progenitor cell,SUCNR1,SUCNR1,lead,0.002,1e-05,122591
retinal progenitor cell,IL1RAP,IL1RAP,lead,1.785,0.01742,122591
retinal progenitor cell,FLT3,FLT3,control,0.732,0.00674,122591
retinal progenitor cell,CD33,CD33,clinical,0.036,0.00054,122591
retinal progenitor cell,IL3RA,CD123,clinical,12.815,0.12822,122591
retinal progenitor cell,CLEC12A,CLL-1,clinical,0.024,0.00022,122591
retinal progenitor cell,CD7,CD7,ppac,0.516,0.00537,122591
retinal progenitor cell,TNFRSF4,TNFRSF4,ppac,0.013,0.00017,122591
retinal progenitor cell,ABCA7,ABCA7,ppac,2.203,0.01864,122591
retinal progenitor cell,ITGAX,ITGAX,ppac,0.013,0.00011,122591
retinal rod cell,CD96,CD96,lead,0.172,0.00224,1306527
retinal rod cell,CD9,CD9,lead,1.895,0.02583,1306527
retinal rod cell,SUCNR1,SUCNR1,lead,0.001,2e-05,1306527
retinal rod cell,IL1RAP,IL1RAP,lead,0.643,0.0084,1306527
retinal rod cell,FLT3,FLT3,control,0.315,0.004,1306527
retinal rod cell,CD33,CD33,clinical,0.015,0.00021,1306527
retinal rod cell,IL3RA,CD123,clinical,28.435,0.40773,1306527
retinal rod cell,CLEC12A,CLL-1,clinical,0.077,0.00097,1306527
retinal rod cell,CD7,CD7,ppac,0.014,0.00018,1306527
retinal rod cell,TNFRSF4,TNFRSF4,ppac,0.019,0.00024,1306527
retinal rod cell,ABCA7,ABCA7,ppac,62.56,1.10743,1306527
retinal rod cell,ITGAX,ITGAX,ppac,0.054,0.00073,1306527
rod bipolar cell,CD96,CD96,lead,0.337,0.00334,110151
rod bipolar cell,CD9,CD9,lead,2.275,0.02413,110151
rod bipolar cell,SUCNR1,SUCNR1,lead,0.007,6e-05,110151
rod bipolar cell,IL1RAP,IL1RAP,lead,40.289,0.54775,110151
rod bipolar cell,FLT3,FLT3,control,0.378,0.0038,110151
rod bipolar cell,CD33,CD33,clinical,0.02,0.00023,110151
rod bipolar cell,IL3RA,CD123,clinical,43.334,0.54269,110151
rod bipolar cell,CLEC12A,CLL-1,clinical,0.086,0.00091,110151
rod bipolar cell,CD7,CD7,ppac,0.03,0.00034,110151
rod bipolar cell,TNFRSF4,TNFRSF4,ppac,0.03,0.0003,110151
rod bipolar cell,ABCA7,ABCA7,ppac,40.996,0.49888,110151
rod bipolar cell,ITGAX,ITGAX,ppac,0.056,0.00057,110151
salivary gland cell,CD96,CD96,lead,5.511,0.02536,744
salivary gland cell,CD9,CD9,lead,95.027,1.47884,744
salivary gland cell,SUCNR1,SUCNR1,lead,0.0,0.0,744
salivary gland cell,IL1RAP,IL1RAP,lead,31.183,0.1541,744
salivary gland cell,FLT3,FLT3,control,1.613,0.00612,744
salivary gland cell,CD33,CD33,clinical,0.269,0.00048,744
salivary gland cell,IL3RA,CD123,clinical,0.0,0.0,744
salivary gland cell,CLEC12A,CLL-1,clinical,0.403,0.00215,744
salivary gland cell,CD7,CD7,ppac,0.403,0.0009,744
salivary gland cell,TNFRSF4,TNFRSF4,ppac,0.403,0.00272,744
salivary gland cell,ABCA7,ABCA7,ppac,37.231,0.19891,744
salivary gland cell,ITGAX,ITGAX,ppac,0.269,0.00147,744
secondary crest myofibroblast,CD96,CD96,lead,0.853,0.01646,2111
secondary crest myofibroblast,CD9,CD9,lead,15.396,0.30468,2111
secondary crest myofibroblast,SUCNR1,SUCNR1,lead,0.142,0.00276,2111
secondary crest myofibroblast,IL1RAP,IL1RAP,lead,4.548,0.08648,2111
secondary crest myofibroblast,FLT3,FLT3,control,0.142,0.00315,2111
secondary crest myofibroblast,CD33,CD33,clinical,0.189,0.00313,2111
secondary crest myofibroblast,IL3RA,CD123,clinical,5.685,0.11406,2111
secondary crest myofibroblast,CLEC12A,CLL-1,clinical,0.284,0.00378,2111
secondary crest myofibroblast,CD7,CD7,ppac,0.237,0.00376,2111
secondary crest myofibroblast,TNFRSF4,TNFRSF4,ppac,0.237,0.00367,2111
secondary crest myofibroblast,ABCA7,ABCA7,ppac,0.379,0.00718,2111
secondary crest myofibroblast,ITGAX,ITGAX,ppac,0.237,0.00412,2111
secondary lens fiber,CD96,CD96,lead,13.298,0.10975,1677
secondary lens fiber,CD9,CD9,lead,30.054,0.20514,1677
secondary lens fiber,SUCNR1,SUCNR1,lead,0.0,0.0,1677
secondary lens fiber,IL1RAP,IL1RAP,lead,1.908,0.01065,1677
secondary lens fiber,FLT3,FLT3,control,3.399,0.01815,1677
secondary lens fiber,CD33,CD33,clinical,0.06,0.00027,1677
secondary lens fiber,IL3RA,CD123,clinical,72.033,0.65076,1677
secondary lens fiber,CLEC12A,CLL-1,clinical,2.982,0.01581,1677
secondary lens fiber,CD7,CD7,ppac,0.0,0.0,1677
secondary lens fiber,TNFRSF4,TNFRSF4,ppac,0.119,0.00061,1677
secondary lens fiber,ABCA7,ABCA7,ppac,4.592,0.02293,1677
secondary lens fiber,ITGAX,ITGAX,ppac,1.014,0.00635,1677
secretory cell,CD96,CD96,lead,0.71,0.0038,45931
secretory cell,CD9,CD9,lead,92.713,2.11746,45931
secretory cell,SUCNR1,SUCNR1,lead,0.05,0.00044,45931
secretory cell,IL1RAP,IL1RAP,lead,15.066,0.09474,45931
secretory cell,FLT3,FLT3,control,0.048,0.00025,45931
secretory cell,CD33,CD33,clinical,0.207,0.0014,45931
secretory cell,IL3RA,CD123,clinical,2.031,0.00949,45931
secretory cell,CLEC12A,CLL-1,clinical,0.307,0.00255,45931
secretory cell,CD7,CD7,ppac,1.437,0.00991,45931
secretory cell,TNFRSF4,TNFRSF4,ppac,0.544,0.00307,45931
secretory cell,ABCA7,ABCA7,ppac,12.316,0.10421,45931
secretory cell,ITGAX,ITGAX,ppac,0.342,0.00251,45931
sensory neuron,CD96,CD96,lead,0.125,0.0007,1605
sensory neuron,CD9,CD9,lead,3.302,0.02535,1605
sensory neuron,SUCNR1,SUCNR1,lead,0.0,0.0,1605
sensory neuron,IL1RAP,IL1RAP,lead,2.43,0.01611,1605
sensory neuron,FLT3,FLT3,control,0.0,0.0,1605
sensory neuron,CD33,CD33,clinical,0.0,0.0,1605
sensory neuron,IL3RA,CD123,clinical,0.312,0.00202,1605
sensory neuron,CLEC12A,CLL-1,clinical,0.0,0.0,1605
sensory neuron,CD7,CD7,ppac,5.545,0.02887,1605
sensory neuron,TNFRSF4,TNFRSF4,ppac,0.0,0.0,1605
sensory neuron,ABCA7,ABCA7,ppac,0.935,0.0091,1605
sensory neuron,ITGAX,ITGAX,ppac,0.0,0.0,1605
sensory neuron of dorsal root ganglion,CD96,CD96,lead,3.456,0.02948,2286
sensory neuron of dorsal root ganglion,CD9,CD9,lead,18.285,0.22425,2286
sensory neuron of dorsal root ganglion,SUCNR1,SUCNR1,lead,0.131,0.00192,2286
sensory neuron of dorsal root ganglion,IL1RAP,IL1RAP,lead,5.468,0.05322,2286
sensory neuron of dorsal root ganglion,FLT3,FLT3,control,9.318,0.09071,2286
sensory neuron of dorsal root ganglion,CD33,CD33,clinical,0.131,0.00087,2286
sensory neuron of dorsal root ganglion,IL3RA,CD123,clinical,0.0,0.0,2286
sensory neuron of dorsal root ganglion,CLEC12A,CLL-1,clinical,2.625,0.03048,2286
sensory neuron of dorsal root ganglion,CD7,CD7,ppac,1.444,0.01343,2286
sensory neuron of dorsal root ganglion,TNFRSF4,TNFRSF4,ppac,0.0,0.0,2286
sensory neuron of dorsal root ganglion,ABCA7,ABCA7,ppac,60.98,1.19729,2286
sensory neuron of dorsal root ganglion,ITGAX,ITGAX,ppac,1.137,0.01045,2286
seromucus secreting cell,CD96,CD96,lead,0.039,0.00072,5088
seromucus secreting cell,CD9,CD9,lead,51.769,0.83027,5088
seromucus secreting cell,SUCNR1,SUCNR1,lead,0.0,0.0,5088
seromucus secreting cell,IL1RAP,IL1RAP,lead,0.197,0.00214,5088
seromucus secreting cell,FLT3,FLT3,control,0.0,0.0,5088
seromucus secreting cell,CD33,CD33,clinical,0.079,0.00116,5088
seromucus secreting cell,IL3RA,CD123,clinical,0.059,0.00085,5088
seromucus secreting cell,CLEC12A,CLL-1,clinical,0.0,0.0,5088
seromucus secreting cell,CD7,CD7,ppac,0.157,0.0024,5088
seromucus secreting cell,TNFRSF4,TNFRSF4,ppac,0.02,0.00028,5088
seromucus secreting cell,ABCA7,ABCA7,ppac,1.12,0.01488,5088
seromucus secreting cell,ITGAX,ITGAX,ppac,0.02,0.00038,5088
serotonergic neuron,CD96,CD96,lead,0.914,0.01171,547
serotonergic neuron,CD9,CD9,lead,0.548,0.00676,547
serotonergic neuron,SUCNR1,SUCNR1,lead,0.548,0.0086,547
serotonergic neuron,IL1RAP,IL1RAP,lead,4.022,0.064,547
serotonergic neuron,FLT3,FLT3,control,0.366,0.00486,547
serotonergic neuron,CD33,CD33,clinical,0.183,0.00325,547
serotonergic neuron,IL3RA,CD123,clinical,0.0,0.0,547
serotonergic neuron,CLEC12A,CLL-1,clinical,0.0,0.0,547
serotonergic neuron,CD7,CD7,ppac,0.0,0.0,547
serotonergic neuron,TNFRSF4,TNFRSF4,ppac,0.183,0.00238,547
serotonergic neuron,ABCA7,ABCA7,ppac,2.925,0.03877,547
serotonergic neuron,ITGAX,ITGAX,ppac,0.0,0.0,547
serous cell of epithelium of lobular bronchiole,CD96,CD96,lead,0.0,0.0,694
serous cell of epithelium of lobular bronchiole,CD9,CD9,lead,81.412,1.44328,694
serous cell of epithelium of lobular bronchiole,SUCNR1,SUCNR1,lead,0.576,0.00393,694
serous cell of epithelium of lobular bronchiole,IL1RAP,IL1RAP,lead,6.052,0.03454,694
serous cell of epithelium of lobular bronchiole,FLT3,FLT3,control,0.0,0.0,694
serous cell of epithelium of lobular bronchiole,CD33,CD33,clinical,0.432,0.00115,694
serous cell of epithelium of lobular bronchiole,IL3RA,CD123,clinical,0.576,0.00261,694
serous cell of epithelium of lobular bronchiole,CLEC12A,CLL-1,clinical,0.144,0.001,694
serous cell of epithelium of lobular bronchiole,CD7,CD7,ppac,0.72,0.00343,694
serous cell of epithelium of lobular bronchiole,TNFRSF4,TNFRSF4,ppac,0.576,0.00496,694
serous cell of epithelium of lobular bronchiole,ABCA7,ABCA7,ppac,23.775,0.18174,694
serous cell of epithelium of lobular bronchiole,ITGAX,ITGAX,ppac,0.144,0.00131,694
serous secreting cell,CD96,CD96,lead,0.699,0.00483,17736
serous secreting cell,CD9,CD9,lead,54.652,0.73817,17736
serous secreting cell,SUCNR1,SUCNR1,lead,0.023,0.00035,17736
serous secreting cell,IL1RAP,IL1RAP,lead,2.808,0.0337,17736
serous secreting cell,FLT3,FLT3,control,0.017,0.00035,17736
serous secreting cell,CD33,CD33,clinical,0.13,0.00139,17736
serous secreting cell,IL3RA,CD123,clinical,1.601,0.02688,17736
serous secreting cell,CLEC12A,CLL-1,clinical,0.113,0.00166,17736
serous secreting cell,CD7,CD7,ppac,0.333,0.00145,17736
serous secreting cell,TNFRSF4,TNFRSF4,ppac,0.068,0.00079,17736
serous secreting cell,ABCA7,ABCA7,ppac,5.458,0.03307,17736
serous secreting cell,ITGAX,ITGAX,ppac,0.282,0.00605,17736
serous secreting cell of bronchus submucosal gland,CD96,CD96,lead,1.87,0.01929,6362
serous secreting cell of bronchus submucosal gland,CD9,CD9,lead,33.653,0.47153,6362
serous secreting cell of bronchus submucosal gland,SUCNR1,SUCNR1,lead,0.016,0.00011,6362
serous secreting cell of bronchus submucosal gland,IL1RAP,IL1RAP,lead,4.055,0.04161,6362
serous secreting cell of bronchus submucosal gland,FLT3,FLT3,control,1.556,0.01578,6362
serous secreting cell of bronchus submucosal gland,CD33,CD33,clinical,0.094,0.00085,6362
serous secreting cell of bronchus submucosal gland,IL3RA,CD123,clinical,6.24,0.06518,6362
serous secreting cell of bronchus submucosal gland,CLEC12A,CLL-1,clinical,0.503,0.0045,6362
serous secreting cell of bronchus submucosal gland,CD7,CD7,ppac,0.629,0.00687,6362
serous secreting cell of bronchus submucosal gland,TNFRSF4,TNFRSF4,ppac,0.141,0.00163,6362
serous secreting cell of bronchus submucosal gland,ABCA7,ABCA7,ppac,11.301,0.12219,6362
serous secreting cell of bronchus submucosal gland,ITGAX,ITGAX,ppac,0.409,0.00537,6362
skeletal muscle fiber,CD96,CD96,lead,3.358,0.0734,22993
skeletal muscle fiber,CD9,CD9,lead,1.614,0.0241,22993
skeletal muscle fiber,SUCNR1,SUCNR1,lead,0.0,0.0,22993
skeletal muscle fiber,IL1RAP,IL1RAP,lead,2.105,0.04017,22993
skeletal muscle fiber,FLT3,FLT3,control,2.914,0.06139,22993
skeletal muscle fiber,CD33,CD33,clinical,0.222,0.00403,22993
skeletal muscle fiber,IL3RA,CD123,clinical,10.39,0.20371,22993
skeletal muscle fiber,CLEC12A,CLL-1,clinical,0.261,0.00518,22993
skeletal muscle fiber,CD7,CD7,ppac,0.013,0.00028,22993
skeletal muscle fiber,TNFRSF4,TNFRSF4,ppac,0.017,0.00019,22993
skeletal muscle fiber,ABCA7,ABCA7,ppac,2.457,0.04284,22993
skeletal muscle fiber,ITGAX,ITGAX,ppac,0.296,0.00613,22993
skeletal muscle fibroblast,CD96,CD96,lead,0.727,0.01779,5913
skeletal muscle fibroblast,CD9,CD9,lead,1.793,0.0415,5913
skeletal muscle fibroblast,SUCNR1,SUCNR1,lead,0.017,0.00029,5913
skeletal muscle fibroblast,IL1RAP,IL1RAP,lead,2.96,0.07126,5913
skeletal muscle fibroblast,FLT3,FLT3,control,1.573,0.03663,5913
skeletal muscle fibroblast,CD33,CD33,clinical,0.051,0.00107,5913
skeletal muscle fibroblast,IL3RA,CD123,clinical,3.771,0.08999,5913
skeletal muscle fibroblast,CLEC12A,CLL-1,clinical,0.693,0.01589,5913
skeletal muscle fibroblast,CD7,CD7,ppac,0.017,0.00038,5913
skeletal muscle fibroblast,TNFRSF4,TNFRSF4,ppac,0.118,0.00271,5913
skeletal muscle fibroblast,ABCA7,ABCA7,ppac,0.44,0.01061,5913
skeletal muscle fibroblast,ITGAX,ITGAX,ppac,0.254,0.00544,5913
skeletal muscle myoblast,CD96,CD96,lead,0.312,0.00228,10584
skeletal muscle myoblast,CD9,CD9,lead,28.968,0.26698,10584
skeletal muscle myoblast,SUCNR1,SUCNR1,lead,0.019,0.00016,10584
skeletal muscle myoblast,IL1RAP,IL1RAP,lead,0.728,0.00413,10584
skeletal muscle myoblast,FLT3,FLT3,control,0.028,0.00023,10584
skeletal muscle myoblast,CD33,CD33,clinical,0.17,0.00141,10584
skeletal muscle myoblast,IL3RA,CD123,clinical,0.17,0.0016,10584
skeletal muscle myoblast,CLEC12A,CLL-1,clinical,0.038,0.00023,10584
skeletal muscle myoblast,CD7,CD7,ppac,0.094,0.00068,10584
skeletal muscle myoblast,TNFRSF4,TNFRSF4,ppac,0.132,0.00123,10584
skeletal muscle myoblast,ABCA7,ABCA7,ppac,0.51,0.00289,10584
skeletal muscle myoblast,ITGAX,ITGAX,ppac,0.009,6e-05,10584
skeletal muscle satellite cell,CD96,CD96,lead,0.574,0.01153,9579
skeletal muscle satellite cell,CD9,CD9,lead,26.986,0.34543,9579
skeletal muscle satellite cell,SUCNR1,SUCNR1,lead,0.01,5e-05,9579
skeletal muscle satellite cell,IL1RAP,IL1RAP,lead,3.101,0.05566,9579
skeletal muscle satellite cell,FLT3,FLT3,control,0.157,0.00338,9579
skeletal muscle satellite cell,CD33,CD33,clinical,0.042,0.00063,9579
skeletal muscle satellite cell,IL3RA,CD123,clinical,4.74,0.08974,9579
skeletal muscle satellite cell,CLEC12A,CLL-1,clinical,0.063,0.00171,9579
skeletal muscle satellite cell,CD7,CD7,ppac,0.01,5e-05,9579
skeletal muscle satellite cell,TNFRSF4,TNFRSF4,ppac,0.303,0.00484,9579
skeletal muscle satellite cell,ABCA7,ABCA7,ppac,1.107,0.01386,9579
skeletal muscle satellite cell,ITGAX,ITGAX,ppac,0.052,0.00068,9579
skeletal muscle satellite stem cell,CD96,CD96,lead,0.451,0.00479,32162
skeletal muscle satellite stem cell,CD9,CD9,lead,56.393,0.87135,32162
skeletal muscle satellite stem cell,SUCNR1,SUCNR1,lead,0.028,0.00041,32162
skeletal muscle satellite stem cell,IL1RAP,IL1RAP,lead,11.579,0.14243,32162
skeletal muscle satellite stem cell,FLT3,FLT3,control,0.283,0.00361,32162
skeletal muscle satellite stem cell,CD33,CD33,clinical,0.09,0.00101,32162
skeletal muscle satellite stem cell,IL3RA,CD123,clinical,0.575,0.01024,32162
skeletal muscle satellite stem cell,CLEC12A,CLL-1,clinical,0.121,0.00188,32162
skeletal muscle satellite stem cell,CD7,CD7,ppac,0.199,0.00208,32162
skeletal muscle satellite stem cell,TNFRSF4,TNFRSF4,ppac,6.511,0.07805,32162
skeletal muscle satellite stem cell,ABCA7,ABCA7,ppac,1.601,0.01909,32162
skeletal muscle satellite stem cell,ITGAX,ITGAX,ppac,0.395,0.00382,32162
skin fibroblast,CD96,CD96,lead,0.438,0.00496,97240
skin fibroblast,CD9,CD9,lead,79.434,1.95203,97240
skin fibroblast,SUCNR1,SUCNR1,lead,0.141,0.00181,97240
skin fibroblast,IL1RAP,IL1RAP,lead,2.814,0.02983,97240
skin fibroblast,FLT3,FLT3,control,0.094,0.00119,97240
skin fibroblast,CD33,CD33,clinical,0.095,0.00127,97240
skin fibroblast,IL3RA,CD123,clinical,0.637,0.00729,97240
skin fibroblast,CLEC12A,CLL-1,clinical,0.961,0.01248,97240
skin fibroblast,CD7,CD7,ppac,1.627,0.01645,97240
skin fibroblast,TNFRSF4,TNFRSF4,ppac,1.41,0.01645,97240
skin fibroblast,ABCA7,ABCA7,ppac,0.275,0.00325,97240
skin fibroblast,ITGAX,ITGAX,ppac,0.138,0.00174,97240
slow muscle cell,CD96,CD96,lead,0.107,0.00172,46522
slow muscle cell,CD9,CD9,lead,2.861,0.04967,46522
slow muscle cell,SUCNR1,SUCNR1,lead,0.002,3e-05,46522
slow muscle cell,IL1RAP,IL1RAP,lead,1.21,0.01959,46522
slow muscle cell,FLT3,FLT3,control,0.045,0.00071,46522
slow muscle cell,CD33,CD33,clinical,0.037,0.00065,46522
slow muscle cell,IL3RA,CD123,clinical,0.039,0.00065,46522
slow muscle cell,CLEC12A,CLL-1,clinical,0.034,0.00064,46522
slow muscle cell,CD7,CD7,ppac,0.041,0.00087,46522
slow muscle cell,TNFRSF4,TNFRSF4,ppac,0.133,0.00233,46522
slow muscle cell,ABCA7,ABCA7,ppac,4.312,0.07389,46522
slow muscle cell,ITGAX,ITGAX,ppac,0.213,0.00363,46522
smooth muscle cell,CD96,CD96,lead,1.125,0.01415,118456
smooth muscle cell,CD9,CD9,lead,50.907,0.89245,118456
smooth muscle cell,SUCNR1,SUCNR1,lead,0.438,0.00528,118456
smooth muscle cell,IL1RAP,IL1RAP,lead,3.189,0.03296,118456
smooth muscle cell,FLT3,FLT3,control,0.566,0.00839,118456
smooth muscle cell,CD33,CD33,clinical,0.165,0.00159,118456
smooth muscle cell,IL3RA,CD123,clinical,3.606,0.04806,118456
smooth muscle cell,CLEC12A,CLL-1,clinical,0.329,0.00449,118456
smooth muscle cell,CD7,CD7,ppac,0.518,0.00495,118456
smooth muscle cell,TNFRSF4,TNFRSF4,ppac,0.418,0.00425,118456
smooth muscle cell,ABCA7,ABCA7,ppac,1.518,0.01607,118456
smooth muscle cell,ITGAX,ITGAX,ppac,0.496,0.00606,118456
smooth muscle cell of prostate,CD96,CD96,lead,1.398,0.02468,2218
smooth muscle cell of prostate,CD9,CD9,lead,14.923,0.24969,2218
smooth muscle cell of prostate,SUCNR1,SUCNR1,lead,0.0,0.0,2218
smooth muscle cell of prostate,IL1RAP,IL1RAP,lead,2.976,0.04331,2218
smooth muscle cell of prostate,FLT3,FLT3,control,1.082,0.02096,2218
smooth muscle cell of prostate,CD33,CD33,clinical,0.135,0.00178,2218
smooth muscle cell of prostate,IL3RA,CD123,clinical,6.087,0.0973,2218
smooth muscle cell of prostate,CLEC12A,CLL-1,clinical,0.586,0.0082,2218
smooth muscle cell of prostate,CD7,CD7,ppac,0.586,0.01095,2218
smooth muscle cell of prostate,TNFRSF4,TNFRSF4,ppac,0.586,0.00958,2218
smooth muscle cell of prostate,ABCA7,ABCA7,ppac,2.164,0.04002,2218
smooth muscle cell of prostate,ITGAX,ITGAX,ppac,0.361,0.00588,2218
smooth muscle cell of sphincter of pupil,CD96,CD96,lead,2.877,0.02671,1286
smooth muscle cell of sphincter of pupil,CD9,CD9,lead,7.621,0.07406,1286
smooth muscle cell of sphincter of pupil,SUCNR1,SUCNR1,lead,0.0,0.0,1286
smooth muscle cell of sphincter of pupil,IL1RAP,IL1RAP,lead,2.799,0.02654,1286
smooth muscle cell of sphincter of pupil,FLT3,FLT3,control,0.7,0.00681,1286
smooth muscle cell of sphincter of pupil,CD33,CD33,clinical,0.078,0.0007,1286
smooth muscle cell of sphincter of pupil,IL3RA,CD123,clinical,23.795,0.25117,1286
smooth muscle cell of sphincter of pupil,CLEC12A,CLL-1,clinical,2.722,0.02375,1286
smooth muscle cell of sphincter of pupil,CD7,CD7,ppac,0.078,0.00071,1286
smooth muscle cell of sphincter of pupil,TNFRSF4,TNFRSF4,ppac,0.078,0.00133,1286
smooth muscle cell of sphincter of pupil,ABCA7,ABCA7,ppac,4.51,0.04302,1286
smooth muscle cell of sphincter of pupil,ITGAX,ITGAX,ppac,0.156,0.00104,1286
smooth muscle cell of the brain vasculature,CD96,CD96,lead,1.625,0.01606,677
smooth muscle cell of the brain vasculature,CD9,CD9,lead,38.996,0.66789,677
smooth muscle cell of the brain vasculature,SUCNR1,SUCNR1,lead,0.0,0.0,677
smooth muscle cell of the brain vasculature,IL1RAP,IL1RAP,lead,5.761,0.07737,677
smooth muscle cell of the brain vasculature,FLT3,FLT3,control,2.806,0.0416,677
smooth muscle cell of the brain vasculature,CD33,CD33,clinical,0.295,0.0017,677
smooth muscle cell of the brain vasculature,IL3RA,CD123,clinical,0.0,0.0,677
smooth muscle cell of the brain vasculature,CLEC12A,CLL-1,clinical,0.295,0.00124,677
smooth muscle cell of the brain vasculature,CD7,CD7,ppac,0.0,0.0,677
smooth muscle cell of the brain vasculature,TNFRSF4,TNFRSF4,ppac,0.148,0.00368,677
smooth muscle cell of the brain vasculature,ABCA7,ABCA7,ppac,1.477,0.02114,677
smooth muscle cell of the brain vasculature,ITGAX,ITGAX,ppac,1.034,0.01005,677
smooth muscle cell of the pulmonary artery,CD96,CD96,lead,1.845,0.03618,1789
smooth muscle cell of the pulmonary artery,CD9,CD9,lead,35.662,0.65188,1789
smooth muscle cell of the pulmonary artery,SUCNR1,SUCNR1,lead,0.112,0.00217,1789
smooth muscle cell of the pulmonary artery,IL1RAP,IL1RAP,lead,1.901,0.02923,1789
smooth muscle cell of the pulmonary artery,FLT3,FLT3,control,0.391,0.00556,1789
smooth muscle cell of the pulmonary artery,CD33,CD33,clinical,0.112,0.00114,1789
smooth muscle cell of the pulmonary artery,IL3RA,CD123,clinical,2.236,0.04043,1789
smooth muscle cell of the pulmonary artery,CLEC12A,CLL-1,clinical,0.335,0.0035,1789
smooth muscle cell of the pulmonary artery,CD7,CD7,ppac,0.615,0.01085,1789
smooth muscle cell of the pulmonary artery,TNFRSF4,TNFRSF4,ppac,0.112,0.00221,1789
smooth muscle cell of the pulmonary artery,ABCA7,ABCA7,ppac,1.565,0.02463,1789
smooth muscle cell of the pulmonary artery,ITGAX,ITGAX,ppac,0.727,0.01143,1789
sncg GABAergic cortical interneuron,CD96,CD96,lead,1.622,0.01078,41677
sncg GABAergic cortical interneuron,CD9,CD9,lead,1.461,0.00924,41677
sncg GABAergic cortical interneuron,SUCNR1,SUCNR1,lead,0.012,6e-05,41677
sncg GABAergic cortical interneuron,IL1RAP,IL1RAP,lead,20.589,0.15068,41677
sncg GABAergic cortical interneuron,FLT3,FLT3,control,3.568,0.0201,41677
sncg GABAergic cortical interneuron,CD33,CD33,clinical,0.288,0.0014,41677
sncg GABAergic cortical interneuron,IL3RA,CD123,clinical,27.946,0.18028,41677
sncg GABAergic cortical interneuron,CLEC12A,CLL-1,clinical,0.439,0.00244,41677
sncg GABAergic cortical interneuron,CD7,CD7,ppac,0.077,0.00042,41677
sncg GABAergic cortical interneuron,TNFRSF4,TNFRSF4,ppac,0.274,0.00162,41677
sncg GABAergic cortical interneuron,ABCA7,ABCA7,ppac,13.511,0.07822,41677
sncg GABAergic cortical interneuron,ITGAX,ITGAX,ppac,0.36,0.00213,41677
spermatid,CD96,CD96,lead,2.943,0.01737,4009
spermatid,CD9,CD9,lead,2.918,0.01891,4009
spermatid,SUCNR1,SUCNR1,lead,0.499,0.00344,4009
spermatid,IL1RAP,IL1RAP,lead,1.571,0.01232,4009
spermatid,FLT3,FLT3,control,7.832,0.0505,4009
spermatid,CD33,CD33,clinical,0.698,0.00538,4009
spermatid,IL3RA,CD123,clinical,0.0,0.0,4009
spermatid,CLEC12A,CLL-1,clinical,0.399,0.00294,4009
spermatid,CD7,CD7,ppac,0.025,7e-05,4009
spermatid,TNFRSF4,TNFRSF4,ppac,0.0,0.0,4009
spermatid,ABCA7,ABCA7,ppac,7.084,0.04464,4009
spermatid,ITGAX,ITGAX,ppac,0.05,0.00026,4009
spermatocyte,CD96,CD96,lead,9.479,0.06792,3070
spermatocyte,CD9,CD9,lead,6.156,0.03583,3070
spermatocyte,SUCNR1,SUCNR1,lead,6.254,0.03071,3070
spermatocyte,IL1RAP,IL1RAP,lead,6.775,0.04384,3070
spermatocyte,FLT3,FLT3,control,15.993,0.08808,3070
spermatocyte,CD33,CD33,clinical,4.43,0.02059,3070
spermatocyte,IL3RA,CD123,clinical,0.0,0.0,3070
spermatocyte,CLEC12A,CLL-1,clinical,2.248,0.01325,3070
spermatocyte,CD7,CD7,ppac,0.065,0.00028,3070
spermatocyte,TNFRSF4,TNFRSF4,ppac,0.098,0.00058,3070
spermatocyte,ABCA7,ABCA7,ppac,3.094,0.01568,3070
spermatocyte,ITGAX,ITGAX,ppac,0.098,0.00075,3070
spinous cell of epidermis,CD96,CD96,lead,0.274,0.00188,26321
spinous cell of epidermis,CD9,CD9,lead,99.354,2.14406,26321
spinous cell of epidermis,SUCNR1,SUCNR1,lead,0.179,0.00115,26321
spinous cell of epidermis,IL1RAP,IL1RAP,lead,9.817,0.07002,26321
spinous cell of epidermis,FLT3,FLT3,control,0.004,3e-05,26321
spinous cell of epidermis,CD33,CD33,clinical,0.057,0.00038,26321
spinous cell of epidermis,IL3RA,CD123,clinical,0.087,0.00063,26321
spinous cell of epidermis,CLEC12A,CLL-1,clinical,0.0,0.0,26321
spinous cell of epidermis,CD7,CD7,ppac,0.057,0.00042,26321
spinous cell of epidermis,TNFRSF4,TNFRSF4,ppac,0.03,0.00021,26321
spinous cell of epidermis,ABCA7,ABCA7,ppac,2.975,0.02038,26321
spinous cell of epidermis,ITGAX,ITGAX,ppac,0.008,5e-05,26321
squamous epithelial cell,CD96,CD96,lead,2.032,0.03095,3101
squamous epithelial cell,CD9,CD9,lead,33.118,0.61354,3101
squamous epithelial cell,SUCNR1,SUCNR1,lead,0.0,0.0,3101
squamous epithelial cell,IL1RAP,IL1RAP,lead,16.704,0.25149,3101
squamous epithelial cell,FLT3,FLT3,control,1.387,0.02084,3101
squamous epithelial cell,CD33,CD33,clinical,0.032,0.00043,3101
squamous epithelial cell,IL3RA,CD123,clinical,2.419,0.03001,3101
squamous epithelial cell,CLEC12A,CLL-1,clinical,7.062,0.09627,3101
squamous epithelial cell,CD7,CD7,ppac,1.032,0.01536,3101
squamous epithelial cell,TNFRSF4,TNFRSF4,ppac,0.161,0.00257,3101
squamous epithelial cell,ABCA7,ABCA7,ppac,10.642,0.15361,3101
squamous epithelial cell,ITGAX,ITGAX,ppac,0.387,0.00614,3101
sst GABAergic cortical interneuron,CD96,CD96,lead,1.726,0.0103,280933
sst GABAergic cortical interneuron,CD9,CD9,lead,2.303,0.01496,280933
sst GABAergic cortical interneuron,SUCNR1,SUCNR1,lead,0.016,9e-05,280933
sst GABAergic cortical interneuron,IL1RAP,IL1RAP,lead,11.15,0.07264,280933
sst GABAergic cortical interneuron,FLT3,FLT3,control,68.754,0.69624,280933
sst GABAergic cortical interneuron,CD33,CD33,clinical,0.188,0.00099,280933
sst GABAergic cortical interneuron,IL3RA,CD123,clinical,27.012,0.17604,280933
sst GABAergic cortical interneuron,CLEC12A,CLL-1,clinical,1.003,0.0049,280933
sst GABAergic cortical interneuron,CD7,CD7,ppac,0.034,0.00022,280933
sst GABAergic cortical interneuron,TNFRSF4,TNFRSF4,ppac,0.328,0.00177,280933
sst GABAergic cortical interneuron,ABCA7,ABCA7,ppac,10.943,0.05886,280933
sst GABAergic cortical interneuron,ITGAX,ITGAX,ppac,0.543,0.003,280933
starburst amacrine cell,CD96,CD96,lead,0.302,0.00347,18210
starburst amacrine cell,CD9,CD9,lead,1.488,0.01687,18210
starburst amacrine cell,SUCNR1,SUCNR1,lead,0.011,0.00012,18210
starburst amacrine cell,IL1RAP,IL1RAP,lead,0.857,0.00781,18210
starburst amacrine cell,FLT3,FLT3,control,9.374,0.10297,18210
starburst amacrine cell,CD33,CD33,clinical,0.033,0.00035,18210
starburst amacrine cell,IL3RA,CD123,clinical,59.566,0.81351,18210
starburst amacrine cell,CLEC12A,CLL-1,clinical,0.027,0.00028,18210
starburst amacrine cell,CD7,CD7,ppac,0.033,0.00036,18210
starburst amacrine cell,TNFRSF4,TNFRSF4,ppac,0.027,0.00025,18210
starburst amacrine cell,ABCA7,ABCA7,ppac,8.528,0.08758,18210
starburst amacrine cell,ITGAX,ITGAX,ppac,0.049,0.00048,18210
stem cell,CD96,CD96,lead,3.527,0.05832,277841
stem cell,CD9,CD9,lead,77.079,1.44748,277841
stem cell,SUCNR1,SUCNR1,lead,0.136,0.00093,277841
stem cell,IL1RAP,IL1RAP,lead,12.202,0.0905,277841
stem cell,FLT3,FLT3,control,0.131,0.00132,277841
stem cell,CD33,CD33,clinical,0.073,0.00042,277841
stem cell,IL3RA,CD123,clinical,0.135,0.00075,277841
stem cell,CLEC12A,CLL-1,clinical,0.075,0.00084,277841
stem cell,CD7,CD7,ppac,3.53,0.02622,277841
stem cell,TNFRSF4,TNFRSF4,ppac,0.162,0.0012,277841
stem cell,ABCA7,ABCA7,ppac,11.76,0.08733,277841
stem cell,ITGAX,ITGAX,ppac,0.081,0.00054,277841
stem cell of epidermis,CD96,CD96,lead,1.685,0.01394,1187
stem cell of epidermis,CD9,CD9,lead,90.48,1.99263,1187
stem cell of epidermis,SUCNR1,SUCNR1,lead,0.084,0.00043,1187
stem cell of epidermis,IL1RAP,IL1RAP,lead,18.871,0.18984,1187
stem cell of epidermis,FLT3,FLT3,control,0.168,0.00086,1187
stem cell of epidermis,CD33,CD33,clinical,0.927,0.00621,1187
stem cell of epidermis,IL3RA,CD123,clinical,2.19,0.01946,1187
stem cell of epidermis,CLEC12A,CLL-1,clinical,0.253,0.00184,1187
stem cell of epidermis,CD7,CD7,ppac,3.454,0.02852,1187
stem cell of epidermis,TNFRSF4,TNFRSF4,ppac,4.381,0.03696,1187
stem cell of epidermis,ABCA7,ABCA7,ppac,1.516,0.0149,1187
stem cell of epidermis,ITGAX,ITGAX,ppac,1.011,0.00967,1187
stratified epithelial cell,CD96,CD96,lead,0.055,0.00037,50469
stratified epithelial cell,CD9,CD9,lead,93.907,2.15011,50469
stratified epithelial cell,SUCNR1,SUCNR1,lead,0.004,2e-05,50469
stratified epithelial cell,IL1RAP,IL1RAP,lead,9.225,0.06783,50469
stratified epithelial cell,FLT3,FLT3,control,0.0,0.0,50469
stratified epithelial cell,CD33,CD33,clinical,0.016,0.00012,50469
stratified epithelial cell,IL3RA,CD123,clinical,0.0,0.0,50469
stratified epithelial cell,CLEC12A,CLL-1,clinical,0.004,2e-05,50469
stratified epithelial cell,CD7,CD7,ppac,0.099,0.00081,50469
stratified epithelial cell,TNFRSF4,TNFRSF4,ppac,0.022,0.00017,50469
stratified epithelial cell,ABCA7,ABCA7,ppac,3.731,0.02697,50469
stratified epithelial cell,ITGAX,ITGAX,ppac,0.016,0.00014,50469
stratified squamous epithelial cell,CD96,CD96,lead,6.555,0.02356,12251
stratified squamous epithelial cell,CD9,CD9,lead,94.702,1.7505,12251
stratified squamous epithelial cell,SUCNR1,SUCNR1,lead,0.302,0.00069,12251
stratified squamous epithelial cell,IL1RAP,IL1RAP,lead,50.192,0.26468,12251
stratified squamous epithelial cell,FLT3,FLT3,control,0.955,0.00333,12251
stratified squamous epithelial cell,CD33,CD33,clinical,0.318,0.00088,12251
stratified squamous epithelial cell,IL3RA,CD123,clinical,0.0,0.0,12251
stratified squamous epithelial cell,CLEC12A,CLL-1,clinical,0.139,0.00043,12251
stratified squamous epithelial cell,CD7,CD7,ppac,0.971,0.0039,12251
stratified squamous epithelial cell,TNFRSF4,TNFRSF4,ppac,0.31,0.00105,12251
stratified squamous epithelial cell,ABCA7,ABCA7,ppac,32.642,0.14227,12251
stratified squamous epithelial cell,ITGAX,ITGAX,ppac,0.588,0.00236,12251
striated cell of salivary gland,CD96,CD96,lead,0.103,0.00147,968
striated cell of salivary gland,CD9,CD9,lead,72.831,1.66954,968
striated cell of salivary gland,SUCNR1,SUCNR1,lead,0.0,0.0,968
striated cell of salivary gland,IL1RAP,IL1RAP,lead,0.413,0.00574,968
striated cell of salivary gland,FLT3,FLT3,control,0.0,0.0,968
striated cell of salivary gland,CD33,CD33,clinical,0.0,0.0,968
striated cell of salivary gland,IL3RA,CD123,clinical,0.0,0.0,968
striated cell of salivary gland,CLEC12A,CLL-1,clinical,0.0,0.0,968
striated cell of salivary gland,CD7,CD7,ppac,0.207,0.00258,968
striated cell of salivary gland,TNFRSF4,TNFRSF4,ppac,0.0,0.0,968
striated cell of salivary gland,ABCA7,ABCA7,ppac,4.752,0.05929,968
striated cell of salivary gland,ITGAX,ITGAX,ppac,0.0,0.0,968
stromal cell,CD96,CD96,lead,1.21,0.01516,288440
stromal cell,CD9,CD9,lead,13.164,0.16536,288440
stromal cell,SUCNR1,SUCNR1,lead,0.177,0.00138,288440
stromal cell,IL1RAP,IL1RAP,lead,4.724,0.04961,288440
stromal cell,FLT3,FLT3,control,0.419,0.00539,288440
stromal cell,CD33,CD33,clinical,0.149,0.00151,288440
stromal cell,IL3RA,CD123,clinical,1.639,0.01939,288440
stromal cell,CLEC12A,CLL-1,clinical,0.415,0.00501,288440
stromal cell,CD7,CD7,ppac,0.923,0.00947,288440
stromal cell,TNFRSF4,TNFRSF4,ppac,0.874,0.00866,288440
stromal cell,ABCA7,ABCA7,ppac,1.662,0.01397,288440
stromal cell,ITGAX,ITGAX,ppac,0.866,0.01031,288440
stromal cell of ovary,CD96,CD96,lead,0.549,0.0046,98402
stromal cell of ovary,CD9,CD9,lead,13.277,0.14024,98402
stromal cell of ovary,SUCNR1,SUCNR1,lead,0.024,0.00021,98402
stromal cell of ovary,IL1RAP,IL1RAP,lead,3.197,0.02561,98402
stromal cell of ovary,FLT3,FLT3,control,0.178,0.00135,98402
stromal cell of ovary,CD33,CD33,clinical,0.078,0.00067,98402
stromal cell of ovary,IL3RA,CD123,clinical,0.451,0.00339,98402
stromal cell of ovary,CLEC12A,CLL-1,clinical,0.063,0.0005,98402
stromal cell of ovary,CD7,CD7,ppac,0.571,0.00477,98402
stromal cell of ovary,TNFRSF4,TNFRSF4,ppac,2.757,0.02161,98402
stromal cell of ovary,ABCA7,ABCA7,ppac,0.576,0.00413,98402
stromal cell of ovary,ITGAX,ITGAX,ppac,0.228,0.00181,98402
stromal cell of pancreas,CD96,CD96,lead,9.861,0.14067,1582
stromal cell of pancreas,CD9,CD9,lead,13.906,0.20893,1582
stromal cell of pancreas,SUCNR1,SUCNR1,lead,1.58,0.02019,1582
stromal cell of pancreas,IL1RAP,IL1RAP,lead,6.827,0.07948,1582
stromal cell of pancreas,FLT3,FLT3,control,1.707,0.02058,1582
stromal cell of pancreas,CD33,CD33,clinical,0.316,0.00255,1582
stromal cell of pancreas,IL3RA,CD123,clinical,13.654,0.18077,1582
stromal cell of pancreas,CLEC12A,CLL-1,clinical,0.632,0.00648,1582
stromal cell of pancreas,CD7,CD7,ppac,10.619,0.15501,1582
stromal cell of pancreas,TNFRSF4,TNFRSF4,ppac,8.154,0.09144,1582
stromal cell of pancreas,ABCA7,ABCA7,ppac,1.075,0.01021,1582
stromal cell of pancreas,ITGAX,ITGAX,ppac,2.528,0.02424,1582
subcutaneous adipocyte,CD96,CD96,lead,31.065,0.46504,14357
subcutaneous adipocyte,CD9,CD9,lead,10.037,0.08768,14357
subcutaneous adipocyte,SUCNR1,SUCNR1,lead,0.787,0.00636,14357
subcutaneous adipocyte,IL1RAP,IL1RAP,lead,7.028,0.07084,14357
subcutaneous adipocyte,FLT3,FLT3,control,3.204,0.07454,14357
subcutaneous adipocyte,CD33,CD33,clinical,1.421,0.01155,14357
subcutaneous adipocyte,IL3RA,CD123,clinical,9.222,0.08238,14357
subcutaneous adipocyte,CLEC12A,CLL-1,clinical,0.878,0.01013,14357
subcutaneous adipocyte,CD7,CD7,ppac,0.125,0.0012,14357
subcutaneous adipocyte,TNFRSF4,TNFRSF4,ppac,0.369,0.00279,14357
subcutaneous adipocyte,ABCA7,ABCA7,ppac,8.623,0.08527,14357
subcutaneous adipocyte,ITGAX,ITGAX,ppac,2.215,0.01908,14357
supporting cell,CD96,CD96,lead,0.898,0.0071,18941
supporting cell,CD9,CD9,lead,44.559,0.75984,18941
supporting cell,SUCNR1,SUCNR1,lead,0.032,0.00036,18941
supporting cell,IL1RAP,IL1RAP,lead,3.506,0.03519,18941
supporting cell,FLT3,FLT3,control,0.1,0.00084,18941
supporting cell,CD33,CD33,clinical,0.148,0.00109,18941
supporting cell,IL3RA,CD123,clinical,1.061,0.00879,18941
supporting cell,CLEC12A,CLL-1,clinical,0.032,0.00021,18941
supporting cell,CD7,CD7,ppac,0.802,0.00661,18941
supporting cell,TNFRSF4,TNFRSF4,ppac,0.766,0.00648,18941
supporting cell,ABCA7,ABCA7,ppac,2.202,0.01703,18941
supporting cell,ITGAX,ITGAX,ppac,0.132,0.00098,18941
suprabasal keratinocyte,CD96,CD96,lead,0.552,0.00689,1629
suprabasal keratinocyte,CD9,CD9,lead,13.198,0.14394,1629
suprabasal keratinocyte,SUCNR1,SUCNR1,lead,0.061,0.00152,1629
suprabasal keratinocyte,IL1RAP,IL1RAP,lead,7.98,0.08198,1629
suprabasal keratinocyte,FLT3,FLT3,control,76.427,1.38103,1629
suprabasal keratinocyte,CD33,CD33,clinical,0.0,0.0,1629
suprabasal keratinocyte,IL3RA,CD123,clinical,10.866,0.11668,1629
suprabasal keratinocyte,CLEC12A,CLL-1,clinical,2.701,0.02914,1629
suprabasal keratinocyte,CD7,CD7,ppac,0.307,0.00404,1629
suprabasal keratinocyte,TNFRSF4,TNFRSF4,ppac,0.061,0.00054,1629
suprabasal keratinocyte,ABCA7,ABCA7,ppac,0.0,0.0,1629
suprabasal keratinocyte,ITGAX,ITGAX,ppac,0.0,0.0,1629
tendon cell,CD96,CD96,lead,0.45,0.00461,2887
tendon cell,CD9,CD9,lead,42.466,0.74564,2887
tendon cell,SUCNR1,SUCNR1,lead,0.035,0.00043,2887
tendon cell,IL1RAP,IL1RAP,lead,13.959,0.15245,2887
tendon cell,FLT3,FLT3,control,0.104,0.00165,2887
tendon cell,CD33,CD33,clinical,0.208,0.00216,2887
tendon cell,IL3RA,CD123,clinical,0.693,0.01126,2887
tendon cell,CLEC12A,CLL-1,clinical,0.416,0.00525,2887
tendon cell,CD7,CD7,ppac,0.242,0.00182,2887
tendon cell,TNFRSF4,TNFRSF4,ppac,1.005,0.0113,2887
tendon cell,ABCA7,ABCA7,ppac,0.381,0.00253,2887
tendon cell,ITGAX,ITGAX,ppac,0.173,0.00168,2887
theca cell,CD96,CD96,lead,0.594,0.00408,5559
theca cell,CD9,CD9,lead,9.678,0.10739,5559
theca cell,SUCNR1,SUCNR1,lead,0.018,4e-05,5559
theca cell,IL1RAP,IL1RAP,lead,2.95,0.0218,5559
theca cell,FLT3,FLT3,control,0.54,0.00395,5559
theca cell,CD33,CD33,clinical,0.108,0.00107,5559
theca cell,IL3RA,CD123,clinical,0.935,0.00986,5559
theca cell,CLEC12A,CLL-1,clinical,0.324,0.00291,5559
theca cell,CD7,CD7,ppac,0.468,0.00611,5559
theca cell,TNFRSF4,TNFRSF4,ppac,0.774,0.00562,5559
theca cell,ABCA7,ABCA7,ppac,1.367,0.00725,5559
theca cell,ITGAX,ITGAX,ppac,0.252,0.00313,5559
thymic fibroblast type 1,CD96,CD96,lead,0.57,0.00434,11233
thymic fibroblast type 1,CD9,CD9,lead,11.52,0.12999,11233
thymic fibroblast type 1,SUCNR1,SUCNR1,lead,0.481,0.00485,11233
thymic fibroblast type 1,IL1RAP,IL1RAP,lead,4.469,0.03445,11233
thymic fibroblast type 1,FLT3,FLT3,control,0.169,0.00094,11233
thymic fibroblast type 1,CD33,CD33,clinical,0.151,0.00175,11233
thymic fibroblast type 1,IL3RA,CD123,clinical,0.374,0.00646,11233
thymic fibroblast type 1,CLEC12A,CLL-1,clinical,0.125,0.00088,11233
thymic fibroblast type 1,CD7,CD7,ppac,0.32,0.00418,11233
thymic fibroblast type 1,TNFRSF4,TNFRSF4,ppac,0.427,0.00588,11233
thymic fibroblast type 1,ABCA7,ABCA7,ppac,0.507,0.00278,11233
thymic fibroblast type 1,ITGAX,ITGAX,ppac,0.223,0.00126,11233
thymic fibroblast type 2,CD96,CD96,lead,1.018,0.00812,8645
thymic fibroblast type 2,CD9,CD9,lead,25.656,0.34094,8645
thymic fibroblast type 2,SUCNR1,SUCNR1,lead,0.243,0.00291,8645
thymic fibroblast type 2,IL1RAP,IL1RAP,lead,6.2,0.0455,8645
thymic fibroblast type 2,FLT3,FLT3,control,0.463,0.00307,8645
thymic fibroblast type 2,CD33,CD33,clinical,0.254,0.00161,8645
thymic fibroblast type 2,IL3RA,CD123,clinical,0.289,0.005,8645
thymic fibroblast type 2,CLEC12A,CLL-1,clinical,0.451,0.00271,8645
thymic fibroblast type 2,CD7,CD7,ppac,0.185,0.00127,8645
thymic fibroblast type 2,TNFRSF4,TNFRSF4,ppac,0.521,0.0074,8645
thymic fibroblast type 2,ABCA7,ABCA7,ppac,0.752,0.00427,8645
thymic fibroblast type 2,ITGAX,ITGAX,ppac,0.312,0.00214,8645
tip cell,CD96,CD96,lead,0.0,0.0,647
tip cell,CD9,CD9,lead,54.56,0.5935,647
tip cell,SUCNR1,SUCNR1,lead,0.0,0.0,647
tip cell,IL1RAP,IL1RAP,lead,14.992,0.08191,647
tip cell,FLT3,FLT3,control,0.309,0.00079,647
tip cell,CD33,CD33,clinical,0.155,0.00047,647
tip cell,IL3RA,CD123,clinical,83.153,0.95914,647
tip cell,CLEC12A,CLL-1,clinical,0.0,0.0,647
tip cell,CD7,CD7,ppac,0.0,0.0,647
tip cell,TNFRSF4,TNFRSF4,ppac,24.42,0.16151,647
tip cell,ABCA7,ABCA7,ppac,3.4,0.01056,647
tip cell,ITGAX,ITGAX,ppac,0.0,0.0,647
trabecular meshwork cell,CD96,CD96,lead,0.769,0.01124,109432
trabecular meshwork cell,CD9,CD9,lead,29.087,0.42248,109432
trabecular meshwork cell,SUCNR1,SUCNR1,lead,0.013,0.00017,109432
trabecular meshwork cell,IL1RAP,IL1RAP,lead,7.896,0.09085,109432
trabecular meshwork cell,FLT3,FLT3,control,0.315,0.00389,109432
trabecular meshwork cell,CD33,CD33,clinical,0.081,0.00093,109432
trabecular meshwork cell,IL3RA,CD123,clinical,8.661,0.11002,109432
trabecular meshwork cell,CLEC12A,CLL-1,clinical,0.223,0.00266,109432
trabecular meshwork cell,CD7,CD7,ppac,0.26,0.00301,109432
trabecular meshwork cell,TNFRSF4,TNFRSF4,ppac,0.234,0.0019,109432
trabecular meshwork cell,ABCA7,ABCA7,ppac,4.057,0.05535,109432
trabecular meshwork cell,ITGAX,ITGAX,ppac,0.44,0.0061,109432
tracheobronchial serous cell,CD96,CD96,lead,0.736,0.00763,6248
tracheobronchial serous cell,CD9,CD9,lead,62.82,1.22341,6248
tracheobronchial serous cell,SUCNR1,SUCNR1,lead,0.096,0.00057,6248
tracheobronchial serous cell,IL1RAP,IL1RAP,lead,4.385,0.02808,6248
tracheobronchial serous cell,FLT3,FLT3,control,0.0,0.0,6248
tracheobronchial serous cell,CD33,CD33,clinical,0.096,0.00055,6248
tracheobronchial serous cell,IL3RA,CD123,clinical,0.512,0.00465,6248
tracheobronchial serous cell,CLEC12A,CLL-1,clinical,0.112,0.0005,6248
tracheobronchial serous cell,CD7,CD7,ppac,0.944,0.00887,6248
tracheobronchial serous cell,TNFRSF4,TNFRSF4,ppac,0.16,0.00154,6248
tracheobronchial serous cell,ABCA7,ABCA7,ppac,15.221,0.12305,6248
tracheobronchial serous cell,ITGAX,ITGAX,ppac,0.304,0.00214,6248
tracheobronchial smooth muscle cell,CD96,CD96,lead,0.286,0.00547,7690
tracheobronchial smooth muscle cell,CD9,CD9,lead,54.187,1.00002,7690
tracheobronchial smooth muscle cell,SUCNR1,SUCNR1,lead,0.117,0.00172,7690
tracheobronchial smooth muscle cell,IL1RAP,IL1RAP,lead,2.081,0.02363,7690
tracheobronchial smooth muscle cell,FLT3,FLT3,control,0.13,0.00245,7690
tracheobronchial smooth muscle cell,CD33,CD33,clinical,0.13,0.00196,7690
tracheobronchial smooth muscle cell,IL3RA,CD123,clinical,1.664,0.02743,7690
tracheobronchial smooth muscle cell,CLEC12A,CLL-1,clinical,0.247,0.00349,7690
tracheobronchial smooth muscle cell,CD7,CD7,ppac,0.299,0.00399,7690
tracheobronchial smooth muscle cell,TNFRSF4,TNFRSF4,ppac,0.286,0.00383,7690
tracheobronchial smooth muscle cell,ABCA7,ABCA7,ppac,0.338,0.00446,7690
tracheobronchial smooth muscle cell,ITGAX,ITGAX,ppac,0.429,0.00741,7690
transit amplifying cell,CD96,CD96,lead,0.528,0.00677,55670
transit amplifying cell,CD9,CD9,lead,73.937,1.53747,55670
transit amplifying cell,SUCNR1,SUCNR1,lead,0.079,0.00042,55670
transit amplifying cell,IL1RAP,IL1RAP,lead,1.838,0.0106,55670
transit amplifying cell,FLT3,FLT3,control,0.04,0.00048,55670
transit amplifying cell,CD33,CD33,clinical,0.045,0.00041,55670
transit amplifying cell,IL3RA,CD123,clinical,0.772,0.00999,55670
transit amplifying cell,CLEC12A,CLL-1,clinical,0.049,0.00056,55670
transit amplifying cell,CD7,CD7,ppac,1.277,0.00804,55670
transit amplifying cell,TNFRSF4,TNFRSF4,ppac,0.419,0.00614,55670
transit amplifying cell,ABCA7,ABCA7,ppac,1.748,0.01428,55670
transit amplifying cell,ITGAX,ITGAX,ppac,0.047,0.00051,55670
transit amplifying cell of colon,CD96,CD96,lead,0.325,0.00285,17225
transit amplifying cell of colon,CD9,CD9,lead,86.554,2.09069,17225
transit amplifying cell of colon,SUCNR1,SUCNR1,lead,0.0,0.0,17225
transit amplifying cell of colon,IL1RAP,IL1RAP,lead,0.476,0.00377,17225
transit amplifying cell of colon,FLT3,FLT3,control,0.012,0.00013,17225
transit amplifying cell of colon,CD33,CD33,clinical,0.244,0.0018,17225
transit amplifying cell of colon,IL3RA,CD123,clinical,0.238,0.00204,17225
transit amplifying cell of colon,CLEC12A,CLL-1,clinical,0.0,0.0,17225
transit amplifying cell of colon,CD7,CD7,ppac,0.731,0.00805,17225
transit amplifying cell of colon,TNFRSF4,TNFRSF4,ppac,0.035,0.00026,17225
transit amplifying cell of colon,ABCA7,ABCA7,ppac,1.684,0.01295,17225
transit amplifying cell of colon,ITGAX,ITGAX,ppac,0.006,3e-05,17225
transit amplifying cell of small intestine,CD96,CD96,lead,1.758,0.0089,5461
transit amplifying cell of small intestine,CD9,CD9,lead,98.37,1.29462,5461
transit amplifying cell of small intestine,SUCNR1,SUCNR1,lead,1.337,0.00589,5461
transit amplifying cell of small intestine,IL1RAP,IL1RAP,lead,8.478,0.03787,5461
transit amplifying cell of small intestine,FLT3,FLT3,control,0.641,0.00279,5461
transit amplifying cell of small intestine,CD33,CD33,clinical,0.11,0.00049,5461
transit amplifying cell of small intestine,IL3RA,CD123,clinical,11.939,0.05484,5461
transit amplifying cell of small intestine,CLEC12A,CLL-1,clinical,0.055,0.00023,5461
transit amplifying cell of small intestine,CD7,CD7,ppac,0.476,0.00219,5461
transit amplifying cell of small intestine,TNFRSF4,TNFRSF4,ppac,0.018,6e-05,5461
transit amplifying cell of small intestine,ABCA7,ABCA7,ppac,8.991,0.03859,5461
transit amplifying cell of small intestine,ITGAX,ITGAX,ppac,0.458,0.00191,5461
type B pancreatic cell,CD96,CD96,lead,0.79,0.00691,91757
type B pancreatic cell,CD9,CD9,lead,25.941,0.19038,91757
type B pancreatic cell,SUCNR1,SUCNR1,lead,0.156,0.0013,91757
type B pancreatic cell,IL1RAP,IL1RAP,lead,5.657,0.05299,91757
type B pancreatic cell,FLT3,FLT3,control,0.149,0.00152,91757
type B pancreatic cell,CD33,CD33,clinical,0.051,0.00022,91757
type B pancreatic cell,IL3RA,CD123,clinical,0.073,0.00031,91757
type B pancreatic cell,CLEC12A,CLL-1,clinical,0.056,0.00071,91757
type B pancreatic cell,CD7,CD7,ppac,0.095,0.00097,91757
type B pancreatic cell,TNFRSF4,TNFRSF4,ppac,0.097,0.00061,91757
type B pancreatic cell,ABCA7,ABCA7,ppac,11.756,0.07297,91757
type B pancreatic cell,ITGAX,ITGAX,ppac,0.047,0.00034,91757
type EC enteroendocrine cell,CD96,CD96,lead,0.545,0.00625,3487
type EC enteroendocrine cell,CD9,CD9,lead,48.208,0.85486,3487
type EC enteroendocrine cell,SUCNR1,SUCNR1,lead,0.029,8e-05,3487
type EC enteroendocrine cell,IL1RAP,IL1RAP,lead,1.749,0.01682,3487
type EC enteroendocrine cell,FLT3,FLT3,control,0.029,0.00043,3487
type EC enteroendocrine cell,CD33,CD33,clinical,0.086,0.00072,3487
type EC enteroendocrine cell,IL3RA,CD123,clinical,30.026,0.44377,3487
type EC enteroendocrine cell,CLEC12A,CLL-1,clinical,0.057,0.00074,3487
type EC enteroendocrine cell,CD7,CD7,ppac,0.746,0.00756,3487
type EC enteroendocrine cell,TNFRSF4,TNFRSF4,ppac,19.702,0.28477,3487
type EC enteroendocrine cell,ABCA7,ABCA7,ppac,2.638,0.02975,3487
type EC enteroendocrine cell,ITGAX,ITGAX,ppac,0.057,0.00035,3487
type I muscle cell,CD96,CD96,lead,0.545,0.00815,47932
type I muscle cell,CD9,CD9,lead,4.177,0.0651,47932
type I muscle cell,SUCNR1,SUCNR1,lead,0.008,0.00013,47932
type I muscle cell,IL1RAP,IL1RAP,lead,3.545,0.05828,47932
type I muscle cell,FLT3,FLT3,control,4.54,0.08152,47932
type I muscle cell,CD33,CD33,clinical,0.023,0.00038,47932
type I muscle cell,IL3RA,CD123,clinical,4.294,0.0687,47932
type I muscle cell,CLEC12A,CLL-1,clinical,0.257,0.00435,47932
type I muscle cell,CD7,CD7,ppac,0.027,0.00032,47932
type I muscle cell,TNFRSF4,TNFRSF4,ppac,0.075,0.00116,47932
type I muscle cell,ABCA7,ABCA7,ppac,3.459,0.05619,47932
type I muscle cell,ITGAX,ITGAX,ppac,0.106,0.00159,47932
type II muscle cell,CD96,CD96,lead,1.446,0.0295,35891
type II muscle cell,CD9,CD9,lead,1.675,0.02688,35891
type II muscle cell,SUCNR1,SUCNR1,lead,0.003,2e-05,35891
type II muscle cell,IL1RAP,IL1RAP,lead,0.396,0.00674,35891
type II muscle cell,FLT3,FLT3,control,1.831,0.03333,35891
type II muscle cell,CD33,CD33,clinical,0.025,0.00049,35891
type II muscle cell,IL3RA,CD123,clinical,2.878,0.05055,35891
type II muscle cell,CLEC12A,CLL-1,clinical,0.189,0.00377,35891
type II muscle cell,CD7,CD7,ppac,0.047,0.00059,35891
type II muscle cell,TNFRSF4,TNFRSF4,ppac,0.036,0.00057,35891
type II muscle cell,ABCA7,ABCA7,ppac,3.029,0.05445,35891
type II muscle cell,ITGAX,ITGAX,ppac,0.148,0.00266,35891
type L enteroendocrine cell,CD96,CD96,lead,1.181,0.00994,1016
type L enteroendocrine cell,CD9,CD9,lead,32.776,0.43671,1016
type L enteroendocrine cell,SUCNR1,SUCNR1,lead,0.394,0.00336,1016
type L enteroendocrine cell,IL1RAP,IL1RAP,lead,1.28,0.0139,1016
type L enteroendocrine cell,FLT3,FLT3,control,0.0,0.0,1016
type L enteroendocrine cell,CD33,CD33,clinical,0.0,0.0,1016
type L enteroendocrine cell,IL3RA,CD123,clinical,0.295,0.00133,1016
type L enteroendocrine cell,CLEC12A,CLL-1,clinical,0.0,0.0,1016
type L enteroendocrine cell,CD7,CD7,ppac,0.689,0.00591,1016
type L enteroendocrine cell,TNFRSF4,TNFRSF4,ppac,0.492,0.00989,1016
type L enteroendocrine cell,ABCA7,ABCA7,ppac,3.051,0.0282,1016
type L enteroendocrine cell,ITGAX,ITGAX,ppac,0.0,0.0,1016
umbrella cell of urothelium,CD96,CD96,lead,53.992,0.60688,3945
umbrella cell of urothelium,CD9,CD9,lead,97.921,2.1711,3945
umbrella cell of urothelium,SUCNR1,SUCNR1,lead,0.177,0.00092,3945
umbrella cell of urothelium,IL1RAP,IL1RAP,lead,19.848,0.07215,3945
umbrella cell of urothelium,FLT3,FLT3,control,0.71,0.00178,3945
umbrella cell of urothelium,CD33,CD33,clinical,0.558,0.00139,3945
umbrella cell of urothelium,IL3RA,CD123,clinical,9.556,0.03241,3945
umbrella cell of urothelium,CLEC12A,CLL-1,clinical,4.183,0.01856,3945
umbrella cell of urothelium,CD7,CD7,ppac,2.814,0.01738,3945
umbrella cell of urothelium,TNFRSF4,TNFRSF4,ppac,0.406,0.00175,3945
umbrella cell of urothelium,ABCA7,ABCA7,ppac,19.823,0.0669,3945
umbrella cell of urothelium,ITGAX,ITGAX,ppac,3.929,0.01915,3945
unipolar brush cell,CD96,CD96,lead,1.435,0.02805,3832
unipolar brush cell,CD9,CD9,lead,2.531,0.05584,3832
unipolar brush cell,SUCNR1,SUCNR1,lead,0.0,0.0,3832
unipolar brush cell,IL1RAP,IL1RAP,lead,1.07,0.02169,3832
unipolar brush cell,FLT3,FLT3,control,2.688,0.05195,3832
unipolar brush cell,CD33,CD33,clinical,0.0,0.0,3832
unipolar brush cell,IL3RA,CD123,clinical,15.397,0.32095,3832
unipolar brush cell,CLEC12A,CLL-1,clinical,1.748,0.0377,3832
unipolar brush cell,CD7,CD7,ppac,0.0,0.0,3832
unipolar brush cell,TNFRSF4,TNFRSF4,ppac,0.0,0.0,3832
unipolar brush cell,ABCA7,ABCA7,ppac,1.253,0.02208,3832
unipolar brush cell,ITGAX,ITGAX,ppac,0.078,0.0013,3832
unknown,CD96,CD96,lead,8.888,0.11813,1429883
unknown,CD9,CD9,lead,19.135,0.32257,1429883
unknown,SUCNR1,SUCNR1,lead,3.244,0.02877,1429883
unknown,IL1RAP,IL1RAP,lead,6.629,0.06967,1429883
unknown,FLT3,FLT3,control,1.728,0.01595,1429883
unknown,CD33,CD33,clinical,9.785,0.09135,1429883
unknown,IL3RA,CD123,clinical,6.849,0.09036,1429883
unknown,CLEC12A,CLL-1,clinical,4.58,0.04962,1429883
unknown,CD7,CD7,ppac,16.966,0.30222,1429883
unknown,TNFRSF4,TNFRSF4,ppac,2.061,0.02286,1429883
unknown,ABCA7,ABCA7,ppac,6.222,0.05289,1429883
unknown,ITGAX,ITGAX,ppac,5.838,0.07542,1429883
urothelial cell,CD96,CD96,lead,6.486,0.06591,3068
urothelial cell,CD9,CD9,lead,46.48,0.8169,3068
urothelial cell,SUCNR1,SUCNR1,lead,0.098,0.00059,3068
urothelial cell,IL1RAP,IL1RAP,lead,7.106,0.06762,3068
urothelial cell,FLT3,FLT3,control,0.326,0.00196,3068
urothelial cell,CD33,CD33,clinical,0.847,0.00677,3068
urothelial cell,IL3RA,CD123,clinical,0.75,0.00516,3068
urothelial cell,CLEC12A,CLL-1,clinical,1.434,0.01435,3068
urothelial cell,CD7,CD7,ppac,6.682,0.10148,3068
urothelial cell,TNFRSF4,TNFRSF4,ppac,1.336,0.01659,3068
urothelial cell,ABCA7,ABCA7,ppac,2.282,0.01817,3068
urothelial cell,ITGAX,ITGAX,ppac,4.433,0.06173,3068
uterine smooth muscle cell,CD96,CD96,lead,5.731,0.07175,26015
uterine smooth muscle cell,CD9,CD9,lead,32.07,0.52991,26015
uterine smooth muscle cell,SUCNR1,SUCNR1,lead,0.085,0.00099,26015
uterine smooth muscle cell,IL1RAP,IL1RAP,lead,17.205,0.23404,26015
uterine smooth muscle cell,FLT3,FLT3,control,1.096,0.01282,26015
uterine smooth muscle cell,CD33,CD33,clinical,0.415,0.00492,26015
uterine smooth muscle cell,IL3RA,CD123,clinical,7.496,0.09101,26015
uterine smooth muscle cell,CLEC12A,CLL-1,clinical,2.906,0.03507,26015
uterine smooth muscle cell,CD7,CD7,ppac,1.572,0.01893,26015
uterine smooth muscle cell,TNFRSF4,TNFRSF4,ppac,0.511,0.00597,26015
uterine smooth muscle cell,ABCA7,ABCA7,ppac,2.668,0.03176,26015
uterine smooth muscle cell,ITGAX,ITGAX,ppac,4.494,0.05456,26015
vascular associated smooth muscle cell,CD96,CD96,lead,0.422,0.00565,87178
vascular associated smooth muscle cell,CD9,CD9,lead,39.736,0.63429,87178
vascular associated smooth muscle cell,SUCNR1,SUCNR1,lead,0.627,0.00698,87178
vascular associated smooth muscle cell,IL1RAP,IL1RAP,lead,3.515,0.03789,87178
vascular associated smooth muscle cell,FLT3,FLT3,control,0.117,0.00183,87178
vascular associated smooth muscle cell,CD33,CD33,clinical,0.174,0.00161,87178
vascular associated smooth muscle cell,IL3RA,CD123,clinical,2.525,0.02762,87178
vascular associated smooth muscle cell,CLEC12A,CLL-1,clinical,0.102,0.00147,87178
vascular associated smooth muscle cell,CD7,CD7,ppac,0.54,0.0056,87178
vascular associated smooth muscle cell,TNFRSF4,TNFRSF4,ppac,0.697,0.00628,87178
vascular associated smooth muscle cell,ABCA7,ABCA7,ppac,1.148,0.01317,87178
vascular associated smooth muscle cell,ITGAX,ITGAX,ppac,0.299,0.00367,87178
vascular leptomeningeal cell,CD96,CD96,lead,1.519,0.01882,23113
vascular leptomeningeal cell,CD9,CD9,lead,19.184,0.25555,23113
vascular leptomeningeal cell,SUCNR1,SUCNR1,lead,0.061,0.00062,23113
vascular leptomeningeal cell,IL1RAP,IL1RAP,lead,5.495,0.06362,23113
vascular leptomeningeal cell,FLT3,FLT3,control,1.285,0.01402,23113
vascular leptomeningeal cell,CD33,CD33,clinical,0.13,0.00141,23113
vascular leptomeningeal cell,IL3RA,CD123,clinical,9.886,0.11321,23113
vascular leptomeningeal cell,CLEC12A,CLL-1,clinical,0.584,0.00628,23113
vascular leptomeningeal cell,CD7,CD7,ppac,0.074,0.0011,23113
vascular leptomeningeal cell,TNFRSF4,TNFRSF4,ppac,0.125,0.00145,23113
vascular leptomeningeal cell,ABCA7,ABCA7,ppac,2.553,0.0272,23113
vascular leptomeningeal cell,ITGAX,ITGAX,ppac,0.532,0.00608,23113
vascular lymphangioblast,CD96,CD96,lead,0.387,0.00406,8796
vascular lymphangioblast,CD9,CD9,lead,58.197,0.97214,8796
vascular lymphangioblast,SUCNR1,SUCNR1,lead,0.171,0.00254,8796
vascular lymphangioblast,IL1RAP,IL1RAP,lead,2.444,0.02301,8796
vascular lymphangioblast,FLT3,FLT3,control,0.023,0.00017,8796
vascular lymphangioblast,CD33,CD33,clinical,0.102,0.0009,8796
vascular lymphangioblast,IL3RA,CD123,clinical,34.527,0.43054,8796
vascular lymphangioblast,CLEC12A,CLL-1,clinical,0.148,0.00133,8796
vascular lymphangioblast,CD7,CD7,ppac,1.887,0.01791,8796
vascular lymphangioblast,TNFRSF4,TNFRSF4,ppac,4.911,0.05835,8796
vascular lymphangioblast,ABCA7,ABCA7,ppac,0.477,0.00439,8796
vascular lymphangioblast,ITGAX,ITGAX,ppac,0.091,0.00114,8796
vein endothelial cell,CD96,CD96,lead,0.499,0.00558,134177
vein endothelial cell,CD9,CD9,lead,56.144,0.97338,134177
vein endothelial cell,SUCNR1,SUCNR1,lead,0.054,0.00054,134177
vein endothelial cell,IL1RAP,IL1RAP,lead,5.175,0.05309,134177
vein endothelial cell,FLT3,FLT3,control,0.149,0.00213,134177
vein endothelial cell,CD33,CD33,clinical,0.267,0.00282,134177
vein endothelial cell,IL3RA,CD123,clinical,37.765,0.48796,134177
vein endothelial cell,CLEC12A,CLL-1,clinical,0.709,0.00915,134177
vein endothelial cell,CD7,CD7,ppac,1.772,0.01588,134177
vein endothelial cell,TNFRSF4,TNFRSF4,ppac,5.777,0.06777,134177
vein endothelial cell,ABCA7,ABCA7,ppac,0.98,0.00966,134177
vein endothelial cell,ITGAX,ITGAX,ppac,0.393,0.00451,134177
vein endothelial cell of respiratory system,CD96,CD96,lead,0.46,0.00402,9351
vein endothelial cell of respiratory system,CD9,CD9,lead,55.545,0.87852,9351
vein endothelial cell of respiratory system,SUCNR1,SUCNR1,lead,0.064,0.00054,9351
vein endothelial cell of respiratory system,IL1RAP,IL1RAP,lead,5.443,0.04784,9351
vein endothelial cell of respiratory system,FLT3,FLT3,control,0.011,9e-05,9351
vein endothelial cell of respiratory system,CD33,CD33,clinical,0.235,0.00229,9351
vein endothelial cell of respiratory system,IL3RA,CD123,clinical,48.391,0.68975,9351
vein endothelial cell of respiratory system,CLEC12A,CLL-1,clinical,0.642,0.008,9351
vein endothelial cell of respiratory system,CD7,CD7,ppac,1.091,0.0101,9351
vein endothelial cell of respiratory system,TNFRSF4,TNFRSF4,ppac,6.855,0.07435,9351
vein endothelial cell of respiratory system,ABCA7,ABCA7,ppac,1.968,0.01941,9351
vein endothelial cell of respiratory system,ITGAX,ITGAX,ppac,0.471,0.00561,9351
ventricular cardiac muscle cell,CD96,CD96,lead,0.885,0.00649,2598
ventricular cardiac muscle cell,CD9,CD9,lead,14.511,0.10436,2598
ventricular cardiac muscle cell,SUCNR1,SUCNR1,lead,0.038,0.00014,2598
ventricular cardiac muscle cell,IL1RAP,IL1RAP,lead,9.738,0.0421,2598
ventricular cardiac muscle cell,FLT3,FLT3,control,0.654,0.00364,2598
ventricular cardiac muscle cell,CD33,CD33,clinical,0.192,0.00071,2598
ventricular cardiac muscle cell,IL3RA,CD123,clinical,0.0,0.0,2598
ventricular cardiac muscle cell,CLEC12A,CLL-1,clinical,0.192,0.0016,2598
ventricular cardiac muscle cell,CD7,CD7,ppac,0.192,0.00047,2598
ventricular cardiac muscle cell,TNFRSF4,TNFRSF4,ppac,0.616,0.00284,2598
ventricular cardiac muscle cell,ABCA7,ABCA7,ppac,21.17,0.10477,2598
ventricular cardiac muscle cell,ITGAX,ITGAX,ppac,0.115,0.00055,2598
