Mixture,Naïve CD4 T,Memory CD4 T,Treg,Naïve CD8 T,Memory CD8 T,GZMK CD8 T,GZMB CD8 T,GZMB DNT,MAIT,GZMK NK,GZMB NK,Proliferating T,P-value,Correlation,RMSE
TARGET.20.PAVVUT.09A,0.0350128968507955,0.0176608883119539,0.194762710344862,0.210546609403116,0.0815276770127569,0.00433739666035363,0.0913083901205744,0,0.0748693809679703,0.0390709167442172,0.141530258218044,0.109372875365356,0,0.596572690978085,0.829747118225981
TARGET.20.PAWWEI.09A,0.128940580224183,0.0158799297569004,0.100631629321629,0.0522126582928001,0.0901317203627671,0.216540422206572,0,0.0990233417436627,0.0662406160278633,0.0335403680896356,0.0688251629845527,0.128033570989433,0,0.736409845359858,0.708706321101774
TARGET.20.PAYHIY.Sorted.leukemic.09A,0.0259550866618405,0.0236084846971876,0.163584194862105,0.103321452302143,0.154701599409963,0.177557233299516,0.00734084364857821,0.0140553666536467,0.129556535166137,0.10087877256096,0.0415930669337661,0.0578473638041564,0,0.643102601061638,0.790474076177678
TARGET.20.PAUJNJ.09A,0.157562793960177,0,0.126133530444161,0.0686880603883,0.089019293669181,0.14889496768148,0.0432916879090921,0.101315798149557,0.0354945996150646,0.0702113955545251,0.0798000056246021,0.0795878670038608,0,0.754178639753308,0.715021877394599
TARGET.20.PAWECG.09A,0.0409635300095322,0.0186948543604007,0.209835814708609,0.228687586122551,0.136467613318076,0.0344023736747326,0.034819067290617,0,0.0837220421321852,0.0468133857560261,0.0661414658755764,0.0994522667516942,0,0.537860611259272,0.861644146147767
TARGET.20.PASNYB.09A,0.0516860323556054,0.0869764556111213,0.116422730531886,0.0785158718643204,0.143339384714492,0.0380155777878494,0.0460425546827252,0.0292605899354694,0.126947359659578,0.125400386356829,0.0913254748284685,0.0660675816716549,0,0.694874277244692,0.787173841631722
TARGET.20.PAXMGU.09A,0.146266938454532,0,0.115123140484108,0.0681378353389704,0.0752868449522217,0.146726791040987,0.0295941422346528,0.0711067517378652,0.0844903117786597,0.0645850963697392,0.0964617522174819,0.102220395390782,0,0.714422118210852,0.744674434327791
TARGET.20.PAXEMU.09A,0.0788317180899663,0.0169185139190034,0.124152462188152,0.154985943798137,0.0931472554223102,0.133902003849078,0.0318775998989287,0.0142312922616211,0.0907051513262674,0.0978053732978742,0.0882693845917503,0.0751733013569115,0,0.614226781266447,0.812360385129185
TARGET.20.PAVBUX.09A,0.105061498073769,0.0374045082147706,0.0742382663418717,0.124021650771535,0.0631785145250882,0.204913814711162,0.0668935102025777,0,0.0561589445031891,0.0584294672034445,0.135720239630528,0.0739795858220638,0,0.697217154013403,0.741055373216124
TARGET.20.PAVIXV.09A,0.101167711561034,0,0.121507391180251,0.109162662678384,0.0614725929933052,0.195656312713594,0.0709115453399256,0,0.154622597355267,0.0654775459793331,0.0539138257319319,0.0661078144669748,0,0.656291085644363,0.776862939045576
TARGET.20.PAVCPM.09A,0.068466491576365,0.0351806832159297,0.171993976416047,0.132776227970595,0.0786658705821948,0,0.0863604667699494,0.0826814536591198,0.0937264441242476,0.0787383359004499,0.083559206264983,0.0878508435201189,0,0.584268266056217,0.839561385760586
TARGET.20.PAVNKI.09A,0.0947452415857791,0.0250211232698493,0.0967269232143898,0.117419457333315,0.0684637128361842,0.168759044516,0.046451994666063,0.0685278344379349,0.0702389146544596,0.0763321330830644,0.0781884460768427,0.0891251743261187,0,0.789681959838402,0.695760334315025
TARGET.20.PASUCA.09A,0.088365760339297,0.0858336650514449,0.0797239890645307,0.148515933721919,0.113286978133009,0.145077615353468,0.0311428782189845,0.0629744607712162,0.0788376972645032,0.0708031900631288,0.041627934287471,0.0538098977310275,0,0.672581364098024,0.779296004641094
TARGET.20.PAVAAM.09A,0.118408887829104,0.0345006922407477,0.0919062942259235,0.132195695310196,0.0657463254318041,0,0.0492486988596523,0.0528186326969025,0.115443918994577,0.112916076679111,0.135553742025691,0.0912610357062917,0,0.658530233276934,0.795308069468547
TARGET.20.PAWTYT.09A,0.13578795540846,0,0.100372764744783,0.107023737175425,0.0400281342506119,0.155288301360769,0.0241924676692145,0.0711465873360681,0.0805792567477825,0.0890103245665986,0.102187921091228,0.0943825496490586,0,0.775485559311327,0.702855608121205
TARGET.20.PANSBH.09A,0.0435773920783076,0.0710272599047751,0.0536073237902341,0.0990462168801903,0.196065903335231,0.198593123119048,0,0,0.125418863165739,0.0619144244258765,0.0678892333985785,0.0828602599020192,0,0.700020389916289,0.746094316674774
TARGET.20.PAVECZ.09A,0.0413564454324605,0.0957331802327113,0.10991752356808,0.0934355266937962,0.133591438895718,0.23675669769836,0,0.0640101661702941,0.0799764623672157,0.0452065198448239,0.0659655222383538,0.0340505168581871,0,0.719838271078779,0.722205439326376
TARGET.20.PAWBTJ.09A,0.127316882268108,0.017718132133115,0.0852805136542464,0.113992037537228,0.0714011189204944,0.149012460200655,0.0206376772645233,0.0409702661308903,0.0845591717954307,0.0562337514030663,0.123972712878083,0.10890527581416,0,0.758942594787765,0.717618974291646
TARGET.20.PAWFFJ.09A,0.112063195687511,0.161191403074894,0.0389351663235925,0.157079568707002,0.0304672538344171,0,0.0287041127452338,0.07475322488556,0.0448505083706768,0.113113598166475,0.0864860163742299,0.152355951830407,0,0.672443482373027,0.788257455435614
TARGET.20.PASYJL.09A,0.0705391422965884,0.02371398072386,0.174518114718943,0.103526741043444,0.15134116094957,0.0180047010006445,0.0157591887483915,0.0837224464999448,0.119391614162694,0.0751609993639283,0.0541278654507147,0.110194045041277,0,0.568809998125882,0.850010140733383
TARGET.20.PAUVEF.09A,0.0816516553958406,0.0949204805848086,0.0886206324680747,0.124671199491073,0.0783844029437923,0.00223764258924343,0.0801188606266024,0.0474571130118531,0.0908293534086107,0.0939477124877073,0.130567639556691,0.0865933074357023,0,0.613803372893968,0.819663925913833
TARGET.20.PAWEYY.09A,0,0.0237119030136702,0.11782311637261,0.260357367620004,0.0585974182995281,0.0177515363325985,0.152402111047132,0,0.02130515294219,0.0407750302680999,0.0511950864665414,0.256081277637626,0,0.303800863049486,0.963207292749882
TARGET.20.PAYHRE.Sorted.leukemic.09A,0.078814477202793,0.0942975564664375,0.0792755686034861,0.0616637848448019,0.115182931281663,0.175413539722985,0,0.0951437910733201,0.120903110618745,0.0707528182249082,0.0552239873233928,0.0533284346374673,0,0.806589226054047,0.683316135997352
TARGET.20.PAWNAP.09A,0.0869101709669121,0.0726158753825421,0.0997324117579419,0.0548271285311027,0.0809227309158617,0.0988131677033253,0.0426838787564818,0.0621474642682527,0.0950515865023525,0.0891739019290406,0.118069448103956,0.0990522351822306,0,0.714362905146375,0.758743114241945
TARGET.20.PAVZBA.09A,0.124769370678179,0.0447470610181501,0.121248861528903,0.276987743311775,0.0713706964373836,0.00804214662049263,0.0407257725656941,0,0.108833944384909,0.0450574792346663,0.101153865194353,0.0570630590254934,0,0.558740828782172,0.848982616070013
TARGET.20.PAWIWJ.09A,0.106406354393586,0,0.145857750429874,0.120346683195024,0.0787947433950248,0.166405642700123,0.00333046393941607,0.0461599487280486,0.102822615517859,0.0672867898735551,0.0925698730405861,0.0700191347869032,0,0.680665098587244,0.766835970458983
TARGET.20.PAWVGF.09A,0.0438104670522235,0.169402325447541,0.0648600454036093,0.0373010298864937,0.098868323185548,0.160806329320608,0.0473564547077067,0.0616749095074286,0.0982752898460563,0.0879027167806111,0.0749425676000213,0.0547995412621525,0,0.5869744214385,0.819703745663001
TARGET.20.PAWZAU.09A,0.0836662019882609,0.0837706453353042,0.0887846615670858,0.0891870476678124,0.0908893253249434,0.140464264910105,0.0350096389481421,0.086585653692135,0.071664216378347,0.0598508463135542,0.0913419050695194,0.0787855928047902,0,0.782431994330599,0.711050457206886
TARGET.20.PAXFWY.09A,0.123882892547986,0.0182314659443876,0.0749940121464581,0.0932543974960663,0.0769678437203863,0.192431127401398,0.0360755589283973,0.0824117591196358,0.0810672365160829,0.0711907649924199,0.0622102922061208,0.0872826489806607,0,0.677512445578205,0.758411853384747
TARGET.20.PAPWHS.09A,0.0846083023668131,0.143624107046686,0.0468610770525947,0.0335696943520394,0.122848053595623,0.15338256223223,0.05778544066357,0.0725747914523952,0.0962258530339199,0.0941542025867705,0.0213397693776538,0.0730261462397046,0,0.685289754388095,0.766115724081352
TARGET.20.PAWZUZ.09A,0.0942703989889534,0.0158498543219333,0.0784101330301556,0.12545825440198,0.0607329055026473,0.169657105137969,0.0697842513493564,0.061741584310513,0.093712242227622,0.0689003915490263,0.0839452139731811,0.0775376652066617,0,0.739619089904227,0.726004643587047
TARGET.20.PAWLKE.09A,0.140842417832649,0.0879435306829092,0.0202173000856484,0.187416061724268,0.0587641322666554,0.00475935633954276,0.0209383983179831,0.0403306975212742,0.0865051516780189,0.135471485641393,0.0874881730804433,0.129323294829214,0,0.706122712145067,0.773074780703784
TARGET.20.PASZZE.09A,0.0753192737014473,0.0772822697320671,0.14076703393121,0.202916489280726,0.00462768117585616,0,0.081709938851062,0.00665000335642508,0.0476126411171385,0.155468864094889,0.115167656743727,0.0924781480154521,0,0.566046589929615,0.840308308375108
TARGET.20.PAVXCF.09A,0.115832395016103,0.0109926615587684,0.133365996542901,0.098771917515897,0.0948669576885031,0.132736765854703,0.00815027358481375,0.0607964953271806,0.0440683836670121,0.0953303766593071,0.100650322706153,0.104437453878658,0,0.705999189933832,0.756357304991169
TARGET.20.PAVAVV.09A,0,0.0587568786548067,0.121267895231577,0.241996434098197,0.176214425232609,0.0149705527379271,0.0182080551860936,0.0339471411428494,0.0994232073308543,0.0954308261567212,0.0674571402458216,0.0723274439825421,0,0.550110621398484,0.857712328044709
TARGET.20.PAVMNK.09A,0.107909000851774,0.0500476308628596,0.12099503627752,0.11400075662552,0.0923526272494307,0.00701108270781035,0.0445203791932301,0.0215805942562522,0.1352486880936,0.11151996059085,0.12181971330959,0.0729945299815636,0,0.656310795333235,0.803585807485027
TARGET.20.PAXMCH.09A,0.144616357224913,0,0.135606784680028,0.077015629542277,0.0984181117124907,0.168031641710009,0.017659704144414,0.0833343986351221,0.0545459545632328,0.0362440565520185,0.10482364927798,0.0797037119575151,0,0.757090034299606,0.708980178232574
TARGET.20.PASRRL.09A,0.0937933393378015,0.183499946633529,0.0191973038922242,0.0968858374285218,0.0285357679034777,0,0.0744145837354249,0.091472200791621,0.076330887706237,0.0869352020137087,0.0513753914950643,0.197559539062389,0,0.655575213382019,0.791726945853814
TARGET.20.PAUZLS.09A,0.0786346292691882,0.0128005605106296,0.159255678672905,0.115025774847993,0.118297183911393,0.0474299598524456,0.0414230756085211,0.0336984121596657,0.107574622551644,0.117250985022,0.106631366471816,0.0619777511217987,0,0.652564049473155,0.804097309777885
TARGET.20.PASWPT.09A,0.0875180589631194,0.0257333238313398,0.134050530168222,0.099622022380517,0.0892829174627947,0.185185998806255,0,0.110146663716595,0.0670413118002533,0.0749398175350102,0.0660125789844336,0.0604667763514595,0,0.78656252870396,0.691046348627501
TARGET.20.PATETC.09A,0.0915281173199554,0.0953485845241697,0.0794846543738141,0.147197285728567,0.0800839048364421,0.0169049989251572,0.0442283001815623,0.028855835498217,0.117551646017984,0.0877188040100422,0.109840522290017,0.101257346294072,0,0.615339683005029,0.824244839407216
TARGET.21.PASYWA.09A,0.0436284057285749,0,0.103781897543474,0.24476899874306,0.0957936297172231,0.0452900770078013,0.207376004808721,0.0560281544051558,0,0.0683367304889698,0,0.13499610155702,0,0.349703773896775,0.937701773301624
TARGET.20.PAUBLN.09A,0.0695809479724223,0.0342516530822971,0.0720506057383191,0.116986807554567,0.155962627893981,0.180948523693746,0,0.0458206609372156,0.109993497134642,0.0567569532889139,0.0659787569004579,0.0916689658034384,0,0.696230112539804,0.753718903773653
TARGET.20.PATLIG.09A,0.0996003452050527,0.0286134358114324,0.112986991288465,0.0957023664329192,0.109641334341414,0.160258525354044,0.0212463941717194,0,0.0875473480262039,0.156344385917549,0.0362555743297268,0.091803299121474,0,0.694912710816846,0.762266500416332
TARGET.20.PARUXJ.09A,0.0621550613896024,0.152611987685657,0.0579674596718735,0.123496816947412,0.057294086337143,0.0576066835205042,0.0585336849470454,0.0387254568980335,0.0668164839852397,0.100825286215818,0.105374587454503,0.118592404947167,0,0.548152247051276,0.849634246436362
TARGET.20.PATKUG.09A,0.0714704148775665,0,0.119531298734785,0.127691709914253,0.122258374652025,0.0387827812267441,0.0342500848877328,0.000923840275625915,0.166074372128935,0.126433273049622,0.101317695837606,0.091266154415105,0,0.525713404133896,0.862915320897576
TARGET.20.PAELWA.09A,0.100157736821044,0.0950201994742474,0.0582156626164161,0.0728767635234081,0.116783637800666,0.144593477964142,0.0112318354096337,0.0531582577186199,0.0767350571597263,0.0925342127067383,0.079487092714401,0.0992060660909575,0,0.698671996036544,0.759985761980194
TARGET.20.PAWPDC.09A,0.108070616229974,0.0849267256311888,0.0718285773062052,0.126571894680089,0.0599489250058933,0.0719257030591093,0.0260495525698598,0.0779683773112816,0.125346761803752,0.0693763121084206,0.0879197362780454,0.0900668180161807,0,0.638772192316906,0.808193265402463
TARGET.20.PAWHZX.09A,0.147275959654652,0,0.121771479588892,0.111847593216599,0.0370555154230051,0.167217549790306,0.0346358435741464,0.0473234637336417,0.0627096566060221,0.0876166060823123,0.109490224157807,0.0730561081726159,0,0.737576976706041,0.723876439487391
TARGET.20.PAWHML.09A,0.168508887357274,0,0.128259859473465,0.0838232294502052,0.0677912227939705,0.14019947004502,0.00829131449066264,0.0941751558748945,0.0302290542172344,0.0822210863920982,0.0994440312683639,0.0970566886368122,0,0.675862102517854,0.765956165930795
TARGET.20.PAWNYX.09A,0,0.0807287912384875,0.142399263038804,0.221628485568503,0.119319024281219,0.0101341726682933,0.0475546393977013,0.00172420933914724,0.100953582679012,0.10355822679019,0.0997645254026542,0.0722350795959877,0,0.612963097863431,0.828920887219971
TARGET.20.PATAST.09A,0.0866288093219932,0.0110207692235141,0.107919977656164,0.0951098392679498,0.132120506345357,0.152749425646038,0.0324401433329373,0.0787832900999871,0.0628661200738389,0.0894665584369795,0.0749273657742514,0.07596719482099,0,0.73341967999142,0.735288542430835
TARGET.20.PATFDF.09A,0.075975752363946,0.0532052926327083,0.0708852668381974,0.189625006156418,0.136720529123918,0.0300641848666413,0.0824235554842382,0.073985885263499,0.0485384783430499,0.0909179301586866,0.0604211774140961,0.0872369413546014,0,0.503605576898909,0.873244417290924
TARGET.20.PAVBIH.09A,0.04504874478145,0.166828395740918,0.105187889822745,0.103617368906412,0.0727877726973238,0.00286899712411363,0.0611459573181046,0.0590607076746305,0.0927718654609169,0.101357366111425,0.109813013919666,0.0795119204422939,0,0.49267328854529,0.876769740002984
TARGET.20.PAKYCW.09A,0.0665982121373479,0.179790849444623,0.0726757401593597,0.107138516189956,0.0827541507202678,0.0398372349104468,0,0.0319826835525208,0.122903658792595,0.0962769738455757,0.129496082194875,0.0705458980524319,0,0.602517345832609,0.82638269337392
TARGET.20.PASRTP.09A,0.00307271273589983,0.0704495047692871,0.158513240162838,0.0992573453040671,0.132473146542713,0.0501753089579341,0.000445988867570831,0.0413781087635522,0.156594636623588,0.114476847786935,0.0871249960094863,0.0860381634761296,0,0.66637627717412,0.803405159649474
TARGET.20.PAVRGN.09A,0.104769198859135,0,0.133963093299343,0.107917649897368,0.121533060096532,0.171617192323477,0.0140741672173856,0.0608604264406997,0.0778199241423058,0.0604810350731706,0.0912984245447649,0.055665828105818,0,0.797140145129654,0.687703418999605
TARGET.20.PAXLVU.09A,0.142971176572639,0,0.116885182304095,0.0944523129736471,0.0736418090253055,0.132067907654458,0.038510508583839,0.106018557467285,0.0306783451372976,0.0523637861620454,0.08021136839984,0.132199045719549,0,0.686179534712169,0.762256083271673
TARGET.20.PAVCHU.09A,0.104536924963792,0,0.155427471025663,0.099613538193182,0.0965836773695333,0.177393626617356,0,0.067209664925977,0.0780556692654819,0.0541542443920649,0.0941732856529997,0.0728518975939513,0,0.730269898879588,0.731057824636266
TARGET.20.PAWLHJ.09A,0.107673091466829,0.0658006702301246,0.0941333925951229,0.187761669792443,0.0393069249862574,0,0.0774358675572278,0.000394894628159683,0.0629728502343443,0.116507136427307,0.141403004984812,0.106610497097372,0,0.5531273906038,0.846031918735036
TARGET.20.PANYGP.09A,0.0292869326342778,0.191099463050989,0,0.0562154484149626,0.225476752102935,0.171239052207518,0,0.0663057768746753,0.0824030015320078,0.09115985662528,0.0179636076866012,0.0688501088707544,0,0.754209496239613,0.711134788585093
TARGET.20.PAEFEJ.09A,0.0389140952080616,0.184711646400563,0.047130713811412,0.0687583246013449,0.122956499157586,0.0188731511026796,0.0188884797275699,0.0655288912062787,0.129033715968651,0.122918458429582,0.103723347154154,0.078562677232117,0,0.520827020925079,0.863144783044686
TARGET.20.PAYHVK.Sorted.non.leukemic.09A,0.0392741972664252,0.122445741491337,0.0677164772988748,0.0450232211733935,0.11896064811224,0.186852169607906,0.0054391989104545,0.0568793191020259,0.150912867840766,0.0701725575481672,0.0806880539889601,0.0556355476594499,0,0.655718913725908,0.776484239982477
TARGET.20.PARWXS.09A,0.0133929054452995,0.174839483441963,0.0446490294715154,0.184268285863703,0.0248718595245424,0.0312344821884495,0.111028660860463,0.0752303358389835,0.0619452844316339,0.103209415196617,0.0722137246507143,0.103116533086116,0,0.346692441716704,0.938573666516481
TARGET.20.PAWDNM.09A,0.100550164876068,0.136675317905327,0.12206146199897,0.0972075222105,0.0854931876490365,0.00546021190961921,0.025392772621635,0.0468940267996277,0.120040337114213,0.0928161841785844,0.114912383671856,0.0524964290645626,0,0.654671760861811,0.806594619412413
TARGET.20.PAXLEE.09A,0.112118043332011,0.0989122336943597,0.0935332109047954,0.122427762873337,0.051841000496739,0,0.052208666616454,0.0658894717201998,0.0777028192051845,0.0953948116550117,0.115028325630442,0.114943653871466,0,0.519529899620864,0.864042271797315
TARGET.20.PATKKJ.09A,0.106155938497695,0,0.127271272692465,0.110214468736721,0.130704658867012,0.143240393953371,0,0.151273024747626,0.0724955332660078,0.0467835070052594,0.0417066548721048,0.0701545473617389,0,0.790019311427677,0.700667842953723
TARGET.20.PATVRA.09A,0.13059979190323,0.0943933554017803,0.0596903371999564,0.0614763107323871,0.0923882465407061,0.150995052708674,0.00402157716560704,0.132745858823143,0.083808711375356,0.0665589893057021,0.0389863980811792,0.0843353707622779,0,0.632900457065767,0.793583823055572
TARGET.20.PATFMR.09A,0.14032348338297,0.0860204066747454,0.0251649732509727,0.0329492488896426,0.119543257349496,0.18652858414586,0.0622969548669358,0.0662179252047141,0.0757584289542368,0.072926453676967,0.021062237335612,0.111208046267848,0,0.761745838699247,0.701374181893193
TARGET.20.PANVGP.09A,0.0582448535114899,0.0353965863987552,0.127372904902018,0.0668995276988265,0.204473575717338,0.166335450548448,0.0379875759616263,0.0271962632597218,0.101409246886113,0.0806651876703451,0.0296342874302804,0.0643845400150378,0,0.739726949473527,0.732572497593755
TARGET.20.PATDFZ.09A,0.0566332015468441,0.0364468473758123,0.0927883335797976,0.0997159619500669,0.178687478581267,0.0382061113384153,0.0617395595488983,0.00343297008444498,0.10006861163579,0.151648760977823,0.0616727198635271,0.118959443517314,0,0.582761826318186,0.838413037237265
TARGET.20.PAEMDG.09A,0.109084645719744,0.0518686300546191,0.0928258805027209,0.116354118220804,0.057836200609092,0.174822632668955,0.00307328987327703,0.0718089456611851,0.0920139525639165,0.0902256939715383,0.0723674911121925,0.0677185190419552,0,0.753871951914595,0.718970821747935
TARGET.20.PASSSI.09A,0.0811430248569973,0.216613314967496,0,0.124680778622865,0.0651215913417098,0,0.0846142244150782,0.0690035043901384,0.059958183962962,0.111043176926257,0.0584619437289173,0.129360256787579,0,0.594574866280095,0.827530977683021
TARGET.20.PATJWG.09A,0.0436252463920607,0.0387407272860282,0.130071104214905,0.197866176767901,0.127606596173588,0,0.0342304096877786,0.108997326611913,0.0975854243773638,0.0969172134922021,0.0525884229238944,0.0717713520723657,0,0.560060073715628,0.853678205575535
TARGET.20.PAUMZV.09A,0.0685126674925289,0.0920083683269719,0.0827133919335361,0.127660597166599,0.138394321078946,0.170033814209569,0,0.0433003973336632,0.0812494365596768,0.0656408733438959,0.0559621980900101,0.0745239344646038,0,0.681640766663144,0.76771129954623
TARGET.20.PAKHBF.09A,0.0342076605242153,0.0411625402474381,0.15543328459539,0.0751612909935563,0.157868344145823,0.132490184145703,0.0175012662776672,0.0726362380293666,0.129668615078573,0.0718551656355801,0.0570091873036733,0.0550062230230142,0,0.756402110446687,0.737889208912719
TARGET.20.PAXMPF.09A,0.0913613286166789,0.0224672657036358,0.180087939154088,0.127687598427088,0.125192163989144,0.00834182548696713,0.0279249829094043,0.0256411134008046,0.14965797888398,0.0678880640396985,0.111431601218071,0.0623181381704395,0,0.623409922630528,0.824714259480829
TARGET.20.PARZYF.09A,0.0707403711612797,0.0325990110193818,0.135265246685646,0.0986127212429071,0.103362518653644,0.0799096767811696,0.0535566384047306,0.0379409530514872,0.146903229121479,0.108232726741807,0.071055248486879,0.0618216586495894,0,0.687447732704214,0.787133638011941
TARGET.20.PAVZJX.09A,0.154575786732875,0.00144482007522103,0.0844587883731673,0.0993208735811447,0.096818690109016,0.193730970896034,0.0413820782887504,0.0585426965875344,0.0533786946201319,0.0643403626273929,0.0647157442964212,0.0872904938123109,0,0.741895719471518,0.712591859215183
TARGET.20.PAWKJC.09A,0.0606037250082457,0.00318103409473076,0.187948714490214,0.14278067557753,0.0829119292480059,0.0607673715247328,0.0309715264304188,0,0.101316213500981,0.105448029534611,0.139847863007449,0.0842229175830811,0,0.468489801797368,0.886332102882605
TARGET.20.PAXFEE.09A,0,0.0479365848173326,0.138815605573269,0.249016940424,0.117561154366625,0.00938379381800369,0.0254506075079905,0,0.138971406451767,0.107377784657637,0.0700658433658995,0.095420279017476,0,0.509214611041264,0.87408353922179
TARGET.20.PATHPT.09A,0.0156230430543107,0.11238766720627,0.14851535470314,0.189700657678384,0.177357921280949,0.016461049572918,0,0,0.132089042846824,0.0557777312120837,0.0988396994595285,0.0532478329855917,0,0.545502675272188,0.859180214732016
TARGET.20.PAWNPU.09A,0.0332430572562839,0.0406596094660697,0.214802509132077,0.227857909494628,0.142452655585991,0,0.000254971747043562,0,0.107945259578607,0.0844450538353141,0.0994694171855555,0.0488695567184308,0,0.558231259663571,0.853093022029083
TARGET.20.PAWRPD.09A,0.151155710334626,0,0.125552906647301,0.0701366908737127,0.0912711815384803,0.181795737032237,0.00524210663272829,0.0367719850917273,0.0422487203702159,0.0748146494623052,0.093001673148421,0.128008638868245,0,0.708083923506148,0.739750533887277
TARGET.20.PAWBSE.09A,0.115605507046732,0.0833039074661692,0.0413179218850698,0.0993992272565428,0.0539639584570706,0.187296372639574,0.0324301897644407,0.0720419840753923,0.0864203601201921,0.0577851030678039,0.0840151382540245,0.0864203299669883,0,0.731787104708395,0.725066767390577
TARGET.20.PAPZYS.09A,0.0140399826003398,0,0.139180298903549,0.210050632253379,0.124192362010956,0.162147779095854,0.0456386229778254,0.0218047419345181,0.105873058457982,0.0681604327657714,0.0351269546333518,0.0737851343664736,0,0.607366902143072,0.814573145704747
TARGET.20.PAECCE.09A,0.0409764838520218,0.222012392935424,0.0420293364453932,0.112560544155145,0.0693320733232902,0,0.0650077654154859,0.107035172192328,0.0597705227278292,0.110522851679786,0.0848269550931886,0.0859259021801083,0,0.60569507624458,0.822280540459091
TARGET.20.PAVSHX.09A,0.128155507691417,0.0792225023109342,0.054421435827329,0.175308072634458,0.0239892241383163,0.00381920623313072,0.00467786289315817,0.0681345789955594,0.0960505343233536,0.109730316158025,0.124297433133686,0.132193325660632,0,0.665190037486141,0.791099180567956
TARGET.20.PAWIIK.09A,0.0954428702507934,0.0959801392900031,0.0595800807112345,0.104603871538952,0.0654666113320186,0.0649133868342652,0.0519325208622072,0.0639112903639418,0.0752298161891037,0.0922817560824659,0.111824037954708,0.118833618590307,0,0.586234951304892,0.829569832298687
TARGET.20.PAVDDU.09A,0.0596706201503081,0.0730560818018568,0.118146144505362,0.121929003369349,0.136676050191575,0.167042981899703,0,0.0436627513254444,0.0956610003809166,0.0592032457628864,0.0553937885240067,0.0695583320885925,0,0.693184255049952,0.763584958506985
TARGET.20.PATHZZ.09A,0.0820274848669846,0.0761529422487189,0.0617094567207013,0.0737438507237832,0.098854075006843,0.155245939738105,0.0187200684195494,0.0940937596353231,0.110735877098661,0.0658327880868522,0.0635836778931407,0.0993000795613381,0,0.716657683812479,0.747130524945195
TARGET.20.PASYYW.09A,0.0457358124339157,0.0729898313892943,0.084721269849575,0.127321793232061,0.119479677520247,0.0722126758420505,0.0789428886727102,0.0251673848098514,0.0754140049526003,0.0718430478049146,0.0826003137596008,0.143571299733179,0,0.617680933418665,0.818305940488106
TARGET.20.PASZNB.09A,0.112814305532058,0.0523886005632603,0.0735951012416288,0.0735779946133305,0.0666363032332206,0.171464684861609,0,0.112828904411839,0.0550940560076437,0.0802758000235028,0.108932336413669,0.0923919130982387,0,0.76096947812925,0.704216518900417
TARGET.20.PAVSAN.09A,0.0629709269112132,0.0824966787169092,0.0736188409753286,0.0876852813981159,0.10594614175242,0.176480620930138,0.0466504180391379,0.0546679210145293,0.0983642862755441,0.0793456562654746,0.0691256602880684,0.0626475674331203,0,0.775950932576265,0.705071312441497
TARGET.20.PADZKD.09A,0.0530594234463254,0.159911197631399,0.0423482370893317,0.0798125682492934,0.15165144525747,0.133636949399395,0,0.112615484947045,0.0654151821463087,0.101090259856125,0.047864648782961,0.0525946031943453,0,0.75244775726648,0.729616459421498
TARGET.20.PAUPSX.09A,0.0721559893058352,0,0.199913619154953,0.176898585216144,0.051908435659149,0,0.112162137558747,0,0.0859032092466344,0.129490541614749,0.112705654686983,0.0588618275568066,0,0.529002474875737,0.858828412314764
TARGET.20.PAVPWB.09A,0.0531659539677444,0.1647173478286,0.0960154897151053,0.125982108230129,0.0346585624921794,0,0.0740937243290029,0.049318397452252,0.0969652235046029,0.100220653052786,0.112811355006638,0.0920511844209603,0,0.577756025030893,0.837570790057213
TARGET.20.PAVRJP.09A,0.0508155237852543,0.0873204932486809,0.0858578726980951,0.107093839104686,0.0790949612517717,0.174176837602046,0.063386059740626,0,0.0930447246285217,0.0734689385708158,0.0747077512720911,0.111032998097412,0,0.628376926627293,0.79818836242137
TARGET.20.PALVKV.09A,0.0786728816070511,0.171144164116353,0.0759560899892008,0.0264548117482189,0.127251935981137,0.146089709320991,0,0.100276348238098,0.093435374034191,0.0700422275816511,0.0579211293142564,0.0527553280688527,0,0.748188884028556,0.728627832012315
TARGET.20.PARKFB.09A,0.103025020752134,0.109288721872801,0.0251438731837905,0.135418454271971,0.057290281787111,0.0317359693587775,0.0602936566296715,0.0807991391802749,0.0812830702464018,0.104608192857739,0.089338551398916,0.121775068460411,0,0.447553287933594,0.895233904929967
TARGET.20.PAXDGH.09A,0.0545232438488082,0.193268164559927,0.122708944059186,0.0654154110437836,0.051913646598362,0.0342801857677912,0.0598743433475402,0.0592261870452644,0.0943496009432196,0.101781300911015,0.116965748249111,0.0456932236259926,0,0.488065960969031,0.877062306389699
TARGET.20.PAURVI.09A,0.0937263924204081,0.0175887794084517,0.142031921871211,0.11329229200661,0.0625096446815716,0.193007120655217,0.00281525793343915,0.042715752535146,0.110682664376459,0.0587983637049118,0.105140478520903,0.0576913318856723,0,0.723702315207894,0.732902611091879
TARGET.20.PAUIPM.09A,0.0614567015779018,0.165280246899889,0.0752338475156645,0.160294461625923,0.0105350281751652,0,0.111316072778607,0.0339539463655678,0.0880318654119497,0.108916117062005,0.120822064473627,0.0641596481137002,0,0.586036690994664,0.829867146766206
TARGET.20.PANIDZ.09A,0.0597003638125023,0.0625862403247325,0.103943355241461,0.101426863892007,0.149491311267652,0.143930206735705,0.00770287329009558,0.0230023984636467,0.124232774241221,0.0983495215759616,0.0403521531650403,0.0852819379899742,0,0.682648427338072,0.776578727416724
TARGET.20.PAXUMB.09A,0.13713513783231,0,0.125078819314288,0.0647409741885464,0.0942222330608607,0.148209711060372,0.0261750466224438,0.0727335202344667,0.0348376103075799,0.0673735566346645,0.115523992124613,0.113969398619855,0,0.720700532454912,0.737014358241049
TARGET.20.PARXNG.09A,0.191448460908901,0.0384704564483559,0.091711631664712,0,0.0639507855596828,0.165028470789362,0.0364306532992368,0.0522803504764489,0.0912527909483277,0.0926642285949362,0.0691496590033867,0.10761251230665,0,0.746265574679747,0.716944665921112
TARGET.20.PASJGZ.09A,0.00627070134764295,0.0839981022736793,0.119268160061272,0.168382549895397,0.188986262491859,0,0.020394986238107,0,0.157837728378415,0.0469967299704715,0.0987594223838223,0.109105356959334,0,0.632884899636699,0.822624819794807
TARGET.20.PAUMMG.09A,0.0897775685992388,0,0.124042802193394,0.0965127111582148,0.0657277204143171,0.260283524927153,0.00551865566110013,0.0646734484043034,0.064384180931902,0.0433935618650814,0.114678876991117,0.0710069488541779,0,0.797320936169465,0.648056659385163
TARGET.20.PATLDB.09A,0.130020093258347,0.0650901003870091,0.0761636696931546,0.0431348134714953,0.114367208379102,0.124176529080139,0.000243486978961843,0.140271836974827,0.0610451632452076,0.0797294110861515,0.0461654198657426,0.119592267579863,0,0.683185261195279,0.768138312865054
TARGET.20.PAXEES.09A,0.0348980069982726,0.177701535323704,0.0985657253625195,0.0672456960045075,0.09665216251986,0.0276788481240224,0.0616684158847728,0.0371768706992351,0.118386213153553,0.124486090537158,0.109997627944611,0.045542807447783,0,0.544381132786729,0.851800762255355
TARGET.21.PANVPB.09A,0,0.0731953524025829,0.139267487637723,0.172338836859274,0.0513055419621787,0.00255100534181006,0.141421664696723,0,0.178925748616291,0.15583565606039,0,0.0851587064230266,0,0.534401876631039,0.862558561560689
TARGET.20.PAXHCC.09A,0.0806673242621707,0,0.170952042873086,0.13380662489575,0.0612618293540545,0.182132548415777,0.0538274110231784,0,0.0715442884501316,0.0808720157815062,0.0951006569297457,0.0698352580146006,0,0.707917960984413,0.747648787376631
TARGET.20.PATDLZ.09A,0.116511416268764,0.105113100921698,0.0650117889967511,0.0625026591238466,0.0893609994807918,0.105483927047445,0.00237830443663279,0.0521345399940472,0.1215473060338,0.0991298227856512,0.0860360308824842,0.0947901040280886,0,0.745326005960097,0.745294110365885
TARGET.20.PASSUW.09A,0.0717657591076317,0.0854460835524502,0.0684326498643109,0.0457212341244579,0.130047548868182,0.207187602330799,0.0472479626765961,0.0780340915738687,0.116098942599544,0.0650903910921972,0,0.084927734209962,0,0.810880063907661,0.66669944198387
TARGET.20.PAXCKK.09A,0.0242859295493152,0.131800256047722,0.174868656520167,0.16000690764103,0.144206404068865,0,0,0.0146038220281232,0.141770250008146,0.0637126487191386,0.109103845540876,0.0356412798766172,0,0.578042803787765,0.845051979159752
TARGET.20.PATFNK.09A,0.0935745368041303,0.0307959242570647,0.111587904309118,0.0840231281688533,0.127975371577697,0.147674002953914,0,0.0750484260351715,0.107254297805385,0.0906583069433077,0.0770216153575853,0.054386485787773,0,0.752135971575052,0.727873439817147
TARGET.20.PAWDDC.09A,0.132406556173964,0.00155181311228669,0.11442862613742,0.0964914060723659,0.0726685575561825,0.147323188978282,0.0393472632531382,0.0464208215599451,0.0773748286258484,0.0584294975936697,0.0926922134237564,0.120865227513141,0,0.681665247637896,0.766810969576279
TARGET.20.PAXKTN.09A,0.126257311541661,0.011448586841174,0.0851409236205087,0.0982710792349665,0.0825964417915569,0.157097580676156,0.0488230252321719,0.0699736636574071,0.109655837995232,0.0723301012379065,0.0661872270610359,0.0722182211102237,0,0.691601872463415,0.759527227021011
TARGET.20.PAUVMN.09A,0.113642179223672,0,0.13993495345249,0.171355698108917,0.0592956271435341,0.18155524088226,0.0290922381386444,0,0.0629255742623953,0.0729605706291865,0.0823655384798355,0.0868723796790648,0,0.740134001002657,0.727163530319387
TARGET.20.PARWCG.09A,0.0961853467312698,0,0.100693591508831,0.143803850257903,0.0831379275626244,0.187769080407932,0,0.0202768299610636,0.120894724551119,0.0654617731000472,0.0690598364611829,0.112717039458027,0,0.738957709142588,0.726664219254428
TARGET.20.PAWSJZ.09A,0.069031917686633,0.0950439248904859,0.0684895673952579,0.0765397572366342,0.0862662268192069,0.179836028541256,0.0411358183785019,0.0510432096654513,0.113027813894018,0.0766010927442912,0.0730624189589192,0.069922223789345,0,0.666809734742672,0.772339883940233
TARGET.20.PAWWRG.09A,0.136587060189715,0.0115286377697534,0.114381470299361,0.10769029389365,0.10605385621424,0.0970613337543394,0.0544091053115751,0.0377635880413991,0.0991049647327293,0.064227314004621,0.0838599342453916,0.0873324415432255,0,0.496230316862164,0.872283946134123
TARGET.20.PAEJBT.09A,0.0272655034302134,0.0349412759415372,0.103062557753292,0.0679178346556285,0.200754156748534,0.172936826406316,0.0345236764780518,0.0429923990504808,0.119342935032288,0.0952270428020013,0.034856512441231,0.0661792792604259,0,0.726496970627025,0.73795341610974
TARGET.20.PAUSTZ.09A,0.123366238967295,0.0530502366030189,0.0795764004498617,0.129106847457194,0.0836446704508929,0,0.0660401990976354,0.0726035252280665,0.077392816877296,0.0776636202595184,0.105741725556524,0.131813719052698,0,0.616313669449004,0.818709595847704
TARGET.20.PAXUVK.09A,0.062272146440744,0.125819049872821,0.0586011308019855,0.153547094387505,0.101952612626279,0.167599743462068,0,0.00575114530633835,0.0929674832923444,0.0445372371732476,0.114967488187865,0.0719848684488019,0,0.680145748516721,0.768335770913681
TARGET.20.PATPAC.09A,0.0664179617300896,0.130311542294461,0.0548577325885456,0.0658228494574439,0.0828311112959355,0.136737657176082,0.0198918945986254,0.0866524305013771,0.121934859901863,0.0935504380469523,0.0599973783863866,0.0809941440222381,0,0.610891829029354,0.811976372311884
TARGET.20.PAVMPA.09A,0.0772911156562316,0.146268961001658,0.0463463098340829,0.151796896197367,0.0632498706641115,0,0.0712864883463976,0.0230596752719265,0.0758004911020042,0.0993820995965453,0.09629176107842,0.149226331251256,0,0.625627003544973,0.81478112201639
TARGET.20.PAMVVP.09A,0.123510772773374,0.143507999148003,0.0479669839170887,0.04170669003102,0.128588085604121,0.102899323551807,0.0215221984043927,0.0794437932513247,0.106877587048666,0.0845744809929718,0.0389186924108096,0.0804833928664211,0,0.7536000835466,0.740405112560987
TARGET.20.PAWGCN.09A,0.134314805080158,0,0.0827668845242315,0.134669937259994,0.0828565607816168,0.169893218883767,0,0.0917323804251671,0.0667402339925864,0.0471766135066867,0.0769903288846262,0.112859036661166,0,0.725468610125577,0.731451793387479
TARGET.20.PAMYGX.09A,0.00348469964740318,0.0733474485791773,0.106765392349976,0.253249346732075,0.245891687166261,0,0.0830945608777013,0,0.0320023845927168,0.0706908469583673,0.0508978114558183,0.0805758216405034,0,0.571402470215924,0.846498269396418
TARGET.20.PASLDL.09A,0.177622605281871,0,0.0820280265872389,0.0851433893359946,0.12331208543449,0.14166369400702,0,0.12464237237585,0.0431259719748458,0.0554054165375886,0.038989812604175,0.128066625860927,0,0.717607775649536,0.737573573022481
TARGET.20.PAUEAN.09A,0.0442789491517863,0.0765879059213308,0.0694862034192934,0.11144525366166,0.126770288550577,0.213153218752372,0,0.0755701316941088,0.0902736494423266,0.0534289492079994,0.0784615865769058,0.0605438636216403,0,0.736454791644122,0.717037022885534
TARGET.20.PAXHGG.09A,0.0799027077520873,0.0423804017989236,0.105710573787539,0.157745066416779,0.117120284821441,0.0570200255868043,0.0708107658335208,0.0353547763939224,0.0605833953171558,0.0779558266777463,0.121469995577478,0.0739461800366024,0,0.645247034743162,0.803921750546212
TARGET.21.PARHRS.09A,0.123935614652502,0.0474782173916931,0.0655184060387005,0.0467005765615859,0.0861330617704705,0.172983757443175,0.0666086448919903,0.0904839518234261,0.0894047243961487,0.103614491947809,0,0.107138553082499,0,0.613688367790932,0.802242225188917
TARGET.20.PATELV.09A,0.108427297337424,0.0740996478052301,0.0751696631471694,0.0620574182447232,0.121088479800288,0.0764540368987577,0.0172098245420635,0.0751463306855672,0.107296595861652,0.0882930408351544,0.0947398628620322,0.100017801979939,0,0.729464083595557,0.758749211327511
TARGET.20.PATJMY.09A,0.0637903984159092,0.0385612045982976,0.121826368091464,0.0946927342163471,0.136378488064035,0.183704325318572,0,0.0395600123809338,0.0953829037861493,0.0719245315471982,0.0892020335047103,0.0649770000763825,0,0.763532570554862,0.710772951662752
TARGET.20.PATMCW.09A,0.0830398265975474,0.0780409296332548,0.107720433094063,0.0472940824604705,0.119573047052595,0.177297611320614,0.0115690404309976,0.0970444393642368,0.0731710940671547,0.0679479768062906,0.0559545917839923,0.0813469273887833,0,0.827215725865527,0.667135777639932
TARGET.20.PARBEL.09A,0.122539905317737,0,0.115818816134229,0.0406223529287042,0.152730336541736,0.160031489253078,0,0.0857818039751434,0.0963397886115814,0.104671706849939,0.039225145300403,0.0822386550874502,0,0.742965027085903,0.725648091792188
TARGET.20.PATKYC.09A,0.138929911349416,0.0204995477822745,0.0436569748554464,0.100246916097863,0.114806438676307,0.1791235901063,0.000680061983081141,0.129723975235417,0.034075804918014,0.0537531063504838,0.050829689746242,0.133673982899156,0,0.724691008702749,0.723584122624803
TARGET.21.PATHIU.09A,0.101440321655265,0,0.10456436825475,0.115604450450104,0.149862363555546,0,0.128242850502536,0.0368910216908957,0.0587556994628213,0.091907902061229,0.0156564041678911,0.197074618198962,0,0.413620295247214,0.910495782124568
TARGET.20.PARHSA.09A,0.0728585044244843,0.0476170664669386,0.0746050183191211,0.166877326191501,0.0709643721251309,0.191907547698178,0.0113784713291671,0,0.135158111642467,0.070167863286215,0.0778514789828811,0.0806142395339166,0,0.74907733036939,0.722228065711167
TARGET.20.PAWHUX.09A,0.120365410951975,0,0.0994716534199539,0.102433145690021,0.108476602630646,0.185924204525915,0.0480876021597807,0.0694015653663326,0.0276031988797174,0.0545262618411576,0.0678926501682894,0.115817704366211,0,0.738331909754368,0.717934766586327
TARGET.20.PAVWVT.09A,0.115647125520153,0,0.0833204319862433,0.217317493979385,0.0517308873134943,0.0362332795919673,0.0459867442396025,0.0420030885215244,0.0687307043606308,0.0671438535695517,0.126503966408189,0.145382424509258,0,0.654767033123106,0.794429708054834
TARGET.20.PARNNT.09A,0.0278228105704879,0.0961923337024599,0.133389343665339,0.0910116157982491,0.141872016532537,0.0331575716357849,0.0272104577251708,0.0128732511562693,0.131369864091314,0.0628817757029581,0.0970394231600693,0.145179536259361,0,0.513611405457275,0.87002004557434
TARGET.20.PASTPU.09A,0.118580035890231,0.0271367342555016,0.0992806393009275,0.0942953981916319,0.0915605766418838,0.181765004983035,0.0224162667287498,0.0138315131487581,0.102191497787869,0.0752436330188451,0.0959227288990629,0.0777759711535042,0,0.771875945708896,0.703590464080583
TARGET.20.PATGRP.09A,0.0761587064729354,0.107311252295576,0.0769542318828979,0.0858834202842831,0.0899310837113657,0.121421081881823,0.0309718087870275,0.0854149364779094,0.0813088655203364,0.0835780260408941,0.0661945276336939,0.0948720590112577,0,0.715012281851952,0.759798612458146
TARGET.20.PATJLP.09A,0.11055111240934,0.00970111156056783,0.112068779194607,0.0893941396986849,0.133810837949163,0.198484966099341,0,0.0654800697883752,0.09040525613024,0.0747144206007045,0.043856100371086,0.07153320619789,0,0.684645380505884,0.754499901182497
TARGET.20.PAVJXG.09A,0.047432527039132,0.0245312342463498,0.114720812129121,0.201116186066856,0.10541009703504,0,0.0992562677498027,0,0.148455272527975,0.0984895330591625,0.0914929252058841,0.0690951449406764,0,0.580301363212727,0.841334036344471
TARGET.20.PASGKA.09A,0.102351725910194,0.0297837130037723,0.0968995350185079,0.0467282182668517,0.0852356357924141,0.196813429438239,0.0303174769264548,0.0703199748951693,0.0874600437210553,0.0718732083210907,0.0645757359019187,0.117641302804333,0,0.667987897609059,0.764786691173445
TARGET.20.PAVKBW.09A,0.0776822143761184,0.109646716120004,0.0622026095094725,0.116458663526755,0.079603045361739,0.186849893625457,0.0310653059611532,0.0262413879507588,0.0869308221237849,0.0420248393985046,0.104900463606587,0.0763940384396667,0,0.80729549155561,0.679408970017703
TARGET.20.PAXIAZ.09A,0.0968674569959308,0.109833017043275,0.0894385927588537,0.119581384474527,0.0973784643428847,0.00565225259254507,0.0301651258533285,0.0325581444542883,0.154795951760592,0.101823909297539,0.072382957805625,0.0895227426206097,0,0.685959995805943,0.797699318635235
TARGET.20.PASBPK.09A,0.0986375072348076,0.184363927440565,0,0.0316045823184128,0.136859121335934,0.156514722388919,0.000279645695691807,0.0731322565502427,0.0866942189961295,0.103585306176997,0.0555898123209524,0.0727388995413483,0,0.652803340181053,0.77954363677033
TARGET.20.PALBXX.09A,0.1185294267195,0.0630657348466609,0.132604151828474,0.0312682946127999,0.0922301630347451,0.0197332476175403,0.0351307669605409,0.0779248514226942,0.109479547697186,0.0767844694725678,0.0784702240787455,0.164779121708546,0,0.639229848992576,0.809289201973823
TARGET.20.PAYHRE.Unsorted.09A,0.11443025613799,0.0517444167457486,0.0990762765405871,0.105640426292009,0.0849378730789446,0.163867989514307,0,0.0875577356013802,0.0882537537512978,0.056728421831955,0.0879778118132114,0.0597850386925692,0,0.800668502794436,0.689396894118669
TARGET.20.PATCLR.09A,0.0635347707464117,0.0507902445601032,0.0757885306637872,0.0823183504672134,0.220971493466764,0.20218575367111,0.0284048814171843,0.0288024335589001,0.0852139977723693,0.0922028288842529,0.0190647353307973,0.0507219794611067,0,0.742406206444544,0.713986602373723
TARGET.20.PAWUMM.09A,0.164150191649521,0.0664622268110096,0.0656217796297844,0.0890949883331132,0.0505815702465557,0.130791153393849,0.0499022417100831,0.021365435654117,0.0826391131905285,0.0706043362923751,0.103545565616913,0.105241397472151,0,0.745454392200653,0.732024793389894
TARGET.20.PAVWPW.09A,0.0796711917787462,0.0440100207846586,0.0946051430963222,0.0988871647562725,0.125968091650618,0.0738457208469245,0.090834345427587,0.0249173043991069,0.0700772154968782,0.0392864836435303,0.0428240867483141,0.215073231371041,0,0.505383350787808,0.867317630342706
TARGET.20.PATDHA.09A,0.0652184609472718,0.124284709898984,0.0718274398824041,0.0568348702547853,0.113515560564225,0.191036434270726,0,0.075979004575035,0.0929396672376405,0.0420584949466306,0.0654857997561619,0.100819557666136,0,0.707198940282767,0.743210103657456
TARGET.20.PASMYS.09A,0.0935280717689407,0.0709894631527201,0.0716340612302376,0.105477491281074,0.11421504549246,0.154151701581501,0.0342219459498238,0.0649710041247626,0.0874315237518325,0.0610942692761072,0.0684593588176871,0.073826063572854,0,0.7313140914435,0.740005386448951
TARGET.20.PAXKEZ.09A,0.0868294992536974,0.00936500202769307,0.120446606995761,0.0784296746087078,0.11310025998209,0.17502659873198,0.0439614988051544,0.0807286866993398,0.0660215717504169,0.0428270635467172,0.104309609397245,0.0789539282011968,0,0.765722576503932,0.703610081598366
TARGET.20.PAXHLD.09A,0.0717659734102052,0.0389188616285336,0.105919827896066,0.113642365810341,0.145022517190198,0.0743988876643432,0.0207174531780342,0,0.212320065922758,0.0734871445235878,0.067917737135246,0.0758891656406864,0,0.635770122533591,0.814584112633273
TARGET.20.PAWLTG.09A,0.10572128398633,0.0257108841183425,0.151086610808845,0.122040698415743,0.10465771765082,0.0200772713175182,0.0395750337449277,0.0527415162975932,0.1160572960403,0.0598468227243734,0.0974680270748994,0.105016837820308,0,0.667404678977685,0.802877952860205
TARGET.20.PAVWNG.09A,0.116205866276288,0.0151507946053464,0.118718448882608,0.110540510879212,0.0996082567545384,0.157489358957769,0.00727676256674674,0.103121118877393,0.0439957951939184,0.0390577990344924,0.108159644407576,0.080675643564111,0,0.809627016297843,0.678473157483797
TARGET.20.PAVHTL.09A,0.0327752978379758,0.0415479803504767,0.144643592621254,0.132952015968886,0.0892044567834699,0.123446123674185,0.0680652680191367,0,0.160752942010068,0.0781386753828947,0.0668653379825441,0.0616083093691103,0,0.665028111660072,0.793152278947816
TARGET.20.PAWCBZ.09A,0.12091714159487,0,0.11319030030771,0.106407162143027,0.0351423697783046,0.170388431725621,0.0407354911197986,0.0431656392724451,0.0773471904798795,0.0670073639414172,0.126702384664876,0.0989965249720512,0,0.701510809688164,0.746579006851372
TARGET.20.PAKIWK.09A,0.0612845410931256,0.078266250955762,0.124468964792573,0.067237877197568,0.12244906017428,0.114086800931634,0,0,0.120455966907436,0.040928305304127,0.071701380796213,0.199120851847281,0,0.582009449729877,0.828980119789947
TARGET.20.PANISJ.09A,0.0563907117028695,0.0745817066777046,0.0560472089000985,0.134222244659485,0.148482887018297,0.173732289479652,0,0.0387376063059496,0.0735875553427043,0.0506225791076274,0.0721436017632822,0.121451609042331,0,0.657294611045276,0.778907399497789
TARGET.20.PAUZYF.09A,0.0307730713001045,0.084932023363119,0.11464600131403,0.0818058548509494,0.142960731763236,0.23309256492316,0,0.0379264442064324,0.100815668584575,0.0313529606244966,0.0748148031226266,0.0668798759472706,0,0.760830487119902,0.695164119348493
TARGET.20.PAVLWV.09A,0.101729152908934,0.0637377140449827,0.0835363228120304,0.0631510949344348,0.11537456606,0.150569845383826,0.0430203840964457,0.0328966661158707,0.102755648716501,0.0816235056265061,0.0807506098794333,0.0808544894210354,0,0.708909039479211,0.753624001637165
TARGET.20.PAUZAM.09A,0.0643409306769088,0.11527536725408,0.0621174188652561,0.210398330774752,0.051825189530189,0,0.0290259245628795,0.0261973988936505,0.0694182754479293,0.171264564249638,0.0904251133988537,0.109711486345863,0,0.593339104808276,0.830196058200173
TARGET.20.PALFZW.09A,0.10244379789398,0.13357668820822,0.0460657111403237,0.0409189653972201,0.122236228560381,0.0989838064209485,0.0161054409947099,0.0521135682217746,0.119734009326943,0.0978175895311498,0.0865583624993132,0.0834458318050363,0,0.598283251713231,0.822044367960284
TARGET.20.PALFVW.09A,0.104135123445314,0.0653229241713354,0.106990185237122,0.094112601967668,0.0940919558172223,0.101639437469479,0.0108717884009789,0.0674634240201439,0.0748312050766328,0.114439186286827,0.0823310066961112,0.0837711614111655,0,0.704677770567246,0.7690130168252
TARGET.20.PAUVPP.09A,0.0574442840235975,0.0831981734583127,0.106253834539245,0.123624408160648,0.0996682269387709,0.0499633664076599,0.0569364354734726,0,0.0840097344451704,0.0393965807486148,0.0705463241197174,0.228958631684791,0,0.432331363611404,0.902324812735553
TARGET.20.PAXHWI.09A,0.0676861756065203,0.0321271422599958,0.0965454727688772,0.127858977524918,0.0914009583862748,0.18764343467001,0.0306125609319471,0.0275905934819311,0.10226552768578,0.0673442561650021,0.0808055525351458,0.0881193479835985,0,0.762568367276261,0.712282599766249
TARGET.20.PAVGDM.09A,0.116419256280554,0.0331029039729796,0.0704357586769302,0.1252882143858,0.0723663576506066,0.122228431254556,0.0583289686517343,0.0545433269858705,0.102075644667555,0.0758423319609387,0.0860331367651301,0.0833356687473454,0,0.706544682880794,0.760427871656561
TARGET.20.PAUUHV.09A,0.113951870569739,0.123352163303879,0.0175744828101504,0.0798678483455795,0.0581621960708117,0.134852987781569,0.0315574565791557,0.0504600477411252,0.0876205491775549,0.0707516718010497,0.0944733671335259,0.137375358685859,0,0.455541100424042,0.890027967874174
TARGET.20.PATBUR.09A,0.157727152974382,0.0104099021535798,0.0761312702335819,0.0991476498142369,0.103446044104896,0.161155061769755,0.018541208415375,0.080489694519793,0.07534996005955,0.058927835499098,0.0652611489137807,0.0934130715419717,0,0.697741686623741,0.751138059611069
TARGET.20.PAUTKL.09A,0.0967630032721402,0.103848116733155,0.0634182428288265,0.0741464797077251,0.135638770191285,0.146330695613739,0.00517923221850115,0.0868879737986678,0.0833389618634071,0.0826357895386035,0.0474166007538248,0.0743961334801249,0,0.65330421235705,0.786056762544992
TARGET.20.PAXBLX.09A,0.100529965969245,0.0863860795940699,0.0738914739225012,0.117614022723411,0.0630761875650016,0.0944046373651431,0.0238271876288859,0.0658621411362908,0.0579711802991274,0.100405920841649,0.10118517523425,0.114846027720425,0,0.603384207019969,0.81962189862572
TARGET.20.PAVCJB.09A,0.11118616000018,0.0276699869644522,0.118167809604544,0.0901969418807,0.0891968707344174,0.145807221129668,0.0285639467068743,0.0322230795737861,0.10380818327468,0.0685447375714742,0.108253645067192,0.0763814174920329,0,0.753372155047743,0.727774378484673
TARGET.20.PAMYMA.09A,0.110048020466402,0.0969126651793719,0.0654590781781742,0.0813647626529577,0.088195008961578,0.0620976114400263,0.00877878898462256,0.056044464475555,0.101641462753484,0.119097951400216,0.077402272634799,0.132957912872814,0,0.643989538174831,0.805371140929046
TARGET.20.PAWYTW.09A,0.104739312443321,0.0369406702831782,0.0817381437332947,0.113290818821632,0.0542115214355143,0.199702194747606,0.00526581778354306,0.0715875782893343,0.0561420797145046,0.0807624615132342,0.109947321435957,0.0856720797988816,0,0.720291067483668,0.727648047359261
TARGET.20.PAWTGF.09A,0.118385094265843,0.0705160166030709,0.0803568778718399,0.0980244834423683,0.0412429158531793,0.182250899804597,0.0250857370524856,0.0472714580042563,0.081318188836011,0.0791746788399178,0.0772870743263001,0.0990865751001307,0,0.769200923818698,0.706053186609632
TARGET.20.PAYHGK.Unsorted.09A,0.130085313333807,0.00523385917984987,0.0888565864207848,0.0853179948132646,0.0796951235921935,0.151330824142245,0.0445054828121515,0.074381167179714,0.0813045842497508,0.0757858962750803,0.0907420769777526,0.0927610910234061,0,0.750885979649226,0.720409004422315
TARGET.20.PAXACP.09A,0.106067510387839,0.0629371729317527,0.139795162512737,0.112069577392871,0.117231466906216,0.0101553734853583,0.0194338716939087,0.000926858274161521,0.145230783015255,0.0975798624779826,0.102468765979363,0.0861035949425553,0,0.547210249551325,0.857184396123033
TARGET.20.PAWLAJ.09A,0.075419535570929,0.132406420778506,0.0759639614196071,0.0633256651571321,0.05716872103021,0.186776543492829,0.00352854781895359,0.048206285571539,0.131276103661209,0.108571668791434,0.06438703131221,0.052969515395442,0,0.62841700265422,0.79425845574443
TARGET.20.PASTSH.09A,0.133012559651838,0.0083097627261736,0.117498688594708,0.0676098661333935,0.108181818648385,0.145985565834648,0.00605213290235842,0.063677600060757,0.0798268806441484,0.126672965996139,0.0478091944220151,0.0953629643854369,0,0.743815792143998,0.731982259479965
TARGET.20.PAWSCV.09A,0.117197447270991,0.0213063837007765,0.0882093553469243,0.112952930162959,0.0204740994355434,0.200032337892299,0.0315324418248275,0.0776374811803644,0.0905798672005704,0.0586108539256763,0.0493937562648627,0.132073045794206,0,0.796275345160737,0.677602483799456
TARGET.20.PARYTI.09A,0.0289035515861478,0.150329132515147,0.0656862045606182,0.101786514840194,0.136474164055281,0.149232789750525,0.00356954685254119,0.0665394555590271,0.108797512148373,0.0865203654552704,0.041939408595782,0.0602213540810929,0,0.81526634946062,0.69557056788191
TARGET.20.PAWWXU.09A,0.135445801906824,0,0.116367201861185,0.11723690841352,0.100193367163904,0.157162802858886,0.0333280267786309,0.0883087347366949,0.0361716149076555,0.0363138017778493,0.091009206945966,0.0884625326488847,0,0.666185892743059,0.770729658990174
TARGET.20.PAVSFB.09A,0.130032881360442,0.0257053582578405,0.0803457176524062,0.10892166674855,0.0194988790058955,0.16672050698511,0.0381440154068465,0.0674797818057901,0.0820861614841858,0.0772477005709858,0.124787888914475,0.0790294418074716,0,0.71558250653886,0.736191036354056
TARGET.20.PAXMCV.09A,0.141683671548255,0,0.0737305853325998,0.125901445499563,0.120339827928092,0.151952589119734,0.0140061289151569,0.096934006015121,0.0656370609356171,0.0501053059403816,0.0496569513516445,0.110052427413836,0,0.667546148004592,0.771647559096745
TARGET.20.PAVNHD.09A,0.0897456347485135,0,0.151071485224269,0.0866935979299056,0.107464815469801,0.155842181904642,0.00491133685297735,0.0680308211587264,0.0685036207193855,0.0890524750389528,0.103572572189708,0.0751114587631187,0,0.791666021919657,0.697249815749265
TARGET.20.PASHYY.09A,0.0459145138910182,0.13337282309935,0.130335867445056,0.131686663193528,0.127493627114359,0.0251016015801689,0,0.02064593465832,0.166876883915201,0.0747787466657779,0.101330725498913,0.0424626129383072,0,0.574783333682791,0.845619496137072
TARGET.20.PAURWH.09A,0.0668180867417405,0.0950397670867855,0.0524499954249469,0.0911016995069489,0.131959185107676,0.172295360161956,0.0230726839620438,0.074893192800413,0.0945729890608578,0.0929809808342573,0.0406836852189339,0.0641323740934405,0,0.819868102284489,0.677252203053596
TARGET.20.PAWKGX.09A,0.136978065927344,0,0.0893000168865202,0.0886527822237326,0.0636498389962248,0.156434773320588,0.0539157508477356,0.0605179878607256,0.0771053675737557,0.071164809188189,0.0879976245025507,0.114282982672634,0,0.734763806422257,0.729059713464681
TARGET.20.PAUVYC.09A,0.0780409045650383,0.0943072850325107,0.0995635799750598,0.0502955406900127,0.0710925453241989,0.152639958525208,0.0230762551161278,0.104504438357733,0.078870359453437,0.0695704997023301,0.0724992438386511,0.105539389419693,0,0.692148294850659,0.761773948660958
TARGET.20.PAWMSW.09A,0.075306847907194,0.0120769077911921,0.118448493629567,0.161530252021012,0.0451484487683833,0.119279389303959,0.0658508915379097,0,0.116939627809231,0.0549496750962093,0.0574892788083079,0.172980187327036,0,0.422735588893991,0.906030566759547
TARGET.20.PAYLEK.Sorted.CD34neg.Myeloid.Mono.09A,0.0790250032787069,0.0349858060504692,0.093860551542588,0.0868531470455639,0.0898783743924517,0.149130009324422,0.0390098883065163,0.0718781522552574,0.140359659644822,0.0733960540484569,0.0855972266203346,0.0560261274904107,0,0.612831305830567,0.807724462309384
TARGET.20.PAVIDJ.09A,0.0714799097817271,0.0412253063199212,0.178418380115021,0.180423327115126,0.0885200055124704,0.0330633476110517,0.052998993923664,0,0.0924157521173884,0.0621576681694957,0.146407168356118,0.0528901409780164,0,0.513774014501838,0.867709214986962
TARGET.20.PATJWN.09A,0.0603848421470518,0.0133507115983859,0.133033456213051,0.14206074609197,0.136861940124475,0.110861031281546,0.0509118113244997,0,0.130483884229684,0.0817867656303998,0.072418875828168,0.0678459355307699,0,0.632726984127218,0.809635245824351
TARGET.20.PAUZPA.09A,0.0769639737512748,0.0105116659210173,0.0952865236427776,0.142861235870319,0.109066404696261,0.103785381333711,0.0730767748175973,0,0.075047222424754,0.0357226162244108,0.077903112274039,0.199775089043839,0,0.586186202138458,0.825631584844672
TARGET.20.PARCCH.09A,0.0606010569734446,0.034828198096433,0.139705029552125,0.103496582077491,0.107657987573972,0,0.11399376535149,0,0.156917551386312,0.100084361782454,0.131548440627538,0.0511670265787396,0,0.490045957524705,0.876469490717907
TARGET.20.PAVDAB.09A,0.118130276361288,0,0.11081659449858,0.0854377550149566,0.120230465900717,0.203753057042735,0.0300424962808669,0.0531001519114597,0.0755027894966591,0.0631875218494298,0.0691032830109502,0.0706956086323572,0,0.697167490337172,0.743336313985622
TARGET.20.PAXDXW.09A,0.0346909458208932,0.039546140759145,0.189727306600421,0.162555223690131,0.151665048031838,0.0275142041266632,0.0707031419342714,0,0.0845280409998058,0.0510566654627862,0.114797891827692,0.0732153907463533,0,0.58421222530891,0.840668584880796
TARGET.20.PARFVC.09A,0,0.131570169702286,0.129937422884104,0.103321779305323,0.201582550549651,0.02253281136399,0.052021220657369,0.0337325355080649,0.117097151378277,0.122107706014725,0.0434722648265421,0.0426243878096675,0,0.462636122590497,0.892504913231717
TARGET.20.PASUMD.09A,0.0990276431259399,0,0.135276381932398,0.0986862433586778,0.11516440278355,0.181896769489224,0.0057142211976077,0.0612913339607779,0.0911449239235997,0.0578554311299929,0.0793161550102358,0.0746264940879967,0,0.809971798886991,0.677403840534318
TARGET.20.PANLLX.09A,0.0149368584224166,0.0762560186154479,0.165571050706425,0.148006474131308,0.152551692538718,0.0292911054724349,0,0.0371144965759848,0.129064913405382,0.144825560977488,0.0394493794544302,0.0629324496999642,0,0.608015201780075,0.833922462956085
TARGET.20.PAXLYJ.09A,0.131444404369472,0.0888462246111546,0.0601573911461275,0.183046034936379,0.0640158607967978,0.00164348548541629,0.0685759519999855,0.0516296784874745,0.0628394040790484,0.0998312438701984,0.0906812265037036,0.0972890937142421,0,0.591045414756828,0.832272378175918
TARGET.20.PARGXP.09A,0.0697435358278164,0.115892194513248,0.0938658551059426,0.0576179275546761,0.101943447247372,0.13812741042817,0.0170234076814516,0.0585216553468747,0.119602752654353,0.0771696054135616,0.087256437880208,0.0632357703463251,0,0.778117073133691,0.718806445124
TARGET.20.PARSFK.09A,0.116128338587572,0.0290044396331904,0.100549438296808,0.0977293732629203,0.068361305404769,0.184578695512999,0.0456918045267313,0.037126232775432,0.0858547943317059,0.0704537444669434,0.0988328162763142,0.0656890169246141,0,0.751773267647276,0.713448173797998
TARGET.20.PASSNX.09A,0,0.102326305459542,0.0834336266906762,0.195502990677422,0.134300039805505,0.0300107467022795,0.0300209239187548,0,0.0875809411211173,0.0764992398432154,0.0757244261884567,0.184600759593031,0,0.599428241896279,0.829799791206062
TARGET.20.PAVNNA.09A,0.129371450634334,0.00356142342800359,0.100610359760112,0.0882289480002391,0.0737478383143981,0.154682309075131,0.0344903366356702,0.0811296708180524,0.0595306519933837,0.048923877363172,0.098157386930823,0.127565747046681,0,0.727535141278128,0.732788676035304
TARGET.20.PASRZX.09A,0.169990328147484,0.0618000507300173,0.0689877856492289,0.0942820787458787,0.0677032847205385,0.129874394970006,0.041217173264023,0.0824128687009145,0.0403961698000351,0.0929096344395019,0.0638944566819576,0.086531774150415,0,0.713471656081442,0.749293889094889
TARGET.20.PASZLJ.09A,0.151149480084884,0,0.0546086029874254,0.184467914027618,0.0373515600684556,0.109303048625632,0.0782078599772425,0.0121987100983002,0.0437653235509128,0.084651458092193,0.0917673952299039,0.152528647257432,0,0.536865026190007,0.848727610055575
TARGET.20.PAXDVZ.09A,0.121200102579198,0,0.150448753162135,0.0824080575125109,0.0638564984175773,0.193860155993273,0.0300112496206433,0.0687945071691462,0.0628321894717206,0.062297511116593,0.105648293340729,0.0586426816164734,0,0.674248225179016,0.759139861515433
TARGET.20.PAPVET.09A,0.0384763844437703,0.199171107761035,0.0474921807081553,0.0489693486052875,0.0802192883627828,0.138949942257963,0.0245743575100708,0.0476290538167706,0.13948139768065,0.110131757632399,0.0680918420130392,0.0568133392080778,0,0.630224606437907,0.800109665937306
TARGET.20.PAXJPZ.09A,0.116698219287958,0.038217012047482,0.106742212016839,0.150383860496021,0.0736889304709454,0.0578207564451111,0.0391543893643707,0.0537353429920794,0.0361315275787456,0.0863920243710703,0.142674419099023,0.0983613058303547,0,0.645919427770393,0.797963860665554
TARGET.20.PAYFYN.09A,0.125448271246352,0.0461676311124138,0.0834805954500757,0.0540816487000284,0.0866938133943856,0.134423501392953,0.0225156858741607,0.0766622786629221,0.0757107709064878,0.0761758562447748,0.104215162385846,0.1144247846296,0,0.668679614656025,0.774852429960078
TARGET.20.PAWBSF.09A,0.0635611214580603,0.100346775303429,0.0423070019700977,0.25147407126482,0.0583621686302576,0,0.0562340251893251,0,0.0738719530582466,0.102519046167486,0.129312117864838,0.12201171909344,0,0.617602982526061,0.816872704163369
TARGET.20.PARURW.09A,0.0517916895256896,0,0.0931114204684808,0.070827581766351,0.244425732031144,0.195472724817435,0.0097217891054284,0.0336489353214578,0.100888045042795,0.0929116921290198,0.0260367323895275,0.0811636574026708,0,0.737318828736839,0.71851927491095
TARGET.20.PAUZTH.09A,0.129922701844193,0.0258723563981517,0.067033775588119,0.127240754757222,0.0828129988389148,0.142731840032858,0.0413188323747642,0.0650923538365902,0.0697426202652445,0.0622795199681043,0.0805258688897883,0.10542637720605,0,0.646851286715821,0.78761914814381
TARGET.20.PASIXF.09A,0.0501491818420215,0.0254132311080712,0.156934462304709,0.169738249386237,0.168822571437774,0.0871162378107059,0.0337308745585387,0.00607287687991856,0.139575612259934,0.0613689340600822,0.0577688101688025,0.043308958183206,0,0.528109690157391,0.862564434328643
TARGET.20.PAVDGM.09A,0.0428524143502765,0,0.141693198472042,0.152283660867456,0.0694551064939496,0.0442972155618645,0.116838784096464,0,0.0851142154570567,0.058046081882711,0.0580025604031364,0.231416762415043,0,0.478867756414118,0.880601000484149
TARGET.20.PASSVI.09A,0.137370680421392,0.0560063163877624,0.0316094152269967,0.143485154759278,0.0922229618875297,0.143634452898123,0.000569683313167147,0.0857054331727566,0.0787273911869695,0.0705754810080697,0.0806951993997052,0.0793978303382501,0,0.678560301733002,0.767963785822083
TARGET.20.PAWDEG.09A,0.079481130162711,0.0179831831626173,0.149580017399996,0.147906704108174,0.0990683197587769,0.0256385268164141,0.0464805880531733,0,0.137515340700729,0.106066678162724,0.121651423554125,0.0686280881205588,0,0.611895759319534,0.824983290017809
TARGET.20.PAVALK.09A,0,0.150250872764948,0.0610603019782933,0.241019934390396,0.0608747480238816,0.00831465824988862,0.0544637494799558,0,0.0666220288723497,0.149824465664266,0.111295572315183,0.0962736682608378,0,0.462654172435294,0.888650772267546
TARGET.20.PAVZYI.09A,0.0900656700925252,0.0620193085017509,0.041239568839015,0.173914087386801,0.0422629698958477,0.0199045786556263,0.0451550600896189,0.0321306244699298,0.112894961051746,0.131255033053803,0.0735691046012639,0.175589033362072,0,0.608088637084006,0.821550010097165
TARGET.21.PASIGA.09A,0,0.132805109556045,0.0432893300372534,0.172519031345127,0.0448036642117622,0.0385136651025709,0.133618833502317,0,0.067643437163873,0.0994180562888097,0.0636044050780762,0.203784467714166,0,0.534988901722669,0.85322864043875
TARGET.20.PAREFM.09A,0.0512721431217373,0.24890563431814,0,0.0462798853569931,0.150229654399781,0.137556402515839,0.0315784272933315,0.0837089056919851,0.0769630771022781,0.120359775239604,0.0173811094278609,0.0357649855324497,0,0.733537698014588,0.734176539430204
TARGET.20.PAYLEK.Sorted.CD34neg.Lymphoid.09A,0,0.0141388603939371,0.193624573031243,0.235271683335687,0.199682145760826,0.00241638158921831,0.0126732593943333,0,0.156136959681506,0.0576218935113351,0.0582030337813109,0.0702312095206029,0,0.44819111731048,0.899287433972288
TARGET.20.PAYEKY.09A,0.10634755814714,0.0184503771952556,0.119245969899086,0.13849673785612,0.110055479101318,0,0.0718540749015027,0.0477429804045463,0.105638942136598,0.0856044292482187,0.102848194328374,0.0937152567818408,0,0.623838435881718,0.819983414854238
TARGET.20.PAXJXC.09A,0.0237654488183336,0.13676987174953,0.147297799633919,0.134249001621635,0.0897022381559216,0.0231486698024802,0.0500316514624875,0.0140111548903793,0.112904293932495,0.0898642863580261,0.139194502723309,0.039061080851483,0,0.546248709380138,0.852986380432006
TARGET.20.PATCPY.09A,0.0755403488064107,0.0560684917897811,0.161778244100073,0.103704175937829,0.0603855854031405,0.0834604410726765,0.0385582905444441,0.0521739777303433,0.0798839433363406,0.0828961419602579,0.146101982524031,0.0594483767946725,0,0.589546319784864,0.826435945736351
TARGET.20.PASWVH.09A,0.165822339338734,0.0130199765910915,0.0498122194811688,0.045621015379283,0.11016377713671,0.127290609141761,0.0240658788548697,0.150219018841098,0,0.0181078395916346,0.0107641591850335,0.285113166458615,0,0.394649826877376,0.93191618529586
TARGET.20.PARKLC.09A,0,0,0.199472951551117,0.129900198874831,0.217900583840161,0,0.0696918191638095,0,0.109812495939209,0.0413719781009562,0.0776395050867553,0.154210467443162,0,0.486080671804705,0.881924736756069
TARGET.20.PAUYRR.09A,0.0725640438239359,0.136819334758881,0.0990552165802547,0.0779744676639071,0.108062850725072,0.0553722973802578,0.0295179566801339,0.0614149785255652,0.116545140764784,0.0770665809148104,0.118046549333352,0.0475605828490462,0,0.5985798918977,0.827719450165779
TARGET.20.PAWNHW.09A,0.0707088631656395,0.076472440832542,0.0692296883401905,0.0931654418623196,0.117703674875108,0.192877231296051,0.0424609238305925,0.0792990188317024,0.0650716937305538,0.0592513568463778,0.044070738135776,0.0896889282531475,0,0.820682039531866,0.66574850089652
TARGET.20.PAVKFD.09A,0.128588229025946,0,0.125310740276782,0.0986468575169121,0.10293186622827,0.163931603938195,0.0361849631136737,0.0807328294554394,0.0314039822196291,0.0546589602716416,0.0764880594504026,0.101121908503109,0,0.745497468728187,0.720624745742418
TARGET.20.PAWVLI.09A,0.110272910231265,0,0.138797700198881,0.131021710233791,0.077463777966991,0.213534049797492,0.00135913167556624,0.0295295013102332,0.03904103657958,0.0800446178525034,0.079626544279028,0.0993090198746683,0,0.766020923104772,0.695497063806222
TARGET.20.PAWUKE.09A,0.0745507823346296,0.0884828162890997,0.126395083489103,0.107610530351897,0.0984585899562797,0.0310179227068545,0.041505482982335,0.0397554240242438,0.124772886878019,0.0846812699296281,0.114699604168868,0.0680696068890424,0,0.680114178797991,0.795054882647157
TARGET.20.PAXKTY.09A,0.116960941312701,0.0609318437134689,0.0887383252707985,0.194771661181342,0.0747731189934085,0,0.00927905094548691,0.0610459194095525,0.098022326640256,0.0756775022948304,0.108689733471516,0.111109576766639,0,0.64688576932361,0.808478593283638
TARGET.20.PAVBEM.09A,0.0981696758683487,0,0.134163638912233,0.0979211977228043,0.108138642259939,0.219843982979473,0,0.0651926590011313,0.069621958934881,0.0806353384175746,0.0771245727729961,0.0491883331306198,0,0.803939020132187,0.661578436537584
TARGET.20.PAYLEK.Unsorted.09A,0.0698557604575752,0.0140920600886664,0.162648121677581,0.157512929474764,0.11475273676495,0.0333652909157867,0.0201755286135456,0.0266688890047914,0.14647204927988,0.094038012309623,0.107389401931587,0.0530292194812499,0,0.64965990780593,0.810317221361746
TARGET.20.PATHMB.09A,0.090495547552578,0.0988749444772982,0.0818546234918739,0.0430053729950521,0.118675150949408,0.128143129147298,0.0199344957355991,0.104154317265108,0.0976740538044673,0.072499941097525,0.0691020881259238,0.0755863353578694,0,0.762559818607635,0.726862549596017
TARGET.20.PAUUKK.09A,0.137034004193277,0,0.0274068978450248,0.15106362759131,0.0968932226043902,0.157042688994459,0.0518777478287901,0.0821483334482795,0.0741259120989169,0.0517494507845764,0.058132859409949,0.112525255201027,0,0.731730106436629,0.729109352214175
TARGET.20.PAVBVA.09A,0.0733752395761349,0.107803613010746,0.127684954528764,0.0688428633083288,0.0983951185710467,0,0.0668312899541508,0.0418578519966386,0.116099593622287,0.11679485177771,0.104465760137851,0.0778488635163416,0,0.669667732014806,0.79818090535385
TARGET.20.PAYGWX.Sorted.leukemic.09A,0,0.088628077223742,0.0798043839573635,0.233301623145927,0.145476370257721,0.0116130892593403,0.0364828037314042,0,0.145433425265833,0.0966793346615759,0.0640132667703345,0.0985676257267589,0,0.537546796089068,0.862438854946819
TARGET.20.PAVPED.09A,0,0,0.182375905733385,0.281820717669804,0.112008804411282,0.0142843598536416,0.0715914062586408,0,0.0576675857997023,0.0475919682236986,0.064109124520516,0.16855012752933,0,0.41308682799933,0.910774630869722
TARGET.20.PAUKDH.09A,0.108345328072321,0.00166211123099648,0.138193267605861,0.110158068874952,0.0837671339095601,0.202351239304473,0.014925277433202,0.043649278455227,0.0931885899331166,0.0764595687244918,0.0687234093128326,0.0585767271429665,0,0.770954116251154,0.697551719538908
TARGET.20.PAXLNX.09A,0.0293853832909188,0.0388798141086956,0.158106512139786,0.160696034050494,0.108591785084135,0,0.0355751707668041,0,0.169871995730212,0.0722520553932769,0.0778594702643862,0.148781779171292,0,0.516641319300157,0.870148009175938
TARGET.20.PAUFUB.09A,0.0825578752592398,0.0725360250504434,0.0779778218121048,0.0866269405197849,0.0905502893131733,0.128176801222808,0.0311601425077732,0.103823222074549,0.075271715960515,0.0805736523938985,0.0563362267272412,0.114409287158469,0,0.614944637501647,0.810260707884229
TARGET.20.PAUHDR.09A,0.047239732591829,0.0815484929103359,0.0920720833541979,0.118753061992421,0.127865797661905,0.18985699888397,0,0.0797738976964846,0.0805592143100081,0.0674297557132711,0.0696335946688534,0.0452673702167241,0,0.684786629032957,0.758867414383673
TARGET.20.PARZHT.09A,0.0969243172863792,0.125759478424869,0.0130987653174562,0.0537353574592862,0.148841604943005,0.178778094228852,0.00186759906392595,0.0868125617072466,0.0672491452339064,0.0807695588527247,0,0.14616351748235,0,0.751207867497249,0.71102582465077
TARGET.20.PAUMUZ.09A,0.0679408958820798,0.145262202635448,0.071413553819996,0.0582813464146829,0.068779889172999,0.0906606673827816,0.0399439256766215,0.0429864075900482,0.100278591982,0.0965727970079073,0.102067561347538,0.115812161087898,0,0.55505739302804,0.844355542429858
TARGET.20.PAXLXI.09A,0.139548228957116,0.0403039656155774,0.0900060324536282,0.0381114537378618,0.0606735888791052,0.198610976854899,0.0632789500143915,0.0391864324887258,0.0740554276372766,0.0603299647225184,0.0731341880158476,0.122760790623052,0,0.668457780947509,0.762574538893797
TARGET.20.PAVPZJ.09A,0.118975575381504,0,0.13097269155147,0.103008608771665,0.0847446093307336,0.189608657608072,0.0482841537801748,0.0080969360807324,0.0679810052665189,0.0549143316247671,0.0885537534789595,0.104859677125402,0,0.796634837569346,0.682823014005091
TARGET.20.PAWLRX.09A,0.00944517942815906,0.0956315577775384,0.139178331284217,0.0801269710648641,0.0845103879242632,0.0113592379994929,0.0858377861203971,0,0.0885277847054182,0.0857633204129175,0.171105444275359,0.148513999007374,0,0.579118253025933,0.830708779684593
TARGET.20.PAUNHG.09A,0.102555396296073,0.0398761875635331,0.109173324679741,0.0886715669938732,0.139641580587904,0.136335441903429,0.018198160616231,0.0120328429589464,0.0578113081383667,0.0551726593100509,0.0837088686470751,0.156822662304777,0,0.731382438261597,0.742658674890218
TARGET.20.PARTYK.09A,0.160488618181877,0.0112781562909896,0.0753734776000362,0.104185935087653,0.136275527765952,0.134770772068633,0.0315004370850461,0.0367890307174287,0.0889811661893,0.107262765455359,0.0100701645433164,0.10302394901441,0,0.662717167219714,0.781627647721667
TARGET.20.PAXBZH.09A,0.0967272600795262,0.0785670472480661,0.0957921933171069,0.0929013016510665,0.149288826708084,0.121230669156489,0.0197376711125601,0.0519972845700674,0.0776627202013378,0.059199788615301,0.115699616735247,0.0411956206051482,0,0.736752099105546,0.742154728583646
TARGET.20.PAWCKH.09A,0.0912205801757382,0,0.145217454277472,0.174576260394199,0.0347098507032651,0.212525868972458,0.0241206607681432,0,0.0406291714986076,0.0984020905053452,0.0806366078350378,0.0979614548697339,0,0.714465415515016,0.734763225069056
TARGET.20.PASKAS.09A,0.192355117511335,0.06047045335369,0.0489257366675072,0.0231657218455304,0.0974428331167734,0.19800854245777,0.0302864498096191,0.0608208865191427,0.0936681526109179,0.0548032936814586,0.0180691672384228,0.121983645187833,0,0.611095279513233,0.797329335784478
TARGET.20.PANZXI.09A,0.0588447056460099,0.0226433393091751,0.0309918442966791,0.0969676290752931,0.197206115137812,0.298566634968246,0,0.0234213062044957,0.103850636085731,0.0713920562871707,0.01250325461481,0.0836124783745771,0,0.799250615881576,0.631644454095439
TARGET.20.PANVGE.09A,0.0830128401500878,0.175434332836073,0.0208203083385265,0,0.213133720771327,0.202113293489545,0,0.130697558878716,0.0199739522801332,0.0652129857201287,0.0412608109416911,0.0483401965937721,0,0.749740087500004,0.695481254892887
TARGET.20.PAYFZE.09A,0.119131849688289,0.0142375993315127,0.0572253420591483,0.110252566207307,0.0769156276378485,0.114851947500999,0.0419373351255976,0.0751975170778425,0.0671525235119227,0.0724476424181188,0.101188363960778,0.149461685480636,0,0.693460240423576,0.761856161179912
TARGET.20.PAUZMH.09A,0.0263947337570175,0.192946576671776,0.0692615158890347,0.0890815780040266,0.138059499785739,0,0.0379783561058776,0.0345132486918562,0.100143164529489,0.151003247500658,0.0943922548984527,0.0662258241660726,0,0.56601149081686,0.843121225590893
TARGET.20.PAELYU.09A,0.135272101561209,0.031608732792254,0.0613826175628118,0.0656600230267498,0.0997368447646279,0.126941614536719,0.0134812943091917,0.0602692410633162,0.119340754926486,0.0900726746346218,0.0939893954632987,0.102244705358713,0,0.789758525317549,0.705893147113313
TARGET.20.PAWPLE.09A,0.0353485801035266,0,0.138857478255972,0.243701381708083,0.129386085313238,0.0284698880076313,0.0870613040504966,0,0.0362109363010726,0.0383341491786815,0.112050142600601,0.150580054480697,0,0.527920798822929,0.859967169842193
TARGET.20.PATIAB.09A,0.135178142166961,0.0485311166102365,0.0978726409674259,0.045085438523067,0.0808847812258318,0.145143874616179,0,0.0757464281948237,0.0974115447537284,0.0819278924159076,0.103428855047926,0.0887892854779132,0,0.753777965505001,0.722195819077466
TARGET.20.PASUUD.09A,0.0467991145780908,0.209351737744879,0.0742393054687455,0.0568366423453628,0.118806202513364,0.129830539332749,0.00283774463685584,0.0767942392029718,0.0936050383697667,0.0996607139123724,0.0398786182060692,0.051360103688772,0,0.698640588538528,0.765653765351094
TARGET.20.PAKFXY.09A,0.0752624822777129,0.112932301446935,0.126658143947899,0.0549498613920319,0.136561200008572,0.0921187481912876,0,0.0637164772741239,0.0802997478560015,0.102183222058439,0.0911367278670241,0.0641810876799736,0,0.636523743422698,0.806482107530688
TARGET.20.PAWKRF.09A,0.155717874748898,0,0.0831670278856131,0.174135315411117,0.0382450508941202,0.203397966579024,0.0482984342439328,0,0.0497477897577155,0.0299614365342484,0.0910726744765859,0.126256429468745,0,0.761657091655988,0.696672931596323
TARGET.20.PAVUEF.09A,0.108490336803833,0.00754227540372181,0.11873610200497,0.0736731534323471,0.104254225171025,0.17313797002343,0.016699724462892,0.088947412622696,0.0856795840802889,0.07546734019215,0.0696310558692738,0.0777408199333738,0,0.77966817536843,0.698402458046311
TARGET.20.PAKLTN.09A,0.163348385361086,0.0737466537630009,0.0141515199639542,0.0602345792026564,0.0509098324880068,0.148000034263691,0.0243491424575151,0.0531566299494109,0.0764112805182787,0.0987264713438307,0.0737623681350208,0.163203102553548,0,0.750499907950264,0.717350586169904
TARGET.20.PAWUTL.09A,0.0648548954029539,0.0284696003371656,0.131691232720571,0.265020985782252,0.103899464824938,0,0.0726361463825234,0,0.0573494157124587,0.0703917265955045,0.109884023255807,0.0958025089858258,0,0.505323685443175,0.87222223709866
TARGET.20.PAVDVU.09A,0.11041049064173,0.0302910265737936,0.110274426012638,0.0998180711252283,0.0965705480200033,0.0724053131961422,0.0276021839762453,0.0898595041176225,0.0802335777469389,0.0967137706575171,0.0998132457877541,0.0860078421443863,0,0.56702199937592,0.839402000650471
TARGET.20.PAUNDC.09A,0.112086873142077,0,0.127157608191195,0.159258532213064,0.0666673873348476,0.0402684092698843,0.0376762680707794,0.039174987536197,0.102392094507163,0.101957437672973,0.126635976838231,0.086724425223588,0,0.643808132240284,0.804195239090073
TARGET.20.PASGAE.09A,0.122261751404543,0.0246987815830414,0.116212783863371,0.0720968937305973,0.126156556681476,0.115450982203647,0.00388840312055234,0.0576004186547122,0.073694423810251,0.04109814029605,0.10249709607925,0.144343768572509,0,0.622265077287031,0.805815911071799
TARGET.20.PAENYR.09A,0.0773092756882551,0.0783903123360919,0.106098502002391,0.106286097290713,0.0682280955521725,0.162873169624537,0.00145280747026388,0.0404785737396088,0.0889327538798205,0.0773277103283947,0.114614917584671,0.0780077845030811,0,0.762680232420025,0.718915542661653
TARGET.20.PASVWW.09A,0.135008442340601,0.0607695953268139,0.10826057702828,0.0662167943656564,0.0645340163239115,0.121986507517781,0.002669283758145,0.0905157773141452,0.0728562938985107,0.0951538664503204,0.0996639480058127,0.0823648976700216,0,0.709408010980279,0.75564483800394
TARGET.20.PAVYYR.09A,0.0766106904010313,0.171034858470185,0.060002907697643,0.113563597260707,0.0534675205330512,0,0.052057432093199,0.0658159098375658,0.0524249389290049,0.112489492066939,0.0865107678446113,0.156021884866062,0,0.567198319401586,0.841063595654838
TARGET.20.PAWTEB.09A,0.142054867670255,0.0659375864166654,0.0531136420469802,0.0900833685250835,0.0573166403001429,0.161814841540043,0.0528086874507708,0.0778961107108123,0.0656233148767951,0.0512750288212443,0.0985824038941376,0.0834935077470698,0,0.685116898161001,0.757754193605962
TARGET.20.PATBWH.09A,0.0981716350638073,0.0514404576411102,0.1050648626208,0.0878906247055897,0.070410314463844,0.161777034689934,0.0295043467278423,0.0607417061418235,0.0772188304901409,0.0848447075924641,0.108405838483259,0.0645296413793853,0,0.651552986816277,0.781796676083488
TARGET.20.PAWRYC.09A,0.0992042457785235,0.0196740447605209,0.0767401493819786,0.108708396205524,0.126660089363197,0.0470381397548493,0.0774446089798757,0.081804705389187,0.0735592197423488,0.0317749281159124,0.0652380878284871,0.192153384699595,0,0.597584637181296,0.822971587415816
TARGET.20.PABHET.09A,0.0248230944101787,0.0709443180666287,0.10313156171728,0.132114112529232,0.136966813773037,0.231697768231633,0,0,0.0985511024252479,0.0813939333120008,0.0385751673595645,0.0818021281751975,0,0.779767359071506,0.686456153044382
TARGET.20.PASFLX.09A,0.142107280618909,0.0252840764061545,0.0829583751887887,0.0782388256653472,0.0978253297765665,0.161200814766537,0.0110795278221646,0.0743894930893108,0.0681937880341712,0.0757346565783877,0.0801536514408198,0.102834180612843,0,0.792408743105387,0.690828101417622
TARGET.20.PAXMNR.09A,0.0807991960800518,0.103700462482036,0.0465471529168316,0.198180901388421,0.0425425206929501,0.0215111688558051,0.0569398634263274,0.0389026864982039,0.111496584018303,0.0925220549667216,0.071013807362533,0.135843601311815,0,0.702099054238201,0.782316021812702
TARGET.20.PAKKBK.09A,0.0618409706610785,0.0879596470377834,0.0628200160556307,0.127439503627924,0.107987753856477,0.123487043439826,0.0773344758918598,0.0426649835131275,0.0690182800960702,0.0513695461692445,0.0484015518829561,0.139676227768022,0,0.550506178672117,0.844856977683719
TARGET.20.PASGZV.09A,0.0939979680151875,0.160885055988115,0.0515487222086577,0.0435619474294752,0.0877229776434625,0.165873790584608,0.0243471408168369,0.0791509059883436,0.0926660566620915,0.0916945727888515,0.055843851585768,0.0527070102886034,0,0.343955344232616,0.945785296556792
TARGET.20.PAXELP.09A,0.055792267458838,0.0292284996374916,0.133027254129078,0.128703650261352,0.121285899030292,0.185617240237633,0.0205845632088394,0.0198872610704911,0.125979419367676,0.0540909354074657,0.0845788327393825,0.0412241774514612,0,0.746908434722893,0.723704063801642
TARGET.20.PARTVG.09A,0.0987155696840366,0.0793461897624572,0.112798613585544,0.0946026700066977,0.0802429292035596,0.0692421588510261,0.0190153262243538,0.0431089297853821,0.128748672555461,0.103431442716788,0.0643350736353151,0.106412423989379,0,0.691806570333776,0.787951613850328
TARGET.20.PAVBNV.09A,0.0050937955739719,0.0270813975357803,0.174884198042014,0.183014715272127,0.172310287358053,0,0.0621745365369194,0,0.155127217971002,0.0717996426883516,0.0874870087834539,0.0610272002383263,0,0.55865511812751,0.854716422632477
TARGET.20.PATJIC.09A,0.0613821194115992,0,0.151081359743564,0.09732463150071,0.0960555255702873,0.205946631252896,0.0424321516754304,0,0.151963283174365,0.0815031950882138,0.0571563634649161,0.0551547391180191,0,0.737610061064746,0.724022161469882
TARGET.20.PAVDPF.09A,0.0931652637360551,0.0377557049648315,0.175145190497828,0.108975233615278,0.128841687201013,0,0.0982762159687786,0,0.094618371048193,0.0555042357079257,0.111745804053265,0.0959722932068317,0,0.466528090780165,0.889551059172003
TARGET.20.PARHJV.09A,0.0220854049472567,0.0849602456059651,0.0939662914174842,0.101652557374324,0.187634452203925,0.181275988011369,0.0230679457180579,0.0375646849269154,0.106776465674244,0.0804956968906119,0.0275038860569844,0.0530163811728621,0,0.63848371746049,0.790457225086059
TARGET.20.PARAEF.09A,0.12186361189663,0.114787516016597,0.0115627703147819,0.117956550471342,0.0699130440550676,0,0.0755233144008571,0.0895747388025228,0.072617160465353,0.159850740004313,0.0423889826330417,0.123961570939493,0,0.548347880142109,0.849796014359693
TARGET.20.PAVZEC.09A,0.0707063558672988,0.00117251178835968,0.127605671090177,0.122646641874772,0.135254962212209,0.00583213592056659,0.0182223227419197,0.00566038768008754,0.107044489778146,0.164320865060971,0.111292658415193,0.1302409975703,0,0.48476398190368,0.880167816891516
TARGET.20.PAYIRH.Sorted.non.leukemic.09A,0.0405377364016037,0.0750664178633204,0.16604634854323,0.119775716234235,0.216685010883521,0.0357525590823208,0.0254832823902969,0.0722753078749277,0.0944117223229067,0.0533135215812301,0.0587762190326272,0.0418761577897807,0,0.659869521994125,0.809518574515858
TARGET.20.PAXBVX.09A,0.100446638745499,0.106344930274904,0.0684256542399882,0.161353103389967,0.0719247407100168,0,0.0547948792642053,0.0545364588157808,0.112046623683844,0.0926971430362308,0.0894519525780275,0.0879778752615361,0,0.500538149845712,0.874924173231008
TARGET.20.PAVRWU.09A,0.143446791279251,0.0250693160973838,0.0914169973432226,0.0580048491320425,0.108933948385091,0.0961819968709398,0.00202752017491557,0.0923688794628948,0.0797731638305815,0.0699497177078691,0.0818930744268812,0.150933745288927,0,0.488053443566735,0.874853097548782
TARGET.20.PARUAD.09A,0.118112176396226,0.0319803037987067,0.100040734581164,0.0950778130752352,0.103376137865213,0.144642312920395,0,0.123858266417984,0.0365671852990307,0.100091238156308,0.0272202489240214,0.119033582565716,0,0.737820022938694,0.733618237553145
TARGET.20.PARAUM.09A,0.071148058351866,0.00117461220465759,0.108117596756494,0.0923989800246058,0.210682641695856,0.167513646728173,0.0575715279492134,0.00613093186140551,0.0970181024293317,0.0912227704111326,0.028511528852998,0.0685096027342674,0,0.778352049946915,0.705976629301345
TARGET.20.PAYHVK.Sorted.leukemic.09A,0.0585298879113094,0.0964445439365749,0.0749852370856865,0.072898647761324,0.174861501406013,0.134706185417953,0,0.088301247717748,0.119773609522948,0.069399586777895,0.0497986477769891,0.0603009046855584,0,0.705151104440376,0.761330330638843
TARGET.20.PARFMY.09A,0.119710653453029,0.0941821083065722,0.0957091852752707,0.0551226855660261,0.111725431139974,0.187264037775241,0,0.103553180297554,0.0301619360775208,0.0764667139142785,0.0556246994786221,0.0704793687159116,0,0.683331854161757,0.755339494009599
TARGET.20.PANUUA.09A,0.110521272071904,0.191081669213224,0.0145698896302745,0.000239061201932114,0.155280349564584,0.171926957852606,0,0.0787967930601274,0.0620198778774886,0.121671999678017,0.00543209873917825,0.088460031110663,0,0.747360311368416,0.713981917248145
TARGET.20.PAUHFI.09A,0.100276441894453,0.111112485754768,0.118241450723935,0.0818383637288253,0.110112361890474,0.0331800929263775,0.00476818855080674,0.110277950473551,0.0749106803991699,0.124897166517433,0.0759488731219897,0.0544359440182165,0,0.627901502548972,0.816637787907845
TARGET.20.PAXEBW.09A,0.102856072321384,0.0209415935632736,0.10539038390819,0.101045286992613,0.0613055770406835,0.200669789902202,0.0338419606964084,0.0309082592632655,0.0728526484414187,0.079024042286484,0.0917790399811711,0.0993853456029054,0,0.807868561479332,0.670243887113622
TARGET.20.PAUMAD.09A,0.0867037212916745,0,0.133616058348554,0.137092368662433,0.125770892973845,0.21414872144925,0,0,0.0859296005122891,0.0669411798495931,0.101013252043398,0.0487842048689635,0,0.771236124624186,0.691646819335102
TARGET.20.PAXGVH.09A,0.0331055862496321,0.00306477725012134,0.122475389234556,0.26360412375222,0.122700248223616,0,0.0197085185172197,0,0.100817204779288,0.112928399297696,0.0802805000053644,0.141315252690286,0,0.492457297886218,0.878298371055403
TARGET.20.PAVAUA.09A,0.0352178142128129,0.0380677617201963,0.144627215018324,0.125429072133445,0.114664208821629,0.182124402741601,0,0.055220578890867,0.127219269539913,0.0677719204580318,0.0527269560911702,0.0569308003720094,0,0.715842506914607,0.747371905892875
TARGET.20.PAVELT.09A,0.0793413215188775,0.058034814189711,0.113954999302889,0.0898144829882482,0.109641307515892,0.151540849821387,0.0152958097029974,0.0445588703640395,0.093743235355867,0.0678013447416155,0.0910661783089529,0.0852067861895227,0,0.79547170789884,0.70433161705526
TARGET.20.PAWKLC.09A,0.113421171065716,0.026258999917298,0.154425829435649,0.0635759769160015,0.126478410886098,0.174722877153642,0.00756322305074211,0.0550682870202611,0.0860605582837408,0.0602476951983233,0.0850542996510174,0.0471226714215105,0,0.700584653677934,0.75021557854426
TARGET.20.PARFJN.09A,0.0455643084689865,0.0601440073220891,0.195926124958169,0.152838833658041,0.123753213816242,0.0189008351058643,0,0.0387408056214883,0.127950508025291,0.0701871488877634,0.107750083252077,0.0582441308839886,0,0.556912880927697,0.854405014991933
TARGET.20.PAVIYS.09A,0.0674096770245455,0.0389500521342544,0.170579534709538,0.153418247972465,0.0857159112459983,0.0597313792792138,0.0319239991758425,0.0457279953073618,0.103658776509702,0.0624065587491589,0.117921849105134,0.0625560187867863,0,0.654755774910061,0.804653340263594
TARGET.20.PAVXME.09A,0.0758898447054005,0.0810880616329724,0.0756170290256485,0.110594215327039,0.10601560216389,0.103740382003133,0,0.0646038899627212,0.097365744292539,0.11529167608825,0.0867413255937021,0.0830522292047047,0,0.671985223266609,0.786351806702185
TARGET.20.PAVRTN.09A,0.128940971156205,0,0.121943386627493,0.0657043064200223,0.128448707421349,0.157102333536989,0.0218847755674505,0.0687609247521127,0.079890706528802,0.0572721706185374,0.0837276961807365,0.0863240211903017,0,0.752359916274373,0.719923599120374
TARGET.20.PATAVF.09A,0.121999070464713,0.0313445659661954,0.0652126017302832,0.0752116054861237,0.151504606632708,0.154951672689345,0,0.111527508573931,0.0400091681433013,0.0795963427907432,0.022372687625372,0.146270169897285,0,0.737901429280341,0.72569700231868
TARGET.20.PASKGH.09A,0.105210334688881,0.105165315154205,0.0354242782618668,0.0852150309007514,0.055568373031972,0.137539131955215,0.0457707478283294,0.0659464242198355,0.0673269877041286,0.113017702842292,0.0830618631931841,0.10075381021934,0,0.695327231583457,0.76020690419931
TARGET.20.PAUVAT.09A,0.0867489637203171,0.0121088305259949,0.178899951938001,0.201726160897046,0.0460440547847965,0.00630858458659794,0.0369545833060136,0,0.0740981200499069,0.144668085709872,0.148452511083179,0.0639901533982755,0,0.511963657702872,0.865300639779195
TARGET.20.PARJLW.09A,0.0477172410699681,0.178715259244551,0.0739358056606003,0.0850141969362506,0.0606298124016737,0.0164316429165908,0.0697397265448804,0.0644625071886936,0.142957652955362,0.113725957498835,0.0529618759108871,0.093708321671707,0,0.447127925808206,0.897070112384365
TARGET.20.PAYHTI.Sorted.leukemic.09A,0,0.0896708621884628,0.141406626564349,0.254497017327402,0.148993749514446,0,0,0,0.11702828609593,0.114762463171069,0.0688999263596908,0.0647410687786506,0,0.552929627405451,0.855758514720289
TARGET.20.PASAFH.09A,0.053219535351923,0.0544801889666643,0.0903149014983321,0.104880537186087,0.12168921605296,0.19588132165922,0,0.0977979980022395,0.0807604904053743,0.0714596646469175,0.0711325336874983,0.0583836125427833,0,0.721027855489558,0.732155694295904
TARGET.20.PATKAH.09A,0.0968155376647361,0.0349052552970746,0.103066627860558,0.107019157410971,0.143318791661307,0.205056997848076,0.00891397681958517,0.045001615622805,0.0920105030411095,0.0826817816789779,0.0245839560306475,0.0566257990641516,0,0.634351181064505,0.786553708358196
TARGET.20.PATIRW.09A,0.0933722822680463,0.0925722588510117,0.0721214064519384,0.068697175987456,0.0785751296826122,0.193561411355538,0.0456707434707889,0.0378633951681219,0.0971330977966669,0.0688193355487496,0.0740512083497982,0.0775625550692716,0,0.674709073154913,0.763657342638406
TARGET.20.PAWACC.09A,0.068899697602842,0.181839678951461,0.0471836240358287,0.11067453593343,0.0724677166770314,0,0.0525187148411735,0.0635877215435323,0.0458414225181272,0.121048595157672,0.11508427527252,0.120854017466382,0,0.561846834354111,0.842158222926578
TARGET.20.PAVWXI.09A,0.111911430818922,0.0753782623919207,0.0838583886389638,0.152881609760919,0.0565466716027116,0,0.0312116478480561,0.0517908373837823,0.130968024442668,0.0976315921483151,0.101660872298142,0.106160662665599,0,0.436871410154551,0.901093782150915
TARGET.20.PAWYKA.09A,0.111277455749944,0.0360219805958077,0.103519637549429,0.103615014515904,0.103475364065575,0.185743881828579,0.0320834780224925,0.017209480070447,0.0721003353161668,0.0512741964033283,0.0897902660070879,0.0938889098752395,0,0.796721132882963,0.685513639094434
TARGET.20.PAXMPG.09A,0.120692447142701,0.0464958832645331,0.100441750284066,0.217479949606303,0.0523513574506377,0.0783660207535152,0.0462901723523811,0,0.0353416288996432,0.0428029358254652,0.124481924868004,0.13525592955275,0,0.533320537265887,0.854352826336872
TARGET.20.PAVUZN.09A,0.104116186020094,0.0683828697246152,0.0392760887077045,0.170581208511332,0.0525448860465683,0.0614685150002417,0.0476782480922746,0.048246726121722,0.0616726797237837,0.0926141325239732,0.0912379451403465,0.162180514387344,0,0.714332872114449,0.763563640842914
TARGET.20.PAVXEB.09A,0.0666153455366624,0.0241740415325366,0.0977023222084479,0.0777686750847096,0.10048325653829,0.15016324857042,0.0146794348283484,0.00880222066804546,0.168870220699963,0.0878002556277103,0.0947550774348635,0.108185901270002,0,0.732980232097513,0.742075378281465
TARGET.20.PARVAI.09A,0.0469630913455755,0.06144999705297,0.098326389688376,0.12367757222829,0.132901593096429,0.0483700226975534,0.0100092599243653,0.023033211452098,0.134257191501793,0.105440013766612,0.10460020491147,0.110971452334468,0,0.67668862226971,0.795799167487052
TARGET.20.PAUWNT.09A,0.103182250867101,0,0.139180231581447,0.125148686065048,0.139944499197632,0.16908262859241,0.0400430922997929,0,0.0749606757638853,0.0706867921303797,0.0899280399239825,0.0478431035783219,0,0.759811819281148,0.715779537643062
TARGET.20.PASIEP.09A,0.161382226806878,0.00156154876001339,0.102333882713185,0.0183266849379976,0.0926320309489545,0.183795246712487,0.00463100066261682,0.0353561710273808,0.0955201897059324,0.0882257188207676,0.0557568668188177,0.160478432084969,0,0.770730292470242,0.695686722894883
TARGET.20.PASMRU.09A,0.0417087414084835,0.127089929058223,0.0093959902911577,0.194914804473443,0.0456570365902605,0,0.178143266563001,0.00385038590776519,0,0.183817453606392,0.0819284553452204,0.133493936756053,0,0.556875333329942,0.838615766707498
TARGET.20.PARZGM.09A,0.14105260748741,0.0659482963087654,0.0293298616709497,0.100063563097497,0.0534774778568465,0.122019698965975,0.00808323795280702,0.100226716568581,0.0684404787763714,0.0506980110211018,0.0726012279737053,0.188058822319989,0,0.704959247529883,0.750660084864021
TARGET.20.PAXFMH.09A,0.0539025244142506,0.0584797244283605,0.123825090431802,0.166261379967587,0.027847872840972,0.0265247090644996,0.0831432743809366,0,0.0850420702426152,0.12685005253807,0.150584405975162,0.0975388957157445,0,0.581865770732076,0.830680677353645
TARGET.20.PAMVKZ.09A,0.0929308194998984,0.0249587640493513,0.0595828877309616,0.116090529196052,0.163191338001289,0.205165165328051,0,0.0386997309263074,0.050372582977747,0.103860726852825,0.0369242380366772,0.108223217400841,0,0.752055215897767,0.70579818220937
TARGET.20.PAWDWA.09A,0.046903694257695,0.058512559269671,0.138754181044892,0.179154425660654,0.19426667625973,0.0396072546805471,0.0670885584350952,0,0.0714943919202238,0.049759352691691,0.0749443602212419,0.0795145455585581,0,0.563493414971079,0.850430646578784
TARGET.20.PAVYLW.09A,0.0977440580289411,0.0170446540608456,0.170546450063383,0.135334369242631,0.161132429964813,0.0142033162453834,0.087538969569958,0,0.0777899456934172,0.0414639920709413,0.11486170576078,0.082340109298906,0,0.578331805639653,0.841798630310056
TARGET.20.PAEPYP.09A,0.138194352589226,0.0400235926691308,0.069917846216079,0.0638263422164071,0.105968573604311,0.13159583229001,0.0315390811263214,0.0518372104207941,0.0990035403924719,0.111039524271314,0.0709196969870566,0.0861344072168786,0,0.727249631332805,0.74443980838467
TARGET.20.PALJTS.09A,0.0615343257918942,0,0.160127138793162,0.127219421632212,0.101238941531061,0.0523013107176048,0.00807291187680133,0,0.124203451302939,0.10906224973322,0.0910391686579276,0.165201079963178,0,0.621574786645842,0.819337329394033
TARGET.20.PATBIR.09A,0.127249169003073,0.0389659976990147,0.121687389091465,0.0739582736737846,0.200649264871772,0.0571235185316523,0.0322545371772555,0.0567437615494693,0.0772681869469241,0.0379948303782692,0.092471557501179,0.0836335135761411,0,0.716421829968215,0.770643800302188
TARGET.20.PAVCRM.09A,0.0733456726294746,0,0.13989700984578,0.188100442666714,0.132193336590137,0.056162156980589,0.0546900972792097,0.0702565221156926,0.060588144473561,0.0838880354855772,0.0658576097199985,0.0750209722132655,0,0.568747872366848,0.844326248300314
TARGET.20.PAVDVV.09A,0.0806625231714729,0.0846595108995125,0.0661583119280166,0.253774195698656,0.0679955514128559,0,0.0742458052658715,0.0172533540110265,0.039956214914743,0.124867043566694,0.0662508449038038,0.124176644227347,0,0.607745091825191,0.825618600861463
TARGET.20.PALGKX.09A,0.112275360604565,0.132509776461813,0.0555279930125056,0,0.170950035315589,0.210644160251016,0,0.104203496675361,0.061589657665786,0.0759031768156946,0,0.0763963431976711,0,0.780001269429168,0.676821077572709
TARGET.20.PARUBA.09A,0.0474484175509153,0.0821885126775724,0.178937871740914,0.155653206469214,0.149869235975018,0,0,0.0586488063386366,0.114840854350399,0.0650267596950503,0.0654117993842957,0.0819745358179849,0,0.491025700522346,0.883164971644581
TARGET.20.PATDDA.09A,0.0166304354108808,0.109472529827816,0.0587737533137643,0.0954654522025278,0.173652912823211,0.175219282163427,0,0.0279843445039428,0.146675407148723,0.0599266169289317,0.0683009629391271,0.0678983027376485,0,0.669421754361487,0.772850600483802
TARGET.20.PAUULL.09A,0.0674277242618836,0.16527035372519,0.0650829177909085,0.0867473513241815,0.0778596232010158,0.0295091832160869,0.0364804656817281,0.0532892924660196,0.0850896842440846,0.119382670105094,0.1185877250858,0.0952730088980077,0,0.600222603850415,0.825380369782122
TARGET.20.PAXIDA.09A,0.127553791090673,0.0476069108281662,0.0703864518645569,0.0826950045770053,0.0773519527483085,0.149271776810776,0.0313306393495234,0.0642762741296279,0.0853222187329366,0.0428549694409525,0.0702293576710477,0.151120652756426,0,0.762730089185407,0.715827686004642
TARGET.20.PAVPLI.09A,0.104317900258555,0,0.128723315606018,0.0562896210119865,0.110538837300873,0.218903210310585,0.0159246759343454,0.068604493921948,0.102672813981069,0.0639309490236354,0.0776007602753486,0.0524934223756357,0,0.794604913693803,0.667855662338964
TARGET.20.PARAIC.09A,0.0494083862129649,0.0289497836320638,0.0730100517979204,0.215568890291832,0.148754399466698,0,0.0878465953753818,0.00904926913632711,0.132454645475275,0.128406243288484,0.00554567808382663,0.121006057239228,0,0.458048387049685,0.894425253883501
TARGET.20.PAWKPU.09A,0,0.0512276805413963,0.175607124082346,0.169855590916062,0.124729832363657,0,0.0294513536749812,0,0.177262410420342,0.121049583332033,0.12020481825133,0.0306116064178537,0,0.615143881501275,0.823365256666538
TARGET.20.PAXKES.09A,0.147179084649845,0.0434183448063245,0.0707410374840349,0.118886612440329,0.0319767568216262,0.169589019558655,0.018051120291236,0.0684711126505193,0.0709830841211858,0.0673823611583493,0.0858766782616575,0.107444787756237,0,0.764805926304385,0.707506243749723
TARGET.20.PATJPY.09A,0.103968183595186,0.0418680629317595,0.0986801180425587,0.108436116496484,0.160392885952451,0.0536410886001631,0.074883852100255,0.0709282896233171,0.0525487404528431,0.0602755279973734,0.0815958838511541,0.0927812503564553,0,0.681980452052687,0.78790827159249
TARGET.20.PAYBKY.09A,0.0547354186602288,0.0495582078742825,0.141488439563665,0.162807934553122,0.113342151883306,0,0.103003110608629,0,0.09079598224897,0.0903547302593193,0.133882080377323,0.0600319439711538,0,0.563931784924965,0.844673386176302
TARGET.20.PAUPSS.09A,0.119923156574829,0,0.123129600778519,0.0705030182246139,0.148707201067847,0.165253503959973,0.0145686437833649,0.0772675688596897,0.0814726053583213,0.0517280980332071,0.0940461942007453,0.0534004091588902,0,0.8110924617768,0.675026715792445
TARGET.20.PAVFPR.09A,0.0963295047572826,0.0325237228774827,0.0738045446442735,0.11543492991126,0.0946933573079392,0.130763324239841,0.0525633315797635,0.0800391867115754,0.0656301415055719,0.0692613508326671,0.086529398272042,0.102427207360301,0,0.659962269820893,0.782780363819881
TARGET.20.PATBNP.09A,0.118508199997158,0.064254188782033,0.0950588995019795,0.0521141817207539,0.115582536204675,0.129583571574285,0.0491941825697456,0.0594479976312941,0.0893135886551744,0.065923204273959,0.0721820071509052,0.088837441938037,0,0.747123892523823,0.736354261235224
TARGET.20.PATBIP.09A,0.12854747245231,0,0.11676123288996,0.0902410493655539,0.147565864932677,0.185781977786092,0.00832344755665428,0.0153505272793811,0.0856731089355196,0.087791967009617,0.0391926257322271,0.0947707260600077,0,0.741021555085039,0.721948515250075
TARGET.20.PAUPNA.09A,0.114976238722549,0,0.149575848210563,0.119117381021627,0.0951567897689365,0.179229655952827,0.00819657552131701,0.0574374930544728,0.0416095754861992,0.0610901297367185,0.0877623509723878,0.085847961552402,0,0.772646648574478,0.701631287971762
TARGET.20.PAVPVK.09A,0.0805011462253127,0.135514797001294,0.0875657796562321,0.09724534069902,0.0277802606809499,0,0.0888334211963282,0.0443533026824835,0.0693527356484444,0.118620249950208,0.133936272265974,0.116296693993753,0,0.515147512127516,0.862950714536223
TARGET.20.PATLVC.09A,0.119633948345555,0.136057651833571,0.0468383997993666,0.0498622153221135,0.0936889650183022,0.0596033895334545,0.0700189364101498,0.0650356590952168,0.0916109597703207,0.106686346054392,0.0648921041100786,0.0960714247074791,0,0.432144925560623,0.902001588888129
TARGET.20.PAXMNG.09A,0.111257046112664,0.145877998124471,0.0493292602350712,0.154832308337579,0.0436750429716398,0.00213590250634869,0.0367759615762287,0.0454445243504317,0.0687019057637623,0.112528014470261,0.0943907136430404,0.135051321908502,0,0.579832505983166,0.836394462784259
TARGET.20.PAXKXS.09A,0.0410501332005236,0.0574427830026535,0.171620189724595,0.168775761960787,0.119230102393165,0,0.0394374868698845,0,0.119467300961156,0.0652374204282248,0.106361262813641,0.11137755864537,0,0.600996021328242,0.835647117256004
TARGET.20.PAYHMK.Sorted.leukemic.09A,0.0902824678741142,0.015904963897974,0.102027903730975,0.0590380709907002,0.195823355745098,0.160799302375598,0,0.103160616039105,0.0951763042764722,0.0731146341943494,0.0431257483756325,0.0615466324999813,0,0.713195856172621,0.743693719649007
TARGET.20.PANCSC.09A,0.0777589231243892,0.0403627792106201,0.120778408166341,0.0747595678172384,0.128493384067276,0.184222754432099,0.0548217751876452,0.00917518422543949,0.0973567836282783,0.109796902395367,0.0441266019980754,0.0583469357472309,0,0.695905707801949,0.755076519599733
TARGET.20.PAWZLW.09A,0.0415456792887708,0.064057898980234,0.117026270866756,0.114437908445064,0.0919661728891368,0,0.162905405779017,0.0738562238950338,0.0862255198198435,0.0615666321916007,0.0566000586049343,0.129812229239609,0,0.240060041339615,0.980537782352866
TARGET.20.PAXJVE.09A,0.0787475295668553,0.0960151123703618,0.0845590102545695,0.0935899061221118,0.092179701051369,0.172188035485455,0.0189945740154161,0.0603066799019957,0.061475319635054,0.0687446940880276,0.101057077655395,0.0721423598533891,0,0.770445044999781,0.707368145279791
TARGET.20.PAUMIH.09A,0.12462522540901,0.0134604590725778,0.0869857156076006,0.130544352504485,0.0861938769086308,0.0739128394154114,0.0225776225394345,0.110230448858327,0.0251453360715188,0.109858409322644,0.0745849605664689,0.141880753723891,0,0.621590836512805,0.808798956714439
TARGET.20.PASWER.09A,0.0996061330991396,0.0202507408874923,0.104686770094149,0.116809517225594,0.133845596636127,0.15062611830253,0.00693730895665534,0.0673423388954185,0.096159855241473,0.0554084336611902,0.0894995553085158,0.0588276316917149,0,0.684161085694166,0.766732639345708
TARGET.20.PAVXPB.09A,0.0172597550882946,0.0757057137780373,0.145394251365342,0.158985950859226,0.156932010901453,0.0110066775609159,0.0489320074996992,0,0.194642434958115,0.0783870058190881,0.0785862120637075,0.0341679801061226,0,0.634385251864257,0.822367137007879
TARGET.20.PATIDY.09A,0.0973802847776786,0.0736142430061925,0.0941689238182541,0.0805179527265553,0.119212019134252,0.15262476810354,0.0255484678710146,0.0817196152195284,0.0649494638206692,0.0654876037162032,0.0552569019913343,0.0895197558147776,0,0.755437761483969,0.725387807544655
TARGET.20.PAVEMX.09A,0.106772691892249,0,0.139439689562533,0.100237339425912,0.0631896307929333,0.19990680461738,0.0274842307910616,0.0304719924931733,0.105578005427246,0.0639449601620168,0.0962703523057096,0.0667043025297859,0,0.754750180285515,0.708749914909626
TARGET.20.PAVWUU.09A,0.111858765710852,0.0857685262223162,0.0328837886454091,0.135486233479698,0.121705149238835,0.0898662323000838,0.0121549423235612,0.067496330473838,0.0876527358407938,0.0806982140951819,0.069234798315455,0.105194283353976,0,0.712316162532817,0.76661791853527
TARGET.20.PAVKJV.09A,0.0423957147649839,0,0.189848070547485,0.180410966397293,0.0732284590044491,0.0274064502910992,0.0505490701326946,0,0.189899673375246,0.123343122656101,0.0753376691903521,0.0475808036402962,0,0.573274011780211,0.844777100755659
TARGET.20.PAWDNF.09A,0.11078913530928,0.00832668122358811,0.11396537972078,0.0989701021367725,0.109393159323395,0.187500665422353,0.0486480610069151,0.0620568942526902,0.0617260882914425,0.0420683683750788,0.0864799339681583,0.0700755309695461,0,0.75751693350483,0.706550296557661
TARGET.20.PAUSFM.09A,0.125196785831586,0,0.0953346732886702,0.0711692884668071,0.0802700189058095,0.167733365776839,0.0613701647984022,0.00438154429205801,0.125580754779043,0.0657597195504798,0.072560043219339,0.130643641090967,0,0.653152482273827,0.780948313265203
TARGET.20.PAULCA.09A,0.122718666082683,0.0783628678092445,0.128954841826903,0.162307580411392,0.106660731479372,0.0305049256925436,0.022228715925663,0.00704239482979076,0.0603708952624884,0.068958474394361,0.122672174724006,0.0892177315615521,0,0.669636866432067,0.798327176423972
TARGET.20.PAXXUZ.09A,0.108334190325752,0.00353633955373234,0.149678008809752,0.0840457127813607,0.0914881086458451,0.160878823279655,0.0435017200758684,0.0618451382185589,0.0844559629367365,0.0691790530383,0.0735755543696333,0.0694813879648063,0,0.744578812149798,0.728437211848755
TARGET.20.PAVXUC.09A,0.0376107756171149,0.0654984145663895,0.146273441136838,0.134191621555991,0.129141947466106,0.00946106095796629,0.0441712520697517,0.030167884875148,0.110573188895173,0.114926321634573,0.125759325568361,0.0522247656565879,0,0.591352780939328,0.833998431498107
TARGET.20.PAXLFG.09A,0.0369927223610303,0.0297839315883385,0.147115662690538,0.258981893995928,0.0488753791887542,0.108003655959842,0.0723587310639953,0,0.0549050954021982,0.0441018219906877,0.116455208696169,0.08242589706252,0,0.496185181018045,0.872298400270728
TARGET.20.PAYASV.09A,0.0447824998658699,0,0.140090005653003,0.222915231105645,0.11763138441128,0.0161486013554045,0.0665698257132308,0.0430722168057195,0.057266135699372,0.0607550167489984,0.0849282353407811,0.145840847300696,0,0.599858578150435,0.830558990551805
TARGET.20.PASJXN.09A,0.0886859456928585,0.130490584111688,0.00404813263666202,0.116715358466836,0.0879206691995028,0.129537479445273,0.0126702837615066,0.0681972997828037,0.0488642323359405,0.0893565972925455,0.0855999683344335,0.13791344893995,0,0.620452961379505,0.803893006328482
TARGET.20.PASEGC.09A,0.0974800717048221,0.0461306986831514,0.066640208278686,0.0867741805649127,0.185995575544482,0.192751418479415,0.0304032999402692,0,0.139917018313308,0.0891598227730711,0.00827597236767745,0.0564717333502046,0,0.830900086384255,0.658066482282071
TARGET.20.PAUPXH.09A,0.0722562600155813,0.0929535579283167,0.0718943062987061,0.106012373136099,0.100726836764779,0.0672579292370855,0.0425827314848934,0.0446598412285319,0.125036703267791,0.0894902119787238,0.102635086906195,0.0844941617532985,0,0.6854628148131,0.786243792050681
TARGET.20.PAXKZN.09A,0.122371161653179,0.0477508280380642,0.0959070913595729,0.100899587072867,0.0341611050884346,0.143007931324807,0.0556660477696867,0.034016147714506,0.0098849032244724,0.107303333801002,0.120261189278302,0.128770673675106,0,0.60687791655219,0.80757966500829
TARGET.20.PATFRY.09A,0.0656199366478495,0.215469716467726,0,0.143996423114839,0.0525276019691736,0,0.0325239454983079,0.0544598555587482,0.0462070420572753,0.133659645964137,0.0712767582452765,0.184259074476667,0,0.66194518058003,0.789500112650082
TARGET.20.PAYIET.09A,0.0881233395069516,0.0782145502913734,0.0932669713443363,0.0610586318340852,0.0854282238501547,0.161981218719138,0.0631123248584961,0.0504886779649387,0.0739189968590659,0.0749701953584469,0.101694774511567,0.0677420949014463,0,0.658990374233433,0.777106679426563
TARGET.20.PANEET.09A,0,0.105311414233664,0.0990122268492165,0.119975926333661,0.249851584216543,0,0.0575954549304841,0.016003747875316,0.181491564450082,0.0670054140085202,0.0535869389540344,0.0501657281484795,0,0.672644241079714,0.805111947578169
TARGET.20.PAWRSP.09A,0.0869980772391551,0,0.176232420098758,0.109138207700989,0.0954427553614901,0.0321512857886186,0.0893759465595301,0,0.165371465496523,0.0840304353054612,0.074185940069045,0.0870734663804298,0,0.56275185825473,0.849822948938453
TARGET.20.PARVXT.09A,0.114134325167473,0.0332194241971944,0.0953975777136916,0.0817183065146122,0.17070788640518,0.123394592015978,0.00937262353425422,0.0711281128470705,0.13187787605333,0.0524828802438963,0.0448812853752927,0.0716851099320262,0,0.738056461482028,0.745064827812907
TARGET.20.PASDVA.09A,0.0559765724091143,0.104889873099314,0.0925590986302422,0.0470956642771169,0.139662901090095,0.202252219941733,0,0.0571787384177658,0.125917329607584,0.0519242303031759,0.0693188933543651,0.0532244788694939,0,0.842944163768487,0.645314541248738
TARGET.20.PAUTDY.09A,0.0506305253400001,0.1066659254233,0.0669497380402954,0.0966021388391893,0.18171384517144,0.175260292513036,0,0.0462679523145807,0.120538050692043,0.0601038079110017,0.0595877802922434,0.0356799434628703,0,0.719962037370097,0.739997593775076
TARGET.20.PATAWB.09A,0.061078554294745,0.0403442234385904,0.107246062124837,0.0885998304508731,0.127634431191268,0.175899655209169,0.043708067730348,0,0.148745639440258,0.10018017889729,0,0.106563357222622,0,0.674435960994687,0.773346321463169
TARGET.20.PARDZW.09A,0,0.187353560338472,0.0759879146371822,0.139238292631054,0.151026710765288,0.0122139586634691,0.0489960201354689,0.000596260874416575,0.176250298675032,0.0929626277449282,0.0643557489133591,0.0510186066213299,0,0.718568359746639,0.779780233769527
TARGET.20.PAWTSD.09A,0.104430221195589,0.111357315678216,0.0631525482451416,0.142785807944127,0.0252496188422084,0,0.0673341488736496,0.0880668720896061,0.0528411612659741,0.0772243575408914,0.0947592087198409,0.172798739604756,0,0.697573034276194,0.77230477245192
TARGET.20.PAWFVC.09A,0.135830331622941,0,0.134819831460615,0.0866712546512879,0.0977923518494106,0.176805415300589,0,0.0760284184772956,0.0667923138927445,0.0624406007320729,0.0818865785921552,0.0809329034208882,0,0.784366832492362,0.691890619720061
TARGET.20.PAYKGB.Sorted.CD34neg.Myeloid.Mono.09A,0.0732010474955422,0.117966310815839,0.0975641900623755,0,0.122336453227816,0.210393472328174,0,0.0583655826702211,0.138773561176882,0.0825805235141206,0.0566164515249559,0.042202407184074,0,0.772813084099831,0.690611592149551
TARGET.20.PAVRAT.09A,0.013388774786443,0.0938014659009914,0.103221399247633,0.117747476538602,0.109833993651021,0.0291543681882511,0.0418721720324296,0.038127067852692,0.140054884694911,0.0705506405232423,0.13054583496043,0.111701921623352,0,0.552086630002744,0.850932306669559
TARGET.20.PAWMRJ.09A,0.0531310583278341,0.0799841850596603,0.141505593827384,0.124168682593369,0.0752860529024144,0.0013056660218012,0.0718638977089287,0.00638363603539991,0.0895895407835458,0.128488803234884,0.137925051949327,0.0903678315554513,0,0.604423969673755,0.823910602897603
TARGET.20.PATBFF.09A,0.114806791809001,0.00609514133945654,0.0907342896492521,0.129355927901701,0.0994773220696705,0.189688933735909,0.0336913196285393,0.0636378657094293,0.0904025327191608,0.070205654813025,0.0345646741659128,0.0773395464589428,0,0.756606644424667,0.711094510685612
TARGET.20.PAVSJN.09A,0.0868494062028178,0.154408368759473,0,0.215830702632728,0.0665742940359295,0,0.0551128144273897,0.0178956821348591,0.0864161268926116,0.115995954659967,0.0631718429603513,0.137744807293873,0,0.600813773469529,0.827521238880786
TARGET.20.PASCGS.09A,0.0768234966704129,0.0752256141579096,0.151572672603235,0.0319720564424508,0.0796750596167375,0.0804377815931391,0.0287298855963666,0.0444298413502012,0.146120410917398,0.110175837396744,0.106473925209466,0.0683634184459398,0,0.559819471195337,0.843762253635946
TARGET.20.PAVUVI.09A,0.00106242930376681,0.201306533043121,0.0731131667535828,0.229426486939794,0.0487311662614983,0.0256223162597948,0.0419932223543112,0,0.106846262285593,0.0949070453737759,0.0838293184563189,0.0931620529684432,0,0.543316085425696,0.856047013444931
TARGET.20.PAXDEL.09A,0.0558939711994788,0.052558122782472,0.200709729641281,0.19876406269764,0.136916522209625,0,0.0370511306539922,0,0.13166422102768,0.0692504011269509,0.0813373593232497,0.0358544793376301,0,0.583175910252658,0.844737420079344
TARGET.20.PASAFM.09A,0.139952252497065,0.0221932962529135,0.105475262984301,0.0669503951055603,0.133833928769919,0.118324971939555,0.0119960824630823,0.00373326568816804,0.133863456635856,0.1015253178012,0.0744621919028341,0.0876895779595474,0,0.666664631810187,0.785612571170275
TARGET.20.PAVTBA.09A,0.0396239109675854,0.06747531853653,0.201350021969596,0.171363045697767,0.0980954611954357,0.0103214322260899,0.0341773850329052,0.0163105682789061,0.136368148275878,0.113439604623921,0.06942293696693,0.042052166228455,0,0.518999460882431,0.870755706863061
TARGET.20.PAVLDU.09A,0.0715457108829042,0.0848873187538698,0.0850560683762849,0.0712066204777249,0.0833445127629491,0.0531984933614028,0.0694347470669608,0.0551881624129585,0.125879502482115,0.0908148099373693,0.131124882265371,0.0783191712200892,0,0.420458296733012,0.906903517905299
TARGET.20.PASFLG.09A,0.129636970698513,0.0086077696902989,0.106376234785481,0.0963004976313013,0.0981332703302191,0,0.03645026819665,0.0953778846713373,0.102932903701431,0.0974056290747099,0.073910697326164,0.154867873893894,0,0.646787234750377,0.805030797049753
TARGET.20.PARGYS.09A,0.084890127073351,0.1046617667865,0.0434854097498214,0.0776483644329036,0.120255982407152,0.156816542411419,0,0.0712234205558694,0.115436164575953,0.0977051785680569,0.0356676002288202,0.0922094432101545,0,0.766116617624594,0.7187139651494
TARGET.20.PARFZP.09A,0.0507581866316272,0.281269826498742,0,0.0756293014071864,0.107909255949577,0,0.0973848241242362,0.0798833055752816,0.122268376433294,0.103469940762039,0.0063921223691893,0.0750348602488279,0,0.535895022945003,0.856643889552576
TARGET.20.PAWZIG.09A,0.0570117551337579,0.0554074568895164,0.111846533549241,0.307802460419017,0,0,0.0765163443993257,0.00316703875269945,0.0537141261853132,0.0695329856649799,0.130523078546101,0.134478220460049,0,0.570331682974699,0.837316318508746
TARGET.20.PAUXNH.09A,0.100346264824175,0,0.110369567861446,0.0777061298366952,0.092144737363488,0.17168447427006,0.046657228380676,0.0693948397310978,0.111052773271269,0.070988388529654,0.0748776463759569,0.0747779495554825,0,0.762468651285404,0.711093437822073
TARGET.20.PATHZC.09A,0.128866505040466,0,0.124706299431466,0.0487235501090752,0.117989056187535,0.142040642144358,0.00774419368564768,0.047309414906653,0.111880438277018,0.117964770867776,0.0376957818539552,0.115079347496049,0,0.706496869556885,0.757003800361802
TARGET.20.PANUIT.09A,0.0720091440020157,0.115994985119136,0.0871492963407441,0.0632235322862754,0.107200577943196,0.088865844946722,0.0163321952587622,0.0898857379932868,0.0753260821944553,0.088729442894667,0.0796363353270722,0.115646825693667,0,0.686147418013865,0.780804115690899
TARGET.20.PASFHK.09A,0.0602100591154908,0.196818402998282,0.0673974124562859,0.0927678956566227,0.0310524891520257,0.0774127452742881,0.0721906846909947,0.109189476154754,0.0679634126502359,0.0964030183944828,0.0896982453714481,0.0388961580850892,0,0.511872549617375,0.863882046846766
TARGET.20.PARFCH.09A,0.140331611967854,0.0812937891804936,0.0609236954079457,0.093834026641726,0.0939598927149323,0.121485013579723,0.00596851904120864,0.105518503005117,0.0695137233122453,0.0863322398272671,0.0563167471715302,0.0845222381499564,0,0.668723171690321,0.779993948709932
TARGET.20.PAVFDW.09A,0.102035800017009,0.0521177047743671,0.104047493176276,0.124913107884456,0.0972526427326793,0.154635584032233,0,0.0905483076840659,0.0372543326089435,0.0638624905038846,0.0774071507437787,0.0959253858423067,0,0.762730745438559,0.717862301281113
TARGET.20.PAVLWY.09A,0.0093173277734975,0.146898465096835,0.0547184513824604,0.200560113984694,0.0462328723727786,0.0220603629600891,0.0987593186607154,0.00626165916975201,0.124876065664542,0.144665826608531,0.0647367645147832,0.0809127718113216,0,0.627337191830051,0.816960762000823
TARGET.20.PAXSZD.09A,0.121024490859004,0.082306101688475,0.0702140837500861,0.170825247779675,0.0677193518611675,0.00112505635784233,0.0447270275326316,0.0616338499794997,0.0684488087855508,0.0501011319475266,0.127814167419953,0.134060682038589,0,0.657357778616353,0.797913478735638
TARGET.20.PAVCNU.09A,0.0678480751948974,0,0.124529007280591,0.150491414442261,0.119700963403324,0.209213366481436,0,0.0405952395121954,0.0831607546980519,0.0549698989046041,0.0956158813702599,0.0538753987123786,0,0.798663071868915,0.674050973710044
TARGET.20.PAUZRT.09A,0.137838504288527,0,0.0915773385262153,0.107720019995998,0.0815211521077751,0.159693800741275,0.0275423923630967,0.060508786198785,0.0746196876782214,0.0688834916662478,0.0850053635994093,0.10508946283445,0,0.699339939936321,0.752158118738578
TARGET.20.PANIGD.09A,0.151369213135991,0.0291699818626097,0,0.0633292146518428,0.0172586263736432,0.310503989442709,0.0933961303194742,0.0971571696544203,0,0.117566780297385,0.0285896614580197,0.0916592328039043,0,0.719333755318011,0.698000083192813
TARGET.20.PAVHUF.09A,0.163249437648651,0,0.111170210715797,0.116940211459627,0.0225536084548466,0.172776171602204,0.0208268694086192,0.027195861131657,0.0553555887495482,0.0728890814994241,0.125704903918402,0.111338055411224,0,0.770497239164117,0.698402868386593
TARGET.20.PARLVL.09A,0.112379261094692,0.0216935097889498,0.14953266845913,0.0681855042743816,0.0835948070241531,0.120231691725248,0.0595928651409958,0.0384601258279908,0.0845748129660363,0.094436646184165,0.0590400809459509,0.108278026568307,0,0.326164671775638,0.948854067510026
TARGET.20.PAVGNC.09A,0.112524589333523,0.0215230407430309,0.0925190575201038,0.117698882773613,0.0820026697908876,0.183565108929326,0.0430735672715071,0.0184874123436903,0.105676151603812,0.0792180540396601,0.111430180787936,0.0322812848629119,0,0.734464858023677,0.723541083315416
TARGET.20.PAWCGM.09A,0,0.0466548219221844,0.12027148635682,0.274271489315658,0.0188286650537311,0.111631513364354,0.0447368635834535,0.0171916398707876,0.106137145314151,0.0790696270919779,0.0860994960841667,0.0951072520427155,0,0.623421992756851,0.814213102694188
TARGET.20.PAUYDT.09A,0.0867498362111708,0.100740153025239,0.0540601646197845,0.0810330247112301,0.0390513795100788,0.0913585266923651,0.0521231356096063,0.0606396190751871,0.0680998455555038,0.0832875143814514,0.11959492063672,0.163261879971664,0,0.541264523158668,0.847976106399624
TARGET.20.PAUIIB.09A,0.138016678605612,0.00495136189366145,0.0832317065255686,0.065302913386719,0.0913091793549588,0.143174216537281,0.023417727241977,0.104150353247586,0.0950847751110847,0.0646287749205568,0.0911702774794333,0.0955620356955606,0,0.638055243029842,0.789303353126891
TARGET.20.PASADG.09A,0.0900176772365829,0.0310996084073088,0.118499925515945,0.069284296319104,0.122229634149589,0.236592074992986,0.0184961326230217,0.0413500822362739,0.0846646841821052,0.0824503300654518,0.0532595792909448,0.0520559749806874,0,0.723888352220932,0.718224765786518
TARGET.20.PAXCVU.09A,0.0525307034512138,0.0275012350938632,0.175287967370707,0.159952970527034,0.0680737438219947,0.0535435984183819,0.0302821233005539,0,0.119196349266802,0.0918867563910163,0.155870385668085,0.0658741666903488,0,0.565531020183694,0.842112087348396
TARGET.20.PATGXE.09A,0.0361787026358354,0.0821049237983201,0.0648130754290975,0.255295561954921,0.0348904503424212,0.000846529922027827,0.1261783469737,0,0.0432315555653853,0.114412591189738,0.128047211643678,0.114001050544877,0,0.587887751290015,0.826782446700576
TARGET.20.PAUSBP.09A,0.105728855153221,0.0602938601342058,0.0991668759496519,0.133918158295757,0.015552428038193,0.0641300136368345,0.0470795353003415,0.0632471983151924,0.0329928916734256,0.0916843496711173,0.144648175065899,0.14155765876616,0,0.69073004809703,0.768954993831272
TARGET.20.PASRJL.09A,0.0895311368799106,0.0527811516368336,0.122537505518744,0.063219855882104,0.12543304646104,0.0958599669716164,0.0108018894159592,0.0497026035976108,0.101415034322193,0.0790056716552827,0.115237438624291,0.0944746990344132,0,0.632097335332221,0.806803070678217
TARGET.20.PAWTPD.09A,0.071993667112973,0.0773758650621112,0.0839470943492703,0.23450994994078,0.0698501967824528,0.014727522645249,0.042544405368514,0,0.112500312652256,0.108677614548377,0.0824505807996707,0.101422790738346,0,0.636307153915121,0.816919951909281
TARGET.20.PAVJVS.09A,0.0855466703410952,0.00627927797871373,0.153236204782362,0.136287797078139,0.0804457886143925,0.0395466798350849,0.054356070146077,0.0248367332993903,0.0978646546481345,0.0958921688195302,0.155565944011958,0.0701420104451229,0,0.613296902839721,0.81666718778096
TARGET.20.PAXLWH.09A,0.166687168853357,0.006416205007717,0.0815629677838173,0.0881048440705242,0.0515950912423685,0.192643116941998,0,0.0604072872873371,0.0504044017110988,0.06862238936549,0.107194602634691,0.126361925101601,0,0.752978894811846,0.701906182553338
TARGET.20.PARLHW.09A,0.103250017846762,0.0984370795442089,0.0847803386611137,0.0529511687054635,0.119708533608921,0.144633259569978,0,0.0937639591370441,0.0668308929355133,0.0916941081780949,0.0622755803585833,0.0816750614543177,0,0.736838045372976,0.736776926580015
TARGET.20.PASCWG.09A,0,0.0526825363221661,0.161480512714302,0.197069137744196,0.113806047659722,0.0145648147371159,0,0,0.202596864364005,0.158460001724829,0.0598840754626035,0.0394560092710602,0,0.485713934071844,0.881914469735871
TARGET.20.PAVBCV.09A,0.0737890726853432,0.0522464013556626,0.0873935614276655,0.0533009232788533,0.108016159547876,0.178066624131541,0.0101347067592908,0.0607011323903954,0.108415121800552,0.0857388352587999,0.0978422494047658,0.0843552119592553,0,0.781843465311002,0.6959715155081
TARGET.20.PAVDXR.09A,0.0712244164759072,0.0944848922464711,0.0697650192981743,0.0746608334342604,0.142809189692913,0.193047024824625,0.0137519566504463,0.0461673235000851,0.107777379916157,0.0708494094259262,0.0551406467094666,0.0603219078255675,0,0.712997481922201,0.739885379554662
TARGET.20.PAVCFR.09A,0.100882389579892,0.0356519025161578,0.0968365674181363,0.113099763584178,0.0470416946195449,0.142714298010417,0.0302180190856322,0.079019805265925,0.104084964730644,0.0615721007641047,0.091072070250584,0.0978064241747838,0,0.684793638903314,0.768553069807105
TARGET.20.PAXICE.09A,0.0657137098744006,0.177179943875729,0.0454806734785465,0.172200458625168,0.057426090484171,0.0210172892871131,0.103605396225352,0.0116645610331764,0.0320822395771361,0.118056580461565,0.0849894480241862,0.110583609053457,0,0.678676775454526,0.788093819812349
TARGET.20.PAVPKA.09A,0.0432855565294035,0.0964543796742686,0.0974746973545395,0.117929255677349,0.11160879208751,0.0276751785745567,0.0576465874631641,0.0502467322898189,0.07324187918697,0.0941313956875821,0.149661373416647,0.0806441720581896,0,0.667921772955994,0.790625215559399
TARGET.20.PAVAWS.09A,0.0524218715872502,0.0117442445922015,0.165878424247831,0.197851274333831,0.147184930977898,0,0.1115667388743,0,0.0947621244047414,0.0537148978413536,0.0643528769425014,0.100522616198092,0,0.507118554826326,0.874983952017355
