Mixture,Naïve CD4 T,Memory CD4 T,Treg,Naïve CD8 T,Memory CD8 T,GZMK CD8 T,GZMB CD8 T,GZMB DNT,MAIT,GZMK NK,GZMB NK,Proliferating T,P-value,Correlation,RMSE
TARGET.20.PAUPTI.09A,0.0594414899074095,0.0746800460100888,0.0678976503653367,0.118968498327356,0.134512617460095,0.223972460951685,0,0.0592054764487353,0.105215335397817,0.0447471782700977,0.06587897491254,0.0454802719488399,0,0.836005427560008,0.609692242722132
TARGET.20.PATJVL.09A,0.0162741879934413,0.143258004253548,0.0833665321464221,0.0875001360628706,0.0902269408122323,0.183503841027751,0,0.0565466570307396,0.10593176902061,0.0725148452075133,0.0779217359632397,0.0829553504816314,0,0.79842218262204,0.668411625922051
TARGET.20.PAXDMP.09A,0.0806035265866653,0.0406067297112965,0.130832422225855,0.103505510958087,0.0757491187575307,0.227621122158055,0,0.110673420922298,0.0701238945976395,0.0764726989809531,0.0391160864494769,0.0446954686521432,0,0.886288648780477,0.546202515630715
TARGET.20.PAWWEE.09A,0.077620268703649,0.0358521622807702,0.125178422157237,0.127651343271519,0.0565229227315098,0.223073413861323,0.0189744053252992,0.0276512104820539,0.0922296095596883,0.0524708834046275,0.105955370254069,0.056819987968255,0,0.86971296747323,0.566542798494966
TARGET.20.PAUJMC.09A,0.0689826741997848,0.0635871195028837,0.144531617052255,0.100990379426908,0.129806152255517,0.00913078168556589,0.0111211385108878,0.068822973648621,0.122674874400202,0.0981799722357487,0.104391689814955,0.0777806272666707,0,0.675525888344785,0.815733281867032
TARGET.20.PAVENG.09A,0.0902046474892007,0,0.142883805628346,0.0967049393819547,0.0292912730868433,0.24270945848084,0.0168579546288182,0.0446849610036255,0.100378743815697,0.0551472212464027,0.10660191391707,0.0745350813212024,0,0.88613377661643,0.52693150852135
TARGET.20.PASPYW.09A,0.0343566081474095,0.209532935698946,0.109219331410685,0.0457879704293747,0.186657714839407,0.0397508647222089,0.002477539277951,0.0400463803912609,0.0931318194559983,0.0825037028224949,0.0978539339717439,0.0586811988325198,0,0.66690969852152,0.812272175498125
TARGET.20.PAWFZT.09A,0.0887699291508045,0.000358247128636664,0.151028686896027,0.106651379361943,0.0450324916051768,0.19279093249063,0,0.0654402817958817,0.0940985707716165,0.0453292328350067,0.137677317502557,0.0728229304617199,0,0.850064250995778,0.603394314251309
TARGET.20.PARCEV.09A,0.098129962012045,0.148029377766271,0.0446722669072817,0.0428669277422489,0.0745046532493189,0,0.0327704682526286,0.140509952237876,0.0290392519590155,0.141014722473029,0.0725434239955142,0.175918993404771,0,0.546741995548766,0.85643663906003
TARGET.20.PAULDS.09A,0.0943530100986352,0,0.119554342683245,0.111949593780066,0.0756359873317255,0.205792101059717,0,0.0492658408386552,0.0966125922159725,0.0451469411375337,0.112737103454503,0.0889524873999464,0,0.792105817971537,0.652620993955544
TARGET.20.PAEHXE.09A,0.0809393714182237,0.0217332971532009,0.129532328026966,0.0819533148880734,0.0925955143957148,0.234953015292104,0,0.0335541062105414,0.113831765353679,0.0640915369212809,0.103501726958294,0.043314023381922,0,0.867409042515814,0.558412269081504
TARGET.20.PAVXSH.09A,0.036103379117404,0.0140631131453339,0.138937950808868,0.118008208797875,0.2639576592145,0,0,0,0.150062618480769,0.0140615844809039,0.115283313470865,0.149522172483481,0,0.612404320599547,0.839414495751882
TARGET.20.PASWGL.09A,0.00258328175930488,0.200676105598763,0.120589053018226,0.0806865092966201,0.0171994989064077,0.199594249653125,0.0118335156088688,0.0569535544846816,0.0918039205122726,0.067620496686382,0.0921540236035551,0.058305790871793,0,0.832472553945765,0.619829257729946
TARGET.20.PAWESF.09A,0.0501053876710638,0.036194812395438,0.125063351634033,0.0682711064549029,0.11267437644794,0.252531949871067,0,0.0693998724128825,0.0835519964699628,0.0493140493542861,0.0916053335890994,0.0612877636993251,0,0.883695052427939,0.525981319757785
TARGET.20.PASCCS.09A,0.0980129803003885,0.0268141981762839,0.167563322426582,0.127576116232184,0.167452657944134,0,0,0.0503114965834658,0.147649513474663,0.0697357500165058,0.0723638071507195,0.0725201576950737,0,0.57767124805442,0.857628890481055
TARGET.20.PASRSY.09A,0.110169246025826,0.0264883763748254,0.184619495584142,0.0740699468712398,0.134152444826551,0,0,0.0779667584935801,0.116036211232695,0.050967237413337,0.138141227019395,0.0873890561584089,0,0.632251206283904,0.830598059457346
TARGET.20.PAVAZN.09A,0.0669738157291477,0.0353439203766684,0.144406615006818,0.0676872342691103,0.0703872195187579,0.240388998002219,0,0.0532027857532678,0.103392406917258,0.061440588185611,0.0769018152866068,0.0798746009545355,0,0.874986902218666,0.545620353379475
TARGET.20.PAEIKD.09A,0.0767674247563087,0.255852147918025,0.0489216461767654,0.0926169438319721,0.116189033309412,0.00115880875630034,0.0186621304164892,0.0432599525111369,0.0727907169518049,0.1109557354571,0.0739631349184106,0.0888623249962748,0,0.661875222660353,0.817537169640047
TARGET.20.PAVUJA.09A,0.0540229305731725,0.0887733641909745,0.123598217656374,0.0892287500284236,0.102690060449373,0.1068883537812,0,0.066713786344364,0.0590535618624732,0.08612984293536,0.130531215986623,0.0923699161916627,0,0.679463959767489,0.779548350918995
TARGET.20.PAWNBB.09A,0.0837712501746712,0.0134380190387173,0.161240051581599,0.107233223444072,0.174837213668329,0.029604467028534,0,0.0414076106550725,0.115610727605335,0.0861842022909128,0.138018473713067,0.0486547607996904,0,0.561445003016421,0.854492235431329
TARGET.20.PAVTIP.09A,0.124712177941875,0,0.132694502839309,0.104468323629312,0.0584786465058445,0.202042094415251,0,0.0459409262852579,0.0518802796248005,0.0693098281433389,0.122353386815456,0.0881198337995543,0,0.870248571869876,0.580672845461433
TARGET.20.PARTYV.09A,0.0978949110072959,0.0303794174950824,0.137450159469271,0.0771655997424941,0.0632950025722488,0.185732004150665,0.00113553834715172,0.0365344480668397,0.0926464806637273,0.125763171006384,0.0555311571903651,0.096472110288475,0,0.843932498653928,0.624064179763549
TARGET.20.PAVAGA.09A,0.0498423889233958,0.046173717134185,0.167826342063309,0.114108493455519,0.0699701308026524,0.198054427297866,0,0,0.0632520094990871,0.10695767326445,0.146229710834285,0.0375851067252499,0,0.632245884938472,0.776704298716274
TARGET.20.PAXHPH.09A,0.106418389798334,0.0351115970183716,0.13112860691661,0.13611366809041,0.120167110034482,0.0739661789917481,0,0.0429965599379559,0.0571890463497014,0.0455774237692398,0.163916757291912,0.0874146618012346,0,0.698156785116753,0.7811555637092
TARGET.20.PATHIW.09A,0.0567696796948999,0,0.172897688316143,0.156692513188051,0.102232910517167,0.0992564879791411,0,0,0.135853371350018,0.0650311721363976,0.103839313572133,0.10742686324605,0,0.625414343256273,0.810236809685743
TARGET.20.PAUXYG.09A,0.0929535265026763,0.0299842732950392,0.109259897707991,0.0741533958637352,0.105746970374632,0.0587028425710485,0.0365315321857557,0.0883861595463559,0.112684054521986,0.052533431402315,0.107928159421484,0.131135756606981,0,0.669002604100417,0.803227622981519
TARGET.20.PASYWA.09A,0.106252606804854,0.0329189664894345,0.103752346676191,0.14293610919509,0.0982497165613817,0.0413648185511263,0.0380643337780108,0.126889187910072,0.0939822430942928,0.054748788443776,0.0783431627126305,0.0824977197831402,0,0.456819159766127,0.896091945896404
TARGET.20.PAWJGZ.09A,0.177976453639214,0.0250794628177466,0.00789486020148479,0.235527830952365,0.0491936291721447,0.0198047244926565,0.00171438628881765,0.00253991721178702,0.122714541028111,0.0710261551599893,0.123201857440026,0.163326181595658,0,0.582389528369172,0.838784174939471
TARGET.20.PAXJZX.09A,0.071820580534983,0.0678390185022263,0.0826735902561613,0.121394237344292,0.11282701666145,0.0769815473155109,0.0219405199851153,0.0634295402046702,0.104849220421782,0.0438416328634995,0.112550954484023,0.119852141426286,0,0.685536295158668,0.793913996016577
TARGET.20.PARERV.09A,0.0412606387249919,0.0845803367096561,0.170882323152303,0.140038167229263,0.109390041419739,0,0.0584204166947081,0,0.159445790672392,0.0645487311384143,0.0791623420692983,0.0922712121892352,0,0.433634794129223,0.908489962162692
TARGET.20.PAWTBX.09A,0.0236226574922175,0.121511747877221,0.082385743096399,0.0770686945876778,0.099295152325682,0.0970541689997649,0.0424581468758818,0.0685300719019772,0.135035353974412,0.0876883031090153,0.0849084778574835,0.0804414819022679,0,0.559313236543577,0.845405336538251
TARGET.20.PAXJTM.09A,0.0622192539244793,0.0675702853156756,0.101368491008993,0.126341843406978,0.0455433894505573,0.191502947296188,0.0327583007149832,0.0232205499715401,0.103022747463966,0.0561578530532659,0.085643879814676,0.104650458578698,0,0.843441875297426,0.623621139565282
TARGET.20.PAUYIB.09A,0.125535263141341,0.0186943570200977,0.0765963383104936,0.215593826541035,0.106015235030255,0,0.0449898473870184,0,0.117721596635337,0.0466014313886797,0.134275646857384,0.113976457688358,0,0.555808952285437,0.857084049768187
TARGET.20.PASTHA.09A,0.0850821532544,0.0887236561473337,0.0502611107931523,0.158391525596945,0.0534867106204925,0.0831613912529179,0.0647519475968506,0.0284417680614684,0.0842120377239564,0.0948933972046198,0.0704653679058951,0.138128933841968,0,0.745187425091935,0.762803634805292
TARGET.20.PAWRUF.09A,0.0784005717289163,0.101929383631989,0.0905130447788697,0.0574451842224368,0.0428294725522015,0.203715691428607,0,0.0699406471092153,0.0879799858616871,0.0342203538355594,0.0859558600464783,0.147069804804039,0,0.702118644562292,0.728512256368319
TARGET.20.PANKEF.09A,0.0480975097525584,0.151906441779925,0.0296700429212434,0.0917315075732085,0.0741015646589125,0.228365158444811,0,0.0711396015438223,0.0365097965248416,0.0977978838171334,0.0145033338398114,0.156177159143732,0,0.783590501405998,0.656667733007622
TARGET.20.PARFAL.09A,0.0976634234657341,0.0285501879809942,0.145067089698403,0.112067471223863,0.115779798000128,0,0.022715196714969,0,0.108977301441378,0.0793950794505668,0.173565792890463,0.1162186591335,0,0.627963829837011,0.826731506082662
TARGET.20.PAURJK.09A,0.0180948333950599,0.126463747263577,0.0933046067517518,0.203878048177294,0.125285356363845,0.000601727104462291,0.0267315619309232,0.00470561141130206,0.093920842686982,0.069451586444712,0.132866821119066,0.104695257351024,0,0.654047611709687,0.82215303910334
TARGET.20.PAUZJJ.09A,0.126036483383933,0.0118567191528258,0.0698300738138233,0.181400094549136,0.13828388191245,0,0.0270050472419838,0.0735523308731215,0.018510306466482,0.0487302024265882,0.0916771974664429,0.213117662713214,0,0.412875278008089,0.911758327643809
TARGET.20.PATAML.09A,0.0840801869949005,0.076349401554695,0.109744073741687,0.0998214946376987,0.183476248795208,0.0187046819895297,0.0499905261591055,0.015495097488757,0.121414787958873,0.0921462139676114,0.0912343159185045,0.0575429707934298,0,0.58050749290534,0.85379706076205
TARGET.20.PAWIUS.09A,0.143095242802631,0,0.0961379581026945,0.0885096976607318,0.0311934282308703,0.250595641290767,0,0.0686465500885151,0.0532405093548774,0.0612043125583824,0.0706397847312826,0.136736875179247,0,0.834241553896512,0.586991283694017
TARGET.20.PAVSCL.09A,0.0547137552562826,0.0557237139109567,0.12221693504005,0.0957072269857808,0.0960827984270089,0.141975415476088,0.0100231038817613,0.051456045267996,0.107116308256811,0.0836859842358486,0.105863568851887,0.0754351444095292,0,0.723094332865531,0.740100128778584
TARGET.20.PAVHFP.09A,0.123719833843103,0,0.159776283332927,0.107871222745856,0.00930651577121881,0.236820715279095,0,0.00259940225240489,0.0396322354443687,0.0530052956008603,0.113584041405793,0.153684454324373,0,0.878542794525677,0.538340687486413
TARGET.20.PANTRL.09A,0.0973716691923888,0.17077130727812,0,0.174288880883005,0.139756854932649,0.012623797274571,0.0894620505222734,0.0660982250325095,0.0620800344317728,0.0688381261005607,0.052311334161589,0.0663977201905601,0,0.42235751148893,0.910955818780985
TARGET.20.PAURYA.09A,0.0220243014638702,0.0805378408197501,0.0852996625125524,0.114177359673413,0.145815078435968,0.201511027923913,0,0.0571386452792099,0.0907711100691799,0.044060030635916,0.0795320522291378,0.0791328909570885,0,0.816567022741256,0.641438265415245
TARGET.20.PAXKIB.09A,0.0938702194655307,0,0.155111453858573,0.112070294868383,0.0753668131029441,0.204591777168423,0.0140174437991334,0.0228673840205603,0.0900156497040856,0.0578011078266661,0.0876803434677362,0.0866075127179648,0,0.884957759457207,0.565520707944472
TARGET.20.PAWGVW.09A,0.0897840514071957,0.047612843064914,0.137567074007873,0.105472604082664,0.113938900120139,0.0563880077299779,0.0287938762522732,0.0437875393147042,0.117949569401166,0.0747508144445247,0.104305072470021,0.079649647704547,0,0.653225194864615,0.814660525908254
TARGET.20.PAXJWS.09A,0.0672242715115581,0.0343663858367343,0.134194352792417,0.125938996660177,0.118099270746423,0.0159289932550872,0.018061170849798,0.0786780523872237,0.116124417989213,0.0998929802356687,0.117999558265102,0.0734915494705991,0,0.676519687888471,0.809687777369385
TARGET.20.PANRIK.09A,0.123398983382881,0.0583728654481686,0.134270713282651,0.075656218699978,0.161549706681349,0,0.0129817399065021,0.106097988210444,0.0976684630900458,0.0717852546087515,0.0560198581097374,0.102198208579491,0,0.673134496892242,0.821998551556432
TARGET.20.PAUWZR.09A,0.0584465812860881,0.0687800008416871,0.0926578757439113,0.108413922990339,0.134330689754388,0.213933637972646,0,0.0741374798812163,0.0878298079092982,0.0515249103286532,0.0492385019572611,0.0607065913345105,0,0.846139010825376,0.606281079933939
TARGET.20.PAWLUE.09A,0.0529673683015285,0.0996493619517821,0.0807139890208359,0.0851187771418317,0.0956918323018494,0.191243832659599,0.00793992073455817,0.0663645529870522,0.0876084667126764,0.0582758501150599,0.112417905604382,0.0620081424688446,0,0.849961219938148,0.618266774642007
TARGET.20.PASPTM.09A,0.148495369674989,0.0433924543349032,0.126574721385231,0.0553874871330061,0.13716258232675,0.0832705358680253,0.0300083205690452,0.0667508209851654,0.0889274577314257,0.0561499101917206,0.0654550313374857,0.0984253084622528,0,0.622378494014214,0.821556154447547
TARGET.20.PASBHI.09A,0.0677288069225825,0.0927795532083072,0.117861595717337,0.0720368190686926,0.202111257309098,0.0998471968785415,0,0.0451764202466503,0.17666698288644,0.0646502500669921,0.0151592263358559,0.0459818913595031,0,0.575553708431849,0.8396998772233
TARGET.20.PAUURD.09A,0.0500186934088611,0.0718360694102046,0.113266418109009,0.0946860021680914,0.0651673643120939,0.231074166419263,0.0219783853820982,0.0584144381267837,0.105142419159031,0.058138723527104,0.0579087630141022,0.0723685569633578,0,0.794456945089997,0.638790499295177
TARGET.20.PAWVVR.09A,0.0864445624778122,0,0.183738162908115,0.0944715223265824,0.0376528693607191,0.2344506926975,0,0,0.0653844553962255,0.0434395490194135,0.131762341116848,0.122655844696785,0,0.859920966289208,0.558955453313671
TARGET.20.PAWZWN.09A,0.0805325157277873,0,0.16461942607222,0.0869270305229526,0.055090577189604,0.246218706491298,0,0,0.0811805701691254,0.0592525941431486,0.112495326856533,0.113683252827331,0,0.889835512410311,0.518331035396611
TARGET.20.PAVMZL.09A,0.0729165572496653,0,0.148510843452824,0.127534638697097,0.0633571191094734,0.219629876432605,0,0.0678911673170757,0.0710492891811138,0.0316385339230693,0.109829430232731,0.0876425444043455,0,0.878427255570933,0.555816847783085
TARGET.20.PAUSXS.09A,0.0702187002541562,0.101620916321275,0.13100041645923,0.0799481931701383,0.0486280972874085,0.183979065979512,0.00355426437817027,0.078014893536734,0.0499129552686015,0.0505682320960017,0.129598006250843,0.0729562589979289,0,0.751435976478924,0.695148646861753
TARGET.20.PASVYL.09A,0.160220823196923,0.0944266650446577,0.00447059324419107,0.211785580733071,0.0465426685217025,0.00671490956238879,0.0176043229628341,0.0929868542359388,0.0311239261477334,0.104246273543215,0.0579105464427128,0.171966836364632,0,0.596399691581366,0.834020846572702
TARGET.20.PAKRUP.09A,0.0161854638136308,0.200476979128909,0.100485227821837,0.0368142752509937,0.0436720678370411,0.176259322061978,0.00168487630714724,0.0932479934001562,0.0998695239770349,0.076656905232522,0.0759945245665068,0.0786528406022436,0,0.575532951540386,0.819982139467327
TARGET.20.PASVYA.09A,0.066294482582118,0.146843753925108,0.117530620430883,0.0689063416966038,0.0953430479113091,0.0525774520781809,0,0.0703846252503214,0.0922738161886042,0.0924824338477558,0.131773358446525,0.0655900676425913,0,0.664668791857894,0.80671383954801
TARGET.20.PAXEPC.09A,0.0431181578106963,0.0288441905511312,0.180462250006224,0.182155395857659,0.164224400782754,0,0,0.043702407540714,0.0905886332889147,0.0761781942605995,0.126351808014438,0.0643745618868704,0,0.578084770573006,0.852757880472333
TARGET.20.PARJCR.09A,0.0260754944993439,0.125860560276204,0.101204361361358,0.116500053303829,0.154555012331214,0.0084609913793153,0.0826746023507845,0.0459032172211103,0.0894295251673895,0.140014687849373,0.0569089095133646,0.0524125847467136,0,0.594823771453444,0.846596565889385
TARGET.20.PARIAP.09A,0.0420805771317845,0.108464259492493,0.0841088546324333,0.132306770162117,0.154131427891237,0.0148010076383518,0.00782604589218869,0.10063268968656,0.120656023791108,0.0683220405650405,0.0754693079560415,0.0912009951606444,0,0.631653236056955,0.836323354448062
TARGET.20.PAWWUN.09A,0.0908127948591633,0.0252477041247033,0.128827207318426,0.133263448611343,0.0280592481843317,0.213180475736312,0,0.0804623372808211,0.0390933502232771,0.0478487939830795,0.123481846494466,0.0897227931840776,0,0.862719279530347,0.577717037016277
TARGET.20.PAESVN.09A,0.0668975935429111,0.0303623183064372,0.137253934972714,0.0684651830081853,0.127173244311511,0.167173322576339,0,0.0370669714194715,0.128727845293949,0.0823441051166187,0.0862028563946918,0.0683326250571715,0,0.74299475748252,0.713661762063503
TARGET.20.PABZKY.09A,0.120338926238926,0.0929783194925513,0.145656449044666,0.063834713783326,0.14585816413225,0,0,0.0882057213237986,0.0852252733216856,0.0607989153116211,0.114731516282392,0.0823720010687822,0,0.591335776555097,0.849550221169188
TARGET.20.PATRME.09A,0.0115346181570272,0.14035781566491,0.109197067285249,0.112371706713906,0.141196524187723,0.180516445382732,0,0.0357339441211643,0.0679778549283056,0.0665478431837867,0.0949947308728677,0.0395714495023275,0,0.842275792128181,0.631603029496379
TARGET.20.PASPMI.09A,0.0521206320648961,0.17322472959054,0.0403190472976499,0.112510352111559,0.0976576726882026,0.0430644707890813,0.0380076501005548,0.107821103195888,0.0747774591439362,0.0500399281270949,0.086252397049998,0.1242045578406,0,0.520925718262171,0.871271725872098
TARGET.20.PABGKN.09A,0.0192405239824724,0.150974809698954,0.0673721300679339,0.0974853919348441,0.116133234432526,0.174260606834441,0,0.0933786592068586,0.0615878277159333,0.0785848904183246,0.0671490238001154,0.0738329019075963,0,0.836777652854212,0.647936371709855
TARGET.20.PAWWMZ.09A,0.089845525421186,0.0571794154502359,0.130184460510683,0.0925499631365294,0,0.207366976778111,0.0362508318656376,0.0592851456564698,0.073480455611815,0.0485266373524212,0.139106727853956,0.0662238603629548,0,0.786399174945173,0.651266017993373
TARGET.20.PAVGIV.09A,0.0493625503272204,0.087872797943773,0.0923261851323386,0.0969501467101593,0.0925530864425033,0.218201831138335,0.0270305873129095,0.0425308613204944,0.086644401746637,0.0584583722965904,0.0779061465062559,0.0701630331227838,0,0.843757953971674,0.602981925589267
TARGET.20.PASUVD.09A,0.0996097165998396,0,0.136902529908186,0.103169673710703,0.0649329581831529,0.215321213216193,0.0106694314773569,0.0931466789684795,0.0763185084779005,0.058211031323823,0.0531917675134951,0.0885264906208704,0,0.886776989354922,0.555893387693921
TARGET.20.PATAPC.09A,0.0316178056665304,0.0903344027745525,0.121764100138706,0.0538371550176922,0.13109086851733,0.245821664706347,0,0.0324665980123424,0.100484475977636,0.0528489008376489,0.0871252020073926,0.0526088263438225,0,0.880207709957842,0.537212426972377
TARGET.20.PATKEA.09A,0.0187668895146643,0.0825961601028798,0.143874056922599,0.159311318407256,0.174288733132769,0.0585806900154101,0.00878844072644401,0.0100440957061115,0.107381729429244,0.0833214742612841,0.0953336481426698,0.0577127636386687,0,0.644571132762107,0.818704644644074
TARGET.20.PAVNVF.09A,0.0165167641362111,0.0571741964088603,0.178025554320728,0.156414080893083,0.134612149297941,0.0862408253968599,0,0,0.135476553675515,0.0523784862323436,0.129829679082746,0.0533317105557134,0,0.569755294554061,0.840348864161034
TARGET.20.PAUNYL.09A,0.0893119387456167,0.104029279758141,0.0822842487590036,0.13276800644118,0.15390104980872,0,0.000734903315756452,0.0233000866249924,0.0710526977751278,0.0929218743636807,0.155572334247913,0.094123580159868,0,0.606999735863552,0.838007232698617
TARGET.20.PAYKSD.Sorted.CD34.Myeloid.Mono.09A,0.0406657418726787,0.0994578151104135,0.129529769847305,0.0644061512760264,0.064997022870757,0.239249511317495,0,0.0397940856118214,0.113127562538145,0.0611840661466885,0.0926689208892239,0.0549193525194443,0,0.859292935480375,0.56483132938606
TARGET.20.PAXAAA.09A,0.0862725483179474,0.112024689760396,0.0984388352001588,0.114290992635893,0.108827389023255,0.00555363936252606,0.032730380069647,0.0702602102763929,0.0752785556286899,0.0904628660827063,0.120999106154589,0.0848607874877986,0,0.666358043702081,0.815877246145853
TARGET.20.PATFZR.09A,0.0509770882513984,0.155479236428065,0.076787180004696,0.0758389938925154,0.0437465216243467,0.168600042106356,0.0474805949233462,0.038196247633552,0.101727185532452,0.111373123415565,0.0514950468300894,0.0782987393576172,0,0.707337354849415,0.740799994767517
TARGET.20.PAWWTP.09A,0.0899406562625627,0.0198148728679566,0.134056879293433,0.0680724375241881,0.156198895463842,0.0210972484127071,0.0730653682232456,0.00799575535280258,0.136356694098414,0.089182483646478,0.153843723873074,0.0503749849812962,0,0.570819044747806,0.84762797390478
TARGET.20.PAYJAX.Unsorted.09A,0.0474564865889698,0.105001253605919,0.0821866708393839,0.177225014681383,0.141111014619854,0,0.0829810878433555,0,0.102450875177027,0.0700982362202911,0.101908827238387,0.0895805331854288,0,0.675037868714196,0.816472054176557
TARGET.20.PAXLMS.09A,0.0680289942869492,0.0206169006053933,0.145527110863385,0.125950116919633,0.054354071120983,0.224114426106948,0.0105073346641019,0.068953542770999,0.0391093578069329,0.0356097070285676,0.130996143555529,0.0762322942705772,0,0.871727179669052,0.556643965671373
TARGET.20.PAXDSN.09A,0.0556942170306814,0.178622237424846,0.0618111665784359,0.15390473249078,0.0690773444360658,0,0.043762578385682,0.0251506320990941,0.0438770659195547,0.0777055796667803,0.118787299169684,0.171607146798396,0,0.685748904682687,0.800704588843104
TARGET.20.PASBGZ.09A,0.0444455815366756,0.229597109802669,0.0597548193021201,0.0858876341112922,0.109732916268118,0.00600631956286086,0.0674545306296875,0.0428478706611184,0.0658101777394827,0.0903384067324936,0.102990206347897,0.0951344273055859,0,0.575458531795465,0.850254238372483
TARGET.20.PARUSN.09A,0.00189026354344949,0.242294423543497,0.0522852003547198,0.0904974380981396,0.0429503052025229,0.20267274715582,0.019093758775789,0.052922143003046,0.104713744310732,0.101232766815084,0.0454523368129099,0.0439948723842903,0,0.802079064640833,0.651780931363534
TARGET.20.PARMMN.09A,0.0766978643315647,0.0416144819403547,0.130125064729571,0.101280886182827,0.105301929373653,0.250880071408658,0,0.071380426522713,0.0168133998419359,0.0376843258226102,0.0955512614860575,0.0726702883600549,0,0.777882019113695,0.642495641442344
TARGET.20.PAWYEM.09A,0.046995949216875,0.0764888435090208,0.0822358079702261,0.083035782621639,0.0973920487697056,0.239572595036487,0,0.0860917605495309,0.071867149336757,0.0716252409301965,0.0575566508180832,0.0871381712414793,0,0.888184928904356,0.540779695744468
TARGET.20.PARCVP.09A,0.0510954959103827,0.0853313976955454,0.0921024608444836,0.0609734690010161,0.129908380930187,0.24096023258761,0,0.0602406189945275,0.13475536946816,0.0767333134800445,0.0164313838719747,0.0514678772160685,0,0.893295288500901,0.53428396729917
TARGET.20.PASSPT.09A,0.0214931059803335,0.0990410154063658,0.115898635718149,0.123844630716905,0.24441905986074,0,0.014554135250989,0.00844214675565793,0.152330265860067,0.0604596442780312,0.0929298778736458,0.0665874822991159,0,0.704408030421074,0.809177062382082
TARGET.20.PATVAV.09A,0.0446339133019929,0.0474869545802841,0.150790834856951,0.0822069281925033,0.216219520801651,0.0681561080620816,0.0104420003247764,0,0.184395045158131,0.0648266415010901,0.0733247820284909,0.0575172711920481,0,0.711526935919113,0.78615595535488
TARGET.20.PAVACZ.09A,0.0684197829682655,0.0502396367824484,0.121905161762607,0.0810605998854275,0.114400095527408,0.127547252132228,0,0.0703027747060605,0.0939494733613551,0.0818078460446283,0.116550560243574,0.0738168165859972,0,0.741116961974251,0.736147829735292
TARGET.20.PAVBIY.09A,0.0547137378572889,0.0400230476397055,0.139422066468156,0.108530728612525,0.101853393415963,0.0162846891475139,0.0513286024961609,0.0530059475188323,0.0947097898611722,0.110276621289449,0.164974800377904,0.0648765753153299,0,0.587477513614014,0.837595059293294
TARGET.20.PAWNYM.09A,0.0796799991206713,0.0958151417375469,0.141352387490722,0.0930453062652118,0.199628958769589,0,0.0195321403805001,0.0472941625309586,0.102857592698202,0.0361071268534335,0.11368315776747,0.0710040263856949,0,0.578867502905628,0.856561239298203
TARGET.20.PANKFZ.09A,0.0322291272091155,0.243691283890138,0.0187805257256866,0.0543722056615195,0.0858877615376782,0.246863957855584,0.0240325109161592,0.10416376124757,0.0546608926792986,0.0994372372702879,0.000205278527168198,0.0356754574797952,0,0.841124331359665,0.58925621388979
TARGET.20.PAWZVT.09A,0.122824888542053,0.0475266517942563,0.0707446150368063,0.0818499424225836,0.0691209967519333,0.199369326771444,0,0.103507688577338,0.0543458812362083,0.024266348742347,0.0832362207225415,0.143207439402489,0,0.799367839720361,0.654614988162904
TARGET.20.PATGUB.09A,0.154726159446259,0.00122103795511207,0.145070728939917,0.0873031305490299,0.0303820060534022,0.217936027640239,0.00650891171957903,0.0397588631497835,0.0507768906428396,0.0929995395079773,0.0504438128729303,0.122872891522932,0,0.873411972017446,0.565580432236137
TARGET.20.PASANH.09A,0.0621395804214729,0.128129871652287,0.0870600255985442,0.0903778210109157,0.0600805267432038,0.198134591996619,0.00902383394249356,0.0409461345787004,0.0982838250817723,0.0510430364066172,0.0974684951866987,0.077312257380676,0,0.875168317210529,0.592175962192319
TARGET.20.PAXBXU.09A,0.0876095505471945,0.0313181156327079,0.134890759856668,0.122115154981133,0.0623500763951954,0.0902889496563096,0.00425937429023763,0,0.13712711742932,0.0773388186498967,0.152499556299282,0.100202526262055,0,0.608866086217085,0.819789698165994
TARGET.20.PAVSEJ.09A,0.105374300919924,0.0512642388626402,0.0969773870064649,0.0567774188549009,0.0735353995349682,0.212642398721282,0.010880838335291,0.0578915928436835,0.115856720199248,0.0561131425210617,0.078568981051622,0.0841175811489145,0,0.853610975522791,0.597773197627119
TARGET.20.PAPAEG.09A,0.144690894600507,0.0215754431924932,0.119517254834562,0.143246519489356,0.0873512313418646,0.0865154926541498,0.0662878156549191,0.031573010174973,0.0594638399626187,0.0677204101181819,0.0601452792460105,0.111912808730364,0,0.541024745498593,0.855282974810139
TARGET.20.PALWFK.09A,0.0881520217720375,0.0452352717380705,0.0682404973413951,0.145276956499422,0.0760153298123196,0.17898613534117,0.0366715815467518,0.0346975051816151,0.0546067079023527,0.0841322952209482,0.114449710637963,0.073535987005955,0,0.73772464658959,0.712439808997087
TARGET.20.PAWGTG.09A,0.127621567771255,0.0152866608465807,0.152067826708139,0.158661020462542,0.17538809555557,0,0,0,0.0943205718008683,0.0612518259957415,0.135076089108862,0.0803263417504419,0,0.499228105240354,0.882081480527369
TARGET.20.PASGGK.09A,0.100208253105765,0.0562395520710674,0.0717212800048464,0.152498772321538,0.0878342988156549,0.0185828399560474,0.0326714942589466,0.0555461328006756,0.096764827034795,0.101329739118052,0.109147903783141,0.117454906729471,0,0.676959083394783,0.808284418184412
TARGET.20.PATLFJ.09A,0.0853686889845351,0.0473807883861133,0.107301182975755,0.0773993435924471,0.20744408477612,0,0.0741914557157427,0.0656188003219258,0.0649252525218457,0.0352310799527415,0.103553038716011,0.131586284056763,0,0.62231001321184,0.834873798152052
TARGET.20.PATCTM.09A,0.0720705817073013,0.104823411207644,0.0808413539612857,0.080534040213957,0.100172310159537,0.134983345821665,0.0350790370093902,0.0601387501996209,0.0793322388978242,0.0743034427025652,0.107348252199703,0.070373235919507,0,0.744144219601914,0.733562418762724
TARGET.20.PAXKZA.09A,0.0491328478146019,0.122961240705015,0.0792500087524215,0.0734111959619319,0.078800430762815,0.215572964264875,0.0296749976468941,0.0443626305700729,0.0946207905873416,0.0634788278562387,0.0844244592123069,0.064309605865485,0,0.821904486405502,0.625339355887064
TARGET.20.PAXISV.09A,0.0409536545376679,0.038750201441585,0.105551814230525,0.134361397866358,0.107947370520176,0.229320936094049,0.0218287782377212,0.0757725939881267,0.077434137892652,0.0732042394762325,0.0452533624398056,0.049621513275101,0,0.884214650186246,0.550940867857831
TARGET.20.PANGJY.09A,0.0470099937884841,0.231493924525246,0,0.0712818961195584,0.0689918573137164,0.112244898806238,0.140991268674559,0.108173920964829,0,0.0979685660292417,0.0313759950409527,0.0904676787371732,0,0.412396871546346,0.910555463212563
TARGET.20.PARYCU.09A,0.0649226624721131,0.171939429402449,0.108059319209978,0.0874050849886331,0.105940561265434,0.0087344182645838,0,0.0220878783159233,0.105518981444873,0.0747019283683624,0.123202443921312,0.127487292346338,0,0.680782885398046,0.811816728810433
TARGET.20.PATJKC.09A,0.0987145023277258,0.114684581880553,0.123731500842412,0.0770985218665356,0.0385662691037785,0.171208077198793,0,0.0396006954805712,0.0827992808872459,0.0417198283693766,0.121309525604804,0.0905672164382045,0,0.626518256495776,0.788959432498979
TARGET.20.PASDET.09A,0.0546726428937387,0.159551931758282,0.088609724499734,0.0637176621411531,0.0764993096505835,0.120674708124992,0.00254183383774506,0.056936018351923,0.0924833197488507,0.092758626420051,0.115685127980451,0.0758690945924967,0,0.575069271113005,0.831374061004755
TARGET.20.PAURUT.09A,0.132312019526534,0.041465457319645,0.126985434914377,0.0499295856405803,0.115644222778302,0.0343436272626999,0.0677941626163506,0.0944442654675402,0.0602946340010643,0.0448711668717393,0.096947936725971,0.134967486875196,0,0.380803937460939,0.924616873222162
TARGET.20.PAXHZD.09A,0.0901161565414701,0,0.119617521553772,0.0993615681477434,0.103281974049183,0.221625435636885,0,0.0598945464225298,0.082659025609639,0.051885577184236,0.0891510864058659,0.0824071084486754,0,0.878133932620268,0.561134155789012
TARGET.20.PAWPET.09A,0.117444785657863,0.0338722594347551,0.0697612778619513,0.116151178596058,0.0111972524827776,0.206652784329292,0,0.0886212153090247,0.0732368055246649,0.0574788627385526,0.110836831553049,0.114746746512012,0,0.771354130575776,0.671618146988881
TARGET.20.PAXMBS.09A,0.0846089417572912,0.0262182277687307,0.133198757804143,0.0735107380693411,0.0865570184596485,0.193762855389117,0.0291360522837298,0.028656676306077,0.106544947851762,0.0507473949841725,0.115919379941254,0.0711390093847323,0,0.781141024496693,0.667439131529099
TARGET.20.PAXFEA.09A,0.0632432789718886,0,0.182373111280809,0.10019486860095,0.0636543271569305,0.248236498762907,0,0,0.0930492362736303,0.0643751174502478,0.129344314953264,0.0555292465493739,0,0.842831182359311,0.568885578856952
TARGET.20.PARUTH.09A,0.115081008731447,0.0274165425687034,0.0870546106902015,0.0866827575861359,0.0951192961800742,0.21515421913183,0.0119344665956648,0.0784361404210495,0.116243127822179,0.0706443038992296,0.0253780968564253,0.0708554295170601,0,0.835049414365492,0.61589056618146
TARGET.20.PASYTG.09A,0.094383674302629,0.0827971502231139,0.120554494545017,0.0783344216502789,0.0995803671651009,0.195777941546648,0,0.0658435552004886,0.0723425095896899,0.0787239790725506,0.0511122668873162,0.0605496398171671,0,0.770770700983162,0.679737748020418
TARGET.20.PAWBSJ.09A,0.072646315466711,0.0417329944773622,0.0903599749623479,0.113199118891712,0.0977462143586706,0.247473315740074,0,0.0639149465745026,0.0559971737502349,0.0177870376103658,0.0887640567260834,0.110378851441936,0,0.874954930711406,0.545926800886557
TARGET.20.PAXEWG.09A,0.0980837963934102,0.041279437083201,0.105135191548791,0.089598415238288,0.0732920072897921,0.100790491607014,0.0181384593436965,0.0701084629490646,0.0681271099226635,0.0721011628341944,0.133674748141834,0.129670717648051,0,0.655139008355599,0.793205405664447
TARGET.20.PASDXR.09A,0.0651766926791568,0.0901976386568413,0.0775523413035466,0.1291141425699,0.123183257491297,0,0,0.0699581288456981,0.0488983329676284,0.0760620976903669,0.157980858624098,0.161876509171466,0,0.69097439292545,0.796723519617015
TARGET.20.PATJNI.09A,0.0679647219810575,0.142513220449402,0,0.198813030913199,0.0665698174808706,0.0125663367277785,0.0827048265068245,0.0815307138422369,0.0315389400477539,0.113735185664891,0.0440055598661905,0.158057646519796,0,0.658919613490782,0.811877903010154
TARGET.20.PAVLGZ.09A,0.0660983614537588,0.0305106277032348,0.142775270127593,0.154724648383024,0.128912021372417,0.0333070186079766,0,0,0.0945018065692792,0.143835225501161,0.127953863456182,0.0773811568253744,0,0.637068942182695,0.820597634345279
TARGET.20.PAWMHE.09A,0.0855152608113792,0.114557400066248,0.078430458719296,0.139237304287227,0.12596776141206,0,0.0703563634701797,0.0529108008712522,0.0779784638369697,0.0757040431821245,0.104954358759773,0.0743877845834907,0,0.63404864805247,0.830880870940567
TARGET.20.PARBTV.09A,0.124103107510372,0.0235562458487536,0.0615865420601788,0.089874029674903,0.0599694677544353,0.210025772471819,0.0149475252948726,0.0555827664764076,0.149096552049962,0.0865824088142089,0.00438102213515736,0.120294559908929,0,0.851913742074418,0.607637293984851
TARGET.20.PAKVGI.09A,0.0897642014332111,0.0715489920526046,0.0751742821689506,0.0832294645692859,0.226617567718736,0.0356123427030558,0.0072196350459476,0.067290451201652,0.0859752260962666,0.026625479268127,0.0882478882923502,0.142694469449813,0,0.665408013316973,0.817020825866207
TARGET.20.PAECBZ.09A,0.0614118865195812,0.054075005335336,0.117936686023142,0.0351649471562388,0.0746037979970272,0.23618155843678,0.0305016308176687,0.0133850890463576,0.0883446843241405,0.206272923131858,0,0.0821217912118696,0,0.856353069717376,0.570263770644078
TARGET.20.PAXLHS.09A,0.0707408607944013,0.117218290172734,0.0747177830803317,0.192734924118051,0.0987913842043911,0,0.0399252087596067,0,0.109615291410334,0.0577942451685509,0.134121101958372,0.104340910333227,0,0.611430721764652,0.838457035083303
TARGET.20.PASPKE.09A,0.0539985587227319,0.0545677547589026,0.161910644383622,0.0845530494424673,0.176517414324969,0.0628817125807273,0,0.0552492295572672,0.176242367867089,0.0941582070147858,0.033840278188687,0.0460807831587509,0,0.545505964173906,0.860098803530566
TARGET.20.PAPVCN.09A,0.0231556914454776,0.209838603383982,0.0905379769466658,0.053658744780672,0.0515129872741509,0.229388404283011,0.0138996627893315,0.101660373915966,0.0579069936842522,0.126046740159594,0,0.0423938213368962,0,0.580646679288329,0.813862573085417
TARGET.20.PAXETC.09A,0.0268247932066371,0.20357564532739,0.0906443025625559,0.118550351510149,0.096255008737157,0.0234153233037047,0.0856687985649519,0.030401337352619,0.123341600090837,0.0643497632179425,0.0864913973178585,0.0504816788081975,0,0.521613171485425,0.873485264043029
TARGET.20.PAVIYH.09A,0.15983233972079,0.0261559768167152,0.0615772848422921,0.202128971338436,0.0487481341345212,0.0166004144517038,0.0204507355704949,0.0895562485093209,0.0501413751669291,0.0613994681750905,0.11606375470695,0.147345296566757,0,0.683493886980457,0.794771948301878
TARGET.20.PAYBSY.09A,0.0196045022286585,0.0832376340183268,0.129868353405481,0.154731796311424,0.108948504675628,0.0387708008076726,0.0600387899273831,0.0116846570234785,0.059790106829827,0.0831216317773438,0.176302042931565,0.0739011800632124,0,0.598081040425882,0.83181928380171
TARGET.20.PARMZF.09A,0.0489499639530217,0.164667254964694,0.0653135294105805,0.0535311322577402,0.0857715641746298,0.23188139240048,0,0.0608797754570339,0.0774589057319432,0.133467550542051,0.0178547415883877,0.0602241895194384,0,0.870610149473457,0.56844664100599
TARGET.20.PAUUSX.09A,0.0892559080806026,0.0742915200932059,0.0756353658506622,0.137176981976824,0.0597443251098489,0.0296152154387231,0.0316159736006831,0,0.102172895518607,0.101897562223954,0.089960485010782,0.208633767096107,0,0.594289428667949,0.83839934179123
TARGET.20.PASBPW.09A,0.0885772929377401,0.0246225183096462,0.134772870053819,0.0730366188745291,0.0823092851064356,0.17559188334281,0,0.0796017703881264,0.0845257892841702,0.0604329646054538,0.119253154163872,0.0772758529333965,0,0.680934009752491,0.750088600490645
TARGET.20.PAWLGJ.09A,0.074599824485999,0.0323909462576137,0.1013208209249,0.126966625964262,0.0270306012902256,0.184727109841013,0,0.073173236543958,0.0767793403555114,0.0589315585763914,0.12032148806368,0.123758447696445,0,0.844301453525583,0.622516362357484
TARGET.20.PAPXRJ.09A,0.05132849037182,0.131095408917365,0.114649548652852,0.0724380926820447,0.172454990127334,0.0709806637865673,0,0.086954881841152,0.0889643414499493,0.0729383065031503,0.089726352643527,0.0484689230242384,0,0.644592794699063,0.815387338534159
TARGET.20.PAVZNG.09A,0.143559317993747,0.0907025230326729,0.120263543751114,0.175116127691254,0.0816505830393785,0,0.017324777456997,0.0547956613562366,0,0.0363323163840323,0.181334729829702,0.0989204194648652,0,0.600300266197637,0.833876535993632
TARGET.20.PAYKGV.Unsorted.09A,0.0548708639092777,0.0857095960163729,0.0942770159042451,0.102374203878399,0.0960693281532892,0.221522080381921,0.00444884483479537,0.0553372282925254,0.0997250052753685,0.0539755114674401,0.0761329396729617,0.055557382213404,0,0.868890425661664,0.576288623312926
TARGET.20.PAUTWE.09A,0.0868012475215402,0,0.0760366325034119,0.171471059147792,0.0302776979487102,0.25820155558903,0,0,0.0881205167935429,0.0466229341474896,0.114579339002366,0.127889017346117,0,0.883314083029891,0.526830886544384
TARGET.20.PAWMEZ.09A,0.0687094040846955,0.0846719208212612,0.146239994760607,0.0655679848205134,0.161133171182452,0,0.0227817484474665,0.109531611683346,0.0584485392706672,0.0829250367968465,0.104449921048708,0.0955406670834366,0,0.532455913459648,0.870419878394458
TARGET.20.PASNIY.09A,0.0443484562660778,0.235571967553197,0.039182806714804,0.0838053721370075,0.128731679464237,0.00214148912584158,0.0673980575985556,0.0598270732920406,0.0796039648645393,0.085818630922456,0.0854856448835397,0.0880848571777043,0,0.646199197879785,0.822861079852304
TARGET.20.PANKLP.09A,0.0990057550543691,0.012579720384549,0.0919536036278877,0.0978772126757692,0.0846884795314795,0.129098439936452,0,0.0618606085460452,0.0894536900076306,0.124118371032479,0.108613665461906,0.100750453741433,0,0.701897341474995,0.75767870312561
TARGET.20.PAVPMJ.09A,0.0910306688612455,0.0353806721937059,0.145893362704584,0.072330802598427,0.0879548296699735,0.182406781447005,0,0.096055948596252,0.0911420110630703,0.0510235329845499,0.0811125572955033,0.0656688325856845,0,0.732100882560898,0.712080039228778
TARGET.20.PAUXKI.09A,0.0752975888004417,0.0291268772488556,0.142928630276856,0.0924808879965325,0.0846437543637985,0.203159019769217,0,0.070610630998624,0.0668004956007946,0.0462342847166732,0.0993274686002729,0.0893903616279337,0,0.897230899728422,0.555601316277385
TARGET.20.PAXLDJ.09A,0.114017798177001,0.0290283208455544,0.0926513247009411,0.11694462497424,0.0173628056209361,0.227798486114714,0.00556022940445365,0.0637056463953004,0.0620674116899736,0.0460289526761908,0.123020304676436,0.101814094724259,0,0.876922742331464,0.555868807894746
TARGET.20.PASWIM.09A,0.0946125846971061,0.0826308557413949,0.108849326494091,0.0754272634221483,0.0937692781879521,0.188352377317757,0.00990374340980441,0.0777993048045755,0.0635103449692768,0.0500406946308424,0.052995026902046,0.102109199423006,0,0.867463316900697,0.607847727814861
TARGET.20.PAWSKR.09A,0.0639390161917211,0.129585056478838,0.112943256334237,0.0913692801277351,0.145733488871181,0.0297838504028333,0.00863607519439239,0.0465290132466202,0.0742929837664124,0.0777850292181643,0.124091532786801,0.0953114173810639,0,0.670340016007896,0.814172958415076
TARGET.20.PAULWG.09A,0.0977686682451363,0.0826605069959255,0.107011441643075,0.110785829970949,0.0611660868425734,0.158446389824084,0,0.0670917485891641,0.0368326138539692,0.0397236659252904,0.111130200591365,0.127382847518468,0,0.7895900750853,0.686817810661196
TARGET.20.PAWITY.09A,0.0926738851419759,0.0291819792814271,0.116604950665859,0.1006860086285,0.0658643124458078,0.201600021164679,0,0.079439869928329,0.0866806494401477,0.0420795204630126,0.0993619406473207,0.085826862192941,0,0.894743432104468,0.563523757680946
TARGET.20.PAWNGI.09A,0.117089128068646,0.022369708291581,0.096957595227245,0.168947722827141,0.103740234349137,0.0012750154210808,0.0759983702974224,0.0213930452890682,0.0339805964703048,0.0489200822785088,0.154563228486151,0.154765272993715,0,0.650721721303082,0.810924128625288
TARGET.20.PAXIKL.09A,0.122463266182102,0.0269179385107381,0.154435166331835,0.0722008716428557,0.0774434313506508,0.197269485988787,0,0.0447666755463212,0.0617722923113671,0.043492025321625,0.13270472123261,0.0665341255811088,0,0.853073105226637,0.599057729122491
TARGET.20.PAUWPW.09A,0.0458244074894467,0.0858695570683032,0.120686333697088,0.110520216327286,0.0792920236859831,0.178205297823957,0.0198573665228061,0.0320036502736044,0.102437382341422,0.0552773337600843,0.111535864473497,0.0584905665365223,0,0.854028755156757,0.622259550193332
TARGET.20.PAUWYG.09A,0.0817387555844243,0.0414931313258145,0.11179066579656,0.0928170873251098,0.0711601013710891,0.170302315992769,0.00525205619770557,0.0785785048917191,0.0915372948571541,0.0532683398173433,0.115035838672273,0.0870259081680377,0,0.840932233545499,0.638797228408834
TARGET.20.PARXFJ.09A,0.154275215938478,0.0201279703187215,0.0747490742950125,0.0803647492827846,0.0168745602537961,0.255746692852604,0,0.0608383675677104,0.0195371102305252,0.107473833983693,0.0448081057560542,0.165204319520621,0,0.891866083711698,0.51928298813491
TARGET.20.PAVTRU.09A,0.0375401236155421,0.0440675057754975,0.123184274686547,0.13721417207056,0.0646114511893559,0.0878713915489947,0.0319110258766188,0.0283878000992662,0.0332472269198425,0.0930881199297514,0.206625852474351,0.112251055813673,0,0.562234842920559,0.83667774650337
TARGET.20.PASSBI.09A,0.0813996844441334,0.0680358526899019,0.105724259724749,0.106559240986537,0.13945546667807,0.197394007474324,0,0.0376746272017304,0.0606662594331703,0.0452521264422956,0.0710350799328704,0.0868033949922196,0,0.780638587349516,0.672308142719165
TARGET.20.PAWURP.09A,0.115012867911671,0,0.180879650829135,0.0821882607980969,0.150684102473505,0,0.0212011278452536,0,0.0788825756585215,0,0.0955717397942329,0.275579674689584,0,0.514584084030959,0.867494132636452
TARGET.20.PAWWWE.09A,0.0884344947851497,0.0330794687467772,0.100766078159783,0.147723810054126,0.198335015151997,0.00938821559455355,0.00418199029525468,0,0.0776698142944879,0.0119486541307814,0.138161777726276,0.190310681060814,0,0.541326663117663,0.862221204588728
TARGET.20.PAWBUN.09A,0.0944964977214124,0.116828862740115,0.0530322260224153,0.208886432301923,0.085068331860642,0.000635424216581237,0,0.0545330104871907,0.0658113933746274,0.0758808122726104,0.113739471594696,0.131087537407786,0,0.633680248572197,0.826486301794652
TARGET.20.PAUYWJ.09A,0.0706409446256786,0.0542632962152294,0.14242200686475,0.104194884076703,0.0494701510109091,0.15787826270361,0.0121876555494599,0.0708247993378614,0.0732344896893694,0.0571367624074523,0.124164335657706,0.083582411861271,0,0.720899605883707,0.729611632870301
TARGET.20.PAPBEJ.09A,0.0358525210914387,0.0841233749843772,0.0524266331796675,0.0428783226118089,0.267999829178895,0.0106197691432576,0.0609720591692958,0,0.144601416291357,0,0.072373681305075,0.228152393044828,0,0.600237581792856,0.834322721645736
TARGET.21.PATISD.09A,0.0503414043854149,0.0584457547895777,0.0782235061313598,0.203879752844909,0.113202374516122,0,0.0499415302809417,0.0177607621563761,0.109796055651903,0.154811084919897,0,0.163597774323498,0,0.378064878646493,0.926499522208877
TARGET.20.PASYDC.09A,0.066774929942292,0.135980932444672,0.0853728470192156,0.0879162953953881,0.0277809227079326,0.230782831559784,0.018824704639247,0.0392181834089654,0.0872633415077155,0.0781918021448345,0.05490476849562,0.0869884407343339,0,0.876187730272812,0.561986072241831
TARGET.20.PAYHIY.Unsorted.09A,0.0760767569540401,0.0206185892124915,0.141413593145501,0.0840388890563305,0.0959726734659138,0.263499252158165,0,0,0.0921555841785165,0.0552938139486557,0.103962972960512,0.0669678749198736,0,0.80976245093838,0.603753467627846
TARGET.20.PAWNLU.09A,0.0767307257321626,0.015602369441409,0.173426716655344,0.109620774442242,0.071072746716155,0.172892490648254,0.00824777564754115,0.0726802640366245,0.0666651842507279,0.0501626232693629,0.118464464484829,0.0644338646753471,0,0.771498226444069,0.682525654059921
TARGET.20.PAVJPL.09A,0.085929877805262,0.0242964334197357,0.144539575618678,0.0904078445818072,0.0226704911512366,0.214787827012913,0,0.0509518867676229,0.0720321652339915,0.0783133672546937,0.0937053569846191,0.12236517416944,0,0.643041410992556,0.768369313457853
TARGET.20.PAWTWW.09A,0.114951549264186,0.0659771380543172,0.0365646904324591,0.135725257566489,0,0.200513877285412,0,0.0435426103406036,0.0391549757554919,0.0478490726627878,0.101942971764835,0.213777856873419,0,0.80939846789997,0.643392742660138
TARGET.20.PAVGAM.09A,0.108065268679632,0.0408337082521287,0.121417645662926,0.101455646409575,0.142167673547651,0.0674213471992117,0,0.054818625792752,0.0807537599215293,0.045515966207586,0.143685371446879,0.0938649868801298,0,0.718862324697557,0.778237551610167
TARGET.20.PANLXM.09A,0.0741160415078148,0.052205477084162,0.103498939535382,0.0671023456639743,0.158955472116113,0.0792684938092476,0,0.0124779667371432,0.160717777754198,0.0585528876927533,0.089246598936587,0.143857999162625,0,0.600517204042438,0.832741089177582
TARGET.20.PAXIEP.09A,0.103628912362505,0,0.151050006258987,0.0904779128315147,0.0834126404157557,0.222046716235267,0,0,0.0849240392319068,0.069328744471737,0.105405452527431,0.0897255756648964,0,0.888225272411833,0.545177572136259
TARGET.20.PAWAIG.09A,0.00764137275502721,0.117129148055544,0.111380187932649,0.157255568212479,0.227758584884392,0,0.0536281554538707,0.0268979065717645,0.0691196802394132,0.0673896535397748,0.113378726284279,0.0484210160708075,0,0.629133475904782,0.833618189821006
TARGET.20.PAPUNR.09A,0.0624474684429456,0.167547194464684,0.063200263345955,0.0792956646732064,0.11661136398518,0.0245558038346045,0.0270903986168898,0.10752338350498,0.115803524754077,0.058484398422252,0.0857622832915332,0.0916782526636927,0,0.576952761737414,0.853205800192595
TARGET.20.PARHYP.09A,0.0790153361319021,0.0642597601273298,0.130408003896517,0.0827611635254207,0.0780600527848073,0.213658588776839,0.029278437635438,0.0754632111356674,0.0707267206185506,0.0329119797544725,0.0837337854267579,0.0597229601862974,0,0.848773336907963,0.595605395116351
TARGET.20.PAVSIZ.09A,0.0576881047489534,0.0761025504622687,0.117302389109535,0.104819774320502,0.0642637451171518,0.175863555147534,0,0.0603410669710446,0.118668063494023,0.0607715339226481,0.0952007866459871,0.0689784300603528,0,0.784326427925403,0.680298780882005
TARGET.20.PATESX.09A,0.0533616733993151,0.054033013334579,0.0748700747644546,0.0998317632173276,0.203012380000703,0,0.0624992238663267,0.01289891917419,0.0974501450252383,0.0139465105624208,0.0799924924520815,0.248103804203363,0,0.555298180402841,0.853031369508954
TARGET.20.PAYHTI.Sorted.non.leukemic.09A,0.0854831807805237,0.0671403559007896,0.103415005527753,0.0476196783688676,0.127440297909457,0.0917643719136645,0,0.0882327802992825,0.129520949406952,0.0811308584239055,0.10164207702089,0.076610444447914,0,0.616801764790777,0.81982545235056
TARGET.20.PARUWX.09A,0.0342861410922304,0.188991419595302,0.102502860903039,0.0351497771937719,0.194938894828755,0.0353862280250729,0.0330614953007109,0.0690387558264109,0.0751765314207971,0.105472576419317,0.0857828323303657,0.040212487064227,0,0.653027587117903,0.817088008734448
TARGET.21.PAMYMA.09A,0.066117683547984,0.0886724666348597,0,0.132713132002865,0.0161360959649513,0.0607708343426261,0.15071255780314,0.00101466407255547,0.134481853853983,0.184131011471416,0,0.165249700305619,0,0.360263283683182,0.932952221649758
TARGET.20.PAWMIX.09A,0.132823531024337,0.0493052703987314,0.0630721878029284,0.130471429652255,0.102770477990624,0.0772811047387977,0.0440590450822687,0.0889739455435561,0.0734514512957125,0.0373568581202556,0.0715888061864567,0.128845892164077,0,0.525169183331819,0.864699578254093
TARGET.20.PARXBT.09A,0.0659023641823768,0.102786622235517,0.0940900334379664,0.0914070537160146,0.103756598116103,0.211728192251946,0,0.0560276171772108,0.0831154916708395,0.0805884126685903,0.0247712869322364,0.085826327611198,0,0.895342695660366,0.56328247277604
TARGET.20.PAYETG.09A,0.119430135458258,0.00042018908298175,0.146547969634758,0.108050094217043,0.04027175396546,0.20177057458977,0,0.0260788919478131,0.0639756979369021,0.0864459448473416,0.115695297379473,0.0913134509402004,0,0.864514468062408,0.585276760530837
TARGET.20.PATGHV.09A,0.0672703815347789,0.0659880937563893,0.154186088761131,0.116182298693902,0.118513206652827,0,0.0277913118374359,0,0.137720156801593,0.10108372458486,0.114472027139211,0.0967927102378715,0,0.545317660453819,0.866259568723629
TARGET.20.PAXDNI.09A,0.0836726456471373,0.0843039537442087,0.0773885627407847,0.142216356211286,0.125476123974059,0.0259048983235492,0.0464487119710484,0.0678096503292707,0.111817953171823,0.0664715737277316,0.0876598722606663,0.0808296978984355,0,0.726343248561477,0.795089484583632
TARGET.20.PAWFBA.09A,0.0782021340328581,0.0757527780649826,0.10124267668485,0.127386036451498,0.00585700069630094,0.233982990184508,0,0.0277024981428198,0.109773509416574,0.0478098834750061,0.105186223850252,0.087104269000351,0,0.814034605355024,0.618228856137547
TARGET.20.PAETAY.09A,0.0438515005856997,0.0279430802835848,0.133721795678621,0.128978363718583,0.228915971972938,0.00557805824855688,0.101296647584435,0.0293375249628524,0.123368514403753,0.0542174100939468,0.085414275845899,0.0373768566211299,0,0.572893229449122,0.856421995768637
TARGET.20.PARDDA.09A,0.0550277847121752,0,0.153266155928972,0.136738928679661,0.100055187412483,0.2379487466458,0,0,0.0851552158213143,0.0519045277625056,0.0813985786272813,0.0985048744098082,0,0.882917099300326,0.537465291045525
TARGET.20.PABLDZ.09A,0.086274474766892,0.0377298960976583,0.128980028016355,0.0997737955622712,0.0438207117110053,0.239843325974278,0,0.0902126523027998,0.100052884926547,0.052596161841167,0.0294378543352691,0.0912782144657566,0,0.804334506880744,0.623430497498457
TARGET.20.PARENB.09A,0.103872459515986,0,0.156202442770318,0.106899865645942,0.0999881516239037,0.186989856514132,0.033153106164545,0.00618843080861739,0.103765661242582,0.0649616310399243,0.0596408886346753,0.0783375060393744,0,0.850855369904931,0.615405582481124
TARGET.20.PARXZP.09A,0.0977725100395114,0.0641419296111934,0.091686649670362,0.0964670790837278,0.0669719470782073,0.189217415925227,0.0214113611853521,0.0523432522340071,0.0942792531531461,0.0584673088826202,0.0709885996636558,0.09625269347299,0,0.865651817961512,0.609813587103995
TARGET.20.PAVLZE.09A,0.0964610216986108,0.0575950120850649,0.0822267298803447,0.118070185361891,0.0471878076275399,0.208288474371481,0,0.0758187327143337,0.0605328675584211,0.0260087076287719,0.117752457006774,0.110058004066767,0,0.860623879415587,0.592532154297308
TARGET.20.PAUSMT.09A,0.0344560558548046,0.0209902749475226,0.106616443530318,0.120597520096351,0.14723092006753,0.0307534209219225,0.063271429381443,0.0213033920463455,0.142371414113805,0.0680335853489752,0.117155505259274,0.127220038431709,0,0.592206351044534,0.842458138134979
TARGET.20.PAXJNP.09A,0.105220176531321,0.0348143194623015,0.0955255644517539,0.120826172807623,0.0714926579370933,0.189376420358342,0,0.0833275707410697,0.0806133841371895,0.0196834869676151,0.104975084865604,0.0941451617400875,0,0.825597470301963,0.63859738288876
TARGET.20.PAULIY.09A,0.10509294478095,0.087313494425847,0.0843659680365304,0.0692531991335038,0.0765624679312384,0.163537703847781,0.01297935053,0.0606369594884046,0.072282025044573,0.0653370936217602,0.090083380817029,0.112555412342383,0,0.599105467487872,0.809485698220074
TARGET.20.PAUVSU.09A,0.0604796313868715,0.104171778130463,0.0901421950433837,0.11752953226957,0.148466622552185,0.195875151598995,0,0.0141128613337058,0.0686431910899059,0.0514561530615703,0.0789211151539152,0.0702017683794345,0,0.810412020082741,0.650970382898541
TARGET.20.PABYKP.09A,0.0211586991356483,0.178151651021157,0.143230518840833,0.0525748743962509,0.142291881906319,0.00385423426943839,0,0.0360218527469102,0.150314496307294,0.116264014164205,0.126317144059449,0.0298206331524961,0,0.578647600087051,0.848022959619298
TARGET.20.PARPVZ.09A,0.132707497857578,0.0176213747879528,0.102460144565748,0.0987805884540357,0.0642605293446248,0.14700599322997,0.0303507456561195,0,0.119929896757273,0.0619659542881056,0.1266415325242,0.0982757425343929,0,0.716490020447718,0.741330834121988
TARGET.20.PANVBP.09A,0,0.0708992539482204,0.101585543226828,0.120516058141956,0.205774041688171,0.0471470746435035,0.0457122240703043,0.0183890760992388,0.194469756849348,0.0956988851221375,0.0113168921373433,0.088491194072949,0,0.435889905282281,0.905856961711072
TARGET.20.PAWRNZ.09A,0.123324102130069,0,0.127433075718562,0.127602699827415,0.18379609959847,0,0.0444588656960712,0.028073013411057,0.0641986095866726,0.0845081160040772,0.137666449921632,0.0789389681059742,0,0.499002660693891,0.880316111350316
TARGET.20.PANDIX.09A,0.120002129624526,0.0864725778500871,0.0898794191855407,0.0672660345260229,0.0741884941308902,0.171086239766711,0.00370208784656576,0.060814290885015,0.0775896888468713,0.0862972599011791,0.0602105884496026,0.102491188986988,0,0.636281030576989,0.785632203446718
TARGET.20.PATDIC.09A,0.109444556370288,0.00408643680348873,0.136775561912254,0.0850097765929935,0.0924597681968929,0.22421699795446,0,0.0805977176377534,0.0785017463210646,0.0379850097290662,0.0865178640750601,0.0644045644066784,0,0.883787006189511,0.549527292060502
TARGET.20.PARBIU.09A,0.120617095026152,0.0941194364305756,0.0169061856134693,0.174613063582615,0.0423668746085886,0.00237655537563915,0.0847821624092621,0.0561445940428462,0.117259231401426,0.116607274144967,0.057095738259171,0.117111789105288,0,0.618435662256942,0.831502678808772
TARGET.20.PAWEAD.09A,0.1362627956702,0.029507002021026,0.125502590906026,0.102558007875656,0.0902068157502462,0.0208508091876885,0.0613664695216125,0,0.0900449246546425,0.0581266881407626,0.163782574711412,0.121791321560727,0,0.613114523110018,0.830056520853744
TARGET.20.PAEAFC.09A,0.055454370089112,0.126412875685573,0.0810810109487743,0.0667026938979739,0.0448172609069324,0.225941859837074,0.0529514513090725,0.0255898610924833,0.102371147293684,0.0787530146434683,0.0634681109421952,0.0764563433536574,0,0.759842851138244,0.673796217765645
TARGET.20.PAWVNC.09A,0.0496358875437696,0.00855195926748915,0.154950929684142,0.103547065233964,0.195775421530533,0.0997050647197817,0,0,0.133653273573586,0.035712923856228,0.127432974599662,0.0910344999908454,0,0.633848845688533,0.806794516089366
TARGET.20.PAUWEW.09A,0.0963770572006759,0.0580827283747257,0.0869389634067721,0.0978534927792562,0.0517485666647597,0.209267084867149,0.0388109984253209,0.0509633662337052,0.102545564237192,0.0535335583915965,0.0783620473347153,0.0755165720841319,0,0.839241377341012,0.613916228375289
TARGET.20.PAWYEK.09A,0.0816598571865707,0.156537470023377,0.038593395056639,0.207266508497758,0.0740987056957268,0.00291464143651945,0,0.0315656526762989,0.0751845149053234,0.0508390501182357,0.172881746341428,0.108458458062123,0,0.668032705529597,0.807403377039348
TARGET.20.PAWDVC.09A,0.1248015198177,0,0.14806499580279,0.142713321908339,0.170513892426913,0,0,0.0260345082274167,0.142455787564902,0.0632223175353209,0.107174350883867,0.0750193058327517,0,0.519415647907846,0.876124113384811
TARGET.20.PAXMPW.09A,0.123722728040523,0,0.107913534695501,0.102519938975142,0.05409314883803,0.2159351603156,0,0.078807302191889,0.069354114745868,0.0574229411810282,0.0746434974817223,0.115587633534696,0,0.860654059823043,0.584389141456664
TARGET.20.PAUVWF.09A,0.0450465542164599,0.125953229398159,0.0716634392250811,0.0802900828620628,0.155555955194635,0.185584271737532,0,0.052428456421703,0.100185748624776,0.0667807000305231,0.0504115703896906,0.0660999918993773,0,0.796812914511556,0.671786480266854
TARGET.20.PAWTRR.09A,0.0807252212429205,0.0571734359680663,0.0998713072498483,0.0859062977149665,0.0562618476602963,0.261050046599815,0.0059483724106836,0.0304451614094151,0.08708207212226,0.0548071966256637,0.11957740313189,0.0611516378641747,0,0.706626858560328,0.709221701050309
TARGET.20.PANJGR.09A,0,0.190488066735384,0.0559449665356079,0.105679671396422,0.196193042574978,0.247079001480551,0.00219600348516783,0,0.0831019598867074,0.107411491694106,0,0.011905796211076,0,0.714568953008021,0.706578835867713
TARGET.20.PAVMGM.09A,0.0814758656402582,0.0774144686555951,0.104455520734104,0.114218324082222,0.0165845481981393,0.188819471050756,0,0.0661161737391863,0.0919292218326557,0.0570764622948474,0.0971004557986977,0.104809487973538,0,0.813337445600827,0.648860646088168
TARGET.20.PAWHXI.09A,0.106627327834048,0,0.165576624072878,0.0911597532370144,0.0698616222406181,0.225423045630176,0,0,0.0998308254923613,0.0255833866480597,0.143756248658673,0.0721811661861714,0,0.82750110201461,0.60171128503274
TARGET.20.PAXGPE.09A,0.134630356936572,0.0156372455419666,0.110231915050151,0.0774693003168884,0.0945351788263272,0.178452093699046,0,0.0510460523578036,0.0882458336580188,0.0786526929309398,0.0990314721805951,0.0720678585016906,0,0.760457380373218,0.695513274261767
TARGET.20.PAWYVR.09A,0.0686357997845173,0.0411694417858095,0.125085857075023,0.115409641358389,0.0532387856004054,0.1845432309235,0.0325972421262893,0.0482418946203888,0.083904315812219,0.0784121724910586,0.102498868229369,0.0662627501930305,0,0.680245295890455,0.748164154301709
TARGET.20.PALBCI.09A,0.0799117364287876,0.127818481571272,0.100010327204103,0.0681264220194989,0.0557195992032655,0.192100571101525,0.0249325416249497,0.0226412604011463,0.100204616633824,0.0769609927103008,0.0772868414777555,0.0742866096235719,0,0.823800332864462,0.640558664634466
TARGET.20.PAXMAD.09A,0.0877139178847046,0.0640816310908404,0.128227132732823,0.0792087415535143,0.0361313030734909,0.219870161500061,0.00681664896945029,0.128982383985223,0.0332536135983817,0.0486252843787812,0.0912042571114147,0.0758849241213155,0,0.854223501464356,0.582161392105355
TARGET.20.PAYKSD.Sorted.CD34neg.Lymphoid.09A,0.0670947922355076,0.071557073885534,0.168770377982486,0.179882693315995,0.212857917530136,0,0,0,0.134284084958943,0.0273854900645317,0.10597784500552,0.0321897250213461,0,0.565394247997078,0.859624861702559
TARGET.20.PARDLW.09A,0.081021569263284,0.0815450887600031,0.17293779238228,0.151493266862627,0.111141405075478,0,0.00338760255765433,0.0586509157565054,0.102155096667601,0.0476200374995468,0.120576290780985,0.0694709343940347,0,0.569472837082124,0.857899712824647
TARGET.20.PANKFG.09A,0.0961318322841698,0.212875151399359,0.0398662931761966,0.0821787792463012,0.0839419805608631,0,0.0675009598058747,0.0657875460462462,0.067449994234784,0.108978839447608,0.0602723732131294,0.115016250585468,0,0.648774319269199,0.822389299498918
TARGET.20.PAEREM.09A,0.120099165976517,0.101649616940023,0.0486157903998465,0.14970838533604,0.0769862348740255,0.00594562594302312,0,0.0834414283543764,0.066454459404534,0.0995878687213378,0.0872993290927601,0.160212094957516,0,0.706296040001515,0.794561286033874
TARGET.20.PANTNA.09A,0.0759068450929893,0.00774640739575891,0.0458429043442042,0.0757788728468445,0.111275802066486,0.28321517291631,0.0806393903229327,0.0931149080163507,0.0187125866922803,0.0931667483589171,0.0408364569463525,0.0737639050005731,0,0.839756103405129,0.563855287443405
TARGET.20.PAWZHY.09A,0.0650285595491713,0.0447340676725031,0.133224903375926,0.16465028416369,0.123725835277148,0.0386780543226092,0.0112444781373842,0.0489329750822345,0.120942002168331,0.0473269360571196,0.12672193953225,0.0747899646616316,0,0.576412886878477,0.850011634114073
TARGET.20.PAWDTX.09A,0.0755641733469145,0,0.197688285930614,0.124535671702945,0.120217541047392,0,0.032997984970588,0,0.138370035926741,0.0395704720748913,0.165100080189302,0.105955754810611,0,0.566349540051343,0.853728717559562
TARGET.20.PAWGAZ.09A,0.0797609978536065,0.0223547376090284,0.141316776138671,0.0987037611429611,0.122665208855286,0.067854779262302,0.00176172247431642,0.0662294073527354,0.0869933306928998,0.0773120810095801,0.153503635874568,0.0815435617340451,0,0.682694780499488,0.789614732261805
TARGET.20.PAWZZS.09A,0.0553876763381274,0.0566582862940437,0.131488067002143,0.0946892825870624,0.0938286260141052,0.134467836033625,0.000792496552026207,0.0621678268333344,0.0802831990720565,0.0860724546295814,0.129177901487346,0.0749863471565491,0,0.740250361458855,0.730151856108966
TARGET.20.PAVNYE.09A,0.0811154647468655,0.0467590124691132,0.0988816210598076,0.0983028604847092,0.0495171154988443,0.166381702026238,0.00595741602529092,0.0790699201342724,0.100572981586629,0.0479862890171887,0.111036973036736,0.114418643914305,0,0.838284807227645,0.645439439664383
TARGET.20.PAPUSR.09A,0.0786609633483902,0.138478171944839,0.0500414383642324,0.0716044826210341,0.100686107533983,0.0970657913111462,0.0181097310746376,0.0511043080658699,0.0816517518884647,0.0949329194734123,0.0923261372679374,0.125338197106054,0,0.517676574652579,0.865400451847924
TARGET.20.PAXAKF.09A,0.111964116322221,0.0276699509991757,0.11897905437311,0.11257337451722,0.0906365657249743,0.0401105558940084,0.0773392676680111,0.0598580001233509,0.111230435054492,0.0713470389757962,0.0829065681207822,0.0953850722268578,0,0.516196417383875,0.873129789323532
TARGET.20.PAVUAP.09A,0.0742127318524023,0.0726098917383692,0.0832846367124122,0.0930508144966222,0.100377900759556,0.195341634416077,0.0222825318800111,0.0716687594159003,0.0987795614416876,0.0734240939192036,0.0489777876500028,0.0659896557177563,0,0.855267775507496,0.615129480614251
TARGET.20.PAXKAL.09A,0.0955309380512673,0.0860654662520536,0.110283795586811,0.119263664772943,0.00530305438865215,0.188732098930653,0.00807956757337161,0.0703547067195583,0.0368704442637676,0.0296975136183885,0.128535006765401,0.121283743077133,0,0.704221052665432,0.729241782693915
TARGET.20.PARWDZ.09A,0.082509425327464,0.208810255690762,0.0163414144233794,0.119287623706443,0.0644354208655063,0.00327003872356863,0.0972968324758105,0.0485818559637579,0.0528437940655055,0.142217382685196,0.0704260792878372,0.0939798767847695,0,0.490203098842119,0.881950111805086
TARGET.20.PAVGEV.09A,0.0862744192590179,0.0022240124205537,0.16684629283831,0.133825833872243,0.13778183047928,0.0919347060159579,0,0.0142383866164769,0.0722523222081738,0.0274588560227886,0.100435129038123,0.166728211229074,0,0.543021979545664,0.851002254558409
TARGET.20.PAWVNP.09A,0.056537659794962,0,0.140014246335709,0.122628394658683,0.0651734307015463,0.215882844710285,0.0150836533878927,0.0394808575749668,0.0944812255223561,0.053084336588553,0.0953311108084867,0.10230223991656,0,0.868933123255342,0.571703037982982
TARGET.20.PAWLER.09A,0.0672023802191902,0.0422816119486302,0.129037670950205,0.11600780519583,0.112657179061023,0.0384171713012849,0.0209535002152123,0.0417309024033678,0.12311269317162,0.0863888900021722,0.150586221380062,0.0716239741514022,0,0.63014230445195,0.822833414579648
TARGET.20.PASCFW.09A,0.202946644971421,0.0595643117822006,0.110057428441902,0.0578882943216164,0.158558440488207,0.0242572195811292,0,0.0851822911427713,0.0900820032324564,0.00164323109802288,0.0359253479904401,0.173894786949833,0,0.439866449441443,0.901981683446022
TARGET.20.PAVDBD.09A,0.0221346262482386,0.0851700893896702,0.145887684625972,0.0897080108606634,0.0931853789047739,0.23368065119168,0,0.0701504591247432,0.0938840136863537,0.0479628877180815,0.0827363967761703,0.0354998014736533,0,0.863830247938443,0.561988048494661
TARGET.20.PALATT.09A,0.0666868228336053,0.0844861318086546,0.0912910464298496,0.0547250095705044,0.0969989303653221,0.160496719684516,0.0333162226310208,0.0339279710488236,0.139298362493029,0.0744943609137039,0.0925968930546937,0.0716815291662776,0,0.688230665235833,0.755475081811422
TARGET.20.PAXMRA.09A,0.0819231626061339,0.0707749957224494,0.119217315160922,0.127737536618969,0.0915358073008952,0.0084745469093183,0.0404566034517125,0.0467707173173156,0.0835468408239009,0.0876288353514399,0.163729922961588,0.0782037157753559,0,0.690849884356105,0.797392817288673
TARGET.20.PADZCG.09A,0.103681431597393,0.127493089945799,0.0722009656151367,0.0991804395709471,0.073171012600446,0.0762990735033922,0.00558889566567738,0.0728931910978423,0.0627004708772788,0.133847106363743,0.0860818908060962,0.0868624323562482,0,0.674815103331069,0.797597609048949
TARGET.20.PAWDPD.09A,0.0921215753621558,0.0542626612326249,0.104055531418481,0.0942752839804964,0.0631477612673435,0.12509817974086,0.0320036135145602,0.0464050139491824,0.0775728290961235,0.0751216100229593,0.129066241163087,0.106869699252126,0,0.676048441377471,0.773809671441201
TARGET.20.PAXLDX.09A,0.108851355191756,0.000543857250390314,0.111121928045965,0.112723047916172,0.0570013647827445,0.203479746372762,0,0.0588653150922184,0.0946885269607483,0.028077946598863,0.120673489309768,0.103973422478612,0,0.836760952743223,0.614543918617474
TARGET.20.PALRKH.09A,0.0451704585898702,0.130788292343859,0.123715056316733,0.134392512156749,0.151765958450123,0,0,0.0312708545617316,0.0564211677730638,0.0652994532069978,0.122657541777055,0.138518704823818,0,0.569554499236707,0.856321498447567
TARGET.20.PAUSZL.09A,0.106502515612821,0.115502748737677,0.0143013129624016,0.124187527365471,0.0598979454281068,0.0296891281650293,0.0253820611712309,0.0124982930173692,0.0855934469535792,0.0623563901931583,0.153815918058821,0.210272712334334,0,0.63671687669603,0.813749239274363
TARGET.20.PAWGEM.09A,0.107864266388572,0,0.144186483899561,0.105327959921886,0.0694570941446709,0.209696994390661,0.0126347514874159,0.0408196492399415,0.0291445712381505,0.0479709785090079,0.10402912299373,0.128868127786403,0,0.88471137643525,0.558710656456288
TARGET.20.PAVPJM.09A,0.0710277529860867,0.0851991478324806,0.118654013340583,0.084639533930663,0.0568659084660064,0.221849661988795,0,0.0600264965006088,0.0910575020591413,0.0456900233076853,0.0881282477906209,0.0768617117973281,0,0.806459175733875,0.632149646787133
TARGET.20.PASZUT.09A,0.057697951353905,0.15490569684828,0.0690879268573635,0.0522470555079354,0.156965283038984,0.137552931150925,0.0505074975859771,0.0434135605815772,0.0946929430677492,0.0698466679954483,0.0386982374261167,0.0743842485857383,0,0.804511340523262,0.70255318772834
TARGET.20.PADYMH.09A,0.0670426919671297,0.129560193298644,0.0621224387926577,0.0856652518624481,0.109642054501449,0.0928218322199779,0.0211566605180222,0.0628861675355881,0.0712346654065372,0.0761575657142477,0.0939786408056911,0.127731837377607,0,0.761260653027296,0.751430191328711
TARGET.20.PATILU.09A,0.0434375216968694,0.154721168441502,0.0860624123533273,0.0652060062334971,0.115388420947785,0.194124126135568,0.0106710550655673,0.0743993174354483,0.0764220539051256,0.0703133241409291,0.0506195598306233,0.0586350338137586,0,0.816675726125109,0.646905077109663
TARGET.20.PAVKEX.09A,0.0707816294324396,0.0286817016925177,0.141913529387659,0.0932120355831149,0.124799037352893,0,0.0382797336261132,0.0743126945039072,0.14113859359008,0.0952792994293276,0.14157291540233,0.0500288299996182,0,0.517579252279263,0.87154364501228
TARGET.20.PAVKZH.09A,0.0967163423906081,0,0.146469412666552,0.101013565355951,0.0583746224949851,0.212076704157172,0.00360214062627077,0.0239966900789934,0.134969355229361,0.0570118259625195,0.121457730998311,0.0443116100392769,0,0.768600663153426,0.666035595725648
TARGET.20.PAVLPL.09A,0.100277612929189,0.00421326522832026,0.146652815048398,0.0933059754682641,0.0327385333571976,0.248097494158664,0,0.0605093016172332,0.0728955310261014,0.0274446447266689,0.120642314796493,0.0932225116434706,0,0.879494297481028,0.529691896633228
TARGET.20.PARYEB.09A,0.0891353909167707,0.0555365331052324,0.117419439361389,0.0262346437482487,0.160881947147262,0.056788464371103,0,0.0118299281586518,0.175160854089211,0.106250118610987,0.0744890345896288,0.126273645901516,0,0.546709939846342,0.860150096218299
TARGET.20.PASNDA.09A,0.103342474957969,0.0952804148113411,0.112502984570254,0.0434644304513864,0.125944615152528,0.00320021815836725,0.0419809317095485,0.0857962419626987,0.0657523030187574,0.0847755515780769,0.106861863706655,0.131097969922417,0,0.644534713763987,0.824039574598836
TARGET.20.PAWXSL.09A,0.0443415089310742,0.0373579300178352,0.139682957958197,0.110719297525903,0.147780856433476,0.0725729608714434,0.0465317382417866,0,0.202110966482885,0.0836754079498423,0.0585630986655234,0.0566632769220346,0,0.574433103047007,0.845282317860134
TARGET.20.PAWVCG.09A,0.0864775566809519,0.178052030077692,0.0448998554611853,0.120623863219414,0.087881753971608,0.00512635164038856,0.0687878107511307,0.0530927280500663,0.0414806643403795,0.0987408617417999,0.1002735951143,0.114562928951083,0,0.730776278194029,0.784719292274812
TARGET.20.PAVTWM.09A,0.108274578123359,0.0492281568485625,0.121431273784923,0.17362312034352,0.105393708228829,0,0.0248561463832576,0.00716351929762051,0.111812835494631,0.095853253756592,0.13087654114672,0.0714868665919856,0,0.585197485449963,0.847991204932259
TARGET.20.PAUUZT.09A,0.0982249014965226,0,0.171644934895958,0.14707921638979,0.00736532932527579,0.228310011500228,0,0.0587161275888385,0.0328979778859676,0.03502472554504,0.139906147552762,0.0808306278196173,0,0.866306709962326,0.554183491404086
TARGET.20.PARVSF.09A,0.0767783222243767,0.0754455282012943,0.08706113524986,0.0915998785082244,0.114490333610674,0.0726694139027015,0.0249257670349088,0.085120425276389,0.0895793514886309,0.0719792883012699,0.0944128500692977,0.115937706132373,0,0.648954250788553,0.812155897683306
TARGET.20.PAVHWT.09A,0,0.109994397367497,0.167042106238111,0.21033982887819,0.178131770416395,0,0,0.0148658540441422,0.129509469855836,0.0571784747538312,0.0935509703013411,0.0393871281446573,0,0.593104480012688,0.849886654294068
TARGET.20.PARUUB.09A,0.100677550477551,0.0766849478436366,0.0884064929873258,0.0845699760179255,0.0365595194627057,0.220879036864234,0,0.06178813752896,0.0718925857888401,0.0645461538891493,0.0603066581734776,0.133688940966195,0,0.85291928603856,0.592848308047777
TARGET.20.PAWKLE.09A,0.0855757415039781,0.0508077795279457,0.0683839335971472,0.0744937978596996,0.122077978862844,0.164839967342967,0,0.0103237334304927,0.0523293246453221,0.00698349018516034,0.0709753908203815,0.293208862224062,0,0.378479457946768,0.938327594485647
TARGET.20.PAURPD.09A,0.0533312347557499,0.0905141146079473,0.094465557881998,0.102285547815072,0.117835983906305,0.216053565127707,0,0.0387764926663587,0.100164714151217,0.051681400831411,0.0738132075612336,0.0610781806949993,0,0.840458688219006,0.609046197079195
TARGET.20.PAUUCG.09A,0.0368564118005843,0.0682789304190676,0.164628881300089,0.164725179877317,0.194873681071635,0,0,0,0.0856220197191803,0.0477616636666653,0.154449412265481,0.0828038198799796,0,0.534124332395224,0.869467347863166
TARGET.20.PARUNX.09A,0.0451792028896526,0.142636676935606,0.113791158072962,0.123810664897117,0.190631436314521,0,0.0609717700311236,0,0.142628562648182,0.0510946825843659,0.0524281281478647,0.0768277174786036,0,0.557370115548023,0.866482469248535
TARGET.20.PARZVA.09A,0.0366492298494195,0.100416101720886,0.0968694687448774,0.0783850685036613,0.157464954377107,0.0662009387547468,0.00652661284616504,0.079768048366147,0.13180898665737,0.0912511220253399,0.0960494685232989,0.058609999630982,0,0.674609046971428,0.802860650601618
TARGET.20.PASMTB.09A,0.0538043581556578,0.0497534260781459,0.145641952121818,0.0734271506764723,0.137313587902379,0.246384437207394,0,0.0270081262771644,0.0884805071293298,0.0491264737104329,0.0779657979296274,0.0510941828115792,0,0.896260544360598,0.515170298040743
TARGET.20.PASDGX.09A,0.068392856323697,0.122670431648362,0.0337200783267691,0.0903855726793977,0.125776920872195,0.0608898815031322,0.0741015100791024,0.0645210907058542,0.0859318671360115,0.0920962547200868,0.0783127236926513,0.10320081231274,0,0.627907949176062,0.824951304756286
TARGET.20.PAVDZK.09A,0.123359766685098,0,0.162436913782176,0.144744525855087,0.0906605113701642,0,0,0,0.0945924452646141,0.0468037577841234,0.231259999700368,0.10614207955837,0,0.457486081379098,0.893062549369722
TARGET.20.PATKPC.09A,0.0435206144756705,0.231397554010226,0.0526343013219892,0.0528350235596203,0.0852787258041223,0.017680003728934,0.0670736834574299,0.0999070281518645,0.103121774229076,0.0968208542212321,0.0647063154483418,0.0850241215914937,0,0.55131781392286,0.859891686419541
TARGET.20.PASPTW.09A,0.0649535897542536,0.0426428011114248,0.111858504126926,0.0850662770764335,0.157721730447191,0.196987463887723,0,0.0653247041048456,0.0750226174957766,0.0690153107718656,0.0539569954518811,0.0774500057716781,0,0.851827581339609,0.612998668666175
TARGET.20.PATMIK.09A,0.0962013939964279,0.110944383550144,0.0937257310535808,0.0391582536410003,0.0942314745460691,0.192588958167118,0,0.105763047290574,0.0908558093535186,0.0791548015924516,0.0375351394466111,0.059841007362504,0,0.68293648534479,0.747618942541099
TARGET.20.PANUTB.09A,0.067582918945827,0.0831562368954387,0.12212647401549,0.0837284883012736,0.0920408738146407,0.231688406764384,0,0.0811755836881228,0.100079202378395,0.0586070474374053,0.0205785692915657,0.0592361984674571,0,0.900590647504536,0.53121382493847
TARGET.20.PAXKWG.09A,0.0655868133169719,0.0334206872889448,0.115478322233202,0.129246194993039,0.0679319857967175,0.216778702032238,0,0.04454099846891,0.0980164263526883,0.0340923969654249,0.124263151893708,0.0706443206581554,0,0.874862323509628,0.567515029593985
TARGET.20.PAWCIL.09A,0.0804406319940898,0.00430631825564567,0.124481403444577,0.105500834998111,0.0898672398069767,0.194646829788211,0.031893330306763,0.0224505685625483,0.104140481803617,0.0448696722505263,0.104827316240254,0.0925753725486807,0,0.870017841925673,0.592169514135823
TARGET.20.PANHYK.09A,0.0645069477073642,0.0547988908447315,0.149830600848338,0.0604208536779244,0.150672446017143,0.200794241935927,0.0361270698986482,0.0150109062529911,0.110395919001688,0.0767075503897295,0.0193289506764477,0.0614056227490666,0,0.878991905859476,0.580194896214045
TARGET.20.PAXXND.09A,0,0.114052317719164,0.127760394212316,0.174261614574119,0.153471957771154,0,0.00689623373900462,0,0.133218563138731,0.0981964992540382,0.144967633767007,0.0471747858244654,0,0.561946594134127,0.856841393843286
TARGET.20.PARCHJ.09A,0.108693097813078,0.0316260160561772,0.0658789272919369,0.134220162071981,0.112196096655625,0.151946115902908,0.00755435290695855,0.0742400454355912,0.0958004923165053,0.0451137275027563,0.0712664456463522,0.10146452040013,0,0.681729664587631,0.765915056574418
TARGET.20.PATGVS.09A,0.0172817167225941,0.0681320340756496,0.130418857883801,0.156256256814174,0.11430997696957,0.21034354366784,0,0.0257435520733999,0.104489299048599,0.0410764309243385,0.0776225801174271,0.0543257517026076,0,0.84464704705875,0.604400508027078
TARGET.20.PAXMKU.09A,0.137930733429846,0.0687700745884237,0.0622812029757284,0.170474585425564,0.100980072823012,0,0,0.089249766242948,0.0663376841334206,0.0561213628240665,0.146415603161566,0.101438914395425,0,0.639618359289239,0.820677903173502
TARGET.20.PARKUY.09A,0.124471625994348,0,0.136850186740083,0.104722886021331,0.0722993353162872,0.186974579397752,0.000876416234000407,0.0761208258262868,0.0737967436486837,0.0497875387625429,0.0577670701254273,0.116332791933258,0,0.818802027317092,0.643039375161211
TARGET.20.PAVIRD.09A,0.10102798661509,0.0211168381211488,0.190729011871732,0.134489302696041,0.165790977337169,0,0.0258360414536422,0,0.0921010184137642,0.0457872532226708,0.0907795699112895,0.132342000357453,0,0.534805443787823,0.870526793827329
TARGET.20.PAERAH.09A,0.0667693018125762,0.0385872174906882,0.146466714312833,0.0697450874050145,0.0606265931632981,0.285703127944816,0,0.0273598404105495,0.118079196009409,0.0693488979665259,0.0188547875552712,0.0984592359290185,0,0.881853006459441,0.504092426090648
TARGET.20.PAVMIY.09A,0.0809054694476159,0.054779917542969,0.134936583286492,0.125319268101893,0.0549533702204189,0.19750539158112,0,0.0762259939445488,0.0377819894780739,0.066145901378212,0.11484428502075,0.0566018299979055,0,0.859314502775094,0.595207081663969
TARGET.20.PAYIPA.Sorted.leukemic.09A,0.0307989207466014,0.141512443806123,0.0505587227082622,0.125735663990195,0.229097766130746,0.001406825504755,0,0.0354914380655575,0.113392332397213,0.0791850170152608,0.106595185655963,0.0862256839793234,0,0.296439360662684,0.954997647916022
TARGET.20.PARZHI.09A,0.0777268768977095,0.0526198294845604,0.115681205607838,0.0785381319815707,0.0672909770194539,0.206015331038205,0,0.0706435743371082,0.088972630555287,0.0560048793755853,0.100943140354415,0.085563423348267,0,0.777897332181587,0.665700801871364
TARGET.20.PAUDNA.09A,0.0253245730263807,0.100697225758759,0.0865757991395746,0.0896336311934976,0.156924645008615,0.214278974517031,0,0.0401768021616967,0.0961478130623169,0.0509666919631494,0.0746817286756049,0.0645921154933734,0,0.85104704700626,0.600884113893445
TARGET.20.PAKJSB.09A,0.0663489493999923,0.0941415602548053,0.095669779573768,0.0908855389111464,0.0779440517520688,0.053046429935446,0.033964752277568,0.0766834523684964,0.126611679333495,0.0859837681101239,0.107756521254016,0.0909635168290734,0,0.516125262054519,0.871134400385688
TARGET.20.PASICM.09A,0.0328459476880307,0.0276454735898674,0.103479513042393,0.127692893773557,0.229200526829233,0,0,0.0248175991745747,0.0916816036979963,0.100962497894708,0.130497876984843,0.131176067324797,0,0.545609998166976,0.863303529597337
TARGET.20.PAVANT.09A,0.0902012531394756,0.0252720991938609,0.170857661946427,0.0741988825689942,0.119775664523598,0.0602375231922667,0.0354838806526291,0,0.149902794556774,0.066100608998845,0.119094424179636,0.0888752070474938,0,0.464805804897523,0.890735369241177
TARGET.20.PARTXH.09A,0.120466559341845,0.0262992021270328,0.127119760263944,0.0880571203737345,0.0394876191569443,0.195656975720951,0.0150344783363459,0.0420669629863623,0.0471536498958281,0.0959554631830076,0.0769439182700586,0.125758290343946,0,0.851247262978923,0.607944226786915
TARGET.20.PAVWRI.09A,0.143120097402487,0,0.106243401708948,0.10678114374335,0.0871043242888657,0.206336214160237,0,0.0509113508716026,0.0642666969465424,0.0271040067558275,0.100084556389126,0.108048207733014,0,0.850549411597227,0.601836339373092
TARGET.20.PAVMED.09A,0.0844495022578101,0.0296887228694312,0.106914756289595,0.168027569400941,0.102787420218506,0,0.0684689935482777,0.0120932671243981,0.115339041871215,0.112606619705471,0.134484686696543,0.0651394200178117,0,0.57151512075778,0.849622056197835
TARGET.20.PAVSNL.09A,0.0779446215791148,0.0728994591756669,0.0781599257371587,0.0946447901454416,0.0683235466881236,0.201951107110748,0,0.0849179274258302,0.072113502379653,0.0469217061962864,0.105044902367448,0.0970785111945289,0,0.86209055072984,0.599028513766918
TARGET.20.PAKTGM.09A,0.102342516994769,0.0251452822830865,0.105817317517506,0.0982114267121953,0.053780635576476,0.209659596839752,0,0.0661347831118631,0.0897499615919612,0.0884264322123223,0.067136230879001,0.0935958162810685,0,0.857987094472199,0.594502395577033
TARGET.20.PANTIV.09A,0.0873265050191683,0.183999327448195,0.0181205319796756,0.0263583575480408,0.00861047676023388,0.278000605868475,0.000531400203390573,0.186828397217349,0.0459105476749733,0.0458477701447829,0,0.118466080135715,0,0.847437111187869,0.561125648480623
TARGET.20.PAXAFN.09A,0.0897236364165366,0.0676394440529819,0.105916805328633,0.0863089713187822,0.10908095958316,0.174350228044603,0.0109709915291548,0.0221824612441231,0.0667379568082737,0.0665165885868309,0.0966512035169289,0.103920753569991,0,0.771207857862659,0.69265927322153
TARGET.20.PAVCNG.09A,0.0997364482208776,0,0.167156276540482,0.100725861479762,0,0.216529006813021,0.0248596720755697,0.0346972267231693,0.0691851392564949,0.0523063861437381,0.119983644429734,0.114820338317152,0,0.87855576845843,0.55285614277604
TARGET.20.PAVHUI.09A,0.091834524868487,0.0335822836163694,0.104075732215991,0.0835446614114824,0.0950780509954118,0.207564741188051,0.0316972457864943,0.0368327451292899,0.108987895018644,0.0524149836711581,0.0641246557467387,0.0902624803518824,0,0.875823507477483,0.581609867076863
TARGET.20.PAXJIH.09A,0.0967304894874561,0.00900655703922057,0.128183713140533,0.117505996953804,0.0703181545688394,0.214494826960542,0,0.0575838637993799,0.085621890283299,0.0436857314086525,0.103053583355549,0.073815193002725,0,0.890746434046318,0.552319112736055
TARGET.20.PAXCCW.09A,0.122607213663858,0,0.146258028037243,0.0718204673153559,0.0778314287833875,0.228950577086771,0,0.0637173975831021,0.100756734825062,0.0346340051848197,0.0861414297148019,0.0672827178055985,0,0.881753661410217,0.546451394642213
TARGET.20.PAVMEH.09A,0.12782875554991,0.00351658594522668,0.116161288672357,0.0830273676733496,0.0471561420578921,0.196836751163626,0,0.0331492530335544,0.0684537326828645,0.0504262230333948,0.143763768964753,0.129680131223072,0,0.858398537464813,0.59690201775987
TARGET.20.PATHAE.09A,0.0356385743085155,0.173201914272371,0.0872593072245867,0.0939968827066034,0.130243441980709,0,0.0624743855297188,0.0686274080714952,0.0858807890769641,0.0922081683670413,0.11218596293054,0.0582831655314545,0,0.531095819803436,0.868637044992094
TARGET.20.PAWTKY.09A,0.113987261777836,0.0399999799554696,0.0893436795408613,0.10216556124787,0.0615977242812901,0.219938760676588,0,0,0.0615312271516892,0.0508006768473075,0.11137489787031,0.149260230650778,0,0.864100036791748,0.579996286082331
TARGET.20.PAWVGN.09A,0.101066493953563,0.108450024166932,0.0444018296614357,0.161252236775669,0.0847965595007026,0.00520174928108109,0.0689664325274146,0.092158974117076,0.0715412235324361,0.107545637557686,0.0663972522711713,0.0882215866548333,0,0.70605222739761,0.798701669891083
TARGET.20.PASUHK.09A,0.0858740681694578,0.0680152797465378,0.0853708248225412,0.128157331583611,0.0390000295369736,0.186877901945778,0,0.117441606082553,0.081298472561941,0.0507153324860779,0.0808891245354228,0.0763600285291066,0,0.857476325172576,0.615757608018097
TARGET.20.PAWXPN.09A,0,0.035987596413415,0.286433004411482,0.187056685850259,0.189332460778047,0,0.0131171311491366,0,0.0806564577278649,0.0405653988247217,0.100506750881099,0.0663445139639749,0,0.538532474729905,0.866511222126017
TARGET.20.PAWKUR.09A,0.081436387616339,0.049452077340435,0.107288319697717,0.0890854815556228,0.064805552609447,0.23829621341167,0,0.0522245074117353,0.102392748172418,0.0460418190165018,0.0966231218787606,0.0723537712893538,0,0.887211715302489,0.538063692603088
TARGET.20.PAUMMR.09A,0.0774759623255303,0.0243413748112358,0.126574309141393,0.125898430751299,0.0746098662917181,0.127116377084055,0.0299233357626336,0.0836906148492426,0.0581405383294499,0.0763070242610414,0.123214498174227,0.0727076682181739,0,0.715985400932646,0.74666039924883
TARGET.20.PAWVLB.09A,0.0573312338174135,0,0.134628238403398,0.151459144792322,0.0564544988606949,0.265766055870157,0,0,0.100680758810871,0.0537034328116759,0.0806244013338437,0.0993522352996248,0,0.767548251248511,0.648597905600144
TARGET.20.PAWIAT.09A,0.066388179991495,0,0.128666803179156,0.127383907847659,0.0709340306137745,0.269732775517317,0,0.0593667701350668,0.068273508134438,0.0267756550984467,0.0984039219612537,0.0840744475213942,0,0.896555485719255,0.494050456184972
TARGET.20.PAWPMA.09A,0.0145590705548567,0.0623917371134503,0.190491174686989,0.172611151606458,0.127681420157975,0,0,0.00882972298132845,0.157168509574219,0.084140690124492,0.133563390986674,0.0485631322135574,0,0.557557291030056,0.859962712047725
TARGET.20.PARGKA.09A,0.0944185750812166,0.0157023894814358,0.126380334418704,0.103313782555131,0.158102287262663,0,0.000213065724166178,0.00622161963566778,0.153260142546032,0.0878374115355833,0.169627879129448,0.0849225126299523,0,0.585736077957119,0.845319176019131
TARGET.20.PAVPDN.09A,0.0889652768115844,0.0512807572337077,0.130653250956225,0.103687105034588,0.0439494343492008,0.177446902993226,0,0.0762903613237752,0.0671613520650009,0.0535449783262655,0.102560738990534,0.104459841915893,0,0.879284088515241,0.599459907651735
TARGET.20.PAYKGB.Unsorted.09A,0.0801251892467438,0.0679589875314844,0.0994955431044764,0.0992515522718642,0.0753392880891052,0.215838481162215,0,0.095416922404695,0.0721770977097687,0.0407094723755121,0.0748942702341432,0.0787931958699924,0,0.875151100861431,0.573621376037447
TARGET.20.PANKBX.09A,0.0133488461841547,0.213114300960021,0.0751226657052154,0.0858799349377019,0.0578575068555016,0.20670488217172,0.00871678186378434,0.0541626964158483,0.0677575119414798,0.0659542123765205,0.097326677418963,0.0540539831690898,0,0.778719699165184,0.666131600266545
TARGET.20.PAVGXF.09A,0.0765684448593061,0.119348090138652,0.0792204337231893,0.134230851787373,0.0913305624805707,0,0.0434754645735775,0.041055834059805,0.0702848089567274,0.104309506683089,0.103174006242496,0.137001996495214,0,0.593514907054216,0.844601004087134
TARGET.20.PAVLLR.09A,0.101246067257001,0.0244282222004388,0.129494030053454,0.100090408626074,0.0455667911702508,0.231131533357308,0,0.070988469165527,0.0696173859139105,0.0389595521918845,0.109837302331001,0.0786402377331511,0,0.884048016824448,0.542278649862031
TARGET.20.PAXKKE.09A,0.108247518000571,0.00692786440410081,0.0915885057059457,0.131099456622239,0.049763068646795,0.247015811602968,0,0.0516655546354979,0.065381855912918,0.0380320534866614,0.0970351564639337,0.11324315451837,0,0.90473014697487,0.509445272366814
TARGET.20.PALHVV.09A,0.0936582123639273,0.110095462619979,0.0927012196795882,0.06571401358745,0.0782498892619346,0.223720244444143,0,0.06173125937363,0.0813531742693398,0.0895170941508739,0.0365797321080428,0.0666796981410909,0,0.772236108977409,0.665394496767221
TARGET.20.PARHVK.09A,0.0799625439510103,0.0884125079716461,0.0865652962668289,0.112736951268249,0.142663480254594,0.109872544555586,0,0.0411047020707352,0.11373796613245,0.1067900174975,0.044046744455437,0.0741072455759632,0,0.602438147793093,0.825234340029316
TARGET.20.PAVDDA.09A,0.0601535728434543,0.00791949165911649,0.109661117719817,0.100642403401875,0.102533511669972,0.270150644643751,0,0.020267009552848,0.11237192285188,0.0628100118805498,0.0359554987161499,0.117534815060587,0,0.898571078225827,0.497594526258168
TARGET.20.PARNXZ.09A,0.0761225548661743,0.0550744498776099,0.16812665315235,0.107466614850466,0.169802363270533,0.00306852407488592,0.0408071335940361,0.00602103689985249,0.153240138790176,0.0776565009224903,0.0699471102986476,0.0726669194027785,0,0.537544778889042,0.872812098811894
TARGET.20.PAWGPM.09A,0.0455867052614663,0.0550242775790403,0.124631019883254,0.113109357679687,0.0823197475202982,0.230811913570775,0,0.0300103802837552,0.116707532054884,0.0615548090256617,0.0817876593507779,0.0584565977904011,0,0.900691325863567,0.528679734590495
TARGET.20.PAVPLL.09A,0.105396728661029,0.00787978595696324,0.111715425064671,0.105613534920617,0.0418026040102756,0.223365151869974,0.0138046226331499,0.0881705225624461,0.0866011952686887,0.0623188777630933,0.0873272494475857,0.0660043018415068,0,0.861370210592799,0.575041700998654
TARGET.20.PAVIGB.09A,0.132548571460202,0.0347200159196285,0.147314586468244,0.147284779102979,0.102817799009408,0,0.000978128398317577,0.0433966171456374,0.0594422921798651,0.0826874771407095,0.14572741984573,0.10308231332928,0,0.667940373489593,0.811465125327622
TARGET.20.PAVFYL.09A,0.0432106703163127,0.0913462308440765,0.135399005320066,0.119606973656339,0.124122398705916,0.0087858314590485,0.0318773001807895,0.0671609855150799,0.0738509099009543,0.0848414016002479,0.158398286045325,0.0614000064558443,0,0.598180418559099,0.838583117773243
TARGET.21.PANZLR.09A,0,0.161280497933437,0.0519271788045037,0.0918974235033011,0.121346940868505,0.180205328835216,0.0160012114368541,0.0380149874584412,0.0821860015288551,0.140639669666822,0.0204526671695704,0.0960480927944944,0,0.396963043047016,0.922487319225013
TARGET.20.PASHHH.09A,0.00781296212257397,0.122038993452442,0.114685987455786,0.121665225003591,0.240198467833197,0,0,0.0175112264333129,0.145774337171831,0.071681900848028,0.106582436007581,0.0520484636716582,0,0.520813663815395,0.876400061755541
TARGET.20.PAWIHN.09A,0.141581751162488,0.0304883220113787,0.119293242738022,0.07474020461623,0.0415393523112598,0.239868901341573,0,0.091790470281559,0.0703330672582977,0.0212648880065153,0.100683318313675,0.0684164819590008,0,0.793851683021947,0.631548884977288
TARGET.20.PASZBM.09A,0.083482854064103,0.0477799172264226,0.116717829879165,0.0705877168150395,0.0944511766829466,0.193329807295343,0.0118724736596988,0.0403107873156098,0.103709569797768,0.0850169616002728,0.0522572244571633,0.100483681206468,0,0.820124688436709,0.642377370547257
TARGET.20.PAWSWR.09A,0.0876952118256755,0,0.120453282764292,0.0806807306081898,0.0692975847635791,0.269112709232436,0,0.0386789335531662,0.131048763245196,0.043201722309475,0.0757153831547007,0.0841156785432896,0,0.912030571607642,0.476547995390135
TARGET.20.PAYKYZ.Sorted.CD34neg.Lymphoid.09A,0.065444105746547,0.106467742516891,0.151051512842485,0.0845001726783325,0.177612607135407,0,0.0164352402850244,0.073751829580764,0.128857299975361,0.0575963640724952,0.115451172610055,0.022831952556637,0,0.618642751454489,0.838818321924207
TARGET.20.PANRWC.09A,0.0451206149869302,0.120189336244459,0.105922756550606,0.0435461189460664,0.307580419301822,0,0,0,0.121225810631207,0.0475138250050768,0.0758380075830537,0.133063110750778,0,0.510023276450548,0.879330363440057
TARGET.20.PAWMAV.09A,0.0777342765093029,0.123985452511811,0.0661447576523405,0.0826548636762089,0.0570536324979658,0.207406200916777,0.0013603959138838,0.0302706783222075,0.0984401048370286,0.0526592664372856,0.115243649819801,0.0870467209053874,0,0.77880729049345,0.668770752045648
TARGET.20.PAXMLN.09A,0.0883976939088445,0.0509391313512089,0.111923828175521,0.119731507999617,0.0477162692785548,0.192725424841282,0.0048947329268156,0.0481055956947535,0.0967391034595571,0.0501977110706597,0.10265550940222,0.0859734918909653,0,0.875709929403678,0.592075672985537
TARGET.20.PABHHH.09A,0.0923655878698712,0.0845541876913437,0.0724974785442334,0.050067070968035,0.0733447317771259,0.212840147475931,0,0.0531008438408819,0.115162971442075,0.0622914631565276,0.0745144710160301,0.109261046217945,0,0.851284283366279,0.603682070876138
TARGET.20.PAWJPN.09A,0.110238124252939,0.056868739302945,0.14396756150866,0.104931707881701,0.0462851851062778,0.0535681031771875,0.0607967661281889,0.0540263574615382,0.0683443361236709,0.0684483401342379,0.158730288840991,0.0737944900816631,0,0.696417137226237,0.782449876935353
TARGET.20.PAYHFV.Sorted.non.leukemic.09A,0.0125142617457906,0.18613190607106,0.0732723045826691,0.0744642786069119,0.114020807367305,0.0861979572860597,0.0477726191448359,0.0680631637810834,0.15646479748363,0.0800687187836923,0.0530983292503279,0.0479308558966346,0,0.490762352881253,0.878879546265741
TARGET.20.PAVVAB.09A,0.0477793874742431,0.163095506124719,0.0303337775940138,0.193972465390547,0.0971040496556277,0.000679111490283368,0.0395778444841834,0,0.127469479978949,0.0935321706778205,0.109950409190227,0.0965057979393862,0,0.663596304098172,0.816499027009154
TARGET.20.PAWHJI.09A,0.0895293259500649,0.0273213468102969,0.0903600525854498,0.158178753978905,0.124632287916649,0,0.0733238586644341,0.0239672001163118,0.0723712801613596,0.132956703055083,0.107054338504462,0.100304852256984,0,0.553490321309681,0.857807475238694
TARGET.20.PAYDNH.09A,0.0388886742488647,0.143382495043451,0.117551764452562,0.064423371115672,0.134012650791052,0.0131270963663722,0.0465309837839555,0.0727124366753348,0.087596109235301,0.0727791807427959,0.129890636012055,0.0791046015325837,0,0.625052293425551,0.8306148370979
TARGET.20.PAVXUR.09A,0.0669860468434725,0.11042965688088,0.0698766394185679,0.0843590472956424,0.0676715060811231,0.151264564472962,0.034348399399225,0.0441657632208528,0.0683314432592659,0.0665020002515879,0.119894044926016,0.116170887950404,0,0.489582725400388,0.871966583600368
TARGET.20.PAXIEG.09A,0.0969663019295398,0.00086805597409537,0.133991993896968,0.168201514364388,0.0265784862780151,0.213283079673837,0,0.0706739753163021,0.0447195769512151,0.0371856782578732,0.158211937881071,0.0493193994766963,0,0.80772856584176,0.626284853672988
TARGET.20.PASPYR.09A,0.0752805546305786,0.0851973612413359,0.0761849575802641,0.199670630418699,0.0886715144370279,0,0.0558600514647565,0,0.0698573311269942,0.0941336925603794,0.145976141818634,0.10916776472133,0,0.637974212063643,0.821872731913927
TARGET.20.PAVGBH.09A,0.0830482367549125,0.0585158473993911,0.0844555501402696,0.088027569536175,0.0743671987672308,0.191625189222623,0,0.0749448355565044,0.0648275154110717,0.0482942809486414,0.105604449242178,0.126289327021003,0,0.742730783856064,0.703153914201025
TARGET.20.PAVZIF.09A,0.0729724238152732,0.0445803468959395,0.101808308343594,0.0853977798641568,0.119663307290372,0.0603080728407531,0.0385641498021899,0.0645329637288892,0.106767738137346,0.0676661870440341,0.130827690188291,0.106911032049161,0,0.649345175133738,0.810926378822866
TARGET.20.PAXKUA.09A,0.102535682347758,0.0514873845832799,0.0888036998701089,0.0920951567668282,0.0702103349853287,0.0763982195567757,0.0472563267850018,0.0737223483665292,0.0956805294226031,0.0562148271683197,0.123944757679837,0.12165073246763,0,0.664737202317805,0.797949536745803
TARGET.20.PAVUHF.09A,0.0189376766308172,0.101388228042929,0.149850731070549,0.154179296648963,0.163717555521425,0,0.0364606087468824,0.00218562948760359,0.0913468465216624,0.0725864557027391,0.117297494164452,0.0920494774619779,0,0.590746080493806,0.850152924719852
TARGET.20.PANLIZ.09A,0.0372233421862291,0.0329881943199325,0.116365991936499,0.0379061707460957,0.176805315178036,0.34188643390503,0,0.0426832982912616,0.100129471319949,0.0603569434769338,0,0.0536548386400325,0,0.784567250805186,0.620105610052852
TARGET.20.PARMHD.09A,0.0609911463933483,0.103974427323377,0.0972615768615451,0.0819540696336224,0.124115631620803,0.0271643802047455,0.0728400880568178,0.0404064593682496,0.11184724411794,0.0866441086311688,0.0786662109003828,0.114134656887999,0,0.566059693575531,0.857202369495814
TARGET.20.PATBVX.09A,0.0474010501405301,0.148329143966056,0.0803570640977357,0.0955775025345802,0.0908839101894246,0.18313514360397,0.0178679333884954,0.060337384941964,0.0478029252805464,0.0766047898216503,0.0687669663450408,0.0829361856900065,0,0.721441087519681,0.724903835157692
TARGET.20.PAUVCL.09A,0.0666556539631392,0.014399572309716,0.146467459426618,0.138330469887514,0.135700967640147,0,0.0255135207057323,0,0.132994921885425,0.0840663043544522,0.173828472682616,0.0820426571446394,0,0.566052312308541,0.852190812012182
TARGET.20.PAVTDU.09A,0.0967469679130685,0.0116147021555967,0.154226176038332,0.119103856845178,0.049223296183794,0.138285256267422,0.00650142339685444,0.0848443576817094,0.10210053016595,0.0670008204443445,0.121152179185661,0.0492004337220895,0,0.740285974830152,0.724388903089976
TARGET.20.PAWBRP.09A,0.107816252217062,0.024248451529731,0.111844686070668,0.0956078500546971,0.0445083142551516,0.136686090520814,0.0295802985481226,0.0861867846764654,0.0539061701173325,0.0524781797737704,0.158618629431093,0.0985182928050928,0,0.649018984920183,0.78049070907675
TARGET.20.PAVHXU.09A,0.149176476676473,0.0176712991162987,0.156787398077492,0.0779915197121366,0.17803487670741,0.0554129619734183,0.0120738367303194,0,0.116892774787378,0.0568129521609898,0.105723075129295,0.0734228289287903,0,0.624074456102519,0.827106903761246
TARGET.20.PARZPD.09A,0.0532325688402783,0.136781552215917,0.04836855384295,0.155867149185494,0.12566634929976,0.0104527761497139,0.0334434142310935,0,0.0907688852761524,0.123292630316573,0.102606866130791,0.119519254511278,0,0.62810788131051,0.831066627046865
TARGET.20.PAUFZU.09A,0.0597430393939431,0.0732151997973877,0.101292491121527,0.128444081222775,0.113897629794,0.220528112310583,0,0.0499794038821364,0.0678260350797155,0.0320493303340657,0.0855629413829025,0.0674617356809646,0,0.8466574378615,0.597727909038357
TARGET.20.PAULRS.09A,0.0673625132175678,0.0123189563763644,0.171958189132813,0.100687491894702,0.0715602379169794,0.209541622403911,0.00614903349210019,0.0668510528794794,0.0494691890577257,0.0497520775686861,0.112162616189011,0.0821870198706599,0,0.84161769070821,0.5980778405067
TARGET.20.PAXBSE.09A,0.118756765491297,0,0.176535139791045,0.106217738810915,0.138776789628299,0.00977793187733739,0.0446144522412915,0.000625071668181215,0.152622554992947,0.0622843876850273,0.127484311430439,0.0623048563832208,0,0.580518831535451,0.850420227316483
TARGET.20.PASREH.09A,0.00132151043947361,0.0668692589623605,0.150151352682817,0.0970443909084128,0.134907704939075,0.23833956993642,0,0.013875857623351,0.122783455209543,0.0637909491872683,0.052083553646431,0.0588323964648484,0,0.878792757803514,0.542989317645714
TARGET.20.PASJZX.09A,0.134770770162112,0.091073404414613,0.0590273640589365,0.103864642494015,0.104692026006164,0.0211640708033594,0,0.0832755597997748,0.0799765088504381,0.0440525709259463,0.120167253011994,0.157935829472647,0,0.625024690226257,0.828861557704988
TARGET.20.PATDMY.09A,0.0708347318904052,0.0333030266383763,0.109265145803219,0.0677082773688898,0.17482071637322,0.243480079744057,0,0.116327737369608,0.067286751799507,0.0474693154056128,0,0.0695042176071056,0,0.872162221526489,0.552407003172416
TARGET.20.PASNDH.09A,0.0498137205096516,0.0381354529216941,0.0946880203518854,0.0526401441559624,0.115436275926614,0.165425306237823,0,0.0970754060270673,0.0744770174792291,0.054400827612224,0.102856079230504,0.155051749547346,0,0.64987629180621,0.775769828069997
TARGET.20.PARBXE.09A,0.0945783892507981,0.104965513249259,0.0921183719412806,0.0842826294626261,0.0783545933535765,0.199099076651581,0,0.0373499631846491,0.0877160658680242,0.0510533555750439,0.0946040952057838,0.0758779462573776,0,0.695643450884751,0.735957555703951
TARGET.20.PARRTH.09A,0.0246411428383678,0.19861618471853,0.0860465880075585,0.0415407718208492,0.0596609576074434,0.221123918753013,0.0112646220035193,0.0932487778219022,0.0785277169850535,0.0892967788391665,0.0544546622953537,0.041577878309243,0,0.550828551733458,0.834668812665169
TARGET.20.PAWUWJ.09A,0.109101070045179,0,0.208340646895962,0.164607363316911,0.0144230183293905,0.234789653535994,0,0,0.0537615972070828,0.042384884225792,0.106259675456221,0.0663320909874679,0,0.838274022875333,0.579726218993254
TARGET.20.PARBLP.09A,0.1194520518421,0.14162210832543,0.0552524502661893,0.0586783242123502,0.0755588625534462,0.136064154793357,0.015208802982156,0.0759097187818323,0.0600645715680311,0.0729099681667252,0.0842991035117063,0.104979882996676,0,0.536510107249767,0.849793258838412
TARGET.20.PAVDHJ.09A,0.0633543395097368,0.0884558159439533,0.105880987497142,0.191197917652683,0.125498904127693,0,0,0.0431066838219611,0.0736790916467839,0.0459102904344098,0.10625054418288,0.156665425182758,0,0.6381873770527,0.828162327717927
TARGET.20.PANINI.09A,0.0785338584500651,0.0556216558068299,0.0743877512772463,0.0829019114644988,0.0607846385281932,0.250630819306111,0.0383098192477539,0,0.161685810231399,0.139522723865432,0.0170390759317007,0.0405819358907704,0,0.834912061977231,0.589341493985327
TARGET.20.PAYIPA.Unsorted.09A,0.054922285802669,0.0629841651274066,0.0779128162709159,0.149407651594436,0.200817225941329,0,0.0335258778751079,0.0222086595866517,0.116154500503,0.086586537471746,0.105355537947858,0.0901247418788803,0,0.40954592264098,0.915858695185529
TARGET.20.PATMXW.09A,0.0443758549891969,0.130089102031752,0.109999652258562,0.114417427362647,0.140095807731928,0.128785837975771,0,0.0686673122769165,0.0946993359910276,0.0455019307842074,0.0771828622127427,0.0461848763852499,0,0.613851383006443,0.811325400282867
TARGET.20.PAXGIY.09A,0.0484891145651308,0.0447030504130276,0.111023879679027,0.108200189606808,0.0739877581919323,0.202462488556894,0,0.0651587587981451,0.0729742583416705,0.0790016942049907,0.119118545324938,0.074880262317435,0,0.832268474706083,0.61886827145745
TARGET.20.PAVDMY.09A,0.0830816261651587,0.0134769896108677,0.159770614597958,0.0822805907330886,0.0589863419366356,0.223150462128272,0.0111594829633224,0.075557566729378,0.0921441050842407,0.0539670140534627,0.0887352654735121,0.0576899405241039,0,0.871291144758018,0.559596402660474
TARGET.20.PAXCZX.09A,0.0919141365604517,0.0313530267377186,0.118075215705645,0.126669654075941,0.149579580406351,0.0632184889463471,0.0413271770218578,0,0.141021630942109,0.0697321767118536,0.0966888045200935,0.0704201083716318,0,0.644492632960768,0.818217643834448
TARGET.20.PAVGKS.09A,0.126969503303721,0.0178240391356988,0.106338314125399,0.102263067770304,0.0829417831729221,0.198527698738249,0,0.0360751220843478,0.0728323921980734,0.059488263423731,0.102204388188963,0.0945354278585902,0,0.870652020534696,0.591632739931404
TARGET.20.PAVPIU.09A,0.105755378998619,0,0.12702325835211,0.0985187595112288,0.00983067306422469,0.230541310195549,0.0364012307436646,0,0.112592622318446,0.0417594785464595,0.119085392187099,0.1184918960826,0,0.754594525749324,0.671826204198639
TARGET.20.PAXCVR.09A,0.00987374007824519,0.131516211095387,0.0835607751127249,0.169761057325953,0.0882086574323139,0.045515728891383,0.0968732291894243,0,0.123667387946672,0.0856483564804336,0.104371725150253,0.0610031312972097,0,0.603647108988457,0.835835867821801
TARGET.20.PAXMKT.09A,0.0924511970715357,0.0454858016540556,0.0945023111606051,0.0948845876056968,0.061097300828835,0.194970012506628,0.00184206451274088,0.088121061546494,0.0588247934814433,0.0419060988372012,0.102860401634246,0.123054369160517,0,0.837527002578108,0.623330218238207
TARGET.20.PAXMAY.09A,0.131806431035308,0,0.0940415331633793,0.0793169859521303,0.112530661030821,0.0862012461989163,0.01659956312339,0.0925806510878638,0.0549203716909867,0.0684979583726913,0.132234131224924,0.131270467119589,0,0.646863851972028,0.800937557902001
TARGET.20.PASXJY.09A,0.087098824111388,0.0558002719784742,0.146054140276692,0.0989978363794462,0.195664489426043,0,0.0274940449090338,0.0480875582142875,0.125042721428131,0.0650998130655178,0.0903353733873958,0.0603249268235917,0,0.689716261716032,0.815892363087417
TARGET.21.PASYEJ.09A,0.0523946674449586,0.00785346399686667,0.149226590670218,0.121561569366763,0.130710984671719,0.0313227724624723,0.103289283278924,0,0.179818216335718,0.0992161048777884,0.0109562053503372,0.113650141544235,0,0.503435327278037,0.881175679340214
TARGET.20.PASECW.09A,0.0739789171544622,0.0194631128390986,0.0629429131382567,0.158809629788405,0.202885291304058,0,0,0.0770877405649246,0.118935818720847,0.0664556911165669,0.0691144082201531,0.150326477153227,0,0.473062363214311,0.892395355914469
TARGET.20.PAVYNF.09A,0.140991609577526,0.0455110522936539,0.0880273737965312,0.0988543790904836,0.116381529517191,0.0448660327974085,0.0485529316330865,0.0411719646687406,0.0442898316253433,0.063212866204846,0.135957467212611,0.132182961582579,0,0.683050479273624,0.797688280532195
TARGET.21.PAMXZY.09A,0.0559321318671663,0.0171437463340718,0.0921659021224218,0.0627898342278573,0.114139888700086,0.13839980803855,0.136431835077062,0,0.142280000910271,0.108342570270303,0,0.13237428245221,0,0.494648253955416,0.869948360091497
TARGET.20.PAXGPF.09A,0.0814757635800624,0,0.165452480284842,0.0867659529809475,0.0673519459438101,0.253193586678634,0,0,0.134005148812773,0.0507506924578514,0.0955976790814166,0.0654067501796626,0,0.87898150407552,0.5267160124407
TARGET.20.PASAMY.09A,0.0665988047978098,0.0835717716818757,0.154446233889745,0.100021247128722,0.066277979587094,0,0,0.105270171117373,0.127592163745658,0.0644953006472796,0.1675147167003,0.0642116107041426,0,0.512610220445619,0.873112825883911
TARGET.20.PARIHK.09A,0.0602209009233895,0.113397779736103,0.119176602676698,0.0712951035214941,0.1229109635743,0,0.0359625398142863,0.0809528257639229,0.0890122143635434,0.120762709839861,0.099126222943143,0.0871821368432589,0,0.636433572104389,0.828600416643987
TARGET.20.PAVDBK.09A,0.0573149895860363,0.0666780505900374,0.13238183073768,0.0876443503191691,0.104876788357311,0.18902169938296,0.00818725754129459,0.0684794264601462,0.0921028905110315,0.0459870976999065,0.0833309798297018,0.0639946389847256,0,0.866548764640409,0.602646655229163
TARGET.20.PALSSP.09A,0.065469462259357,0.0983768851603386,0.116202179561497,0.0867148404188166,0.0785476086234078,0.215735922470427,0.00301118915251187,0.0418622576401385,0.0964870051059933,0.0533559106865386,0.086210602601717,0.0580261363192568,0,0.844068979854757,0.602127829089475
TARGET.20.PAUWKY.09A,0.0921759956999582,0.0562911088301009,0.144493062426745,0.168935035682358,0.10187447962295,0,0.0388780148042758,0.0773222255230113,0.0700823421048839,0.0558352315985045,0.136688464964531,0.0574240387426812,0,0.708372992535699,0.79603300181678
TARGET.20.PAYHXC.09A,0.0797197190831732,0.107020275978237,0.10398017552214,0.110033014134621,0.095182920880224,0,0.0456086980469063,0.0454493177884395,0.0804403123492858,0.0996263994634067,0.139010255331108,0.0939289114224588,0,0.667247111132464,0.811924446808948
TARGET.20.PATDRL.09A,0.0693074521660123,0,0.213830489675414,0.127386888281395,0.143066605081352,0.0218439131568825,0.0321705064215603,0,0.057044554240409,0.0433013092882842,0.176414216679063,0.115634065009627,0,0.555031783468227,0.853852547656583
TARGET.20.PAWTTI.09A,0.136056074691319,0.0417951692893572,0.076519898634092,0.0749691400932216,0.0827267566813305,0.032760075074425,0.0379686057972939,0.121770771985458,0.0565600874944961,0.0368669151382523,0.105766760080328,0.196239745040426,0,0.659243692789319,0.804418277719972
TARGET.20.PAWBAS.09A,0.130300829267458,0.00318210636138501,0.138249894483682,0.0688794525075402,0.065472359801442,0.151983526222457,0,0.0892946891060541,0.0548102091472701,0.0673047561357194,0.104411920577069,0.126110256389924,0,0.65193888145319,0.776623094314563
TARGET.20.PAUJCF.09A,0.0547708848607867,0.152179726097859,0.0774753297878423,0.066743359316839,0.0714188629608999,0.175844238905387,0.0230108457157629,0.0678458250873194,0.108745737390178,0.0565457845328337,0.0877025395808032,0.0577168657634885,0,0.629996895634634,0.787416564239304
TARGET.20.PATAER.09A,0.110640171124099,0.0305232182012883,0.112808108078105,0.0872689385086959,0.0582920601642391,0.194742700776407,0.00568146426211714,0.0603712309124882,0.0912933889845329,0.0564230573997559,0.0787814337113487,0.113174227876923,0,0.875774997258123,0.590830022445817
TARGET.20.PAWMKF.09A,0.0900164170920855,0.00446686006283813,0.127938414452877,0.0998718786333583,0.0912288148382432,0.105445069529434,0.0145282597417804,0.0860351923892747,0.112536428536435,0.0726611526574099,0.111577132089292,0.0836943799769728,0,0.65684651733832,0.791569743501124
TARGET.20.PAWXZJ.09A,0.0485711950109066,0.0787637619775011,0.103502070508237,0.103216335402995,0.0693304702767169,0.172537923865977,0,0.0760262635953356,0.0850307491351997,0.0710952969728527,0.0992735821882421,0.0926523510660365,0,0.876080813551924,0.612145950713252
TARGET.20.PAPXUF.09A,0.104928570379111,0.035923645678488,0.069506882740534,0.143306490798251,0.0796215575408452,0,0.0154956651357462,0.0522415219085384,0.132845046495557,0.103275000355847,0.0907796746022626,0.172075944364819,0,0.664150347291006,0.812293185184797
TARGET.20.PASKPI.09A,0.176281925541702,0.0522253890011972,0.0147657096409448,0.161208380283639,0.0746202856441932,0.0267341388226188,0.0875590498915317,0.101960076277713,0,0.102884510313606,0,0.201760534582855,0,0.621480321718711,0.821447875495634
TARGET.20.PARJRG.09A,0.0736991902869101,0.118519344140028,0.0844182241201425,0.0661336881573636,0.0626422172081397,0.193063628538874,0.0223547297512353,0.0700160446007686,0.11406354503346,0.0697196454730367,0.0523901603019097,0.0729795823881315,0,0.814635007118514,0.649854992305739
TARGET.20.PAXGIX.09A,0.113049347076068,0.110266955806828,0.0780071865342422,0.145879941021862,0.0672907878061515,0,0.0109357977056357,0.0744822833433872,0.0833940834980428,0.0913748603793144,0.116679544218337,0.108639212610131,0,0.656124428032393,0.818318331248792
TARGET.20.PAUVER.09A,0.0756378825658637,0.0883737111441868,0.164539125681771,0.154708651391119,0.0880637504159328,0,0.0545797331801089,0,0.0789850091152284,0.0662257713984721,0.150419136493694,0.078467228613623,0,0.48236869468042,0.887314945148291
TARGET.20.PASIZX.09A,0.055247366559556,0.0711323296881737,0.142148689401498,0.0688976840483049,0.128687512457145,0.193342843545603,0.0521009863198475,0.00708032566490584,0.0854503286907259,0.0802159776536563,0.0314824296957739,0.0842135262748099,0,0.868298293635304,0.598021336467095
TARGET.20.PAMYWW.09A,0.120351411569825,0,0.143028636229145,0.0452015010969315,0.127518364396591,0.141294502257666,0.0370759956020997,0,0.158010720903533,0.0731101640563161,0.041370836304904,0.113037867582988,0,0.571624049405922,0.828828587297789
TARGET.20.PAWHAB.09A,0.118251765284068,0,0.110705783872086,0.111526693049538,0.0379402121021561,0.231839166981083,0,0.0815880778031352,0.0686975098747939,0.038185499971751,0.0766913771248949,0.124573913936494,0,0.860009804089062,0.570835309336022
TARGET.20.PAVMWJ.09A,0.0690037131448197,0.0063141105915248,0.12117519298303,0.108063319439321,0.0941276066605038,0.232574800695379,0,0.0735838414053873,0.0563560908777256,0.0275888146820018,0.103648964200505,0.107563545319803,0,0.894668949911056,0.530412433856773
TARGET.20.PAWLEB.09A,0.137805838265994,0.114449547298523,0.0670964139865208,0.133589382247413,0.0399601417423762,0.0585910393979856,0.0206002401786746,0.033357640964573,0.104935275163752,0.0730353694595005,0.120264680180851,0.0963144311138357,0,0.487664009539265,0.882158131173174
TARGET.20.PAVYKS.09A,0.102948996981677,0.0066376046005159,0.0720643796894317,0.11917368824003,0.0706022298444761,0.182914339360015,0.0163620224096116,0.0742345661522418,0.0561168321769611,0.0377516257565553,0.0919327637918769,0.169260950996608,0,0.660939944667934,0.763812977363567
TARGET.20.PAXVJC.09A,0.152408041879212,0,0.116148367635668,0.0949429736742253,0.0425766288545601,0.202144053297527,0.00356331748804232,0.0409560545459754,0.0574598482626471,0.0620522919291787,0.0854850940140212,0.142263328418943,0,0.851193240924566,0.602710960182968
TARGET.20.PANNBM.09A,0.0509782308979053,0.0602114224579437,0.111926932632814,0.122964397105565,0.184154332600732,0.000149066320624846,0.0309176233503925,0,0.116327794088721,0.0348660780531873,0.125445900149642,0.162058222342472,0,0.63710027624672,0.828826946429564
TARGET.20.PATAIJ.09A,0.0223687513392925,0.215385927353719,0.0267220041929184,0.115657534246847,0.0832123164354302,0.0130429306266843,0.0499841412254459,0.0832960782091188,0.118545500818803,0.111208823186959,0.0874923666725097,0.0730836256922733,0,0.463976417033871,0.893332037853997
TARGET.20.PAVHNV.09A,0.079133949066993,0.0249669408056765,0.123638670868183,0.147168540917619,0.105046620634093,0,0.0508196806293303,0.0271264062717736,0.1000871833671,0.0799607628246568,0.145991819358026,0.116059425256549,0,0.598431077360706,0.839657291240208
TARGET.20.PANUNT.09A,0.0561729038929174,0.0880997204398869,0.168766803121485,0.140710757350144,0.0132877830488678,0.0703371746064198,0.0893358360475473,0.109368965139159,0.0795988378080397,0.0631612120043371,0.0542096430042484,0.066950363536947,0,0.414114362655389,0.910486574402777
TARGET.20.PAVNIX.09A,0.0360268872857639,0.0571319021480139,0.133302710522318,0.166047496300789,0.108991309378092,0.015965396134265,0.017932844854383,0,0.126852584095891,0.0519585517021184,0.186311572468718,0.0994787451096475,0,0.589735474863012,0.841900101931934
TARGET.20.PAWWLI.09A,0.0921866297353565,0.103001636852108,0.045826897194949,0.259513439733712,0.0826663902856524,0.0479620673118075,0.0114294062837514,0.0114660802227188,0.0495126111519665,0.0932109832064664,0.131057062237067,0.0721667957844441,0,0.661610687187973,0.806752099238849
TARGET.20.PAXBDM.09A,0.134067294236893,0.0078816829973365,0.131780727633561,0.0923265783592364,0.117310044686044,0.0442927837539236,0,0.108087486993413,0.0627674422316763,0.0559710583295831,0.159778558076402,0.0857363427019315,0,0.708778111492582,0.781173984665088
TARGET.20.PAXMCG.09A,0.111492703678506,0,0.115124593729815,0.100107192553366,0.104596133708263,0.173746781662535,0.00528226198510516,0.0166118657222329,0.10698873474843,0.0140938591004009,0.120859598884281,0.131096274227066,0,0.691875428436438,0.745256638720256
TARGET.20.PAWLUX.09A,0.058500069328492,0.154186273958165,0.0864434729096746,0.107229932431149,0.0969037179693675,0,0.0790314202562269,0.041357226825866,0.106326145584135,0.072240299343979,0.139325865239019,0.0584555761539262,0,0.600512214034014,0.839070500355713
TARGET.20.PAWMKU.09A,0.0820101512336262,0.0882971306547594,0.117795227199984,0.0708250568604074,0.0583493232202593,0.188514019714752,0.00895467641724004,0.0608302968466759,0.0934749608138471,0.0528148419730679,0.118404811025033,0.0597295040403478,0,0.799795980270809,0.657192500628237
TARGET.20.PASZJT.09A,0.0317782260209989,0.131892037058069,0.100790918783387,0.0671247328408431,0.122412837209823,0.205845544289752,0.00271515960682369,0.0563409319088075,0.11468479986198,0.0759950744055895,0.0516560045802608,0.0387637334336656,0,0.8654894899934,0.592747291457051
TARGET.20.PASWPD.09A,0.0732893340414104,0.0461411031398361,0.180610466746645,0.203881967158869,0.0813880768356783,0.117954961164056,0,0.0122043192989859,0.108836122184809,0.0439116874140397,0.0775128753572864,0.0542690866583847,0,0.736947342117228,0.741647509444252
TARGET.20.PAVULK.09A,0.0374085060161989,0.13942519048961,0.104477644749423,0.145884357916166,0.0976834501586967,0,0.0439758830873798,0.0153586843112721,0.0787978095763095,0.101784413599597,0.164226858407014,0.070977201688333,0,0.592545014766947,0.840199572139407
TARGET.20.PAWWWU.09A,0.136825021387181,0.0471996574575878,0.0676771184198681,0.0952416255730956,0.0787361308560111,0.181867039565262,0,0.0689033917068972,0.071592793053031,0.058619854672863,0.0817027921541658,0.111634575154038,0,0.865151322663617,0.61830218391443
TARGET.20.PAWIXW.09A,0.161878367840234,0.0320130101705583,0.0829105909985265,0.140706010829221,0.0413134772644197,0.0736685675700776,0.0230739154675181,0.063341665373935,0.0870781153695955,0.0772207289067937,0.116007972344638,0.100787577864482,0,0.653530275524646,0.803777951036509
TARGET.20.PAYGYM.Unsorted.09A,0.115356745163075,0.110588444507122,0.00873496058708965,0.170362501265733,0.0323936723977042,0.0575741388864525,0.0992925095272699,0.0513521053325876,0.0114637783762571,0.0881660333775512,0.0484522138923759,0.206262896686782,0,0.647073378317685,0.806561275200218
TARGET.20.PAXFEX.09A,0.165731058821803,0,0.148615866929544,0.0804118137180937,0.0475267711219528,0.188055574267123,0,0.0790682808014503,0.0171017178094774,0.0532212024371059,0.123434004968626,0.0968337091248239,0,0.85679927537552,0.600238349218117
TARGET.20.PAXIFA.09A,0.11498060930044,0.0534236635118025,0.0756583605713458,0.14868273989822,0.0859451578701933,0.0182324315885327,0.0151913991596479,0.0642940694795488,0.135677613182352,0.0819140648247974,0.113532035954355,0.0924678546587644,0,0.687631954642576,0.805675892201204
TARGET.20.PAXKTZ.09A,0.0999928952595118,0.0506586166757281,0.111536577067665,0.0750476182217138,0.0817314196494542,0.157765019369042,0.0184086425304313,0.0652933761260415,0.0834993384005237,0.0621595534063366,0.106833609308273,0.0870733339852787,0,0.668008551170801,0.76739939649545
TARGET.20.PAYDUC.09A,0.0787812072698769,0.115782278788674,0.0696618128190489,0.0902221092714722,0.0233313485750784,0.147560889855769,0.050545299114112,0.0609036484618697,0.0561560937668544,0.0613892777070731,0.129475616426043,0.116190417944129,0,0.571033995473487,0.82682145079135
TARGET.20.PAUMTZ.09A,0.112675369070487,0.109591241523005,0.0759161439676267,0.145270848041853,0.0737080041017703,0,0.0244620360888673,0.0564812286177615,0.0691369353846396,0.0724352183097654,0.154659204763367,0.105663770130858,0,0.576924061337886,0.84748853801744
TARGET.20.PASEMA.09A,0.113360779859733,0.018101377299647,0.179917933134018,0.151134667819529,0.183175162528088,0,0,0.0613888453172356,0.114347070675436,0.0345508600421361,0.0933922208285553,0.0506310824956226,0,0.522927866712121,0.875568217028396
TARGET.20.PAXDBF.09A,0.0645914665836569,0.0665259668834451,0.130191244723137,0.13588883378176,0.168458160200547,0.00398281071194019,0.0107261558408009,0,0.137902465373721,0.0697865432821652,0.152706882997018,0.0592394696218086,0,0.632991044361033,0.830532756905099
TARGET.20.PALRMX.09A,0.123175103766611,0.0529567211219828,0.160026223936585,0.0522061261094419,0.080705394577372,0.133410638969309,0,0.0656881607128334,0.0684687777088734,0.0979719968575538,0.106620357928408,0.0587704983110296,0,0.649603186891798,0.78398249243199
TARGET.20.PAVKVT.09A,0.11322126160507,0,0.128052777788702,0.197050117571796,0.105223325920113,0.043348210318027,0.0509774358746201,0,0.0842698466125164,0.0484774547335739,0.158209289529435,0.0711702800461461,0,0.564734512517188,0.848200121625587
TARGET.20.PANFMG.09A,0.0806862467005185,0.278924140481638,0.02658818031994,0.0957609958832451,0.13441453043053,0.00117720231481323,0.053858566133882,0.0510230394090051,0.0332613675677173,0.0938603774687808,0.0700849404856194,0.0803604128043112,0,0.652193154114346,0.818701556747205
TARGET.20.PARZUU.09A,0.0578157590146534,0.0387470761394818,0.165185842104241,0.0654342709072517,0.141083278331418,0.226712345168444,0.022853332728815,0,0.111028876252434,0.0649070256102832,0.0407698441241155,0.0654623496188634,0,0.797101349926121,0.634694577117867
TARGET.20.PAMYJX.09A,0.110884242674683,0.0605222639491177,0.098393666684845,0.108465549567009,0.110690029645132,0.0854368240807465,0.00401152060556405,0.059819771835369,0.114560064362955,0.0772347026909928,0.0833721257413647,0.086609238162222,0,0.698989529180231,0.786719394200286
TARGET.20.PAVANX.09A,0.0720102646091555,0.0590625448494886,0.116910445061867,0.104709531037081,0.147784459961756,0.00548244335704966,0.030617814534048,0.0814567409889981,0.0866982092484642,0.0611758212154399,0.116513455140483,0.117578269996169,0,0.530703591587091,0.870588302653864
TARGET.20.PASGWH.09A,0.0917168612452647,0.0534657146059539,0.12854291761627,0.101830912010036,0.188093188732787,0.00356308485436844,0.0655269616525083,0.010106638039403,0.165565645136701,0.0552041147971376,0.0747309352116377,0.0616530260979327,0,0.563968605883925,0.863199687271007
TARGET.20.PAXGES.09A,0.0963722784454905,0.00637110397857267,0.120337703490478,0.141014129818208,0.037079802608516,0.103779142203136,0.0186285166983652,0.0488903191287077,0.0649221842452454,0.0872769086709687,0.156340462850749,0.118987447861563,0,0.64372537692933,0.793880835480642
TARGET.21.PASVJS.09A,0.0153925847953049,0.261408221054755,0.0594093411561451,0.00256157914272782,0.101229804213032,0.0349579036282071,0.0723356345435755,0.119778320247074,0.0775981342054651,0.140203962770443,0.0339084597006378,0.0812160545426326,0,0.434670494967359,0.903008655096231
TARGET.20.PAWPVX.09A,0.0815018085234842,0.0547269753371957,0.093476361266687,0.0969056997420232,0.141757245831625,0.0374978717319336,0.0394150216441732,0,0.158160556154976,0.0947367780484854,0.103048259227346,0.0987734224920704,0,0.563427214838233,0.856459861837342
