barcode,SampleID,group,cl,UMAP1,UMAP2
AAACCTGAGTCCTCCT-1-0,0_HealthyBM1,HBM,0,10.977419,2.0822403
AAACCTGCAGATCGGA-1-0,0_HealthyBM1,HBM,0,11.8611,1.2472852
AAACCTGGTGTAATGA-1-0,0_HealthyBM1,HBM,0,10.690174,2.3149784
AAACGGGAGGCTAGGT-1-0,0_HealthyBM1,HBM,0,9.793766,2.5768547
AAACGGGGTCAGAAGC-1-0,0_HealthyBM1,HBM,0,12.725349,1.3213896
AAACGGGGTCTCTTTA-1-0,0_HealthyBM1,HBM,0,11.675647,2.5781858
AAACGGGTCCGCAGTG-1-0,0_HealthyBM1,HBM,0,11.614185,1.5784768
AAAGATGAGATGCCAG-1-0,0_HealthyBM1,HBM,3,1.3509818,-0.020392299
AAAGATGCACATTCGA-1-0,0_HealthyBM1,HBM,3,-2.311955,3.671808
AAAGATGCACTACAGT-1-0,0_HealthyBM1,HBM,0,12.342559,1.3117523
AAAGATGGTGCCTTGG-1-0,0_HealthyBM1,HBM,0,12.837538,2.012234
AAAGCAAGTAACGCGA-1-0,0_HealthyBM1,HBM,0,12.212444,-0.43188876
AAAGCAAGTATAAACG-1-0,0_HealthyBM1,HBM,7,-4.5976405,0.047172327
AAAGCAAGTCACTGGC-1-0,0_HealthyBM1,HBM,8,-1.4747367,0.014741101
AAAGCAATCTTTAGTC-1-0,0_HealthyBM1,HBM,3,-1.437218,2.4574537
AAAGTAGGTATGGTTC-1-0,0_HealthyBM1,HBM,7,-5.016075,2.884643
AAAGTAGGTCATATCG-1-0,0_HealthyBM1,HBM,0,12.205844,1.5398599
AAAGTAGTCTTTAGGG-1-0,0_HealthyBM1,HBM,3,-1.3991112,-0.098712794
AAATGCCAGGCTCATT-1-0,0_HealthyBM1,HBM,4,-0.98063135,-0.20091838
AAATGCCGTAAAGGAG-1-0,0_HealthyBM1,HBM,3,0.817529,-0.38921744
AAATGCCGTAAAGTCA-1-0,0_HealthyBM1,HBM,0,12.478871,-0.026130673
AAATGCCGTTACGACT-1-0,0_HealthyBM1,HBM,0,11.892187,2.0239964
AACACGTAGATGTGGC-1-0,0_HealthyBM1,HBM,0,12.815424,2.200559
AACACGTTCATGCTCC-1-0,0_HealthyBM1,HBM,3,-2.248497,3.466483
AACACGTTCTACTTAC-1-0,0_HealthyBM1,HBM,9,5.0504565,0.28767675
AACCATGAGGGCTTCC-1-0,0_HealthyBM1,HBM,3,-1.3906024,1.907878
AACCATGTCTCCCTGA-1-0,0_HealthyBM1,HBM,7,-5.269458,1.757465
AACCGCGGTCTCAACA-1-0,0_HealthyBM1,HBM,7,-3.809579,-0.69887364
AACCGCGTCCGTTGCT-1-0,0_HealthyBM1,HBM,0,11.483581,1.4937599
AACGTTGAGACAGACC-1-0,0_HealthyBM1,HBM,3,-2.247139,2.9158146
AACGTTGTCAAACCGT-1-0,0_HealthyBM1,HBM,0,10.627211,1.3273271
AACGTTGTCAATCTCT-1-0,0_HealthyBM1,HBM,11,4.9194136,-3.3290296
AACGTTGTCAGTCAGT-1-0,0_HealthyBM1,HBM,3,-0.8544359,-0.99792
AACTCAGAGCCGGTAA-1-0,0_HealthyBM1,HBM,0,11.565686,-0.13829875
AACTCAGAGGCTAGGT-1-0,0_HealthyBM1,HBM,3,1.1734499,0.4965343
AACTCAGAGTCTTGCA-1-0,0_HealthyBM1,HBM,6,1.6178162,-1.9667889
AACTCAGTCAGTCCCT-1-0,0_HealthyBM1,HBM,0,12.954489,1.7910821
AACTCCCAGACTACAA-1-0,0_HealthyBM1,HBM,10,9.1403675,3.3373034
AACTCCCAGGCAGGTT-1-0,0_HealthyBM1,HBM,0,12.07605,1.0482434
AACTCCCAGTTACGGG-1-0,0_HealthyBM1,HBM,10,9.051289,4.017887
AACTCTTAGCCTTGAT-1-0,0_HealthyBM1,HBM,5,0.3846426,1.2295713
AACTCTTCATCACGAT-1-0,0_HealthyBM1,HBM,9,5.456654,0.827401
AACTCTTCATGTCGAT-1-0,0_HealthyBM1,HBM,0,10.696746,0.9068783
AACTCTTGTATCTGCA-1-0,0_HealthyBM1,HBM,6,0.26990882,-1.7118226
AACTCTTGTATGGTTC-1-0,0_HealthyBM1,HBM,0,10.400414,1.3418428
AACTCTTTCTGCCAGG-1-0,0_HealthyBM1,HBM,0,11.867933,-0.24750566
AACTGGTCAGCCTTTC-1-0,0_HealthyBM1,HBM,7,-5.3346515,0.54183054
AACTGGTGTCTAGCCG-1-0,0_HealthyBM1,HBM,7,0.18931411,0.6433953
AACTTTCCAAGAGTCG-1-0,0_HealthyBM1,HBM,12,4.0369234,5.9004855
AACTTTCCAGTTCCCT-1-0,0_HealthyBM1,HBM,0,10.623812,0.9060124
AACTTTCCATGTCTCC-1-0,0_HealthyBM1,HBM,9,5.4288745,0.19180518
AACTTTCGTAGAGCTG-1-0,0_HealthyBM1,HBM,0,11.260847,2.5416636
AACTTTCTCCCATTAT-1-0,0_HealthyBM1,HBM,0,11.506114,0.21809566
AAGACCTAGCTGGAAC-1-0,0_HealthyBM1,HBM,0,11.715445,0.27288887
AAGACCTCATGTAAGA-1-0,0_HealthyBM1,HBM,3,1.8436342,-0.31758153
AAGACCTTCATGTAGC-1-0,0_HealthyBM1,HBM,6,1.1613002,-1.4422034
AAGACCTTCATGTCCC-1-0,0_HealthyBM1,HBM,10,8.622626,2.9653335
AAGCCGCCAGGTCGTC-1-0,0_HealthyBM1,HBM,0,10.443355,1.0053086
AAGCCGCGTCCCGACA-1-0,0_HealthyBM1,HBM,0,10.629173,1.1747181
AAGCCGCGTGCTAGCC-1-0,0_HealthyBM1,HBM,1,8.207314,-0.96327
AAGCCGCGTTCTCATT-1-0,0_HealthyBM1,HBM,0,12.442081,2.6799102
AAGGAGCAGCTCCTCT-1-0,0_HealthyBM1,HBM,1,7.893155,-0.022981191
AAGGAGCAGTGGGTTG-1-0,0_HealthyBM1,HBM,3,-0.21851955,1.9223492
AAGGAGCCAAGGTGTG-1-0,0_HealthyBM1,HBM,3,-2.4979289,3.6049707
AAGGAGCTCCCGGATG-1-0,0_HealthyBM1,HBM,0,11.76135,-0.09164789
AAGGCAGCAGTCACTA-1-0,0_HealthyBM1,HBM,9,5.39748,-0.16280647
AAGGCAGCATCCAACA-1-0,0_HealthyBM1,HBM,0,12.081341,2.2421467
AAGGCAGTCCAAAGTC-1-0,0_HealthyBM1,HBM,11,4.6927214,-2.8684552
AAGGCAGTCCTCAATT-1-0,0_HealthyBM1,HBM,7,-3.4434078,-1.1253039
AAGGCAGTCTCCGGTT-1-0,0_HealthyBM1,HBM,7,-4.201881,-0.7677056
AAGGTTCCAAGCCTAT-1-0,0_HealthyBM1,HBM,3,-0.015918223,2.712996
AATCCAGCAACGATGG-1-0,0_HealthyBM1,HBM,0,12.094166,-0.11094638
AATCCAGGTATGCTTG-1-0,0_HealthyBM1,HBM,9,5.371218,-0.020135645
AATCCAGTCCATGAGT-1-0,0_HealthyBM1,HBM,3,-0.0014132016,1.800928
AATCGGTAGCCAGTAG-1-0,0_HealthyBM1,HBM,3,-0.8899616,0.6056286
AATCGGTAGTTCGATC-1-0,0_HealthyBM1,HBM,0,11.856693,2.3432496
AATCGGTCACATTCGA-1-0,0_HealthyBM1,HBM,7,-6.0742736,0.11778579
AATCGGTGTATAAACG-1-0,0_HealthyBM1,HBM,1,7.91794,-1.4858772
AATCGGTTCTTTACAC-1-0,0_HealthyBM1,HBM,1,6.9453716,-1.040866
ACACCAAAGATCTGCT-1-0,0_HealthyBM1,HBM,0,13.216672,2.2608051
ACACCAACACCATGTA-1-0,0_HealthyBM1,HBM,9,5.394606,-0.035852175
ACACCAAGTAAGAGGA-1-0,0_HealthyBM1,HBM,3,0.79350513,-0.14762104
ACACCAAGTATTCGTG-1-0,0_HealthyBM1,HBM,3,-0.0043618213,2.3416603
ACACCAAGTTTGGGCC-1-0,0_HealthyBM1,HBM,1,7.032904,-1.39126
ACACCAATCATAAAGG-1-0,0_HealthyBM1,HBM,3,-0.5663632,3.5617049
ACACCCTAGAGTACCG-1-0,0_HealthyBM1,HBM,0,11.707756,1.7083136
ACACCCTCAGCCTATA-1-0,0_HealthyBM1,HBM,2,6.660786,3.4802876
ACACCCTCAGGGTACA-1-0,0_HealthyBM1,HBM,10,9.35182,3.6975265
ACACCCTTCCAGAGGA-1-0,0_HealthyBM1,HBM,8,-2.044506,-1.0892935
ACACCCTTCGGTGTCG-1-0,0_HealthyBM1,HBM,9,5.6647596,-0.04122691
ACACCCTTCTGATACG-1-0,0_HealthyBM1,HBM,0,12.7951355,2.0037034
ACACCGGGTCAGAAGC-1-0,0_HealthyBM1,HBM,3,-1.0167571,-0.66132796
ACACCGGGTGCCTGCA-1-0,0_HealthyBM1,HBM,10,8.126559,2.4267817
ACACCGGGTTAAGAAC-1-0,0_HealthyBM1,HBM,0,11.863482,3.211708
ACACCGGTCACTATTC-1-0,0_HealthyBM1,HBM,0,9.717988,1.1101843
ACACTGACATGTAAGA-1-0,0_HealthyBM1,HBM,0,10.853365,1.2338984
ACAGCCGAGGACTGGT-1-0,0_HealthyBM1,HBM,10,8.192905,2.5514681
ACAGCCGAGTGTCCAT-1-0,0_HealthyBM1,HBM,3,-1.9905549,3.1968663
ACAGCCGCAATTCCTT-1-0,0_HealthyBM1,HBM,0,12.8047285,2.0267386
ACAGCCGCATGCTAGT-1-0,0_HealthyBM1,HBM,6,1.00278,-1.641097
ACAGCCGGTACGAAAT-1-0,0_HealthyBM1,HBM,6,1.4673043,-2.0219588
ACAGCCGTCACCCTCA-1-0,0_HealthyBM1,HBM,4,-2.7093093,-0.11322767
ACAGCCGTCACGGTTA-1-0,0_HealthyBM1,HBM,13,-3.3911805,1.3047557
ACAGCCGTCGTTACAG-1-0,0_HealthyBM1,HBM,8,-2.6121511,-0.99866384
ACAGCTAAGAGTTGGC-1-0,0_HealthyBM1,HBM,11,4.6505556,-3.075624
ACAGCTACATCGACGC-1-0,0_HealthyBM1,HBM,0,12.330001,2.7988322
ACAGCTAGTACGACCC-1-0,0_HealthyBM1,HBM,0,11.129105,0.47798207
ACAGCTAGTGGTGTAG-1-0,0_HealthyBM1,HBM,0,10.007532,2.5258791
ACATACGAGTCAATAG-1-0,0_HealthyBM1,HBM,0,10.601032,0.40771112
ACATACGGTACAGACG-1-0,0_HealthyBM1,HBM,3,-1.1678493,1.649732
ACATCAGGTAAAGGAG-1-0,0_HealthyBM1,HBM,7,-5.590435,0.6093626
ACATCAGGTACGAAAT-1-0,0_HealthyBM1,HBM,9,5.395143,1.1104649
ACATCAGGTGTCTGAT-1-0,0_HealthyBM1,HBM,3,-2.0554812,1.2389394
ACATGGTAGGGAAACA-1-0,0_HealthyBM1,HBM,9,4.9026856,-0.35171023
ACATGGTCAAGGGTCA-1-0,0_HealthyBM1,HBM,0,12.320888,2.7094502
ACATGGTCAGGCTCAC-1-0,0_HealthyBM1,HBM,0,10.062952,1.0764796
ACATGGTGTCATGCAT-1-0,0_HealthyBM1,HBM,3,-0.5457878,0.79633135
ACATGGTGTGTGAAAT-1-0,0_HealthyBM1,HBM,0,11.072467,2.3689091
ACATGGTTCAGAGGTG-1-0,0_HealthyBM1,HBM,0,11.301198,1.2389507
ACATGGTTCCACTGGG-1-0,0_HealthyBM1,HBM,7,-4.460271,-1.1437306
ACCAGTAAGAATGTGT-1-0,0_HealthyBM1,HBM,3,-2.2610188,3.5672207
ACCAGTATCATTGCCC-1-0,0_HealthyBM1,HBM,0,10.696131,2.3015358
ACCCACTCACGGCCAT-1-0,0_HealthyBM1,HBM,3,-1.3094015,3.3437166
ACCGTAAAGCGTGTCC-1-0,0_HealthyBM1,HBM,0,12.565901,1.896321
ACCGTAACACGTGAGA-1-0,0_HealthyBM1,HBM,0,11.215111,2.7485697
ACCTTTAAGGACGAAA-1-0,0_HealthyBM1,HBM,0,10.206697,1.2446101
ACCTTTAGTAGAGGAA-1-0,0_HealthyBM1,HBM,0,12.118712,-0.45009962
ACGAGCCAGTGTCCCG-1-0,0_HealthyBM1,HBM,7,-4.723642,1.6756973
ACGAGCCAGTTGCAGG-1-0,0_HealthyBM1,HBM,0,10.469251,1.482894
ACGAGCCCAATGTAAG-1-0,0_HealthyBM1,HBM,3,-1.3840908,0.79198664
ACGAGCCCAGGTCGTC-1-0,0_HealthyBM1,HBM,0,12.194227,2.3721366
ACGAGCCCAGTGACAG-1-0,0_HealthyBM1,HBM,9,2.2809775,1.5747392
ACGAGCCGTTCAGTAC-1-0,0_HealthyBM1,HBM,9,5.382714,1.2730808
ACGAGCCTCTGACCTC-1-0,0_HealthyBM1,HBM,0,11.813257,2.281358
ACGAGGAAGTACGTAA-1-0,0_HealthyBM1,HBM,9,4.4753904,-0.55647004
ACGAGGAGTCTCTTTA-1-0,0_HealthyBM1,HBM,0,12.708708,1.739314
ACGAGGATCATCGGAT-1-0,0_HealthyBM1,HBM,7,-6.019401,1.280373
ACGATACAGTGAAGTT-1-0,0_HealthyBM1,HBM,6,0.86372185,-1.5495018
ACGATACCACTGAAGG-1-0,0_HealthyBM1,HBM,0,11.090056,2.1216366
ACGATGTAGCCGTCGT-1-0,0_HealthyBM1,HBM,0,11.378856,-0.036634408
ACGATGTAGCGATATA-1-0,0_HealthyBM1,HBM,0,12.2619295,-0.50917
ACGATGTGTGGTACAG-1-0,0_HealthyBM1,HBM,0,11.243288,2.3205845
ACGATGTGTTAAGATG-1-0,0_HealthyBM1,HBM,0,11.765761,1.4010426
ACGATGTTCAGTGCAT-1-0,0_HealthyBM1,HBM,0,10.186044,0.50820094
ACGATGTTCATCTGTT-1-0,0_HealthyBM1,HBM,0,11.720695,0.08830557
ACGATGTTCTTTACAC-1-0,0_HealthyBM1,HBM,9,5.239046,0.63160235
ACGCAGCAGACAGAGA-1-0,0_HealthyBM1,HBM,0,10.402317,-0.017059982
ACGCAGCAGGTCGGAT-1-0,0_HealthyBM1,HBM,0,12.0727215,1.3524565
ACGCCAGAGGTGCACA-1-0,0_HealthyBM1,HBM,0,11.103932,1.1155039
ACGCCAGAGTGCAAGC-1-0,0_HealthyBM1,HBM,3,-2.354097,1.2530878
ACGCCGAGTAGAGGAA-1-0,0_HealthyBM1,HBM,0,10.6921015,2.218649
ACGCCGAGTGGCAAAC-1-0,0_HealthyBM1,HBM,3,-1.6339093,3.121803
ACGCCGAGTTGGAGGT-1-0,0_HealthyBM1,HBM,3,-2.4736574,1.9066607
ACGGAGAAGGCTACGA-1-0,0_HealthyBM1,HBM,0,11.159741,2.2736018
ACGGAGAGTAATCACC-1-0,0_HealthyBM1,HBM,0,11.515623,1.8618864
ACGGAGAGTTGTGGAG-1-0,0_HealthyBM1,HBM,8,-1.497371,0.4531342
ACGGCCATCCCTCAGT-1-0,0_HealthyBM1,HBM,10,9.310018,3.4392257
ACGGGCTAGTATCGAA-1-0,0_HealthyBM1,HBM,0,12.467007,2.4151385
ACGGGCTCAGCCAGAA-1-0,0_HealthyBM1,HBM,7,-5.275626,-0.6783822
ACGGGTCCATTGGGCC-1-0,0_HealthyBM1,HBM,0,11.774504,3.0845532
ACGGGTCGTAGATTAG-1-0,0_HealthyBM1,HBM,10,8.780382,3.0383337
ACGGGTCTCTCTAGGA-1-0,0_HealthyBM1,HBM,0,9.175547,0.24670696
ACGTCAAAGAGGTTGC-1-0,0_HealthyBM1,HBM,0,12.507586,1.3811997
ACGTCAAGTACAGTGG-1-0,0_HealthyBM1,HBM,0,11.978942,1.6805586
ACGTCAAGTTACGACT-1-0,0_HealthyBM1,HBM,3,-1.692328,3.2937002
ACGTCAATCGGAGGTA-1-0,0_HealthyBM1,HBM,0,10.659167,2.6991694
ACTATCTGTACAAGTA-1-0,0_HealthyBM1,HBM,0,10.276709,0.7073948
ACTATCTGTGATGATA-1-0,0_HealthyBM1,HBM,7,-4.3660007,2.312035
ACTATCTTCGAACGGA-1-0,0_HealthyBM1,HBM,7,-4.2896023,-1.0064163
ACTGAACAGCTGCGAA-1-0,0_HealthyBM1,HBM,0,10.947918,2.6982918
ACTGAACCACTGTTAG-1-0,0_HealthyBM1,HBM,3,0.7488039,-0.15226431
ACTGAACCATGTTGAC-1-0,0_HealthyBM1,HBM,3,-1.0267177,2.0703478
ACTGAACGTAGGCATG-1-0,0_HealthyBM1,HBM,3,0.07426151,2.2988465
ACTGAGTCAATGGACG-1-0,0_HealthyBM1,HBM,0,10.43688,2.1370783
ACTGAGTCAGGTCCAC-1-0,0_HealthyBM1,HBM,0,11.400721,1.3872349
ACTGAGTGTGATAAAC-1-0,0_HealthyBM1,HBM,7,-5.398738,1.3670526
ACTGCTCAGGCTACGA-1-0,0_HealthyBM1,HBM,8,-2.252018,0.067387804
ACTGCTCCACCGAATT-1-0,0_HealthyBM1,HBM,0,10.555204,1.6572765
ACTGCTCCATTAACCG-1-0,0_HealthyBM1,HBM,0,10.996988,0.86465013
ACTGCTCGTCTAGAGG-1-0,0_HealthyBM1,HBM,0,12.008998,2.6289468
ACTGCTCTCGAACTGT-1-0,0_HealthyBM1,HBM,6,2.340606,-2.3667285
ACTGTCCAGCCCAGCT-1-0,0_HealthyBM1,HBM,10,9.218728,3.8545814
ACTGTCCAGTGGACGT-1-0,0_HealthyBM1,HBM,3,0.078324504,1.8968613
ACTGTCCGTCGCATCG-1-0,0_HealthyBM1,HBM,8,-1.5489237,0.52234715
ACTGTCCTCCTGTAGA-1-0,0_HealthyBM1,HBM,7,-5.6332035,-1.0380386
ACTTACTAGCTGCCCA-1-0,0_HealthyBM1,HBM,3,-0.6249971,1.2512467
ACTTACTCACGGTAGA-1-0,0_HealthyBM1,HBM,3,1.0545566,-0.31835458
ACTTACTGTGATAAAC-1-0,0_HealthyBM1,HBM,0,13.278111,1.6526535
ACTTACTGTTAGATGA-1-0,0_HealthyBM1,HBM,0,12.695216,2.021125
ACTTACTTCAAGATCC-1-0,0_HealthyBM1,HBM,3,0.6053129,-0.78673446
ACTTACTTCGGAGGTA-1-0,0_HealthyBM1,HBM,3,-0.4890208,-0.9832701
ACTTGTTCACTCGACG-1-0,0_HealthyBM1,HBM,8,-2.958778,1.0859263
ACTTGTTTCTATCCTA-1-0,0_HealthyBM1,HBM,11,3.5732965,-1.2359527
ACTTTCAAGAAGATTC-1-0,0_HealthyBM1,HBM,3,-1.4454956,1.5614749
ACTTTCACAAACCCAT-1-0,0_HealthyBM1,HBM,0,12.471757,1.8481449
ACTTTCACACAGGCCT-1-0,0_HealthyBM1,HBM,3,-0.30545864,1.2687877
ACTTTCACAGACTCGC-1-0,0_HealthyBM1,HBM,0,12.107302,-0.30354473
ACTTTCAGTCTGATCA-1-0,0_HealthyBM1,HBM,9,5.5670257,-0.04888833
ACTTTCATCACCCTCA-1-0,0_HealthyBM1,HBM,3,-1.6993376,3.3497474
ACTTTCATCAGTTGAC-1-0,0_HealthyBM1,HBM,3,-1.2876556,1.065754
ACTTTCATCGTTTATC-1-0,0_HealthyBM1,HBM,3,-1.3733412,0.1913229
ACTTTCATCTTCATGT-1-0,0_HealthyBM1,HBM,3,-0.07026263,2.7705297
AGAATAGGTAGCTAAA-1-0,0_HealthyBM1,HBM,9,4.7577085,-0.8635421
AGAATAGGTGTGGCTC-1-0,0_HealthyBM1,HBM,3,-2.9259179,0.8451362
AGAATAGTCGGTGTTA-1-0,0_HealthyBM1,HBM,3,-0.79805225,0.3692725
AGAATAGTCTGTCAAG-1-0,0_HealthyBM1,HBM,10,8.358276,2.3916414
AGAATAGTCTTTAGGG-1-0,0_HealthyBM1,HBM,7,-5.7092648,1.9956163
AGACGTTAGGATGTAT-1-0,0_HealthyBM1,HBM,0,13.130193,2.193373
AGACGTTAGGGTTCCC-1-0,0_HealthyBM1,HBM,3,-3.0295374,2.8641036
AGACGTTCAAGCGCTC-1-0,0_HealthyBM1,HBM,5,-0.23377411,-0.30124888
AGACGTTCACAGGTTT-1-0,0_HealthyBM1,HBM,7,-5.867491,0.74303055
AGACGTTGTAAATGTG-1-0,0_HealthyBM1,HBM,3,-0.73498505,3.259155
AGACGTTGTGACCAAG-1-0,0_HealthyBM1,HBM,10,7.607466,2.1961787
AGACGTTTCGTTACAG-1-0,0_HealthyBM1,HBM,0,9.683843,0.85050964
AGACGTTTCTATCGCC-1-0,0_HealthyBM1,HBM,12,3.8601522,6.0473113
AGAGCGAAGCGTCTAT-1-0,0_HealthyBM1,HBM,10,9.18803,3.1828156
AGAGCGACAGGTTTCA-1-0,0_HealthyBM1,HBM,3,-1.166431,1.0489656
AGAGCGAGTTATCACG-1-0,0_HealthyBM1,HBM,7,-4.4117856,-0.06016557
AGAGCTTGTAAGTGTA-1-0,0_HealthyBM1,HBM,5,-0.61569184,0.49977988
AGAGCTTGTGTGGTTT-1-0,0_HealthyBM1,HBM,11,4.289492,-3.3266592
AGAGTGGAGCAATCTC-1-0,0_HealthyBM1,HBM,3,-1.7758182,1.887964
AGAGTGGAGGTAAACT-1-0,0_HealthyBM1,HBM,0,11.6778555,-0.09444121
AGAGTGGAGTTAAGTG-1-0,0_HealthyBM1,HBM,6,0.44434395,-0.1053642
AGAGTGGCATTGGCGC-1-0,0_HealthyBM1,HBM,3,-1.4860656,2.4081745
AGATCTGGTCGACTGC-1-0,0_HealthyBM1,HBM,3,-0.65344936,3.0275865
AGATTGCGTCTTCGTC-1-0,0_HealthyBM1,HBM,0,11.329781,0.002505646
AGCAGCCCACAGATTC-1-0,0_HealthyBM1,HBM,3,-0.10793998,1.3129591
AGCAGCCCAGTATAAG-1-0,0_HealthyBM1,HBM,10,8.497179,2.7103112
AGCAGCCCATCGATTG-1-0,0_HealthyBM1,HBM,0,11.203771,2.1150327
AGCAGCCGTAAGTGTA-1-0,0_HealthyBM1,HBM,10,8.643637,2.8376498
AGCAGCCGTATCAGTC-1-0,0_HealthyBM1,HBM,0,12.445372,2.103905
AGCATACCATGCTGGC-1-0,0_HealthyBM1,HBM,0,12.625543,1.9024402
AGCCTAAAGTTTGCGT-1-0,0_HealthyBM1,HBM,3,-2.664395,0.014769406
AGCCTAACATCAGTAC-1-0,0_HealthyBM1,HBM,0,12.169458,-0.38633263
AGCCTAACATCATCCC-1-0,0_HealthyBM1,HBM,0,12.476728,1.0478469
AGCCTAACATCTGGTA-1-0,0_HealthyBM1,HBM,1,8.182867,-1.3465353
AGCCTAATCCTTGACC-1-0,0_HealthyBM1,HBM,3,-0.45569432,0.3478016
AGCCTAATCGGTTAAC-1-0,0_HealthyBM1,HBM,0,12.649544,2.235062
AGCGGTCAGGGAGTAA-1-0,0_HealthyBM1,HBM,0,10.708504,-0.09866444
AGCGGTCGTCGGGTCT-1-0,0_HealthyBM1,HBM,0,11.024716,1.6638011
AGCGGTCGTTTACTCT-1-0,0_HealthyBM1,HBM,0,12.240412,1.5146265
AGCGGTCTCAATAAGG-1-0,0_HealthyBM1,HBM,0,11.993398,-0.19525382
AGCGTATGTTCCCGAG-1-0,0_HealthyBM1,HBM,0,13.076799,2.4059012
AGCGTATTCAACCAAC-1-0,0_HealthyBM1,HBM,11,4.2832413,-2.2558486
AGCGTCGCAATTCCTT-1-0,0_HealthyBM1,HBM,0,11.582183,0.54355747
AGCTCCTAGTGGAGTC-1-0,0_HealthyBM1,HBM,0,11.971325,0.60865515
AGCTCCTGTGTGAAAT-1-0,0_HealthyBM1,HBM,3,-0.71441126,2.1056364
AGCTCTCAGGATGTAT-1-0,0_HealthyBM1,HBM,10,8.142714,2.4575088
AGCTCTCAGTGTACGG-1-0,0_HealthyBM1,HBM,0,12.79192,1.6967075
AGCTCTCCATTTGCTT-1-0,0_HealthyBM1,HBM,0,12.305542,1.0741549
AGCTCTCGTTCATGGT-1-0,0_HealthyBM1,HBM,3,1.7001517,-0.18940002
AGCTTGAAGAGCAATT-1-0,0_HealthyBM1,HBM,0,12.77521,1.9266438
AGCTTGACAGTTAACC-1-0,0_HealthyBM1,HBM,0,12.430665,2.4181912
AGCTTGAGTAGCGATG-1-0,0_HealthyBM1,HBM,0,12.610555,2.4842496
AGCTTGAGTCAACATC-1-0,0_HealthyBM1,HBM,3,-1.7493129,-0.07690309
AGCTTGAGTGTGGCTC-1-0,0_HealthyBM1,HBM,0,12.388519,0.19063918
AGCTTGATCCAAGCCG-1-0,0_HealthyBM1,HBM,3,-1.2105522,0.033914194
AGGCCACAGAAGGTTT-1-0,0_HealthyBM1,HBM,0,12.82308,1.6243925
AGGCCACAGCGTCAAG-1-0,0_HealthyBM1,HBM,0,12.209517,2.3889432
AGGCCACAGGTAAACT-1-0,0_HealthyBM1,HBM,7,-4.3888326,-1.3135651
AGGCCACGTCTGATTG-1-0,0_HealthyBM1,HBM,14,7.7558193,-3.8351095
AGGCCGTGTCTAGTGT-1-0,0_HealthyBM1,HBM,0,11.04059,0.93162805
AGGCCGTTCTCGGACG-1-0,0_HealthyBM1,HBM,3,-1.4233925,2.3897889
AGGGAGTCATTCGACA-1-0,0_HealthyBM1,HBM,3,-1.5148342,2.553502
AGGGAGTGTTGCGCAC-1-0,0_HealthyBM1,HBM,9,5.831792,0.09047104
AGGGAGTTCCGAGCCA-1-0,0_HealthyBM1,HBM,0,11.562269,1.2176201
AGGGAGTTCCGCGTTT-1-0,0_HealthyBM1,HBM,0,12.300278,1.10569
AGGGAGTTCCGGGTGT-1-0,0_HealthyBM1,HBM,0,10.431031,0.9366419
AGGGATGAGGCAAAGA-1-0,0_HealthyBM1,HBM,7,-4.914806,0.24656554
AGGGATGAGTGACTCT-1-0,0_HealthyBM1,HBM,0,11.31771,2.7336535
AGGGTGAAGGGTGTTG-1-0,0_HealthyBM1,HBM,0,9.650228,0.03974282
AGGGTGACACATAACC-1-0,0_HealthyBM1,HBM,10,9.445534,3.6335688
AGGGTGACATGCTGGC-1-0,0_HealthyBM1,HBM,3,-0.9261509,0.92945373
AGGGTGAGTCCAGTAT-1-0,0_HealthyBM1,HBM,0,11.961337,2.93546
AGGGTGAGTCTCTCGT-1-0,0_HealthyBM1,HBM,0,9.692899,1.6832056
AGGTCATAGCCAACAG-1-0,0_HealthyBM1,HBM,0,11.198682,1.992678
AGGTCCGAGGTACTCT-1-0,0_HealthyBM1,HBM,10,8.693402,2.972203
AGGTCCGCAACCGCCA-1-0,0_HealthyBM1,HBM,3,-2.1153626,0.87102515
AGGTCCGCAAGCGATG-1-0,0_HealthyBM1,HBM,0,9.836611,1.5347297
AGGTCCGGTCAGAAGC-1-0,0_HealthyBM1,HBM,3,-1.2746847,1.9614851
AGGTCCGGTCATGCCG-1-0,0_HealthyBM1,HBM,3,-1.9771479,3.1311362
AGTAGTCAGAAACGAG-1-0,0_HealthyBM1,HBM,9,5.823311,1.3148861
AGTAGTCAGTAAGTAC-1-0,0_HealthyBM1,HBM,3,-1.6432114,2.552635
AGTAGTCCATCGATTG-1-0,0_HealthyBM1,HBM,0,12.256313,3.1825998
AGTAGTCTCTGCTGTC-1-0,0_HealthyBM1,HBM,7,-5.8807917,2.4146898
AGTCTTTGTATGAAAC-1-0,0_HealthyBM1,HBM,3,-2.974944,0.13301335
AGTCTTTGTTCGTGAT-1-0,0_HealthyBM1,HBM,7,-6.7686667,0.9980009
AGTCTTTTCAGGATCT-1-0,0_HealthyBM1,HBM,0,13.116133,2.0680723
AGTGAGGCAAACTGTC-1-0,0_HealthyBM1,HBM,0,12.312013,-0.4892813
AGTGAGGCATACAGCT-1-0,0_HealthyBM1,HBM,0,10.840895,0.7598615
AGTGAGGGTTTGTGTG-1-0,0_HealthyBM1,HBM,3,-0.9497023,1.4693686
AGTGAGGTCCCACTTG-1-0,0_HealthyBM1,HBM,3,-0.65172803,1.6770406
AGTGAGGTCCTTGACC-1-0,0_HealthyBM1,HBM,1,7.0206604,-1.0374457
AGTGGGAAGTGTTAGA-1-0,0_HealthyBM1,HBM,10,9.287686,3.4366457
AGTGGGAAGTGTTGAA-1-0,0_HealthyBM1,HBM,0,10.959301,1.4055824
AGTGGGACAGCTTAAC-1-0,0_HealthyBM1,HBM,0,11.356895,1.7058942
AGTGGGACATGGTCTA-1-0,0_HealthyBM1,HBM,3,0.680996,0.45022303
AGTGGGAGTGTTGAGG-1-0,0_HealthyBM1,HBM,9,5.2111974,-0.17832157
AGTGTCAAGCTGAACG-1-0,0_HealthyBM1,HBM,3,-2.0123355,2.0466309
AGTGTCACAATGACCT-1-0,0_HealthyBM1,HBM,11,4.2506447,-2.46787
AGTTGGTGTCGGCATC-1-0,0_HealthyBM1,HBM,0,11.360596,2.6819744
AGTTGGTTCACAATGC-1-0,0_HealthyBM1,HBM,0,11.258379,1.321606
ATAACGCAGAGATGAG-1-0,0_HealthyBM1,HBM,0,13.25135,1.8473308
ATAACGCCATGCCCGA-1-0,0_HealthyBM1,HBM,7,-4.203225,-0.92219204
ATAACGCGTATCTGCA-1-0,0_HealthyBM1,HBM,7,-5.968261,0.48485234
ATAACGCTCCGAAGAG-1-0,0_HealthyBM1,HBM,0,13.251402,1.995429
ATAAGAGAGTAATCCC-1-0,0_HealthyBM1,HBM,7,-4.9248137,0.43782145
ATAGACCTCATACGGT-1-0,0_HealthyBM1,HBM,3,-1.3213942,1.2807516
ATCACGAAGGGCATGT-1-0,0_HealthyBM1,HBM,0,12.803256,2.0079374
ATCACGAGTCCGAACC-1-0,0_HealthyBM1,HBM,9,5.6878386,1.5347319
ATCATCTTCAGTGCAT-1-0,0_HealthyBM1,HBM,0,10.611956,2.3585446
ATCATCTTCCTAGGGC-1-0,0_HealthyBM1,HBM,11,4.9984035,-3.3587523
ATCATCTTCTCTAGGA-1-0,0_HealthyBM1,HBM,7,-6.169717,-0.92452836
ATCATGGCAAGTACCT-1-0,0_HealthyBM1,HBM,3,-1.248883,3.0468009
ATCATGGCACAACTGT-1-0,0_HealthyBM1,HBM,7,-4.444549,2.4441981
ATCATGGCAGTTTACG-1-0,0_HealthyBM1,HBM,9,5.4941063,-0.3694135
ATCATGGGTCACTGGC-1-0,0_HealthyBM1,HBM,0,12.809703,2.0634484
ATCATGGGTGGCTCCA-1-0,0_HealthyBM1,HBM,7,-4.7866488,1.4146712
ATCATGGTCAATCTCT-1-0,0_HealthyBM1,HBM,0,9.75558,0.72780913
ATCCACCAGATATACG-1-0,0_HealthyBM1,HBM,6,1.1364058,-1.8128076
ATCCACCCAAGCCGCT-1-0,0_HealthyBM1,HBM,3,-1.5038649,0.93925744
ATCCACCCATGAGCGA-1-0,0_HealthyBM1,HBM,0,12.866925,1.5074002
ATCCACCTCCTCCTAG-1-0,0_HealthyBM1,HBM,0,10.288703,0.9195535
ATCCGAACAAGAAAGG-1-0,0_HealthyBM1,HBM,3,-1.370853,0.88998073
ATCCGAAGTATAGGGC-1-0,0_HealthyBM1,HBM,0,13.06272,2.121134
ATCGAGTAGACCTAGG-1-0,0_HealthyBM1,HBM,3,-0.75780445,0.95043695
ATCGAGTCATTGCGGC-1-0,0_HealthyBM1,HBM,9,6.1794086,0.40590486
ATCGAGTTCGCCTGTT-1-0,0_HealthyBM1,HBM,0,11.964747,-0.08346063
ATCTACTAGGCAATTA-1-0,0_HealthyBM1,HBM,9,5.1625314,1.3674631
ATCTACTCAAGCCGCT-1-0,0_HealthyBM1,HBM,3,-2.2450538,2.637193
ATCTGCCAGTACGCGA-1-0,0_HealthyBM1,HBM,2,7.628482,2.9218767
ATCTGCCGTACCCAAT-1-0,0_HealthyBM1,HBM,0,12.034083,-0.20737647
ATCTGCCGTCATGCCG-1-0,0_HealthyBM1,HBM,3,-2.6209402,2.3095984
ATGAGGGAGCAGATCG-1-0,0_HealthyBM1,HBM,6,0.88883436,-0.53483945
ATGAGGGAGCATCATC-1-0,0_HealthyBM1,HBM,7,-5.0670037,1.3549027
ATGAGGGCAATGTTGC-1-0,0_HealthyBM1,HBM,0,12.392772,1.4838127
ATGAGGGTCCTCAATT-1-0,0_HealthyBM1,HBM,0,12.288562,-0.3847529
ATGCGATAGCGATAGC-1-0,0_HealthyBM1,HBM,7,-5.222854,0.42763737
ATGCGATCAAGCTGGA-1-0,0_HealthyBM1,HBM,9,6.3091288,-0.023403874
ATGCGATGTCCTCCAT-1-0,0_HealthyBM1,HBM,0,12.543091,1.3399501
ATGCGATGTTGATTCG-1-0,0_HealthyBM1,HBM,0,11.992416,-0.41906795
ATGCGATTCGCGGATC-1-0,0_HealthyBM1,HBM,10,8.265337,2.732015
ATGGGAGCAAGACGTG-1-0,0_HealthyBM1,HBM,9,5.3984547,0.6938149
ATGGGAGCATCCGCGA-1-0,0_HealthyBM1,HBM,0,12.138286,-0.5787774
ATGGGAGGTCGTGGCT-1-0,0_HealthyBM1,HBM,0,10.032864,1.2275532
ATGGGAGTCCTATTCA-1-0,0_HealthyBM1,HBM,0,12.740553,1.8380007
ATGTGTGAGCGATAGC-1-0,0_HealthyBM1,HBM,0,12.581264,1.1906481
ATGTGTGAGTTAAGTG-1-0,0_HealthyBM1,HBM,3,-2.4274428,1.9688445
ATGTGTGGTAATAGCA-1-0,0_HealthyBM1,HBM,0,10.721189,1.5392245
ATGTGTGTCATGCTCC-1-0,0_HealthyBM1,HBM,5,0.03648044,0.17077078
ATGTGTGTCGCATGGC-1-0,0_HealthyBM1,HBM,8,-2.4417775,1.3018558
ATTACTCGTGACCAAG-1-0,0_HealthyBM1,HBM,6,1.6186486,-0.08388694
ATTACTCGTTTGTTTC-1-0,0_HealthyBM1,HBM,0,11.476152,2.2176373
ATTACTCTCAACGGCC-1-0,0_HealthyBM1,HBM,9,5.1150823,0.04720058
ATTATCCAGCCCTAAT-1-0,0_HealthyBM1,HBM,3,-0.55087256,2.8073683
ATTATCCAGCCGGTAA-1-0,0_HealthyBM1,HBM,8,-2.4262574,1.4096801
ATTATCCGTACCTACA-1-0,0_HealthyBM1,HBM,0,11.2299795,0.6707384
ATTATCCGTCTCATCC-1-0,0_HealthyBM1,HBM,7,-5.062396,0.55354226
ATTATCCTCAAGCCTA-1-0,0_HealthyBM1,HBM,3,-2.6102977,3.0025315
ATTATCCTCCTAGTGA-1-0,0_HealthyBM1,HBM,10,8.320941,2.638674
ATTATCCTCCTCGCAT-1-0,0_HealthyBM1,HBM,0,12.150078,2.1057932
ATTCTACTCCTGCAGG-1-0,0_HealthyBM1,HBM,0,12.612894,2.8607628
ATTGGACCATATACGC-1-0,0_HealthyBM1,HBM,8,-2.4472325,-0.07687514
ATTGGACTCAGGTAAA-1-0,0_HealthyBM1,HBM,0,11.805932,-0.27841365
ATTGGTGAGGCATGTG-1-0,0_HealthyBM1,HBM,0,9.759727,2.8604867
ATTGGTGAGGGCTTCC-1-0,0_HealthyBM1,HBM,0,12.672074,1.3887166
ATTGGTGCAAGCTGAG-1-0,0_HealthyBM1,HBM,0,12.36908,1.3120224
ATTGGTGCAAGTTGTC-1-0,0_HealthyBM1,HBM,0,10.865757,0.9927989
ATTGGTGCATGCAATC-1-0,0_HealthyBM1,HBM,0,12.43823,1.7620224
ATTGGTGCATGCGCAC-1-0,0_HealthyBM1,HBM,3,-0.22648099,1.3855736
ATTGGTGGTTATGTGC-1-0,0_HealthyBM1,HBM,3,-2.4728973,0.42005092
ATTTCTGAGAACTCGG-1-0,0_HealthyBM1,HBM,3,-2.9253194,2.7186759
ATTTCTGCACTCGACG-1-0,0_HealthyBM1,HBM,0,11.960739,-0.55184793
ATTTCTGCAGCCTGTG-1-0,0_HealthyBM1,HBM,11,4.340918,-3.4221983
ATTTCTGGTACTTGAC-1-0,0_HealthyBM1,HBM,0,12.266726,1.0659701
CAACCAAAGGCAAAGA-1-0,0_HealthyBM1,HBM,0,11.4471855,1.7137313
CAACCAACAAAGTGCG-1-0,0_HealthyBM1,HBM,9,4.2728653,0.1684227
CAACCAACAATGGACG-1-0,0_HealthyBM1,HBM,5,0.15055378,0.4072726
CAACCAACACCCTATC-1-0,0_HealthyBM1,HBM,7,-5.1757,-0.4122657
CAACCAACAGTGGGAT-1-0,0_HealthyBM1,HBM,7,-6.301865,1.3368907
CAACCAATCCAAACTG-1-0,0_HealthyBM1,HBM,0,11.357271,-0.26069558
CAACCTCGTATGCTTG-1-0,0_HealthyBM1,HBM,10,8.390571,3.2334554
CAACTAGAGACCCACC-1-0,0_HealthyBM1,HBM,0,12.141967,1.7802979
CAACTAGCAAGCGATG-1-0,0_HealthyBM1,HBM,0,11.47855,0.7520004
CAACTAGCACATCTTT-1-0,0_HealthyBM1,HBM,7,-5.233218,1.053252
CAACTAGCAGACACTT-1-0,0_HealthyBM1,HBM,5,-0.02259499,0.6516607
CAACTAGCATTCGACA-1-0,0_HealthyBM1,HBM,3,-0.6451492,1.0945436
CAACTAGGTCGGCACT-1-0,0_HealthyBM1,HBM,0,12.121418,-0.489779
CAACTAGGTTGGAGGT-1-0,0_HealthyBM1,HBM,9,4.94805,0.19175877
CAACTAGTCCCTTGTG-1-0,0_HealthyBM1,HBM,0,11.910945,2.9165053
CAAGAAAAGAGAGCTC-1-0,0_HealthyBM1,HBM,0,12.669854,2.1476107
CAAGAAAAGCTCCCAG-1-0,0_HealthyBM1,HBM,9,3.233527,0.72543526
CAAGAAAAGGTGACCA-1-0,0_HealthyBM1,HBM,0,11.724689,0.78891397
CAAGAAAGTGTGACCC-1-0,0_HealthyBM1,HBM,7,-4.887401,2.4120922
CAAGATCAGAGCTTCT-1-0,0_HealthyBM1,HBM,0,10.970547,0.6793199
CAAGATCAGCGCCTTG-1-0,0_HealthyBM1,HBM,7,-4.4681864,2.1722667
CAAGATCAGCTGTCTA-1-0,0_HealthyBM1,HBM,0,12.209957,2.2276156
CAAGATCCAAGTCTGT-1-0,0_HealthyBM1,HBM,5,-0.59990585,0.9976929
CAAGATCTCCGTTGTC-1-0,0_HealthyBM1,HBM,5,-0.28745502,0.14780235
CAAGGCCCACAGGAGT-1-0,0_HealthyBM1,HBM,7,-5.520881,-0.1405142
CAAGGCCGTGCGGTAA-1-0,0_HealthyBM1,HBM,7,-4.662022,0.259858
CAAGGCCTCTGCTGCT-1-0,0_HealthyBM1,HBM,3,-2.7326431,2.4197307
CAAGTTGGTAGCTTGT-1-0,0_HealthyBM1,HBM,3,-1.1430905,2.2084677
CAAGTTGTCCAAACTG-1-0,0_HealthyBM1,HBM,3,-0.99271744,3.3347716
CACAAACAGACGCACA-1-0,0_HealthyBM1,HBM,3,-0.6303681,1.0720674
CACAAACCAAGGTTCT-1-0,0_HealthyBM1,HBM,6,3.0528953,-1.2884129
CACAAACGTAACGCGA-1-0,0_HealthyBM1,HBM,3,-0.5801259,1.8693994
CACACAAAGCCAGAAC-1-0,0_HealthyBM1,HBM,6,1.922178,-1.1574055
CACACAACATCCAACA-1-0,0_HealthyBM1,HBM,0,11.140852,-0.22036453
CACACAACATTCACTT-1-0,0_HealthyBM1,HBM,10,9.510013,3.5597217
CACACCTAGATCCCGC-1-0,0_HealthyBM1,HBM,3,-0.7720583,0.47740713
CACACCTAGTGGTAAT-1-0,0_HealthyBM1,HBM,0,10.84556,0.41395918
CACACCTGTCAATACC-1-0,0_HealthyBM1,HBM,0,12.86967,1.540982
CACACCTTCGAACGGA-1-0,0_HealthyBM1,HBM,6,1.7315214,-1.0954673
CACACTCAGGGCTTGA-1-0,0_HealthyBM1,HBM,3,-1.5024829,2.13677
CACACTCAGTACGTTC-1-0,0_HealthyBM1,HBM,0,11.214341,2.5407434
CACACTCAGTGAAGAG-1-0,0_HealthyBM1,HBM,3,0.011588131,2.9098587
CACACTCGTGCGATAG-1-0,0_HealthyBM1,HBM,0,11.4254,0.52698594
CACACTCGTTACTGAC-1-0,0_HealthyBM1,HBM,0,12.400297,1.5431497
CACACTCTCAGTGTTG-1-0,0_HealthyBM1,HBM,8,-3.0598993,-0.3565511
CACAGGCCAGCCTTGG-1-0,0_HealthyBM1,HBM,0,11.28353,1.7378329
CACAGTAAGGTTACCT-1-0,0_HealthyBM1,HBM,7,-5.888795,1.020597
CACAGTACAAAGTCAA-1-0,0_HealthyBM1,HBM,6,0.7855255,-1.9557003
CACAGTACAGGCTCAC-1-0,0_HealthyBM1,HBM,12,2.7615669,6.311051
CACAGTACATCACCCT-1-0,0_HealthyBM1,HBM,0,12.349202,1.1120934
CACAGTAGTATCACCA-1-0,0_HealthyBM1,HBM,0,12.036619,1.7311773
CACAGTAGTCATGCCG-1-0,0_HealthyBM1,HBM,3,-0.8365509,0.75780606
CACAGTAGTCTGCCAG-1-0,0_HealthyBM1,HBM,0,10.187335,1.7542899
CACATAGAGGCACATG-1-0,0_HealthyBM1,HBM,9,5.874678,0.9467883
CACATAGGTAAGAGGA-1-0,0_HealthyBM1,HBM,7,-4.512651,-0.3611958
CACATTTTCACCTCGT-1-0,0_HealthyBM1,HBM,3,-0.99845105,3.0594761
CACCAGGAGGCGCTCT-1-0,0_HealthyBM1,HBM,0,13.235586,1.3744546
CACCAGGCAGGTGCCT-1-0,0_HealthyBM1,HBM,0,12.254082,1.4468648
CACCAGGGTAAATGAC-1-0,0_HealthyBM1,HBM,0,12.171111,1.8454418
CACCAGGTCATCGATG-1-0,0_HealthyBM1,HBM,3,-1.2441543,2.485764
CACTCCACACCAGGTC-1-0,0_HealthyBM1,HBM,12,4.0918736,5.8291388
CACTCCAGTATATCCG-1-0,0_HealthyBM1,HBM,5,-0.8503279,0.2564261
CAGAATCAGCGATGAC-1-0,0_HealthyBM1,HBM,5,0.4844148,0.6163261
CAGAATCAGTACCGGA-1-0,0_HealthyBM1,HBM,7,-5.7434354,2.0064416
CAGAATCCAATGGTCT-1-0,0_HealthyBM1,HBM,0,10.808228,2.3255727
CAGAATCCAGACGCAA-1-0,0_HealthyBM1,HBM,0,12.901527,1.4208007
CAGAATCTCTCCTATA-1-0,0_HealthyBM1,HBM,3,-0.377492,-0.650075
CAGAGAGGTAATAGCA-1-0,0_HealthyBM1,HBM,0,10.093155,2.305858
CAGAGAGGTCTCTCTG-1-0,0_HealthyBM1,HBM,0,10.012785,2.023406
CAGCAGCAGATGAGAG-1-0,0_HealthyBM1,HBM,5,0.56185424,-1.2077343
CAGCAGCCATGGTCAT-1-0,0_HealthyBM1,HBM,3,-0.8238091,1.9057506
CAGCAGCGTCTCCACT-1-0,0_HealthyBM1,HBM,7,-3.8779078,-0.61266273
CAGCAGCGTGTCTGAT-1-0,0_HealthyBM1,HBM,3,-1.8865541,2.0669339
CAGCAGCTCAGCTTAG-1-0,0_HealthyBM1,HBM,0,12.141947,1.9876153
CAGCAGCTCATCACCC-1-0,0_HealthyBM1,HBM,0,12.028392,2.998092
CAGCATAAGAAACCAT-1-0,0_HealthyBM1,HBM,5,-0.7338403,-0.06694053
CAGCATACAGTTCCCT-1-0,0_HealthyBM1,HBM,3,0.51755184,1.2296132
CAGCATAGTCCGAATT-1-0,0_HealthyBM1,HBM,0,12.543581,2.9042282
CAGCATAGTTTGACAC-1-0,0_HealthyBM1,HBM,0,12.642728,2.645228
CAGCATATCAAGCCTA-1-0,0_HealthyBM1,HBM,10,7.867287,3.0181575
CAGCCGAGTTAAGATG-1-0,0_HealthyBM1,HBM,3,-0.78084296,0.009467572
CAGCCGATCAGCTCTC-1-0,0_HealthyBM1,HBM,0,11.475684,0.4510768
CAGCGACAGAGCTATA-1-0,0_HealthyBM1,HBM,0,12.618573,2.2178714
CAGCGACAGTGGGCTA-1-0,0_HealthyBM1,HBM,7,-3.6633651,-1.0429982
CAGCTAAGTCGAGATG-1-0,0_HealthyBM1,HBM,0,12.195266,1.9280505
CAGCTAAGTGGGTCAA-1-0,0_HealthyBM1,HBM,7,-5.006429,-0.031236509
CAGCTGGCACGTCTCT-1-0,0_HealthyBM1,HBM,0,11.04444,1.0789676
CAGCTGGTCCTTGGTC-1-0,0_HealthyBM1,HBM,3,-1.440298,2.8725805
CAGGTGCAGCGTGAGT-1-0,0_HealthyBM1,HBM,3,-0.5508172,0.3976541
CAGGTGCGTGATGATA-1-0,0_HealthyBM1,HBM,0,12.013951,2.8758461
CAGGTGCGTTTGGCGC-1-0,0_HealthyBM1,HBM,0,11.632214,1.8119717
CAGTAACAGATTACCC-1-0,0_HealthyBM1,HBM,0,10.936895,0.9133801
CAGTAACAGCTAGCCC-1-0,0_HealthyBM1,HBM,3,1.1447887,-0.23658429
CAGTCCTAGAGGTTAT-1-0,0_HealthyBM1,HBM,12,3.8510072,6.0441847
CAGTCCTAGATGTAAC-1-0,0_HealthyBM1,HBM,7,-5.72275,-0.24546358
CATATGGCAGTTAACC-1-0,0_HealthyBM1,HBM,10,8.430493,1.511735
CATATTCAGCCACCTG-1-0,0_HealthyBM1,HBM,7,-5.695266,0.3667445
CATATTCGTACCTACA-1-0,0_HealthyBM1,HBM,0,11.690256,2.1917107
CATATTCGTGGCGAAT-1-0,0_HealthyBM1,HBM,0,11.776122,2.7457259
CATCAAGAGGTGCTTT-1-0,0_HealthyBM1,HBM,9,4.8345485,0.10834492
CATCAAGGTGGTTTCA-1-0,0_HealthyBM1,HBM,8,-2.1856136,0.83851
CATCAAGTCAAAGTAG-1-0,0_HealthyBM1,HBM,0,11.603157,2.216512
CATCAGACAGTACACT-1-0,0_HealthyBM1,HBM,0,11.899136,2.915625
CATCAGAGTGTATGGG-1-0,0_HealthyBM1,HBM,3,0.13232706,2.0702188
CATCAGAGTTACGCGC-1-0,0_HealthyBM1,HBM,0,12.372566,1.1854436
CATCAGAGTTTGACAC-1-0,0_HealthyBM1,HBM,7,-4.580667,-1.6672046
CATCAGATCATTGCGA-1-0,0_HealthyBM1,HBM,0,12.714886,1.2989713
CATCCACAGAGAACAG-1-0,0_HealthyBM1,HBM,7,-4.418384,-0.10135939
CATCCACAGTAACCCT-1-0,0_HealthyBM1,HBM,3,-1.7804632,1.7948757
CATCCACAGTGTGAAT-1-0,0_HealthyBM1,HBM,0,11.372365,0.4117301
CATCCACTCCAAGCCG-1-0,0_HealthyBM1,HBM,0,12.588179,1.7724249
CATCCACTCTGAAAGA-1-0,0_HealthyBM1,HBM,0,12.36558,2.603041
CATCGAAAGATACACA-1-0,0_HealthyBM1,HBM,0,12.788066,0.72012234
CATCGAAAGCCTATGT-1-0,0_HealthyBM1,HBM,7,-4.2936716,-0.9026025
CATCGAAAGGAGCGTT-1-0,0_HealthyBM1,HBM,0,11.361475,2.7058933
CATCGAATCCGTCATC-1-0,0_HealthyBM1,HBM,6,0.65531045,-1.9011488
CATCGGGAGCTCTCGG-1-0,0_HealthyBM1,HBM,0,11.827289,-0.051209617
CATCGGGAGTCCCACG-1-0,0_HealthyBM1,HBM,0,12.672222,2.545581
CATCGGGGTTACGGAG-1-0,0_HealthyBM1,HBM,0,11.662789,0.87249845
CATCGGGGTTCTGTTT-1-0,0_HealthyBM1,HBM,7,-4.935057,-0.2120892
CATCGGGTCATCATTC-1-0,0_HealthyBM1,HBM,0,10.638418,2.1765554
CATGACACATGGTTGT-1-0,0_HealthyBM1,HBM,3,1.1895322,1.5241897
CATGCCTAGAGTACCG-1-0,0_HealthyBM1,HBM,3,-3.4420888,2.5585723
CATGCCTCACATGACT-1-0,0_HealthyBM1,HBM,0,12.974021,2.4422119
CATGGCGAGAAGGTGA-1-0,0_HealthyBM1,HBM,7,-4.6343265,-0.5408589
CATGGCGAGCGAAGGG-1-0,0_HealthyBM1,HBM,0,12.900442,2.3999395
CATGGCGGTACGCTGC-1-0,0_HealthyBM1,HBM,3,-1.7912546,3.8635554
CATGGCGTCACTTACT-1-0,0_HealthyBM1,HBM,5,0.0011858921,0.08874098
CATGGCGTCCAAGTAC-1-0,0_HealthyBM1,HBM,0,12.568291,3.0166993
CATGGCGTCTGATTCT-1-0,0_HealthyBM1,HBM,0,12.708338,2.4364328
CATGGCGTCTGCTGTC-1-0,0_HealthyBM1,HBM,0,10.99529,1.8587164
CATTATCAGAGCTGCA-1-0,0_HealthyBM1,HBM,10,9.319598,3.7321117
CATTATCAGCGATTCT-1-0,0_HealthyBM1,HBM,0,11.991203,-0.5701839
CATTCGCCACCGCTAG-1-0,0_HealthyBM1,HBM,7,-5.4886036,0.34409925
CATTCGCGTAAACGCG-1-0,0_HealthyBM1,HBM,0,12.94445,1.1969668
CATTCGCGTGAGGGTT-1-0,0_HealthyBM1,HBM,0,12.218936,2.2073872
CATTCGCGTTACCAGT-1-0,0_HealthyBM1,HBM,0,11.359151,0.90343076
CCAATCCAGTACGTAA-1-0,0_HealthyBM1,HBM,3,-0.7012555,1.1982579
CCAATCCCATGCAATC-1-0,0_HealthyBM1,HBM,14,8.0890255,-3.8942528
CCACCTACACGTCTCT-1-0,0_HealthyBM1,HBM,0,12.986818,2.0951235
CCACGGAAGAGAACAG-1-0,0_HealthyBM1,HBM,3,-1.608946,2.4214563
CCACGGAAGCCACGCT-1-0,0_HealthyBM1,HBM,7,2.806362,-0.1130648
CCACGGAGTAACGTTC-1-0,0_HealthyBM1,HBM,11,4.51204,-2.747216
CCACGGAGTGCAACTT-1-0,0_HealthyBM1,HBM,0,10.548868,1.7675105
CCACTACAGCGATATA-1-0,0_HealthyBM1,HBM,3,-1.9983567,2.2276552
CCACTACCAACTGCGC-1-0,0_HealthyBM1,HBM,0,11.241521,3.04126
CCACTACCAGACAAGC-1-0,0_HealthyBM1,HBM,5,-0.68516123,-0.95874697
CCACTACGTGAGTGAC-1-0,0_HealthyBM1,HBM,0,9.692454,2.4829614
CCAGCGACACTTCGAA-1-0,0_HealthyBM1,HBM,9,3.3829405,-0.49160227
CCAGCGACAGCCTTGG-1-0,0_HealthyBM1,HBM,0,11.267861,2.2695565
CCAGCGATCAGCGACC-1-0,0_HealthyBM1,HBM,3,-1.5813245,3.7262387
CCATGTCGTCGCATCG-1-0,0_HealthyBM1,HBM,0,12.180785,2.121979
CCATGTCGTCGGATCC-1-0,0_HealthyBM1,HBM,0,12.234042,-0.39405027
CCATTCGCATTCCTGC-1-0,0_HealthyBM1,HBM,3,1.0227383,0.8472462
CCATTCGGTGATGCCC-1-0,0_HealthyBM1,HBM,3,1.4136777,0.13137275
CCATTCGGTTTAAGCC-1-0,0_HealthyBM1,HBM,7,-4.379286,0.3363577
CCATTCGTCACCGTAA-1-0,0_HealthyBM1,HBM,3,-1.2008501,0.33279297
CCATTCGTCAGCGACC-1-0,0_HealthyBM1,HBM,3,-1.8865812,3.2136922
CCCAATCTCCGTACAA-1-0,0_HealthyBM1,HBM,0,12.1367655,0.10213227
CCCAGTTGTCTAAAGA-1-0,0_HealthyBM1,HBM,0,11.167565,0.17153916
CCGGGATCATTTCAGG-1-0,0_HealthyBM1,HBM,6,1.9370266,-2.4883819
CCGGGATGTAACGACG-1-0,0_HealthyBM1,HBM,0,12.064286,-0.63066643
CCGGGATGTTTGTGTG-1-0,0_HealthyBM1,HBM,0,11.023529,2.0954726
CCGGTAGAGAACTGTA-1-0,0_HealthyBM1,HBM,7,-6.0535474,1.7762768
CCGGTAGCAAACGCGA-1-0,0_HealthyBM1,HBM,0,11.372765,1.049408
CCGTACTAGCGTGAAC-1-0,0_HealthyBM1,HBM,3,-0.8237278,-0.043599702
CCGTACTCAAGAGTCG-1-0,0_HealthyBM1,HBM,3,-1.6255133,1.3544575
CCGTACTGTAGCGCTC-1-0,0_HealthyBM1,HBM,0,9.574104,2.1406872
CCGTGGAGTAAACCTC-1-0,0_HealthyBM1,HBM,0,13.160562,1.4386894
CCGTGGATCCTCAATT-1-0,0_HealthyBM1,HBM,3,0.4492065,0.5068917
CCGTTCAAGAAGGACA-1-0,0_HealthyBM1,HBM,0,10.525397,0.84388906
CCGTTCAAGAGTACCG-1-0,0_HealthyBM1,HBM,3,0.24644694,1.2867438
CCGTTCAGTTATCGGT-1-0,0_HealthyBM1,HBM,8,-2.1575692,0.76123875
CCTAAAGAGAATGTGT-1-0,0_HealthyBM1,HBM,0,12.13956,1.5910081
CCTAAAGCATAAAGGT-1-0,0_HealthyBM1,HBM,3,-1.9589405,1.482544
CCTAAAGCATGATCCA-1-0,0_HealthyBM1,HBM,5,-0.71898,0.28777277
CCTAAAGCATGGTTGT-1-0,0_HealthyBM1,HBM,0,12.445465,2.4875045
CCTAAAGGTGTGACCC-1-0,0_HealthyBM1,HBM,0,12.23398,-0.37741044
CCTAAAGTCCACGTTC-1-0,0_HealthyBM1,HBM,0,12.763292,2.5500803
CCTACACAGTTGCAGG-1-0,0_HealthyBM1,HBM,3,-1.9660548,3.5009205
CCTACACGTTCCAACA-1-0,0_HealthyBM1,HBM,0,11.23048,0.40367964
CCTACCACACCTCGGA-1-0,0_HealthyBM1,HBM,3,-0.96949655,0.760089
CCTACCACAGTTCATG-1-0,0_HealthyBM1,HBM,10,9.373535,3.4073431
CCTAGCTCATCGGGTC-1-0,0_HealthyBM1,HBM,0,12.734284,2.094876
CCTATTATCAAGGCTT-1-0,0_HealthyBM1,HBM,0,11.894889,2.1491654
CCTCAGTAGAATTGTG-1-0,0_HealthyBM1,HBM,0,9.978893,1.9136533
CCTCAGTAGACTACAA-1-0,0_HealthyBM1,HBM,9,4.956115,-0.20486367
CCTCAGTCATTTCAGG-1-0,0_HealthyBM1,HBM,0,12.826023,2.1911564
CCTCAGTGTCCAACTA-1-0,0_HealthyBM1,HBM,0,12.683414,1.1390043
CCTCTGAGTGCACTTA-1-0,0_HealthyBM1,HBM,12,4.238269,5.7095776
CCTCTGAGTGGTTTCA-1-0,0_HealthyBM1,HBM,0,9.882201,0.5324032
CCTCTGATCAGTTGAC-1-0,0_HealthyBM1,HBM,3,-0.5481265,3.3833723
CCTCTGATCGACGGAA-1-0,0_HealthyBM1,HBM,9,5.888395,0.007551704
CCTTACGTCCTACAGA-1-0,0_HealthyBM1,HBM,0,11.011937,1.1334696
CCTTACGTCGTTACAG-1-0,0_HealthyBM1,HBM,0,12.337036,2.4518175
CCTTCCCCACGCTTTC-1-0,0_HealthyBM1,HBM,9,5.0258813,-0.2734729
CCTTCCCCAGACGTAG-1-0,0_HealthyBM1,HBM,0,12.548448,0.3295678
CCTTCCCGTCTAAACC-1-0,0_HealthyBM1,HBM,6,0.75296015,-1.9728377
CCTTCCCTCATCTGTT-1-0,0_HealthyBM1,HBM,6,2.3809416,0.26483777
CCTTCCCTCCCAAGAT-1-0,0_HealthyBM1,HBM,0,11.394565,1.2199625
CCTTCGAAGTCGCCGT-1-0,0_HealthyBM1,HBM,3,-2.6238081,2.149121
CCTTCGAGTCTAACGT-1-0,0_HealthyBM1,HBM,0,12.204201,1.4409636
CCTTCGAGTTCATGGT-1-0,0_HealthyBM1,HBM,0,9.981591,-0.12402699
CCTTTCTAGATGTCGG-1-0,0_HealthyBM1,HBM,10,8.178939,2.7459617
CCTTTCTCAATTGCTG-1-0,0_HealthyBM1,HBM,10,7.959463,2.4951084
CCTTTCTCACGCGAAA-1-0,0_HealthyBM1,HBM,5,-0.4881896,-0.33253238
CGAACATAGGCAAAGA-1-0,0_HealthyBM1,HBM,0,12.620457,0.47970653
CGAACATCAGCTCGAC-1-0,0_HealthyBM1,HBM,0,12.539705,1.9603304
CGAACATCAGCTCGCA-1-0,0_HealthyBM1,HBM,3,1.1480514,1.6822859
CGAATGTCACACCGAC-1-0,0_HealthyBM1,HBM,14,6.969488,-3.5351222
CGAATGTGTCGCGGTT-1-0,0_HealthyBM1,HBM,7,-6.0752683,2.220447
CGACCTTAGCCACTAT-1-0,0_HealthyBM1,HBM,0,11.222795,1.787816
CGACCTTAGGCCGAAT-1-0,0_HealthyBM1,HBM,0,11.451663,-0.32452354
CGACCTTGTATCGCAT-1-0,0_HealthyBM1,HBM,0,12.86789,1.9666346
CGACCTTTCCTTGCCA-1-0,0_HealthyBM1,HBM,7,-5.5205307,-0.12975276
CGACTTCGTCTTCAAG-1-0,0_HealthyBM1,HBM,0,9.395005,0.92250896
CGACTTCGTGCGATAG-1-0,0_HealthyBM1,HBM,6,0.86531997,-2.0027544
CGACTTCTCGGCTACG-1-0,0_HealthyBM1,HBM,3,1.1689923,1.6734378
CGAGAAGAGTCAATAG-1-0,0_HealthyBM1,HBM,0,10.946434,0.4133355
CGAGCACAGCAGACTG-1-0,0_HealthyBM1,HBM,0,12.67721,1.3413117
CGAGCACCAATGGAAT-1-0,0_HealthyBM1,HBM,7,-3.6403027,-1.0423871
CGAGCACCATATACCG-1-0,0_HealthyBM1,HBM,3,-0.14357837,0.7781512
CGAGCACGTAGTAGTA-1-0,0_HealthyBM1,HBM,9,6.1317415,0.15045814
CGAGCACTCTTGTATC-1-0,0_HealthyBM1,HBM,0,12.288845,2.9526079
CGAGCCAAGCAGCGTA-1-0,0_HealthyBM1,HBM,0,11.846025,2.1915004
CGAGCCAAGGTCATCT-1-0,0_HealthyBM1,HBM,7,-3.8818464,0.7675796
CGAGCCACAAAGTGCG-1-0,0_HealthyBM1,HBM,0,12.419108,1.6343771
CGAGCCACAACTGCTA-1-0,0_HealthyBM1,HBM,3,0.8033343,-0.18848754
CGAGCCACATTAACCG-1-0,0_HealthyBM1,HBM,0,10.080059,2.017103
CGAGCCAGTCGACTAT-1-0,0_HealthyBM1,HBM,3,-1.3427612,0.57205355
CGATCGGCATACTACG-1-0,0_HealthyBM1,HBM,0,12.666531,2.4701657
CGATGGCTCAAGCCTA-1-0,0_HealthyBM1,HBM,11,4.9427986,-3.8204682
CGATGGCTCTCGCATC-1-0,0_HealthyBM1,HBM,6,0.50138795,0.20490424
CGATGTAAGTTAGCGG-1-0,0_HealthyBM1,HBM,7,-4.5488534,-0.3487505
CGATGTACACCTATCC-1-0,0_HealthyBM1,HBM,0,10.663109,1.3157413
CGATGTAGTGTGAAAT-1-0,0_HealthyBM1,HBM,0,10.624947,2.1820898
CGATGTATCACGACTA-1-0,0_HealthyBM1,HBM,0,11.254696,1.7222849
CGATTGAAGGAATGGA-1-0,0_HealthyBM1,HBM,9,3.3281906,0.29764384
CGATTGACACGACGAA-1-0,0_HealthyBM1,HBM,11,5.3869724,-3.3279474
CGATTGATCAGGCAAG-1-0,0_HealthyBM1,HBM,7,-5.474012,1.8070492
CGATTGATCCTCAATT-1-0,0_HealthyBM1,HBM,7,-4.9295588,-0.82727605
CGCCAAGAGCCACGTC-1-0,0_HealthyBM1,HBM,7,-5.226655,2.5675359
CGCCAAGAGTGTGGCA-1-0,0_HealthyBM1,HBM,0,12.27316,2.423959
CGCCAAGCACCACCAG-1-0,0_HealthyBM1,HBM,3,-1.9378852,3.1911776
CGCCAAGTCTGCCAGG-1-0,0_HealthyBM1,HBM,3,-0.16170165,0.34529492
CGCGGTAAGCCCTAAT-1-0,0_HealthyBM1,HBM,0,13.073456,2.1008646
CGCGGTATCATTATCC-1-0,0_HealthyBM1,HBM,0,13.07592,2.4045148
CGCGTTTAGATGTGGC-1-0,0_HealthyBM1,HBM,0,12.125533,3.117101
CGCGTTTCAACTTGAC-1-0,0_HealthyBM1,HBM,0,11.908962,-0.47433537
CGCGTTTCACTCAGGC-1-0,0_HealthyBM1,HBM,3,-0.533302,-0.8489431
CGCGTTTGTCTCTTTA-1-0,0_HealthyBM1,HBM,0,11.32948,2.5793135
CGCGTTTGTGAGTGAC-1-0,0_HealthyBM1,HBM,0,10.856872,1.0979314
CGCTATCAGTAATCCC-1-0,0_HealthyBM1,HBM,3,1.1473294,0.3158563
CGCTATCCACATAACC-1-0,0_HealthyBM1,HBM,3,-1.2724559,1.2285973
CGCTATCCATGTAGTC-1-0,0_HealthyBM1,HBM,11,4.6583586,-2.918303
CGCTATCGTTCGGGCT-1-0,0_HealthyBM1,HBM,6,0.87394893,-1.0204377
CGCTATCGTTGGTAAA-1-0,0_HealthyBM1,HBM,1,7.2714133,0.20490263
CGCTATCGTTGTGGCC-1-0,0_HealthyBM1,HBM,3,-2.2883236,3.311095
CGCTATCTCGACCAGC-1-0,0_HealthyBM1,HBM,12,3.966053,5.880915
CGCTGGACAATCCAAC-1-0,0_HealthyBM1,HBM,6,1.6001053,-2.48998
CGCTGGACAGATTGCT-1-0,0_HealthyBM1,HBM,0,9.663143,2.4853644
CGCTGGAGTACCATCA-1-0,0_HealthyBM1,HBM,9,5.229737,0.9041449
CGCTGGATCTAACTCT-1-0,0_HealthyBM1,HBM,3,-2.9089723,0.72912246
CGCTTCAAGAATGTTG-1-0,0_HealthyBM1,HBM,0,12.047557,2.0824714
CGCTTCAAGTCTCAAC-1-0,0_HealthyBM1,HBM,0,11.465803,0.79320526
CGCTTCACATCTCCCA-1-0,0_HealthyBM1,HBM,3,-0.048753627,0.7555939
CGCTTCAGTGGTAACG-1-0,0_HealthyBM1,HBM,5,-1.750684,-1.193516
CGCTTCAGTGTAACGG-1-0,0_HealthyBM1,HBM,8,-1.4012455,-0.5220788
CGCTTCAGTTCCATGA-1-0,0_HealthyBM1,HBM,0,13.263219,1.9555268
CGGACACAGTCGATAA-1-0,0_HealthyBM1,HBM,0,12.82795,1.4931675
CGGACACGTGTAATGA-1-0,0_HealthyBM1,HBM,0,12.87896,2.904365
CGGACACGTGTATGGG-1-0,0_HealthyBM1,HBM,0,12.492523,1.375492
CGGACGTCACGGTGTC-1-0,0_HealthyBM1,HBM,0,10.726086,0.80282575
CGGACGTCAGCATGAG-1-0,0_HealthyBM1,HBM,11,4.9620476,-3.0072553
CGGACGTGTGTGACGA-1-0,0_HealthyBM1,HBM,9,5.276438,0.24467406
CGGACTGCAGGTGGAT-1-0,0_HealthyBM1,HBM,3,1.5757926,-0.5955956
CGGAGCTAGTGTGAAT-1-0,0_HealthyBM1,HBM,0,10.408744,1.8660232
CGGAGCTCAAGAGGCT-1-0,0_HealthyBM1,HBM,3,-3.7960734,2.932524
CGGAGCTGTAGTGAAT-1-0,0_HealthyBM1,HBM,0,10.324519,2.5467782
CGGAGCTGTGTTTGGT-1-0,0_HealthyBM1,HBM,0,10.2262535,2.3472385
CGGAGCTTCAGTTGAC-1-0,0_HealthyBM1,HBM,7,-4.8902802,0.121245116
CGGAGCTTCTCGTATT-1-0,0_HealthyBM1,HBM,0,9.406194,2.3545742
CGGAGTCAGGAGTACC-1-0,0_HealthyBM1,HBM,14,6.882909,-3.8416317
CGGAGTCTCATGTAGC-1-0,0_HealthyBM1,HBM,0,12.059487,2.0635996
CGGCTAGAGTACTTGC-1-0,0_HealthyBM1,HBM,10,8.834601,1.7306588
CGGCTAGCAATTGCTG-1-0,0_HealthyBM1,HBM,0,11.98732,2.6324804
CGGCTAGTCAGAGCTT-1-0,0_HealthyBM1,HBM,3,-0.7284912,1.0453782
CGGGTCACACATGACT-1-0,0_HealthyBM1,HBM,0,11.4033165,1.7060574
CGGGTCAGTAGCTGCC-1-0,0_HealthyBM1,HBM,3,0.6939344,0.5714313
CGGGTCAGTCAGTGGA-1-0,0_HealthyBM1,HBM,0,11.672387,1.7807587
CGGGTCAGTGTTAAGA-1-0,0_HealthyBM1,HBM,0,12.77811,0.67637414
CGGTTAAAGAGATGAG-1-0,0_HealthyBM1,HBM,3,-0.13633953,-1.058051
CGGTTAAAGCAGGCTA-1-0,0_HealthyBM1,HBM,6,1.2212471,-0.6416179
CGGTTAACATTTGCCC-1-0,0_HealthyBM1,HBM,0,12.038397,2.4894702
CGGTTAATCTATGTGG-1-0,0_HealthyBM1,HBM,0,13.080243,2.219453
CGTAGCGAGAAAGTGG-1-0,0_HealthyBM1,HBM,0,10.963874,1.3293971
CGTAGCGAGTCTTGCA-1-0,0_HealthyBM1,HBM,4,-1.5732225,-0.08643015
CGTAGCGCAACTGGCC-1-0,0_HealthyBM1,HBM,0,11.652506,1.3996812
CGTAGCGTCTCTTGAT-1-0,0_HealthyBM1,HBM,4,-0.9607626,-0.72303957
CGTAGGCAGTTGAGAT-1-0,0_HealthyBM1,HBM,3,-0.9326758,1.0633045
CGTAGGCCATGCAACT-1-0,0_HealthyBM1,HBM,0,11.673226,0.58559775
CGTAGGCTCATGTCCC-1-0,0_HealthyBM1,HBM,7,-4.4487624,-0.44337764
CGTCACTAGGACACCA-1-0,0_HealthyBM1,HBM,3,-0.4554006,1.6481557
CGTCACTCAGGCTGAA-1-0,0_HealthyBM1,HBM,9,5.817508,0.69769454
CGTCACTCATTCCTGC-1-0,0_HealthyBM1,HBM,0,12.774099,1.8475122
CGTCACTGTTAAAGAC-1-0,0_HealthyBM1,HBM,9,5.895645,0.2798456
CGTCACTTCACCATAG-1-0,0_HealthyBM1,HBM,3,-0.5873384,2.8894045
CGTCACTTCCTTGGTC-1-0,0_HealthyBM1,HBM,0,11.105862,1.1052736
CGTCAGGAGACTAGAT-1-0,0_HealthyBM1,HBM,7,-3.5986378,0.49326375
CGTCAGGAGGCATGGT-1-0,0_HealthyBM1,HBM,0,11.261151,1.9426452
CGTCAGGGTGCTTCTC-1-0,0_HealthyBM1,HBM,0,13.210585,1.5827765
CGTCAGGGTTAAGGGC-1-0,0_HealthyBM1,HBM,0,11.562874,1.5886908
CGTCAGGGTTCCATGA-1-0,0_HealthyBM1,HBM,7,-5.4727316,1.9565959
CGTCAGGGTTCTCATT-1-0,0_HealthyBM1,HBM,7,-4.9097643,-0.4152993
CGTCCATAGGCACATG-1-0,0_HealthyBM1,HBM,0,11.987482,2.1553466
CGTCCATCACACGCTG-1-0,0_HealthyBM1,HBM,7,-5.0639186,0.9842608
CGTCCATTCATGGTCA-1-0,0_HealthyBM1,HBM,0,12.545803,2.1424797
CGTCTACAGGAGCGAG-1-0,0_HealthyBM1,HBM,6,1.3070209,-1.8829216
CGTCTACCAATCGGTT-1-0,0_HealthyBM1,HBM,0,10.302124,2.3215642
CGTCTACGTACGAAAT-1-0,0_HealthyBM1,HBM,0,12.31795,2.24053
CGTCTACTCTCTTGAT-1-0,0_HealthyBM1,HBM,6,1.3044103,-1.951207
CGTGTAATCAATCACG-1-0,0_HealthyBM1,HBM,0,9.176043,1.3131545
CGTGTCTGTCTCTCTG-1-0,0_HealthyBM1,HBM,7,-5.4912944,2.4288702
CGTGTCTGTTATGTGC-1-0,0_HealthyBM1,HBM,11,4.920476,-3.6242576
CGTTAGAAGCGTTGCC-1-0,0_HealthyBM1,HBM,0,12.071987,-0.38110873
CGTTAGACATGTTGAC-1-0,0_HealthyBM1,HBM,3,-1.7620103,1.0610813
CGTTCTGAGATCGGGT-1-0,0_HealthyBM1,HBM,3,-1.7427671,3.6502097
CGTTCTGAGGCATGGT-1-0,0_HealthyBM1,HBM,0,10.342804,1.1486291
CGTTCTGAGTACCGGA-1-0,0_HealthyBM1,HBM,3,-3.0117276,0.8875712
CGTTCTGCAATAACGA-1-0,0_HealthyBM1,HBM,7,-4.0394216,-1.9296762
CGTTCTGCACATCTTT-1-0,0_HealthyBM1,HBM,0,12.844441,2.2781978
CGTTCTGCAGCCAATT-1-0,0_HealthyBM1,HBM,3,0.5853084,-0.78174496
CGTTCTGGTAGCGTGA-1-0,0_HealthyBM1,HBM,0,10.987753,2.11469
CGTTCTGGTCGCCATG-1-0,0_HealthyBM1,HBM,8,-3.0117288,-0.93133026
CGTTCTGGTGTTAAGA-1-0,0_HealthyBM1,HBM,0,10.846066,2.7733254
CGTTCTGTCCACGTTC-1-0,0_HealthyBM1,HBM,10,8.290572,2.5022008
CGTTCTGTCGCGTTTC-1-0,0_HealthyBM1,HBM,0,11.509188,-0.1862636
CGTTGGGAGCAGACTG-1-0,0_HealthyBM1,HBM,14,7.0769057,-3.7425504
CGTTGGGCAAACGCGA-1-0,0_HealthyBM1,HBM,0,12.597446,0.94298035
CGTTGGGGTCTGCAAT-1-0,0_HealthyBM1,HBM,4,-1.534608,-0.88178813
CTAACTTAGAAGGCCT-1-0,0_HealthyBM1,HBM,0,9.973463,1.6389623
CTAACTTCAAAGGCGT-1-0,0_HealthyBM1,HBM,3,-1.7987006,2.6892495
CTAACTTCATTAACCG-1-0,0_HealthyBM1,HBM,3,-0.42845348,3.5282972
CTAACTTTCGCTGATA-1-0,0_HealthyBM1,HBM,0,11.306956,1.8513719
CTAAGACCAAACGCGA-1-0,0_HealthyBM1,HBM,9,5.951377,0.83724815
CTAAGACCACATGTGT-1-0,0_HealthyBM1,HBM,0,11.376587,0.104623586
CTAAGACCAGGCAGTA-1-0,0_HealthyBM1,HBM,3,-1.1657692,3.2808974
CTAAGACCATATGGTC-1-0,0_HealthyBM1,HBM,5,-1.3108743,0.22118257
CTAATGGAGGACAGAA-1-0,0_HealthyBM1,HBM,8,-1.9823774,-0.4961405
CTAATGGCAGCTCGCA-1-0,0_HealthyBM1,HBM,3,-0.015261234,0.7549096
CTAATGGTCTTGTACT-1-0,0_HealthyBM1,HBM,3,-1.1370232,1.7840693
CTACACCAGTTAAGTG-1-0,0_HealthyBM1,HBM,11,4.469616,-2.401574
CTACACCCATCCTAGA-1-0,0_HealthyBM1,HBM,8,-2.7811744,0.9906481
CTACACCGTTCGCTAA-1-0,0_HealthyBM1,HBM,3,-1.8926448,3.0036757
CTACACCGTTGAGTTC-1-0,0_HealthyBM1,HBM,3,-0.56607497,0.5103655
CTACACCGTTTCGCTC-1-0,0_HealthyBM1,HBM,3,-2.0140085,2.515726
CTACACCTCAGGCGAA-1-0,0_HealthyBM1,HBM,3,-1.1622572,1.2665637
CTACACCTCTTGAGGT-1-0,0_HealthyBM1,HBM,6,1.7690389,-1.2082381
CTACATTAGCTAAGAT-1-0,0_HealthyBM1,HBM,0,10.452757,2.3341022
CTACATTAGTGTCCAT-1-0,0_HealthyBM1,HBM,0,11.562898,-0.08250474
CTACATTGTATCAGTC-1-0,0_HealthyBM1,HBM,3,-0.65145624,3.203041
CTACATTGTTGCGTTA-1-0,0_HealthyBM1,HBM,0,11.651577,2.9147286
CTACGTCAGGATTCGG-1-0,0_HealthyBM1,HBM,0,12.741204,1.9020338
CTAGAGTGTAACGTTC-1-0,0_HealthyBM1,HBM,10,8.862686,3.2502315
CTAGAGTTCACCTCGT-1-0,0_HealthyBM1,HBM,0,12.827929,2.7224922
CTAGCCTAGAAGAAGC-1-0,0_HealthyBM1,HBM,0,12.176707,0.06704548
CTAGCCTAGACTAGAT-1-0,0_HealthyBM1,HBM,6,0.74388295,-0.6821516
CTAGCCTAGTGCCAGA-1-0,0_HealthyBM1,HBM,0,10.984313,1.8997333
CTAGCCTTCCTTTCGG-1-0,0_HealthyBM1,HBM,0,12.565902,2.9059844
CTAGCCTTCGTAGGAG-1-0,0_HealthyBM1,HBM,3,1.1302027,-0.15366413
CTAGTGAAGAAGCCCA-1-0,0_HealthyBM1,HBM,5,-1.2523172,-0.28245336
CTAGTGACAATCCGAT-1-0,0_HealthyBM1,HBM,0,12.285335,1.3235679
CTAGTGACAATGGAGC-1-0,0_HealthyBM1,HBM,3,-1.7658002,-0.16148947
CTAGTGACACATGTGT-1-0,0_HealthyBM1,HBM,10,8.206822,2.7096093
CTAGTGATCCAGTATG-1-0,0_HealthyBM1,HBM,0,11.389264,2.0696998
CTAGTGATCCCGACTT-1-0,0_HealthyBM1,HBM,0,11.572005,2.001191
CTCACACAGCAGGCTA-1-0,0_HealthyBM1,HBM,0,13.01743,2.104178
CTCACACAGGGTGTGT-1-0,0_HealthyBM1,HBM,3,-2.0379944,2.681435
CTCACACGTCGAACAG-1-0,0_HealthyBM1,HBM,0,11.048906,2.6598835
CTCACACGTCGTGGCT-1-0,0_HealthyBM1,HBM,0,8.488955,2.2282557
CTCACACTCTGTCAAG-1-0,0_HealthyBM1,HBM,3,2.1964061,-0.59854776
CTCAGAAAGTAGTGCG-1-0,0_HealthyBM1,HBM,9,4.649199,-0.11800168
CTCAGAACAAGCCGTC-1-0,0_HealthyBM1,HBM,3,-1.0654187,3.0685756
CTCAGAATCTGATACG-1-0,0_HealthyBM1,HBM,8,-1.8169276,1.2088567
CTCATTAGTAGGGTAC-1-0,0_HealthyBM1,HBM,5,-1.0433159,0.9128455
CTCCTAGCACGGTGTC-1-0,0_HealthyBM1,HBM,0,11.8391285,0.63889426
CTCCTAGGTCAAACTC-1-0,0_HealthyBM1,HBM,6,2.7932649,-1.4031698
CTCCTAGGTGATAAGT-1-0,0_HealthyBM1,HBM,3,-1.7893585,0.1898059
CTCGAAAAGTACGACG-1-0,0_HealthyBM1,HBM,0,11.396769,1.0165726
CTCGAAACACGGCCAT-1-0,0_HealthyBM1,HBM,11,4.763446,-2.8443723
CTCGAAAGTAGGCTGA-1-0,0_HealthyBM1,HBM,0,10.62873,0.113887064
CTCGAAAGTCTCAACA-1-0,0_HealthyBM1,HBM,0,11.5636635,1.8149037
CTCGAGGCACAGGCCT-1-0,0_HealthyBM1,HBM,3,-1.2639567,1.0956227
CTCGAGGGTCTAGGTT-1-0,0_HealthyBM1,HBM,11,3.6189418,-1.9160514
CTCGAGGGTTCTGTTT-1-0,0_HealthyBM1,HBM,10,8.65002,2.3623545
CTCGGAGAGGTGTGGT-1-0,0_HealthyBM1,HBM,6,0.9399413,-1.0514674
CTCGGAGTCCGTTGCT-1-0,0_HealthyBM1,HBM,0,11.922883,-0.47764722
CTCGGGAAGCCACCTG-1-0,0_HealthyBM1,HBM,3,0.72829664,0.9409649
CTCGGGAAGGATATAC-1-0,0_HealthyBM1,HBM,10,8.241325,2.8728364
CTCGTACAGTTGTCGT-1-0,0_HealthyBM1,HBM,0,11.340755,2.6343787
CTCGTACCAAGCCGTC-1-0,0_HealthyBM1,HBM,0,10.984799,1.6155728
CTCGTACGTAGAGTGC-1-0,0_HealthyBM1,HBM,0,12.688331,1.7715288
CTCGTACGTATATGAG-1-0,0_HealthyBM1,HBM,0,11.527015,-0.48538405
CTCGTCAAGGCTAGCA-1-0,0_HealthyBM1,HBM,0,12.546773,2.4446352
CTCGTCACATACTCTT-1-0,0_HealthyBM1,HBM,3,-1.8625665,2.3247318
CTCGTCACATCGACGC-1-0,0_HealthyBM1,HBM,3,-1.5105498,0.04325266
CTCGTCACATCTATGG-1-0,0_HealthyBM1,HBM,0,12.380733,-0.46374303
CTCGTCATCATGTGGT-1-0,0_HealthyBM1,HBM,3,1.3972334,1.8027319
CTCGTCATCCTTGACC-1-0,0_HealthyBM1,HBM,7,-4.624188,-0.12427099
CTCTAATCAGGAATCG-1-0,0_HealthyBM1,HBM,3,-3.1838472,3.0674326
CTCTAATGTGCGAAAC-1-0,0_HealthyBM1,HBM,12,-3.6510067,3.709276
CTCTAATTCCACGTGG-1-0,0_HealthyBM1,HBM,3,-0.9635667,0.18284307
CTCTAATTCGTCGTTC-1-0,0_HealthyBM1,HBM,3,-2.3655913,1.3864828
CTCTACGAGTTCGCGC-1-0,0_HealthyBM1,HBM,0,9.857061,2.3093705
CTCTACGGTAATTGGA-1-0,0_HealthyBM1,HBM,0,12.810858,1.4631448
CTCTGGTAGCTACCTA-1-0,0_HealthyBM1,HBM,0,11.03408,0.81277925
CTCTGGTCACATGTGT-1-0,0_HealthyBM1,HBM,11,4.4747243,-2.6383483
CTCTGGTCAGGGAGAG-1-0,0_HealthyBM1,HBM,6,1.4728259,-0.4427215
CTCTGGTTCTACTATC-1-0,0_HealthyBM1,HBM,0,12.517445,1.4024844
CTGAAACCAAACGCGA-1-0,0_HealthyBM1,HBM,0,12.683625,1.3768567
CTGAAACCAGACACTT-1-0,0_HealthyBM1,HBM,12,4.5651765,5.465572
CTGAAACCATGTCCTC-1-0,0_HealthyBM1,HBM,8,-1.8956853,0.016849793
CTGAAGTAGACGCTTT-1-0,0_HealthyBM1,HBM,0,12.846653,1.4144261
CTGAAGTAGCAATCTC-1-0,0_HealthyBM1,HBM,0,11.805,-0.3211022
CTGAAGTCACTGTCGG-1-0,0_HealthyBM1,HBM,5,-0.95696133,-0.18236686
CTGATAGAGAAAGTGG-1-0,0_HealthyBM1,HBM,3,-0.7299891,3.8006752
CTGATAGCAGATTGCT-1-0,0_HealthyBM1,HBM,0,11.84188,1.2990067
CTGATCCAGCACCGCT-1-0,0_HealthyBM1,HBM,3,-2.2537699,3.3682878
CTGATCCGTACAAGTA-1-0,0_HealthyBM1,HBM,9,4.962648,1.4220225
CTGATCCGTAGCTGCC-1-0,0_HealthyBM1,HBM,9,6.3854723,0.25433534
CTGATCCGTATTCTCT-1-0,0_HealthyBM1,HBM,0,12.802708,1.1499432
CTGCCTATCGCGTTTC-1-0,0_HealthyBM1,HBM,6,1.2935442,-1.8088462
CTGCGGAAGATATACG-1-0,0_HealthyBM1,HBM,3,-1.8095187,3.5821972
CTGCGGAAGTTTCCTT-1-0,0_HealthyBM1,HBM,0,11.263175,-0.19364642
CTGCGGACATGGTAGG-1-0,0_HealthyBM1,HBM,1,9.091898,1.4283309
CTGCGGAGTAAGAGGA-1-0,0_HealthyBM1,HBM,7,-4.439271,-0.742194
CTGCGGAGTCTGCCAG-1-0,0_HealthyBM1,HBM,5,-0.67781836,0.35833615
CTGCGGAGTTATCACG-1-0,0_HealthyBM1,HBM,3,0.1997286,1.0465117
CTGCGGAGTTGACGTT-1-0,0_HealthyBM1,HBM,3,-1.4589535,0.25416687
CTGCGGATCAACACAC-1-0,0_HealthyBM1,HBM,0,12.222612,0.3561786
CTGCGGATCGATCCCT-1-0,0_HealthyBM1,HBM,7,-5.9300723,2.3110003
CTGCTGTCAATCGGTT-1-0,0_HealthyBM1,HBM,10,9.109221,3.8981242
CTGCTGTCATTGAGCT-1-0,0_HealthyBM1,HBM,8,-2.8298166,-0.7449165
CTGTGCTAGAAGGTTT-1-0,0_HealthyBM1,HBM,3,0.35157654,0.50516343
CTGTGCTAGCCAACAG-1-0,0_HealthyBM1,HBM,0,10.878415,2.152668
CTGTGCTCAATGTAAG-1-0,0_HealthyBM1,HBM,3,-0.9500489,1.1132845
CTGTGCTGTGAGTATA-1-0,0_HealthyBM1,HBM,0,10.902182,1.1569555
CTGTGCTGTTATGTGC-1-0,0_HealthyBM1,HBM,0,12.317478,1.543217
CTGTGCTTCATTTGGG-1-0,0_HealthyBM1,HBM,10,8.253356,3.0044105
CTGTTTAGTCCAAGTT-1-0,0_HealthyBM1,HBM,9,3.2309659,1.0466138
CTTAACTCAGCTCGAC-1-0,0_HealthyBM1,HBM,0,11.3108225,0.41163346
CTTAACTCAGTGGGAT-1-0,0_HealthyBM1,HBM,3,-2.0596533,2.5807714
CTTAACTCATCCTTGC-1-0,0_HealthyBM1,HBM,0,11.080259,0.6809739
CTTAACTGTAGCGCAA-1-0,0_HealthyBM1,HBM,3,-1.1559274,2.3793375
CTTAACTTCACATACG-1-0,0_HealthyBM1,HBM,3,-2.5801132,2.8509638
CTTAACTTCCCGGATG-1-0,0_HealthyBM1,HBM,0,11.738796,1.0703835
CTTAACTTCTGCTGTC-1-0,0_HealthyBM1,HBM,0,11.969023,1.7554574
CTTACCGAGTGATCGG-1-0,0_HealthyBM1,HBM,3,-1.1124004,0.43954256
CTTACCGGTCTCGTTC-1-0,0_HealthyBM1,HBM,0,12.239152,2.718972
CTTACCGGTGCTCTTC-1-0,0_HealthyBM1,HBM,0,12.353031,2.0859149
CTTACCGGTTCCCTTG-1-0,0_HealthyBM1,HBM,10,8.4397335,2.9762633
CTTACCGTCAAGGTAA-1-0,0_HealthyBM1,HBM,3,-0.8111065,2.8905544
CTTACCGTCGCCTGTT-1-0,0_HealthyBM1,HBM,9,4.9981246,0.36241496
CTTAGGACAAGTACCT-1-0,0_HealthyBM1,HBM,7,-5.38086,-0.40530056
CTTAGGACATGTAAGA-1-0,0_HealthyBM1,HBM,3,-1.3627101,3.3875349
CTTAGGAGTGATGCCC-1-0,0_HealthyBM1,HBM,0,11.074707,1.1018914
CTTAGGATCCAAAGTC-1-0,0_HealthyBM1,HBM,10,8.484745,1.510205
CTTCTCTAGCGTAATA-1-0,0_HealthyBM1,HBM,9,5.7849975,0.5275488
CTTCTCTCACTGAAGG-1-0,0_HealthyBM1,HBM,5,-1.101913,0.09360889
CTTCTCTGTCATATGC-1-0,0_HealthyBM1,HBM,7,-5.227165,0.069956325
CTTCTCTGTGTCCTCT-1-0,0_HealthyBM1,HBM,0,11.575124,0.33943063
CTTCTCTTCTTTACGT-1-0,0_HealthyBM1,HBM,3,-1.8299577,1.6657149
CTTGGCTCACCCTATC-1-0,0_HealthyBM1,HBM,9,5.4177084,0.7086546
CTTGGCTCATAAAGGT-1-0,0_HealthyBM1,HBM,0,10.542638,2.0356822
CTTGGCTGTGCAGACA-1-0,0_HealthyBM1,HBM,3,-1.4133463,1.9447213
CTTGGCTGTGCCTTGG-1-0,0_HealthyBM1,HBM,0,12.45397,1.8118918
CTTGGCTTCAACACCA-1-0,0_HealthyBM1,HBM,0,12.128745,2.5162992
CTTTGCGCAGCTGTTA-1-0,0_HealthyBM1,HBM,7,-4.7248197,-0.9923126
CTTTGCGGTCGACTGC-1-0,0_HealthyBM1,HBM,7,-4.257472,0.6888279
GAAACTCCAGCTGTTA-1-0,0_HealthyBM1,HBM,0,10.919097,2.5118408
GAAACTCCATCGGGTC-1-0,0_HealthyBM1,HBM,6,1.356792,-1.7414511
GAAACTCTCCAGTAGT-1-0,0_HealthyBM1,HBM,0,12.584904,2.441678
GAAATGAAGCGATTCT-1-0,0_HealthyBM1,HBM,7,-4.2463937,-0.42558414
GAAATGACACTGCCAG-1-0,0_HealthyBM1,HBM,3,-2.7842817,1.2429627
GAAATGATCGGAAATA-1-0,0_HealthyBM1,HBM,0,10.130105,1.6831844
GAACATCAGCAGACTG-1-0,0_HealthyBM1,HBM,3,-2.2911787,1.131781
GAACATCAGGACATTA-1-0,0_HealthyBM1,HBM,3,-0.17994702,2.237167
GAACATCCAGTGACAG-1-0,0_HealthyBM1,HBM,0,9.379571,0.7138178
GAACATCGTTGTGGAG-1-0,0_HealthyBM1,HBM,7,-4.657569,-0.93471473
GAACATCTCTACCTGC-1-0,0_HealthyBM1,HBM,7,-5.8953013,2.5669155
GAACCTAAGCACAGGT-1-0,0_HealthyBM1,HBM,0,12.341184,-0.19661906
GAACCTAGTCGGCATC-1-0,0_HealthyBM1,HBM,0,11.666181,1.370212
GAACCTATCTACCAGA-1-0,0_HealthyBM1,HBM,3,-1.0271993,3.564566
GAACGGAAGATATGCA-1-0,0_HealthyBM1,HBM,10,8.247871,2.9082797
GAACGGAGTGCGATAG-1-0,0_HealthyBM1,HBM,3,-2.7265239,3.2684062
GAACGGATCGTCCAGG-1-0,0_HealthyBM1,HBM,0,12.321818,2.5439048
GAAGCAGCATTCCTGC-1-0,0_HealthyBM1,HBM,0,11.716555,-0.46087557
GAAGCAGGTAGCTAAA-1-0,0_HealthyBM1,HBM,3,-2.7316597,2.4969585
GAAGCAGGTCTAGGTT-1-0,0_HealthyBM1,HBM,10,8.427542,1.5953995
GAAGCAGTCACTATTC-1-0,0_HealthyBM1,HBM,0,12.985655,2.2172387
GAAGCAGTCTGTGCAA-1-0,0_HealthyBM1,HBM,3,-2.1548247,3.4140522
GAATAAGAGCTTATCG-1-0,0_HealthyBM1,HBM,7,-4.3427505,0.70347476
GAATAAGCACCTTGTC-1-0,0_HealthyBM1,HBM,0,12.942815,1.5576199
GAATAAGCATTATCTC-1-0,0_HealthyBM1,HBM,10,8.024807,2.2821944
GAATAAGGTCGGCACT-1-0,0_HealthyBM1,HBM,0,11.9040985,2.7289157
GAATAAGTCCTTCAAT-1-0,0_HealthyBM1,HBM,9,3.7621846,-0.17652857
GAATAAGTCGGCGCAT-1-0,0_HealthyBM1,HBM,6,0.18463759,-2.4990356
GAATGAAAGTACTTGC-1-0,0_HealthyBM1,HBM,0,11.401505,0.24243177
GAATGAAGTCTTCAAG-1-0,0_HealthyBM1,HBM,3,-1.8149709,1.7139401
GACACGCAGGCTACGA-1-0,0_HealthyBM1,HBM,0,12.664081,1.2786051
GACACGCCAATCTACG-1-0,0_HealthyBM1,HBM,0,10.540861,0.6529407
GACACGCTCGCAAACT-1-0,0_HealthyBM1,HBM,7,-4.667478,-1.9717791
GACAGAGCAGTAACGG-1-0,0_HealthyBM1,HBM,3,-0.6738882,3.403186
GACAGAGGTTCTGTTT-1-0,0_HealthyBM1,HBM,3,-3.8763485,3.2084217
GACAGAGTCTTTAGGG-1-0,0_HealthyBM1,HBM,1,7.6017017,-1.4960947
GACCAATAGGATATAC-1-0,0_HealthyBM1,HBM,6,2.153781,0.6142398
GACCAATGTGCTAGCC-1-0,0_HealthyBM1,HBM,0,12.165841,2.1899903
GACCAATTCCCGGATG-1-0,0_HealthyBM1,HBM,0,11.761458,2.616124
GACCTGGAGCCCGAAA-1-0,0_HealthyBM1,HBM,0,12.049503,0.10988121
GACCTGGAGCTAGTGG-1-0,0_HealthyBM1,HBM,0,12.508516,1.2920518
GACCTGGAGGTTCCTA-1-0,0_HealthyBM1,HBM,0,12.184193,2.7720692
GACGCGTAGGATGTAT-1-0,0_HealthyBM1,HBM,0,10.466388,0.32380587
GACGCGTAGTAGCGGT-1-0,0_HealthyBM1,HBM,0,11.201609,2.4553182
GACGCGTGTGTGGTTT-1-0,0_HealthyBM1,HBM,1,7.8502073,-0.6141604
GACGCGTGTTGGTGGA-1-0,0_HealthyBM1,HBM,0,12.800944,2.4541316
GACGTGCAGAGACGAA-1-0,0_HealthyBM1,HBM,0,11.638002,1.0728784
GACGTGCAGTTTAGGA-1-0,0_HealthyBM1,HBM,3,0.1371594,1.1665252
GACGTTAAGAAAGTGG-1-0,0_HealthyBM1,HBM,8,-2.7464602,2.0552099
GACGTTAAGCGTTCCG-1-0,0_HealthyBM1,HBM,0,11.326472,0.3283525
GACGTTAGTGTTCTTT-1-0,0_HealthyBM1,HBM,0,12.706522,1.6803931
GACTAACCATATACGC-1-0,0_HealthyBM1,HBM,0,12.753622,2.5827034
GACTAACCATCCGCGA-1-0,0_HealthyBM1,HBM,10,8.85832,3.0296016
GACTAACGTACCTACA-1-0,0_HealthyBM1,HBM,6,3.547197,-1.6441002
GACTAACGTCCTCTTG-1-0,0_HealthyBM1,HBM,0,10.124635,0.69407135
GACTAACTCATGTCTT-1-0,0_HealthyBM1,HBM,3,-1.7378924,2.5796614
GACTAACTCTGGTATG-1-0,0_HealthyBM1,HBM,9,4.5079846,-0.43210813
GACTAACTCTTCATGT-1-0,0_HealthyBM1,HBM,7,-5.7998896,0.50195986
GACTACAAGCCTTGAT-1-0,0_HealthyBM1,HBM,3,0.7689141,1.7011164
GACTACAGTAAATGTG-1-0,0_HealthyBM1,HBM,0,12.203076,0.9490293
GACTACAGTTCCGGCA-1-0,0_HealthyBM1,HBM,0,11.5259695,2.8834076
GACTACATCAGCACAT-1-0,0_HealthyBM1,HBM,3,0.32171255,2.2012613
GACTGCGAGGGCTCTC-1-0,0_HealthyBM1,HBM,0,12.408556,2.6719944
GACTGCGGTGCCTGGT-1-0,0_HealthyBM1,HBM,6,0.26647398,-1.8706084
GAGCAGAAGTGCAAGC-1-0,0_HealthyBM1,HBM,5,-0.24805106,-0.55274785
GAGCAGACACCATCCT-1-0,0_HealthyBM1,HBM,0,12.648789,2.7490008
GAGCAGACATCGGACC-1-0,0_HealthyBM1,HBM,0,11.16419,1.1709421
GAGCAGACATTTCACT-1-0,0_HealthyBM1,HBM,0,11.663501,1.6551095
GAGCAGATCCAGAAGG-1-0,0_HealthyBM1,HBM,5,-0.3297354,0.54156935
GAGGTGAAGTGGTAAT-1-0,0_HealthyBM1,HBM,0,11.0963,2.6823986
GAGGTGACAAGGGTCA-1-0,0_HealthyBM1,HBM,7,-5.0906115,-0.39674354
GAGGTGACACTGAAGG-1-0,0_HealthyBM1,HBM,3,-1.4895719,2.6689317
GAGTCCGCAGGGAGAG-1-0,0_HealthyBM1,HBM,3,0.3773517,0.35467723
GAGTCCGGTATATGGA-1-0,0_HealthyBM1,HBM,0,10.993071,0.72564673
GAGTCCGGTGCAACGA-1-0,0_HealthyBM1,HBM,3,-0.28172404,1.6513827
GAGTCCGGTTACAGAA-1-0,0_HealthyBM1,HBM,7,-5.400513,-0.4350731
GAGTCCGTCAAGCCTA-1-0,0_HealthyBM1,HBM,3,-1.7454263,2.8222582
GAGTCCGTCCTCCTAG-1-0,0_HealthyBM1,HBM,0,11.912429,2.107016
GAGTCCGTCGGCTACG-1-0,0_HealthyBM1,HBM,7,-4.56798,-1.6433895
GATCAGTCAGATAATG-1-0,0_HealthyBM1,HBM,0,12.331708,-0.2528669
GATCAGTCATCTATGG-1-0,0_HealthyBM1,HBM,3,0.52906483,1.1285189
GATCAGTTCCAGAAGG-1-0,0_HealthyBM1,HBM,3,-1.2861092,2.7944274
GATCGATAGACAGACC-1-0,0_HealthyBM1,HBM,3,-1.0013267,0.752622
GATCGATCAGGTCGTC-1-0,0_HealthyBM1,HBM,0,10.982371,0.61263317
GATCGATCATCACGAT-1-0,0_HealthyBM1,HBM,3,-1.9202309,1.4800582
GATCGATGTAGTGAAT-1-0,0_HealthyBM1,HBM,0,12.250869,3.0550086
GATCGATGTGCAGACA-1-0,0_HealthyBM1,HBM,8,-2.7690272,0.57608217
GATCGCGCATACCATG-1-0,0_HealthyBM1,HBM,0,12.721231,2.5154343
GATCGTAAGCGAAGGG-1-0,0_HealthyBM1,HBM,3,-1.2021967,2.6062481
GATCGTAAGCGATCCC-1-0,0_HealthyBM1,HBM,7,-4.4773116,-1.1043602
GATCGTAAGTGCGATG-1-0,0_HealthyBM1,HBM,3,-1.4629686,-0.8197613
GATCGTATCCGCGCAA-1-0,0_HealthyBM1,HBM,3,-0.70466655,3.5591283
GATCTAGCACATGGGA-1-0,0_HealthyBM1,HBM,3,-0.14574014,2.3893282
GATCTAGCACGACTCG-1-0,0_HealthyBM1,HBM,0,12.116684,2.6043258
GATCTAGTCAAGGCTT-1-0,0_HealthyBM1,HBM,7,-5.090836,2.4368186
GATGAAACACATGACT-1-0,0_HealthyBM1,HBM,3,-1.2522662,1.6486013
GATGAAATCATACGGT-1-0,0_HealthyBM1,HBM,0,10.974273,0.82744414
GATGAGGAGGGATACC-1-0,0_HealthyBM1,HBM,10,9.426556,2.6200938
GATGAGGCATGCCACG-1-0,0_HealthyBM1,HBM,0,12.264783,1.3293877
GATGAGGTCAGCTGGC-1-0,0_HealthyBM1,HBM,6,1.3055539,-3.2653754
GATGCTAAGCACAGGT-1-0,0_HealthyBM1,HBM,0,11.6565895,3.1678228
GATGCTAGTCCAGTGC-1-0,0_HealthyBM1,HBM,7,-4.6913157,0.39982668
GATGCTAGTTAGTGGG-1-0,0_HealthyBM1,HBM,5,-1.5297823,0.44893003
GATTCAGCAGACGTAG-1-0,0_HealthyBM1,HBM,11,4.2301836,-2.4566298
GCAAACTAGTCCTCCT-1-0,0_HealthyBM1,HBM,0,12.770094,1.6109928
GCAAACTAGTCGATAA-1-0,0_HealthyBM1,HBM,10,9.109846,3.5402644
GCAAACTCACTGTCGG-1-0,0_HealthyBM1,HBM,9,5.5315614,-0.26121974
GCAAACTTCCCATTTA-1-0,0_HealthyBM1,HBM,10,8.7274065,2.6836796
GCAAACTTCTCAAACG-1-0,0_HealthyBM1,HBM,3,-0.83948046,2.990486
GCAATCAAGAGCCTAG-1-0,0_HealthyBM1,HBM,0,12.38228,1.5412896
GCAATCACAAGACGTG-1-0,0_HealthyBM1,HBM,0,12.415588,1.938712
GCAATCACAATAGCAA-1-0,0_HealthyBM1,HBM,7,-6.23055,1.8728294
GCAATCACACACATGT-1-0,0_HealthyBM1,HBM,0,12.102775,1.3408209
GCAATCAGTGCCTTGG-1-0,0_HealthyBM1,HBM,7,-5.1957884,1.95462
GCACATACACGAAGCA-1-0,0_HealthyBM1,HBM,7,-5.1686893,2.5016983
GCACATAGTACCGTTA-1-0,0_HealthyBM1,HBM,9,6.509682,-0.30425727
GCACATATCTTGCCGT-1-0,0_HealthyBM1,HBM,7,-4.592602,0.5691233
GCACTCTGTTATGTGC-1-0,0_HealthyBM1,HBM,10,9.21998,3.8287697
GCAGCCAAGCTGAAAT-1-0,0_HealthyBM1,HBM,0,12.852087,1.202489
GCAGCCACAAGCCTAT-1-0,0_HealthyBM1,HBM,0,10.431064,2.302662
GCAGCCACATTTGCCC-1-0,0_HealthyBM1,HBM,0,11.254827,2.4959803
GCAGCCAGTTTAGCTG-1-0,0_HealthyBM1,HBM,11,4.7521706,-3.212176
GCAGCCATCTGATACG-1-0,0_HealthyBM1,HBM,7,-4.9452844,-0.22766104
GCAGTTAAGGGTGTTG-1-0,0_HealthyBM1,HBM,0,12.5333605,1.7271502
GCATACAAGCCGCCTA-1-0,0_HealthyBM1,HBM,3,-2.0075827,2.9115028
GCATACACACGTGAGA-1-0,0_HealthyBM1,HBM,0,11.667259,1.5491798
GCATACACATGGATGG-1-0,0_HealthyBM1,HBM,0,10.006476,1.4259979
GCATACAGTCTGGTCG-1-0,0_HealthyBM1,HBM,0,10.116396,2.1424835
GCATGATTCAGTACGT-1-0,0_HealthyBM1,HBM,3,-2.6566367,3.595841
GCATGATTCGCCATAA-1-0,0_HealthyBM1,HBM,3,-0.24212104,1.7444942
GCATGCGAGAATGTTG-1-0,0_HealthyBM1,HBM,0,12.43243,1.1087058
GCATGCGCATGGTCAT-1-0,0_HealthyBM1,HBM,0,11.32021,1.7117233
GCATGCGGTAGAGCTG-1-0,0_HealthyBM1,HBM,0,9.896479,2.62327
GCATGCGTCTCTGTCG-1-0,0_HealthyBM1,HBM,7,-4.2700253,0.9263452
GCATGCGTCTCTTATG-1-0,0_HealthyBM1,HBM,7,-5.1807594,0.9163286
GCATGTAAGATCCGAG-1-0,0_HealthyBM1,HBM,0,12.218279,2.673489
GCATGTATCAGTTGAC-1-0,0_HealthyBM1,HBM,0,10.101295,2.6540215
GCATGTATCGCCGTGA-1-0,0_HealthyBM1,HBM,0,11.867267,-0.3281382
GCATGTATCTCAACTT-1-0,0_HealthyBM1,HBM,0,10.580418,1.9810174
GCCAAATAGCTGCCCA-1-0,0_HealthyBM1,HBM,5,-0.6123468,-0.9395168
GCCAAATCATACAGCT-1-0,0_HealthyBM1,HBM,0,10.0874195,1.7638546
GCCAAATGTCGGATCC-1-0,0_HealthyBM1,HBM,6,1.0429462,-0.78785056
GCCTCTACACCAACCG-1-0,0_HealthyBM1,HBM,3,-1.4713123,0.74683577
GCGACCACAAGCGATG-1-0,0_HealthyBM1,HBM,3,1.5216813,-0.27101946
GCGACCAGTTGAGGTG-1-0,0_HealthyBM1,HBM,7,-3.9401174,1.9652965
GCGACCATCTAGAGTC-1-0,0_HealthyBM1,HBM,0,12.189206,-0.36528906
GCGAGAACAATAGCAA-1-0,0_HealthyBM1,HBM,7,-5.297497,2.2784233
GCGAGAACAGCATGAG-1-0,0_HealthyBM1,HBM,0,11.768238,3.1818001
GCGAGAATCATCACCC-1-0,0_HealthyBM1,HBM,3,-2.3521638,2.2100837
GCGAGAATCGTTTGCC-1-0,0_HealthyBM1,HBM,0,10.352714,1.1611964
GCGCAACCACACCGCA-1-0,0_HealthyBM1,HBM,0,12.562163,1.6822624
GCGCAACGTAGAAAGG-1-0,0_HealthyBM1,HBM,0,11.477598,1.0789254
GCGCAACGTCCCTACT-1-0,0_HealthyBM1,HBM,0,10.69799,2.897259
GCGCAGTAGTGATCGG-1-0,0_HealthyBM1,HBM,7,-5.5675335,0.8255555
GCGCAGTGTCCAGTTA-1-0,0_HealthyBM1,HBM,0,11.28582,2.0164113
GCGCAGTTCCCAGGTG-1-0,0_HealthyBM1,HBM,0,11.368561,-0.39454237
GCGCAGTTCCTCGCAT-1-0,0_HealthyBM1,HBM,3,-1.5401194,2.8121552
GCGCCAATCGAGGTAG-1-0,0_HealthyBM1,HBM,0,12.504938,1.493599
GCGCCAATCGTTACAG-1-0,0_HealthyBM1,HBM,9,3.6912656,-0.41256785
GCGCGATCATCGATGT-1-0,0_HealthyBM1,HBM,3,-0.732593,1.5153817
GCGCGATGTATGCTTG-1-0,0_HealthyBM1,HBM,3,-2.5896156,2.0361712
GCGCGATGTTGGAGGT-1-0,0_HealthyBM1,HBM,0,12.209768,2.606722
GCGGGTTAGCAAATCA-1-0,0_HealthyBM1,HBM,6,1.5144637,-1.83483
GCGGGTTCATACCATG-1-0,0_HealthyBM1,HBM,0,12.217,-0.5940865
GCGGGTTCATAGACTC-1-0,0_HealthyBM1,HBM,3,-2.3831668,3.5715206
GCGGGTTCATCCTTGC-1-0,0_HealthyBM1,HBM,7,-5.020087,2.2027173
GCGGGTTGTACCATCA-1-0,0_HealthyBM1,HBM,3,-1.6892197,2.7986438
GCGGGTTTCATGCATG-1-0,0_HealthyBM1,HBM,0,12.354561,-0.24541539
GCGGGTTTCTAACTGG-1-0,0_HealthyBM1,HBM,3,-1.7675623,2.380907
GCTCCTAAGATATGGT-1-0,0_HealthyBM1,HBM,3,-1.47867,1.6238893
GCTCCTACAGGTCCAC-1-0,0_HealthyBM1,HBM,0,10.727366,1.0412499
GCTCTGTAGTTGCAGG-1-0,0_HealthyBM1,HBM,0,12.557507,1.3223691
GCTCTGTCAGACACTT-1-0,0_HealthyBM1,HBM,7,-4.9776716,-0.42125788
GCTGCAGGTACCTACA-1-0,0_HealthyBM1,HBM,0,12.661269,2.539441
GCTGCAGGTGATGTGG-1-0,0_HealthyBM1,HBM,3,0.9724064,1.4428513
GCTGCAGTCGTAGGTT-1-0,0_HealthyBM1,HBM,3,-0.8985843,3.0274773
GCTGCGAAGCTTCGCG-1-0,0_HealthyBM1,HBM,0,11.559815,1.9175067
GCTGCGAGTAGAGGAA-1-0,0_HealthyBM1,HBM,6,1.0310283,-1.0424471
GCTGCGAGTCATATGC-1-0,0_HealthyBM1,HBM,7,-4.433817,-1.1123953
GCTGCGAGTTATCGGT-1-0,0_HealthyBM1,HBM,0,10.1558895,1.6904969
GCTGCGATCCGTTGCT-1-0,0_HealthyBM1,HBM,0,10.16396,0.7461368
GCTGCGATCTACTTAC-1-0,0_HealthyBM1,HBM,0,11.244279,2.8518295
GCTGCGATCTCCGGTT-1-0,0_HealthyBM1,HBM,1,6.3959823,-1.0480332
GCTGCTTGTCCGAGTC-1-0,0_HealthyBM1,HBM,3,-2.8987367,2.183363
GCTGCTTTCTTAGAGC-1-0,0_HealthyBM1,HBM,0,11.255073,1.4740692
GCTGGGTCACGACGAA-1-0,0_HealthyBM1,HBM,7,-3.5363858,-0.15503964
GCTGGGTGTCTCGTTC-1-0,0_HealthyBM1,HBM,6,2.7269952,-1.7493969
GCTGGGTGTCTGGTCG-1-0,0_HealthyBM1,HBM,12,2.4595773,6.0358896
GCTGGGTGTGGGTCAA-1-0,0_HealthyBM1,HBM,3,-2.1617813,2.1913981
GCTGGGTTCCGCGCAA-1-0,0_HealthyBM1,HBM,3,-1.7022024,1.6914706
GCTTCCACAAACAACA-1-0,0_HealthyBM1,HBM,5,-0.14858152,0.32398826
GCTTCCACACAGCCCA-1-0,0_HealthyBM1,HBM,0,12.8208275,2.0548155
GCTTCCACATCATCCC-1-0,0_HealthyBM1,HBM,0,12.942997,1.9805125
GCTTCCACATTGCGGC-1-0,0_HealthyBM1,HBM,0,13.081206,1.445069
GCTTCCAGTCTCTCTG-1-0,0_HealthyBM1,HBM,5,0.5744748,-1.1709555
GCTTGAAAGGATGCGT-1-0,0_HealthyBM1,HBM,3,-1.3226031,3.7093034
GCTTGAAAGTGCAAGC-1-0,0_HealthyBM1,HBM,7,-4.5268245,0.071375534
GCTTGAAAGTGGTCCC-1-0,0_HealthyBM1,HBM,7,-4.1268597,-0.3937941
GCTTGAACAAGAGTCG-1-0,0_HealthyBM1,HBM,0,11.1650715,2.7961845
GCTTGAACAATGGATA-1-0,0_HealthyBM1,HBM,3,-0.9280924,1.9230217
GCTTGAACATATGCTG-1-0,0_HealthyBM1,HBM,0,12.361669,1.9717951
GCTTGAAGTAGCTTGT-1-0,0_HealthyBM1,HBM,3,-0.24075924,0.84465253
GCTTGAAGTCTGATTG-1-0,0_HealthyBM1,HBM,3,-3.0469916,0.21265972
GGAAAGCCAATCGAAA-1-0,0_HealthyBM1,HBM,7,-3.7846377,2.567566
GGAAAGCCACAACGCC-1-0,0_HealthyBM1,HBM,0,9.537532,1.026942
GGAAAGCCACAGTCGC-1-0,0_HealthyBM1,HBM,7,-4.2744503,-1.6771885
GGAAAGCCATGGTAGG-1-0,0_HealthyBM1,HBM,0,11.079009,2.0581238
GGAAAGCGTTATCACG-1-0,0_HealthyBM1,HBM,3,-2.9166687,2.4294424
GGAAAGCTCGTACGGC-1-0,0_HealthyBM1,HBM,11,4.1687803,-3.0028176
GGAACTTAGGGTATCG-1-0,0_HealthyBM1,HBM,3,-1.8813189,1.5057026
GGAACTTCAGATCCAT-1-0,0_HealthyBM1,HBM,3,-2.7179759,3.6217566
GGAACTTCATTTGCTT-1-0,0_HealthyBM1,HBM,3,-0.6259841,0.53610265
GGAATAAAGCGTTCCG-1-0,0_HealthyBM1,HBM,3,-0.8875302,0.49391887
GGAATAAAGTGGACGT-1-0,0_HealthyBM1,HBM,5,0.04650591,0.2974461
GGAATAAGTACCAGTT-1-0,0_HealthyBM1,HBM,0,11.838785,1.8840469
GGAATAATCAACTCTT-1-0,0_HealthyBM1,HBM,9,4.6753583,0.03175945
GGAATAATCCAAGTAC-1-0,0_HealthyBM1,HBM,0,10.051423,0.68940216
GGACAAGAGATATGCA-1-0,0_HealthyBM1,HBM,0,9.381035,2.615381
GGACAGAAGGACCACA-1-0,0_HealthyBM1,HBM,3,0.995136,-0.41029254
GGACAGAAGTGCGATG-1-0,0_HealthyBM1,HBM,7,-4.330372,0.14489047
GGACAGACACGACTCG-1-0,0_HealthyBM1,HBM,0,11.14163,0.042920347
GGACAGACAGCCTATA-1-0,0_HealthyBM1,HBM,6,1.2077527,-2.0758104
GGACAGACAGGAACGT-1-0,0_HealthyBM1,HBM,3,-0.08916279,1.8615725
GGACAGAGTAAGTGTA-1-0,0_HealthyBM1,HBM,0,12.871833,2.4217236
GGACAGAGTGACAAAT-1-0,0_HealthyBM1,HBM,3,-1.5016819,2.3558977
GGACAGATCTCGCATC-1-0,0_HealthyBM1,HBM,0,12.113705,-0.16973618
GGACAGATCTGTCAAG-1-0,0_HealthyBM1,HBM,0,12.637816,1.8829521
GGACAGATCTGTCCGT-1-0,0_HealthyBM1,HBM,10,7.7646213,1.7810396
GGACATTCAATGAAAC-1-0,0_HealthyBM1,HBM,7,-4.2904572,-1.2187577
GGACATTCACCTATCC-1-0,0_HealthyBM1,HBM,0,12.979271,1.5335882
GGACATTCAGATAATG-1-0,0_HealthyBM1,HBM,0,11.985992,1.4941639
GGACATTCAGCTGTAT-1-0,0_HealthyBM1,HBM,0,10.083302,0.8795559
GGACATTCAGTTCATG-1-0,0_HealthyBM1,HBM,6,2.7558937,-1.9349209
GGACATTGTCAGAAGC-1-0,0_HealthyBM1,HBM,0,12.713704,2.6583278
GGACATTGTCATCGGC-1-0,0_HealthyBM1,HBM,3,-0.05973633,0.92691755
GGACATTGTCCGCTGA-1-0,0_HealthyBM1,HBM,0,12.417986,2.430339
GGACGTCAGCGACGTA-1-0,0_HealthyBM1,HBM,6,3.6063623,-1.4818554
GGACGTCAGTTGTAGA-1-0,0_HealthyBM1,HBM,0,9.669914,0.8127658
GGACGTCCACCCATGG-1-0,0_HealthyBM1,HBM,3,-2.528994,1.6790961
GGACGTCCACTAAGTC-1-0,0_HealthyBM1,HBM,0,11.405808,1.8748256
GGACGTCGTACAAGTA-1-0,0_HealthyBM1,HBM,0,11.445996,2.065678
GGAGCAAAGGGCTCTC-1-0,0_HealthyBM1,HBM,0,10.558909,1.143615
GGAGCAAGTCCTAGCG-1-0,0_HealthyBM1,HBM,3,-1.36779,-0.03698277
GGATGTTAGAGCTATA-1-0,0_HealthyBM1,HBM,0,12.888257,2.195556
GGATGTTAGAGGTACC-1-0,0_HealthyBM1,HBM,3,-1.678078,1.8365556
GGATGTTGTGGTGTAG-1-0,0_HealthyBM1,HBM,1,6.577051,-1.3013949
GGATTACCATTGGCGC-1-0,0_HealthyBM1,HBM,3,-1.4963659,2.6624122
GGATTACGTAGTGAAT-1-0,0_HealthyBM1,HBM,0,12.899795,1.7950861
GGATTACTCCTCATTA-1-0,0_HealthyBM1,HBM,11,4.8720827,-3.6673439
GGCAATTAGGATGGTC-1-0,0_HealthyBM1,HBM,9,5.6449733,-0.2429675
GGCAATTCAAACGCGA-1-0,0_HealthyBM1,HBM,3,-0.053830948,1.0005447
GGCCGATAGATAGTCA-1-0,0_HealthyBM1,HBM,9,5.0438776,0.5580878
GGCCGATAGCCCAATT-1-0,0_HealthyBM1,HBM,10,8.300026,1.9124292
GGCCGATCACGTTGGC-1-0,0_HealthyBM1,HBM,7,-5.3758435,1.4662095
GGCCGATGTGCTGTAT-1-0,0_HealthyBM1,HBM,7,-4.4620967,1.0705861
GGCCGATGTTCGTGAT-1-0,0_HealthyBM1,HBM,11,4.851416,-3.190239
GGCCGATTCTCCGGTT-1-0,0_HealthyBM1,HBM,0,11.773219,-0.05475895
GGCGACTGTAGAGCTG-1-0,0_HealthyBM1,HBM,0,12.478286,2.6815925
GGCGACTGTTATGCGT-1-0,0_HealthyBM1,HBM,3,-0.9184359,2.302478
GGCGACTTCTACCAGA-1-0,0_HealthyBM1,HBM,3,-1.6233858,3.8226821
GGCGTGTCATACTACG-1-0,0_HealthyBM1,HBM,1,6.480699,-0.40348867
GGCTCGAAGAGATGAG-1-0,0_HealthyBM1,HBM,0,11.149377,2.6477456
GGCTCGAGTAAATGTG-1-0,0_HealthyBM1,HBM,7,-4.9073014,-0.60343224
GGCTCGAGTCCGAATT-1-0,0_HealthyBM1,HBM,0,11.703125,1.2679707
GGCTCGATCATATCGG-1-0,0_HealthyBM1,HBM,3,-2.6529307,3.3614082
GGCTGGTGTACCTACA-1-0,0_HealthyBM1,HBM,0,11.39539,-0.040977683
GGCTGGTTCAGCATGT-1-0,0_HealthyBM1,HBM,0,12.851957,2.1174216
GGGAATGCACACAGAG-1-0,0_HealthyBM1,HBM,0,10.712827,2.2847497
GGGAATGGTCTTCAAG-1-0,0_HealthyBM1,HBM,3,-0.28928313,1.0828364
GGGAATGTCGGGAGTA-1-0,0_HealthyBM1,HBM,3,0.12682222,0.66700315
GGGAATGTCTGTTTGT-1-0,0_HealthyBM1,HBM,8,-2.3448143,1.4529582
GGGACCTAGGGTATCG-1-0,0_HealthyBM1,HBM,3,1.1658698,0.68569034
GGGACCTCATTAACCG-1-0,0_HealthyBM1,HBM,3,-1.6293664,2.102325
GGGAGATAGATATACG-1-0,0_HealthyBM1,HBM,3,-1.0274163,0.961125
GGGAGATAGTTTGCGT-1-0,0_HealthyBM1,HBM,7,-3.8980277,-0.83778685
GGGAGATCAGGGAGAG-1-0,0_HealthyBM1,HBM,3,1.3069663,0.034848914
GGGAGATGTTCCACTC-1-0,0_HealthyBM1,HBM,6,1.9258888,0.121370465
GGGATGAAGCGATTCT-1-0,0_HealthyBM1,HBM,0,12.042136,1.9031837
GGGATGACACAACGCC-1-0,0_HealthyBM1,HBM,7,-5.124416,1.6696825
GGGATGACACATGGGA-1-0,0_HealthyBM1,HBM,7,-3.2372024,0.7397562
GGGATGAGTATCACCA-1-0,0_HealthyBM1,HBM,6,0.5757991,-1.6255796
GGGCACTTCATGCAAC-1-0,0_HealthyBM1,HBM,10,8.390567,2.705182
GGGCATCCAGGACGTA-1-0,0_HealthyBM1,HBM,0,11.184874,0.8121074
GGGCATCCATCTGGTA-1-0,0_HealthyBM1,HBM,10,8.089215,2.8072357
GGGCATCCATGTTCCC-1-0,0_HealthyBM1,HBM,10,8.134006,1.411927
GGGCATCGTCTAGTCA-1-0,0_HealthyBM1,HBM,0,11.853565,1.0787921
GGGCATCGTGACTCAT-1-0,0_HealthyBM1,HBM,10,9.329574,3.7854567
GGGCATCTCGCAAGCC-1-0,0_HealthyBM1,HBM,5,0.27256325,-0.39206207
GGGTCTGCAAGCCGCT-1-0,0_HealthyBM1,HBM,3,0.8483919,0.12720017
GGGTCTGCACGACTCG-1-0,0_HealthyBM1,HBM,9,6.0805974,0.85738784
GGGTCTGGTCATACTG-1-0,0_HealthyBM1,HBM,0,11.662487,-0.31060895
GGGTCTGTCATGTCTT-1-0,0_HealthyBM1,HBM,10,8.659549,3.151773
GGGTCTGTCCAAATGC-1-0,0_HealthyBM1,HBM,0,11.452222,2.055915
GGGTCTGTCTCGATGA-1-0,0_HealthyBM1,HBM,5,-1.7970062,-0.8332464
GGGTTGCCAATAGCAA-1-0,0_HealthyBM1,HBM,7,-4.1466494,0.8838447
GGGTTGCGTATAGGTA-1-0,0_HealthyBM1,HBM,0,10.000108,1.2740828
GGGTTGCGTCTCTCTG-1-0,0_HealthyBM1,HBM,3,-1.8096681,2.416844
GGTATTGAGCCCAATT-1-0,0_HealthyBM1,HBM,0,11.955454,1.5814652
GGTATTGAGGGTGTGT-1-0,0_HealthyBM1,HBM,5,-0.8842422,0.44435775
GGTATTGGTAGGGTAC-1-0,0_HealthyBM1,HBM,9,5.061603,0.005362952
GGTATTGGTTTAGGAA-1-0,0_HealthyBM1,HBM,10,9.405878,3.4018283
GGTATTGTCAGGCCCA-1-0,0_HealthyBM1,HBM,3,1.3379195,1.1960696
GGTGAAGAGAGTGACC-1-0,0_HealthyBM1,HBM,0,12.0510435,3.213136
GGTGAAGAGGGATACC-1-0,0_HealthyBM1,HBM,4,-1.450305,-2.1058142
GGTGAAGCAGTTCATG-1-0,0_HealthyBM1,HBM,0,12.33997,1.7831875
GGTGAAGTCACCATAG-1-0,0_HealthyBM1,HBM,3,-1.534866,3.6805758
GGTGAAGTCCAACCAA-1-0,0_HealthyBM1,HBM,3,-0.82489234,2.181274
GGTGTTAAGATGCCAG-1-0,0_HealthyBM1,HBM,6,1.753317,-1.5259835
GGTGTTAGTGAGGGTT-1-0,0_HealthyBM1,HBM,0,11.290561,-0.42360175
GGTGTTAGTGTTGGGA-1-0,0_HealthyBM1,HBM,0,10.750279,1.1647967
GGTGTTAGTTATCACG-1-0,0_HealthyBM1,HBM,0,13.0756035,1.5414313
GGTGTTATCATTATCC-1-0,0_HealthyBM1,HBM,0,11.38663,-0.2797558
GGTGTTATCTGCCCTA-1-0,0_HealthyBM1,HBM,0,11.357297,-0.19753811
GTAACGTAGAGCTTCT-1-0,0_HealthyBM1,HBM,3,-2.5027006,2.0749927
GTAACGTAGCTAGGCA-1-0,0_HealthyBM1,HBM,1,7.5944176,-1.6109045
GTAACGTCACATCCGG-1-0,0_HealthyBM1,HBM,0,12.1282835,0.9420803
GTAACGTCAGCTTCGG-1-0,0_HealthyBM1,HBM,0,11.629779,-0.036005612
GTAACTGCACGGACAA-1-0,0_HealthyBM1,HBM,0,12.327832,-0.42733207
GTACGTAAGAGCCCAA-1-0,0_HealthyBM1,HBM,0,10.960182,1.6767095
GTACGTAAGCGGCTTC-1-0,0_HealthyBM1,HBM,0,11.900537,-0.44672257
GTACGTAAGTTACCCA-1-0,0_HealthyBM1,HBM,10,8.937529,2.0193105
GTACGTACAAGTCTAC-1-0,0_HealthyBM1,HBM,0,11.740182,2.6130214
GTACGTAGTCTCGTTC-1-0,0_HealthyBM1,HBM,0,11.766537,-0.21882324
GTACGTATCCCTCAGT-1-0,0_HealthyBM1,HBM,4,-0.63144374,-0.80307794
GTACGTATCGGTGTCG-1-0,0_HealthyBM1,HBM,0,11.822564,2.297452
GTACTCCTCCCACTTG-1-0,0_HealthyBM1,HBM,5,0.05816424,1.2469703
GTACTCCTCCGTTGTC-1-0,0_HealthyBM1,HBM,3,-0.9728074,1.6120291
GTACTCCTCGGCTTGG-1-0,0_HealthyBM1,HBM,0,11.275702,2.797705
GTACTCCTCGGTCCGA-1-0,0_HealthyBM1,HBM,3,-1.1002027,2.6771863
GTACTTTTCGCGTTTC-1-0,0_HealthyBM1,HBM,7,-4.1178107,0.73229843
GTAGGCCCAAACGTGG-1-0,0_HealthyBM1,HBM,3,1.3642267,0.4224258
GTAGGCCCACTAAGTC-1-0,0_HealthyBM1,HBM,0,10.330678,1.9567962
GTAGGCCGTATAAACG-1-0,0_HealthyBM1,HBM,0,12.364514,3.024002
GTAGGCCGTTCCAACA-1-0,0_HealthyBM1,HBM,3,1.6036242,0.930429
GTAGGCCTCAGAGCTT-1-0,0_HealthyBM1,HBM,0,10.792675,1.521623
GTAGTCACATACAGCT-1-0,0_HealthyBM1,HBM,3,0.01641428,0.71258056
GTAGTCAGTTGAGGTG-1-0,0_HealthyBM1,HBM,0,8.987873,0.01958869
GTATCTTAGTTCCACA-1-0,0_HealthyBM1,HBM,3,1.3295056,1.3757982
GTATCTTCAATGGAGC-1-0,0_HealthyBM1,HBM,0,12.28432,2.3159895
GTATCTTGTCTCTTTA-1-0,0_HealthyBM1,HBM,0,12.024917,1.8678266
GTATTCTTCAATAAGG-1-0,0_HealthyBM1,HBM,0,12.53044,2.1691217
GTATTCTTCGTCGTTC-1-0,0_HealthyBM1,HBM,0,11.6356735,1.7260315
GTCAAGTAGGAACTGC-1-0,0_HealthyBM1,HBM,12,2.6719282,6.330133
GTCAAGTAGTGAACGC-1-0,0_HealthyBM1,HBM,0,10.92084,2.4561553
GTCAAGTCACATCCGG-1-0,0_HealthyBM1,HBM,3,-3.0935524,3.1099024
GTCAAGTCACATGGGA-1-0,0_HealthyBM1,HBM,3,-3.124444,2.4085386
GTCAAGTCATATACGC-1-0,0_HealthyBM1,HBM,3,-0.8213665,1.831382
GTCAAGTGTCCAAGTT-1-0,0_HealthyBM1,HBM,3,-2.077478,0.6693346
GTCAAGTTCACTCCTG-1-0,0_HealthyBM1,HBM,3,1.1941531,0.22962785
GTCAAGTTCCAAACAC-1-0,0_HealthyBM1,HBM,3,-1.5669558,3.4859905
GTCACGGAGTCTCCTC-1-0,0_HealthyBM1,HBM,6,1.3718197,-1.4880035
GTCACGGTCGTGGGAA-1-0,0_HealthyBM1,HBM,11,4.8552547,-3.1819413
GTCATTTAGATGCCTT-1-0,0_HealthyBM1,HBM,0,13.265652,1.8438103
GTCATTTAGCGATATA-1-0,0_HealthyBM1,HBM,9,3.979277,1.9562681
GTCATTTCACGAAGCA-1-0,0_HealthyBM1,HBM,0,12.392454,0.04584076
GTCATTTGTTACCAGT-1-0,0_HealthyBM1,HBM,0,12.3622875,0.8914567
GTCCTCACAGTCAGAG-1-0,0_HealthyBM1,HBM,5,0.22130767,1.2518432
GTCCTCACAGTCCTTC-1-0,0_HealthyBM1,HBM,10,8.34557,3.0465639
GTCCTCACATCGGACC-1-0,0_HealthyBM1,HBM,0,12.129457,-0.11290976
GTCGGGTGTTGTCTTT-1-0,0_HealthyBM1,HBM,3,-3.5239682,3.3675005
GTCGGGTTCCTTGCCA-1-0,0_HealthyBM1,HBM,0,11.02933,0.9729995
GTCGGGTTCGCTTGTC-1-0,0_HealthyBM1,HBM,8,-2.288402,1.5405402
GTCGTAAAGACAAGCC-1-0,0_HealthyBM1,HBM,7,-4.458023,1.7346618
GTCGTAAAGAGCAATT-1-0,0_HealthyBM1,HBM,0,12.760834,2.3741019
GTCGTAAAGTACATGA-1-0,0_HealthyBM1,HBM,0,10.036607,2.0681195
GTCGTAACAATGTTGC-1-0,0_HealthyBM1,HBM,0,10.774047,2.7380517
GTCGTAAGTCTAAACC-1-0,0_HealthyBM1,HBM,3,-0.9643416,0.40971106
GTCGTAAGTGACTCAT-1-0,0_HealthyBM1,HBM,0,11.871868,1.1716967
GTCTCGTAGAGCTGCA-1-0,0_HealthyBM1,HBM,3,1.9977789,-0.11206713
GTCTCGTCACAGGTTT-1-0,0_HealthyBM1,HBM,12,3.9781475,5.9240465
GTCTCGTGTCACCTAA-1-0,0_HealthyBM1,HBM,0,10.496506,1.2992795
GTCTCGTGTTGTTTGG-1-0,0_HealthyBM1,HBM,7,-4.534681,0.15589467
GTCTTCGAGATGCCAG-1-0,0_HealthyBM1,HBM,0,11.806013,-0.05478266
GTCTTCGCAGCGTTCG-1-0,0_HealthyBM1,HBM,3,-2.7700992,0.7656849
GTCTTCGGTGCCTGTG-1-0,0_HealthyBM1,HBM,7,-5.780083,1.844436
GTCTTCGTCACCTCGT-1-0,0_HealthyBM1,HBM,3,-0.91310036,2.3987536
GTCTTCGTCCGTTGTC-1-0,0_HealthyBM1,HBM,3,-0.6979366,0.73876876
GTGAAGGAGTGAACGC-1-0,0_HealthyBM1,HBM,0,11.743785,1.3315649
GTGAAGGCACATGACT-1-0,0_HealthyBM1,HBM,4,-1.7137654,-0.95499593
GTGCAGCAGGCTCTTA-1-0,0_HealthyBM1,HBM,7,-4.5937753,0.5911663
GTGCAGCAGGGCTCTC-1-0,0_HealthyBM1,HBM,3,-1.0973567,3.0363202
GTGCAGCAGTAGTGCG-1-0,0_HealthyBM1,HBM,3,-2.904497,3.1734447
GTGCAGCCACAGAGGT-1-0,0_HealthyBM1,HBM,3,-1.8954946,1.7964181
GTGCAGCCAGCCTTGG-1-0,0_HealthyBM1,HBM,0,9.865259,2.708772
GTGCAGCTCATGCAAC-1-0,0_HealthyBM1,HBM,0,12.356054,2.5252042
GTGCATAGTGTTTGTG-1-0,0_HealthyBM1,HBM,8,-2.564947,2.2787323
GTGCATAGTTAAGAAC-1-0,0_HealthyBM1,HBM,11,3.6457863,-1.8997142
GTGCATATCCGTCAAA-1-0,0_HealthyBM1,HBM,10,8.985792,2.5658212
GTGCGGTAGAATGTGT-1-0,0_HealthyBM1,HBM,3,1.0385875,1.0298193
GTGCGGTAGGGAACGG-1-0,0_HealthyBM1,HBM,10,9.071011,3.3473709
GTGCGGTCAGTCAGAG-1-0,0_HealthyBM1,HBM,7,-5.119102,0.10662888
GTGCTTCAGCGTTCCG-1-0,0_HealthyBM1,HBM,7,-4.41835,-0.7792844
GTGCTTCGTAAATGAC-1-0,0_HealthyBM1,HBM,3,0.15580674,1.7520453
GTGCTTCGTAGCAAAT-1-0,0_HealthyBM1,HBM,0,10.174455,1.026007
GTGCTTCTCCGCAGTG-1-0,0_HealthyBM1,HBM,9,5.213368,-1.456182
GTGGGTCGTAAGTGGC-1-0,0_HealthyBM1,HBM,3,-1.5460142,2.1771321
GTGGGTCGTATCTGCA-1-0,0_HealthyBM1,HBM,3,-1.851169,1.9473448
GTGGGTCTCTAAGCCA-1-0,0_HealthyBM1,HBM,11,4.5481377,-2.9162328
GTGTGCGGTGCGCTTG-1-0,0_HealthyBM1,HBM,6,1.3556267,-3.367242
GTGTGCGTCCTCATTA-1-0,0_HealthyBM1,HBM,0,12.507386,0.27386263
GTGTGCGTCTCATTCA-1-0,0_HealthyBM1,HBM,3,-0.93556505,-0.5787101
GTGTTAGAGAGTCTGG-1-0,0_HealthyBM1,HBM,3,0.052825555,3.068059
GTGTTAGAGCGTTCCG-1-0,0_HealthyBM1,HBM,7,-4.836157,0.5971969
GTGTTAGCAAGCTGGA-1-0,0_HealthyBM1,HBM,5,-0.22680615,-0.09841364
GTGTTAGGTCATGCCG-1-0,0_HealthyBM1,HBM,0,11.648167,0.43217874
GTTAAGCAGCCTCGTG-1-0,0_HealthyBM1,HBM,1,7.0877,-1.4421664
GTTAAGCAGTGAATTG-1-0,0_HealthyBM1,HBM,3,-1.8127154,3.8095398
GTTAAGCCAAACTGCT-1-0,0_HealthyBM1,HBM,9,3.1115913,0.8153951
GTTAAGCCATGAGCGA-1-0,0_HealthyBM1,HBM,10,8.182182,1.9898009
GTTAAGCGTTTGTGTG-1-0,0_HealthyBM1,HBM,0,12.100451,1.8421457
GTTACAGGTGAGTATA-1-0,0_HealthyBM1,HBM,0,9.787944,0.989817
GTTACAGGTTCCCTTG-1-0,0_HealthyBM1,HBM,0,10.935631,1.8237011
GTTACAGTCGAATGGG-1-0,0_HealthyBM1,HBM,9,3.2936368,0.30847228
GTTCATTAGATCCCGC-1-0,0_HealthyBM1,HBM,0,12.614265,2.173058
GTTCATTTCCTGTACC-1-0,0_HealthyBM1,HBM,0,11.203748,2.1731231
GTTCGGGAGTGCCAGA-1-0,0_HealthyBM1,HBM,0,11.019936,0.92366415
GTTCGGGAGTGTGAAT-1-0,0_HealthyBM1,HBM,7,-4.0707154,-0.5516157
GTTCGGGCAGTATAAG-1-0,0_HealthyBM1,HBM,0,11.414859,0.25757182
GTTCGGGGTCGAACAG-1-0,0_HealthyBM1,HBM,3,-0.78018486,1.6848722
GTTCGGGTCCTCTAGC-1-0,0_HealthyBM1,HBM,3,-0.78292507,0.76788366
GTTCTCGAGAGCCTAG-1-0,0_HealthyBM1,HBM,5,-0.39010277,0.17251015
GTTCTCGGTGTCCTCT-1-0,0_HealthyBM1,HBM,3,-3.5306313,3.164569
GTTCTCGTCAGTCCCT-1-0,0_HealthyBM1,HBM,3,-1.7190169,2.635019
GTTCTCGTCCTACAGA-1-0,0_HealthyBM1,HBM,0,12.28516,1.9016086
GTTTCTAAGCAGGTCA-1-0,0_HealthyBM1,HBM,0,12.093179,1.5763422
GTTTCTATCTAACTGG-1-0,0_HealthyBM1,HBM,3,-1.9771918,0.6833003
GTTTCTATCTGTCAAG-1-0,0_HealthyBM1,HBM,3,-0.4794974,1.18672
TAAACCGAGGAATCGC-1-0,0_HealthyBM1,HBM,0,12.088636,-0.14486594
TAAACCGGTCAGAGGT-1-0,0_HealthyBM1,HBM,10,8.501093,2.3253284
TAAGAGACACCGCTAG-1-0,0_HealthyBM1,HBM,0,12.5497675,1.7673889
TAAGAGAGTGATAAAC-1-0,0_HealthyBM1,HBM,6,2.3600829,0.69924104
TAAGAGATCAAGGTAA-1-0,0_HealthyBM1,HBM,7,-4.683834,1.9290695
TAAGCGTAGTCTCAAC-1-0,0_HealthyBM1,HBM,0,10.176676,1.6970068
TAAGCGTTCCCATTAT-1-0,0_HealthyBM1,HBM,3,0.77989143,-0.039260928
TAAGTGCAGGTAAACT-1-0,0_HealthyBM1,HBM,3,-1.2693213,1.2266189
TAAGTGCAGTCGAGTG-1-0,0_HealthyBM1,HBM,0,11.315588,2.9835799
TAAGTGCTCAGTCCCT-1-0,0_HealthyBM1,HBM,0,12.822182,2.706109
TAAGTGCTCATAAAGG-1-0,0_HealthyBM1,HBM,0,12.524744,2.607567
TACACGATCATCGATG-1-0,0_HealthyBM1,HBM,0,12.803596,1.240047
TACAGTGGTCTTCAAG-1-0,0_HealthyBM1,HBM,0,11.885166,1.4020437
TACAGTGGTGAGGCTA-1-0,0_HealthyBM1,HBM,0,11.735815,3.4641242
TACAGTGTCAGGCAAG-1-0,0_HealthyBM1,HBM,10,8.513676,2.0444777
TACCTATAGAAGCCCA-1-0,0_HealthyBM1,HBM,0,10.233918,1.5399556
TACCTATAGAGACGAA-1-0,0_HealthyBM1,HBM,0,10.982068,2.106372
TACCTATAGGCCCGTT-1-0,0_HealthyBM1,HBM,0,10.909958,2.4286377
TACCTATCATACAGCT-1-0,0_HealthyBM1,HBM,3,-2.4221406,3.2128425
TACCTATGTCATGCAT-1-0,0_HealthyBM1,HBM,7,-4.0923314,-1.1582112
TACCTATTCGAACGGA-1-0,0_HealthyBM1,HBM,3,-1.2681072,3.605861
TACCTTAAGATGGGTC-1-0,0_HealthyBM1,HBM,0,11.640412,1.9523388
TACCTTAAGGGTTTCT-1-0,0_HealthyBM1,HBM,0,9.929057,2.6646314
TACCTTAAGGTGCTTT-1-0,0_HealthyBM1,HBM,0,12.5161295,2.521552
TACCTTATCTCGGACG-1-0,0_HealthyBM1,HBM,0,12.53676,1.476332
TACGGATAGTCGATAA-1-0,0_HealthyBM1,HBM,1,7.103706,0.22266348
TACGGATCAGGTCCAC-1-0,0_HealthyBM1,HBM,3,-0.5001691,1.5735093
TACGGATCATTTCAGG-1-0,0_HealthyBM1,HBM,9,5.8998904,0.5674958
TACGGATGTCATGCCG-1-0,0_HealthyBM1,HBM,3,-1.527574,2.6410444
TACGGATTCAGCACAT-1-0,0_HealthyBM1,HBM,6,1.1356785,-2.3133285
TACGGATTCCACGTGG-1-0,0_HealthyBM1,HBM,0,11.734158,1.8897437
TACGGATTCGGAGGTA-1-0,0_HealthyBM1,HBM,7,-5.6878214,-0.32906365
TACGGATTCTTGGGTA-1-0,0_HealthyBM1,HBM,0,13.23276,2.2649393
TACGGGCAGCGTTGCC-1-0,0_HealthyBM1,HBM,1,7.1846004,0.5999755
TACGGGCAGTCCGGTC-1-0,0_HealthyBM1,HBM,1,6.799679,-0.23099929
TACGGGCCAATACGCT-1-0,0_HealthyBM1,HBM,0,11.040057,2.0975847
TACGGGCTCGAGGTAG-1-0,0_HealthyBM1,HBM,5,-0.05257488,-0.8269593
TACGGTAAGGACATTA-1-0,0_HealthyBM1,HBM,0,11.126707,2.1630418
TACGGTAAGGAGTTGC-1-0,0_HealthyBM1,HBM,7,-6.1574416,-0.1318639
TACGGTAAGGTGGGTT-1-0,0_HealthyBM1,HBM,0,10.757883,0.9418865
TACGGTACATGTCTCC-1-0,0_HealthyBM1,HBM,5,0.705025,1.7346021
TACGGTATCGGAGCAA-1-0,0_HealthyBM1,HBM,0,11.674507,1.3484374
TACTCATAGATCACGG-1-0,0_HealthyBM1,HBM,0,10.800779,0.46979475
TACTCATCACGCCAGT-1-0,0_HealthyBM1,HBM,9,4.348017,0.42999625
TACTCATGTCATTAGC-1-0,0_HealthyBM1,HBM,0,11.992473,-0.45212936
TACTCGCAGAATGTTG-1-0,0_HealthyBM1,HBM,3,-0.6399873,2.5592825
TACTCGCAGCCGATTT-1-0,0_HealthyBM1,HBM,10,9.177839,3.575605
TACTCGCAGTCCCACG-1-0,0_HealthyBM1,HBM,0,11.319012,0.8297848
TACTCGCCACCGCTAG-1-0,0_HealthyBM1,HBM,14,7.1175647,-3.4592643
TACTCGCTCACGAAGG-1-0,0_HealthyBM1,HBM,0,11.152768,1.5962172
TACTTACAGTAATCCC-1-0,0_HealthyBM1,HBM,0,10.627984,1.7488604
TACTTACCACTCGACG-1-0,0_HealthyBM1,HBM,0,11.31324,2.7815623
TACTTACGTCAGAAGC-1-0,0_HealthyBM1,HBM,0,10.916725,-0.17722261
TACTTACGTGCGATAG-1-0,0_HealthyBM1,HBM,1,7.898906,-0.2951711
TACTTGTAGGTGTGGT-1-0,0_HealthyBM1,HBM,14,7.5842624,-1.6642922
TACTTGTGTATATCCG-1-0,0_HealthyBM1,HBM,10,8.807276,1.9594588
TACTTGTGTTCGCGAC-1-0,0_HealthyBM1,HBM,3,-1.8893559,1.1928949
TACTTGTTCAGCGATT-1-0,0_HealthyBM1,HBM,0,12.598577,1.3090103
TACTTGTTCATCACCC-1-0,0_HealthyBM1,HBM,0,10.5034275,0.62436044
TAGACCAAGATACACA-1-0,0_HealthyBM1,HBM,0,12.527556,1.4034873
TAGACCAAGCGATGAC-1-0,0_HealthyBM1,HBM,3,-1.3267823,2.5907423
TAGACCATCGGCATCG-1-0,0_HealthyBM1,HBM,0,10.646015,0.70083165
TAGAGCTAGGGATACC-1-0,0_HealthyBM1,HBM,3,-1.1169068,2.9623804
TAGAGCTAGGGCTCTC-1-0,0_HealthyBM1,HBM,3,1.9811146,-0.7572062
TAGAGCTCACAGGTTT-1-0,0_HealthyBM1,HBM,3,-1.3358626,2.802373
TAGAGCTGTACGAAAT-1-0,0_HealthyBM1,HBM,0,12.664658,2.278704
TAGAGCTGTAGGCATG-1-0,0_HealthyBM1,HBM,0,12.847576,2.86995
TAGAGCTTCTCTAAGG-1-0,0_HealthyBM1,HBM,0,11.386011,2.9331458
TAGCCGGCAATGGACG-1-0,0_HealthyBM1,HBM,7,-4.6388392,1.6860255
TAGCCGGCACCCTATC-1-0,0_HealthyBM1,HBM,0,11.286476,0.28583664
TAGCCGGCATATGAGA-1-0,0_HealthyBM1,HBM,0,12.723001,1.7495415
TAGCCGGCATGACATC-1-0,0_HealthyBM1,HBM,10,8.351955,2.070194
TAGCCGGCATGCATGT-1-0,0_HealthyBM1,HBM,0,11.108704,2.0288434
TAGCCGGGTCTCACCT-1-0,0_HealthyBM1,HBM,0,12.118884,1.5594324
TAGCCGGGTGTGAATA-1-0,0_HealthyBM1,HBM,0,11.256971,3.0424294
TAGGCATAGACGCTTT-1-0,0_HealthyBM1,HBM,0,10.807916,0.9605287
TAGGCATGTGTATGGG-1-0,0_HealthyBM1,HBM,0,12.390027,2.7945688
TAGGCATTCCTTGCCA-1-0,0_HealthyBM1,HBM,0,12.608179,0.2977594
TAGTGGTAGTTGCAGG-1-0,0_HealthyBM1,HBM,10,8.613203,2.877401
TAGTGGTCAGCTATTG-1-0,0_HealthyBM1,HBM,3,0.15753031,2.512727
TAGTGGTGTGTCAATC-1-0,0_HealthyBM1,HBM,3,-2.232361,3.0152311
TAGTTGGAGTGAATTG-1-0,0_HealthyBM1,HBM,5,-0.37773964,0.3608943
TAGTTGGCAATGGAAT-1-0,0_HealthyBM1,HBM,0,12.52141,2.9613605
TATCAGGAGTCCAGGA-1-0,0_HealthyBM1,HBM,3,0.38682246,2.7887127
TATCAGGAGTCCGGTC-1-0,0_HealthyBM1,HBM,0,9.9674425,0.21888582
TATCAGGGTAGCTAAA-1-0,0_HealthyBM1,HBM,0,12.385355,2.225509
TATCTCATCAGTTCGA-1-0,0_HealthyBM1,HBM,9,3.2011476,-0.28271088
TATGCCCAGTGTGGCA-1-0,0_HealthyBM1,HBM,0,10.892323,1.0086406
TATGCCCCAGACGTAG-1-0,0_HealthyBM1,HBM,0,11.746816,1.4934396
TATGCCCGTCTAACGT-1-0,0_HealthyBM1,HBM,10,8.084939,2.4120975
TATGCCCTCATGCAAC-1-0,0_HealthyBM1,HBM,3,-2.5394533,2.786858
TATTACCAGTAGTGCG-1-0,0_HealthyBM1,HBM,8,-1.930603,-0.25945768
TATTACCCAAGCGCTC-1-0,0_HealthyBM1,HBM,1,5.9476795,-1.0295045
TATTACCTCTCAAGTG-1-0,0_HealthyBM1,HBM,0,11.685282,1.1263117
TCAACGAAGGATCGCA-1-0,0_HealthyBM1,HBM,0,12.804943,2.6674817
TCAACGAAGGATGGTC-1-0,0_HealthyBM1,HBM,0,10.994218,2.2764776
TCAACGAGTGCTGTAT-1-0,0_HealthyBM1,HBM,0,12.044065,2.5176015
TCAACGAGTTACAGAA-1-0,0_HealthyBM1,HBM,7,-6.784085,1.1357293
TCAATCTTCTAACTTC-1-0,0_HealthyBM1,HBM,10,9.436401,3.8187017
TCACAAGAGCTCCCAG-1-0,0_HealthyBM1,HBM,1,6.8417134,-0.90946484
TCACAAGTCTGAGTGT-1-0,0_HealthyBM1,HBM,0,11.495251,1.3448559
TCACAAGTCTTGGGTA-1-0,0_HealthyBM1,HBM,0,10.034555,1.0803759
TCACGAACATCTCGCT-1-0,0_HealthyBM1,HBM,3,0.16546711,1.5154494
TCACGAATCTCTAGGA-1-0,0_HealthyBM1,HBM,10,8.288454,2.982346
TCAGATGAGATAGGAG-1-0,0_HealthyBM1,HBM,7,-5.420614,0.44873533
TCAGATGAGCGATAGC-1-0,0_HealthyBM1,HBM,5,0.17577924,-0.27713767
TCAGATGAGGTGTGGT-1-0,0_HealthyBM1,HBM,12,3.722666,5.935094
TCAGATGGTAGGCATG-1-0,0_HealthyBM1,HBM,9,3.2912467,1.761131
TCAGATGGTCAATACC-1-0,0_HealthyBM1,HBM,7,-4.20118,-0.09789264
TCAGATGGTTCCATGA-1-0,0_HealthyBM1,HBM,3,-2.2020032,3.4218957
TCAGCAAGTCGATTGT-1-0,0_HealthyBM1,HBM,7,-5.7515526,0.98854697
TCAGCAAGTTCAGGCC-1-0,0_HealthyBM1,HBM,7,-4.498441,-0.68611
TCAGCTCAGAGTCGGT-1-0,0_HealthyBM1,HBM,0,10.708645,2.0052943
TCAGCTCAGGATGCGT-1-0,0_HealthyBM1,HBM,0,12.738449,2.0858023
TCAGCTCCATTGGTAC-1-0,0_HealthyBM1,HBM,0,11.125304,1.3020062
TCAGCTCGTAAATACG-1-0,0_HealthyBM1,HBM,0,12.341638,1.1547312
TCAGGATGTAAGGGAA-1-0,0_HealthyBM1,HBM,12,4.23222,5.805458
TCAGGATGTTCGTGAT-1-0,0_HealthyBM1,HBM,0,12.7541685,2.0931594
TCAGGATTCACGCGGT-1-0,0_HealthyBM1,HBM,8,-2.4478137,1.1406977
TCAGGTAAGTTGAGTA-1-0,0_HealthyBM1,HBM,7,-4.81008,-0.9359306
TCAGGTACAACTTGAC-1-0,0_HealthyBM1,HBM,0,9.671626,2.792522
TCAGGTACAAGGGTCA-1-0,0_HealthyBM1,HBM,6,2.183759,-1.5376213
TCAGGTACACACCGCA-1-0,0_HealthyBM1,HBM,0,11.653007,1.4508628
TCAGGTATCATCGGAT-1-0,0_HealthyBM1,HBM,3,-1.3110689,2.9161305
TCATTACCACATGGGA-1-0,0_HealthyBM1,HBM,0,13.060951,1.1394151
TCATTACCAGACGTAG-1-0,0_HealthyBM1,HBM,5,-1.1250287,0.1277816
TCATTACGTGCTGTAT-1-0,0_HealthyBM1,HBM,10,8.172996,2.52049
TCATTACTCGGAAATA-1-0,0_HealthyBM1,HBM,0,11.143009,-0.056057084
TCCACACAGGATCGCA-1-0,0_HealthyBM1,HBM,7,-4.312579,0.0028912295
TCCACACAGGGTATCG-1-0,0_HealthyBM1,HBM,0,12.924431,1.3039404
TCCACACCACAGAGGT-1-0,0_HealthyBM1,HBM,6,0.33121064,-0.5299693
TCCACACCAGATGGGT-1-0,0_HealthyBM1,HBM,3,0.3580714,0.99397427
TCCACACTCTCCGGTT-1-0,0_HealthyBM1,HBM,0,11.800506,2.5395002
TCCCGATCAGACAAAT-1-0,0_HealthyBM1,HBM,0,12.318696,1.046577
TCCCGATGTCTCCATC-1-0,0_HealthyBM1,HBM,8,-1.8404304,-0.87074846
TCCCGATGTCTTGCGG-1-0,0_HealthyBM1,HBM,3,-0.38521728,0.23697257
TCGAGGCAGCTAGTTC-1-0,0_HealthyBM1,HBM,0,11.360766,1.4063909
TCGAGGCCAAGTCTAC-1-0,0_HealthyBM1,HBM,0,12.344006,2.4849718
TCGAGGCCACGTCAGC-1-0,0_HealthyBM1,HBM,3,-2.1375873,1.1703882
TCGAGGCGTCAGATAA-1-0,0_HealthyBM1,HBM,9,4.0413074,0.077974364
TCGAGGCTCAGCGACC-1-0,0_HealthyBM1,HBM,0,9.989409,0.44314253
TCGAGGCTCCGTTGCT-1-0,0_HealthyBM1,HBM,0,12.381637,2.0474598
TCGCGAGCAGGTGCCT-1-0,0_HealthyBM1,HBM,11,4.7215195,-3.1543825
TCGCGTTAGAGCCCAA-1-0,0_HealthyBM1,HBM,0,11.77252,-0.44934776
TCGCGTTAGGAACTGC-1-0,0_HealthyBM1,HBM,0,12.364822,-0.38520056
TCGCGTTCACAGCCCA-1-0,0_HealthyBM1,HBM,0,10.208054,0.639701
TCGCGTTCACATGGGA-1-0,0_HealthyBM1,HBM,3,-1.3729624,-0.4406001
TCGCGTTTCAGGCCCA-1-0,0_HealthyBM1,HBM,0,12.670923,1.3645288
TCGCGTTTCATGTGGT-1-0,0_HealthyBM1,HBM,10,9.350873,3.7459137
TCGCGTTTCGTGACAT-1-0,0_HealthyBM1,HBM,0,12.183421,1.7703027
TCGGGACAGCGTGAAC-1-0,0_HealthyBM1,HBM,7,-5.2141633,0.45220459
TCGGGACTCACGGTTA-1-0,0_HealthyBM1,HBM,14,8.144874,-3.656496
TCGGTAACACAGACAG-1-0,0_HealthyBM1,HBM,0,11.661425,-0.39893317
TCGGTAAGTATATGGA-1-0,0_HealthyBM1,HBM,0,12.803002,2.5445614
TCGTAGACACAGCGTC-1-0,0_HealthyBM1,HBM,7,-3.7344167,-0.5607729
TCTATTGAGTGAACGC-1-0,0_HealthyBM1,HBM,9,3.9626765,-0.48112774
TCTATTGCACATAACC-1-0,0_HealthyBM1,HBM,0,12.978461,1.7139834
TCTATTGTCAAGGTAA-1-0,0_HealthyBM1,HBM,3,-2.1029134,1.8111182
TCTCATAAGAACTCGG-1-0,0_HealthyBM1,HBM,0,12.529319,2.1478057
TCTCATAAGCCAACAG-1-0,0_HealthyBM1,HBM,7,-4.708893,-0.39654213
TCTCATACACTAGTAC-1-0,0_HealthyBM1,HBM,0,11.056429,2.506299
TCTCATACACTATCTT-1-0,0_HealthyBM1,HBM,0,12.410572,0.88311964
TCTCATAGTGTTAAGA-1-0,0_HealthyBM1,HBM,0,12.424314,-0.0207878
TCTCATATCGTAGGTT-1-0,0_HealthyBM1,HBM,3,-0.66190755,2.3549569
TCTCTAATCACATAGC-1-0,0_HealthyBM1,HBM,5,-0.10873461,0.6988543
TCTGAGACAATCCGAT-1-0,0_HealthyBM1,HBM,0,12.3629875,-0.2501563
TCTGAGATCGGCCGAT-1-0,0_HealthyBM1,HBM,0,12.352065,2.3853593
TCTGGAAAGCTACCGC-1-0,0_HealthyBM1,HBM,10,8.403895,2.8823996
TCTGGAAGTATAAACG-1-0,0_HealthyBM1,HBM,0,12.161022,1.033645
TCTGGAATCTTAGCCC-1-0,0_HealthyBM1,HBM,0,10.783681,2.6708422
TCTTCGGAGCTCTCGG-1-0,0_HealthyBM1,HBM,7,-4.606657,0.032648742
TCTTCGGAGGAATTAC-1-0,0_HealthyBM1,HBM,0,11.379905,1.867066
TCTTCGGCAAACAACA-1-0,0_HealthyBM1,HBM,3,-1.8795644,3.7400093
TCTTCGGCAGATAATG-1-0,0_HealthyBM1,HBM,0,11.170914,1.4511151
TCTTCGGGTAAATGTG-1-0,0_HealthyBM1,HBM,1,7.9550576,-1.161784
TCTTCGGGTACAAGTA-1-0,0_HealthyBM1,HBM,7,-5.568502,0.52845484
TCTTCGGTCTGTTGAG-1-0,0_HealthyBM1,HBM,7,-4.340652,-1.5950054
TCTTTCCAGGGAACGG-1-0,0_HealthyBM1,HBM,7,-4.528783,1.0906272
TGAAAGAAGCGCCTTG-1-0,0_HealthyBM1,HBM,10,9.313136,3.900009
TGAAAGACAGACGTAG-1-0,0_HealthyBM1,HBM,0,11.98353,3.1389
TGACAACCACGCCAGT-1-0,0_HealthyBM1,HBM,0,11.649397,-0.43292698
TGACAACGTTAGATGA-1-0,0_HealthyBM1,HBM,0,10.970221,1.1331091
TGACGGCCAGTCCTTC-1-0,0_HealthyBM1,HBM,3,-1.7727361,2.0623803
TGACGGCGTTCAGTAC-1-0,0_HealthyBM1,HBM,0,11.644112,1.3346276
TGACTAGGTACCATCA-1-0,0_HealthyBM1,HBM,3,-2.182193,1.555364
TGACTAGGTGATGATA-1-0,0_HealthyBM1,HBM,0,11.955789,-0.4325129
TGACTAGTCAGTGCAT-1-0,0_HealthyBM1,HBM,0,11.663548,1.3232174
TGACTTTAGGTGCTTT-1-0,0_HealthyBM1,HBM,1,7.2130227,-0.6995971
TGACTTTAGTGCGTGA-1-0,0_HealthyBM1,HBM,1,7.2225657,-1.2164022
TGACTTTCATAACCTG-1-0,0_HealthyBM1,HBM,0,11.635959,1.1767054
TGACTTTGTGCAACTT-1-0,0_HealthyBM1,HBM,12,-1.9473299,4.201434
TGACTTTGTGTAAGTA-1-0,0_HealthyBM1,HBM,0,9.022512,0.28093526
TGAGAGGAGGAGTACC-1-0,0_HealthyBM1,HBM,0,12.117344,2.478174
TGAGAGGAGTGTTGAA-1-0,0_HealthyBM1,HBM,14,7.660404,-3.2040968
TGAGAGGTCACGACTA-1-0,0_HealthyBM1,HBM,8,-2.6554546,1.2413044
TGAGCATAGTGTTTGC-1-0,0_HealthyBM1,HBM,0,12.996114,1.1290456
TGAGCATGTGCAGTAG-1-0,0_HealthyBM1,HBM,0,11.679453,1.5642717
TGAGCCGAGATCGATA-1-0,0_HealthyBM1,HBM,7,-4.1310296,0.6832366
TGAGCCGAGCGAAGGG-1-0,0_HealthyBM1,HBM,0,11.998491,1.8233486
TGAGCCGAGCGATTCT-1-0,0_HealthyBM1,HBM,7,-5.723173,1.5721192
TGAGCCGAGGCGACAT-1-0,0_HealthyBM1,HBM,0,11.752647,1.9546018
TGAGCCGGTAAGTTCC-1-0,0_HealthyBM1,HBM,0,11.902217,1.6782751
TGAGCCGGTTCCGTCT-1-0,0_HealthyBM1,HBM,3,-1.1208963,2.3061643
TGAGCCGTCAGTGCAT-1-0,0_HealthyBM1,HBM,3,-1.442574,2.3019836
TGAGGGACAGGATTGG-1-0,0_HealthyBM1,HBM,3,-1.4277214,1.360632
TGAGGGAGTAGTACCT-1-0,0_HealthyBM1,HBM,3,-2.1475766,1.9955026
TGAGGGATCTTCGAGA-1-0,0_HealthyBM1,HBM,6,0.87045264,-1.4683472
TGATTTCAGCTAGTGG-1-0,0_HealthyBM1,HBM,3,-0.60279524,0.3399502
TGATTTCAGCTCCTTC-1-0,0_HealthyBM1,HBM,6,1.4255512,-1.2887222
TGATTTCAGTCATCCA-1-0,0_HealthyBM1,HBM,0,13.212032,2.3366005
TGCACCTAGACTTGAA-1-0,0_HealthyBM1,HBM,0,11.550398,1.8497981
TGCACCTCATTGCGGC-1-0,0_HealthyBM1,HBM,3,1.4573082,0.015191198
TGCACCTGTTCGTTGA-1-0,0_HealthyBM1,HBM,0,10.582996,0.5081727
TGCACCTGTTGGTAAA-1-0,0_HealthyBM1,HBM,0,11.895072,0.039701894
TGCCAAAAGCCATCGC-1-0,0_HealthyBM1,HBM,7,-3.9127834,-0.21898723
TGCCAAACATGTCCTC-1-0,0_HealthyBM1,HBM,0,11.505789,2.689188
TGCCAAAGTTACAGAA-1-0,0_HealthyBM1,HBM,0,12.141462,1.6974807
TGCCCATCAATCTACG-1-0,0_HealthyBM1,HBM,0,11.866238,0.16182795
TGCCCTAAGAGGTAGA-1-0,0_HealthyBM1,HBM,0,13.028392,2.5371473
TGCCCTACAGGATTGG-1-0,0_HealthyBM1,HBM,0,12.3779545,-0.60233366
TGCCCTACATGACGGA-1-0,0_HealthyBM1,HBM,3,-0.92759675,1.6287029
TGCCCTAGTTGGAGGT-1-0,0_HealthyBM1,HBM,9,5.419394,-0.9408028
TGCCCTATCGCCAAAT-1-0,0_HealthyBM1,HBM,3,-1.1015289,-0.24740842
TGCCCTATCTATCGCC-1-0,0_HealthyBM1,HBM,0,10.250844,2.4784067
TGCCCTATCTCCTATA-1-0,0_HealthyBM1,HBM,3,-1.4018382,0.2963096
TGCGGGTGTACGCACC-1-0,0_HealthyBM1,HBM,3,-0.92994547,0.8613854
TGCGTGGAGCGATAGC-1-0,0_HealthyBM1,HBM,3,-0.8026822,2.043629
TGCGTGGAGGTGATTA-1-0,0_HealthyBM1,HBM,0,9.850507,2.0063646
TGCGTGGGTAAGAGGA-1-0,0_HealthyBM1,HBM,0,12.935327,1.6047546
TGCGTGGTCAGTCAGT-1-0,0_HealthyBM1,HBM,0,11.088272,0.31417558
TGCGTGGTCCGTAGTA-1-0,0_HealthyBM1,HBM,0,12.049371,2.774615
TGCTACCGTCTTCTCG-1-0,0_HealthyBM1,HBM,3,-1.1396147,1.168141
TGCTACCTCCCAAGAT-1-0,0_HealthyBM1,HBM,0,11.916501,2.74715
TGCTGCTCAGCTCGAC-1-0,0_HealthyBM1,HBM,11,4.8832827,-3.299771
TGCTGCTCATTGGCGC-1-0,0_HealthyBM1,HBM,0,11.2634945,0.6332829
TGCTGCTGTCACCTAA-1-0,0_HealthyBM1,HBM,6,1.5122908,-2.3477957
TGCTGCTGTTCCACGG-1-0,0_HealthyBM1,HBM,6,0.7039644,-1.4846729
TGCTGCTTCTCGTATT-1-0,0_HealthyBM1,HBM,0,10.7352915,2.483588
TGCTGCTTCTCTGAGA-1-0,0_HealthyBM1,HBM,3,-2.7103972,3.5665004
TGCTGCTTCTGCTGTC-1-0,0_HealthyBM1,HBM,5,-0.04825466,-0.047699314
TGGACGCAGATCGGGT-1-0,0_HealthyBM1,HBM,3,-2.1491883,3.1864254
TGGACGCCAATGACCT-1-0,0_HealthyBM1,HBM,0,10.887504,2.6348593
TGGACGCGTGTTTGGT-1-0,0_HealthyBM1,HBM,3,-1.30826,0.6216381
TGGCCAGAGCTAGTTC-1-0,0_HealthyBM1,HBM,0,10.734911,1.0332745
TGGCCAGCAGCCACCA-1-0,0_HealthyBM1,HBM,0,11.000773,0.92931956
TGGCCAGTCACAACGT-1-0,0_HealthyBM1,HBM,5,-1.1256399,-0.70098865
TGGCCAGTCTGAAAGA-1-0,0_HealthyBM1,HBM,9,5.724443,0.21631119
TGGCGCAAGGGTTCCC-1-0,0_HealthyBM1,HBM,0,12.12794,2.5757134
TGGCGCACATGGGAAC-1-0,0_HealthyBM1,HBM,0,12.008563,0.57122105
TGGCGCAGTACCCAAT-1-0,0_HealthyBM1,HBM,0,12.078867,-0.15178362
TGGCGCAGTCCAGTTA-1-0,0_HealthyBM1,HBM,0,11.808862,1.1544274
TGGCGCAGTCCTAGCG-1-0,0_HealthyBM1,HBM,0,10.548806,0.20170449
TGGCGCAGTCGCATCG-1-0,0_HealthyBM1,HBM,0,13.006826,2.276844
TGGCGCAGTTTACTCT-1-0,0_HealthyBM1,HBM,9,3.6208074,0.8688889
TGGCTGGCACGCGAAA-1-0,0_HealthyBM1,HBM,0,11.836031,0.62252176
TGGCTGGGTGTATGGG-1-0,0_HealthyBM1,HBM,8,-1.6352707,-1.085151
TGGCTGGGTTGATTCG-1-0,0_HealthyBM1,HBM,0,10.886496,0.43945485
TGGCTGGTCAGCTCGG-1-0,0_HealthyBM1,HBM,0,13.148154,1.8555194
TGGGAAGAGAAGGACA-1-0,0_HealthyBM1,HBM,0,12.745831,2.6864011
TGGGAAGAGTCGCCGT-1-0,0_HealthyBM1,HBM,0,12.692427,1.5531477
TGGGAAGGTTCAGCGC-1-0,0_HealthyBM1,HBM,0,11.3777485,1.715928
TGGGCGTCACTGTTAG-1-0,0_HealthyBM1,HBM,9,5.8067865,0.75953776
TGGGCGTGTGCGCTTG-1-0,0_HealthyBM1,HBM,0,13.069503,1.8982434
TGGTTAGAGTGGTCCC-1-0,0_HealthyBM1,HBM,0,12.510709,2.6281862
TGGTTAGCAAGTTGTC-1-0,0_HealthyBM1,HBM,0,11.374121,2.7513578
TGGTTAGTCACGCATA-1-0,0_HealthyBM1,HBM,0,11.811041,2.778335
TGGTTAGTCATAACCG-1-0,0_HealthyBM1,HBM,3,-0.25799894,1.5400498
TGGTTAGTCATGCTCC-1-0,0_HealthyBM1,HBM,0,11.246427,0.88503134
TGGTTAGTCGCGGATC-1-0,0_HealthyBM1,HBM,7,-6.135421,2.1512969
TGGTTCCCATACTCTT-1-0,0_HealthyBM1,HBM,0,11.963884,0.868632
TGTATTCAGATCCGAG-1-0,0_HealthyBM1,HBM,7,-3.499758,-0.61552364
TGTATTCGTCTAAAGA-1-0,0_HealthyBM1,HBM,0,11.512319,1.4567336
TGTATTCTCACGCGGT-1-0,0_HealthyBM1,HBM,3,-1.2308103,3.5215175
TGTATTCTCTACCAGA-1-0,0_HealthyBM1,HBM,0,12.843035,1.7937719
TGTCCCAAGTACGACG-1-0,0_HealthyBM1,HBM,7,-4.7471333,-0.053945582
TGTGGTAAGAGCTATA-1-0,0_HealthyBM1,HBM,0,12.232641,-0.16876644
TGTGGTAAGCTACCTA-1-0,0_HealthyBM1,HBM,0,10.72318,0.7568128
TGTGGTAAGGCTAGGT-1-0,0_HealthyBM1,HBM,0,12.675264,2.4537508
TGTGGTACAATGACCT-1-0,0_HealthyBM1,HBM,3,-0.8066828,1.2110305
TGTGGTATCTCTGTCG-1-0,0_HealthyBM1,HBM,8,-2.3966818,-0.8240331
TGTGTTTCACTTAAGC-1-0,0_HealthyBM1,HBM,3,-3.1806686,2.7495642
TGTGTTTGTCACAAGG-1-0,0_HealthyBM1,HBM,0,11.406181,1.4601462
TGTGTTTGTTGCGTTA-1-0,0_HealthyBM1,HBM,10,8.847687,2.2818787
TGTGTTTGTTGGACCC-1-0,0_HealthyBM1,HBM,0,12.582972,0.25571355
TGTTCCGAGCAGACTG-1-0,0_HealthyBM1,HBM,0,11.113577,2.867959
TGTTCCGGTATCAGTC-1-0,0_HealthyBM1,HBM,3,-2.488624,2.547456
TGTTCCGGTATTACCG-1-0,0_HealthyBM1,HBM,3,-1.2466943,1.812092
TGTTCCGTCAACACGT-1-0,0_HealthyBM1,HBM,6,1.089636,-2.734633
TTAACTCAGTACTTGC-1-0,0_HealthyBM1,HBM,3,0.9207965,0.6986049
TTAACTCCAATGCCAT-1-0,0_HealthyBM1,HBM,0,12.603181,1.3399231
TTAACTCCACCACGTG-1-0,0_HealthyBM1,HBM,3,-1.6341655,0.99043894
TTAGGACAGTAACCCT-1-0,0_HealthyBM1,HBM,0,12.240202,1.4496021
TTAGGACAGTGGAGAA-1-0,0_HealthyBM1,HBM,10,8.097085,2.8539362
TTAGGACCACAGGTTT-1-0,0_HealthyBM1,HBM,0,13.122737,2.3231459
TTAGGACGTGACGGTA-1-0,0_HealthyBM1,HBM,7,-5.4892125,1.9004965
TTAGGCAAGGTAAACT-1-0,0_HealthyBM1,HBM,7,-5.6425996,2.5879066
TTAGGCAAGTCATGCT-1-0,0_HealthyBM1,HBM,3,-1.3853711,3.0604095
TTAGGCACAATAGCAA-1-0,0_HealthyBM1,HBM,5,-0.414759,-0.11790527
TTAGGCATCGTTTGCC-1-0,0_HealthyBM1,HBM,0,12.15178,0.54636526
TTAGTTCCATTTGCTT-1-0,0_HealthyBM1,HBM,0,11.402927,1.1512352
TTATGCTAGCGATAGC-1-0,0_HealthyBM1,HBM,0,12.601924,1.8131945
TTATGCTCAAACGTGG-1-0,0_HealthyBM1,HBM,1,7.2592516,0.14974935
TTATGCTGTGTGCCTG-1-0,0_HealthyBM1,HBM,3,-3.0975456,2.0386672
TTATGCTGTGTTCTTT-1-0,0_HealthyBM1,HBM,3,-1.4762206,-0.044918388
TTATGCTTCATGTCTT-1-0,0_HealthyBM1,HBM,7,-5.006555,2.6122725
TTCCCAGAGAAGGCCT-1-0,0_HealthyBM1,HBM,0,10.84049,1.5213501
TTCCCAGTCACAGGCC-1-0,0_HealthyBM1,HBM,3,0.34251037,2.066396
TTCCCAGTCGGTTAAC-1-0,0_HealthyBM1,HBM,3,-0.44857925,1.4943304
TTCCCAGTCTCGAGTA-1-0,0_HealthyBM1,HBM,9,5.9998174,0.26500276
TTCGAAGCATTCTCAT-1-0,0_HealthyBM1,HBM,0,11.218546,1.8659731
TTCGAAGTCATCGCTC-1-0,0_HealthyBM1,HBM,7,-4.111371,3.2362406
TTCGAAGTCCTAAGTG-1-0,0_HealthyBM1,HBM,3,-0.67932606,0.70055056
TTCGGTCGTCGAACAG-1-0,0_HealthyBM1,HBM,0,11.20162,1.9138856
TTCGGTCGTTACGACT-1-0,0_HealthyBM1,HBM,0,11.656654,-0.3761662
TTCGGTCTCGCAAACT-1-0,0_HealthyBM1,HBM,0,9.97159,0.6848898
TTCTACAAGACCCACC-1-0,0_HealthyBM1,HBM,0,11.281155,2.352061
TTCTACAGTCGTCTTC-1-0,0_HealthyBM1,HBM,3,-1.5991458,1.1652728
TTCTACATCGACAGCC-1-0,0_HealthyBM1,HBM,3,0.3879451,0.055751402
TTCTCAAGTCTCCATC-1-0,0_HealthyBM1,HBM,7,-5.14014,2.8949916
TTCTCCTCATGAAGTA-1-0,0_HealthyBM1,HBM,0,10.993079,1.0036031
TTCTCCTGTCCGAGTC-1-0,0_HealthyBM1,HBM,3,0.16318464,-0.66796654
TTCTCCTGTGCACTTA-1-0,0_HealthyBM1,HBM,1,6.939067,-0.27158195
TTCTCCTGTGTAAGTA-1-0,0_HealthyBM1,HBM,0,11.261332,0.67633873
TTCTTAGAGCGCTTAT-1-0,0_HealthyBM1,HBM,7,-4.8835077,-0.062732436
TTCTTAGCAGGTGGAT-1-0,0_HealthyBM1,HBM,0,11.866033,1.1720207
TTCTTAGTCTAACGGT-1-0,0_HealthyBM1,HBM,0,12.228431,1.106197
TTCTTAGTCTGTCCGT-1-0,0_HealthyBM1,HBM,0,11.611193,1.4866399
TTGCCGTCACTGAAGG-1-0,0_HealthyBM1,HBM,6,1.3515638,-2.7372906
TTGCCGTGTCACCTAA-1-0,0_HealthyBM1,HBM,7,-5.786133,-0.05215331
TTGCCGTTCTTCTGGC-1-0,0_HealthyBM1,HBM,0,11.8684635,2.1963186
TTGGAACAGAGACTAT-1-0,0_HealthyBM1,HBM,1,7.2810655,0.07459716
TTGGAACAGGACGAAA-1-0,0_HealthyBM1,HBM,0,11.0599,0.9571136
TTGGCAACAACTTGAC-1-0,0_HealthyBM1,HBM,9,5.1933784,-0.7226558
TTGGCAACAATAAGCA-1-0,0_HealthyBM1,HBM,11,4.457185,-2.4819484
TTGGCAACATCGGTTA-1-0,0_HealthyBM1,HBM,7,-5.0536733,-0.289029
TTGGCAAGTTACGGAG-1-0,0_HealthyBM1,HBM,9,4.633391,-0.051233966
TTGTAGGCATTATCTC-1-0,0_HealthyBM1,HBM,0,11.987927,-0.5361911
TTTACTGAGTGGACGT-1-0,0_HealthyBM1,HBM,0,12.145431,1.600792
TTTACTGTCAAAGTAG-1-0,0_HealthyBM1,HBM,0,10.95649,-0.21649896
TTTACTGTCGAGAGCA-1-0,0_HealthyBM1,HBM,0,11.273878,2.1519442
TTTATGCGTCAGTGGA-1-0,0_HealthyBM1,HBM,3,-0.12458942,-0.19626707
TTTATGCGTCGACTGC-1-0,0_HealthyBM1,HBM,0,11.943754,1.0278268
TTTATGCTCAGTTCGA-1-0,0_HealthyBM1,HBM,0,11.542325,2.576724
TTTATGCTCATCTGCC-1-0,0_HealthyBM1,HBM,0,9.540462,2.7470293
TTTATGCTCCCGGATG-1-0,0_HealthyBM1,HBM,8,-0.99102414,1.155551
TTTATGCTCCGTCATC-1-0,0_HealthyBM1,HBM,3,0.42290983,2.3087249
TTTCCTCAGCCATCGC-1-0,0_HealthyBM1,HBM,0,9.226797,1.7418483
TTTCCTCAGTCATGCT-1-0,0_HealthyBM1,HBM,5,-0.51174235,0.26086333
TTTCCTCCAAGTCATC-1-0,0_HealthyBM1,HBM,3,-0.2078372,2.2243884
TTTCCTCTCGTCGTTC-1-0,0_HealthyBM1,HBM,3,-2.182699,1.8411442
TTTCCTCTCTACCTGC-1-0,0_HealthyBM1,HBM,3,0.9663672,0.89288265
TTTGCGCCATGGTCTA-1-0,0_HealthyBM1,HBM,0,11.930388,1.3491713
TTTGCGCGTCCCGACA-1-0,0_HealthyBM1,HBM,8,-2.6816711,-0.117653176
TTTGCGCTCGACAGCC-1-0,0_HealthyBM1,HBM,5,-0.048549443,-1.0822946
TTTGGTTAGCTACCGC-1-0,0_HealthyBM1,HBM,3,-2.6678777,2.998398
TTTGGTTAGTCCATAC-1-0,0_HealthyBM1,HBM,6,0.6132283,-1.3200288
TTTGGTTCATATACCG-1-0,0_HealthyBM1,HBM,0,12.499113,2.8010871
TTTGGTTCATGCAATC-1-0,0_HealthyBM1,HBM,11,3.8864055,-2.943991
TTTGGTTGTTAAGTAG-1-0,0_HealthyBM1,HBM,0,12.054276,3.063668
TTTGGTTTCGTAGGTT-1-0,0_HealthyBM1,HBM,0,13.034841,1.6043621
TTTGGTTTCTGATTCT-1-0,0_HealthyBM1,HBM,3,-1.4488951,3.2110856
TTTGTCAAGAGGGCTT-1-0,0_HealthyBM1,HBM,0,12.511434,2.8243318
TTTGTCACAGCCTGTG-1-0,0_HealthyBM1,HBM,3,-1.7503726,1.8564522
TTTGTCACATGCATGT-1-0,0_HealthyBM1,HBM,14,7.674287,-3.4525595
TTTGTCAGTCACTGGC-1-0,0_HealthyBM1,HBM,5,-0.56296426,-0.6484753
TTTGTCATCAGTTTGG-1-0,0_HealthyBM1,HBM,9,4.6699805,-0.24260154
AAACCTGAGCGGCTTC-1-1,0_HealthyBM2,HBM,7,-5.8825226,1.3826201
AAACCTGAGTCTTGCA-1-1,0_HealthyBM2,HBM,11,4.354518,-3.1997323
AAACCTGAGTGTACGG-1-1,0_HealthyBM2,HBM,15,-2.7224426,-1.8562969
AAACCTGGTAGAGCTG-1-1,0_HealthyBM2,HBM,9,4.859599,0.9154971
AAACGGGAGCCGGTAA-1-1,0_HealthyBM2,HBM,9,6.7989693,0.27516413
AAACGGGAGCTTATCG-1-1,0_HealthyBM2,HBM,0,12.061795,1.768329
AAACGGGCACGCCAGT-1-1,0_HealthyBM2,HBM,14,8.201341,-3.550416
AAACGGGCAGCTCGCA-1-1,0_HealthyBM2,HBM,4,-1.6460288,-1.8861704
AAACGGGCATTGGCGC-1-1,0_HealthyBM2,HBM,9,5.6503606,1.5472695
AAACGGGTCAACACAC-1-1,0_HealthyBM2,HBM,7,-4.9251747,-0.28894296
AAAGATGGTATAGGGC-1-1,0_HealthyBM2,HBM,3,-2.842505,2.9434905
AAAGATGGTCTAAACC-1-1,0_HealthyBM2,HBM,1,7.8368425,0.22403197
AAAGATGTCCTTAATC-1-1,0_HealthyBM2,HBM,3,0.10297627,2.4173043
AAAGATGTCGTTACAG-1-1,0_HealthyBM2,HBM,11,4.4654093,-2.6478736
AAAGATGTCTGTCAAG-1-1,0_HealthyBM2,HBM,7,-4.6185274,0.62278944
AAAGCAACACCCATGG-1-1,0_HealthyBM2,HBM,3,-2.6667452,3.5979211
AAAGCAAGTAGCGTGA-1-1,0_HealthyBM2,HBM,15,-2.4007545,-1.8661807
AAAGCAATCACAAACC-1-1,0_HealthyBM2,HBM,9,4.185582,0.07105658
AAAGCAATCACCTTAT-1-1,0_HealthyBM2,HBM,6,1.4993525,-1.0612699
AAAGTAGTCAGTTGAC-1-1,0_HealthyBM2,HBM,0,12.205301,2.1186514
AAATGCCAGAAACCAT-1-1,0_HealthyBM2,HBM,1,8.150475,0.08105888
AAATGCCAGAAGAAGC-1-1,0_HealthyBM2,HBM,0,10.730593,0.74848676
AACACGTAGAGCTATA-1-1,0_HealthyBM2,HBM,8,-1.9157172,-0.62411565
AACACGTAGTCACGCC-1-1,0_HealthyBM2,HBM,9,4.613478,0.74263716
AACACGTCACATGACT-1-1,0_HealthyBM2,HBM,9,5.9253664,-0.29202005
AACACGTCACATGGGA-1-1,0_HealthyBM2,HBM,14,8.05658,-3.1478708
AACACGTCACGGTAAG-1-1,0_HealthyBM2,HBM,7,-4.723094,2.4295542
AACACGTCACGTAAGG-1-1,0_HealthyBM2,HBM,9,4.024907,0.3302999
AACACGTCAGACGCCT-1-1,0_HealthyBM2,HBM,1,7.289985,-0.2645579
AACACGTTCCTAGGGC-1-1,0_HealthyBM2,HBM,6,1.4338769,-1.3636353
AACCATGAGAGATGAG-1-1,0_HealthyBM2,HBM,3,-1.3438108,0.23285986
AACCATGAGAGTAAGG-1-1,0_HealthyBM2,HBM,6,0.58626616,-2.1456487
AACCATGGTAACGTTC-1-1,0_HealthyBM2,HBM,4,-1.8519119,-0.5992526
AACCATGGTTTGTTGG-1-1,0_HealthyBM2,HBM,15,-3.56288,1.0709454
AACCATGTCACAAACC-1-1,0_HealthyBM2,HBM,7,-5.151853,0.77615035
AACCATGTCAGTTAGC-1-1,0_HealthyBM2,HBM,1,8.731336,0.6390457
AACCATGTCTGTCTAT-1-1,0_HealthyBM2,HBM,3,-2.1255643,0.8930136
AACCGCGAGCGAGAAA-1-1,0_HealthyBM2,HBM,3,-2.2068357,1.8374876
AACCGCGAGGACGAAA-1-1,0_HealthyBM2,HBM,3,-1.3643857,0.7723539
AACCGCGGTCCGAAGA-1-1,0_HealthyBM2,HBM,3,-2.1533709,1.6859552
AACCGCGGTGAGTATA-1-1,0_HealthyBM2,HBM,0,12.372884,2.8604434
AACCGCGGTGGACGAT-1-1,0_HealthyBM2,HBM,1,7.0401793,0.18959752
AACGTTGAGGTGCAAC-1-1,0_HealthyBM2,HBM,3,1.0654743,-0.05717346
AACGTTGAGTCCAGGA-1-1,0_HealthyBM2,HBM,15,-2.2013502,-0.90799016
AACGTTGCAAGAGTCG-1-1,0_HealthyBM2,HBM,4,-3.431046,1.9821677
AACGTTGCATTCTTAC-1-1,0_HealthyBM2,HBM,11,4.646374,-3.1175613
AACTCAGAGATCGGGT-1-1,0_HealthyBM2,HBM,9,3.4581714,0.05142746
AACTCAGGTAGCGCAA-1-1,0_HealthyBM2,HBM,8,-2.8506923,-0.9592044
AACTCAGGTCATCCCT-1-1,0_HealthyBM2,HBM,7,-3.4549553,-0.43474117
AACTCAGTCCCGACTT-1-1,0_HealthyBM2,HBM,7,-4.191616,-0.94762784
AACTCCCCAGGGCATA-1-1,0_HealthyBM2,HBM,1,5.8007216,-0.72986764
AACTCCCGTGCCTGGT-1-1,0_HealthyBM2,HBM,9,-3.306411,-0.8586169
AACTCCCTCACTATTC-1-1,0_HealthyBM2,HBM,7,-5.227841,-0.37388337
AACTCCCTCCTTTCGG-1-1,0_HealthyBM2,HBM,9,6.616356,0.18320806
AACTCCCTCTACTTAC-1-1,0_HealthyBM2,HBM,14,7.8656425,-3.707647
AACTCTTAGCCAGTAG-1-1,0_HealthyBM2,HBM,9,5.291842,1.1457059
AACTCTTAGGAATGGA-1-1,0_HealthyBM2,HBM,3,-0.61083484,0.7150258
AACTCTTAGGGAACGG-1-1,0_HealthyBM2,HBM,1,7.317482,0.4075215
AACTCTTAGTCCATAC-1-1,0_HealthyBM2,HBM,4,-2.3791142,-3.4504142
AACTCTTCAAGAAGAG-1-1,0_HealthyBM2,HBM,14,8.388775,-3.4566917
AACTCTTTCTATCCTA-1-1,0_HealthyBM2,HBM,3,-0.59863085,1.0730622
AACTGGTAGATGTGTA-1-1,0_HealthyBM2,HBM,4,-1.8513838,-1.3560876
AACTTTCAGACAGAGA-1-1,0_HealthyBM2,HBM,9,5.763265,1.3239155
AACTTTCAGTTTCCTT-1-1,0_HealthyBM2,HBM,4,-1.8242581,-3.528046
AACTTTCCAGCGATCC-1-1,0_HealthyBM2,HBM,7,-3.7278428,0.043749318
AACTTTCGTATATGAG-1-1,0_HealthyBM2,HBM,8,-2.02577,-0.5879219
AACTTTCGTCGCATCG-1-1,0_HealthyBM2,HBM,6,1.9613969,-0.63910604
AACTTTCGTCGGGTCT-1-1,0_HealthyBM2,HBM,3,-3.0167716,0.556005
AACTTTCTCGTTGCCT-1-1,0_HealthyBM2,HBM,14,8.675527,-3.7101054
AAGACCTCACCACCAG-1-1,0_HealthyBM2,HBM,7,-5.046268,1.1395602
AAGACCTCAGGAATGC-1-1,0_HealthyBM2,HBM,15,-2.1703334,-0.56925434
AAGACCTCATCGGTTA-1-1,0_HealthyBM2,HBM,5,-0.014018139,-0.6755241
AAGACCTGTTCGTCTC-1-1,0_HealthyBM2,HBM,3,-1.5923622,0.4964003
AAGACCTTCACGAAGG-1-1,0_HealthyBM2,HBM,6,0.47140253,-1.7520697
AAGACCTTCCGTCAAA-1-1,0_HealthyBM2,HBM,14,8.724947,-3.0777304
AAGCCGCAGCGAAGGG-1-1,0_HealthyBM2,HBM,3,-3.3255894,3.5847797
AAGCCGCGTCTTCAAG-1-1,0_HealthyBM2,HBM,9,6.7841625,0.27779633
AAGCCGCGTGTGAAAT-1-1,0_HealthyBM2,HBM,3,1.12803,0.30079684
AAGCCGCGTTTAAGCC-1-1,0_HealthyBM2,HBM,15,-2.9018297,0.46443626
AAGCCGCTCACCGTAA-1-1,0_HealthyBM2,HBM,4,-1.1029665,-2.866061
AAGCCGCTCTTGGGTA-1-1,0_HealthyBM2,HBM,8,-1.1841984,-1.671225
AAGGAGCAGAATCTCC-1-1,0_HealthyBM2,HBM,9,5.756773,1.3106842
AAGGAGCAGGCCGAAT-1-1,0_HealthyBM2,HBM,14,8.513179,-2.2238789
AAGGAGCAGGGCACTA-1-1,0_HealthyBM2,HBM,15,-0.30403337,-1.1869062
AAGGAGCAGTAGGTGC-1-1,0_HealthyBM2,HBM,7,-4.044077,2.4484808
AAGGAGCAGTGAATTG-1-1,0_HealthyBM2,HBM,4,-2.4593616,-0.18877493
AAGGAGCGTGAGGGTT-1-1,0_HealthyBM2,HBM,3,-1.2533902,0.60612136
AAGGAGCGTTAGAACA-1-1,0_HealthyBM2,HBM,7,-4.702678,2.1661758
AAGGAGCTCAGAAATG-1-1,0_HealthyBM2,HBM,6,0.63450396,-0.9325924
AAGGCAGAGCAGCCTC-1-1,0_HealthyBM2,HBM,9,4.073668,0.4982155
AAGGCAGGTCACCCAG-1-1,0_HealthyBM2,HBM,14,7.8440285,-3.8842251
AAGGCAGGTGACCAAG-1-1,0_HealthyBM2,HBM,6,2.2140193,0.40083882
AAGGCAGGTGAGTGAC-1-1,0_HealthyBM2,HBM,4,-2.5526228,-0.38645834
AAGGCAGGTGGTCCGT-1-1,0_HealthyBM2,HBM,3,-0.4534913,-0.43268108
AAGGCAGGTTACAGAA-1-1,0_HealthyBM2,HBM,6,0.49516663,-1.4117017
AAGGCAGTCGTATCAG-1-1,0_HealthyBM2,HBM,3,-3.2265563,3.7565606
AAGGCAGTCTTCGGTC-1-1,0_HealthyBM2,HBM,3,-1.0519279,0.5674528
AAGGCAGTCTTTAGTC-1-1,0_HealthyBM2,HBM,4,-1.7073743,-3.3779194
AAGGTTCAGATCCCGC-1-1,0_HealthyBM2,HBM,3,-0.45737794,2.563534
AAGGTTCAGTACATGA-1-1,0_HealthyBM2,HBM,3,1.9036081,-0.34440178
AAGGTTCCAAACCCAT-1-1,0_HealthyBM2,HBM,9,5.539472,0.9522699
AAGGTTCCAAGGTGTG-1-1,0_HealthyBM2,HBM,0,11.673936,2.415462
AAGGTTCCACAGACAG-1-1,0_HealthyBM2,HBM,8,-2.5458312,-0.44110182
AAGGTTCGTCCAACTA-1-1,0_HealthyBM2,HBM,9,5.5230727,1.2072171
AAGGTTCGTCTTTCAT-1-1,0_HealthyBM2,HBM,1,7.236482,-0.20564535
AAGGTTCGTGCGCTTG-1-1,0_HealthyBM2,HBM,6,-0.46394348,-0.5856503
AAGGTTCTCAACACAC-1-1,0_HealthyBM2,HBM,3,-1.2162783,0.17610519
AAGTCTGAGAGTCGGT-1-1,0_HealthyBM2,HBM,7,-4.085158,0.04272102
AAGTCTGCATTACGAC-1-1,0_HealthyBM2,HBM,15,-2.128092,-0.15303706
AAGTCTGGTACACCGC-1-1,0_HealthyBM2,HBM,0,11.698961,2.4638293
AAGTCTGTCGGCTTGG-1-1,0_HealthyBM2,HBM,3,1.8129896,0.40341166
AAGTCTGTCGTCCGTT-1-1,0_HealthyBM2,HBM,3,-1.114405,0.376841
AATCCAGAGATCACGG-1-1,0_HealthyBM2,HBM,15,-1.8625926,-1.5350242
AATCCAGAGCCACTAT-1-1,0_HealthyBM2,HBM,6,1.2367778,-2.8173966
AATCCAGAGCCAGTAG-1-1,0_HealthyBM2,HBM,3,-0.06707038,1.13849
AATCCAGGTAAAGTCA-1-1,0_HealthyBM2,HBM,1,8.708002,0.12538755
AATCCAGGTACCGTAT-1-1,0_HealthyBM2,HBM,0,11.631151,2.359979
AATCCAGGTCCTGCTT-1-1,0_HealthyBM2,HBM,3,-0.1029899,1.2759348
AATCCAGGTGTCAATC-1-1,0_HealthyBM2,HBM,3,-1.0422864,0.6485521
AATCCAGTCCTGCAGG-1-1,0_HealthyBM2,HBM,3,0.14367372,-0.18042515
AATCGGTCACTGTGTA-1-1,0_HealthyBM2,HBM,6,-0.10934946,-0.16660658
AATCGGTCATGAGCGA-1-1,0_HealthyBM2,HBM,7,-4.1737323,0.34399778
AATCGGTCATGCATGT-1-1,0_HealthyBM2,HBM,3,-0.593011,-0.036945302
AATCGGTGTCTACCTC-1-1,0_HealthyBM2,HBM,3,-2.4246852,2.35849
AATCGGTTCAGTGTTG-1-1,0_HealthyBM2,HBM,4,-1.6875932,-3.0078118
ACACCAAAGTCAATAG-1-1,0_HealthyBM2,HBM,3,-1.7972672,0.707381
ACACCAACATTCCTGC-1-1,0_HealthyBM2,HBM,7,-3.9669778,1.7074981
ACACCAAGTCGGATCC-1-1,0_HealthyBM2,HBM,3,-0.32840556,2.9994206
ACACCAATCCTTGACC-1-1,0_HealthyBM2,HBM,6,0.23830646,-2.3662922
ACACCCTAGTACACCT-1-1,0_HealthyBM2,HBM,5,-1.3063972,0.26826414
ACACCCTCATGCTGGC-1-1,0_HealthyBM2,HBM,4,-0.6472168,-2.753524
ACACCCTGTATTCTCT-1-1,0_HealthyBM2,HBM,3,-1.2219388,0.5499094
ACACCCTGTCGGCACT-1-1,0_HealthyBM2,HBM,3,-1.2035006,-0.9124995
ACACCCTTCAACACCA-1-1,0_HealthyBM2,HBM,14,8.242922,-2.970904
ACACCCTTCCCTTGCA-1-1,0_HealthyBM2,HBM,3,-1.1371205,1.5598725
ACACCGGCAATGGAGC-1-1,0_HealthyBM2,HBM,9,7.0114694,0.3716534
ACACTGAAGCTGTCTA-1-1,0_HealthyBM2,HBM,14,8.176003,-3.7140207
ACACTGACAGCGAACA-1-1,0_HealthyBM2,HBM,1,7.228129,-0.6544567
ACACTGATCTGTCCGT-1-1,0_HealthyBM2,HBM,0,10.944515,2.0947502
ACAGCCGAGGTGTTAA-1-1,0_HealthyBM2,HBM,6,1.243231,-2.2286332
ACAGCCGGTGCAGACA-1-1,0_HealthyBM2,HBM,3,-2.1686227,1.5329201
ACAGCCGGTGGAAAGA-1-1,0_HealthyBM2,HBM,15,-0.25304276,-1.1653571
ACAGCCGTCAGTCCCT-1-1,0_HealthyBM2,HBM,3,-1.5024766,1.6299746
ACAGCCGTCGCCAGCA-1-1,0_HealthyBM2,HBM,1,9.402422,1.8317488
ACAGCCGTCGCGTTTC-1-1,0_HealthyBM2,HBM,3,-2.0913029,1.0858692
ACAGCCGTCTTCTGGC-1-1,0_HealthyBM2,HBM,7,-4.2774878,-0.9385126
ACAGCTACAATAAGCA-1-1,0_HealthyBM2,HBM,2,6.774495,3.4329257
ACAGCTACAGGTTTCA-1-1,0_HealthyBM2,HBM,5,-0.52172357,-1.356714
ACAGCTACAGTTTACG-1-1,0_HealthyBM2,HBM,11,4.3009043,-3.1751008
ACAGCTAGTGATGTGG-1-1,0_HealthyBM2,HBM,15,-1.6539961,-0.60879767
ACAGCTATCTGCGTAA-1-1,0_HealthyBM2,HBM,3,-0.5414003,-0.65332764
ACATACGAGAAACCAT-1-1,0_HealthyBM2,HBM,3,-3.6663175,3.3188357
ACATACGAGACCTTTG-1-1,0_HealthyBM2,HBM,14,8.822412,-2.694475
ACATACGAGCAACGGT-1-1,0_HealthyBM2,HBM,11,4.25675,-2.578789
ACATACGCATTCACTT-1-1,0_HealthyBM2,HBM,1,7.8238816,-0.77501357
ACATACGGTTCACGGC-1-1,0_HealthyBM2,HBM,15,-1.9926502,-2.1821475
ACATACGTCGGAATCT-1-1,0_HealthyBM2,HBM,6,2.928358,-0.08709286
ACATACGTCTCAAGTG-1-1,0_HealthyBM2,HBM,11,4.7454085,-3.497798
ACATCAGCAAGACACG-1-1,0_HealthyBM2,HBM,4,-1.9109613,-3.2001226
ACATCAGCAATGGAAT-1-1,0_HealthyBM2,HBM,3,-0.15901515,0.20487083
ACATCAGGTACTCTCC-1-1,0_HealthyBM2,HBM,4,-1.8363868,-3.6096497
ACATCAGGTAGTGAAT-1-1,0_HealthyBM2,HBM,0,11.8941965,3.0682676
ACATGGTAGCGTGAAC-1-1,0_HealthyBM2,HBM,3,-2.1153667,1.9357027
ACATGGTAGCTACCGC-1-1,0_HealthyBM2,HBM,4,-1.8739233,-3.232094
ACATGGTAGGATGCGT-1-1,0_HealthyBM2,HBM,9,3.676025,0.3924677
ACATGGTCACACATGT-1-1,0_HealthyBM2,HBM,9,4.633137,0.23796356
ACATGGTGTAGCTAAA-1-1,0_HealthyBM2,HBM,3,-1.0742043,1.4146272
ACATGGTTCCAAGCCG-1-1,0_HealthyBM2,HBM,14,8.852832,-3.390932
ACCAGTAAGGCATGTG-1-1,0_HealthyBM2,HBM,3,-0.84571064,0.34156513
ACCAGTACAGGACCCT-1-1,0_HealthyBM2,HBM,6,1.3696588,-2.3189552
ACCAGTACATTGTGCA-1-1,0_HealthyBM2,HBM,7,-3.9269872,-1.0819699
ACCAGTAGTGACCAAG-1-1,0_HealthyBM2,HBM,5,0.5702439,1.0525153
ACCAGTATCCCTTGCA-1-1,0_HealthyBM2,HBM,9,4.0266185,0.24139921
ACCAGTATCCTTGACC-1-1,0_HealthyBM2,HBM,0,10.223385,2.162696
ACCAGTATCGAGAACG-1-1,0_HealthyBM2,HBM,8,-2.8512921,-1.0182959
ACCCACTAGAGACTAT-1-1,0_HealthyBM2,HBM,6,0.41248047,-2.4285738
ACCCACTAGTACGACG-1-1,0_HealthyBM2,HBM,4,-1.3014265,-0.7073721
ACCCACTCACCCATTC-1-1,0_HealthyBM2,HBM,3,-0.30996972,-0.3975632
ACCCACTTCGTTGCCT-1-1,0_HealthyBM2,HBM,15,-1.6945047,-0.23056921
ACCGTAAAGGAGTTTA-1-1,0_HealthyBM2,HBM,3,0.48605433,1.0627491
ACCGTAAAGGTGCTTT-1-1,0_HealthyBM2,HBM,3,-0.14903471,1.3500918
ACCGTAACACAAGACG-1-1,0_HealthyBM2,HBM,11,4.7330046,-2.6781206
ACCGTAAGTCGCGAAA-1-1,0_HealthyBM2,HBM,9,6.3148274,0.33932975
ACCTTTAAGCTGATAA-1-1,0_HealthyBM2,HBM,4,-2.5269046,-3.028788
ACCTTTAGTGCCTGTG-1-1,0_HealthyBM2,HBM,3,-1.4385597,0.11822191
ACGAGCCCACATCCAA-1-1,0_HealthyBM2,HBM,3,-1.207015,0.2667761
ACGAGCCCACATCTTT-1-1,0_HealthyBM2,HBM,15,-1.7679322,-2.4252527
ACGAGCCCAGCCAATT-1-1,0_HealthyBM2,HBM,6,0.71753186,-0.33536816
ACGAGCCTCGACCAGC-1-1,0_HealthyBM2,HBM,11,4.4202175,-2.9758246
ACGAGCCTCGTTACAG-1-1,0_HealthyBM2,HBM,3,2.5995126,-0.39373437
ACGAGCCTCTTAGCCC-1-1,0_HealthyBM2,HBM,3,-1.3528823,-0.573042
ACGAGGAAGAAGGGTA-1-1,0_HealthyBM2,HBM,0,9.563943,2.7755914
ACGAGGAAGTATCTCG-1-1,0_HealthyBM2,HBM,1,7.0855594,0.6591624
ACGAGGAGTATCACCA-1-1,0_HealthyBM2,HBM,1,7.924271,0.029196363
ACGAGGAGTTCCACTC-1-1,0_HealthyBM2,HBM,3,-1.2121799,0.060146384
ACGAGGATCACGACTA-1-1,0_HealthyBM2,HBM,15,-2.6414325,-1.866
ACGAGGATCAGAGACG-1-1,0_HealthyBM2,HBM,3,-0.85694313,3.1881778
ACGAGGATCCGTAGGC-1-1,0_HealthyBM2,HBM,4,-1.9186944,-3.1305025
ACGAGGATCGCCAGCA-1-1,0_HealthyBM2,HBM,0,10.635896,1.5224544
ACGATACAGATGTCGG-1-1,0_HealthyBM2,HBM,1,7.1033053,0.3838214
ACGATACCAGCATACT-1-1,0_HealthyBM2,HBM,9,5.3451223,0.5514969
ACGATACGTTCTGAAC-1-1,0_HealthyBM2,HBM,3,-1.0374486,2.2507002
ACGATACTCTACTCAT-1-1,0_HealthyBM2,HBM,3,-0.49433142,-0.8133186
ACGATGTAGCTGTTCA-1-1,0_HealthyBM2,HBM,6,1.6445885,-0.9991587
ACGATGTAGTGTTAGA-1-1,0_HealthyBM2,HBM,9,5.233603,0.15389064
ACGATGTCAAACAACA-1-1,0_HealthyBM2,HBM,6,0.4090311,-1.5593795
ACGATGTCAGTCGATT-1-1,0_HealthyBM2,HBM,14,8.417299,-3.6935124
ACGATGTGTACGCTGC-1-1,0_HealthyBM2,HBM,3,-2.2018342,2.175155
ACGATGTGTCTAACGT-1-1,0_HealthyBM2,HBM,7,-3.514362,-0.8246919
ACGCAGCAGATGGGTC-1-1,0_HealthyBM2,HBM,1,7.8190985,0.24688073
ACGCAGCGTCCATGAT-1-1,0_HealthyBM2,HBM,7,-4.478107,-0.6549018
ACGCAGCTCCAGAGGA-1-1,0_HealthyBM2,HBM,3,-1.322997,3.4930296
ACGCCAGAGCCGTCGT-1-1,0_HealthyBM2,HBM,9,4.9921904,0.77923065
ACGCCAGAGGTGATAT-1-1,0_HealthyBM2,HBM,3,-3.116812,0.5830174
ACGCCAGCATCTGGTA-1-1,0_HealthyBM2,HBM,6,0.44594157,-1.7870764
ACGCCAGGTAAGTGTA-1-1,0_HealthyBM2,HBM,3,-1.6352676,0.12757102
ACGCCAGGTCGCATAT-1-1,0_HealthyBM2,HBM,7,-4.3329034,-0.11316516
ACGCCAGTCAAGGCTT-1-1,0_HealthyBM2,HBM,3,-2.3273215,1.0650309
ACGCCGAAGAAACCTA-1-1,0_HealthyBM2,HBM,14,8.9122305,-2.572127
ACGCCGACACTCTGTC-1-1,0_HealthyBM2,HBM,14,8.611715,-2.575468
ACGCCGAGTCAATACC-1-1,0_HealthyBM2,HBM,3,-0.24999207,2.3803236
ACGCCGAGTCGCCATG-1-1,0_HealthyBM2,HBM,3,-2.0215132,2.908974
ACGCCGAGTGATGTGG-1-1,0_HealthyBM2,HBM,11,4.407001,-4.0605936
ACGCCGAGTTTCGCTC-1-1,0_HealthyBM2,HBM,1,6.448945,-0.49612337
ACGCCGATCCCAAGAT-1-1,0_HealthyBM2,HBM,6,0.69165534,-1.8109417
ACGGAGAAGTCATGCT-1-1,0_HealthyBM2,HBM,3,-0.77483445,-0.09132332
ACGGAGACACAGACAG-1-1,0_HealthyBM2,HBM,4,-1.3936425,-0.44711643
ACGGAGACACCGATAT-1-1,0_HealthyBM2,HBM,3,-2.300795,1.293747
ACGGAGACACGAAGCA-1-1,0_HealthyBM2,HBM,14,8.111547,-3.4349468
ACGGAGACACGTTGGC-1-1,0_HealthyBM2,HBM,11,3.330124,-1.9049964
ACGGAGACATCACGAT-1-1,0_HealthyBM2,HBM,11,4.0528083,-1.8878264
ACGGAGAGTCTAGGTT-1-1,0_HealthyBM2,HBM,3,-1.521776,0.11177243
ACGGAGAGTGTTCGAT-1-1,0_HealthyBM2,HBM,6,1.2213069,-1.7310709
ACGGAGAGTTACCAGT-1-1,0_HealthyBM2,HBM,1,7.542541,-0.47623533
ACGGAGATCTACCAGA-1-1,0_HealthyBM2,HBM,3,-1.1575713,0.5110437
ACGGAGATCTCTTGAT-1-1,0_HealthyBM2,HBM,11,4.4657845,-2.5005288
ACGGAGATCTGACCTC-1-1,0_HealthyBM2,HBM,1,7.051108,0.13812003
ACGGCCAAGTTATCGC-1-1,0_HealthyBM2,HBM,3,-1.5542241,1.5243222
ACGGCCACACAGTCGC-1-1,0_HealthyBM2,HBM,14,8.835018,-3.9539082
ACGGCCACAGATGGCA-1-1,0_HealthyBM2,HBM,0,11.03575,3.0800488
ACGGCCAGTAACGACG-1-1,0_HealthyBM2,HBM,9,5.8050575,1.587953
ACGGCCAGTAAGTAGT-1-1,0_HealthyBM2,HBM,3,-0.94267005,0.924719
ACGGCCAGTCCAACTA-1-1,0_HealthyBM2,HBM,3,-2.8499415,3.2134838
ACGGCCAGTTTAGGAA-1-1,0_HealthyBM2,HBM,3,-1.2257607,-0.22844313
ACGGCCATCATACGGT-1-1,0_HealthyBM2,HBM,9,5.211163,-0.2698734
ACGGCCATCCGCATCT-1-1,0_HealthyBM2,HBM,15,-2.7691517,0.1659573
ACGGGCTCACGGCGTT-1-1,0_HealthyBM2,HBM,3,-0.6240563,-0.014293339
ACGGGCTGTCGCGTGT-1-1,0_HealthyBM2,HBM,1,8.2508,-0.7523968
ACGGGTCAGTTCGCGC-1-1,0_HealthyBM2,HBM,9,5.565034,1.2442617
ACGGGTCCATGCCACG-1-1,0_HealthyBM2,HBM,9,3.7868612,1.819613
ACGGGTCGTAGGCTGA-1-1,0_HealthyBM2,HBM,9,5.701709,1.0648354
ACGGGTCGTCTCTTAT-1-1,0_HealthyBM2,HBM,7,-3.6540196,0.46583644
ACGGGTCGTGACCAAG-1-1,0_HealthyBM2,HBM,14,8.416634,-1.2815893
ACGGGTCGTGTTAAGA-1-1,0_HealthyBM2,HBM,3,-1.0375513,2.1463778
ACGGGTCTCAGGATCT-1-1,0_HealthyBM2,HBM,3,-1.4210749,1.8507134
ACGTCAAAGAAACCAT-1-1,0_HealthyBM2,HBM,7,-5.30387,-0.6395589
ACGTCAACAGTGGGAT-1-1,0_HealthyBM2,HBM,3,-2.374265,3.5829325
ACGTCAATCCTCAACC-1-1,0_HealthyBM2,HBM,3,-0.8444221,-0.36921003
ACGTCAATCCTCTAGC-1-1,0_HealthyBM2,HBM,3,0.07633411,1.7221012
ACTATCTAGGCCGAAT-1-1,0_HealthyBM2,HBM,15,-2.5804257,-1.1556053
ACTATCTCACGAGAGT-1-1,0_HealthyBM2,HBM,0,10.496904,1.4942968
ACTATCTGTCCGTTAA-1-1,0_HealthyBM2,HBM,3,-1.8312905,1.3269024
ACTATCTGTTTAAGCC-1-1,0_HealthyBM2,HBM,3,-0.48174897,3.3680406
ACTATCTTCCCAACGG-1-1,0_HealthyBM2,HBM,0,10.439386,2.2605865
ACTATCTTCTCTTATG-1-1,0_HealthyBM2,HBM,0,12.10563,1.5164224
ACTGAACAGATGTGTA-1-1,0_HealthyBM2,HBM,3,-0.2688983,-0.577251
ACTGAACCAAGTTCTG-1-1,0_HealthyBM2,HBM,0,9.646274,1.1204838
ACTGAACCATCTGGTA-1-1,0_HealthyBM2,HBM,3,-2.5386138,2.6218538
ACTGAACCATTCACTT-1-1,0_HealthyBM2,HBM,11,4.663004,-3.003077
ACTGAACGTAATCGTC-1-1,0_HealthyBM2,HBM,15,-3.701273,1.2967004
ACTGAACGTCTGATTG-1-1,0_HealthyBM2,HBM,3,-2.880597,1.9797622
ACTGAACGTGATAAAC-1-1,0_HealthyBM2,HBM,3,-0.5557957,1.2857131
ACTGAACGTTCCACAA-1-1,0_HealthyBM2,HBM,3,-2.807289,3.0481744
ACTGAACGTTGTGGCC-1-1,0_HealthyBM2,HBM,7,-4.139836,-0.3166827
ACTGAACTCACCGGGT-1-1,0_HealthyBM2,HBM,9,4.7354717,1.1695063
ACTGAACTCTCAAGTG-1-1,0_HealthyBM2,HBM,0,11.416615,2.263939
ACTGAACTCTGTTGAG-1-1,0_HealthyBM2,HBM,11,4.445924,-2.645342
ACTGAGTAGGCCGAAT-1-1,0_HealthyBM2,HBM,11,4.62188,-3.1759603
ACTGAGTAGTACACCT-1-1,0_HealthyBM2,HBM,14,8.073428,-3.2123995
ACTGAGTCAAAGCAAT-1-1,0_HealthyBM2,HBM,4,-1.8335389,-1.705618
ACTGAGTGTATATGGA-1-1,0_HealthyBM2,HBM,11,4.236199,-2.9142303
ACTGAGTGTGTGACGA-1-1,0_HealthyBM2,HBM,11,4.604864,-2.622066
ACTGAGTTCAAGGCTT-1-1,0_HealthyBM2,HBM,3,-1.6047288,0.7392105
ACTGAGTTCAGCAACT-1-1,0_HealthyBM2,HBM,3,-1.7010393,0.230566
ACTGAGTTCTGGTTCC-1-1,0_HealthyBM2,HBM,6,1.0793734,-1.2877276
ACTGAGTTCTGTCAAG-1-1,0_HealthyBM2,HBM,14,9.834813,0.17268412
ACTGATGCAGGGAGAG-1-1,0_HealthyBM2,HBM,3,-2.9562435,2.3844705
ACTGATGGTAAGAGGA-1-1,0_HealthyBM2,HBM,3,-3.0530677,1.5915705
ACTGATGGTTCCCTTG-1-1,0_HealthyBM2,HBM,6,0.8726664,-3.081263
ACTGCTCAGGAACTGC-1-1,0_HealthyBM2,HBM,6,0.11166544,-1.6070439
ACTGCTCCAAGCTGGA-1-1,0_HealthyBM2,HBM,7,-4.4170437,2.5377448
ACTGCTCCACATCCGG-1-1,0_HealthyBM2,HBM,4,-1.5549289,-2.0219421
ACTGCTCCAGCGAACA-1-1,0_HealthyBM2,HBM,2,6.7523947,3.6349368
ACTGCTCCATGCCTTC-1-1,0_HealthyBM2,HBM,11,4.5630383,-3.316583
ACTGCTCCATTGAGCT-1-1,0_HealthyBM2,HBM,1,7.998766,-0.47969756
ACTGCTCTCACCAGGC-1-1,0_HealthyBM2,HBM,9,3.8798778,0.37224954
ACTGCTCTCGAACTGT-1-1,0_HealthyBM2,HBM,15,-2.5583568,-2.405651
ACTGCTCTCTGGTATG-1-1,0_HealthyBM2,HBM,6,-0.3025453,-2.2870347
ACTGTCCAGTAGGCCA-1-1,0_HealthyBM2,HBM,7,-4.415931,2.8122666
ACTGTCCCACGAAACG-1-1,0_HealthyBM2,HBM,3,-2.6169515,3.2573373
ACTGTCCGTCGTCTTC-1-1,0_HealthyBM2,HBM,3,1.7154753,-0.050551087
ACTGTCCTCCAACCAA-1-1,0_HealthyBM2,HBM,9,4.6876726,0.5331759
ACTTACTAGCGTAGTG-1-1,0_HealthyBM2,HBM,3,-0.9363855,-0.56571645
ACTTACTCACGCGAAA-1-1,0_HealthyBM2,HBM,1,7.4965158,-0.6271824
ACTTACTCAGGGATTG-1-1,0_HealthyBM2,HBM,14,8.437679,-1.4644024
ACTTACTGTAAACACA-1-1,0_HealthyBM2,HBM,3,-0.70335907,0.6587694
ACTTACTGTGGGTATG-1-1,0_HealthyBM2,HBM,4,-1.3430808,-3.3097045
ACTTACTTCGAACGGA-1-1,0_HealthyBM2,HBM,3,-0.46270606,2.2922294
ACTTGTTCAAACAACA-1-1,0_HealthyBM2,HBM,3,0.40510228,1.650553
ACTTGTTGTAGTGAAT-1-1,0_HealthyBM2,HBM,9,5.8678412,-0.6265162
ACTTGTTGTATCGCAT-1-1,0_HealthyBM2,HBM,8,-2.308648,-0.24165857
ACTTGTTGTTTAGGAA-1-1,0_HealthyBM2,HBM,0,9.115393,1.0816332
ACTTGTTTCCTGCCAT-1-1,0_HealthyBM2,HBM,1,7.786264,0.14721443
ACTTTCACAAGGTTTC-1-1,0_HealthyBM2,HBM,9,4.1111255,0.82115394
ACTTTCAGTGTATGGG-1-1,0_HealthyBM2,HBM,7,-4.086445,-0.94204694
ACTTTCATCACAGGCC-1-1,0_HealthyBM2,HBM,6,0.22075719,-1.9749091
AGAATAGCATGGGACA-1-1,0_HealthyBM2,HBM,4,-1.8649466,-3.6104443
AGAATAGGTACTTAGC-1-1,0_HealthyBM2,HBM,6,0.51176274,-1.2341043
AGAATAGTCCTGCCAT-1-1,0_HealthyBM2,HBM,14,8.000479,-3.6065226
AGACGTTCACGACGAA-1-1,0_HealthyBM2,HBM,3,-2.1744025,2.027495
AGACGTTCATTTCACT-1-1,0_HealthyBM2,HBM,3,-1.5304495,2.5019355
AGACGTTGTTTCGCTC-1-1,0_HealthyBM2,HBM,7,-4.502882,1.1694843
AGACGTTTCCCTTGCA-1-1,0_HealthyBM2,HBM,1,7.0164037,-0.24698944
AGAGCGAAGTAGGCCA-1-1,0_HealthyBM2,HBM,3,-1.4526227,1.2104083
AGAGCGAAGTCCCACG-1-1,0_HealthyBM2,HBM,0,9.782835,1.4681915
AGAGCGACACATGTGT-1-1,0_HealthyBM2,HBM,15,-3.1289804,0.3573145
AGAGCGAGTGGCCCTA-1-1,0_HealthyBM2,HBM,9,6.723464,0.4448431
AGAGCGATCCGTTGTC-1-1,0_HealthyBM2,HBM,14,6.9026623,-3.5132077
AGAGCTTAGATGCGAC-1-1,0_HealthyBM2,HBM,7,-4.2323956,1.0952038
AGAGCTTCACGAAGCA-1-1,0_HealthyBM2,HBM,1,7.8603644,-0.29409918
AGAGCTTCAGCCACCA-1-1,0_HealthyBM2,HBM,7,-5.34076,2.5583944
AGAGCTTCATAAAGGT-1-1,0_HealthyBM2,HBM,15,-2.7256336,-1.4463909
AGAGCTTGTCCGACGT-1-1,0_HealthyBM2,HBM,1,7.934864,-0.3578114
AGAGTGGAGAGTCTGG-1-1,0_HealthyBM2,HBM,6,0.3005172,-1.5137434
AGAGTGGCAGGTCCAC-1-1,0_HealthyBM2,HBM,3,-2.0992057,0.8883409
AGAGTGGGTCTAGCGC-1-1,0_HealthyBM2,HBM,3,-0.988152,0.15328805
AGAGTGGGTCTCCATC-1-1,0_HealthyBM2,HBM,11,4.643593,-2.697835
AGAGTGGTCCAGAGGA-1-1,0_HealthyBM2,HBM,3,-1.4092618,2.52728
AGATCTGCATGAGCGA-1-1,0_HealthyBM2,HBM,3,-2.6423764,1.8106989
AGATCTGCATTAGCCA-1-1,0_HealthyBM2,HBM,11,4.6033106,-3.9357727
AGATCTGTCCAATGGT-1-1,0_HealthyBM2,HBM,6,1.1004349,-2.1693687
AGATCTGTCGGAGGTA-1-1,0_HealthyBM2,HBM,9,5.312088,0.61135143
AGATCTGTCGGCTACG-1-1,0_HealthyBM2,HBM,9,1.45752,1.4774631
AGATCTGTCTGTACGA-1-1,0_HealthyBM2,HBM,4,-2.4539526,-2.7918348
AGATTGCAGAAAGTGG-1-1,0_HealthyBM2,HBM,4,-1.8471916,-2.8484998
AGATTGCAGGGCATGT-1-1,0_HealthyBM2,HBM,4,-2.4637897,-2.9988747
AGATTGCGTACGCACC-1-1,0_HealthyBM2,HBM,8,-3.0166488,-0.5333869
AGATTGCGTTTGTTTC-1-1,0_HealthyBM2,HBM,9,6.8423123,-0.023293287
AGATTGCTCCTGCAGG-1-1,0_HealthyBM2,HBM,6,0.23937275,-1.2484934
AGATTGCTCTGACCTC-1-1,0_HealthyBM2,HBM,4,-2.0002909,-2.837919
AGCAGCCAGTTAAGTG-1-1,0_HealthyBM2,HBM,9,3.72027,0.29774025
AGCAGCCCAAGCTGTT-1-1,0_HealthyBM2,HBM,3,-1.5256531,3.4653752
AGCAGCCCAATAGCGG-1-1,0_HealthyBM2,HBM,9,5.6770177,0.8233318
AGCAGCCGTCAATGTC-1-1,0_HealthyBM2,HBM,0,11.067116,2.2863877
AGCAGCCTCACAATGC-1-1,0_HealthyBM2,HBM,3,0.07906307,0.24942122
AGCAGCCTCCTAGTGA-1-1,0_HealthyBM2,HBM,0,11.45102,2.6855588
AGCATACAGTGAAGAG-1-1,0_HealthyBM2,HBM,9,5.481843,0.8454979
AGCATACGTGAAATCA-1-1,0_HealthyBM2,HBM,3,-0.28923464,-0.24743116
AGCATACGTTAGATGA-1-1,0_HealthyBM2,HBM,9,5.972919,0.37139252
AGCATACTCTACGAGT-1-1,0_HealthyBM2,HBM,15,-2.654817,-1.8871683
AGCCTAAAGAAACCGC-1-1,0_HealthyBM2,HBM,7,-4.427,-0.21606119
AGCCTAAAGCGCCTTG-1-1,0_HealthyBM2,HBM,3,-1.0112343,0.3810091
AGCCTAACATCACGTA-1-1,0_HealthyBM2,HBM,14,8.599321,-3.6876268
AGCCTAAGTCGCATAT-1-1,0_HealthyBM2,HBM,0,11.304795,2.5094385
AGCGGTCCAACCGCCA-1-1,0_HealthyBM2,HBM,7,-4.263885,-0.7489382
AGCGGTCCACTCGACG-1-1,0_HealthyBM2,HBM,15,-1.0238026,-1.2521188
AGCGGTCTCCCAACGG-1-1,0_HealthyBM2,HBM,3,-0.7103289,-0.5184263
AGCGGTCTCTCCAGGG-1-1,0_HealthyBM2,HBM,3,0.7938631,0.5712852
AGCGTATAGGGATCTG-1-1,0_HealthyBM2,HBM,3,-0.59927106,-0.49914962
AGCGTATAGTTTCCTT-1-1,0_HealthyBM2,HBM,0,11.096983,2.5054348
AGCGTATTCGCGTAGC-1-1,0_HealthyBM2,HBM,9,6.2517176,0.8333552
AGCGTATTCGGTTAAC-1-1,0_HealthyBM2,HBM,6,0.91060585,-2.3677108
AGCGTATTCTGGTATG-1-1,0_HealthyBM2,HBM,3,-1.0054071,-0.42360643
AGCGTCGCAACAACCT-1-1,0_HealthyBM2,HBM,6,0.43103907,-1.8394697
AGCGTCGCAGACTCGC-1-1,0_HealthyBM2,HBM,6,1.6782241,-0.53944653
AGCGTCGGTCACTTCC-1-1,0_HealthyBM2,HBM,9,-2.9843109,1.1029152
AGCGTCGGTTACCGAT-1-1,0_HealthyBM2,HBM,9,4.9037333,0.25272992
AGCTCCTCACAACTGT-1-1,0_HealthyBM2,HBM,3,1.2672647,1.0058191
AGCTCCTCAGGAATGC-1-1,0_HealthyBM2,HBM,0,11.1475,2.7305381
AGCTCCTCAGTCACTA-1-1,0_HealthyBM2,HBM,6,1.7868273,0.1418089
AGCTCCTGTACCCAAT-1-1,0_HealthyBM2,HBM,3,-0.99750555,1.881159
AGCTCCTGTTGGTTTG-1-1,0_HealthyBM2,HBM,6,0.51595384,0.0067778574
AGCTCCTTCAGCTCTC-1-1,0_HealthyBM2,HBM,15,-2.3198164,-2.5675232
AGCTCCTTCATCTGTT-1-1,0_HealthyBM2,HBM,3,-1.2185729,1.6216743
AGCTCCTTCCCGACTT-1-1,0_HealthyBM2,HBM,15,-2.1344273,-1.4692525
AGCTCCTTCTAACTCT-1-1,0_HealthyBM2,HBM,6,0.6348905,-1.8279274
AGCTCTCAGAGTACAT-1-1,0_HealthyBM2,HBM,4,-2.272814,-3.521336
AGCTCTCCAGATCCAT-1-1,0_HealthyBM2,HBM,6,1.788658,-1.9623607
AGCTCTCGTAGTGAAT-1-1,0_HealthyBM2,HBM,3,-1.298272,0.8280403
AGCTTGACAATGGATA-1-1,0_HealthyBM2,HBM,7,-4.3441167,-0.18161818
AGCTTGACACGCGAAA-1-1,0_HealthyBM2,HBM,9,6.3139133,0.6323366
AGCTTGACAGATGAGC-1-1,0_HealthyBM2,HBM,6,0.6681854,-2.206204
AGCTTGACATGACGGA-1-1,0_HealthyBM2,HBM,4,-0.56402546,-2.760402
AGCTTGAGTGCCTGTG-1-1,0_HealthyBM2,HBM,7,-5.318934,2.1077232
AGCTTGATCAGCTCGG-1-1,0_HealthyBM2,HBM,11,4.6838846,-2.9157283
AGCTTGATCGCACTCT-1-1,0_HealthyBM2,HBM,3,-0.9547296,1.5861906
AGGCCACAGACTGTAA-1-1,0_HealthyBM2,HBM,14,8.062876,-3.6172316
AGGCCACCAGCGAACA-1-1,0_HealthyBM2,HBM,4,-1.9379587,-2.9319444
AGGCCACGTCGCGGTT-1-1,0_HealthyBM2,HBM,15,-2.5245326,-1.9064882
AGGCCGTAGGACAGAA-1-1,0_HealthyBM2,HBM,9,5.67996,1.7905992
AGGCCGTAGTACACCT-1-1,0_HealthyBM2,HBM,8,-2.0294707,-1.1274503
AGGCCGTCAAGTAATG-1-1,0_HealthyBM2,HBM,15,-1.6515887,-2.390957
AGGCCGTGTCGAACAG-1-1,0_HealthyBM2,HBM,0,10.400877,2.2946017
AGGCCGTTCATACGGT-1-1,0_HealthyBM2,HBM,3,-2.0420864,0.40559492
AGGCCGTTCCGCGTTT-1-1,0_HealthyBM2,HBM,3,-0.968747,1.1863533
AGGCCGTTCCTTGGTC-1-1,0_HealthyBM2,HBM,3,-1.8573567,1.0556109
AGGGAGTAGTCGTACT-1-1,0_HealthyBM2,HBM,14,6.957768,-3.0132713
AGGGAGTGTACACCGC-1-1,0_HealthyBM2,HBM,4,-1.2634116,-3.3121307
AGGGAGTTCAGTTCGA-1-1,0_HealthyBM2,HBM,3,-2.3006432,1.9367282
AGGGAGTTCCACGTTC-1-1,0_HealthyBM2,HBM,8,-2.405551,-0.40676078
AGGGAGTTCCTCCTAG-1-1,0_HealthyBM2,HBM,6,0.62765014,-2.1507719
AGGGAGTTCGATCCCT-1-1,0_HealthyBM2,HBM,4,-1.2196916,-1.0658708
AGGGATGAGAGCTATA-1-1,0_HealthyBM2,HBM,8,-2.3216186,0.3650458
AGGGATGAGTACTTGC-1-1,0_HealthyBM2,HBM,7,-3.8231506,-0.36372268
AGGGATGGTGAGGGAG-1-1,0_HealthyBM2,HBM,4,-0.37309366,-2.9671488
AGGGATGTCCAGAGGA-1-1,0_HealthyBM2,HBM,7,-4.3667502,0.66850543
AGGGATGTCGGAGGTA-1-1,0_HealthyBM2,HBM,0,12.093801,1.1041632
AGGGTGAAGGGTTTCT-1-1,0_HealthyBM2,HBM,3,-0.87389696,1.2417262
AGGGTGAAGTCGTACT-1-1,0_HealthyBM2,HBM,0,11.495291,2.02796
AGGGTGACAGCATACT-1-1,0_HealthyBM2,HBM,14,10.015214,-0.9434332
AGGGTGACAGTATGCT-1-1,0_HealthyBM2,HBM,6,0.43305662,-2.0900383
AGGGTGACATTTGCCC-1-1,0_HealthyBM2,HBM,0,11.92656,2.506832
AGGGTGATCTCGCTTG-1-1,0_HealthyBM2,HBM,0,11.454913,1.0688819
AGGTCATAGTGTACGG-1-1,0_HealthyBM2,HBM,14,8.973278,-3.7457666
AGGTCATCACATGACT-1-1,0_HealthyBM2,HBM,11,4.4027076,-3.03285
AGGTCATGTCTGCGGT-1-1,0_HealthyBM2,HBM,14,7.902382,-3.6040192
AGGTCCGAGATCCTGT-1-1,0_HealthyBM2,HBM,9,4.9919004,0.8460436
AGGTCCGCAGTAAGAT-1-1,0_HealthyBM2,HBM,9,5.2439065,1.6966001
AGGTCCGGTTCAACCA-1-1,0_HealthyBM2,HBM,9,5.9052496,1.2341129
AGGTCCGTCTCTTATG-1-1,0_HealthyBM2,HBM,0,10.275273,1.1686552
AGTAGTCAGAGTCGGT-1-1,0_HealthyBM2,HBM,9,4.1378093,0.326909
AGTAGTCAGCTAGGCA-1-1,0_HealthyBM2,HBM,6,0.020518087,-1.5099818
AGTAGTCAGTAGGTGC-1-1,0_HealthyBM2,HBM,0,10.347181,1.3325169
AGTAGTCAGTTGAGAT-1-1,0_HealthyBM2,HBM,7,-3.987535,-0.5688614
AGTAGTCCAAGCGCTC-1-1,0_HealthyBM2,HBM,3,-2.5039468,2.3918958
AGTAGTCGTAGATTAG-1-1,0_HealthyBM2,HBM,9,3.2265377,0.7670001
AGTAGTCGTTAAAGTG-1-1,0_HealthyBM2,HBM,3,1.6250365,0.9397814
AGTAGTCTCGCCTGTT-1-1,0_HealthyBM2,HBM,1,8.7664585,0.025279978
AGTCTTTCACAACGCC-1-1,0_HealthyBM2,HBM,4,-3.25758,1.9937046
AGTCTTTGTAAATGTG-1-1,0_HealthyBM2,HBM,3,-3.0256214,3.2406533
AGTCTTTGTGAAGGCT-1-1,0_HealthyBM2,HBM,3,-2.2108371,0.6363286
AGTCTTTGTGCCTTGG-1-1,0_HealthyBM2,HBM,10,8.21075,2.8756216
AGTCTTTGTTGTCTTT-1-1,0_HealthyBM2,HBM,1,9.460786,0.9159875
AGTCTTTTCGTTACAG-1-1,0_HealthyBM2,HBM,3,-3.2162879,2.4590952
AGTGAGGAGATGCCTT-1-1,0_HealthyBM2,HBM,3,-1.7000687,0.7148911
AGTGAGGCAACACCCG-1-1,0_HealthyBM2,HBM,8,-3.02845,0.9516946
AGTGAGGGTCGCGGTT-1-1,0_HealthyBM2,HBM,4,-1.5065683,-1.0949141
AGTGAGGGTGCCTTGG-1-1,0_HealthyBM2,HBM,3,-0.3253906,0.79305327
AGTGAGGGTGTGCGTC-1-1,0_HealthyBM2,HBM,0,11.693017,2.288801
AGTGAGGTCGAACTGT-1-1,0_HealthyBM2,HBM,4,-2.623465,1.583148
AGTGAGGTCTACTTAC-1-1,0_HealthyBM2,HBM,1,6.621695,-1.5952189
AGTGGGAAGCTACCGC-1-1,0_HealthyBM2,HBM,14,8.281089,-3.538384
AGTGGGAAGTAGCGGT-1-1,0_HealthyBM2,HBM,6,1.1417688,-2.030626
AGTGGGACAATCCAAC-1-1,0_HealthyBM2,HBM,3,-1.9147868,1.1699761
AGTGGGACAGATCCAT-1-1,0_HealthyBM2,HBM,4,-2.043197,-2.3015304
AGTGGGACATGTTGAC-1-1,0_HealthyBM2,HBM,3,-1.7483202,2.3425076
AGTGGGAGTAGCCTAT-1-1,0_HealthyBM2,HBM,3,-0.12071572,1.2789007
AGTGGGAGTTACGTCA-1-1,0_HealthyBM2,HBM,1,7.5071282,-0.10519001
AGTGGGAGTTTAGGAA-1-1,0_HealthyBM2,HBM,3,-1.0282933,0.26063645
AGTGGGATCATGCAAC-1-1,0_HealthyBM2,HBM,6,1.8764648,-1.8545234
AGTGGGATCCTCCTAG-1-1,0_HealthyBM2,HBM,4,-2.2013292,-0.3759187
AGTGGGATCTTACCTA-1-1,0_HealthyBM2,HBM,0,11.1024065,2.6709614
AGTGTCACAAGAAGAG-1-1,0_HealthyBM2,HBM,1,7.6253576,-0.42856404
AGTGTCACATATACCG-1-1,0_HealthyBM2,HBM,9,3.1801033,-0.61792076
AGTGTCAGTATCACCA-1-1,0_HealthyBM2,HBM,1,8.615713,-0.39523244
AGTGTCAGTGCAGTAG-1-1,0_HealthyBM2,HBM,14,8.614105,-3.620597
AGTGTCAGTTACGCGC-1-1,0_HealthyBM2,HBM,3,-1.845765,2.0108004
AGTGTCATCTGTCTCG-1-1,0_HealthyBM2,HBM,14,7.565561,-2.845988
AGTTGGTCACAACGCC-1-1,0_HealthyBM2,HBM,15,-1.9077836,-1.1553086
AGTTGGTCAGTCAGCC-1-1,0_HealthyBM2,HBM,4,-1.3174067,-1.13519
AGTTGGTCAGTTTACG-1-1,0_HealthyBM2,HBM,3,-1.3182399,2.0120006
AGTTGGTGTAAACGCG-1-1,0_HealthyBM2,HBM,15,-0.4933599,-1.0936022
ATAACGCAGAAACCTA-1-1,0_HealthyBM2,HBM,3,1.154288,0.17040156
ATAACGCAGCTCCTCT-1-1,0_HealthyBM2,HBM,8,-2.352399,-0.78557235
ATAACGCGTCTGCGGT-1-1,0_HealthyBM2,HBM,15,-2.2297533,-1.780499
ATAACGCGTGTGGTTT-1-1,0_HealthyBM2,HBM,3,-2.018432,0.120482795
ATAACGCTCATCGCTC-1-1,0_HealthyBM2,HBM,0,11.057391,2.832798
ATAACGCTCATCTGTT-1-1,0_HealthyBM2,HBM,9,1.6899365,0.56961924
ATAACGCTCTACCAGA-1-1,0_HealthyBM2,HBM,3,-1.4759026,0.6470918
ATAAGAGAGCTGTTCA-1-1,0_HealthyBM2,HBM,9,5.957669,1.1923965
ATAAGAGAGGCTAGCA-1-1,0_HealthyBM2,HBM,3,-1.3991256,2.797578
ATAAGAGAGGCTCATT-1-1,0_HealthyBM2,HBM,6,1.3777745,-2.9135714
ATAAGAGCAGTACACT-1-1,0_HealthyBM2,HBM,7,-4.5534744,2.3385403
ATAAGAGTCGTTACAG-1-1,0_HealthyBM2,HBM,5,-1.7256122,1.7773001
ATAAGAGTCTCTTGAT-1-1,0_HealthyBM2,HBM,3,-0.95708317,0.28398192
ATAAGAGTCTGCTGTC-1-1,0_HealthyBM2,HBM,6,0.5832128,-0.9565415
ATAGACCAGTGCCAGA-1-1,0_HealthyBM2,HBM,9,5.1951194,0.7076067
ATAGACCGTACAGTGG-1-1,0_HealthyBM2,HBM,1,7.6656947,0.041870464
ATAGACCGTCCAACTA-1-1,0_HealthyBM2,HBM,3,-0.7260308,-0.28060308
ATCACGAAGCTGTCTA-1-1,0_HealthyBM2,HBM,6,0.31666884,-2.4093046
ATCACGACATGCAACT-1-1,0_HealthyBM2,HBM,8,-3.134617,0.46877596
ATCACGACATTTCACT-1-1,0_HealthyBM2,HBM,6,1.0056498,-1.6141974
ATCACGAGTCCGAAGA-1-1,0_HealthyBM2,HBM,11,5.545907,-3.1626306
ATCATCTAGCCCAATT-1-1,0_HealthyBM2,HBM,6,0.855676,-2.2966123
ATCATCTAGCCCAGCT-1-1,0_HealthyBM2,HBM,6,0.59646547,-2.5694237
ATCATGGAGAAACGAG-1-1,0_HealthyBM2,HBM,9,4.630201,0.32273158
ATCATGGAGGTGTTAA-1-1,0_HealthyBM2,HBM,6,0.8751812,-1.3564967
ATCATGGAGTGAACAT-1-1,0_HealthyBM2,HBM,1,7.0605164,0.06493008
ATCATGGCAAGTCATC-1-1,0_HealthyBM2,HBM,3,0.14662534,0.09913651
ATCATGGCAATGGAGC-1-1,0_HealthyBM2,HBM,6,0.104986124,-1.9327334
ATCATGGCACGAAACG-1-1,0_HealthyBM2,HBM,11,4.7438765,-3.5953407
ATCATGGCAGGTGCCT-1-1,0_HealthyBM2,HBM,7,-4.135886,1.6079282
ATCATGGGTAAACCTC-1-1,0_HealthyBM2,HBM,6,0.3165678,-2.0864584
ATCATGGGTGTAACGG-1-1,0_HealthyBM2,HBM,4,-2.000467,-1.156195
ATCATGGTCAAACAAG-1-1,0_HealthyBM2,HBM,5,-0.8327187,0.7178571
ATCATGGTCAGGTTCA-1-1,0_HealthyBM2,HBM,14,8.374812,-3.5342848
ATCATGGTCTTCGAGA-1-1,0_HealthyBM2,HBM,0,11.768978,1.8667328
ATCCACCAGCGATTCT-1-1,0_HealthyBM2,HBM,7,-4.204864,-0.0047914204
ATCCACCAGTACGATA-1-1,0_HealthyBM2,HBM,9,3.9326355,-0.18989493
ATCCACCAGTCTTGCA-1-1,0_HealthyBM2,HBM,6,0.85149634,-1.5933949
ATCCACCCAATGGAGC-1-1,0_HealthyBM2,HBM,3,-1.1732422,3.2059627
ATCCACCCATAGACTC-1-1,0_HealthyBM2,HBM,6,0.9503943,-1.763143
ATCCACCGTCCGAAGA-1-1,0_HealthyBM2,HBM,4,-1.8776273,-3.132264
ATCCACCGTCTGCGGT-1-1,0_HealthyBM2,HBM,3,-0.7919511,1.0955515
ATCCACCTCTGTTTGT-1-1,0_HealthyBM2,HBM,8,-1.8130937,-0.5410306
ATCCGAAGTCTAGCGC-1-1,0_HealthyBM2,HBM,15,-2.2885687,-1.988826
ATCCGAAGTTGATTCG-1-1,0_HealthyBM2,HBM,5,-0.20493445,-0.280257
ATCGAGTAGGCAATTA-1-1,0_HealthyBM2,HBM,6,0.5944472,-1.4820396
ATCGAGTCACCTATCC-1-1,0_HealthyBM2,HBM,7,-5.2568426,1.2594202
ATCGAGTGTATAAACG-1-1,0_HealthyBM2,HBM,1,6.741188,-0.23236944
ATCTACTAGACAAAGG-1-1,0_HealthyBM2,HBM,6,2.1007469,-2.0906527
ATCTACTAGCCAGTAG-1-1,0_HealthyBM2,HBM,11,3.9104507,-1.4524119
ATCTACTAGTGTCTCA-1-1,0_HealthyBM2,HBM,9,5.1434603,0.6016249
ATCTACTAGTTAACGA-1-1,0_HealthyBM2,HBM,9,4.543052,-0.27664387
ATCTACTCAATGACCT-1-1,0_HealthyBM2,HBM,14,8.459369,-1.433802
ATCTACTCAGCTATTG-1-1,0_HealthyBM2,HBM,11,4.917695,-3.1904674
ATCTACTCAGGACGTA-1-1,0_HealthyBM2,HBM,9,5.077793,0.8763459
ATCTACTCATGCAATC-1-1,0_HealthyBM2,HBM,15,-2.3709078,-1.8929449
ATCTACTGTGCAACGA-1-1,0_HealthyBM2,HBM,1,7.063618,-1.0706617
ATCTACTGTGCGCTTG-1-1,0_HealthyBM2,HBM,4,-1.713445,-2.9238882
ATCTACTTCAGATAAG-1-1,0_HealthyBM2,HBM,5,-0.18708222,1.4348441
ATCTACTTCCATGCTC-1-1,0_HealthyBM2,HBM,7,-4.885337,2.6657498
ATCTGCCCAACTGCGC-1-1,0_HealthyBM2,HBM,3,-0.33198562,1.1294131
ATCTGCCCAGATGAGC-1-1,0_HealthyBM2,HBM,9,5.5710683,1.1741269
ATCTGCCGTAGTACCT-1-1,0_HealthyBM2,HBM,9,5.478938,-0.907526
ATCTGCCGTCACAAGG-1-1,0_HealthyBM2,HBM,3,-1.7344279,0.023452437
ATCTGCCGTCAGATAA-1-1,0_HealthyBM2,HBM,0,10.401429,1.7068404
ATCTGCCGTCAGTGGA-1-1,0_HealthyBM2,HBM,7,-4.9489174,0.6437167
ATCTGCCGTCCCTACT-1-1,0_HealthyBM2,HBM,7,-4.10791,-0.7738411
ATCTGCCTCCCGGATG-1-1,0_HealthyBM2,HBM,0,10.678347,1.8312413
ATGAGGGCACAGCCCA-1-1,0_HealthyBM2,HBM,4,-1.9278958,-3.5656192
ATGAGGGTCCTGCCAT-1-1,0_HealthyBM2,HBM,9,4.8127337,-0.1636278
ATGCGATAGTACATGA-1-1,0_HealthyBM2,HBM,11,4.992744,-1.9342068
ATGCGATAGTGGGCTA-1-1,0_HealthyBM2,HBM,3,-0.514662,0.25662974
ATGCGATGTTCTCATT-1-1,0_HealthyBM2,HBM,4,-0.93244743,-1.841912
ATGGGAGAGAATAGGG-1-1,0_HealthyBM2,HBM,3,-0.54080135,3.0668397
ATGGGAGCAGCTCCGA-1-1,0_HealthyBM2,HBM,3,-2.1761215,2.333874
ATGGGAGGTTACCGAT-1-1,0_HealthyBM2,HBM,10,8.452749,2.492372
ATGTGTGAGCGGCTTC-1-1,0_HealthyBM2,HBM,3,-2.9002228,1.3437599
ATGTGTGCAAGTCTGT-1-1,0_HealthyBM2,HBM,3,-1.043485,1.6293359
ATGTGTGCACCACCAG-1-1,0_HealthyBM2,HBM,3,-0.2815221,0.5158837
ATGTGTGGTAAGGATT-1-1,0_HealthyBM2,HBM,1,7.413742,-0.543897
ATGTGTGGTTAGATGA-1-1,0_HealthyBM2,HBM,5,-0.8539566,0.14084975
ATGTGTGTCTGTACGA-1-1,0_HealthyBM2,HBM,15,-2.333961,-2.4236321
ATTACTCAGACTAAGT-1-1,0_HealthyBM2,HBM,7,-3.3886473,-0.6619886
ATTACTCAGCACGCCT-1-1,0_HealthyBM2,HBM,3,-1.7046854,-0.077313505
ATTACTCAGCGCTTAT-1-1,0_HealthyBM2,HBM,1,7.416234,-0.44546306
ATTACTCAGTAGGTGC-1-1,0_HealthyBM2,HBM,1,7.1970987,0.47881967
ATTACTCCACGGTGTC-1-1,0_HealthyBM2,HBM,15,-2.4779892,-1.6497495
ATTACTCCAGTTCATG-1-1,0_HealthyBM2,HBM,3,-1.518157,-0.20602272
ATTACTCGTAAAGGAG-1-1,0_HealthyBM2,HBM,14,8.482588,-3.341324
ATTACTCGTCGCGTGT-1-1,0_HealthyBM2,HBM,3,2.3006656,-0.49165693
ATTACTCGTTCAGTAC-1-1,0_HealthyBM2,HBM,7,-4.5796385,1.7162526
ATTACTCTCACCTCGT-1-1,0_HealthyBM2,HBM,3,-2.9178038,2.8586545
ATTACTCTCCCAAGAT-1-1,0_HealthyBM2,HBM,3,-1.6786054,3.5970583
ATTACTCTCCTAGTGA-1-1,0_HealthyBM2,HBM,15,-2.598863,-1.7635666
ATTATCCAGCTAACAA-1-1,0_HealthyBM2,HBM,8,-2.377386,-0.03825062
ATTATCCAGGCAAAGA-1-1,0_HealthyBM2,HBM,3,-1.2463771,4.134082
ATTATCCAGTTGCAGG-1-1,0_HealthyBM2,HBM,9,6.482515,0.19531377
ATTATCCCAGGTCTCG-1-1,0_HealthyBM2,HBM,7,-4.64032,0.48235947
ATTATCCCAGTTCCCT-1-1,0_HealthyBM2,HBM,7,-4.5800176,2.6354012
ATTATCCCATCGACGC-1-1,0_HealthyBM2,HBM,0,11.893703,1.6995966
ATTATCCCATTCCTCG-1-1,0_HealthyBM2,HBM,3,-0.7109263,0.9015144
ATTATCCGTAACGACG-1-1,0_HealthyBM2,HBM,15,-2.0596402,-0.4729324
ATTATCCTCCAGAGGA-1-1,0_HealthyBM2,HBM,0,10.708894,2.393149
ATTCTACAGCTACCGC-1-1,0_HealthyBM2,HBM,3,-0.17963184,1.7267182
ATTCTACAGTTCGCAT-1-1,0_HealthyBM2,HBM,7,-3.2001312,-0.6856253
ATTCTACCAATCTGCA-1-1,0_HealthyBM2,HBM,9,5.72754,0.4749203
ATTCTACTCATACGGT-1-1,0_HealthyBM2,HBM,4,-2.4590592,-0.1860515
ATTCTACTCTTGAGGT-1-1,0_HealthyBM2,HBM,9,5.815071,1.1848903
ATTGGACCAATGGATA-1-1,0_HealthyBM2,HBM,0,9.68473,0.90489787
ATTGGACCACATGTGT-1-1,0_HealthyBM2,HBM,7,-6.0579677,0.46105087
ATTGGACCATGGTTGT-1-1,0_HealthyBM2,HBM,3,-1.7041577,1.3300364
ATTGGACGTCGCGTGT-1-1,0_HealthyBM2,HBM,14,8.733043,-3.8061745
ATTGGACTCAACCAAC-1-1,0_HealthyBM2,HBM,7,-5.163224,0.43998948
ATTGGTGAGACACGAC-1-1,0_HealthyBM2,HBM,6,1.2258415,-0.78976226
ATTGGTGGTACCAGTT-1-1,0_HealthyBM2,HBM,8,-2.4282935,-0.4403239
ATTGGTGGTATCAGTC-1-1,0_HealthyBM2,HBM,11,5.1015573,-3.2305074
ATTTCTGAGGCCATAG-1-1,0_HealthyBM2,HBM,4,-1.9949837,-0.40193295
ATTTCTGGTACGCACC-1-1,0_HealthyBM2,HBM,3,0.09836976,0.83197796
ATTTCTGTCACCCGAG-1-1,0_HealthyBM2,HBM,6,0.35664245,-0.91943055
ATTTCTGTCATCATTC-1-1,0_HealthyBM2,HBM,9,3.5506337,0.13318302
CAACCAAAGCAAATCA-1-1,0_HealthyBM2,HBM,15,-1.6898079,-2.325897
CAACCAACAATGGAGC-1-1,0_HealthyBM2,HBM,4,-1.5515721,-3.2750406
CAACCAACACTCGACG-1-1,0_HealthyBM2,HBM,15,-2.4086444,-2.0629017
CAACCAAGTCATATGC-1-1,0_HealthyBM2,HBM,15,-2.4386694,-2.1754854
CAACCAAGTCCCTACT-1-1,0_HealthyBM2,HBM,10,8.380485,2.937467
CAACCAAGTGAGCGAT-1-1,0_HealthyBM2,HBM,14,8.519274,-3.80897
CAACCAATCCGGCACA-1-1,0_HealthyBM2,HBM,7,-5.1805844,-0.32264742
CAACCAATCTGCAAGT-1-1,0_HealthyBM2,HBM,6,0.57591444,-1.3719016
CAACCAATCTGCGTAA-1-1,0_HealthyBM2,HBM,11,4.4467516,-3.2315166
CAACCTCAGTGCCAGA-1-1,0_HealthyBM2,HBM,3,-0.45594868,1.7694007
CAACCTCCAGGAATGC-1-1,0_HealthyBM2,HBM,9,3.961622,-0.26615134
CAACCTCGTACCGCTG-1-1,0_HealthyBM2,HBM,2,6.579457,3.1575136
CAACCTCTCCGCGGTA-1-1,0_HealthyBM2,HBM,3,-0.53504705,0.057212148
CAACTAGAGAGAACAG-1-1,0_HealthyBM2,HBM,3,0.29895967,1.5604719
CAACTAGAGCTGTTCA-1-1,0_HealthyBM2,HBM,3,-1.1576743,1.8312193
CAACTAGAGTCTCGGC-1-1,0_HealthyBM2,HBM,4,-1.0503091,-3.283061
CAACTAGAGTGCAAGC-1-1,0_HealthyBM2,HBM,3,-2.3265023,2.66362
CAACTAGCAGCTGCTG-1-1,0_HealthyBM2,HBM,3,-1.5310675,0.13366303
CAACTAGCATTACCTT-1-1,0_HealthyBM2,HBM,3,-0.8671082,-0.6314818
CAACTAGGTCCTCCAT-1-1,0_HealthyBM2,HBM,0,10.693888,2.261542
CAACTAGGTGTGCCTG-1-1,0_HealthyBM2,HBM,4,-2.331282,-3.3050911
CAACTAGTCACATGCA-1-1,0_HealthyBM2,HBM,3,-2.7185183,3.0760052
CAACTAGTCTTACCGC-1-1,0_HealthyBM2,HBM,14,9.857768,-1.2181786
CAAGAAAAGCCCAGCT-1-1,0_HealthyBM2,HBM,8,-2.5283651,0.38426507
CAAGAAACAATCGGTT-1-1,0_HealthyBM2,HBM,4,-2.7511141,1.9237245
CAAGAAACAGCGAACA-1-1,0_HealthyBM2,HBM,9,5.4851975,0.9314659
CAAGAAAGTGTTAAGA-1-1,0_HealthyBM2,HBM,9,5.8735323,0.7625936
CAAGAAATCAAGCCTA-1-1,0_HealthyBM2,HBM,3,-2.4803114,2.1480663
CAAGAAATCAGCTCTC-1-1,0_HealthyBM2,HBM,9,4.3799763,0.41249275
CAAGAAATCAGCTGGC-1-1,0_HealthyBM2,HBM,6,-0.071496464,-1.6598657
CAAGAAATCGTTACGA-1-1,0_HealthyBM2,HBM,3,-3.123062,2.6225445
CAAGAAATCTGGCGAC-1-1,0_HealthyBM2,HBM,3,-3.7315378,3.1107347
CAAGATCAGCCACTAT-1-1,0_HealthyBM2,HBM,8,-2.5176952,-0.26904166
CAAGATCCAAGTCTAC-1-1,0_HealthyBM2,HBM,14,9.719624,-1.7097555
CAAGATCGTCCGTTAA-1-1,0_HealthyBM2,HBM,14,8.933514,-3.8827257
CAAGATCGTTCTCATT-1-1,0_HealthyBM2,HBM,3,-2.2316306,2.8612626
CAAGATCTCGCACTCT-1-1,0_HealthyBM2,HBM,8,-2.3650563,-1.003679
CAAGGCCAGTACGTAA-1-1,0_HealthyBM2,HBM,6,1.938263,-1.4188554
CAAGGCCCAGGCGATA-1-1,0_HealthyBM2,HBM,7,-4.068119,0.29152068
CAAGGCCTCACCCGAG-1-1,0_HealthyBM2,HBM,11,4.3042474,-2.218195
CAAGGCCTCGGTGTCG-1-1,0_HealthyBM2,HBM,7,-4.6466928,0.18025723
CAAGGCCTCTTTACGT-1-1,0_HealthyBM2,HBM,3,-1.4681485,0.57852787
CAAGTTGAGCACACAG-1-1,0_HealthyBM2,HBM,7,-4.57007,2.8332238
CAAGTTGAGGGTTTCT-1-1,0_HealthyBM2,HBM,9,5.734959,-0.569936
CAAGTTGAGGTAAACT-1-1,0_HealthyBM2,HBM,1,8.052751,0.64633346
CAAGTTGCAAACTGCT-1-1,0_HealthyBM2,HBM,9,4.4396124,1.2395302
CAAGTTGCACGGTTTA-1-1,0_HealthyBM2,HBM,6,0.96428204,-3.2596085
CAAGTTGCATCGGGTC-1-1,0_HealthyBM2,HBM,7,-3.554691,0.10993524
CAAGTTGGTGATGTGG-1-1,0_HealthyBM2,HBM,3,-3.0050414,1.7090003
CAAGTTGTCAGAAATG-1-1,0_HealthyBM2,HBM,9,4.178623,-0.87410164
CAAGTTGTCAGTTTGG-1-1,0_HealthyBM2,HBM,4,-2.934175,-2.5677395
CACAAACCATGGAATA-1-1,0_HealthyBM2,HBM,4,-2.76378,-2.763833
CACAAACGTAGCGATG-1-1,0_HealthyBM2,HBM,7,-4.9388185,-0.29077014
CACACAAAGAAACGCC-1-1,0_HealthyBM2,HBM,3,-2.981792,3.0033886
CACACAAAGATCACGG-1-1,0_HealthyBM2,HBM,5,-0.15504134,0.4531872
CACACAAAGCACAGGT-1-1,0_HealthyBM2,HBM,14,8.36358,-3.623657
CACACAAAGCCAGTTT-1-1,0_HealthyBM2,HBM,3,-2.8807044,2.7948382
CACACAAAGCCCGAAA-1-1,0_HealthyBM2,HBM,14,8.600259,-3.9091015
CACACAAAGGAACTGC-1-1,0_HealthyBM2,HBM,3,-1.2396655,-0.009261489
CACACAACAGCCTTTC-1-1,0_HealthyBM2,HBM,3,-1.8856082,2.8221152
CACACAACAGGTTTCA-1-1,0_HealthyBM2,HBM,11,4.473881,-4.0427303
CACACAAGTAAGGATT-1-1,0_HealthyBM2,HBM,9,5.2401743,0.8270007
CACACAAGTGCCTGTG-1-1,0_HealthyBM2,HBM,4,-2.875995,2.366702
CACACAAGTGTTTGTG-1-1,0_HealthyBM2,HBM,3,0.041119173,-0.14356011
CACACCTAGACGCTTT-1-1,0_HealthyBM2,HBM,3,-0.6849294,0.43574798
CACACCTAGATAGTCA-1-1,0_HealthyBM2,HBM,7,-5.87148,-0.31453365
CACACCTCAAGTTAAG-1-1,0_HealthyBM2,HBM,3,-1.6262263,1.0679939
CACACCTCACGGACAA-1-1,0_HealthyBM2,HBM,3,-1.9384956,3.0754883
CACACCTCACGGTAGA-1-1,0_HealthyBM2,HBM,1,7.4631686,0.22292407
CACACCTCACTACAGT-1-1,0_HealthyBM2,HBM,3,0.08908883,-0.07733198
CACACCTCAGCTATTG-1-1,0_HealthyBM2,HBM,0,10.6441555,2.3079433
CACACCTCATCGATGT-1-1,0_HealthyBM2,HBM,3,-2.114861,2.747857
CACACCTCATCGGTTA-1-1,0_HealthyBM2,HBM,7,-3.6689854,-0.4837321
CACACCTGTACCAGTT-1-1,0_HealthyBM2,HBM,3,0.6033895,0.6708814
CACACCTGTTCCACGG-1-1,0_HealthyBM2,HBM,3,1.2189841,0.49440378
CACACCTTCTCTTGAT-1-1,0_HealthyBM2,HBM,15,-2.9357047,-1.0109608
CACACTCAGAAGCCCA-1-1,0_HealthyBM2,HBM,7,-4.492601,2.4707365
CACACTCAGTGCCAGA-1-1,0_HealthyBM2,HBM,3,-0.387745,-0.47440687
CACACTCCAATACGCT-1-1,0_HealthyBM2,HBM,6,0.8747739,-3.0271425
CACACTCCAGCGTTCG-1-1,0_HealthyBM2,HBM,6,0.43782273,-0.94114274
CACACTCGTATAATGG-1-1,0_HealthyBM2,HBM,14,8.943389,-3.4258516
CACACTCGTGCCTGTG-1-1,0_HealthyBM2,HBM,0,10.928284,2.8748114
CACACTCTCCCGGATG-1-1,0_HealthyBM2,HBM,7,-4.078682,0.721082
CACACTCTCGGCGCAT-1-1,0_HealthyBM2,HBM,0,10.922586,2.1581938
CACAGGCAGAGCAATT-1-1,0_HealthyBM2,HBM,9,4.6983113,0.74587774
CACAGGCAGAGCTGCA-1-1,0_HealthyBM2,HBM,8,-2.5910616,-0.45717993
CACAGGCAGGCTAGCA-1-1,0_HealthyBM2,HBM,6,0.8692434,-0.7799582
CACAGGCAGTTAAGTG-1-1,0_HealthyBM2,HBM,3,-1.4307855,0.5205858
CACAGGCCACATTAGC-1-1,0_HealthyBM2,HBM,7,-4.6795235,-0.195144
CACAGGCCAGGGTATG-1-1,0_HealthyBM2,HBM,3,-1.7844634,1.8257353
CACAGGCTCACTTACT-1-1,0_HealthyBM2,HBM,15,-2.5980353,1.229104
CACAGGCTCAGGCGAA-1-1,0_HealthyBM2,HBM,3,-0.5891823,1.824148
CACAGTAAGAGGGATA-1-1,0_HealthyBM2,HBM,1,8.378147,-0.9256907
CACAGTAAGGCCCGTT-1-1,0_HealthyBM2,HBM,8,-2.6124136,1.0622772
CACAGTAAGTGGTAGC-1-1,0_HealthyBM2,HBM,14,6.8882666,-2.4482126
CACAGTACAGATGAGC-1-1,0_HealthyBM2,HBM,9,5.711594,0.97009474
CACAGTACATGTTCCC-1-1,0_HealthyBM2,HBM,1,7.251997,0.4608524
CACAGTAGTTAAGACA-1-1,0_HealthyBM2,HBM,4,-1.9315592,-2.587647
CACAGTAGTTCCGGCA-1-1,0_HealthyBM2,HBM,9,5.709624,0.01806323
CACAGTATCGTTTGCC-1-1,0_HealthyBM2,HBM,3,-3.1936777,2.6990268
CACATAGAGAATGTTG-1-1,0_HealthyBM2,HBM,7,-5.0305924,0.6304518
CACATAGAGATCCTGT-1-1,0_HealthyBM2,HBM,3,0.1548759,-0.13293844
CACATAGCACCCATGG-1-1,0_HealthyBM2,HBM,6,0.43444288,-2.000773
CACATAGCATCTCGCT-1-1,0_HealthyBM2,HBM,15,-1.920591,-1.445468
CACATAGGTATGGTTC-1-1,0_HealthyBM2,HBM,14,8.17324,-2.8639605
CACATAGGTTGGTGGA-1-1,0_HealthyBM2,HBM,7,-4.443925,0.14093243
CACATTTAGAGACGAA-1-1,0_HealthyBM2,HBM,3,1.8165685,0.063386686
CACATTTAGATAGGAG-1-1,0_HealthyBM2,HBM,3,0.38907513,0.30737683
CACATTTAGCCAGTTT-1-1,0_HealthyBM2,HBM,1,7.5128374,-0.30770966
CACATTTAGGAGCGAG-1-1,0_HealthyBM2,HBM,3,-1.3664589,-0.28093544
CACATTTAGGATTCGG-1-1,0_HealthyBM2,HBM,7,-4.328344,-0.9889321
CACATTTGTCCGAATT-1-1,0_HealthyBM2,HBM,7,-4.6561236,3.0672543
CACATTTGTCTAACGT-1-1,0_HealthyBM2,HBM,7,-4.183376,0.9862943
CACCACTAGAAACCTA-1-1,0_HealthyBM2,HBM,7,-5.4250655,0.038927194
CACCACTGTATCAGTC-1-1,0_HealthyBM2,HBM,3,0.8190817,0.70897037
CACCAGGAGGGTGTGT-1-1,0_HealthyBM2,HBM,6,0.40695184,-1.6379106
CACCAGGCAATCCGAT-1-1,0_HealthyBM2,HBM,14,8.929875,-2.405186
CACCAGGCAGGAATGC-1-1,0_HealthyBM2,HBM,3,-1.8897558,0.6829452
CACCAGGGTAAATACG-1-1,0_HealthyBM2,HBM,6,1.7208513,-0.6701333
CACCAGGGTCTCCACT-1-1,0_HealthyBM2,HBM,3,-1.4149839,2.6228771
CACCAGGGTTGATTCG-1-1,0_HealthyBM2,HBM,14,6.350353,-3.1391795
CACCAGGTCGTTTAGG-1-1,0_HealthyBM2,HBM,3,-1.4281986,2.7330186
CACCAGGTCTTTACGT-1-1,0_HealthyBM2,HBM,6,1.1218328,-3.2469893
CACCTTGAGAATTCCC-1-1,0_HealthyBM2,HBM,6,0.65835404,0.32837126
CACCTTGAGTGAATTG-1-1,0_HealthyBM2,HBM,3,-1.032171,-0.68203866
CACCTTGCAATGTTGC-1-1,0_HealthyBM2,HBM,3,-0.4934978,2.1722915
CACCTTGCAATTCCTT-1-1,0_HealthyBM2,HBM,3,-2.0111034,0.83014816
CACCTTGCACTTCGAA-1-1,0_HealthyBM2,HBM,3,-1.9597362,2.2315974
CACCTTGCAGACTCGC-1-1,0_HealthyBM2,HBM,3,-0.44613352,0.066769786
CACCTTGCATCACAAC-1-1,0_HealthyBM2,HBM,4,-1.5437794,-1.7807246
CACCTTGTCCTGTAGA-1-1,0_HealthyBM2,HBM,8,-1.9881276,2.8159258
CACTCCAAGGTGTTAA-1-1,0_HealthyBM2,HBM,6,1.016172,-0.9828311
CACTCCACATGTTGAC-1-1,0_HealthyBM2,HBM,3,-1.2731508,0.0034393985
CACTCCAGTCATCCCT-1-1,0_HealthyBM2,HBM,0,11.706304,1.5391252
CAGAATCAGACAATAC-1-1,0_HealthyBM2,HBM,14,7.698725,-2.038984
CAGAATCAGGTGCAAC-1-1,0_HealthyBM2,HBM,3,-0.41663504,-0.4803744
CAGAATCTCACCTCGT-1-1,0_HealthyBM2,HBM,3,0.62344956,1.4805409
CAGAATCTCATGCATG-1-1,0_HealthyBM2,HBM,3,-1.5987885,0.24419262
CAGAGAGAGCTCCTCT-1-1,0_HealthyBM2,HBM,3,0.86160296,-0.1492041
CAGAGAGCAAGCCTAT-1-1,0_HealthyBM2,HBM,3,-0.659959,1.6547328
CAGAGAGCAGATCGGA-1-1,0_HealthyBM2,HBM,3,1.4671632,1.3315204
CAGAGAGGTCCCTTGT-1-1,0_HealthyBM2,HBM,3,-0.30628666,1.7003464
CAGAGAGGTCGCTTTC-1-1,0_HealthyBM2,HBM,0,11.83376,2.9735813
CAGAGAGGTCGGCACT-1-1,0_HealthyBM2,HBM,6,-0.029167494,-0.98085755
CAGAGAGGTCTTGTCC-1-1,0_HealthyBM2,HBM,1,7.5688405,0.24701369
CAGAGAGGTTCCATGA-1-1,0_HealthyBM2,HBM,6,0.6747864,-0.84351677
CAGATCAAGAACAACT-1-1,0_HealthyBM2,HBM,0,9.542357,1.2498448
CAGATCAAGGTAGCTG-1-1,0_HealthyBM2,HBM,9,6.2497625,0.5817954
CAGATCAAGTCCGTAT-1-1,0_HealthyBM2,HBM,9,4.3047385,-0.22799209
CAGATCACAGTTCCCT-1-1,0_HealthyBM2,HBM,4,-1.4022242,-3.504296
CAGATCAGTTGCGCAC-1-1,0_HealthyBM2,HBM,1,8.275952,-1.4495339
CAGATCATCAAAGACA-1-1,0_HealthyBM2,HBM,7,-4.62809,1.4121492
CAGATCATCCAATGGT-1-1,0_HealthyBM2,HBM,14,9.391116,-2.3807762
CAGCAGCCACCCAGTG-1-1,0_HealthyBM2,HBM,7,-4.3662205,-1.0293449
CAGCAGCCATTAACCG-1-1,0_HealthyBM2,HBM,14,8.328555,-3.1796153
CAGCAGCGTACAGCAG-1-1,0_HealthyBM2,HBM,14,8.85157,-3.5123065
CAGCAGCTCAGAGCTT-1-1,0_HealthyBM2,HBM,0,9.828454,2.7686198
CAGCAGCTCGCTAGCG-1-1,0_HealthyBM2,HBM,6,0.94401515,-2.6180341
CAGCATAAGCGATTCT-1-1,0_HealthyBM2,HBM,4,-3.0136893,-2.3020165
CAGCATACAATGACCT-1-1,0_HealthyBM2,HBM,9,5.1416454,-0.17448077
CAGCATATCATCGATG-1-1,0_HealthyBM2,HBM,3,-0.23104566,1.273543
CAGCCGAAGAGTCTGG-1-1,0_HealthyBM2,HBM,4,-1.3878872,-2.2322264
CAGCCGAAGCCACTAT-1-1,0_HealthyBM2,HBM,9,6.2429695,0.8467286
CAGCCGAAGTCTTGCA-1-1,0_HealthyBM2,HBM,6,0.9678011,-2.0116577
CAGCCGAGTAAAGGAG-1-1,0_HealthyBM2,HBM,4,-1.7640221,-3.665943
CAGCCGAGTAGTAGTA-1-1,0_HealthyBM2,HBM,15,-3.10318,-1.0968928
CAGCCGAGTGTGTGCC-1-1,0_HealthyBM2,HBM,1,8.240538,0.6041849
CAGCCGATCACATAGC-1-1,0_HealthyBM2,HBM,7,-4.386461,1.0369838
CAGCGACAGCTAACTC-1-1,0_HealthyBM2,HBM,14,8.777783,-3.7793844
CAGCGACGTAATTGGA-1-1,0_HealthyBM2,HBM,7,-4.7112336,0.5922089
CAGCGACGTTGTACAC-1-1,0_HealthyBM2,HBM,9,6.274582,0.62350214
CAGCGACTCAATCTCT-1-1,0_HealthyBM2,HBM,1,7.4830146,0.105315484
CAGCGACTCACAAACC-1-1,0_HealthyBM2,HBM,0,9.706104,2.637181
CAGCGACTCAGCGATT-1-1,0_HealthyBM2,HBM,4,-1.7568572,-1.2773947
CAGCGACTCGCCTGAG-1-1,0_HealthyBM2,HBM,3,-0.7371296,-0.8308807
CAGCGACTCGCGGATC-1-1,0_HealthyBM2,HBM,3,0.73033774,-0.3898611
CAGCGACTCTCTAAGG-1-1,0_HealthyBM2,HBM,6,1.3240805,-1.658494
CAGCTAAAGCCACGCT-1-1,0_HealthyBM2,HBM,6,1.0845817,-2.1739824
CAGCTAAAGTTAGCGG-1-1,0_HealthyBM2,HBM,4,-1.7994803,-3.7125125
CAGCTAACAAGCGCTC-1-1,0_HealthyBM2,HBM,3,-1.0884956,-0.2686556
CAGCTAACACATTAGC-1-1,0_HealthyBM2,HBM,14,8.073998,-3.0412664
CAGCTAACAGCCACCA-1-1,0_HealthyBM2,HBM,15,-2.5904891,-2.0082293
CAGCTAATCACAGTAC-1-1,0_HealthyBM2,HBM,3,-0.9580672,0.3028785
CAGCTAATCTGTTGAG-1-1,0_HealthyBM2,HBM,15,-2.7735217,-1.3357917
CAGCTGGAGCAACGGT-1-1,0_HealthyBM2,HBM,3,-2.4123366,1.1541095
CAGCTGGCAAACCTAC-1-1,0_HealthyBM2,HBM,3,-0.99847215,0.3156083
CAGCTGGCACATCCAA-1-1,0_HealthyBM2,HBM,1,7.853243,0.75015944
CAGCTGGCACGCTTTC-1-1,0_HealthyBM2,HBM,3,-0.85788935,0.2543237
CAGCTGGGTATTACCG-1-1,0_HealthyBM2,HBM,8,-1.2351878,-1.4055259
CAGCTGGGTATTCTCT-1-1,0_HealthyBM2,HBM,14,8.14031,-3.5810668
CAGCTGGGTCTCATCC-1-1,0_HealthyBM2,HBM,10,8.343616,3.1215622
CAGCTGGGTCTCCACT-1-1,0_HealthyBM2,HBM,0,11.246795,1.4775153
CAGCTGGTCCTCAATT-1-1,0_HealthyBM2,HBM,9,3.1712704,-0.016845683
CAGCTGGTCTAACCGA-1-1,0_HealthyBM2,HBM,3,-1.7432816,0.2694468
CAGGTGCAGCATCATC-1-1,0_HealthyBM2,HBM,0,10.6265335,2.804067
CAGGTGCAGCTAGTCT-1-1,0_HealthyBM2,HBM,6,0.15629083,-1.2599792
CAGGTGCAGTGTCCAT-1-1,0_HealthyBM2,HBM,4,-2.4440858,-0.11166806
CAGGTGCCACCACCAG-1-1,0_HealthyBM2,HBM,3,-2.5006797,2.5348396
CAGGTGCCACCCTATC-1-1,0_HealthyBM2,HBM,3,-1.1949217,0.057861466
CAGGTGCGTCTTTCAT-1-1,0_HealthyBM2,HBM,7,-3.5443828,1.0315579
CAGGTGCTCACAATGC-1-1,0_HealthyBM2,HBM,1,7.7471604,-0.32139263
CAGGTGCTCAGGCAAG-1-1,0_HealthyBM2,HBM,14,8.480726,-3.8108761
CAGGTGCTCCATGAGT-1-1,0_HealthyBM2,HBM,9,5.6023593,1.6739786
CAGGTGCTCCGTAGTA-1-1,0_HealthyBM2,HBM,11,3.862255,-1.7181185
CAGGTGCTCTAACTCT-1-1,0_HealthyBM2,HBM,7,-4.8463407,2.476858
CAGGTGCTCTCCTATA-1-1,0_HealthyBM2,HBM,7,-4.492819,2.5943558
CAGTAACAGGTGATTA-1-1,0_HealthyBM2,HBM,3,0.93444556,0.10893392
CAGTAACCAAGGTGTG-1-1,0_HealthyBM2,HBM,8,-2.4237218,0.8672211
CAGTAACCACCACCAG-1-1,0_HealthyBM2,HBM,9,5.0580025,0.38549474
CAGTAACTCACCAGGC-1-1,0_HealthyBM2,HBM,6,0.74886703,-2.581531
CAGTAACTCAGCGACC-1-1,0_HealthyBM2,HBM,15,-2.627542,-1.1794549
CAGTAACTCTGCTGCT-1-1,0_HealthyBM2,HBM,15,-2.6163673,-2.065951
CAGTCCTAGACGCACA-1-1,0_HealthyBM2,HBM,1,6.3096366,-0.7384473
CAGTCCTAGCCAGGAT-1-1,0_HealthyBM2,HBM,0,10.946988,2.7464387
CAGTCCTAGCCAGTTT-1-1,0_HealthyBM2,HBM,11,4.5826693,-3.070958
CAGTCCTAGGAATGGA-1-1,0_HealthyBM2,HBM,3,1.4691671,0.038348824
CAGTCCTGTAAGAGGA-1-1,0_HealthyBM2,HBM,15,-1.5780017,-0.7097151
CAGTCCTGTTTCCACC-1-1,0_HealthyBM2,HBM,5,0.048904587,1.1197059
CAGTCCTGTTTGCATG-1-1,0_HealthyBM2,HBM,4,-1.9823986,-3.5919998
CAGTCCTTCCACTGGG-1-1,0_HealthyBM2,HBM,7,-4.675636,0.7114734
CAGTCCTTCGCACTCT-1-1,0_HealthyBM2,HBM,3,-1.8555276,3.5107186
CATATGGAGAGGGCTT-1-1,0_HealthyBM2,HBM,14,8.522399,-3.2817187
CATATGGCACCAGGCT-1-1,0_HealthyBM2,HBM,6,0.95486784,-0.8124911
CATATGGCAGTGGAGT-1-1,0_HealthyBM2,HBM,15,-2.4656014,-2.3202589
CATATGGCATTACCTT-1-1,0_HealthyBM2,HBM,4,-2.5212433,-3.2098608
CATATGGGTGGCAAAC-1-1,0_HealthyBM2,HBM,4,-2.7672756,0.8751366
CATATGGTCAACACTG-1-1,0_HealthyBM2,HBM,9,3.4719138,0.02675971
CATATTCAGGACAGCT-1-1,0_HealthyBM2,HBM,7,-4.2819157,1.876356
CATATTCAGTCCCACG-1-1,0_HealthyBM2,HBM,0,11.927621,2.6467857
CATATTCCAAGCGTAG-1-1,0_HealthyBM2,HBM,0,10.858249,1.1537333
CATATTCGTCAGTGGA-1-1,0_HealthyBM2,HBM,1,7.7823677,-0.12176411
CATATTCTCGGAAATA-1-1,0_HealthyBM2,HBM,9,4.758951,0.78680116
CATCAAGAGCTCTCGG-1-1,0_HealthyBM2,HBM,4,-1.4389702,-1.4570581
CATCAAGAGTGAAGAG-1-1,0_HealthyBM2,HBM,0,12.369993,3.0877554
CATCAAGCAAGAAAGG-1-1,0_HealthyBM2,HBM,9,3.6316886,1.7148939
CATCAAGGTCAAAGAT-1-1,0_HealthyBM2,HBM,14,8.147026,-3.475118
CATCAAGGTTTAGGAA-1-1,0_HealthyBM2,HBM,3,-2.07887,0.5126793
CATCAAGTCAGGCGAA-1-1,0_HealthyBM2,HBM,7,-4.543198,0.41916683
CATCAAGTCCTCAACC-1-1,0_HealthyBM2,HBM,1,7.4520664,-0.39238596
CATCAGAAGCTAGGCA-1-1,0_HealthyBM2,HBM,3,-0.0026981186,1.5758755
CATCAGACACCGAATT-1-1,0_HealthyBM2,HBM,6,2.4370463,-0.98497087
CATCAGACACTGTTAG-1-1,0_HealthyBM2,HBM,1,6.8817472,0.7677146
CATCAGACATCACGTA-1-1,0_HealthyBM2,HBM,3,-2.7959018,2.8530517
CATCAGACATCTATGG-1-1,0_HealthyBM2,HBM,9,5.516078,1.0091743
CATCAGAGTGACCAAG-1-1,0_HealthyBM2,HBM,7,-4.9672036,-0.34575924
CATCAGATCACTCTTA-1-1,0_HealthyBM2,HBM,9,5.4151063,0.6843112
CATCAGATCTATCGCC-1-1,0_HealthyBM2,HBM,1,8.184749,0.33362427
CATCCACCAGCCACCA-1-1,0_HealthyBM2,HBM,6,1.0203383,-1.8494244
CATCCACCATGCGCAC-1-1,0_HealthyBM2,HBM,9,4.2345147,-0.16396105
CATCCACGTAGCGTCC-1-1,0_HealthyBM2,HBM,14,8.644014,-3.5514793
CATCCACTCAAGATCC-1-1,0_HealthyBM2,HBM,14,7.334579,-3.2129378
CATCCACTCGAATGGG-1-1,0_HealthyBM2,HBM,0,11.228036,1.743824
CATCGAAAGAAGGCCT-1-1,0_HealthyBM2,HBM,11,4.514335,-2.075184
CATCGAAAGGCTAGGT-1-1,0_HealthyBM2,HBM,4,-1.732414,-1.5151561
CATCGAAAGGGTGTGT-1-1,0_HealthyBM2,HBM,3,-2.0805776,1.6360825
CATCGAAAGTGATCGG-1-1,0_HealthyBM2,HBM,7,-4.494954,1.9160373
CATCGAAGTCAGTGGA-1-1,0_HealthyBM2,HBM,11,4.9579997,-1.991676
CATCGAAGTGACCAAG-1-1,0_HealthyBM2,HBM,9,2.2598164,1.127131
CATCGAAGTGCTTCTC-1-1,0_HealthyBM2,HBM,3,-1.0833526,-0.8320991
CATCGAATCTTGTTTG-1-1,0_HealthyBM2,HBM,9,5.5114565,1.0466598
CATCGGGAGATCCCGC-1-1,0_HealthyBM2,HBM,4,-1.2179352,-2.530555
CATCGGGAGGTGATAT-1-1,0_HealthyBM2,HBM,3,-1.4696013,1.1383443
CATCGGGCACAGGAGT-1-1,0_HealthyBM2,HBM,9,4.149079,-0.19671813
CATCGGGCAGCAGTTT-1-1,0_HealthyBM2,HBM,1,8.594394,-0.05853974
CATCGGGGTACCGTTA-1-1,0_HealthyBM2,HBM,15,-3.3685126,1.0009778
CATGCCTAGACGACGT-1-1,0_HealthyBM2,HBM,4,-2.6785564,1.9323119
CATGCCTAGTCATCCA-1-1,0_HealthyBM2,HBM,7,-4.7241898,2.0542912
CATGCCTCAATGCCAT-1-1,0_HealthyBM2,HBM,9,6.348398,0.11248604
CATGCCTCACCATGTA-1-1,0_HealthyBM2,HBM,4,-1.4952534,-2.3066888
CATGCCTGTCGGGTCT-1-1,0_HealthyBM2,HBM,15,-2.2629673,0.622238
CATGCCTGTCTAACGT-1-1,0_HealthyBM2,HBM,0,12.187167,3.1239412
CATGCCTTCATCACCC-1-1,0_HealthyBM2,HBM,6,0.070411526,-1.4894774
CATGGCGAGATCGGGT-1-1,0_HealthyBM2,HBM,3,1.122379,1.5963745
CATGGCGAGTGAAGAG-1-1,0_HealthyBM2,HBM,14,8.670292,-3.9107723
CATGGCGAGTGCTGCC-1-1,0_HealthyBM2,HBM,9,5.553336,1.1937442
CATGGCGCACGTCAGC-1-1,0_HealthyBM2,HBM,6,0.6137612,-2.2017064
CATGGCGGTACGCTGC-1-1,0_HealthyBM2,HBM,14,7.3778877,-3.805276
CATGGCGGTTACTGAC-1-1,0_HealthyBM2,HBM,7,-3.8093233,-1.0238272
CATGGCGTCCTAAGTG-1-1,0_HealthyBM2,HBM,6,2.5108514,-0.22875449
CATTATCAGAATGTTG-1-1,0_HealthyBM2,HBM,1,7.468428,0.05792482
CATTATCAGTCCATAC-1-1,0_HealthyBM2,HBM,6,0.30043757,-0.9503251
CATTATCCAATGGATA-1-1,0_HealthyBM2,HBM,15,-3.4703538,-0.39520478
CATTATCCAGGCGATA-1-1,0_HealthyBM2,HBM,1,7.8453836,-0.09658334
CATTATCGTCGAGATG-1-1,0_HealthyBM2,HBM,9,3.791861,-0.39741546
CATTATCTCCGCATCT-1-1,0_HealthyBM2,HBM,3,1.7276334,0.9731817
CATTATCTCGGCTACG-1-1,0_HealthyBM2,HBM,3,-0.18604201,-0.658708
CATTCGCCACACCGCA-1-1,0_HealthyBM2,HBM,3,-2.1159163,1.4961194
CATTCGCGTAAACACA-1-1,0_HealthyBM2,HBM,7,-4.147392,-0.78606313
CATTCGCGTATCAGTC-1-1,0_HealthyBM2,HBM,14,8.694755,-3.560593
CATTCGCGTCTAACGT-1-1,0_HealthyBM2,HBM,14,6.936748,-3.3392866
CATTCGCGTGAGTATA-1-1,0_HealthyBM2,HBM,0,11.36171,2.0243847
CATTCGCTCCTATGTT-1-1,0_HealthyBM2,HBM,8,-1.3418652,-1.3833945
CATTCGCTCTGCCCTA-1-1,0_HealthyBM2,HBM,9,4.880807,0.07032147
CCAATCCAGACAGGCT-1-1,0_HealthyBM2,HBM,6,0.61367124,-1.4922174
CCAATCCAGACGCAAC-1-1,0_HealthyBM2,HBM,3,-1.045339,0.57418936
CCAATCCCAACACGCC-1-1,0_HealthyBM2,HBM,15,-2.2419252,1.0688304
CCAATCCCACAGGCCT-1-1,0_HealthyBM2,HBM,7,-4.516538,0.7125906
CCAATCCGTTAGTGGG-1-1,0_HealthyBM2,HBM,9,4.8357344,0.34558544
CCAATCCGTTATCGGT-1-1,0_HealthyBM2,HBM,11,4.4790707,-2.9031556
CCAATCCTCAGTCCCT-1-1,0_HealthyBM2,HBM,15,-2.2873485,-2.195719
CCAATCCTCCCTCTTT-1-1,0_HealthyBM2,HBM,9,6.4177203,0.32086912
CCACCTAAGATCCGAG-1-1,0_HealthyBM2,HBM,11,4.4462247,-3.4631164
CCACCTACACGAAATA-1-1,0_HealthyBM2,HBM,1,7.9190145,-0.756981
CCACCTAGTGCCTGGT-1-1,0_HealthyBM2,HBM,11,3.7112417,-1.7187531
CCACCTAGTGCGAAAC-1-1,0_HealthyBM2,HBM,3,-1.1942805,-0.5607188
CCACCTATCTTGCAAG-1-1,0_HealthyBM2,HBM,8,-2.9712036,-0.7243332
CCACGGAAGAAGGTGA-1-1,0_HealthyBM2,HBM,9,5.237718,0.92867655
CCACGGAAGGATGGAA-1-1,0_HealthyBM2,HBM,9,5.1633854,0.2143325
CCACGGAAGTAATCCC-1-1,0_HealthyBM2,HBM,7,-3.9186742,-0.729723
CCACGGAAGTGGAGTC-1-1,0_HealthyBM2,HBM,3,-1.1545289,3.2931385
CCACGGAGTTATCACG-1-1,0_HealthyBM2,HBM,4,-3.6665075,2.3882482
CCACGGATCACTATTC-1-1,0_HealthyBM2,HBM,7,-5.015599,2.7083378
CCACGGATCGCCTGTT-1-1,0_HealthyBM2,HBM,3,-2.0448349,2.310519
CCACTACAGCTACCGC-1-1,0_HealthyBM2,HBM,8,-1.8855451,0.43392476
CCACTACCAGCTGCTG-1-1,0_HealthyBM2,HBM,0,11.745642,2.3193998
CCACTACGTCTAAACC-1-1,0_HealthyBM2,HBM,3,-1.2594794,1.1507834
CCACTACTCCGAGCCA-1-1,0_HealthyBM2,HBM,3,-0.728464,0.13235019
CCAGCGAAGAGTAAGG-1-1,0_HealthyBM2,HBM,3,-0.00075199676,1.3189111
CCAGCGACAAACCTAC-1-1,0_HealthyBM2,HBM,3,-2.446985,2.9967916
CCAGCGACACATCCGG-1-1,0_HealthyBM2,HBM,1,9.263669,0.21993957
CCAGCGAGTTGCGTTA-1-1,0_HealthyBM2,HBM,9,5.8380895,0.50595266
CCAGCGATCCAGTAGT-1-1,0_HealthyBM2,HBM,4,-3.4771419,1.6528953
CCATGTCAGAAGGACA-1-1,0_HealthyBM2,HBM,6,1.4942982,-0.8193112
CCATGTCAGACTCGGA-1-1,0_HealthyBM2,HBM,4,-0.7486601,-3.077335
CCATGTCAGAGGGATA-1-1,0_HealthyBM2,HBM,9,5.463146,1.2147762
CCATGTCAGGTTACCT-1-1,0_HealthyBM2,HBM,3,-2.9012825,0.9344645
CCATGTCCAATCGAAA-1-1,0_HealthyBM2,HBM,0,11.7968645,1.563673
CCATGTCCAATGAATG-1-1,0_HealthyBM2,HBM,4,-1.5736673,-2.6417246
CCATGTCGTATTACCG-1-1,0_HealthyBM2,HBM,9,4.475279,0.73312
CCATTCGAGATCCGAG-1-1,0_HealthyBM2,HBM,15,-2.0363238,-0.61324173
CCATTCGAGCCGCCTA-1-1,0_HealthyBM2,HBM,14,8.9370985,-2.8745432
CCATTCGCACTATCTT-1-1,0_HealthyBM2,HBM,9,6.1370106,-0.08492854
CCATTCGGTCGCTTTC-1-1,0_HealthyBM2,HBM,14,7.283475,-3.4343784
CCATTCGTCACAAACC-1-1,0_HealthyBM2,HBM,4,-2.6707609,-2.8733602
CCATTCGTCTAACTGG-1-1,0_HealthyBM2,HBM,7,-3.2056355,-1.2781695
CCCAATCAGGCTAGCA-1-1,0_HealthyBM2,HBM,9,5.8262053,1.2256761
CCCAATCAGGTGTGGT-1-1,0_HealthyBM2,HBM,0,11.298288,2.2294052
CCCAATCGTACTCGCG-1-1,0_HealthyBM2,HBM,8,-2.1271365,-0.12827902
CCCAATCGTCACACGC-1-1,0_HealthyBM2,HBM,3,-2.6656094,2.4545763
CCCAATCGTTGAACTC-1-1,0_HealthyBM2,HBM,0,11.005359,2.8398721
CCCAATCGTTGATTCG-1-1,0_HealthyBM2,HBM,7,-4.4299774,2.9007802
CCCAATCTCTCCCTGA-1-1,0_HealthyBM2,HBM,9,3.44875,0.038154043
CCCAGTTAGGGTTCCC-1-1,0_HealthyBM2,HBM,14,7.222048,-3.0923939
CCCAGTTCAAATCCGT-1-1,0_HealthyBM2,HBM,14,6.668405,-3.216302
CCCAGTTTCACCACCT-1-1,0_HealthyBM2,HBM,15,-2.3707995,-1.7984215
CCCATACTCTCGAGTA-1-1,0_HealthyBM2,HBM,11,4.642826,-2.8030531
CCCTCCTAGAGACGAA-1-1,0_HealthyBM2,HBM,6,0.57569754,-1.9041364
CCCTCCTAGCGTGTCC-1-1,0_HealthyBM2,HBM,5,-1.5896059,0.33426356
CCCTCCTCACGGTGTC-1-1,0_HealthyBM2,HBM,3,-2.595548,1.8622172
CCCTCCTCAGCTCGCA-1-1,0_HealthyBM2,HBM,15,-2.147608,-0.72148937
CCCTCCTGTCACAAGG-1-1,0_HealthyBM2,HBM,5,-1.2246692,-0.69571435
CCCTCCTTCATGTCCC-1-1,0_HealthyBM2,HBM,3,0.7391645,0.49567255
CCCTCCTTCCAGTATG-1-1,0_HealthyBM2,HBM,3,-2.5837836,3.2602105
CCGGGATAGTAACCCT-1-1,0_HealthyBM2,HBM,3,-1.1967071,-0.28703356
CCGGGATAGTTTCCTT-1-1,0_HealthyBM2,HBM,3,-0.21345176,0.3808965
CCGGGATCAAGAAAGG-1-1,0_HealthyBM2,HBM,3,1.13567,1.3451421
CCGGGATCAAGGCTCC-1-1,0_HealthyBM2,HBM,3,-0.41630492,-0.14618675
CCGGGATCACACTGCG-1-1,0_HealthyBM2,HBM,9,6.865508,-0.026321279
CCGGGATCACAGACTT-1-1,0_HealthyBM2,HBM,3,-0.62016314,0.25411403
CCGGGATGTACGAAAT-1-1,0_HealthyBM2,HBM,3,-2.808896,2.557831
CCGGGATTCAAGAAGT-1-1,0_HealthyBM2,HBM,0,10.963957,2.4327672
CCGGGATTCGAGCCCA-1-1,0_HealthyBM2,HBM,9,4.9531093,0.8744826
CCGGGATTCTATCGCC-1-1,0_HealthyBM2,HBM,3,-3.2295136,2.0542684
CCGGTAGCAAACTGCT-1-1,0_HealthyBM2,HBM,3,-3.1757395,2.6111186
CCGGTAGCAGCTGGCT-1-1,0_HealthyBM2,HBM,6,1.78536,-2.3825417
CCGGTAGTCACGATGT-1-1,0_HealthyBM2,HBM,9,6.031025,0.82959217
CCGGTAGTCATGGTCA-1-1,0_HealthyBM2,HBM,6,0.54791796,-1.4586948
CCGGTAGTCGACAGCC-1-1,0_HealthyBM2,HBM,14,8.234115,-3.7978427
CCGGTAGTCTCGCTTG-1-1,0_HealthyBM2,HBM,1,9.324501,0.49426833
CCGTACTAGCTAGTGG-1-1,0_HealthyBM2,HBM,14,8.424745,-3.6015663
CCGTACTAGCTTCGCG-1-1,0_HealthyBM2,HBM,9,4.431027,-0.53081006
CCGTACTGTCCTCCAT-1-1,0_HealthyBM2,HBM,3,1.0211278,1.5185586
CCGTACTGTTGGAGGT-1-1,0_HealthyBM2,HBM,8,-1.0958768,1.3860217
CCGTACTTCAGTTTGG-1-1,0_HealthyBM2,HBM,14,7.0822244,-2.397406
CCGTACTTCGCATGAT-1-1,0_HealthyBM2,HBM,3,-0.9847035,-0.47603515
CCGTACTTCGGCTACG-1-1,0_HealthyBM2,HBM,0,11.858169,2.637553
CCGTGGAAGGATATAC-1-1,0_HealthyBM2,HBM,9,6.208918,0.30921358
CCGTGGACAAGCCATT-1-1,0_HealthyBM2,HBM,3,-2.5855124,0.7551529
CCGTGGACAGGAATGC-1-1,0_HealthyBM2,HBM,3,-0.9174042,2.3871326
CCGTGGAGTACCAGTT-1-1,0_HealthyBM2,HBM,6,2.1771955,-1.0096229
CCGTGGAGTGCGGTAA-1-1,0_HealthyBM2,HBM,1,7.876597,-0.27241212
CCGTTCAGTATATCCG-1-1,0_HealthyBM2,HBM,0,11.774921,1.8023404
CCGTTCAGTATTACCG-1-1,0_HealthyBM2,HBM,3,0.61362654,0.22229901
CCGTTCAGTCGAGATG-1-1,0_HealthyBM2,HBM,11,4.737276,-3.3588836
CCGTTCAGTTTAGGAA-1-1,0_HealthyBM2,HBM,9,3.5646675,1.7491544
CCGTTCATCGGAGCAA-1-1,0_HealthyBM2,HBM,1,9.147872,0.2077861
CCGTTCATCTCTGTCG-1-1,0_HealthyBM2,HBM,11,4.357027,-3.1248715
CCTAAAGAGAAACGAG-1-1,0_HealthyBM2,HBM,3,-1.9021022,0.19183265
CCTAAAGAGAATTCCC-1-1,0_HealthyBM2,HBM,9,6.7739115,-0.18853411
CCTAAAGAGATGCCAG-1-1,0_HealthyBM2,HBM,11,4.641973,-3.1387873
CCTAAAGAGTGAATTG-1-1,0_HealthyBM2,HBM,5,-0.6889382,-0.27267128
CCTAAAGCAACGATGG-1-1,0_HealthyBM2,HBM,9,4.698874,0.20741194
CCTAAAGCATTGGTAC-1-1,0_HealthyBM2,HBM,4,-1.7011216,-3.299773
CCTAAAGGTTGGTAAA-1-1,0_HealthyBM2,HBM,7,-4.9758515,0.84347403
CCTACACAGAATCTCC-1-1,0_HealthyBM2,HBM,4,-1.193241,-1.4552684
CCTACACAGAGGTAGA-1-1,0_HealthyBM2,HBM,15,-1.6889683,-0.5962603
CCTACACAGAGTGACC-1-1,0_HealthyBM2,HBM,3,1.820398,1.0524646
CCTACACCATCTGGTA-1-1,0_HealthyBM2,HBM,7,-3.9264243,-0.27080506
CCTACACGTGATAAAC-1-1,0_HealthyBM2,HBM,0,11.670255,2.618054
CCTACACTCCGTTGCT-1-1,0_HealthyBM2,HBM,15,-2.7838871,-1.6259363
CCTACACTCTGTGCAA-1-1,0_HealthyBM2,HBM,3,1.504706,0.9409274
CCTACCAAGCCAGAAC-1-1,0_HealthyBM2,HBM,9,2.8340976,1.2210021
CCTACCAAGCCTTGAT-1-1,0_HealthyBM2,HBM,9,3.7473512,1.4993943
CCTACCACATGCAATC-1-1,0_HealthyBM2,HBM,8,-2.9730513,1.439087
CCTACCAGTACTTCTT-1-1,0_HealthyBM2,HBM,15,-2.6187122,-1.0661318
CCTACCAGTGCAACTT-1-1,0_HealthyBM2,HBM,14,7.391892,-2.9663029
CCTACCATCTCTGCTG-1-1,0_HealthyBM2,HBM,7,-3.393497,0.79690695
CCTACCATCTTGTACT-1-1,0_HealthyBM2,HBM,4,-1.4312828,-2.2690694
CCTAGCTAGAAGGGTA-1-1,0_HealthyBM2,HBM,0,11.781612,2.4457219
CCTAGCTCACCGGAAA-1-1,0_HealthyBM2,HBM,1,7.7709303,-0.9035263
CCTAGCTGTAGAGCTG-1-1,0_HealthyBM2,HBM,4,-1.4431528,-1.8524042
CCTAGCTGTGACGGTA-1-1,0_HealthyBM2,HBM,9,6.38613,0.84956896
CCTAGCTGTGTAAGTA-1-1,0_HealthyBM2,HBM,4,-0.3976363,-1.3053992
CCTAGCTTCACTTATC-1-1,0_HealthyBM2,HBM,15,-0.2809173,-1.4070152
CCTAGCTTCATCGATG-1-1,0_HealthyBM2,HBM,5,0.1634916,0.88845634
CCTAGCTTCGTTGACA-1-1,0_HealthyBM2,HBM,7,-4.5311117,1.2581626
CCTATTACACCGCTAG-1-1,0_HealthyBM2,HBM,7,-4.8111014,1.1974003
CCTATTAGTTGACGTT-1-1,0_HealthyBM2,HBM,8,-1.8547788,-0.6274617
CCTATTAGTTGCGCAC-1-1,0_HealthyBM2,HBM,3,-3.0580258,1.6222552
CCTATTATCTCTTATG-1-1,0_HealthyBM2,HBM,7,-4.3206162,2.4629142
CCTCAGTAGGGTTCCC-1-1,0_HealthyBM2,HBM,9,4.579242,0.35224098
CCTCAGTCACCTCGTT-1-1,0_HealthyBM2,HBM,3,-1.7457862,3.5294452
CCTCAGTCAGACAGGT-1-1,0_HealthyBM2,HBM,1,7.4806376,-0.6953253
CCTCAGTCAGCCTGTG-1-1,0_HealthyBM2,HBM,4,-2.714526,1.2323331
CCTCAGTGTCACAAGG-1-1,0_HealthyBM2,HBM,9,2.7178624,-0.7053755
CCTCAGTGTCGCTTCT-1-1,0_HealthyBM2,HBM,0,10.173935,2.1086304
CCTCAGTTCATCGATG-1-1,0_HealthyBM2,HBM,15,-2.2321644,-1.3910432
CCTCAGTTCGGAGCAA-1-1,0_HealthyBM2,HBM,4,-1.8075716,-3.5097587
CCTCTGAAGAAAGTGG-1-1,0_HealthyBM2,HBM,6,0.63192415,-1.5893627
CCTCTGAAGACCTAGG-1-1,0_HealthyBM2,HBM,11,3.8062947,-1.9778532
CCTCTGACATTGGCGC-1-1,0_HealthyBM2,HBM,7,-3.6072621,-0.86423177
CCTCTGAGTACCATCA-1-1,0_HealthyBM2,HBM,3,-1.0703846,0.1883731
CCTCTGATCACGCGGT-1-1,0_HealthyBM2,HBM,5,-1.014018,0.025511917
CCTTACGAGAATCTCC-1-1,0_HealthyBM2,HBM,8,-2.7990336,1.5872304
CCTTACGAGGATTCGG-1-1,0_HealthyBM2,HBM,1,8.023842,-0.37799966
CCTTACGAGTTCGATC-1-1,0_HealthyBM2,HBM,3,-1.1088002,2.551439
CCTTACGCACTCGACG-1-1,0_HealthyBM2,HBM,14,7.379445,-3.6841695
CCTTACGCAGCTGCTG-1-1,0_HealthyBM2,HBM,9,6.6834016,0.08014506
CCTTACGCATGACGGA-1-1,0_HealthyBM2,HBM,3,-0.3614374,2.1372197
CCTTACGTCTCTGTCG-1-1,0_HealthyBM2,HBM,9,5.6850677,0.5360833
CCTTACGTCTGCGGCA-1-1,0_HealthyBM2,HBM,3,-1.6774328,1.9152775
CCTTACGTCTGCTTGC-1-1,0_HealthyBM2,HBM,3,1.6685653,-0.24571109
CCTTCCCAGAAGATTC-1-1,0_HealthyBM2,HBM,6,0.9783778,-2.3738472
CCTTCCCAGACAAGCC-1-1,0_HealthyBM2,HBM,3,-1.5497204,-0.13282385
CCTTCCCTCGTTACGA-1-1,0_HealthyBM2,HBM,4,-1.7372617,-2.9925103
CCTTCGAAGGCGTACA-1-1,0_HealthyBM2,HBM,9,5.428653,0.6294393
CCTTCGAAGGGTGTGT-1-1,0_HealthyBM2,HBM,3,-1.569239,0.64584494
CCTTCGACACGGCTAC-1-1,0_HealthyBM2,HBM,7,-4.2946343,2.1500309
CCTTCGAGTAGGCATG-1-1,0_HealthyBM2,HBM,9,5.036675,-0.8887734
CCTTCGAGTCCATCCT-1-1,0_HealthyBM2,HBM,3,-0.67783695,1.7297344
CCTTCGATCGTTACAG-1-1,0_HealthyBM2,HBM,3,-3.2954738,1.9424486
CCTTTCTAGCCACGTC-1-1,0_HealthyBM2,HBM,4,-1.6342005,-0.8005878
CCTTTCTCAACACCTA-1-1,0_HealthyBM2,HBM,3,-1.3485328,0.48980442
CCTTTCTCAAGGACAC-1-1,0_HealthyBM2,HBM,3,-1.3010231,-0.04928973
CCTTTCTTCAGTACGT-1-1,0_HealthyBM2,HBM,0,12.515484,2.8147783
CCTTTCTTCGCTTGTC-1-1,0_HealthyBM2,HBM,3,-0.78399175,0.4554433
CGAACATAGATGCGAC-1-1,0_HealthyBM2,HBM,3,-2.5833673,2.334781
CGAACATAGCAACGGT-1-1,0_HealthyBM2,HBM,14,8.728038,-3.524701
CGAACATCAAGCCGTC-1-1,0_HealthyBM2,HBM,3,-2.9289045,1.8588755
CGAACATCACACGCTG-1-1,0_HealthyBM2,HBM,1,8.026911,-0.29469553
CGAACATGTACTCAAC-1-1,0_HealthyBM2,HBM,14,8.342643,-2.6563945
CGAACATGTAGTACCT-1-1,0_HealthyBM2,HBM,7,-5.4610853,1.8573799
CGAACATTCAGTTAGC-1-1,0_HealthyBM2,HBM,3,1.1686159,1.7760452
CGAACATTCTACTATC-1-1,0_HealthyBM2,HBM,0,11.121626,3.0767703
CGAATGTAGATCCTGT-1-1,0_HealthyBM2,HBM,14,7.767255,-3.3479292
CGAATGTAGGCCGAAT-1-1,0_HealthyBM2,HBM,14,9.864031,-1.1649276
CGAATGTCACGGACAA-1-1,0_HealthyBM2,HBM,9,4.537168,0.30480862
CGAATGTGTGATGCCC-1-1,0_HealthyBM2,HBM,7,-4.3589244,2.7630413
CGAATGTGTGGCCCTA-1-1,0_HealthyBM2,HBM,7,-4.9478464,0.08190651
CGAATGTTCTGAAAGA-1-1,0_HealthyBM2,HBM,5,-0.1279506,0.20877257
CGACCTTAGCGTAGTG-1-1,0_HealthyBM2,HBM,1,7.6813445,-0.8628278
CGACCTTAGGGTCTCC-1-1,0_HealthyBM2,HBM,3,-1.2576166,0.7674403
CGACCTTCAAGCGATG-1-1,0_HealthyBM2,HBM,9,3.8228397,0.31546772
CGACCTTCACATCCGG-1-1,0_HealthyBM2,HBM,14,8.467697,-3.7807775
CGACCTTGTAAACCTC-1-1,0_HealthyBM2,HBM,3,0.9290089,-0.07165768
CGACCTTGTCGACTGC-1-1,0_HealthyBM2,HBM,15,-3.0444345,0.46886614
CGACCTTGTTGTCTTT-1-1,0_HealthyBM2,HBM,6,2.1560066,-1.5008951
CGACCTTTCAGCTTAG-1-1,0_HealthyBM2,HBM,7,-4.919703,2.0444536
CGACCTTTCGAATCCA-1-1,0_HealthyBM2,HBM,0,11.7332,0.8018316
CGACTTCAGGCCCGTT-1-1,0_HealthyBM2,HBM,3,-2.3438594,3.3350232
CGACTTCAGGTGCTAG-1-1,0_HealthyBM2,HBM,7,-4.090634,-0.14578107
CGACTTCAGTCTCAAC-1-1,0_HealthyBM2,HBM,4,-1.8083856,-0.42191273
CGACTTCAGTTATCGC-1-1,0_HealthyBM2,HBM,3,-3.211878,2.0274608
CGACTTCGTCGTCTTC-1-1,0_HealthyBM2,HBM,1,9.278726,0.23045675
CGACTTCGTGCCTTGG-1-1,0_HealthyBM2,HBM,3,-0.35089648,0.96800345
CGAGAAGCACCATGTA-1-1,0_HealthyBM2,HBM,9,2.9101362,0.02747758
CGAGAAGCAGTATGCT-1-1,0_HealthyBM2,HBM,15,-3.1623797,0.9237754
CGAGAAGGTCTCTTAT-1-1,0_HealthyBM2,HBM,3,-1.2606,-0.5247578
CGAGAAGTCAGCTCGG-1-1,0_HealthyBM2,HBM,6,1.3743359,-1.0466157
CGAGCACAGACTCGGA-1-1,0_HealthyBM2,HBM,7,-4.6575904,0.07294453
CGAGCACAGGCTACGA-1-1,0_HealthyBM2,HBM,0,11.65426,0.90066487
CGAGCACAGTCATCCA-1-1,0_HealthyBM2,HBM,7,-4.0081325,2.2156622
CGAGCACGTACGCTGC-1-1,0_HealthyBM2,HBM,6,-0.5381919,-2.2481053
CGAGCACGTCACCCAG-1-1,0_HealthyBM2,HBM,0,12.060542,2.0879643
CGAGCACGTGGCCCTA-1-1,0_HealthyBM2,HBM,15,-0.5405858,-1.0160694
CGAGCACTCCTTGCCA-1-1,0_HealthyBM2,HBM,15,-0.01922613,-0.68716425
CGAGCACTCTGAGTGT-1-1,0_HealthyBM2,HBM,3,-2.189799,0.24333869
CGAGCCAAGCGTGTCC-1-1,0_HealthyBM2,HBM,9,3.5068653,0.025518447
CGAGCCACATCCGCGA-1-1,0_HealthyBM2,HBM,5,0.022007573,-0.8239595
CGAGCCAGTCGATTGT-1-1,0_HealthyBM2,HBM,3,-0.5836619,-0.9642757
CGAGCCAGTTTAAGCC-1-1,0_HealthyBM2,HBM,1,7.625176,0.06456596
CGAGCCATCACGGTTA-1-1,0_HealthyBM2,HBM,6,0.4602557,-1.0572499
CGATCGGCATGCCACG-1-1,0_HealthyBM2,HBM,3,-1.6554723,0.9594895
CGATCGGCATGGTCTA-1-1,0_HealthyBM2,HBM,14,8.719003,-3.4180355
CGATCGGCATTATCTC-1-1,0_HealthyBM2,HBM,9,4.6640453,0.35600147
CGATCGGGTGAGGGTT-1-1,0_HealthyBM2,HBM,0,10.05645,2.2305827
CGATCGGGTTGTTTGG-1-1,0_HealthyBM2,HBM,3,-1.7226466,1.1454337
CGATCGGTCCGCATCT-1-1,0_HealthyBM2,HBM,15,-1.5870832,-2.4059124
CGATCGGTCGGAGCAA-1-1,0_HealthyBM2,HBM,14,8.363924,-3.5175297
CGATCGGTCTAAGCCA-1-1,0_HealthyBM2,HBM,3,-1.0282815,1.5137452
CGATCGGTCTGCAAGT-1-1,0_HealthyBM2,HBM,3,-1.359869,-0.15983386
CGATCGGTCTTGCCGT-1-1,0_HealthyBM2,HBM,9,4.88639,0.95180357
CGATGGCAGATCCCGC-1-1,0_HealthyBM2,HBM,6,0.065019995,-0.8639638
CGATGGCAGGCATGGT-1-1,0_HealthyBM2,HBM,1,8.100311,-0.7161552
CGATGGCCATATGCTG-1-1,0_HealthyBM2,HBM,6,0.70296746,-0.9626134
CGATGGCGTACAGCAG-1-1,0_HealthyBM2,HBM,9,5.8338,1.5642779
CGATGGCGTGGGTATG-1-1,0_HealthyBM2,HBM,7,-4.186954,-0.39474538
CGATGGCGTTGCGTTA-1-1,0_HealthyBM2,HBM,9,3.6472433,-0.14442645
CGATGGCGTTTGTTTC-1-1,0_HealthyBM2,HBM,9,5.6513176,1.0678306
CGATGGCTCGCAGGCT-1-1,0_HealthyBM2,HBM,11,4.5711126,-3.7801414
CGATGGCTCTCTGCTG-1-1,0_HealthyBM2,HBM,9,5.289727,0.47731838
CGATGGCTCTGGGCCA-1-1,0_HealthyBM2,HBM,5,-0.2830003,-0.3827973
CGATGTAAGAAGGGTA-1-1,0_HealthyBM2,HBM,3,-0.56116736,0.9223098
CGATGTAAGCTGCAAG-1-1,0_HealthyBM2,HBM,7,0.011314452,0.15543838
CGATGTACACCCATTC-1-1,0_HealthyBM2,HBM,9,5.1409125,-0.36325964
CGATGTACAGCTTAAC-1-1,0_HealthyBM2,HBM,3,-1.1721377,0.026262505
CGATGTAGTGAGGGTT-1-1,0_HealthyBM2,HBM,1,8.885845,0.38588923
CGATGTAGTTCCCTTG-1-1,0_HealthyBM2,HBM,14,8.431922,-3.7217038
CGATGTATCAACACTG-1-1,0_HealthyBM2,HBM,9,2.7834282,-0.013941161
CGATGTATCGTAGATC-1-1,0_HealthyBM2,HBM,3,0.9943755,0.31362528
CGATTGAAGTCCAGGA-1-1,0_HealthyBM2,HBM,3,-0.9260686,3.3049893
CGATTGACACACTGCG-1-1,0_HealthyBM2,HBM,14,8.9078,-3.8839662
CGATTGACATAGTAAG-1-1,0_HealthyBM2,HBM,3,0.40403402,2.5378094
CGATTGAGTGCACCAC-1-1,0_HealthyBM2,HBM,9,4.811733,0.86944133
CGATTGAGTGTCCTCT-1-1,0_HealthyBM2,HBM,11,4.087101,-2.8064675
CGATTGATCCAAACTG-1-1,0_HealthyBM2,HBM,3,-1.1037908,-0.75657713
CGATTGATCGGTCTAA-1-1,0_HealthyBM2,HBM,9,6.464176,0.1924674
CGCCAAGAGAATGTTG-1-1,0_HealthyBM2,HBM,4,-2.602392,1.7999347
CGCCAAGAGCGAGAAA-1-1,0_HealthyBM2,HBM,14,8.717041,-3.7586787
CGCCAAGAGTACGACG-1-1,0_HealthyBM2,HBM,15,-1.3167144,-2.0066605
CGCCAAGAGTGAACGC-1-1,0_HealthyBM2,HBM,9,5.751263,0.5222811
CGCCAAGAGTGGTAGC-1-1,0_HealthyBM2,HBM,3,-0.45691404,-0.86454856
CGCCAAGCACCGCTAG-1-1,0_HealthyBM2,HBM,15,-2.5390368,-2.3134108
CGCCAAGCACTGTCGG-1-1,0_HealthyBM2,HBM,14,7.296671,-3.302951
CGCCAAGCATGTTGAC-1-1,0_HealthyBM2,HBM,7,-4.361743,0.3763391
CGCCAAGGTGCATCTA-1-1,0_HealthyBM2,HBM,0,11.251965,2.6106904
CGCCAAGTCGTACCGG-1-1,0_HealthyBM2,HBM,1,9.059058,0.371659
CGCGGTAAGGCACATG-1-1,0_HealthyBM2,HBM,3,-0.50862867,0.8215174
CGCGGTACACTGTTAG-1-1,0_HealthyBM2,HBM,6,0.5637708,-2.4837062
CGCGGTACATCCGTGG-1-1,0_HealthyBM2,HBM,8,-2.6748188,0.19938807
CGCGGTACATGCCACG-1-1,0_HealthyBM2,HBM,6,0.87861466,-2.2543793
CGCGGTATCCGCGCAA-1-1,0_HealthyBM2,HBM,14,8.260995,-3.634618
CGCGTTTCAAGGACAC-1-1,0_HealthyBM2,HBM,15,-2.6236458,-0.8095612
CGCGTTTCAAGTACCT-1-1,0_HealthyBM2,HBM,15,-2.1164706,0.17302941
CGCGTTTGTAGAAGGA-1-1,0_HealthyBM2,HBM,7,-4.2716093,2.18477
CGCGTTTGTCCTGCTT-1-1,0_HealthyBM2,HBM,1,7.754358,0.4864044
CGCGTTTGTCTTCTCG-1-1,0_HealthyBM2,HBM,7,-5.009826,-0.6904163
CGCGTTTTCTCGATGA-1-1,0_HealthyBM2,HBM,14,8.316972,-3.530537
CGCGTTTTCTGCGGCA-1-1,0_HealthyBM2,HBM,1,8.04982,-0.20609961
CGCGTTTTCTTTACGT-1-1,0_HealthyBM2,HBM,3,-0.51436436,0.35308406
CGCTATCAGAGGACGG-1-1,0_HealthyBM2,HBM,0,11.352584,2.335199
CGCTATCCAGACAAAT-1-1,0_HealthyBM2,HBM,4,-1.7144364,-3.4160924
CGCTATCGTTTGGCGC-1-1,0_HealthyBM2,HBM,3,0.84643424,-0.2601293
CGCTATCTCAGATAAG-1-1,0_HealthyBM2,HBM,3,-1.8378663,1.1333071
CGCTATCTCATTATCC-1-1,0_HealthyBM2,HBM,3,0.48497644,0.9628774
CGCTATCTCGGTGTCG-1-1,0_HealthyBM2,HBM,3,-1.1226854,0.6941582
CGCTGGAAGAGCCCAA-1-1,0_HealthyBM2,HBM,0,10.607464,1.2051789
CGCTGGAAGCCTTGAT-1-1,0_HealthyBM2,HBM,3,-1.875327,-0.07614879
CGCTGGAGTCGCATAT-1-1,0_HealthyBM2,HBM,4,-1.8281325,-0.7688131
CGCTGGATCGTTTGCC-1-1,0_HealthyBM2,HBM,0,11.340484,2.975081
CGCTTCAGTAGGACAC-1-1,0_HealthyBM2,HBM,0,10.803599,1.2343521
CGCTTCAGTAGGGTAC-1-1,0_HealthyBM2,HBM,15,-2.981529,-0.5802751
CGCTTCAGTGTTGAGG-1-1,0_HealthyBM2,HBM,8,-2.647388,-0.8435737
CGCTTCATCCCGACTT-1-1,0_HealthyBM2,HBM,4,-1.9048883,-3.2073724
CGCTTCATCTGCTGCT-1-1,0_HealthyBM2,HBM,15,-2.650072,-2.1731243
CGCTTCATCTTGGGTA-1-1,0_HealthyBM2,HBM,3,-2.7873583,2.062375
CGGACACCACCGTTGG-1-1,0_HealthyBM2,HBM,11,4.6557503,-2.6851625
CGGACACGTAATTGGA-1-1,0_HealthyBM2,HBM,1,8.953814,0.26052314
CGGACACGTAGCGTGA-1-1,0_HealthyBM2,HBM,9,5.9122586,1.2705398
CGGACACGTCTCACCT-1-1,0_HealthyBM2,HBM,3,-2.3015876,1.6381935
CGGACACGTGGGTCAA-1-1,0_HealthyBM2,HBM,7,-4.6585174,0.3932707
CGGACACTCCAGATCA-1-1,0_HealthyBM2,HBM,1,7.9738274,-0.22334832
CGGACACTCGTACCGG-1-1,0_HealthyBM2,HBM,6,-0.46811008,-2.440404
CGGACGTAGAGGTTAT-1-1,0_HealthyBM2,HBM,14,8.785089,-4.0399513
CGGACGTAGGATGGTC-1-1,0_HealthyBM2,HBM,9,4.2394915,0.0783197
CGGACGTAGGCCCTCA-1-1,0_HealthyBM2,HBM,9,5.1463,0.11449502
CGGACGTCACATTAGC-1-1,0_HealthyBM2,HBM,14,8.1913805,-3.712188
CGGACGTCACTGTCGG-1-1,0_HealthyBM2,HBM,1,8.399519,0.35935482
CGGACGTTCGGCGGTT-1-1,0_HealthyBM2,HBM,7,-5.289219,2.2294178
CGGACTGCATGGGACA-1-1,0_HealthyBM2,HBM,3,0.16121317,0.026948009
CGGACTGCATTCCTCG-1-1,0_HealthyBM2,HBM,3,-0.75244427,0.2011464
CGGACTGGTAAATGTG-1-1,0_HealthyBM2,HBM,0,11.488758,2.584867
CGGACTGGTCGAATCT-1-1,0_HealthyBM2,HBM,0,11.227639,2.5799224
CGGACTGTCACCCTCA-1-1,0_HealthyBM2,HBM,9,5.120118,0.8472317
CGGAGCTAGCCACGTC-1-1,0_HealthyBM2,HBM,9,4.429632,-0.37425947
CGGAGCTAGCTGAAAT-1-1,0_HealthyBM2,HBM,1,7.4353576,-0.28011146
CGGAGCTAGTAGGTGC-1-1,0_HealthyBM2,HBM,0,9.770491,0.5576277
CGGAGCTCACATTAGC-1-1,0_HealthyBM2,HBM,4,-2.0950031,-1.6126443
CGGAGCTCATATGCTG-1-1,0_HealthyBM2,HBM,8,-2.1998348,1.3310487
CGGAGCTGTCGCATCG-1-1,0_HealthyBM2,HBM,3,-1.7456683,0.530226
CGGAGCTGTCTACCTC-1-1,0_HealthyBM2,HBM,7,-3.881263,-0.117218085
CGGAGCTGTGCAGACA-1-1,0_HealthyBM2,HBM,3,-1.8646554,1.1946458
CGGAGCTGTGGCCCTA-1-1,0_HealthyBM2,HBM,3,-1.5670781,1.0800815
CGGAGTCAGGCGTACA-1-1,0_HealthyBM2,HBM,9,4.9063673,0.57208854
CGGAGTCAGGCTAGAC-1-1,0_HealthyBM2,HBM,7,-5.029874,0.84135085
CGGAGTCAGTTCGATC-1-1,0_HealthyBM2,HBM,7,-5.3919864,-0.9214037
CGGCTAGAGCGGATCA-1-1,0_HealthyBM2,HBM,3,-2.3689473,2.6834662
CGGCTAGCAGTAACGG-1-1,0_HealthyBM2,HBM,6,0.511385,-1.0003561
CGGCTAGGTAGAGTGC-1-1,0_HealthyBM2,HBM,9,5.45363,1.5430784
CGGCTAGGTCTGATTG-1-1,0_HealthyBM2,HBM,3,-2.9383829,2.0203946
CGGCTAGGTTGCGTTA-1-1,0_HealthyBM2,HBM,4,-2.8618357,2.1128676
CGGCTAGTCCGATATG-1-1,0_HealthyBM2,HBM,3,-0.9498207,2.641571
CGGCTAGTCTAACTTC-1-1,0_HealthyBM2,HBM,3,-1.2434887,0.27673542
CGGGTCAAGTCGTTTG-1-1,0_HealthyBM2,HBM,7,-4.4653087,-0.5295252
CGGGTCACAGTCCTTC-1-1,0_HealthyBM2,HBM,6,2.0456936,-1.5839949
CGGGTCAGTACAGTGG-1-1,0_HealthyBM2,HBM,3,0.5705585,2.010231
CGGTTAAAGTGTACGG-1-1,0_HealthyBM2,HBM,9,4.742498,1.1041937
CGGTTAACACTCAGGC-1-1,0_HealthyBM2,HBM,9,5.7364964,1.374919
CGGTTAACAGACGCTC-1-1,0_HealthyBM2,HBM,7,-4.9415655,1.3006765
CGGTTAACATGTCGAT-1-1,0_HealthyBM2,HBM,3,-2.215689,1.477875
CGGTTAAGTCATCGGC-1-1,0_HealthyBM2,HBM,4,-0.80384976,-3.0991435
CGGTTAAGTTCCTCCA-1-1,0_HealthyBM2,HBM,9,5.605665,1.5274409
CGGTTAAGTTCGCGAC-1-1,0_HealthyBM2,HBM,3,-1.4194126,-0.4410719
CGGTTAATCACAACGT-1-1,0_HealthyBM2,HBM,6,0.08785403,1.2507486
CGGTTAATCCCGACTT-1-1,0_HealthyBM2,HBM,3,-1.7962676,3.7709932
CGTAGCGAGCCAGTAG-1-1,0_HealthyBM2,HBM,9,6.061503,1.0793816
CGTAGCGCAATAACGA-1-1,0_HealthyBM2,HBM,6,1.0549634,-1.4167631
CGTAGCGTCGGCGCTA-1-1,0_HealthyBM2,HBM,0,11.01396,1.0898253
CGTAGGCAGAGGGATA-1-1,0_HealthyBM2,HBM,3,-1.7129277,3.0535433
CGTAGGCCAAGGTTTC-1-1,0_HealthyBM2,HBM,7,-4.975061,2.4040527
CGTAGGCCACGAGGTA-1-1,0_HealthyBM2,HBM,6,1.424018,-3.038524
CGTAGGCCAGCTTCGG-1-1,0_HealthyBM2,HBM,7,-4.6882915,1.8109107
CGTAGGCTCAGATAAG-1-1,0_HealthyBM2,HBM,7,-3.7640853,0.39335915
CGTCACTAGTCCATAC-1-1,0_HealthyBM2,HBM,15,-2.105773,-1.1756058
CGTCACTCACAGACTT-1-1,0_HealthyBM2,HBM,3,-1.2322204,-0.31144863
CGTCACTCACTATCTT-1-1,0_HealthyBM2,HBM,9,5.4819956,0.075163715
CGTCACTGTCCAACTA-1-1,0_HealthyBM2,HBM,9,3.3105407,0.33460358
CGTCACTTCATGTCTT-1-1,0_HealthyBM2,HBM,9,4.7184267,0.54618883
CGTCACTTCTGCCCTA-1-1,0_HealthyBM2,HBM,3,-0.34309408,0.74676794
CGTCAGGAGATGGGTC-1-1,0_HealthyBM2,HBM,1,6.5985765,1.0725733
CGTCAGGGTCCCGACA-1-1,0_HealthyBM2,HBM,11,4.3715324,-2.77087
CGTCAGGGTTACGGAG-1-1,0_HealthyBM2,HBM,0,9.793984,1.9925007
CGTCAGGTCAGTTAGC-1-1,0_HealthyBM2,HBM,11,4.477504,-2.326312
CGTCAGGTCATCGCTC-1-1,0_HealthyBM2,HBM,1,7.294127,0.04411419
CGTCAGGTCGCGATCG-1-1,0_HealthyBM2,HBM,3,-1.5524673,-0.2825468
CGTCCATAGCATCATC-1-1,0_HealthyBM2,HBM,9,4.657113,0.31075493
CGTCCATGTCTTGTCC-1-1,0_HealthyBM2,HBM,14,8.333856,-3.2635005
CGTCCATGTTAAGATG-1-1,0_HealthyBM2,HBM,11,4.9191504,-3.2715805
CGTCTACCAATCGAAA-1-1,0_HealthyBM2,HBM,3,-2.0649538,2.35954
CGTCTACGTCAAAGAT-1-1,0_HealthyBM2,HBM,7,-4.126324,-1.0956687
CGTCTACGTGGTACAG-1-1,0_HealthyBM2,HBM,3,-1.2802674,-0.23099884
CGTCTACTCAAGAAGT-1-1,0_HealthyBM2,HBM,6,0.4212568,-2.7925274
CGTGAGCAGACGACGT-1-1,0_HealthyBM2,HBM,6,0.85125315,-1.6270578
CGTGAGCAGGTACTCT-1-1,0_HealthyBM2,HBM,3,-0.84300256,0.9987513
CGTGAGCCACTATCTT-1-1,0_HealthyBM2,HBM,6,0.80306363,-1.0137215
CGTGAGCTCTGTCCGT-1-1,0_HealthyBM2,HBM,4,-1.8462965,-1.4461591
CGTGTAAAGACGACGT-1-1,0_HealthyBM2,HBM,6,0.23179899,-0.9780118
CGTGTAAAGGCCATAG-1-1,0_HealthyBM2,HBM,0,10.908438,1.1021847
CGTGTAAGTACAGTGG-1-1,0_HealthyBM2,HBM,7,-4.863823,1.6458107
CGTGTAAGTTAAGACA-1-1,0_HealthyBM2,HBM,9,3.35761,-0.49927273
CGTGTAATCTATCCCG-1-1,0_HealthyBM2,HBM,0,10.526883,0.55388147
CGTGTCTGTGCTCTTC-1-1,0_HealthyBM2,HBM,0,11.892433,2.3856068
CGTGTCTTCAGCAACT-1-1,0_HealthyBM2,HBM,5,-0.97803664,0.4645855
CGTGTCTTCTCGCTTG-1-1,0_HealthyBM2,HBM,8,-2.6826239,1.9448303
CGTTAGAAGATAGTCA-1-1,0_HealthyBM2,HBM,0,9.693393,2.104913
CGTTAGAAGGATATAC-1-1,0_HealthyBM2,HBM,7,-4.086224,-1.3219808
CGTTAGAAGTCAAGCG-1-1,0_HealthyBM2,HBM,3,-2.0742767,2.7612262
CGTTAGAGTTAAGAAC-1-1,0_HealthyBM2,HBM,4,-1.764524,-1.259699
CGTTAGATCAACACCA-1-1,0_HealthyBM2,HBM,7,-4.872339,2.8154354
CGTTCTGAGTTAAGTG-1-1,0_HealthyBM2,HBM,9,5.379992,-0.074102506
CGTTCTGCAGTACACT-1-1,0_HealthyBM2,HBM,5,0.15269944,-0.46644482
CGTTCTGGTACGAAAT-1-1,0_HealthyBM2,HBM,3,-1.6874214,2.7664373
CGTTCTGGTGTTTGGT-1-1,0_HealthyBM2,HBM,7,-4.959513,0.901885
CGTTCTGGTTCGTCTC-1-1,0_HealthyBM2,HBM,3,-0.13431983,1.0994401
CGTTCTGTCTACCAGA-1-1,0_HealthyBM2,HBM,9,5.9066854,1.7124088
CGTTCTGTCTCGTATT-1-1,0_HealthyBM2,HBM,0,10.353488,2.4355595
CGTTCTGTCTTTACGT-1-1,0_HealthyBM2,HBM,9,3.3218694,0.11364244
CGTTGGGAGGAGTTGC-1-1,0_HealthyBM2,HBM,3,-0.50001055,-0.780062
CGTTGGGAGTCTCAAC-1-1,0_HealthyBM2,HBM,7,-4.9156747,0.114557594
CGTTGGGTCGCTTAGA-1-1,0_HealthyBM2,HBM,3,-0.89994353,0.32886407
CTAACTTAGACTGTAA-1-1,0_HealthyBM2,HBM,3,0.4678575,-0.22835913
CTAACTTAGATGCCAG-1-1,0_HealthyBM2,HBM,9,6.062642,0.99650913
CTAACTTAGCTAAACA-1-1,0_HealthyBM2,HBM,3,0.2844938,2.4590662
CTAACTTAGGATGGTC-1-1,0_HealthyBM2,HBM,9,2.709219,0.8837002
CTAACTTCATAAGACA-1-1,0_HealthyBM2,HBM,9,4.0017123,0.060245413
CTAACTTCATTCCTCG-1-1,0_HealthyBM2,HBM,7,-3.6816006,1.5460752
CTAACTTGTCCAGTAT-1-1,0_HealthyBM2,HBM,15,-2.6114638,-2.0337503
CTAACTTTCACATGCA-1-1,0_HealthyBM2,HBM,11,4.4591737,-3.3520403
CTAAGACAGACTTGAA-1-1,0_HealthyBM2,HBM,3,-2.8661065,2.2600946
CTAAGACAGGAGTCTG-1-1,0_HealthyBM2,HBM,14,8.8053255,-3.9561439
CTAAGACCACTGTCGG-1-1,0_HealthyBM2,HBM,11,4.7035213,-2.8652184
CTAAGACCAGACAAGC-1-1,0_HealthyBM2,HBM,0,11.746653,0.5751821
CTAAGACCAGGCAGTA-1-1,0_HealthyBM2,HBM,6,2.6615531,-1.5793393
CTAAGACGTTTGGCGC-1-1,0_HealthyBM2,HBM,8,-3.0992477,-0.7350752
CTAAGACTCTGTTGAG-1-1,0_HealthyBM2,HBM,15,-2.7519457,0.4749843
CTAATGGAGAATGTGT-1-1,0_HealthyBM2,HBM,15,-1.8676591,-0.9345458
CTAATGGAGCTGCCCA-1-1,0_HealthyBM2,HBM,6,1.4298439,-2.649574
CTAATGGAGTCAAGCG-1-1,0_HealthyBM2,HBM,11,3.515614,-2.1270847
CTAATGGAGTGTTTGC-1-1,0_HealthyBM2,HBM,3,-2.8359303,2.399411
CTAATGGTCCCATTAT-1-1,0_HealthyBM2,HBM,15,-3.1918151,0.31869993
CTACACCAGAGACTTA-1-1,0_HealthyBM2,HBM,4,-1.5037628,-2.5956035
CTACACCAGGACGAAA-1-1,0_HealthyBM2,HBM,11,5.2882304,-2.5657494
CTACACCAGGGAAACA-1-1,0_HealthyBM2,HBM,3,-2.2959423,0.520617
CTACACCGTAGCCTCG-1-1,0_HealthyBM2,HBM,9,4.062384,1.0188811
CTACACCGTAGCTTGT-1-1,0_HealthyBM2,HBM,14,8.633216,-3.4603393
CTACACCGTTCCATGA-1-1,0_HealthyBM2,HBM,7,-4.598349,0.27373165
CTACACCTCCTACAGA-1-1,0_HealthyBM2,HBM,1,7.391984,0.40567794
CTACACCTCCTATTCA-1-1,0_HealthyBM2,HBM,4,-1.8806423,-3.555729
CTACATTAGTACTTGC-1-1,0_HealthyBM2,HBM,14,6.707109,-2.2690127
CTACATTCAAAGCAAT-1-1,0_HealthyBM2,HBM,3,-0.837993,2.4958475
CTACATTCAACTGCGC-1-1,0_HealthyBM2,HBM,8,-2.7105253,-0.48030257
CTACATTCACAGGAGT-1-1,0_HealthyBM2,HBM,3,0.80579305,0.21768704
CTACATTCACTGTCGG-1-1,0_HealthyBM2,HBM,15,-2.009573,-0.66960484
CTACATTCATATGCTG-1-1,0_HealthyBM2,HBM,9,5.4280868,0.76499027
CTACATTCATGCAACT-1-1,0_HealthyBM2,HBM,3,-0.45491838,-1.2234907
CTACATTGTAGGGACT-1-1,0_HealthyBM2,HBM,9,6.211565,0.5961351
CTACATTTCAAGATCC-1-1,0_HealthyBM2,HBM,3,-2.5662954,2.46692
CTACATTTCCTGCCAT-1-1,0_HealthyBM2,HBM,3,-0.8818919,-0.8055092
CTACATTTCTCGAGTA-1-1,0_HealthyBM2,HBM,3,-2.229218,0.56279683
CTACCCAAGGCGATAC-1-1,0_HealthyBM2,HBM,4,-2.804608,1.2227491
CTACCCAAGTGATCGG-1-1,0_HealthyBM2,HBM,0,10.418665,1.5502783
CTACCCACAGACGCCT-1-1,0_HealthyBM2,HBM,8,-2.3758638,-0.30797
CTACCCAGTCTAGCGC-1-1,0_HealthyBM2,HBM,6,0.24344899,0.33403262
CTACGTCAGCCTCGTG-1-1,0_HealthyBM2,HBM,3,-2.4306152,1.9567509
CTACGTCAGTGGTAGC-1-1,0_HealthyBM2,HBM,0,11.104673,1.478373
CTACGTCCACCATGTA-1-1,0_HealthyBM2,HBM,6,1.0241934,-3.0569224
CTACGTCCAGTAAGAT-1-1,0_HealthyBM2,HBM,15,-2.2784717,-0.79879993
CTACGTCGTCCTGCTT-1-1,0_HealthyBM2,HBM,9,6.5079093,0.5931534
CTACGTCGTTCCCTTG-1-1,0_HealthyBM2,HBM,9,6.166714,0.47464734
CTACGTCTCTCGGACG-1-1,0_HealthyBM2,HBM,7,-4.9244595,2.1632724
CTAGAGTAGAGGTAGA-1-1,0_HealthyBM2,HBM,11,4.7672276,-2.5757947
CTAGAGTCAATAACGA-1-1,0_HealthyBM2,HBM,6,1.444579,-2.0417018
CTAGAGTGTGTTGGGA-1-1,0_HealthyBM2,HBM,6,0.90831095,-2.0003767
CTAGCCTAGTGCAAGC-1-1,0_HealthyBM2,HBM,14,7.9876943,-3.2312398
CTAGCCTCAATTCCTT-1-1,0_HealthyBM2,HBM,0,11.1365595,2.1720073
CTAGCCTCATGCAACT-1-1,0_HealthyBM2,HBM,3,-2.349318,2.9889596
CTAGCCTTCACCCTCA-1-1,0_HealthyBM2,HBM,8,-2.5416398,-0.8524341
CTAGCCTTCGCCAGCA-1-1,0_HealthyBM2,HBM,6,1.1242117,-2.5427902
CTAGTGAAGACAGACC-1-1,0_HealthyBM2,HBM,9,3.5574288,0.69952106
CTAGTGAAGCTGCGAA-1-1,0_HealthyBM2,HBM,3,-1.4818527,0.9423038
CTAGTGAGTCTTCTCG-1-1,0_HealthyBM2,HBM,3,-1.7849863,0.03153659
CTAGTGAGTGGTAACG-1-1,0_HealthyBM2,HBM,15,-1.9961841,-2.1576464
CTCACACCAAAGCGGT-1-1,0_HealthyBM2,HBM,4,-3.510426,0.6370987
CTCACACCAGCTCGCA-1-1,0_HealthyBM2,HBM,11,2.3658102,-0.35895693
CTCACACGTTCGGGCT-1-1,0_HealthyBM2,HBM,7,-3.8607137,0.6213261
CTCACACGTTGTTTGG-1-1,0_HealthyBM2,HBM,6,-0.10813752,-1.4157203
CTCACACTCCGCTGTT-1-1,0_HealthyBM2,HBM,3,-2.1802225,3.0489235
CTCACACTCCGGGTGT-1-1,0_HealthyBM2,HBM,0,8.883527,1.5367596
CTCACACTCGTACCGG-1-1,0_HealthyBM2,HBM,6,0.56037784,-2.0894945
CTCACACTCTGCTGCT-1-1,0_HealthyBM2,HBM,8,-1.9277498,-0.30619878
CTCAGAAAGCCACCTG-1-1,0_HealthyBM2,HBM,9,5.3501353,0.9262622
CTCAGAAAGTTACCCA-1-1,0_HealthyBM2,HBM,3,-1.5146966,-0.024276678
CTCAGAAGTAATCGTC-1-1,0_HealthyBM2,HBM,9,3.5971508,-0.8941037
CTCAGAATCCACGTGG-1-1,0_HealthyBM2,HBM,15,-2.6408262,-0.54283977
CTCATTAAGCCTTGAT-1-1,0_HealthyBM2,HBM,14,9.070316,-1.3189446
CTCATTACATAAAGGT-1-1,0_HealthyBM2,HBM,6,0.2351277,-1.2260702
CTCATTAGTATAATGG-1-1,0_HealthyBM2,HBM,11,4.764657,-3.313379
CTCATTAGTTGCGTTA-1-1,0_HealthyBM2,HBM,9,5.7676716,0.08619708
CTCATTAGTTTCCACC-1-1,0_HealthyBM2,HBM,3,-1.5036855,3.1922781
CTCCTAGAGTTTCCTT-1-1,0_HealthyBM2,HBM,14,8.378391,-1.9821692
CTCCTAGCAGGATCGA-1-1,0_HealthyBM2,HBM,3,-1.8652678,0.7609828
CTCCTAGGTCGACTGC-1-1,0_HealthyBM2,HBM,8,-1.4468491,0.9816865
CTCCTAGGTGTGAATA-1-1,0_HealthyBM2,HBM,9,4.899404,0.9839462
CTCCTAGGTTCGGGCT-1-1,0_HealthyBM2,HBM,11,4.3656282,-3.115926
CTCCTAGTCAGAGACG-1-1,0_HealthyBM2,HBM,9,6.1700635,0.7616957
CTCCTAGTCAGTTAGC-1-1,0_HealthyBM2,HBM,8,-2.0328958,1.6887786
CTCCTAGTCATAGCAC-1-1,0_HealthyBM2,HBM,3,-2.077657,0.1283831
CTCGAAAAGGCCATAG-1-1,0_HealthyBM2,HBM,8,-2.298009,-1.2817091
CTCGAAAAGGTGCTAG-1-1,0_HealthyBM2,HBM,14,7.399025,-3.5223446
CTCGAAACAATGTAAG-1-1,0_HealthyBM2,HBM,7,-3.6579568,-0.758466
CTCGAAAGTGCTTCTC-1-1,0_HealthyBM2,HBM,3,-1.2365366,3.8872678
CTCGAAAGTTACTGAC-1-1,0_HealthyBM2,HBM,1,7.621245,0.69468486
CTCGAAATCATAACCG-1-1,0_HealthyBM2,HBM,14,8.690251,-3.7947283
CTCGAGGAGAGGGCTT-1-1,0_HealthyBM2,HBM,11,4.247994,-3.313025
CTCGAGGAGGCTACGA-1-1,0_HealthyBM2,HBM,4,-2.1879616,-3.6665328
CTCGAGGCAGATGAGC-1-1,0_HealthyBM2,HBM,4,-1.675321,-3.3006647
CTCGAGGCATATGCTG-1-1,0_HealthyBM2,HBM,3,0.3365897,1.8822047
CTCGAGGGTATGCTTG-1-1,0_HealthyBM2,HBM,1,9.529847,0.04977459
CTCGAGGGTTGTGGCC-1-1,0_HealthyBM2,HBM,7,-4.2231884,0.88051283
CTCGAGGTCCAAATGC-1-1,0_HealthyBM2,HBM,7,-4.4837646,-0.5396024
CTCGAGGTCCACTCCA-1-1,0_HealthyBM2,HBM,9,4.1299467,-0.23808753
CTCGAGGTCGAATCCA-1-1,0_HealthyBM2,HBM,3,0.06904653,0.8365098
CTCGGAGCAAGGACTG-1-1,0_HealthyBM2,HBM,3,-2.1430964,3.1998148
CTCGGAGGTACCCAAT-1-1,0_HealthyBM2,HBM,0,11.710075,2.6875732
CTCGGAGGTCAACTGT-1-1,0_HealthyBM2,HBM,4,-3.2997603,1.6074313
CTCGGAGGTTATCGGT-1-1,0_HealthyBM2,HBM,7,-4.445561,-0.27549192
CTCGGAGTCCGTTGCT-1-1,0_HealthyBM2,HBM,1,7.3546476,-0.291908
CTCGGAGTCTATCCCG-1-1,0_HealthyBM2,HBM,3,-1.9957081,0.9494379
CTCGGGAAGCTACCGC-1-1,0_HealthyBM2,HBM,9,5.433042,1.1266469
CTCGGGAAGTGACATA-1-1,0_HealthyBM2,HBM,0,10.546188,0.71088123
CTCGGGACAATCCGAT-1-1,0_HealthyBM2,HBM,9,4.8440375,0.17798212
CTCGGGACACTTACGA-1-1,0_HealthyBM2,HBM,14,8.135584,-2.9775167
CTCGGGACAGTGGGAT-1-1,0_HealthyBM2,HBM,9,5.232055,0.8699229
CTCGGGACATACGCTA-1-1,0_HealthyBM2,HBM,9,5.793838,0.5895498
CTCGGGACATGCATGT-1-1,0_HealthyBM2,HBM,9,5.0148907,1.0347704
CTCGGGAGTACCTACA-1-1,0_HealthyBM2,HBM,6,2.4587371,-0.65258956
CTCGGGAGTCATCGGC-1-1,0_HealthyBM2,HBM,14,9.726875,-1.3875238
CTCGGGAGTTATCACG-1-1,0_HealthyBM2,HBM,9,6.0173726,0.9433962
CTCGGGATCATCGCTC-1-1,0_HealthyBM2,HBM,9,4.4391704,0.17883669
CTCGTACAGTACACCT-1-1,0_HealthyBM2,HBM,3,-3.2406623,2.5571043
CTCGTACCATGTAAGA-1-1,0_HealthyBM2,HBM,3,-3.9034708,3.0213447
CTCGTACGTACATCCA-1-1,0_HealthyBM2,HBM,7,-3.7070153,-0.35857612
CTCGTACGTAGCACGA-1-1,0_HealthyBM2,HBM,3,-2.083076,3.3493388
CTCGTACGTGACTACT-1-1,0_HealthyBM2,HBM,10,9.179052,2.8781953
CTCGTACTCATGTCTT-1-1,0_HealthyBM2,HBM,3,-1.3046641,1.2673439
CTCGTACTCGGTGTCG-1-1,0_HealthyBM2,HBM,3,-3.1017816,2.6724432
CTCGTCACAATAGAGT-1-1,0_HealthyBM2,HBM,11,4.1912913,-2.3455532
CTCGTCACAATGGAAT-1-1,0_HealthyBM2,HBM,4,-2.2737193,-3.118726
CTCGTCACACCATCCT-1-1,0_HealthyBM2,HBM,3,1.2751999,0.8051734
CTCGTCAGTATAGTAG-1-1,0_HealthyBM2,HBM,9,3.633625,1.6699644
CTCGTCAGTTCATGGT-1-1,0_HealthyBM2,HBM,7,-3.8454628,0.14594679
CTCGTCATCCCATTAT-1-1,0_HealthyBM2,HBM,9,5.48644,0.57252115
CTCGTCATCCGGGTGT-1-1,0_HealthyBM2,HBM,4,-1.5189391,-3.5500517
CTCGTCATCTGTCAAG-1-1,0_HealthyBM2,HBM,6,1.4211595,-1.263916
CTCTAATAGATCCGAG-1-1,0_HealthyBM2,HBM,3,0.66523117,0.111650124
CTCTAATAGGTTACCT-1-1,0_HealthyBM2,HBM,9,2.8658197,0.2593481
CTCTAATCAGCTCCGA-1-1,0_HealthyBM2,HBM,14,8.300704,-2.7464304
CTCTAATCATCTATGG-1-1,0_HealthyBM2,HBM,3,-0.48640588,1.3199608
CTCTAATGTAACGTTC-1-1,0_HealthyBM2,HBM,9,4.1202755,0.47105446
CTCTAATGTATGAATG-1-1,0_HealthyBM2,HBM,0,9.563613,1.4487766
CTCTAATGTCGGCACT-1-1,0_HealthyBM2,HBM,7,-4.607451,2.615381
CTCTAATTCGGTGTCG-1-1,0_HealthyBM2,HBM,14,8.878392,-2.8715236
CTCTACGAGAGGGATA-1-1,0_HealthyBM2,HBM,11,4.1446376,-2.5570984
CTCTACGAGGAATTAC-1-1,0_HealthyBM2,HBM,11,4.416323,-3.9175544
CTCTACGCAAGAAAGG-1-1,0_HealthyBM2,HBM,0,11.667782,2.1996167
CTCTACGCAAGCGATG-1-1,0_HealthyBM2,HBM,9,5.2420235,1.1345297
CTCTACGCAATAACGA-1-1,0_HealthyBM2,HBM,14,8.86031,-2.4562922
CTCTACGCACGTTGGC-1-1,0_HealthyBM2,HBM,3,0.02289423,1.6906028
CTCTACGGTCGCTTTC-1-1,0_HealthyBM2,HBM,14,8.181185,-2.7020645
CTCTACGGTCTCTTAT-1-1,0_HealthyBM2,HBM,5,-1.1501936,-0.45459855
CTCTACGGTCTTCAAG-1-1,0_HealthyBM2,HBM,4,-3.0520816,1.1837231
CTCTGGTAGTATCTCG-1-1,0_HealthyBM2,HBM,9,5.834371,0.13007227
CTCTGGTCACGAGAGT-1-1,0_HealthyBM2,HBM,3,-1.3951677,0.475655
CTCTGGTCACGTCTCT-1-1,0_HealthyBM2,HBM,3,-1.7200601,2.8054473
CTCTGGTGTGTTCTTT-1-1,0_HealthyBM2,HBM,3,-0.69158274,-1.136211
CTCTGGTTCAGGCGAA-1-1,0_HealthyBM2,HBM,8,-2.9521852,-0.8213457
CTGAAACAGCTGCCCA-1-1,0_HealthyBM2,HBM,3,-1.2160217,1.9213239
CTGAAACAGGGTATCG-1-1,0_HealthyBM2,HBM,12,3.3259354,6.4634867
CTGAAACAGTACATGA-1-1,0_HealthyBM2,HBM,1,8.375514,0.694447
CTGAAACCAAAGAATC-1-1,0_HealthyBM2,HBM,3,-2.3965237,1.9917519
CTGAAACCAATGAATG-1-1,0_HealthyBM2,HBM,11,4.321882,-2.0729172
CTGAAACCACAACTGT-1-1,0_HealthyBM2,HBM,1,8.25691,0.5416117
CTGAAACCATCTACGA-1-1,0_HealthyBM2,HBM,14,8.598564,-3.7539253
CTGAAACGTACCGTAT-1-1,0_HealthyBM2,HBM,10,9.253005,2.8952246
CTGAAACGTGTAACGG-1-1,0_HealthyBM2,HBM,6,1.5360273,-1.5320413
CTGAAACTCAAGATCC-1-1,0_HealthyBM2,HBM,0,11.527954,1.9622864
CTGAAACTCGCAAGCC-1-1,0_HealthyBM2,HBM,6,1.4160421,-1.3131145
CTGAAACTCTTCATGT-1-1,0_HealthyBM2,HBM,3,-2.5773118,0.8139238
CTGAAGTAGACGCTTT-1-1,0_HealthyBM2,HBM,3,-2.1322815,1.9728757
CTGAAGTAGCAGGTCA-1-1,0_HealthyBM2,HBM,9,5.781002,0.90353477
CTGAAGTAGTGGGCTA-1-1,0_HealthyBM2,HBM,9,2.8244727,1.5798953
CTGAAGTCACCATCCT-1-1,0_HealthyBM2,HBM,3,-0.034573708,0.7574577
CTGAAGTTCGTTTAGG-1-1,0_HealthyBM2,HBM,9,5.7558565,1.3443307
CTGAAGTTCTTTCCTC-1-1,0_HealthyBM2,HBM,1,8.645008,-0.18592004
CTGATAGAGTGACATA-1-1,0_HealthyBM2,HBM,9,5.788297,-0.1483889
CTGATAGGTATAATGG-1-1,0_HealthyBM2,HBM,7,-4.6300564,3.0334833
CTGATAGGTGCTAGCC-1-1,0_HealthyBM2,HBM,3,-1.6631448,2.1882799
CTGATAGGTTCAGTAC-1-1,0_HealthyBM2,HBM,9,5.8706203,1.2157495
CTGATAGTCATCGCTC-1-1,0_HealthyBM2,HBM,9,5.795967,0.9601285
CTGATCCGTACGCACC-1-1,0_HealthyBM2,HBM,1,8.043158,-0.18912208
CTGATCCGTCGCTTCT-1-1,0_HealthyBM2,HBM,7,-4.55779,-1.4317309
CTGCCTAAGTGGTAGC-1-1,0_HealthyBM2,HBM,7,-4.649128,2.7519872
CTGCCTACAAGTACCT-1-1,0_HealthyBM2,HBM,4,-3.0643218,1.811262
CTGCCTACAGTCAGCC-1-1,0_HealthyBM2,HBM,1,7.860774,-0.3858567
CTGCCTACATACGCCG-1-1,0_HealthyBM2,HBM,1,8.115501,-0.72831106
CTGCCTACATGCCTTC-1-1,0_HealthyBM2,HBM,10,7.948157,2.9179468
CTGCCTAGTACCGAGA-1-1,0_HealthyBM2,HBM,3,-1.8320065,1.952158
CTGCCTAGTCAACTGT-1-1,0_HealthyBM2,HBM,6,1.1441231,-3.1451287
CTGCCTAGTCGCATAT-1-1,0_HealthyBM2,HBM,7,-4.9874887,2.620273
CTGCCTAGTCTTCAAG-1-1,0_HealthyBM2,HBM,9,5.5682573,1.2819952
CTGCCTAGTGGTCCGT-1-1,0_HealthyBM2,HBM,5,-0.054589625,-0.43097162
CTGCCTAGTGTGCGTC-1-1,0_HealthyBM2,HBM,8,-1.9211261,-0.6751644
CTGCCTAGTTACGGAG-1-1,0_HealthyBM2,HBM,9,3.7410185,0.3960442
CTGCCTATCAGCAACT-1-1,0_HealthyBM2,HBM,15,-2.4941869,-1.8740652
CTGCCTATCGCAAACT-1-1,0_HealthyBM2,HBM,3,-1.584875,1.4879719
CTGCGGAAGCAGATCG-1-1,0_HealthyBM2,HBM,7,-4.670461,1.5604311
CTGCGGACACAGGTTT-1-1,0_HealthyBM2,HBM,14,9.026632,-1.8679516
CTGCGGATCCTCATTA-1-1,0_HealthyBM2,HBM,14,8.915054,-1.8397439
CTGCGGATCGGAATCT-1-1,0_HealthyBM2,HBM,3,-2.9653203,3.1849256
CTGCGGATCTGTGCAA-1-1,0_HealthyBM2,HBM,3,-2.94716,2.7998557
CTGCTGTAGTGCAAGC-1-1,0_HealthyBM2,HBM,3,-0.7716828,0.5760833
CTGCTGTCACGCATCG-1-1,0_HealthyBM2,HBM,6,2.067022,-0.49324778
CTGCTGTGTAGTAGTA-1-1,0_HealthyBM2,HBM,3,-0.18706314,0.50992626
CTGCTGTGTCTCCATC-1-1,0_HealthyBM2,HBM,1,9.677847,0.15721506
CTGCTGTTCCGTAGGC-1-1,0_HealthyBM2,HBM,6,2.0030856,-1.1552355
CTGCTGTTCGCGTAGC-1-1,0_HealthyBM2,HBM,9,5.6250205,1.4160076
CTGCTGTTCGTCTGCT-1-1,0_HealthyBM2,HBM,9,4.596852,-0.52465713
CTGGTCTAGCAATCTC-1-1,0_HealthyBM2,HBM,9,2.9988248,1.2010779
CTGGTCTAGGGCTTGA-1-1,0_HealthyBM2,HBM,7,-3.867405,0.68937725
CTGGTCTCACGGATAG-1-1,0_HealthyBM2,HBM,5,0.2562252,-0.65947455
CTGGTCTCAGGCAGTA-1-1,0_HealthyBM2,HBM,3,-2.379677,3.01239
CTGGTCTGTCCCTACT-1-1,0_HealthyBM2,HBM,3,-2.172041,1.1997274
CTGGTCTTCATCGCTC-1-1,0_HealthyBM2,HBM,6,0.5939637,-1.9862676
CTGTGCTAGAGCCTAG-1-1,0_HealthyBM2,HBM,4,-1.9768811,-3.8203328
CTGTGCTAGGCGTACA-1-1,0_HealthyBM2,HBM,3,-1.8914467,2.631819
CTGTGCTAGTGGCACA-1-1,0_HealthyBM2,HBM,3,1.6112837,1.6774662
CTGTGCTCACCGGAAA-1-1,0_HealthyBM2,HBM,3,-1.1801358,1.8921224
CTGTGCTCAGCTGCAC-1-1,0_HealthyBM2,HBM,4,-1.844524,-1.6273227
CTGTGCTCATCTACGA-1-1,0_HealthyBM2,HBM,4,-1.3484708,-3.4397871
CTGTGCTCATGCCTTC-1-1,0_HealthyBM2,HBM,4,-0.18984549,-2.6842618
CTGTGCTGTATGGTTC-1-1,0_HealthyBM2,HBM,4,-1.1077758,-3.2295341
CTGTGCTTCATGTAGC-1-1,0_HealthyBM2,HBM,7,-4.4093256,-0.28974596
CTGTTTAAGGCATGGT-1-1,0_HealthyBM2,HBM,8,-1.2400786,-1.2967387
CTGTTTACAATAGCAA-1-1,0_HealthyBM2,HBM,3,-2.490093,2.1052642
CTGTTTAGTGAGTGAC-1-1,0_HealthyBM2,HBM,6,1.0931069,-2.9818969
CTGTTTATCTGCTGTC-1-1,0_HealthyBM2,HBM,1,7.006208,-0.6744822
CTTAACTAGTCAATAG-1-1,0_HealthyBM2,HBM,7,-6.194426,0.16204844
CTTAACTGTAGAGTGC-1-1,0_HealthyBM2,HBM,14,7.1662335,-3.0447404
CTTAACTGTTCTCATT-1-1,0_HealthyBM2,HBM,1,8.418523,0.15425032
CTTAACTTCCAATGGT-1-1,0_HealthyBM2,HBM,3,0.25505805,2.391545
CTTACCGAGCTATGCT-1-1,0_HealthyBM2,HBM,4,-1.853313,-2.8055477
CTTACCGCAACCGCCA-1-1,0_HealthyBM2,HBM,3,-1.5175339,1.3559781
CTTACCGCAAGAGTCG-1-1,0_HealthyBM2,HBM,1,7.671516,-0.44285527
CTTACCGCAGCCAATT-1-1,0_HealthyBM2,HBM,3,-1.4960093,0.17410833
CTTACCGGTAAATACG-1-1,0_HealthyBM2,HBM,3,0.6783472,0.25445455
CTTACCGGTACGCACC-1-1,0_HealthyBM2,HBM,8,-1.4871475,-0.7864739
CTTACCGGTTAAGGGC-1-1,0_HealthyBM2,HBM,9,4.8375688,0.74784666
CTTACCGGTTCAGTAC-1-1,0_HealthyBM2,HBM,7,-4.587849,1.696774
CTTACCGGTTCTGAAC-1-1,0_HealthyBM2,HBM,3,-2.0695581,1.144042
CTTAGGACATGAAGTA-1-1,0_HealthyBM2,HBM,6,0.7616341,-1.1325705
CTTAGGAGTCACTTCC-1-1,0_HealthyBM2,HBM,3,-0.27647576,0.19434819
CTTAGGAGTGCTTCTC-1-1,0_HealthyBM2,HBM,15,-2.6832986,0.35562658
CTTAGGAGTTGCCTCT-1-1,0_HealthyBM2,HBM,3,-1.0044938,2.7697072
CTTCTCTAGATAGGAG-1-1,0_HealthyBM2,HBM,6,0.47316304,-1.8378915
CTTCTCTAGTCCGTAT-1-1,0_HealthyBM2,HBM,7,-5.0202813,3.0246277
CTTCTCTCACATTTCT-1-1,0_HealthyBM2,HBM,3,-2.2088711,0.41829014
CTTCTCTCAGCCAATT-1-1,0_HealthyBM2,HBM,1,8.258383,-0.0028026148
CTTCTCTGTCTAGTGT-1-1,0_HealthyBM2,HBM,7,-4.244653,1.5385717
CTTCTCTGTGTCGCTG-1-1,0_HealthyBM2,HBM,3,-2.3572316,0.5458358
CTTCTCTGTTACGACT-1-1,0_HealthyBM2,HBM,7,-3.6206017,-1.0059959
CTTCTCTTCCGTTGCT-1-1,0_HealthyBM2,HBM,1,8.129385,0.007537408
CTTCTCTTCCTTTCTC-1-1,0_HealthyBM2,HBM,14,8.355782,-3.2692642
CTTCTCTTCTTGCAAG-1-1,0_HealthyBM2,HBM,3,-1.7656664,-0.08772119
CTTGGCTAGAAACCAT-1-1,0_HealthyBM2,HBM,6,1.6844358,-1.497082
CTTGGCTCACTCAGGC-1-1,0_HealthyBM2,HBM,11,4.185403,-2.4013846
CTTGGCTGTCGAGATG-1-1,0_HealthyBM2,HBM,3,0.14743891,0.18565533
CTTGGCTTCCGAGCCA-1-1,0_HealthyBM2,HBM,11,4.5552444,-2.733939
CTTTGCGAGGTGCACA-1-1,0_HealthyBM2,HBM,7,-4.691917,-0.36214444
CTTTGCGAGTGGCACA-1-1,0_HealthyBM2,HBM,7,-4.2568297,2.3113527
CTTTGCGGTCATGCCG-1-1,0_HealthyBM2,HBM,0,11.614223,2.551071
CTTTGCGGTTCACCTC-1-1,0_HealthyBM2,HBM,9,4.7981634,0.6143351
GAAACTCCAATGAATG-1-1,0_HealthyBM2,HBM,15,-2.6291463,-1.9608424
GAAACTCCATAAAGGT-1-1,0_HealthyBM2,HBM,4,-1.0467445,-2.2193515
GAAACTCCATTGTGCA-1-1,0_HealthyBM2,HBM,3,-1.1988659,0.7866592
GAAACTCGTCATATCG-1-1,0_HealthyBM2,HBM,3,-2.6465943,2.12251
GAAACTCGTGATGATA-1-1,0_HealthyBM2,HBM,3,-1.3713484,2.479949
GAAACTCTCACATAGC-1-1,0_HealthyBM2,HBM,3,-1.3012866,0.3046506
GAAATGACATTAGGCT-1-1,0_HealthyBM2,HBM,11,4.494857,-3.6603432
GAAATGAGTATCACCA-1-1,0_HealthyBM2,HBM,7,-2.98725,0.5160355
GAAATGATCACAATGC-1-1,0_HealthyBM2,HBM,9,3.1589234,1.7368704
GAAATGATCACCCTCA-1-1,0_HealthyBM2,HBM,7,-4.279566,-0.17867334
GAAATGATCCGCAGTG-1-1,0_HealthyBM2,HBM,5,-0.92132396,0.8890239
GAAATGATCCTCATTA-1-1,0_HealthyBM2,HBM,9,6.3863087,0.25289178
GAACATCGTGTGACCC-1-1,0_HealthyBM2,HBM,1,7.8808765,0.37163088
GAACATCTCCTCGCAT-1-1,0_HealthyBM2,HBM,15,-2.0060682,-0.4681957
GAACATCTCGATGAGG-1-1,0_HealthyBM2,HBM,3,-0.10134448,-0.51837605
GAACCTACAATCAGAA-1-1,0_HealthyBM2,HBM,5,-0.49516538,-0.07919126
GAACCTAGTGGTCCGT-1-1,0_HealthyBM2,HBM,6,-0.6602602,-2.2664313
GAACCTAGTTTAGCTG-1-1,0_HealthyBM2,HBM,6,2.312968,0.24975894
GAACCTAGTTTGCATG-1-1,0_HealthyBM2,HBM,3,-2.027917,0.83077383
GAACCTAGTTTGTTGG-1-1,0_HealthyBM2,HBM,14,7.280016,-2.8054118
GAACCTATCCCTTGTG-1-1,0_HealthyBM2,HBM,9,2.3504536,-0.22543913
GAACCTATCGACAGCC-1-1,0_HealthyBM2,HBM,1,7.852322,-0.34130964
GAACCTATCTTAGAGC-1-1,0_HealthyBM2,HBM,14,8.376338,-3.2111018
GAACGGAAGCTCCTTC-1-1,0_HealthyBM2,HBM,0,11.542417,3.1188188
GAACGGAAGGTAGCTG-1-1,0_HealthyBM2,HBM,3,-1.4859158,0.84940827
GAACGGACAAACTGTC-1-1,0_HealthyBM2,HBM,4,-3.5995874,2.546594
GAACGGACACGGTGTC-1-1,0_HealthyBM2,HBM,9,0.8372822,1.4810894
GAACGGACAGTCGATT-1-1,0_HealthyBM2,HBM,3,-1.6456186,1.5811912
GAACGGATCAGCCTAA-1-1,0_HealthyBM2,HBM,15,-2.658043,-0.8032802
GAAGCAGTCCACGCAG-1-1,0_HealthyBM2,HBM,1,7.681553,0.1126275
GAATAAGAGACTTGAA-1-1,0_HealthyBM2,HBM,4,-1.8868071,-2.6062083
GAATAAGAGTGCTGCC-1-1,0_HealthyBM2,HBM,0,11.398405,3.0046585
GAATAAGCAGAGTGTG-1-1,0_HealthyBM2,HBM,4,-1.848795,-3.0945506
GAATAAGCATCATCCC-1-1,0_HealthyBM2,HBM,3,-2.1142302,0.8063339
GAATAAGCATTGAGCT-1-1,0_HealthyBM2,HBM,3,-1.9115072,0.58825654
GAATAAGGTCAGTGGA-1-1,0_HealthyBM2,HBM,9,5.509031,0.17451179
GAATAAGTCCCAAGAT-1-1,0_HealthyBM2,HBM,3,-1.5705642,0.30521816
GAATGAAAGAACTGTA-1-1,0_HealthyBM2,HBM,6,0.95627123,-1.5819502
GAATGAAAGATCCCGC-1-1,0_HealthyBM2,HBM,4,-1.9649429,-2.5884013
GAATGAACACGACGAA-1-1,0_HealthyBM2,HBM,0,12.075236,1.9022406
GAATGAACAGCATACT-1-1,0_HealthyBM2,HBM,7,-5.310175,2.7906861
GAATGAAGTACATCCA-1-1,0_HealthyBM2,HBM,6,0.7166568,-1.4328486
GAATGAAGTGATAAAC-1-1,0_HealthyBM2,HBM,1,8.4080105,-0.73189914
GAATGAATCAACGCTA-1-1,0_HealthyBM2,HBM,3,-1.5462929,0.1430275
GAATGAATCACCCGAG-1-1,0_HealthyBM2,HBM,9,3.5777323,-0.00095104007
GAATGAATCCAGAAGG-1-1,0_HealthyBM2,HBM,7,-4.6967354,0.90197355
GAATGAATCGAGAACG-1-1,0_HealthyBM2,HBM,3,-2.554253,1.8883711
GAATGAATCTGTCTAT-1-1,0_HealthyBM2,HBM,15,-1.6001009,-0.9978852
GACACGCCAGCCTTGG-1-1,0_HealthyBM2,HBM,9,3.7724624,0.755044
GACACGCGTAAGAGGA-1-1,0_HealthyBM2,HBM,6,0.80280083,-1.6601317
GACACGCGTTCGGGCT-1-1,0_HealthyBM2,HBM,11,4.8980145,-2.2917795
GACACGCTCGTCTGCT-1-1,0_HealthyBM2,HBM,11,4.6475234,-3.1587226
GACAGAGAGCTGGAAC-1-1,0_HealthyBM2,HBM,6,1.349683,-1.1315575
GACAGAGCAAGGCTCC-1-1,0_HealthyBM2,HBM,14,7.4303575,-3.1884232
GACAGAGCAGATGGCA-1-1,0_HealthyBM2,HBM,8,-1.5520083,-1.0160002
GACAGAGGTAAGTTCC-1-1,0_HealthyBM2,HBM,7,-3.5676973,0.6661505
GACAGAGGTGATGTGG-1-1,0_HealthyBM2,HBM,15,-2.6061587,0.6594947
GACAGAGGTGTGCCTG-1-1,0_HealthyBM2,HBM,6,0.43814495,-1.8847927
GACAGAGTCCTTGGTC-1-1,0_HealthyBM2,HBM,1,7.676722,-0.5193221
GACCAATAGTAGGTGC-1-1,0_HealthyBM2,HBM,4,-1.5507699,-2.0222301
GACCAATGTCGCCATG-1-1,0_HealthyBM2,HBM,0,10.828925,1.7849553
GACCAATGTGAACCTT-1-1,0_HealthyBM2,HBM,3,-0.44861326,1.1807126
GACCAATGTGACTCAT-1-1,0_HealthyBM2,HBM,8,-1.2678726,0.59086823
GACCAATGTGGTAACG-1-1,0_HealthyBM2,HBM,4,-0.8182078,0.34845504
GACCAATGTGTTGAGG-1-1,0_HealthyBM2,HBM,9,5.7862725,0.3387687
GACCAATTCAACCAAC-1-1,0_HealthyBM2,HBM,15,-2.4992368,-1.6738559
GACCAATTCACCACCT-1-1,0_HealthyBM2,HBM,14,7.0817833,-2.3633125
GACCAATTCGAGAACG-1-1,0_HealthyBM2,HBM,4,-1.9456723,-2.9980686
GACCAATTCGCCAGCA-1-1,0_HealthyBM2,HBM,3,-2.7797909,2.9998572
GACCAATTCTGAAAGA-1-1,0_HealthyBM2,HBM,9,5.4380126,1.6801234
GACCTGGCACAGGCCT-1-1,0_HealthyBM2,HBM,0,11.568877,2.3827457
GACCTGGCATCGGACC-1-1,0_HealthyBM2,HBM,3,-1.5993831,0.32143903
GACCTGGTCAAACCGT-1-1,0_HealthyBM2,HBM,15,-2.408902,-1.0090901
GACCTGGTCACTCCTG-1-1,0_HealthyBM2,HBM,9,6.8060217,0.47003508
GACGCGTAGCCAGAAC-1-1,0_HealthyBM2,HBM,3,0.013420454,2.3274868
GACGCGTAGCTACCGC-1-1,0_HealthyBM2,HBM,14,8.923223,-0.6510047
GACGCGTCATCAGTCA-1-1,0_HealthyBM2,HBM,0,10.470719,1.459975
GACGCGTCATGCAATC-1-1,0_HealthyBM2,HBM,4,-1.8207736,-2.817594
GACGCGTTCGTTTATC-1-1,0_HealthyBM2,HBM,4,-2.0065796,-3.2787511
GACGCGTTCTTGTTTG-1-1,0_HealthyBM2,HBM,1,6.4764013,0.558708
GACGGCTAGCTGCGAA-1-1,0_HealthyBM2,HBM,1,7.7356963,0.15402685
GACGGCTAGGCTAGCA-1-1,0_HealthyBM2,HBM,7,-3.58666,-1.2724886
GACGGCTCAATGACCT-1-1,0_HealthyBM2,HBM,9,5.8957043,-0.9638776
GACGGCTCAGGAATGC-1-1,0_HealthyBM2,HBM,14,7.05764,-3.4228418
GACGGCTGTGACAAAT-1-1,0_HealthyBM2,HBM,7,-5.9512086,0.16826501
GACGGCTGTTAAAGAC-1-1,0_HealthyBM2,HBM,9,3.3364265,0.4726541
GACGGCTGTTAAGACA-1-1,0_HealthyBM2,HBM,3,-1.7319973,3.0916564
GACGGCTTCCACGTTC-1-1,0_HealthyBM2,HBM,4,-1.509174,-0.1513431
GACGGCTTCCTATTCA-1-1,0_HealthyBM2,HBM,6,0.75694656,-1.4452213
GACGTGCAGACGCACA-1-1,0_HealthyBM2,HBM,9,5.3947287,-0.23217203
GACGTGCAGTTTAGGA-1-1,0_HealthyBM2,HBM,8,-2.1820939,-0.89085996
GACGTGCCACCGATAT-1-1,0_HealthyBM2,HBM,14,8.355061,-3.7484913
GACGTGCCACCGCTAG-1-1,0_HealthyBM2,HBM,3,-2.0801723,1.6632112
GACGTGCTCAGTTAGC-1-1,0_HealthyBM2,HBM,8,-2.6170206,0.035098817
GACGTGCTCATAACCG-1-1,0_HealthyBM2,HBM,3,-1.8659589,0.956094
GACGTTAAGCCCGAAA-1-1,0_HealthyBM2,HBM,3,-1.4517262,0.5108018
GACGTTAAGTAACCCT-1-1,0_HealthyBM2,HBM,3,-1.8862518,2.7557242
GACGTTACAACACGCC-1-1,0_HealthyBM2,HBM,6,0.30351666,-1.512398
GACGTTACACGTAAGG-1-1,0_HealthyBM2,HBM,3,-1.6917135,0.58354217
GACGTTACAGCAGTTT-1-1,0_HealthyBM2,HBM,9,3.3220375,-0.3361263
GACGTTACATGGATGG-1-1,0_HealthyBM2,HBM,0,11.218061,0.51832414
GACGTTAGTTTAAGCC-1-1,0_HealthyBM2,HBM,11,4.7229447,-2.8881946
GACGTTAGTTTAGGAA-1-1,0_HealthyBM2,HBM,3,-2.36086,2.2782352
GACGTTATCATGTGGT-1-1,0_HealthyBM2,HBM,15,-2.6974435,-1.1001716
GACGTTATCTTCATGT-1-1,0_HealthyBM2,HBM,3,-1.8590989,1.0415652
GACTAACAGGATATAC-1-1,0_HealthyBM2,HBM,6,0.9953686,-2.949415
GACTAACCACACCGCA-1-1,0_HealthyBM2,HBM,3,-3.0530727,2.04226
GACTAACGTCTCATCC-1-1,0_HealthyBM2,HBM,3,-1.7848196,1.9260147
GACTAACTCACGAAGG-1-1,0_HealthyBM2,HBM,14,7.4164615,-3.2634692
GACTAACTCCAAACTG-1-1,0_HealthyBM2,HBM,3,-0.61394006,0.63738453
GACTAACTCGGTTAAC-1-1,0_HealthyBM2,HBM,3,0.51886564,0.41728216
GACTAACTCTGACCTC-1-1,0_HealthyBM2,HBM,14,8.518755,-2.8771691
GACTACAAGACAGACC-1-1,0_HealthyBM2,HBM,3,-0.0077161244,0.7746167
GACTACAAGTCCTCCT-1-1,0_HealthyBM2,HBM,3,-0.7583685,-0.1927654
GACTACAGTCACAAGG-1-1,0_HealthyBM2,HBM,3,-1.9381071,0.29128554
GACTACAGTCCAGTAT-1-1,0_HealthyBM2,HBM,4,-3.2449074,1.6716479
GACTACATCCCTTGTG-1-1,0_HealthyBM2,HBM,3,-0.8384963,3.1501327
GACTGCGAGCAATATG-1-1,0_HealthyBM2,HBM,9,2.9474938,1.4162806
GACTGCGCAATGGAGC-1-1,0_HealthyBM2,HBM,14,10.411336,-0.0038584205
GACTGCGCACGTAAGG-1-1,0_HealthyBM2,HBM,4,-1.7158588,-3.120873
GACTGCGGTAGCTTGT-1-1,0_HealthyBM2,HBM,14,8.834716,-3.9194489
GACTGCGGTTATTCTC-1-1,0_HealthyBM2,HBM,3,-1.5877637,0.48595986
GAGCAGAAGAGTACCG-1-1,0_HealthyBM2,HBM,0,11.111768,2.1019864
GAGCAGAAGGCCATAG-1-1,0_HealthyBM2,HBM,3,-0.358168,0.8646677
GAGCAGAAGTGGACGT-1-1,0_HealthyBM2,HBM,3,-0.5803358,0.18264809
GAGCAGAAGTTATCGC-1-1,0_HealthyBM2,HBM,0,9.10939,0.9135864
GAGCAGACACCAGCAC-1-1,0_HealthyBM2,HBM,0,11.045569,2.8249197
GAGCAGATCAACACGT-1-1,0_HealthyBM2,HBM,15,-2.5247982,-2.1443155
GAGCAGATCCGTTGTC-1-1,0_HealthyBM2,HBM,9,5.361506,0.18459149
GAGCAGATCCTGCTTG-1-1,0_HealthyBM2,HBM,14,10.40301,0.4364296
GAGCAGATCCTTGCCA-1-1,0_HealthyBM2,HBM,15,-2.9661753,0.33429077
GAGCAGATCGTCTGAA-1-1,0_HealthyBM2,HBM,8,-2.0174057,-0.77587634
GAGGTGACAGAGTGTG-1-1,0_HealthyBM2,HBM,5,0.29728928,0.80070597
GAGGTGACAGCAGTTT-1-1,0_HealthyBM2,HBM,3,-0.96752316,-0.20827611
GAGGTGACATGCCTAA-1-1,0_HealthyBM2,HBM,6,0.37981206,-1.5938151
GAGGTGACATTATCTC-1-1,0_HealthyBM2,HBM,6,0.4512225,-0.3860805
GAGGTGAGTCGCTTCT-1-1,0_HealthyBM2,HBM,3,-1.5562553,0.051323123
GAGTCCGAGCCAACAG-1-1,0_HealthyBM2,HBM,14,8.526787,-3.3074257
GAGTCCGAGGATGCGT-1-1,0_HealthyBM2,HBM,14,8.898143,-2.0453153
GAGTCCGCAAGGACTG-1-1,0_HealthyBM2,HBM,7,-4.1098275,-0.43275562
GAGTCCGCAGCGTTCG-1-1,0_HealthyBM2,HBM,5,0.025766714,0.47759992
GAGTCCGGTGTCGCTG-1-1,0_HealthyBM2,HBM,3,-2.638796,1.817131
GAGTCCGGTTAAGGGC-1-1,0_HealthyBM2,HBM,3,-1.7498158,2.406502
GAGTCCGGTTCCCTTG-1-1,0_HealthyBM2,HBM,9,5.8403854,0.16945632
GAGTCCGTCTTGTATC-1-1,0_HealthyBM2,HBM,6,1.4265355,-1.1403786
GATCAGTAGCTACCTA-1-1,0_HealthyBM2,HBM,9,6.0717926,0.051922966
GATCAGTAGTGAACGC-1-1,0_HealthyBM2,HBM,3,-1.3011075,1.5435338
GATCAGTCACAAGACG-1-1,0_HealthyBM2,HBM,7,-4.6083455,-0.27082923
GATCAGTCAGGCGATA-1-1,0_HealthyBM2,HBM,7,-4.4076753,-1.112333
GATCAGTCATCAGTAC-1-1,0_HealthyBM2,HBM,4,-3.2550945,1.3701679
GATCAGTCATTTGCTT-1-1,0_HealthyBM2,HBM,3,-1.8174179,2.090663
GATCAGTGTCAGTGGA-1-1,0_HealthyBM2,HBM,3,-3.0359979,1.5604193
GATCGATAGAATGTGT-1-1,0_HealthyBM2,HBM,3,-1.0133733,2.436361
GATCGATAGAGGTACC-1-1,0_HealthyBM2,HBM,3,-1.8118975,3.135694
GATCGATAGCTGGAAC-1-1,0_HealthyBM2,HBM,9,6.090982,-0.015099702
GATCGATAGGAGTTGC-1-1,0_HealthyBM2,HBM,7,-3.9369395,0.7819927
GATCGATAGTACGTTC-1-1,0_HealthyBM2,HBM,6,-0.46156153,-1.1724972
GATCGCGAGGCGTACA-1-1,0_HealthyBM2,HBM,1,8.536145,0.03703162
GATCGCGCAGCCTTTC-1-1,0_HealthyBM2,HBM,4,-1.8348325,-3.3961074
GATCGCGGTCTCTCGT-1-1,0_HealthyBM2,HBM,9,5.659503,0.28955108
GATCGCGGTTATCACG-1-1,0_HealthyBM2,HBM,0,12.138117,2.8421936
GATCGTACACGACGAA-1-1,0_HealthyBM2,HBM,9,6.3082027,1.537399
GATCGTACAGTCTTCC-1-1,0_HealthyBM2,HBM,9,5.400666,0.7565849
GATCGTAGTCCAACTA-1-1,0_HealthyBM2,HBM,6,-0.355901,-2.160616
GATCGTATCATCATTC-1-1,0_HealthyBM2,HBM,8,-2.6795566,2.0651834
GATCGTATCTCGGACG-1-1,0_HealthyBM2,HBM,8,-1.4298372,-1.340511
GATCTAGAGCTAGTCT-1-1,0_HealthyBM2,HBM,7,-4.6935425,2.9632387
GATCTAGAGCTCCCAG-1-1,0_HealthyBM2,HBM,1,8.621614,0.37156552
GATCTAGAGCTGATAA-1-1,0_HealthyBM2,HBM,7,-4.7764792,3.1012642
GATCTAGCAGTATCTG-1-1,0_HealthyBM2,HBM,3,1.2703327,0.95253974
GATCTAGGTGTATGGG-1-1,0_HealthyBM2,HBM,15,-2.166376,-2.4284728
GATCTAGTCCGCGGTA-1-1,0_HealthyBM2,HBM,15,-1.9878168,-1.1196908
GATCTAGTCGGCCGAT-1-1,0_HealthyBM2,HBM,3,-1.2168131,0.9108199
GATGAAAAGCGTTCCG-1-1,0_HealthyBM2,HBM,3,-1.1347202,-0.08002381
GATGAAAAGCTGAAAT-1-1,0_HealthyBM2,HBM,3,-3.235169,2.4170878
GATGAAACAACGATGG-1-1,0_HealthyBM2,HBM,3,-2.858143,2.007113
GATGAAATCAGGCAAG-1-1,0_HealthyBM2,HBM,7,-3.9881225,-0.7179366
GATGAGGAGTGCCAGA-1-1,0_HealthyBM2,HBM,4,-1.3115661,-3.0606866
GATGAGGAGTTATCGC-1-1,0_HealthyBM2,HBM,8,-2.7718058,-0.7402577
GATGAGGCAAGTTCTG-1-1,0_HealthyBM2,HBM,6,1.7472136,-1.7489806
GATGAGGCAGGGATTG-1-1,0_HealthyBM2,HBM,3,-1.8095877,0.9105564
GATGAGGTCAGCAACT-1-1,0_HealthyBM2,HBM,3,-2.6055691,1.8530036
GATGAGGTCCTTTACA-1-1,0_HealthyBM2,HBM,11,5.0097175,-2.8601432
GATGCTAGTCTGCCAG-1-1,0_HealthyBM2,HBM,3,-0.54074264,-0.02227887
GATGCTAGTGGCTCCA-1-1,0_HealthyBM2,HBM,15,-2.141452,-1.0556064
GATGCTAGTTAAAGTG-1-1,0_HealthyBM2,HBM,14,8.479617,-4.043908
GATGCTATCAGTACGT-1-1,0_HealthyBM2,HBM,7,-5.9845176,0.13903703
GATGCTATCCGAGCCA-1-1,0_HealthyBM2,HBM,9,3.781542,1.4495949
GATTCAGAGACTAAGT-1-1,0_HealthyBM2,HBM,4,-1.2834916,-2.172583
GATTCAGAGCCTTGAT-1-1,0_HealthyBM2,HBM,15,-1.9827945,-1.4109676
GATTCAGAGGACATTA-1-1,0_HealthyBM2,HBM,7,-3.5631843,-0.844855
GATTCAGAGGATCGCA-1-1,0_HealthyBM2,HBM,7,-4.853885,0.32235965
GATTCAGAGGCTAGGT-1-1,0_HealthyBM2,HBM,8,-2.8640935,-1.0618143
GATTCAGCAGATCGGA-1-1,0_HealthyBM2,HBM,9,5.3338985,1.2913283
GATTCAGGTTCAGTAC-1-1,0_HealthyBM2,HBM,1,7.7008667,-0.4409004
GATTCAGTCAAAGACA-1-1,0_HealthyBM2,HBM,6,0.06909501,-2.0256302
GCAAACTAGCGAAGGG-1-1,0_HealthyBM2,HBM,9,6.0716367,1.1512643
GCAAACTAGCGATAGC-1-1,0_HealthyBM2,HBM,7,-4.166899,0.43200842
GCAAACTCACATCCGG-1-1,0_HealthyBM2,HBM,5,-0.99807787,-0.5761826
GCAAACTCACTTACGA-1-1,0_HealthyBM2,HBM,8,-2.620084,0.6539697
GCAAACTCATCCTAGA-1-1,0_HealthyBM2,HBM,3,-0.85254157,3.320221
GCAAACTGTCTAAACC-1-1,0_HealthyBM2,HBM,8,-1.6273475,-0.5077313
GCAAACTGTGACTCAT-1-1,0_HealthyBM2,HBM,6,0.7380543,-1.4062582
GCAAACTTCCCTGACT-1-1,0_HealthyBM2,HBM,4,-0.01070665,-1.435524
GCAATCAAGATGTCGG-1-1,0_HealthyBM2,HBM,11,4.3828244,-3.6523075
GCAATCAAGGTGCTTT-1-1,0_HealthyBM2,HBM,3,-0.82612014,1.2055355
GCAATCAGTGCACCAC-1-1,0_HealthyBM2,HBM,3,1.7572919,-0.5077434
GCAATCAGTTTGGCGC-1-1,0_HealthyBM2,HBM,7,-5.497135,-0.02584726
GCAATCATCATTGCGA-1-1,0_HealthyBM2,HBM,6,0.7478119,-1.5161726
GCAATCATCCCATTAT-1-1,0_HealthyBM2,HBM,14,8.909627,-3.693689
GCAATCATCTCTAGGA-1-1,0_HealthyBM2,HBM,7,-3.6686773,-0.799088
GCACATAAGTGTTTGC-1-1,0_HealthyBM2,HBM,14,8.843304,-2.7796938
GCACATACAGCTGTAT-1-1,0_HealthyBM2,HBM,8,-2.125958,-0.5212534
GCACATAGTAAGGATT-1-1,0_HealthyBM2,HBM,1,8.599775,0.3916191
GCACATAGTCTAGAGG-1-1,0_HealthyBM2,HBM,1,7.75819,0.22519165
GCACATAGTGAGCGAT-1-1,0_HealthyBM2,HBM,4,-3.2257078,2.1266642
GCACATAGTGGTCTCG-1-1,0_HealthyBM2,HBM,9,5.9798174,0.94123495
GCACATATCTCATTCA-1-1,0_HealthyBM2,HBM,3,-1.7295927,0.8931655
GCACTCTAGGCATTGG-1-1,0_HealthyBM2,HBM,3,-2.3758922,1.4234576
GCACTCTCATGCTGGC-1-1,0_HealthyBM2,HBM,9,3.2985153,-0.0847943
GCACTCTGTCACAAGG-1-1,0_HealthyBM2,HBM,9,5.1889334,0.52933234
GCACTCTGTGTGAATA-1-1,0_HealthyBM2,HBM,3,-0.41875702,-0.43321827
GCACTCTGTTTACTCT-1-1,0_HealthyBM2,HBM,7,-3.437003,-0.22926457
GCACTCTTCAGCATGT-1-1,0_HealthyBM2,HBM,15,-1.6781515,-0.97748196
GCAGCCAAGAGTTGGC-1-1,0_HealthyBM2,HBM,0,10.287278,2.6847785
GCAGCCAAGCAATATG-1-1,0_HealthyBM2,HBM,4,-2.7346613,-2.8288426
GCAGCCAAGCAGACTG-1-1,0_HealthyBM2,HBM,9,5.639008,1.1578622
GCAGCCACAACTGCGC-1-1,0_HealthyBM2,HBM,15,-1.7829229,-0.9425142
GCAGCCACAAGCGTAG-1-1,0_HealthyBM2,HBM,0,10.020718,1.1599942
GCAGCCACACTGAAGG-1-1,0_HealthyBM2,HBM,8,-2.5158231,-1.1815001
GCAGCCACAGCTCGCA-1-1,0_HealthyBM2,HBM,14,8.03124,-2.030076
GCAGCCAGTCGCCATG-1-1,0_HealthyBM2,HBM,3,-1.4234854,3.0181992
GCAGCCAGTCTGCGGT-1-1,0_HealthyBM2,HBM,5,0.27808326,-0.5407394
GCAGCCATCAGCTGGC-1-1,0_HealthyBM2,HBM,14,7.42411,-2.5818887
GCAGTTAAGTGCAAGC-1-1,0_HealthyBM2,HBM,15,-2.2815118,-1.471373
GCAGTTACATCCGTGG-1-1,0_HealthyBM2,HBM,6,0.82523584,-0.2150142
GCAGTTATCAGAGGTG-1-1,0_HealthyBM2,HBM,14,7.912891,-3.7448547
GCATACACAACACGCC-1-1,0_HealthyBM2,HBM,9,5.0469685,1.2479253
GCATACAGTTCAGCGC-1-1,0_HealthyBM2,HBM,0,11.727445,2.876636
GCATACATCACGCATA-1-1,0_HealthyBM2,HBM,15,-3.0824685,-1.5216384
GCATACATCCAAGTAC-1-1,0_HealthyBM2,HBM,6,0.61030865,-1.829271
GCATACATCCTCAATT-1-1,0_HealthyBM2,HBM,3,-0.74146706,0.35219833
GCATACATCTACTCAT-1-1,0_HealthyBM2,HBM,4,-1.0789957,-3.0032387
GCATACATCTCTAGGA-1-1,0_HealthyBM2,HBM,15,-1.755087,-2.4510248
GCATGATAGGCTACGA-1-1,0_HealthyBM2,HBM,6,0.9622261,-1.7799513
GCATGATCAGTAAGCG-1-1,0_HealthyBM2,HBM,7,-4.438967,-1.089285
GCATGATCATCATCCC-1-1,0_HealthyBM2,HBM,8,-1.525994,-1.1173314
GCATGATGTTCCTCCA-1-1,0_HealthyBM2,HBM,3,0.48873797,-0.23821811
GCATGCGAGCAAATCA-1-1,0_HealthyBM2,HBM,9,6.1664476,-0.22829959
GCATGCGAGGATGTAT-1-1,0_HealthyBM2,HBM,3,0.21141733,1.1763096
GCATGCGCAACTGGCC-1-1,0_HealthyBM2,HBM,3,-0.8578325,2.4233253
GCATGCGCATGCGCAC-1-1,0_HealthyBM2,HBM,3,0.59001374,-0.41145968
GCATGCGGTGATGATA-1-1,0_HealthyBM2,HBM,1,7.665553,0.5738379
GCATGCGTCAGCGACC-1-1,0_HealthyBM2,HBM,3,-0.56196636,0.43151528
GCATGTAAGCTGCAAG-1-1,0_HealthyBM2,HBM,3,-2.1580033,2.4928546
GCATGTAAGGATCGCA-1-1,0_HealthyBM2,HBM,4,-1.6501697,-2.7561364
GCATGTAAGTGGTCCC-1-1,0_HealthyBM2,HBM,1,6.84289,-0.084789716
GCATGTAGTGGACGAT-1-1,0_HealthyBM2,HBM,15,-1.7993858,-0.7263272
GCATGTATCACATAGC-1-1,0_HealthyBM2,HBM,3,-1.029785,-0.2594236
GCCAAATAGATATACG-1-1,0_HealthyBM2,HBM,3,-1.4086835,1.1032871
GCCAAATAGATATGGT-1-1,0_HealthyBM2,HBM,3,-1.8184125,2.7172089
GCCAAATAGATCTGAA-1-1,0_HealthyBM2,HBM,3,-2.6530774,3.0757687
GCCAAATCACATCTTT-1-1,0_HealthyBM2,HBM,1,7.6481986,0.026416564
GCCAAATTCAAAGACA-1-1,0_HealthyBM2,HBM,6,1.1722844,-2.4829552
GCCAAATTCTGACCTC-1-1,0_HealthyBM2,HBM,14,10.145959,-0.72934365
GCCTCTAAGCACGCCT-1-1,0_HealthyBM2,HBM,9,3.6348207,-0.26920807
GCCTCTAAGTTTGCGT-1-1,0_HealthyBM2,HBM,3,-1.836704,0.43550038
GCCTCTACACATCCAA-1-1,0_HealthyBM2,HBM,15,-3.1901672,0.2966445
GCCTCTACAGCCAATT-1-1,0_HealthyBM2,HBM,3,-2.7658386,3.413788
GCCTCTAGTATAGGTA-1-1,0_HealthyBM2,HBM,15,-3.1289892,0.3984274
GCCTCTAGTCAAACTC-1-1,0_HealthyBM2,HBM,9,1.3681926,1.5366578
GCCTCTAGTTAAGATG-1-1,0_HealthyBM2,HBM,7,-3.3399754,1.245625
GCGACCAAGACGCAAC-1-1,0_HealthyBM2,HBM,4,-2.919586,1.34732
GCGACCAAGCGTAATA-1-1,0_HealthyBM2,HBM,14,8.363721,-3.24696
GCGACCAAGCTGGAAC-1-1,0_HealthyBM2,HBM,14,8.524706,-3.7189803
GCGACCAAGGGTGTTG-1-1,0_HealthyBM2,HBM,9,3.9609742,-0.27212557
GCGACCAGTCGCGTGT-1-1,0_HealthyBM2,HBM,7,-4.189059,0.43233803
GCGACCAGTTTAGGAA-1-1,0_HealthyBM2,HBM,1,8.479872,0.20823112
GCGACCATCATCATTC-1-1,0_HealthyBM2,HBM,6,-0.19626954,-1.4777405
GCGACCATCCCAAGAT-1-1,0_HealthyBM2,HBM,4,-0.5955643,-2.7738373
GCGACCATCCCTGACT-1-1,0_HealthyBM2,HBM,7,-4.5164785,0.69432104
GCGACCATCTACTTAC-1-1,0_HealthyBM2,HBM,4,-1.766362,-3.056171
GCGAGAAAGAAACCTA-1-1,0_HealthyBM2,HBM,11,4.3596363,-2.6513329
GCGAGAAAGAGTACCG-1-1,0_HealthyBM2,HBM,6,0.9657997,-2.3706565
GCGAGAAGTCTCATCC-1-1,0_HealthyBM2,HBM,0,10.835286,0.98844665
GCGAGAATCAACGCTA-1-1,0_HealthyBM2,HBM,4,-2.3726366,-3.287676
GCGCAACAGGATGCGT-1-1,0_HealthyBM2,HBM,3,-0.20374086,3.2403097
GCGCAACGTCAAAGAT-1-1,0_HealthyBM2,HBM,15,-2.3240857,1.5252248
GCGCAACGTGACAAAT-1-1,0_HealthyBM2,HBM,1,7.4244804,0.2608552
GCGCAACGTTCGTGAT-1-1,0_HealthyBM2,HBM,3,-3.2504842,3.1474004
GCGCAGTAGCTGATAA-1-1,0_HealthyBM2,HBM,8,-2.2980406,-0.45683008
GCGCAGTAGTGGTAGC-1-1,0_HealthyBM2,HBM,1,6.3568225,-0.88563204
GCGCAGTCAACGATCT-1-1,0_HealthyBM2,HBM,0,10.307986,2.0003147
GCGCAGTCATACGCCG-1-1,0_HealthyBM2,HBM,3,1.063396,1.8645109
GCGCAGTGTTAAAGTG-1-1,0_HealthyBM2,HBM,3,-0.9782003,1.356927
GCGCAGTTCCCTCAGT-1-1,0_HealthyBM2,HBM,14,9.754347,-1.6338143
GCGCAGTTCGCGTAGC-1-1,0_HealthyBM2,HBM,6,0.79269683,-0.8769441
GCGCAGTTCGTTGACA-1-1,0_HealthyBM2,HBM,9,3.8737342,0.8727624
GCGCAGTTCTTGCAAG-1-1,0_HealthyBM2,HBM,9,6.5335875,0.5977293
GCGCCAAAGGATATAC-1-1,0_HealthyBM2,HBM,3,-2.629304,2.887054
GCGCCAACACCTATCC-1-1,0_HealthyBM2,HBM,3,-1.103567,0.6101336
GCGCCAAGTTCGGCAC-1-1,0_HealthyBM2,HBM,6,1.3611362,-2.9423912
GCGCCAATCGGCCGAT-1-1,0_HealthyBM2,HBM,14,7.9341044,-1.9445435
GCGCCAATCTAAGCCA-1-1,0_HealthyBM2,HBM,9,4.702705,0.892849
GCGCGATAGCTGTCTA-1-1,0_HealthyBM2,HBM,6,0.05097464,-1.8335372
GCGCGATCAACTGCGC-1-1,0_HealthyBM2,HBM,6,1.3424307,-0.5523153
GCGCGATCACATCTTT-1-1,0_HealthyBM2,HBM,3,-2.190462,2.5297427
GCGCGATCATTACGAC-1-1,0_HealthyBM2,HBM,6,0.6807738,-2.8099873
GCGCGATGTACCTACA-1-1,0_HealthyBM2,HBM,4,-1.5459532,-2.1062872
GCGCGATGTGCACCAC-1-1,0_HealthyBM2,HBM,9,3.9396307,-0.13383655
GCGGGTTAGAGTAAGG-1-1,0_HealthyBM2,HBM,1,7.118096,0.20172946
GCGGGTTCAATCTGCA-1-1,0_HealthyBM2,HBM,14,8.925677,-3.7381637
GCGGGTTGTACACCGC-1-1,0_HealthyBM2,HBM,0,11.088594,1.1657628
GCGGGTTGTCAAACTC-1-1,0_HealthyBM2,HBM,4,-1.2244381,-3.297377
GCTCCTACAAAGTGCG-1-1,0_HealthyBM2,HBM,3,-1.8932886,3.1874523
GCTCCTACAATGAAAC-1-1,0_HealthyBM2,HBM,9,3.6868358,0.34653044
GCTCCTACACCACGTG-1-1,0_HealthyBM2,HBM,15,-2.772038,1.3595873
GCTCCTACATGGTCTA-1-1,0_HealthyBM2,HBM,9,6.0001855,-0.4693604
GCTCCTAGTAGCGATG-1-1,0_HealthyBM2,HBM,3,-1.2856375,2.2414203
GCTCCTAGTAGGGTAC-1-1,0_HealthyBM2,HBM,7,-4.18984,-0.4938649
GCTCCTAGTGTAAGTA-1-1,0_HealthyBM2,HBM,1,7.305085,0.7245487
GCTCCTATCCGTCATC-1-1,0_HealthyBM2,HBM,1,9.115372,0.23400125
GCTCCTATCCTCAATT-1-1,0_HealthyBM2,HBM,0,10.913863,2.6877406
GCTCCTATCTACTATC-1-1,0_HealthyBM2,HBM,3,-1.3077077,-0.6515897
GCTCTGTAGCCGATTT-1-1,0_HealthyBM2,HBM,6,1.3935578,-2.8487713
GCTCTGTAGCGCTTAT-1-1,0_HealthyBM2,HBM,9,3.6816702,0.09927276
GCTCTGTAGTGTGGCA-1-1,0_HealthyBM2,HBM,3,-0.45282495,0.5889845
GCTCTGTAGTTTGCGT-1-1,0_HealthyBM2,HBM,5,-0.94145,-0.26364043
GCTCTGTCAAGAGTCG-1-1,0_HealthyBM2,HBM,0,11.665088,2.3285503
GCTCTGTCAGACACTT-1-1,0_HealthyBM2,HBM,4,-0.54614687,-2.9382553
GCTCTGTCAGTGACAG-1-1,0_HealthyBM2,HBM,9,4.46328,0.15680623
GCTCTGTCAGTGGGAT-1-1,0_HealthyBM2,HBM,11,4.434267,-2.9746938
GCTCTGTGTCCAAGTT-1-1,0_HealthyBM2,HBM,9,5.0868134,0.5744683
GCTCTGTGTTGCTCCT-1-1,0_HealthyBM2,HBM,7,-5.1397114,2.2013147
GCTCTGTTCACAGTAC-1-1,0_HealthyBM2,HBM,9,5.1247125,0.90703684
GCTCTGTTCATCGCTC-1-1,0_HealthyBM2,HBM,9,3.4388041,1.5389382
GCTCTGTTCCTGCAGG-1-1,0_HealthyBM2,HBM,5,-0.023993343,0.3590641
GCTCTGTTCCTTTACA-1-1,0_HealthyBM2,HBM,3,-2.417826,1.1340505
GCTCTGTTCTCTAAGG-1-1,0_HealthyBM2,HBM,9,5.334054,1.4437962
GCTCTGTTCTTCATGT-1-1,0_HealthyBM2,HBM,6,1.2291025,-0.92696476
GCTGCAGCACAGGAGT-1-1,0_HealthyBM2,HBM,6,0.49275964,-2.6058319
GCTGCAGCACGGCCAT-1-1,0_HealthyBM2,HBM,9,6.711549,0.03543625
GCTGCAGCAGCCTGTG-1-1,0_HealthyBM2,HBM,6,2.1127508,0.8328034
GCTGCAGGTACAGCAG-1-1,0_HealthyBM2,HBM,14,7.790628,-3.0814235
GCTGCAGGTACTTGAC-1-1,0_HealthyBM2,HBM,3,0.90842015,-0.34310162
GCTGCAGGTGAAGGCT-1-1,0_HealthyBM2,HBM,9,4.211215,-0.5830075
GCTGCAGGTGTGGCTC-1-1,0_HealthyBM2,HBM,9,4.2095275,-0.5663454
GCTGCAGGTTATGTGC-1-1,0_HealthyBM2,HBM,11,4.2588162,-2.8968356
GCTGCAGTCTTGTATC-1-1,0_HealthyBM2,HBM,7,-4.192005,-0.98632205
GCTGCGAGTAGCACGA-1-1,0_HealthyBM2,HBM,1,7.923738,-0.4290084
GCTGCGAGTATAGGGC-1-1,0_HealthyBM2,HBM,7,-4.174007,2.8203676
GCTGCGAGTCACCTAA-1-1,0_HealthyBM2,HBM,3,-1.4628576,2.1920638
GCTGCGAGTCCGAAGA-1-1,0_HealthyBM2,HBM,9,3.9112468,1.4810973
GCTGCGAGTGTTAAGA-1-1,0_HealthyBM2,HBM,9,5.838635,0.14442591
GCTGCGATCCTGCCAT-1-1,0_HealthyBM2,HBM,3,-0.12307018,-0.7084594
GCTGCGATCGCTGATA-1-1,0_HealthyBM2,HBM,3,-2.8435624,1.8477839
GCTGCGATCGGCATCG-1-1,0_HealthyBM2,HBM,3,0.09722663,-0.32650298
GCTGCGATCGGCGCAT-1-1,0_HealthyBM2,HBM,14,8.50517,-3.4988809
GCTGCGATCGTACCGG-1-1,0_HealthyBM2,HBM,9,3.1165679,-0.65104574
GCTGCTTAGACTCGGA-1-1,0_HealthyBM2,HBM,7,-3.8623104,-0.56661123
GCTGCTTAGTGCCATT-1-1,0_HealthyBM2,HBM,8,-2.7623792,2.3016987
GCTGCTTCACCAGGTC-1-1,0_HealthyBM2,HBM,3,-1.1866131,3.4216344
GCTGGGTCAAGCGAGT-1-1,0_HealthyBM2,HBM,9,5.765945,1.022525
GCTGGGTCACGGTGTC-1-1,0_HealthyBM2,HBM,3,-1.1893119,3.1917717
GCTGGGTGTCAGAGGT-1-1,0_HealthyBM2,HBM,3,-0.96821314,-0.91682017
GCTGGGTGTGGTTTCA-1-1,0_HealthyBM2,HBM,3,-1.8168283,-0.036699437
GCTGGGTGTGTAAGTA-1-1,0_HealthyBM2,HBM,9,5.156705,-0.290048
GCTGGGTGTTATGCGT-1-1,0_HealthyBM2,HBM,3,-2.2269351,2.537184
GCTGGGTTCTAAGCCA-1-1,0_HealthyBM2,HBM,6,-0.40285954,-1.6788313
GCTTCCAAGCCGCCTA-1-1,0_HealthyBM2,HBM,8,-3.121004,0.14070256
GCTTCCACAGTTTACG-1-1,0_HealthyBM2,HBM,9,5.039189,0.6181824
GCTTCCATCCCATTAT-1-1,0_HealthyBM2,HBM,3,-0.39186755,-0.16221493
GCTTCCATCCGTAGTA-1-1,0_HealthyBM2,HBM,3,-1.4378568,0.62677807
GCTTCCATCCTATTCA-1-1,0_HealthyBM2,HBM,0,12.796909,2.88426
GCTTCCATCGGATGGA-1-1,0_HealthyBM2,HBM,9,6.1669626,0.418437
GCTTCCATCGTCTGAA-1-1,0_HealthyBM2,HBM,1,8.286076,-0.47825864
GCTTGAACAGGTTTCA-1-1,0_HealthyBM2,HBM,3,-3.0970984,3.2649205
GCTTGAAGTATATGAG-1-1,0_HealthyBM2,HBM,3,-1.8268886,1.8269719
GCTTGAATCAGAAATG-1-1,0_HealthyBM2,HBM,14,8.852177,-3.648188
GCTTGAATCCCAAGAT-1-1,0_HealthyBM2,HBM,3,1.6759527,0.24982533
GGAAAGCCAGACGCTC-1-1,0_HealthyBM2,HBM,7,-4.0638313,0.6388059
GGAAAGCTCATCATTC-1-1,0_HealthyBM2,HBM,3,-1.4354306,-0.5169444
GGAAAGCTCGATCCCT-1-1,0_HealthyBM2,HBM,9,6.8585954,0.57846546
GGAAAGCTCGTTACAG-1-1,0_HealthyBM2,HBM,0,11.6839,2.0487347
GGAACTTCAAGACGTG-1-1,0_HealthyBM2,HBM,1,8.0128,-0.24468638
GGAACTTCACGGATAG-1-1,0_HealthyBM2,HBM,11,3.2102146,-1.0970514
GGAACTTCATTTGCCC-1-1,0_HealthyBM2,HBM,14,9.804493,-1.6558051
GGAACTTGTGATGCCC-1-1,0_HealthyBM2,HBM,1,8.037284,-0.05204904
GGAACTTTCTGGCGAC-1-1,0_HealthyBM2,HBM,8,-2.5843225,-0.7270644
GGAATAATCATGCATG-1-1,0_HealthyBM2,HBM,4,-1.9815034,-3.0969703
GGACAAGAGTCACGCC-1-1,0_HealthyBM2,HBM,6,0.8713933,-2.5825768
GGACAAGCAAGAAGAG-1-1,0_HealthyBM2,HBM,7,-4.1723986,0.28479415
GGACAAGCAAGGTGTG-1-1,0_HealthyBM2,HBM,0,10.454803,1.4173986
GGACAAGGTAGGAGTC-1-1,0_HealthyBM2,HBM,9,5.4084897,0.22672504
GGACAAGTCAAAGACA-1-1,0_HealthyBM2,HBM,4,-3.214228,2.3116872
GGACAAGTCATGCATG-1-1,0_HealthyBM2,HBM,15,-1.2194072,0.13933392
GGACAAGTCCACGAAT-1-1,0_HealthyBM2,HBM,3,2.302509,-0.6018571
GGACAGAAGCGTGAGT-1-1,0_HealthyBM2,HBM,8,-2.0972247,0.13125381
GGACAGAAGTCCAGGA-1-1,0_HealthyBM2,HBM,8,-2.9902859,1.5961328
GGACAGACAGACTCGC-1-1,0_HealthyBM2,HBM,14,7.7861147,-0.12924068
GGACAGAGTAACGACG-1-1,0_HealthyBM2,HBM,7,-4.0871882,-0.69488364
GGACAGATCTGTACGA-1-1,0_HealthyBM2,HBM,15,-1.5639945,-2.5218267
GGACATTAGCTGCAAG-1-1,0_HealthyBM2,HBM,3,0.31864887,0.3344747
GGACATTAGTAGCGGT-1-1,0_HealthyBM2,HBM,3,0.83484095,-0.39152658
GGACATTAGTTGAGAT-1-1,0_HealthyBM2,HBM,3,-2.6115334,2.8787632
GGACATTCACTGTTAG-1-1,0_HealthyBM2,HBM,3,-1.6340728,0.3257648
GGACATTCAGGCTCAC-1-1,0_HealthyBM2,HBM,14,8.336525,-3.0250497
GGACATTCATCCCACT-1-1,0_HealthyBM2,HBM,7,-4.187336,1.554773
GGACATTGTCTTCTCG-1-1,0_HealthyBM2,HBM,9,6.290182,0.7406715
GGACATTTCCCTAACC-1-1,0_HealthyBM2,HBM,4,-0.8691876,-0.90526325
GGACGTCAGCCAGGAT-1-1,0_HealthyBM2,HBM,6,1.6642181,-1.2377867
GGACGTCAGGCGATAC-1-1,0_HealthyBM2,HBM,0,11.275134,2.1515825
GGACGTCAGTTCGCAT-1-1,0_HealthyBM2,HBM,9,4.672708,0.29989398
GGACGTCCACCAGCAC-1-1,0_HealthyBM2,HBM,14,8.012189,-3.37867
GGACGTCGTACTTGAC-1-1,0_HealthyBM2,HBM,15,-2.831194,0.5794879
GGACGTCGTCGAAAGC-1-1,0_HealthyBM2,HBM,7,-4.1991982,2.834737
GGACGTCGTTCCACTC-1-1,0_HealthyBM2,HBM,6,3.0593674,-0.7833133
GGACGTCTCCTCAATT-1-1,0_HealthyBM2,HBM,0,10.88272,1.752584
GGAGCAAAGTTAGGTA-1-1,0_HealthyBM2,HBM,1,8.658841,-0.026122108
GGAGCAACATAGAAAC-1-1,0_HealthyBM2,HBM,6,1.1584669,-2.8286257
GGAGCAAGTCACCTAA-1-1,0_HealthyBM2,HBM,4,-2.8919525,-2.3316083
GGAGCAAGTCCGAGTC-1-1,0_HealthyBM2,HBM,3,-1.5112039,2.0989683
GGAGCAAGTGCTCTTC-1-1,0_HealthyBM2,HBM,6,1.1386535,-2.3268623
GGAGCAAGTGTAAGTA-1-1,0_HealthyBM2,HBM,5,-0.33519545,-0.40744406
GGATGTTAGCCAGTTT-1-1,0_HealthyBM2,HBM,9,4.408746,0.45857915
GGATGTTAGCGCCTCA-1-1,0_HealthyBM2,HBM,0,11.054148,2.5844312
GGATGTTCAGGGTTAG-1-1,0_HealthyBM2,HBM,9,2.5925467,-0.41618487
GGATGTTCAGTAAGAT-1-1,0_HealthyBM2,HBM,9,6.0506444,-0.48423305
GGATGTTGTAAAGTCA-1-1,0_HealthyBM2,HBM,9,5.9537034,1.2947359
GGATGTTGTACGACCC-1-1,0_HealthyBM2,HBM,0,10.034147,1.3364918
GGATGTTGTTCATGGT-1-1,0_HealthyBM2,HBM,1,7.1031604,-0.0046907337
GGATGTTTCATCACCC-1-1,0_HealthyBM2,HBM,9,5.028362,0.8554234
GGATGTTTCTCGCTTG-1-1,0_HealthyBM2,HBM,8,-2.8255072,-0.258217
GGATTACCACACCGAC-1-1,0_HealthyBM2,HBM,0,11.343074,2.8765166
GGATTACCAGGTCCAC-1-1,0_HealthyBM2,HBM,14,8.608338,-2.9035962
GGATTACGTTCCATGA-1-1,0_HealthyBM2,HBM,3,-1.7494051,1.0434519
GGATTACTCGTCACGG-1-1,0_HealthyBM2,HBM,0,11.7697935,2.3320587
GGATTACTCTTCTGGC-1-1,0_HealthyBM2,HBM,3,-2.3846562,3.4690382
GGCAATTAGTATCTCG-1-1,0_HealthyBM2,HBM,3,-1.6262534,1.0507883
GGCAATTGTCGAAAGC-1-1,0_HealthyBM2,HBM,7,-4.4877143,-0.14646608
GGCAATTGTCTGGAGA-1-1,0_HealthyBM2,HBM,8,-2.582855,-1.221839
GGCAATTGTTAAGACA-1-1,0_HealthyBM2,HBM,3,-1.7923651,1.2990887
GGCAATTTCATGCTCC-1-1,0_HealthyBM2,HBM,3,-1.9229436,1.1131161
GGCAATTTCCTTTCTC-1-1,0_HealthyBM2,HBM,9,4.541738,-0.58239424
GGCCGATGTAGAGTGC-1-1,0_HealthyBM2,HBM,3,0.52258074,0.07145816
GGCCGATGTATCGCAT-1-1,0_HealthyBM2,HBM,3,-1.9600376,0.24721241
GGCCGATTCAACACTG-1-1,0_HealthyBM2,HBM,0,11.285979,2.216964
GGCCGATTCACATACG-1-1,0_HealthyBM2,HBM,4,-1.41434,-1.7474998
GGCCGATTCCTGTACC-1-1,0_HealthyBM2,HBM,6,0.974219,-1.9158885
GGCCGATTCGATGAGG-1-1,0_HealthyBM2,HBM,9,5.4418283,-0.6195217
GGCGACTAGGTGCTAG-1-1,0_HealthyBM2,HBM,7,-3.928645,-1.6913866
GGCGACTCATGTTCCC-1-1,0_HealthyBM2,HBM,0,11.691554,-0.42993268
GGCGACTCATTCTTAC-1-1,0_HealthyBM2,HBM,10,8.612345,2.7624772
GGCGACTTCAGTTCGA-1-1,0_HealthyBM2,HBM,15,-1.980011,-2.148664
GGCGACTTCGATAGAA-1-1,0_HealthyBM2,HBM,0,11.365132,2.547197
GGCGTGTCAGATCCAT-1-1,0_HealthyBM2,HBM,0,11.063921,2.1050718
GGCGTGTCAGCTGGCT-1-1,0_HealthyBM2,HBM,8,-1.9795191,-0.4793552
GGCGTGTCATTCCTGC-1-1,0_HealthyBM2,HBM,7,-3.9016552,-0.41825378
GGCGTGTGTCTAAAGA-1-1,0_HealthyBM2,HBM,3,-2.6149213,1.723332
GGCGTGTTCACGAAGG-1-1,0_HealthyBM2,HBM,15,-2.4004576,-0.41918695
GGCTCGAAGGCATGGT-1-1,0_HealthyBM2,HBM,4,-1.5877953,-1.281881
GGCTCGAAGGGAAACA-1-1,0_HealthyBM2,HBM,3,-1.2262442,2.9032006
GGCTCGAAGTTATCGC-1-1,0_HealthyBM2,HBM,3,-2.0703363,1.678141
GGCTCGAGTAACGACG-1-1,0_HealthyBM2,HBM,3,-0.7719952,-0.49225545
GGCTCGAGTATCACCA-1-1,0_HealthyBM2,HBM,3,-1.7243614,0.48195538
GGCTGGTAGATCCCAT-1-1,0_HealthyBM2,HBM,1,7.681388,0.12481716
GGCTGGTGTATGGTTC-1-1,0_HealthyBM2,HBM,7,-5.504778,0.58763176
GGCTGGTGTGTTTGGT-1-1,0_HealthyBM2,HBM,15,-2.6929271,0.68686146
GGCTGGTTCATTGCCC-1-1,0_HealthyBM2,HBM,7,-3.9413877,-0.7107063
GGCTGGTTCGGCCGAT-1-1,0_HealthyBM2,HBM,9,5.0763235,0.6364398
GGCTGGTTCGTTTAGG-1-1,0_HealthyBM2,HBM,3,-1.8386674,2.6395817
GGCTGGTTCTCCAGGG-1-1,0_HealthyBM2,HBM,6,0.6832769,-1.5851843
GGGAATGAGCAGATCG-1-1,0_HealthyBM2,HBM,3,0.1884479,2.2761054
GGGAATGAGTAAGTAC-1-1,0_HealthyBM2,HBM,6,2.9718435,-1.1814535
GGGAATGAGTGGTAGC-1-1,0_HealthyBM2,HBM,4,-1.5353117,-0.7417865
GGGAATGGTACACCGC-1-1,0_HealthyBM2,HBM,10,7.7778764,2.2485373
GGGAATGGTACAGTGG-1-1,0_HealthyBM2,HBM,3,-0.09021131,0.9792941
GGGAATGGTATGGTTC-1-1,0_HealthyBM2,HBM,9,6.362175,-0.5090414
GGGAATGGTCCGAAGA-1-1,0_HealthyBM2,HBM,7,2.3948953,0.18597648
GGGAATGGTGGGTATG-1-1,0_HealthyBM2,HBM,4,-0.70273554,-1.8189212
GGGAATGGTTTGGCGC-1-1,0_HealthyBM2,HBM,4,-3.4919868,1.2673721
GGGAATGTCAGCGACC-1-1,0_HealthyBM2,HBM,7,-4.8478184,2.1723194
GGGAATGTCCGTACAA-1-1,0_HealthyBM2,HBM,7,-4.5127716,0.1394794
GGGACCTCATCGTCGG-1-1,0_HealthyBM2,HBM,9,5.885793,0.6761517
GGGACCTCATTCCTCG-1-1,0_HealthyBM2,HBM,3,-2.3164423,1.3484421
GGGACCTGTACCGCTG-1-1,0_HealthyBM2,HBM,7,-5.1042695,2.477952
GGGACCTGTCCGTTAA-1-1,0_HealthyBM2,HBM,15,-2.585532,-1.635767
GGGACCTGTGTGGTTT-1-1,0_HealthyBM2,HBM,0,9.733314,0.18500933
GGGACCTGTTTGACTG-1-1,0_HealthyBM2,HBM,9,4.363651,0.82652426
GGGACCTTCCTCATTA-1-1,0_HealthyBM2,HBM,0,12.067744,2.0009117
GGGACCTTCGTCGTTC-1-1,0_HealthyBM2,HBM,15,-0.8806611,-1.2025102
GGGAGATAGTATGACA-1-1,0_HealthyBM2,HBM,6,0.9674007,-1.4394834
GGGAGATAGTTGCAGG-1-1,0_HealthyBM2,HBM,9,6.412789,0.3355283
GGGAGATCAGCCTTGG-1-1,0_HealthyBM2,HBM,3,-1.6944053,0.3211954
GGGAGATCATCTCGCT-1-1,0_HealthyBM2,HBM,4,-1.4527061,-3.4992955
GGGAGATCATTCCTCG-1-1,0_HealthyBM2,HBM,7,-5.5051627,0.43442595
GGGAGATGTAGCGCAA-1-1,0_HealthyBM2,HBM,9,5.8387275,1.3573104
GGGAGATGTGCTTCTC-1-1,0_HealthyBM2,HBM,0,11.090806,1.9511122
GGGAGATTCTACTATC-1-1,0_HealthyBM2,HBM,4,-1.9296134,-3.00542
GGGATGAAGGTACTCT-1-1,0_HealthyBM2,HBM,7,-3.8398108,-0.40863997
GGGATGACAACAACCT-1-1,0_HealthyBM2,HBM,3,-0.4632013,0.5872437
GGGATGACATTCACTT-1-1,0_HealthyBM2,HBM,3,-2.7017422,3.8588142
GGGATGAGTAAGAGGA-1-1,0_HealthyBM2,HBM,7,-4.476635,2.5323086
GGGATGAGTATATGGA-1-1,0_HealthyBM2,HBM,3,-0.9140059,1.6816721
GGGATGAGTATCGCAT-1-1,0_HealthyBM2,HBM,7,-4.9295483,-0.475517
GGGATGAGTCGAGTTT-1-1,0_HealthyBM2,HBM,4,-1.7776693,-1.9732058
GGGATGAGTGTTAAGA-1-1,0_HealthyBM2,HBM,3,1.3057306,0.2350928
GGGATGAGTTCGTCTC-1-1,0_HealthyBM2,HBM,14,8.092375,-3.045779
GGGATGATCCGCAAGC-1-1,0_HealthyBM2,HBM,7,-4.370756,0.8033713
GGGATGATCCGTCATC-1-1,0_HealthyBM2,HBM,15,-2.48796,-2.1838372
GGGCACTAGAGGTAGA-1-1,0_HealthyBM2,HBM,3,-0.80934155,1.2218293
GGGCACTAGAGTAAGG-1-1,0_HealthyBM2,HBM,3,-2.268942,3.748275
GGGCACTAGCATCATC-1-1,0_HealthyBM2,HBM,6,0.59957314,-1.770801
GGGCACTAGCCCAACC-1-1,0_HealthyBM2,HBM,7,-4.6875105,0.52836466
GGGCACTCATTTGCTT-1-1,0_HealthyBM2,HBM,10,8.177222,2.9424493
GGGCACTGTCTCCATC-1-1,0_HealthyBM2,HBM,9,4.1565056,0.007896476
GGGCACTTCATGGTCA-1-1,0_HealthyBM2,HBM,6,-0.9249063,-2.5146875
GGGCACTTCTAACCGA-1-1,0_HealthyBM2,HBM,1,9.174422,0.3999642
GGGCATCAGAGACTTA-1-1,0_HealthyBM2,HBM,7,-5.0741563,-0.16407406
GGGCATCAGCCAGGAT-1-1,0_HealthyBM2,HBM,11,3.891585,-1.5278186
GGGCATCAGCCCAACC-1-1,0_HealthyBM2,HBM,4,-1.0730506,-0.6840624
GGGCATCAGCCGTCGT-1-1,0_HealthyBM2,HBM,14,8.146877,-2.8647146
GGGCATCCACCCAGTG-1-1,0_HealthyBM2,HBM,3,-2.01016,2.1089752
GGGCATCCAGATCTGT-1-1,0_HealthyBM2,HBM,6,2.095553,-1.6992396
GGGCATCCAGCTGGCT-1-1,0_HealthyBM2,HBM,8,-2.2496324,-0.7671762
GGGCATCCATCGGTTA-1-1,0_HealthyBM2,HBM,1,7.318164,0.04618851
GGGCATCGTTCCGTCT-1-1,0_HealthyBM2,HBM,3,-2.96267,1.6089311
GGGCATCTCCTAAGTG-1-1,0_HealthyBM2,HBM,7,-4.937162,-0.39625663
GGGCATCTCGGAAACG-1-1,0_HealthyBM2,HBM,0,11.576478,3.0032218
GGGCATCTCTCTGTCG-1-1,0_HealthyBM2,HBM,6,0.53666604,-2.0420618
GGGCATCTCTTTACAC-1-1,0_HealthyBM2,HBM,14,7.544062,-3.795656
GGGTCTGAGACCTTTG-1-1,0_HealthyBM2,HBM,4,-1.2236607,-0.22456455
GGGTCTGAGAGTCGGT-1-1,0_HealthyBM2,HBM,3,-2.0290906,2.1696932
GGGTCTGAGCTCCTTC-1-1,0_HealthyBM2,HBM,9,4.2503247,0.6451819
GGGTCTGAGCTGAAAT-1-1,0_HealthyBM2,HBM,15,-3.361055,-0.6219889
GGGTCTGCAATGAATG-1-1,0_HealthyBM2,HBM,11,4.3708677,-2.8438663
GGGTCTGCAGTTCCCT-1-1,0_HealthyBM2,HBM,8,-1.9508667,-0.63619703
GGGTCTGGTACAAGTA-1-1,0_HealthyBM2,HBM,6,0.5787643,-1.3750862
GGGTCTGTCCGTAGTA-1-1,0_HealthyBM2,HBM,9,4.2625294,0.29543343
GGGTCTGTCCTCTAGC-1-1,0_HealthyBM2,HBM,1,8.223139,0.3285097
GGGTCTGTCGTGGGAA-1-1,0_HealthyBM2,HBM,9,5.944774,0.6676697
GGGTTGCCAGACACTT-1-1,0_HealthyBM2,HBM,3,-0.8372531,-0.47987196
GGGTTGCCAGCCACCA-1-1,0_HealthyBM2,HBM,3,-1.933087,1.4235739
GGGTTGCCAGGGTTAG-1-1,0_HealthyBM2,HBM,9,4.393326,0.79888326
GGGTTGCGTTGGAGGT-1-1,0_HealthyBM2,HBM,3,-1.7882748,0.72537404
GGTATTGAGATAGCAT-1-1,0_HealthyBM2,HBM,11,4.6094203,-3.2267606
GGTATTGCACACCGAC-1-1,0_HealthyBM2,HBM,1,6.887232,-0.3931714
GGTATTGTCAATCACG-1-1,0_HealthyBM2,HBM,3,-1.2096832,0.50513643
GGTATTGTCAGGCAAG-1-1,0_HealthyBM2,HBM,3,0.89214104,0.071881406
GGTATTGTCGCGATCG-1-1,0_HealthyBM2,HBM,5,-1.2739778,0.34055403
GGTGAAGCACAGGAGT-1-1,0_HealthyBM2,HBM,3,-2.5077865,1.1593376
GGTGAAGCACGAAAGC-1-1,0_HealthyBM2,HBM,14,7.147603,-3.4364932
GGTGAAGCATGGATGG-1-1,0_HealthyBM2,HBM,8,-2.3258724,1.0242423
GGTGAAGTCACAATGC-1-1,0_HealthyBM2,HBM,3,-0.42279023,0.98417056
GGTGAAGTCCGGGTGT-1-1,0_HealthyBM2,HBM,9,5.178585,0.93193275
GGTGCGTAGAGGGATA-1-1,0_HealthyBM2,HBM,0,10.990317,2.8990762
GGTGCGTCAAGAAGAG-1-1,0_HealthyBM2,HBM,7,-4.7936635,1.4158678
GGTGCGTCATATGGTC-1-1,0_HealthyBM2,HBM,3,-1.237781,0.83656913
GGTGCGTTCATTTGGG-1-1,0_HealthyBM2,HBM,9,5.5504026,1.5780914
GGTGTTAAGCTAGTGG-1-1,0_HealthyBM2,HBM,9,6.509404,0.49463788
GGTGTTACAAGCCCAC-1-1,0_HealthyBM2,HBM,3,-1.8478093,3.2636144
GGTGTTACACTTAAGC-1-1,0_HealthyBM2,HBM,10,8.15013,2.5522215
GGTGTTACAGAGTGTG-1-1,0_HealthyBM2,HBM,9,3.8527381,1.5588584
GGTGTTACAGCCTTGG-1-1,0_HealthyBM2,HBM,9,3.426377,0.31837574
GGTGTTACAGCTCGCA-1-1,0_HealthyBM2,HBM,9,5.805836,-1.3113407
GGTGTTAGTACCGAGA-1-1,0_HealthyBM2,HBM,0,10.577552,2.1603196
GGTGTTAGTCAGAATA-1-1,0_HealthyBM2,HBM,3,-0.6706874,0.4823342
GGTGTTAGTTTGCATG-1-1,0_HealthyBM2,HBM,0,9.913152,0.41859427
GGTGTTATCGAGAGCA-1-1,0_HealthyBM2,HBM,14,8.555861,-3.8745868
GGTGTTATCTCTAAGG-1-1,0_HealthyBM2,HBM,6,1.2977159,-2.9252112
GTAACGTAGCCTTGAT-1-1,0_HealthyBM2,HBM,9,7.413776,0.5943594
GTAACGTAGGGTGTGT-1-1,0_HealthyBM2,HBM,3,-1.307147,0.67299515
GTAACGTCAATGTTGC-1-1,0_HealthyBM2,HBM,3,-0.66363186,2.9689264
GTAACTGAGCGTTCCG-1-1,0_HealthyBM2,HBM,3,-3.0096593,1.7289476
GTAACTGTCCTTGCCA-1-1,0_HealthyBM2,HBM,9,4.0912437,0.8901896
GTACGTAAGCAGACTG-1-1,0_HealthyBM2,HBM,7,-4.8412647,2.9589252
GTACGTAAGGGATCTG-1-1,0_HealthyBM2,HBM,7,-5.3074803,1.7065165
GTACGTAAGGTCGGAT-1-1,0_HealthyBM2,HBM,7,-3.3400407,0.48694506
GTACGTACAATCCGAT-1-1,0_HealthyBM2,HBM,3,-0.5497525,1.2200527
GTACGTACAATTGCTG-1-1,0_HealthyBM2,HBM,3,-1.5596813,0.12867257
GTACGTACATGCAACT-1-1,0_HealthyBM2,HBM,1,7.048555,-0.32084036
GTACGTACATGTTCCC-1-1,0_HealthyBM2,HBM,9,4.41665,1.5361714
GTACGTAGTACTCAAC-1-1,0_HealthyBM2,HBM,0,10.526525,1.3021786
GTACTCCAGTGAACGC-1-1,0_HealthyBM2,HBM,1,8.583867,-0.97379845
GTACTCCCAAGAAGAG-1-1,0_HealthyBM2,HBM,0,8.49215,0.5995476
GTACTCCGTCAAAGAT-1-1,0_HealthyBM2,HBM,9,4.7665486,0.8005661
GTACTTTAGGTGCTTT-1-1,0_HealthyBM2,HBM,3,0.3507247,-0.41188627
GTACTTTCACAAGCCC-1-1,0_HealthyBM2,HBM,9,6.619198,0.69053376
GTACTTTCACATCCAA-1-1,0_HealthyBM2,HBM,1,7.210014,-1.2317947
GTACTTTCAGACACTT-1-1,0_HealthyBM2,HBM,14,9.590489,-1.6422144
GTACTTTGTCCCTACT-1-1,0_HealthyBM2,HBM,9,3.7932465,1.0219599
GTACTTTGTCGGATCC-1-1,0_HealthyBM2,HBM,1,7.835324,-0.28918627
GTACTTTGTCTCTCTG-1-1,0_HealthyBM2,HBM,6,1.3687304,-0.27337313
GTACTTTTCAACGGCC-1-1,0_HealthyBM2,HBM,7,-4.2560353,2.1274009
GTAGGCCAGACTAGAT-1-1,0_HealthyBM2,HBM,6,0.5135895,-2.8454304
GTAGGCCCACTTGGAT-1-1,0_HealthyBM2,HBM,9,3.890326,-0.823407
GTAGGCCGTCAAAGAT-1-1,0_HealthyBM2,HBM,4,-1.8318896,-2.3785338
GTAGGCCGTTAGATGA-1-1,0_HealthyBM2,HBM,9,2.8127651,-0.15497619
GTAGGCCTCAGTTTGG-1-1,0_HealthyBM2,HBM,3,-2.9678571,1.7951348
GTAGTCAAGATGTAAC-1-1,0_HealthyBM2,HBM,6,0.4593598,-1.612008
GTAGTCAAGTACCGGA-1-1,0_HealthyBM2,HBM,11,4.523778,-3.1183097
GTAGTCACAACACCCG-1-1,0_HealthyBM2,HBM,6,1.1479772,-2.7276518
GTAGTCACAACACCTA-1-1,0_HealthyBM2,HBM,3,-1.9821523,1.3501333
GTAGTCACACCGTTGG-1-1,0_HealthyBM2,HBM,0,11.148078,2.5143657
GTAGTCACAGATGGGT-1-1,0_HealthyBM2,HBM,7,-4.7454405,1.5571872
GTAGTCAGTTCAGGCC-1-1,0_HealthyBM2,HBM,14,8.336422,-3.820222
GTAGTCAGTTGGTTTG-1-1,0_HealthyBM2,HBM,6,2.2541971,-0.9126904
GTAGTCATCTCACATT-1-1,0_HealthyBM2,HBM,15,-2.5170548,0.6941273
GTATCTTAGATGGGTC-1-1,0_HealthyBM2,HBM,6,1.0301151,-1.6816282
GTATCTTCATGGGACA-1-1,0_HealthyBM2,HBM,15,-2.9071305,-1.3656236
GTATCTTGTCAACATC-1-1,0_HealthyBM2,HBM,5,-0.78987724,0.74025357
GTATCTTTCGCGTTTC-1-1,0_HealthyBM2,HBM,4,-2.203055,-3.757713
GTATTCTCACATGTGT-1-1,0_HealthyBM2,HBM,6,0.52503234,-2.0762014
GTATTCTCATAGACTC-1-1,0_HealthyBM2,HBM,6,0.8392677,-1.325057
GTATTCTCATCACAAC-1-1,0_HealthyBM2,HBM,3,-0.22151457,-0.25761032
GTATTCTGTCACTTCC-1-1,0_HealthyBM2,HBM,0,11.640482,2.3879282
GTATTCTTCGAGAGCA-1-1,0_HealthyBM2,HBM,6,2.3286476,-1.2903477
GTCAAGTAGCTCTCGG-1-1,0_HealthyBM2,HBM,9,5.801691,1.6057113
GTCAAGTCATGTTCCC-1-1,0_HealthyBM2,HBM,9,2.6558092,-0.11981894
GTCACAAAGACAGAGA-1-1,0_HealthyBM2,HBM,4,-2.1680136,-0.6787496
GTCACAAAGGACGAAA-1-1,0_HealthyBM2,HBM,3,-1.4628161,1.2652038
GTCACAACAGACAAGC-1-1,0_HealthyBM2,HBM,3,-1.6560757,1.1515753
GTCACGGAGAGTAATC-1-1,0_HealthyBM2,HBM,6,0.5119585,-0.664873
GTCACGGAGATAGCAT-1-1,0_HealthyBM2,HBM,7,-4.9363856,0.708183
GTCACGGAGATGTGGC-1-1,0_HealthyBM2,HBM,9,3.463994,-0.7895525
GTCACGGAGCTAGCCC-1-1,0_HealthyBM2,HBM,3,-1.6043535,0.53108317
GTCACGGAGGAGTTGC-1-1,0_HealthyBM2,HBM,1,7.2818346,0.40760484
GTCACGGAGGTGCTAG-1-1,0_HealthyBM2,HBM,15,-3.0733924,0.9934854
GTCACGGCAGAGCCAA-1-1,0_HealthyBM2,HBM,3,-2.8555043,1.7315835
GTCACGGCATGTAAGA-1-1,0_HealthyBM2,HBM,9,5.406925,1.1417657
GTCACGGCATGTTGAC-1-1,0_HealthyBM2,HBM,3,-1.8870343,0.30601048
GTCACGGGTGTTAAGA-1-1,0_HealthyBM2,HBM,6,1.0791037,-1.4863604
GTCACGGTCAGCATGT-1-1,0_HealthyBM2,HBM,9,3.917659,-0.30314434
GTCACGGTCGTTTGCC-1-1,0_HealthyBM2,HBM,3,-1.8544006,1.0331081
GTCATTTAGAAGAAGC-1-1,0_HealthyBM2,HBM,4,-1.9388722,-3.3619266
GTCATTTAGACACTAA-1-1,0_HealthyBM2,HBM,0,10.959266,1.3544071
GTCATTTAGTGGAGAA-1-1,0_HealthyBM2,HBM,3,-0.5824581,1.225991
GTCATTTCAGCTGTTA-1-1,0_HealthyBM2,HBM,15,-3.0805788,0.26330268
GTCATTTGTGCGAAAC-1-1,0_HealthyBM2,HBM,5,-0.9788542,-0.13621423
GTCATTTGTTCCGTCT-1-1,0_HealthyBM2,HBM,14,8.083221,-3.610383
GTCCTCAAGGCCCTCA-1-1,0_HealthyBM2,HBM,3,-2.5678277,2.3288572
GTCCTCAAGTGCCAGA-1-1,0_HealthyBM2,HBM,3,-0.4460265,-0.23540238
GTCCTCACAAGCCGCT-1-1,0_HealthyBM2,HBM,3,0.9223954,0.8654715
GTCCTCACACTAAGTC-1-1,0_HealthyBM2,HBM,0,10.820037,2.019761
GTCCTCACAGCATACT-1-1,0_HealthyBM2,HBM,9,4.788675,0.76566064
GTCGGGTCAAGGTTCT-1-1,0_HealthyBM2,HBM,3,-2.0711896,0.5785941
GTCGGGTCATTCTTAC-1-1,0_HealthyBM2,HBM,3,-1.6425686,0.6790977
GTCGGGTTCATGCATG-1-1,0_HealthyBM2,HBM,4,-1.6523006,-3.4753337
GTCGGGTTCCAGAGGA-1-1,0_HealthyBM2,HBM,3,-2.973067,2.9408622
GTCGTAAAGACTAAGT-1-1,0_HealthyBM2,HBM,11,4.517551,-3.5857592
GTCGTAAAGCGTCAAG-1-1,0_HealthyBM2,HBM,7,2.1429782,-0.26075178
GTCGTAAAGTTGAGAT-1-1,0_HealthyBM2,HBM,6,0.32209444,-2.590999
GTCGTAACACTTAAGC-1-1,0_HealthyBM2,HBM,15,-1.3462936,-0.71594024
GTCGTAACATAACCTG-1-1,0_HealthyBM2,HBM,3,-1.8249264,0.76986986
GTCGTAACATGGATGG-1-1,0_HealthyBM2,HBM,0,10.078466,1.1681452
GTCGTAAGTTCCCTTG-1-1,0_HealthyBM2,HBM,4,-2.000583,-3.1110902
GTCGTAATCCAAGCCG-1-1,0_HealthyBM2,HBM,6,1.1794906,-2.1287143
GTCTCGTAGGCCGAAT-1-1,0_HealthyBM2,HBM,6,0.7085197,-1.8797714
GTCTCGTAGTGAACGC-1-1,0_HealthyBM2,HBM,14,7.857552,-3.0069168
GTCTCGTCAAGGACAC-1-1,0_HealthyBM2,HBM,3,-2.25676,2.4435158
GTCTCGTCAAGGTGTG-1-1,0_HealthyBM2,HBM,3,-2.5011685,2.8201406
GTCTCGTCACCTATCC-1-1,0_HealthyBM2,HBM,11,4.6428723,-2.975232
GTCTCGTTCCTTTACA-1-1,0_HealthyBM2,HBM,7,-6.197527,1.2968394
GTCTCGTTCGGAAACG-1-1,0_HealthyBM2,HBM,0,10.901737,2.3845031
GTCTCGTTCTCTGCTG-1-1,0_HealthyBM2,HBM,3,-1.5226674,-0.77308017
GTCTTCGAGTTTGCGT-1-1,0_HealthyBM2,HBM,5,-0.9139038,0.3197597
GTCTTCGCAAAGAATC-1-1,0_HealthyBM2,HBM,7,-4.791726,-0.13550222
GTCTTCGGTAGCGTAG-1-1,0_HealthyBM2,HBM,11,4.2934866,-2.0678186
GTCTTCGGTGCTGTAT-1-1,0_HealthyBM2,HBM,7,-3.7970407,1.0763049
GTCTTCGTCACGGTTA-1-1,0_HealthyBM2,HBM,15,-2.189893,-1.0924566
GTGAAGGAGATGTGGC-1-1,0_HealthyBM2,HBM,3,-1.406257,3.0252252
GTGAAGGTCACGCATA-1-1,0_HealthyBM2,HBM,14,10.291144,-0.4016221
GTGCAGCAGCAGCGTA-1-1,0_HealthyBM2,HBM,1,7.7894564,0.29858202
GTGCAGCCAGGCAGTA-1-1,0_HealthyBM2,HBM,15,-2.3536844,-0.71719515
GTGCAGCCATTTCAGG-1-1,0_HealthyBM2,HBM,9,3.5563388,-0.013721252
GTGCAGCGTACATCCA-1-1,0_HealthyBM2,HBM,1,7.4362993,-0.107931174
GTGCAGCGTCAGCTAT-1-1,0_HealthyBM2,HBM,7,-4.7995334,3.0797276
GTGCAGCGTCGCGGTT-1-1,0_HealthyBM2,HBM,9,6.552139,0.63671356
GTGCAGCGTCTGGAGA-1-1,0_HealthyBM2,HBM,3,0.019149888,-1.2659712
GTGCAGCGTGTCAATC-1-1,0_HealthyBM2,HBM,14,8.511648,-3.6913166
GTGCAGCGTGTGGTTT-1-1,0_HealthyBM2,HBM,1,7.796563,-1.4650639
GTGCATAAGGAGCGAG-1-1,0_HealthyBM2,HBM,3,-1.366697,0.23435386
GTGCATAAGTTGTAGA-1-1,0_HealthyBM2,HBM,1,7.1956315,-1.1425323
GTGCATACAGGATTGG-1-1,0_HealthyBM2,HBM,9,5.4504585,0.94655573
GTGCATAGTACCGTAT-1-1,0_HealthyBM2,HBM,3,-1.6121694,0.55316275
GTGCATAGTCGAGATG-1-1,0_HealthyBM2,HBM,0,10.677511,1.7813101
GTGCATAGTGAAATCA-1-1,0_HealthyBM2,HBM,0,10.990847,2.1842437
GTGCATATCGTTTATC-1-1,0_HealthyBM2,HBM,3,-1.8114157,1.7942711
GTGCGGTAGACAGAGA-1-1,0_HealthyBM2,HBM,9,5.615994,0.31772316
GTGCGGTAGCAGCGTA-1-1,0_HealthyBM2,HBM,3,-1.1618445,0.44719175
GTGCGGTAGCTGTTCA-1-1,0_HealthyBM2,HBM,9,5.4936037,1.018426
GTGCGGTAGTGACATA-1-1,0_HealthyBM2,HBM,3,-0.42970702,0.7389205
GTGCGGTGTAGGAGTC-1-1,0_HealthyBM2,HBM,7,-4.3321896,0.22541344
GTGCGGTTCACCCGAG-1-1,0_HealthyBM2,HBM,7,-5.166489,2.3178713
GTGCGGTTCCGTTGTC-1-1,0_HealthyBM2,HBM,14,10.2671,-0.60081524
GTGCGGTTCTGTTTGT-1-1,0_HealthyBM2,HBM,9,3.989415,-0.22253636
GTGCTTCAGCTCAACT-1-1,0_HealthyBM2,HBM,15,-1.4416316,-0.48504144
GTGCTTCGTGTGGTTT-1-1,0_HealthyBM2,HBM,10,8.824338,2.3595207
GTGCTTCGTTCACCTC-1-1,0_HealthyBM2,HBM,0,11.240451,2.5403214
GTGCTTCTCGTTTGCC-1-1,0_HealthyBM2,HBM,9,4.1074533,0.29606712
GTGGGTCAGCAACGGT-1-1,0_HealthyBM2,HBM,3,-0.2628144,1.1026547
GTGGGTCCAGTACACT-1-1,0_HealthyBM2,HBM,7,-3.826942,0.061893158
GTGGGTCCATGATCCA-1-1,0_HealthyBM2,HBM,3,1.2580488,1.5786754
GTGGGTCTCAACCATG-1-1,0_HealthyBM2,HBM,9,6.3141894,-0.14208584
GTGGGTCTCCCGGATG-1-1,0_HealthyBM2,HBM,3,-0.77210367,-0.75004905
GTGGGTCTCCCTTGTG-1-1,0_HealthyBM2,HBM,3,-0.21874465,0.5649062
GTGTGCGAGACTAGGC-1-1,0_HealthyBM2,HBM,7,-4.153714,2.5178518
GTGTGCGAGCTACCGC-1-1,0_HealthyBM2,HBM,6,0.49368656,-0.82411975
GTGTGCGCAGCGTAAG-1-1,0_HealthyBM2,HBM,1,8.633724,-0.2804343
GTGTGCGGTAGAAAGG-1-1,0_HealthyBM2,HBM,3,-2.0376124,1.2229631
GTGTGCGTCCAGTAGT-1-1,0_HealthyBM2,HBM,7,-4.194922,-0.6819229
GTGTTAGAGGACACCA-1-1,0_HealthyBM2,HBM,3,-1.6821579,3.445072
GTGTTAGCAATGTAAG-1-1,0_HealthyBM2,HBM,7,-4.5756245,3.0159106
GTGTTAGCACACCGAC-1-1,0_HealthyBM2,HBM,3,-3.1658177,3.542235
GTGTTAGCAGCAGTTT-1-1,0_HealthyBM2,HBM,4,-1.7784264,-1.0403684
GTGTTAGGTATAGGTA-1-1,0_HealthyBM2,HBM,9,5.374241,1.4122375
GTGTTAGGTTTGTTGG-1-1,0_HealthyBM2,HBM,0,10.301966,1.9936279
GTGTTAGTCAGCATGT-1-1,0_HealthyBM2,HBM,8,-2.8665123,1.4776982
GTGTTAGTCGGCGCTA-1-1,0_HealthyBM2,HBM,9,5.7626715,0.9813684
GTGTTAGTCGGTCTAA-1-1,0_HealthyBM2,HBM,3,-2.1050806,1.6727047
GTGTTAGTCTCCAGGG-1-1,0_HealthyBM2,HBM,0,10.018812,1.441459
GTGTTAGTCTGTCTCG-1-1,0_HealthyBM2,HBM,1,6.8483505,-0.56178916
GTTAAGCAGGATGGTC-1-1,0_HealthyBM2,HBM,4,-1.8448336,-3.600333
GTTAAGCAGTCATGCT-1-1,0_HealthyBM2,HBM,9,6.8670583,0.22346486
GTTAAGCGTACTCGCG-1-1,0_HealthyBM2,HBM,3,-3.3615568,3.3084028
GTTAAGCGTGCCTGGT-1-1,0_HealthyBM2,HBM,8,-3.3739254,1.2301804
GTTAAGCTCCAACCAA-1-1,0_HealthyBM2,HBM,14,7.9861474,-3.1608212
GTTAAGCTCGGACAAG-1-1,0_HealthyBM2,HBM,6,0.12122836,-2.0113251
GTTAAGCTCGGGAGTA-1-1,0_HealthyBM2,HBM,6,1.3519641,-0.43364805
GTTACAGAGGTTACCT-1-1,0_HealthyBM2,HBM,10,8.190872,1.9835126
GTTACAGAGTCAAGGC-1-1,0_HealthyBM2,HBM,3,-1.422855,3.364607
GTTACAGCAAGGCTCC-1-1,0_HealthyBM2,HBM,7,-4.635415,-0.5841826
GTTACAGCACTCTGTC-1-1,0_HealthyBM2,HBM,3,-1.3844447,-0.84534836
GTTACAGGTAGGACAC-1-1,0_HealthyBM2,HBM,3,-1.6463356,0.93173313
GTTACAGGTTAGGGTG-1-1,0_HealthyBM2,HBM,11,4.873485,-3.2650528
GTTACAGGTTATGTGC-1-1,0_HealthyBM2,HBM,8,-2.6759079,-0.5073656
GTTACAGTCAAAGACA-1-1,0_HealthyBM2,HBM,9,5.5046988,0.95833045
GTTACAGTCGCGATCG-1-1,0_HealthyBM2,HBM,3,-0.86243606,-0.09101837
GTTCATTAGAGTCGGT-1-1,0_HealthyBM2,HBM,14,6.923125,-2.1631384
GTTCATTAGATCTGAA-1-1,0_HealthyBM2,HBM,0,11.253239,2.4250135
GTTCATTAGATGTGTA-1-1,0_HealthyBM2,HBM,5,-0.16162376,3.1536388
GTTCATTAGTAGTGCG-1-1,0_HealthyBM2,HBM,9,5.2328386,0.29456067
GTTCATTCATGCTAGT-1-1,0_HealthyBM2,HBM,3,-1.8172874,0.45434913
GTTCATTGTAGGAGTC-1-1,0_HealthyBM2,HBM,4,-1.7100161,-3.2677128
GTTCGGGGTGCTAGCC-1-1,0_HealthyBM2,HBM,3,-1.507338,0.48345432
GTTCGGGTCAGTTGAC-1-1,0_HealthyBM2,HBM,3,-1.3075618,0.2701019
GTTCGGGTCTTAGAGC-1-1,0_HealthyBM2,HBM,9,5.562484,0.105075784
GTTCTCGAGTCCGTAT-1-1,0_HealthyBM2,HBM,7,-4.390662,0.7539972
GTTCTCGAGTTTGCGT-1-1,0_HealthyBM2,HBM,6,-0.019700097,-1.3785442
GTTCTCGCAAAGGTGC-1-1,0_HealthyBM2,HBM,7,-3.8761399,1.1080457
GTTCTCGCAGATTGCT-1-1,0_HealthyBM2,HBM,4,-1.8494532,-3.646797
GTTCTCGTCAATACCG-1-1,0_HealthyBM2,HBM,11,3.355531,-1.4097729
GTTCTCGTCCGAATGT-1-1,0_HealthyBM2,HBM,3,-2.343439,3.7260976
GTTCTCGTCGATCCCT-1-1,0_HealthyBM2,HBM,14,7.1255836,-3.6073592
GTTCTCGTCTTGCATT-1-1,0_HealthyBM2,HBM,3,-2.565,3.0982788
GTTTCTACAAACCCAT-1-1,0_HealthyBM2,HBM,1,7.331864,0.1561394
GTTTCTAGTCTTGCGG-1-1,0_HealthyBM2,HBM,9,6.4711466,0.8245603
GTTTCTAGTGCAGGTA-1-1,0_HealthyBM2,HBM,3,-2.4879844,1.4129075
GTTTCTATCAGCTTAG-1-1,0_HealthyBM2,HBM,4,-1.6613877,-2.8043883
GTTTCTATCCCAAGAT-1-1,0_HealthyBM2,HBM,7,-4.655537,1.3825911
GTTTCTATCCCTTGCA-1-1,0_HealthyBM2,HBM,4,-1.8782599,-2.51158
GTTTCTATCGCGGATC-1-1,0_HealthyBM2,HBM,14,8.077165,-3.3428693
TAAACCGAGGCACATG-1-1,0_HealthyBM2,HBM,9,6.532639,0.64564604
TAAACCGAGGGATACC-1-1,0_HealthyBM2,HBM,0,11.118355,2.3065464
TAAACCGCATATACGC-1-1,0_HealthyBM2,HBM,1,8.231342,-0.38889226
TAAACCGCATGCAATC-1-1,0_HealthyBM2,HBM,11,4.3102155,-1.5461942
TAAACCGGTGTATGGG-1-1,0_HealthyBM2,HBM,3,-2.2047758,2.3439054
TAAGAGAAGTTCGCGC-1-1,0_HealthyBM2,HBM,6,0.9183357,-1.4074075
TAAGAGAGTTCGTGAT-1-1,0_HealthyBM2,HBM,1,8.205048,-0.040263027
TAAGAGATCCATGCTC-1-1,0_HealthyBM2,HBM,3,-1.9871324,2.860436
TAAGAGATCGGGAGTA-1-1,0_HealthyBM2,HBM,3,-1.7435862,0.7036984
TAAGAGATCTTCTGGC-1-1,0_HealthyBM2,HBM,3,-1.519636,1.5508552
TAAGCGTAGGGATCTG-1-1,0_HealthyBM2,HBM,15,2.5880015,-0.20239636
TAAGCGTCAGATCTGT-1-1,0_HealthyBM2,HBM,3,0.3122005,0.001488948
TAAGCGTGTCATGCAT-1-1,0_HealthyBM2,HBM,0,9.565235,0.8997211
TAAGCGTGTCGCATAT-1-1,0_HealthyBM2,HBM,3,-0.43192032,0.5861405
TAAGCGTGTTTGACTG-1-1,0_HealthyBM2,HBM,7,-4.19298,-0.21631682
TAAGCGTTCCGCGGTA-1-1,0_HealthyBM2,HBM,7,-5.692827,-0.25712386
TAAGTGCAGATGAGAG-1-1,0_HealthyBM2,HBM,3,0.069999464,-1.3104907
TAAGTGCAGCGTAATA-1-1,0_HealthyBM2,HBM,15,-2.3969254,-2.101574
TAAGTGCCAGGCTGAA-1-1,0_HealthyBM2,HBM,3,-1.0253952,0.8838628
TAAGTGCTCGGAGGTA-1-1,0_HealthyBM2,HBM,3,-1.9033949,1.9487809
TAAGTGCTCTACTCAT-1-1,0_HealthyBM2,HBM,7,-4.078176,0.16113141
TACACGAGTCGCATAT-1-1,0_HealthyBM2,HBM,3,-2.217054,2.4223819
TACACGAGTGAGGGTT-1-1,0_HealthyBM2,HBM,3,-2.41485,0.6400208
TACACGAGTTAAAGTG-1-1,0_HealthyBM2,HBM,15,-2.080622,-0.10270899
TACACGATCAGGCAAG-1-1,0_HealthyBM2,HBM,7,-4.7203116,2.3171957
TACACGATCGTGGACC-1-1,0_HealthyBM2,HBM,3,-3.3914669,3.320282
TACACGATCTTCAACT-1-1,0_HealthyBM2,HBM,7,-4.279589,0.155127
TACAGTGAGCAGGTCA-1-1,0_HealthyBM2,HBM,0,11.02182,1.6493783
TACAGTGAGGTAGCTG-1-1,0_HealthyBM2,HBM,9,4.027881,0.8223745
TACAGTGAGGTGGGTT-1-1,0_HealthyBM2,HBM,3,-2.803069,1.2209225
TACAGTGCATTAGGCT-1-1,0_HealthyBM2,HBM,6,0.18288928,-1.1580364
TACAGTGTCTGCGACG-1-1,0_HealthyBM2,HBM,9,6.107686,0.8474561
TACCTATAGACTCGGA-1-1,0_HealthyBM2,HBM,9,3.208327,-0.11926278
TACCTATCACGGTGTC-1-1,0_HealthyBM2,HBM,6,0.63789725,-1.7929665
TACCTATGTGAAATCA-1-1,0_HealthyBM2,HBM,0,13.040811,1.7735581
TACCTATTCTCGTTTA-1-1,0_HealthyBM2,HBM,7,-4.1490455,-0.6390275
TACCTTAAGATGTGTA-1-1,0_HealthyBM2,HBM,14,8.412431,-0.604767
TACCTTAAGCAGCCTC-1-1,0_HealthyBM2,HBM,15,-2.7825024,0.08978023
TACCTTAAGTAGGCCA-1-1,0_HealthyBM2,HBM,9,3.4971738,-0.8456086
TACCTTAAGTGGTAGC-1-1,0_HealthyBM2,HBM,10,8.5202055,2.5459352
TACCTTACAGTAAGCG-1-1,0_HealthyBM2,HBM,15,-2.6118312,-1.8516505
TACCTTACAGTGACAG-1-1,0_HealthyBM2,HBM,6,1.1325306,-2.9862673
TACCTTATCACTATTC-1-1,0_HealthyBM2,HBM,1,7.7209864,0.31530535
TACCTTATCCAGAAGG-1-1,0_HealthyBM2,HBM,9,6.2018323,-0.09747185
TACGGATAGCGTGAAC-1-1,0_HealthyBM2,HBM,11,4.3875628,-3.2158005
TACGGATAGTGGTAAT-1-1,0_HealthyBM2,HBM,15,-2.307669,-1.3682917
TACGGATCAGGGTATG-1-1,0_HealthyBM2,HBM,14,8.509489,-3.395548
TACGGATGTAAATGTG-1-1,0_HealthyBM2,HBM,0,12.436827,1.9084122
TACGGATGTACCAGTT-1-1,0_HealthyBM2,HBM,5,-0.18609343,-0.3002558
TACGGATGTATCTGCA-1-1,0_HealthyBM2,HBM,6,1.3045615,-1.6089566
TACGGATGTATGAATG-1-1,0_HealthyBM2,HBM,15,-1.7589852,-0.7820728
TACGGATGTCGAGATG-1-1,0_HealthyBM2,HBM,0,10.863292,2.1299021
TACGGGCAGAGTCTGG-1-1,0_HealthyBM2,HBM,15,-2.6430693,1.3088483
TACGGGCAGCGATATA-1-1,0_HealthyBM2,HBM,7,-5.041588,0.39196414
TACGGGCAGGACAGCT-1-1,0_HealthyBM2,HBM,3,-0.21713904,-0.6029356
TACGGGCAGGGATCTG-1-1,0_HealthyBM2,HBM,7,-3.6835046,-0.13868046
TACGGGCAGTCCATAC-1-1,0_HealthyBM2,HBM,0,11.604605,2.4423559
TACGGGCAGTCGATAA-1-1,0_HealthyBM2,HBM,8,-1.6591946,1.0891922
TACGGGCCAATACGCT-1-1,0_HealthyBM2,HBM,15,-2.0772982,-2.0164688
TACGGGCGTCCGAGTC-1-1,0_HealthyBM2,HBM,9,5.012265,1.2647297
TACGGGCTCACGAAGG-1-1,0_HealthyBM2,HBM,3,-0.5981023,1.2216437
TACGGGCTCAGTGCAT-1-1,0_HealthyBM2,HBM,15,-1.0200593,-1.0297831
TACGGTACATTAACCG-1-1,0_HealthyBM2,HBM,15,-2.2296047,-1.4022119
TACGGTAGTAAACGCG-1-1,0_HealthyBM2,HBM,3,-0.09618833,2.2568188
TACGGTAGTAAGGGCT-1-1,0_HealthyBM2,HBM,15,-2.1956036,-0.6663229
TACGGTAGTAGTAGTA-1-1,0_HealthyBM2,HBM,9,5.668087,1.2976406
TACGGTAGTTATTCTC-1-1,0_HealthyBM2,HBM,3,-2.3652072,3.306787
TACGGTATCCAAGCCG-1-1,0_HealthyBM2,HBM,15,-3.0034926,0.83783823
TACTCATCACGTGAGA-1-1,0_HealthyBM2,HBM,1,9.151583,0.2907399
TACTCATGTCCGAATT-1-1,0_HealthyBM2,HBM,3,-0.6379876,-0.2950206
TACTCATGTGCGCTTG-1-1,0_HealthyBM2,HBM,6,1.0902402,-0.6633477
TACTCATTCATTGCCC-1-1,0_HealthyBM2,HBM,6,0.5113711,-1.4986742
TACTCGCAGAACTGTA-1-1,0_HealthyBM2,HBM,5,-0.6024726,0.42822877
TACTCGCAGACAGACC-1-1,0_HealthyBM2,HBM,3,-1.9887784,1.2588243
TACTCGCAGGAATTAC-1-1,0_HealthyBM2,HBM,3,1.3619878,0.84766406
TACTCGCAGGCATGGT-1-1,0_HealthyBM2,HBM,3,-1.4626489,2.684193
TACTCGCCAGCGTAAG-1-1,0_HealthyBM2,HBM,0,10.10985,2.585366
TACTCGCCAGGTCGTC-1-1,0_HealthyBM2,HBM,7,-4.903838,2.4151073
TACTCGCGTATCAGTC-1-1,0_HealthyBM2,HBM,4,-1.5720102,-2.8879242
TACTCGCGTGGCAAAC-1-1,0_HealthyBM2,HBM,3,-1.1113043,1.6005325
TACTCGCTCTGAGTGT-1-1,0_HealthyBM2,HBM,0,12.00872,2.1062765
TACTTACAGACTAGAT-1-1,0_HealthyBM2,HBM,3,0.21633549,1.7330469
TACTTACAGAGACTAT-1-1,0_HealthyBM2,HBM,9,6.600344,0.05861874
TACTTACAGCCAGGAT-1-1,0_HealthyBM2,HBM,14,8.058976,-3.5006926
TACTTACCAAGCCGTC-1-1,0_HealthyBM2,HBM,8,-2.3760934,0.10433638
TACTTACGTCGATTGT-1-1,0_HealthyBM2,HBM,7,-5.5795064,2.2064102
TACTTACGTTTACTCT-1-1,0_HealthyBM2,HBM,14,8.588911,-3.4705641
TACTTACTCAACCAAC-1-1,0_HealthyBM2,HBM,14,7.538606,-3.5347555
TACTTACTCCGTTGCT-1-1,0_HealthyBM2,HBM,5,-0.9387333,-0.43605247
TACTTACTCTTGAGGT-1-1,0_HealthyBM2,HBM,3,-0.8933863,3.5589201
TACTTGTAGGAGTACC-1-1,0_HealthyBM2,HBM,3,-1.9995944,1.1643894
TACTTGTAGTGGAGAA-1-1,0_HealthyBM2,HBM,8,-1.3736352,-0.32712254
TACTTGTCAAAGCGGT-1-1,0_HealthyBM2,HBM,14,8.302909,-3.0109754
TACTTGTCACTTAAGC-1-1,0_HealthyBM2,HBM,1,7.0136743,0.5984348
TACTTGTGTCACACGC-1-1,0_HealthyBM2,HBM,15,-3.1386669,-0.051419277
TACTTGTTCCAGTAGT-1-1,0_HealthyBM2,HBM,15,-2.7961242,0.73980856
TACTTGTTCCCTTGTG-1-1,0_HealthyBM2,HBM,3,-2.4323704,1.4276136
TACTTGTTCTCTGCTG-1-1,0_HealthyBM2,HBM,3,-1.4315748,1.1735729
TACTTGTTCTTCATGT-1-1,0_HealthyBM2,HBM,5,-0.3018195,0.5025809
TAGACCAGTCTTGCGG-1-1,0_HealthyBM2,HBM,9,3.8277245,0.97453773
TAGACCAGTGGTAACG-1-1,0_HealthyBM2,HBM,15,-2.7508478,-1.6187614
TAGACCAGTGTCTGAT-1-1,0_HealthyBM2,HBM,1,7.547258,-0.92741394
TAGACCATCTCTTGAT-1-1,0_HealthyBM2,HBM,7,-4.7685385,2.205451
TAGAGCTAGTATCTCG-1-1,0_HealthyBM2,HBM,0,11.49683,2.6971686
TAGAGCTAGTTAAGTG-1-1,0_HealthyBM2,HBM,9,5.6885986,1.5779152
TAGAGCTTCGGCTTGG-1-1,0_HealthyBM2,HBM,6,-1.0378346,-2.2508416
TAGAGCTTCTCCTATA-1-1,0_HealthyBM2,HBM,1,7.8083043,-0.80875736
TAGAGCTTCTGTCTCG-1-1,0_HealthyBM2,HBM,9,5.959837,0.523905
TAGCCGGAGACGCAAC-1-1,0_HealthyBM2,HBM,3,-2.9379585,1.3927749
TAGCCGGAGCCAGAAC-1-1,0_HealthyBM2,HBM,9,5.467156,1.3389827
TAGCCGGAGGAGTACC-1-1,0_HealthyBM2,HBM,9,5.9517813,0.11684203
TAGCCGGCAGACAGGT-1-1,0_HealthyBM2,HBM,6,0.7520944,-1.5816723
TAGCCGGGTACATCCA-1-1,0_HealthyBM2,HBM,7,-4.825942,-1.4280957
TAGCCGGGTTAAGAAC-1-1,0_HealthyBM2,HBM,9,6.1415834,0.45820275
TAGGCATAGACATAAC-1-1,0_HealthyBM2,HBM,3,-2.069354,0.20028894
TAGGCATAGATGCCTT-1-1,0_HealthyBM2,HBM,14,8.426043,-3.2906854
TAGGCATAGCGTCTAT-1-1,0_HealthyBM2,HBM,3,-3.477877,1.8650897
TAGGCATCATGAACCT-1-1,0_HealthyBM2,HBM,9,3.3086746,0.8103019
TAGGCATTCAGCATGT-1-1,0_HealthyBM2,HBM,0,10.654626,1.4062257
TAGTGGTCATCCCACT-1-1,0_HealthyBM2,HBM,8,-2.7905655,0.5543752
TAGTGGTGTAGAGTGC-1-1,0_HealthyBM2,HBM,1,7.8447504,-1.0916661
TAGTGGTTCACGACTA-1-1,0_HealthyBM2,HBM,3,-1.139318,1.4543835
TAGTGGTTCAGGTAAA-1-1,0_HealthyBM2,HBM,7,-4.211685,2.9772763
TAGTGGTTCATGTGGT-1-1,0_HealthyBM2,HBM,6,0.9503062,-2.2051778
TAGTGGTTCGGTGTCG-1-1,0_HealthyBM2,HBM,6,-0.04898477,-2.2737815
TAGTTGGAGTATTGGA-1-1,0_HealthyBM2,HBM,8,-1.6020094,1.0149136
TAGTTGGGTATCAGTC-1-1,0_HealthyBM2,HBM,0,12.228648,3.066853
TAGTTGGTCGCTAGCG-1-1,0_HealthyBM2,HBM,7,-3.6059089,-0.38315964
TAGTTGGTCTGCTGTC-1-1,0_HealthyBM2,HBM,7,-3.8570447,0.23217659
TATCAGGAGAGCAATT-1-1,0_HealthyBM2,HBM,7,-3.920697,-0.76425606
TATCAGGAGTGAACGC-1-1,0_HealthyBM2,HBM,3,-1.3692106,0.17350337
TATCAGGCAATGACCT-1-1,0_HealthyBM2,HBM,3,-1.664206,1.303338
TATCAGGCACGGCGTT-1-1,0_HealthyBM2,HBM,4,-1.8107828,-3.7384737
TATCAGGGTGATAAAC-1-1,0_HealthyBM2,HBM,6,0.33727986,-1.0375601
TATCAGGGTTGAGTTC-1-1,0_HealthyBM2,HBM,10,8.154543,2.8429985
TATCAGGTCAACGGCC-1-1,0_HealthyBM2,HBM,9,6.183023,0.71857727
TATCAGGTCTGAGTGT-1-1,0_HealthyBM2,HBM,9,5.012184,0.8832801
TATCTCAAGAGATGAG-1-1,0_HealthyBM2,HBM,9,4.971265,1.3960531
TATCTCAAGTCTCGGC-1-1,0_HealthyBM2,HBM,14,8.837457,-3.4237306
TATCTCAAGTGTCTCA-1-1,0_HealthyBM2,HBM,8,-3.0992515,-0.7682941
TATCTCACAATGCCAT-1-1,0_HealthyBM2,HBM,9,5.705921,-0.3275856
TATCTCACATCAGTAC-1-1,0_HealthyBM2,HBM,3,-1.4793859,1.9721886
TATCTCAGTCCCTTGT-1-1,0_HealthyBM2,HBM,3,-1.1643147,2.2567542
TATCTCAGTGATAAGT-1-1,0_HealthyBM2,HBM,6,-0.70966,-2.299134
TATGCCCAGATGGCGT-1-1,0_HealthyBM2,HBM,9,4.628451,0.72937053
TATGCCCAGTACACCT-1-1,0_HealthyBM2,HBM,3,-2.6693382,1.9224184
TATGCCCCACCATCCT-1-1,0_HealthyBM2,HBM,10,8.291213,3.14085
TATGCCCGTCGCGGTT-1-1,0_HealthyBM2,HBM,4,-1.7083142,-1.5583229
TATGCCCGTTATGCGT-1-1,0_HealthyBM2,HBM,3,0.9854452,0.17873795
TATGCCCTCAAGCCTA-1-1,0_HealthyBM2,HBM,9,2.9647453,0.1782838
TATGCCCTCGAGGTAG-1-1,0_HealthyBM2,HBM,6,-0.5143565,-1.518094
TATGCCCTCGCTTGTC-1-1,0_HealthyBM2,HBM,3,-0.43325087,0.48961812
TATGCCCTCGTCTGCT-1-1,0_HealthyBM2,HBM,6,2.827124,-0.48683023
TATGCCCTCTGCTTGC-1-1,0_HealthyBM2,HBM,3,0.85849977,-0.12491421
TATTACCAGGTGCTAG-1-1,0_HealthyBM2,HBM,6,2.0985785,-1.504204
TATTACCGTCAAGCGA-1-1,0_HealthyBM2,HBM,10,9.299679,2.6394625
TATTACCGTCCAGTTA-1-1,0_HealthyBM2,HBM,4,-1.4694268,-1.9354664
TATTACCTCAAGCCTA-1-1,0_HealthyBM2,HBM,6,0.6065235,-2.5889492
TCAACGAAGTATGACA-1-1,0_HealthyBM2,HBM,15,-2.7687783,-0.113256276
TCAACGAAGTCAAGCG-1-1,0_HealthyBM2,HBM,6,1.8764182,-0.9216339
TCAACGAAGTGAATTG-1-1,0_HealthyBM2,HBM,7,-4.4500723,1.0962073
TCAACGACACGCTTTC-1-1,0_HealthyBM2,HBM,3,0.3827527,-0.73558015
TCAACGACAGCTCGAC-1-1,0_HealthyBM2,HBM,3,-0.46095985,0.6342913
TCAACGATCAATCTCT-1-1,0_HealthyBM2,HBM,0,10.057639,0.85247093
TCAACGATCACCATAG-1-1,0_HealthyBM2,HBM,14,8.553263,-3.7133696
TCAATCTGTCCTAGCG-1-1,0_HealthyBM2,HBM,9,-3.2823668,2.3623214
TCACAAGAGGGCTTCC-1-1,0_HealthyBM2,HBM,9,3.7040143,0.24328652
TCACAAGAGGTGATAT-1-1,0_HealthyBM2,HBM,3,0.5996032,0.69841707
TCACAAGAGTTGTCGT-1-1,0_HealthyBM2,HBM,7,-4.5235057,1.3801216
TCACAAGCAACGATCT-1-1,0_HealthyBM2,HBM,5,-1.9057826,-0.41596973
TCACAAGCAGCTGTTA-1-1,0_HealthyBM2,HBM,9,5.5753284,0.14440653
TCACAAGGTAACGACG-1-1,0_HealthyBM2,HBM,7,-6.207632,1.8384724
TCACAAGGTCATCCCT-1-1,0_HealthyBM2,HBM,14,8.594862,-3.6053715
TCACGAAAGTGTTGAA-1-1,0_HealthyBM2,HBM,15,-2.530581,-1.0371073
TCACGAACATATGAGA-1-1,0_HealthyBM2,HBM,7,-3.4485328,-0.17188706
TCACGAACATTTGCTT-1-1,0_HealthyBM2,HBM,1,8.8680315,-0.21052578
TCACGAAGTAAGCACG-1-1,0_HealthyBM2,HBM,9,5.7160583,1.5178553
TCACGAATCCAAACTG-1-1,0_HealthyBM2,HBM,6,0.5891993,-0.85133743
TCACGAATCGATGAGG-1-1,0_HealthyBM2,HBM,14,8.250854,-3.4959579
TCACGAATCGTCGTTC-1-1,0_HealthyBM2,HBM,8,-2.1004336,-0.3680395
TCAGATGAGAGACTTA-1-1,0_HealthyBM2,HBM,1,7.769257,-0.08438579
TCAGATGAGATATGGT-1-1,0_HealthyBM2,HBM,9,2.5533533,0.2674075
TCAGATGAGCTGGAAC-1-1,0_HealthyBM2,HBM,6,-0.007666474,-1.7805787
TCAGATGCATCGATGT-1-1,0_HealthyBM2,HBM,14,8.272394,-3.8813498
TCAGATGCATGTAGTC-1-1,0_HealthyBM2,HBM,3,-0.18250997,-0.22177042
TCAGATGGTCATATCG-1-1,0_HealthyBM2,HBM,0,12.058563,1.7205986
TCAGATGGTCATGCAT-1-1,0_HealthyBM2,HBM,7,-4.4030137,-1.0247649
TCAGATGGTTCCATGA-1-1,0_HealthyBM2,HBM,3,-1.7498732,1.226011
TCAGATGTCAGCAACT-1-1,0_HealthyBM2,HBM,3,-1.7961779,3.1490781
TCAGCAAAGACCCACC-1-1,0_HealthyBM2,HBM,14,9.6825695,-0.773453
TCAGCAAAGCCGCCTA-1-1,0_HealthyBM2,HBM,11,3.8100772,-1.554262
TCAGCAAAGCTAGTTC-1-1,0_HealthyBM2,HBM,6,0.83298016,-1.8691268
TCAGCAAAGCTGCAAG-1-1,0_HealthyBM2,HBM,6,-0.29021603,-1.7221519
TCAGCAAGTCGCGTGT-1-1,0_HealthyBM2,HBM,3,-1.1960449,2.389608
TCAGCAAGTCGCTTCT-1-1,0_HealthyBM2,HBM,0,9.355996,0.97438574
TCAGCAAGTCTTCGTC-1-1,0_HealthyBM2,HBM,3,0.66824603,-0.5728134
TCAGCAATCCTTGCCA-1-1,0_HealthyBM2,HBM,7,-4.0642505,2.2908187
TCAGCAATCGTCCAGG-1-1,0_HealthyBM2,HBM,7,-4.284573,0.6788874
TCAGCTCAGTCGCCGT-1-1,0_HealthyBM2,HBM,15,-2.3263197,-2.381672
TCAGCTCAGTTATCGC-1-1,0_HealthyBM2,HBM,1,7.9601517,-0.5906061
TCAGCTCGTGATAAGT-1-1,0_HealthyBM2,HBM,3,-2.4816818,3.3132439
TCAGCTCTCATCACCC-1-1,0_HealthyBM2,HBM,3,-2.5629368,3.0990026
TCAGCTCTCTCGCATC-1-1,0_HealthyBM2,HBM,1,7.4305253,0.35198686
TCAGGATAGCTAGTGG-1-1,0_HealthyBM2,HBM,7,-3.7142005,-0.7119523
TCAGGATAGTAGCCGA-1-1,0_HealthyBM2,HBM,3,-0.24950947,1.7413312
TCAGGATAGTTACCCA-1-1,0_HealthyBM2,HBM,14,8.467837,-2.8372753
TCAGGATGTCGTTGTA-1-1,0_HealthyBM2,HBM,7,-4.5474334,-1.012908
TCAGGATGTGTTGAGG-1-1,0_HealthyBM2,HBM,14,7.7830763,-3.3362873
TCAGGATGTTATGTGC-1-1,0_HealthyBM2,HBM,6,0.74440205,-0.81166285
TCAGGATTCACAACGT-1-1,0_HealthyBM2,HBM,3,-0.7046627,0.012901326
TCAGGTACACGGTGTC-1-1,0_HealthyBM2,HBM,4,-3.4758463,1.6738381
TCAGGTACAGATCCAT-1-1,0_HealthyBM2,HBM,9,6.292733,0.7650314
TCAGGTACATGTTCCC-1-1,0_HealthyBM2,HBM,6,2.1518998,-1.2636389
TCAGGTAGTCTTCTCG-1-1,0_HealthyBM2,HBM,9,6.862658,0.29899275
TCAGGTAGTGCGGTAA-1-1,0_HealthyBM2,HBM,7,-4.251519,0.94584197
TCAGGTAGTTCACCTC-1-1,0_HealthyBM2,HBM,3,-1.8692262,0.05294124
TCAGGTATCTTTAGGG-1-1,0_HealthyBM2,HBM,15,-2.7331216,-1.7988049
TCATTACAGGCGATAC-1-1,0_HealthyBM2,HBM,3,0.67534614,0.4872835
TCATTACCAACACCTA-1-1,0_HealthyBM2,HBM,7,-5.6169367,1.4215773
TCATTACCACGCATCG-1-1,0_HealthyBM2,HBM,6,1.2750438,-0.64284086
TCATTACCATGCAATC-1-1,0_HealthyBM2,HBM,9,3.619649,-0.34373948
TCATTACGTGTAAGTA-1-1,0_HealthyBM2,HBM,4,-1.8032095,-3.57179
TCATTACGTTACGTCA-1-1,0_HealthyBM2,HBM,1,6.9683695,0.23476721
TCATTTGCACGGTGTC-1-1,0_HealthyBM2,HBM,9,5.387684,0.30349937
TCATTTGCATGCTGGC-1-1,0_HealthyBM2,HBM,7,-4.1873646,1.250073
TCATTTGCATGTCGAT-1-1,0_HealthyBM2,HBM,7,-4.651283,0.9693899
TCATTTGGTACCGGCT-1-1,0_HealthyBM2,HBM,15,-2.762598,0.08020055
TCATTTGTCACATACG-1-1,0_HealthyBM2,HBM,0,11.449549,2.0364437
TCATTTGTCGTCGTTC-1-1,0_HealthyBM2,HBM,3,-3.0178668,2.6698315
TCCACACAGAGCTTCT-1-1,0_HealthyBM2,HBM,9,4.1968107,-0.2961385
TCCACACAGTAGATGT-1-1,0_HealthyBM2,HBM,0,11.925863,2.533129
TCCACACCATAGGATA-1-1,0_HealthyBM2,HBM,6,0.05318713,-1.385886
TCCACACGTCATGCCG-1-1,0_HealthyBM2,HBM,3,-0.65607214,0.35901323
TCCACACGTTCTGGTA-1-1,0_HealthyBM2,HBM,14,6.937969,-3.5394092
TCCACACTCTTGTCAT-1-1,0_HealthyBM2,HBM,14,8.628921,-3.4744473
TCCCGATAGCAGGTCA-1-1,0_HealthyBM2,HBM,9,3.4062397,-0.15024759
TCCCGATAGCGTGTCC-1-1,0_HealthyBM2,HBM,15,-2.31347,-2.036675
TCCCGATAGTAGCGGT-1-1,0_HealthyBM2,HBM,9,6.6730323,0.39273238
TCCCGATAGTGATCGG-1-1,0_HealthyBM2,HBM,7,-3.8560185,-0.8391958
TCCCGATCACATCCGG-1-1,0_HealthyBM2,HBM,7,-3.730353,2.7855918
TCCCGATCAGTGGGAT-1-1,0_HealthyBM2,HBM,1,8.604166,-0.5410118
TCCCGATGTGACCAAG-1-1,0_HealthyBM2,HBM,3,1.4797343,1.1836278
TCCCGATTCGAATCCA-1-1,0_HealthyBM2,HBM,6,0.35002092,-2.1245
TCCCGATTCTAACTTC-1-1,0_HealthyBM2,HBM,3,-0.4285686,0.24882631
TCGAGGCAGACGCAAC-1-1,0_HealthyBM2,HBM,1,7.947021,-0.41473183
TCGAGGCAGAGGACGG-1-1,0_HealthyBM2,HBM,4,-2.6175673,-3.0330555
TCGAGGCAGCAGCGTA-1-1,0_HealthyBM2,HBM,7,-5.022503,2.5804517
TCGAGGCAGGCCCTCA-1-1,0_HealthyBM2,HBM,9,4.216925,0.20014043
TCGAGGCAGGTAAACT-1-1,0_HealthyBM2,HBM,7,-4.543707,-1.1491071
TCGAGGCCACAGCCCA-1-1,0_HealthyBM2,HBM,3,-1.2664615,-0.03643511
TCGAGGCCATACTCTT-1-1,0_HealthyBM2,HBM,15,-2.5694973,-1.6236863
TCGAGGCGTACCATCA-1-1,0_HealthyBM2,HBM,3,-1.6930865,1.4780766
TCGAGGCGTATAGGTA-1-1,0_HealthyBM2,HBM,3,-3.1327496,2.1561258
TCGAGGCTCACGGTTA-1-1,0_HealthyBM2,HBM,14,9.792712,-1.2455156
TCGAGGCTCCATTCTA-1-1,0_HealthyBM2,HBM,4,-1.6992596,-0.4816989
TCGAGGCTCCTTCAAT-1-1,0_HealthyBM2,HBM,3,-1.1070861,-0.40004882
TCGCGAGAGACTGGGT-1-1,0_HealthyBM2,HBM,7,-3.5989723,0.1800789
TCGCGAGAGATCGGGT-1-1,0_HealthyBM2,HBM,3,-1.505402,1.8647505
TCGCGAGAGGTGATAT-1-1,0_HealthyBM2,HBM,0,9.808911,1.6645168
TCGCGAGCAAGGCTCC-1-1,0_HealthyBM2,HBM,7,-4.6948633,2.6153288
TCGCGAGCACGCGAAA-1-1,0_HealthyBM2,HBM,7,-4.680046,-0.37024337
TCGCGAGGTTCTGAAC-1-1,0_HealthyBM2,HBM,15,-3.1598735,0.67672694
TCGCGAGTCAGGATCT-1-1,0_HealthyBM2,HBM,3,1.0739772,0.32556504
TCGCGAGTCCTGCAGG-1-1,0_HealthyBM2,HBM,3,-1.5099794,0.27603698
TCGCGTTAGCGCCTCA-1-1,0_HealthyBM2,HBM,9,4.3215165,0.41474834
TCGCGTTAGTGAACAT-1-1,0_HealthyBM2,HBM,7,-4.4832506,0.15346123
TCGCGTTCATCGTCGG-1-1,0_HealthyBM2,HBM,15,-2.3147128,-1.5242046
TCGCGTTCATGCCACG-1-1,0_HealthyBM2,HBM,3,-1.2826338,0.1817729
TCGCGTTGTGGAAAGA-1-1,0_HealthyBM2,HBM,7,-3.7464087,1.5013845
TCGGGACAGTGAAGTT-1-1,0_HealthyBM2,HBM,4,-2.4182694,-3.3631866
TCGGGACCAAGCGAGT-1-1,0_HealthyBM2,HBM,6,0.30630445,-1.9544898
TCGGGACCAAGGTTTC-1-1,0_HealthyBM2,HBM,5,-1.9500277,0.08722934
TCGGGACCAGAGCCAA-1-1,0_HealthyBM2,HBM,3,-3.2223947,3.1267776
TCGGGACCATGGTCAT-1-1,0_HealthyBM2,HBM,7,-5.6723385,1.5815036
TCGGGACGTACTCTCC-1-1,0_HealthyBM2,HBM,3,-2.2006838,0.32972658
TCGGGACGTTAAGTAG-1-1,0_HealthyBM2,HBM,0,10.818537,0.15473525
TCGGGACTCAGTGTTG-1-1,0_HealthyBM2,HBM,0,10.278221,1.2100623
TCGGGACTCGCAGGCT-1-1,0_HealthyBM2,HBM,6,0.6347749,-1.0274695
TCGGGACTCTCGCTTG-1-1,0_HealthyBM2,HBM,3,-2.037205,3.0623503
TCGGTAACACCGAATT-1-1,0_HealthyBM2,HBM,1,7.5500174,-0.09982204
TCGGTAACATCGATGT-1-1,0_HealthyBM2,HBM,9,4.1884265,0.43345103
TCGGTAAGTGCCTTGG-1-1,0_HealthyBM2,HBM,3,-0.73643565,0.0025617904
TCGGTAAGTTCTGGTA-1-1,0_HealthyBM2,HBM,3,-2.618474,0.5704667
TCGGTAAGTTGTCGCG-1-1,0_HealthyBM2,HBM,14,7.843542,-3.8382773
TCGGTAATCACCATAG-1-1,0_HealthyBM2,HBM,7,-4.2734733,1.6818336
TCGGTAATCAGATAAG-1-1,0_HealthyBM2,HBM,9,3.9890392,0.15433198
TCGTACCCAGAGCCAA-1-1,0_HealthyBM2,HBM,14,9.402288,-0.9436399
TCGTACCCATACCATG-1-1,0_HealthyBM2,HBM,15,-2.7964292,0.27689523
TCGTACCGTTTACTCT-1-1,0_HealthyBM2,HBM,8,-2.2155404,-0.15080708
TCGTACCTCGCAAGCC-1-1,0_HealthyBM2,HBM,7,-4.0668926,-0.50095314
TCGTACCTCGCTTAGA-1-1,0_HealthyBM2,HBM,3,-2.6791008,2.7403111
TCGTAGAAGCCCAACC-1-1,0_HealthyBM2,HBM,0,10.994268,2.5803092
TCGTAGAAGGGAGTAA-1-1,0_HealthyBM2,HBM,3,-2.743419,0.8840362
TCGTAGACACCAGGTC-1-1,0_HealthyBM2,HBM,9,5.124156,0.75643545
TCGTAGACAGATGAGC-1-1,0_HealthyBM2,HBM,0,11.136834,1.2342474
TCGTAGACATATGCTG-1-1,0_HealthyBM2,HBM,0,10.842774,2.7324533
TCGTAGACATGTCTCC-1-1,0_HealthyBM2,HBM,3,-0.46632588,-0.7446013
TCGTAGAGTGTAAGTA-1-1,0_HealthyBM2,HBM,1,7.574343,0.1844741
TCGTAGATCTATCCTA-1-1,0_HealthyBM2,HBM,0,10.401581,2.7965815
TCTATTGCACATAACC-1-1,0_HealthyBM2,HBM,0,10.159491,1.2709093
TCTATTGGTGCCTGTG-1-1,0_HealthyBM2,HBM,0,11.922858,0.7216556
TCTATTGTCACTATTC-1-1,0_HealthyBM2,HBM,4,-1.6702851,-2.675457
TCTATTGTCCAGGGCT-1-1,0_HealthyBM2,HBM,15,-2.2098389,-0.018999359
TCTATTGTCGCTAGCG-1-1,0_HealthyBM2,HBM,14,8.311851,-4.040522
TCTATTGTCGTAGATC-1-1,0_HealthyBM2,HBM,14,9.56533,-1.7858374
TCTCATAAGCCAGTTT-1-1,0_HealthyBM2,HBM,3,-1.6758264,2.1940694
TCTCATAAGGAATGGA-1-1,0_HealthyBM2,HBM,3,-2.1886055,1.1599963
TCTCATAGTAAAGTCA-1-1,0_HealthyBM2,HBM,3,-2.219477,1.6667758
TCTCATAGTTCAGCGC-1-1,0_HealthyBM2,HBM,14,8.926097,-0.55208737
TCTCTAAAGCAGATCG-1-1,0_HealthyBM2,HBM,9,4.764665,0.9275829
TCTCTAAAGCCCAGCT-1-1,0_HealthyBM2,HBM,1,8.079902,-0.8170002
TCTCTAACAATGGACG-1-1,0_HealthyBM2,HBM,6,1.208054,-2.249809
TCTCTAAGTACCATCA-1-1,0_HealthyBM2,HBM,9,5.9031043,-0.13688442
TCTCTAATCCTTTCTC-1-1,0_HealthyBM2,HBM,9,4.5731263,0.45935053
TCTGAGAAGATGTCGG-1-1,0_HealthyBM2,HBM,3,0.39399937,-0.053652607
TCTGAGAAGCGCCTCA-1-1,0_HealthyBM2,HBM,14,8.199832,-1.0042877
TCTGAGAAGGCATGGT-1-1,0_HealthyBM2,HBM,1,8.662164,0.47027192
TCTGAGACAATAACGA-1-1,0_HealthyBM2,HBM,15,-2.0180786,-1.448526
TCTGAGACATCTCCCA-1-1,0_HealthyBM2,HBM,15,-2.0121057,-1.8161288
TCTGAGACATTAGCCA-1-1,0_HealthyBM2,HBM,14,9.686414,-1.4082321
TCTGAGAGTAGCCTCG-1-1,0_HealthyBM2,HBM,3,-3.4146976,2.401788
TCTGAGATCACCAGGC-1-1,0_HealthyBM2,HBM,9,6.0695777,0.19530939
TCTGAGATCACGAAGG-1-1,0_HealthyBM2,HBM,4,-3.1778705,-1.6966554
TCTGAGATCGTTACAG-1-1,0_HealthyBM2,HBM,1,7.991733,-1.0891744
TCTGAGATCTCGTTTA-1-1,0_HealthyBM2,HBM,1,7.3854384,-0.39131325
TCTGAGATCTTCATGT-1-1,0_HealthyBM2,HBM,7,-4.498267,-0.77432
TCTGGAAAGAAGAAGC-1-1,0_HealthyBM2,HBM,3,-1.4299878,2.1018465
TCTGGAACACACGCTG-1-1,0_HealthyBM2,HBM,9,5.583992,0.821584
TCTGGAAGTAGAAGGA-1-1,0_HealthyBM2,HBM,9,6.300399,0.16625717
TCTGGAAGTAGATTAG-1-1,0_HealthyBM2,HBM,11,4.469267,-1.9212866
TCTGGAAGTCGAACAG-1-1,0_HealthyBM2,HBM,1,8.796851,-0.77972686
TCTGGAATCTGCGTAA-1-1,0_HealthyBM2,HBM,3,-1.6117043,2.44597
TCTTCGGAGCCCAATT-1-1,0_HealthyBM2,HBM,11,4.715775,-3.0903068
TCTTCGGAGTTACCCA-1-1,0_HealthyBM2,HBM,6,2.4317102,-0.22233585
TCTTCGGCACAGCGTC-1-1,0_HealthyBM2,HBM,7,-5.0022283,0.9095153
TCTTCGGCAGCATACT-1-1,0_HealthyBM2,HBM,3,-1.1849782,2.5124462
TCTTCGGTCTCCAACC-1-1,0_HealthyBM2,HBM,6,1.6853524,-1.2867471
TCTTTCCAGCAAATCA-1-1,0_HealthyBM2,HBM,3,-2.088767,2.902248
TCTTTCCAGGAATGGA-1-1,0_HealthyBM2,HBM,0,10.675733,2.578947
TCTTTCCAGGGTGTGT-1-1,0_HealthyBM2,HBM,3,-0.909308,1.1824208
TCTTTCCAGTGAAGTT-1-1,0_HealthyBM2,HBM,6,0.5057711,-2.138787
TCTTTCCGTACCGGCT-1-1,0_HealthyBM2,HBM,4,-0.793256,-1.673526
TCTTTCCGTAGCGTGA-1-1,0_HealthyBM2,HBM,4,-1.8017141,-3.6156833
TCTTTCCGTTGAGTTC-1-1,0_HealthyBM2,HBM,6,0.4299421,-1.448874
TCTTTCCTCATCGGAT-1-1,0_HealthyBM2,HBM,0,11.111782,2.4700243
TCTTTCCTCCGCGGTA-1-1,0_HealthyBM2,HBM,6,0.6826729,-2.3771095
TCTTTCCTCGCATGGC-1-1,0_HealthyBM2,HBM,14,7.6837254,-2.279164
TCTTTCCTCTCTGTCG-1-1,0_HealthyBM2,HBM,9,7.1530867,0.34739196
TCTTTCCTCTGCTGCT-1-1,0_HealthyBM2,HBM,3,1.4390242,0.8925182
TGAAAGAAGGAATTAC-1-1,0_HealthyBM2,HBM,8,-2.133097,-0.2800492
TGAAAGACAATACGCT-1-1,0_HealthyBM2,HBM,15,-3.6453073,2.1442828
TGAAAGACAGGTCGTC-1-1,0_HealthyBM2,HBM,0,11.413747,2.6705606
TGAAAGAGTGGGTCAA-1-1,0_HealthyBM2,HBM,6,-0.17903975,-2.3260803
TGACAACAGACACGAC-1-1,0_HealthyBM2,HBM,14,8.912859,-3.6905541
TGACAACAGACTAGGC-1-1,0_HealthyBM2,HBM,4,-1.8486077,-2.1767716
TGACAACAGGTGCAAC-1-1,0_HealthyBM2,HBM,9,5.1869087,-0.117933854
TGACAACCACTTCGAA-1-1,0_HealthyBM2,HBM,15,-1.9212167,-1.9705441
TGACAACTCTACTTAC-1-1,0_HealthyBM2,HBM,11,4.2055173,-3.0340605
TGACGGCAGATGTCGG-1-1,0_HealthyBM2,HBM,14,7.954927,-3.5448923
TGACGGCGTTAAGGGC-1-1,0_HealthyBM2,HBM,8,-2.463228,0.7530203
TGACGGCTCCCTGACT-1-1,0_HealthyBM2,HBM,7,-4.026579,2.2567058
TGACGGCTCTTTACAC-1-1,0_HealthyBM2,HBM,9,5.0498486,1.160854
TGACTAGAGACACGAC-1-1,0_HealthyBM2,HBM,6,0.40030932,-1.6295546
TGACTAGAGTGGTAGC-1-1,0_HealthyBM2,HBM,15,-2.5492635,-1.3498971
TGACTAGCAATGGATA-1-1,0_HealthyBM2,HBM,3,-0.96332705,0.26303607
TGACTAGCACACATGT-1-1,0_HealthyBM2,HBM,15,-1.8647677,-2.4480605
TGACTAGCACTCAGGC-1-1,0_HealthyBM2,HBM,11,4.442015,-3.0248742
TGACTAGCAGGGTTAG-1-1,0_HealthyBM2,HBM,7,-3.3538864,0.42025033
TGACTAGCATGGTCTA-1-1,0_HealthyBM2,HBM,11,4.250343,-2.7331452
TGACTAGGTGTCCTCT-1-1,0_HealthyBM2,HBM,6,1.6795045,-1.0901748
TGACTAGGTTCGTGAT-1-1,0_HealthyBM2,HBM,1,8.563747,0.2354367
TGACTAGTCATGTCTT-1-1,0_HealthyBM2,HBM,14,7.721142,-3.0583675
TGACTTTAGCGACGTA-1-1,0_HealthyBM2,HBM,15,-2.1487348,-0.93679416
TGACTTTAGGCTCTTA-1-1,0_HealthyBM2,HBM,6,1.5344038,-1.6344641
TGACTTTCAGCCTTTC-1-1,0_HealthyBM2,HBM,1,6.9659686,-0.63958627
TGACTTTCAGGTCCAC-1-1,0_HealthyBM2,HBM,3,-1.2678233,2.4213989
TGACTTTCAGTTCATG-1-1,0_HealthyBM2,HBM,5,-0.49859834,0.94410414
TGACTTTGTGACGCCT-1-1,0_HealthyBM2,HBM,15,-1.2960405,-0.40610525
TGAGAGGAGAGTGAGA-1-1,0_HealthyBM2,HBM,14,8.043133,-3.4476137
TGAGAGGCACATCCGG-1-1,0_HealthyBM2,HBM,0,9.620247,2.148617
TGAGAGGCACCTCGTT-1-1,0_HealthyBM2,HBM,1,7.271556,0.34085777
TGAGAGGCATTGGTAC-1-1,0_HealthyBM2,HBM,1,8.2457485,-1.4361734
TGAGAGGGTGCAGACA-1-1,0_HealthyBM2,HBM,3,-2.094659,0.06831878
TGAGCATAGACTTTCG-1-1,0_HealthyBM2,HBM,14,8.805059,-2.6326532
TGAGCATAGGATGTAT-1-1,0_HealthyBM2,HBM,0,11.13391,2.8021193
TGAGCATCACTAAGTC-1-1,0_HealthyBM2,HBM,6,0.8364727,-1.4657094
TGAGCATGTATAGTAG-1-1,0_HealthyBM2,HBM,8,-2.2598684,-0.44799593
TGAGCATGTCAGGACA-1-1,0_HealthyBM2,HBM,15,-3.483194,0.29908445
TGAGCATGTGCTCTTC-1-1,0_HealthyBM2,HBM,3,-1.53927,2.319
TGAGCATTCCACTGGG-1-1,0_HealthyBM2,HBM,3,-1.4721276,-0.5011136
TGAGCCGAGATCCCGC-1-1,0_HealthyBM2,HBM,6,0.91643167,-2.6962166
TGAGCCGAGTACGACG-1-1,0_HealthyBM2,HBM,0,11.442884,2.4897966
TGAGCCGCAAGTAGTA-1-1,0_HealthyBM2,HBM,14,7.9884415,-3.6542974
TGAGCCGCAGGGTATG-1-1,0_HealthyBM2,HBM,3,-0.90202767,1.5555726
TGAGCCGCAGTATCTG-1-1,0_HealthyBM2,HBM,15,-1.9846795,-2.1530483
TGAGCCGGTACATGTC-1-1,0_HealthyBM2,HBM,4,-1.5614707,-3.0439713
TGAGCCGGTGGTTTCA-1-1,0_HealthyBM2,HBM,7,-4.393833,-0.10749542
TGAGCCGGTGTGACGA-1-1,0_HealthyBM2,HBM,3,-1.4495641,0.9107805
TGAGCCGGTTCTGGTA-1-1,0_HealthyBM2,HBM,4,-1.6491754,-0.24077529
TGAGCCGTCCCAACGG-1-1,0_HealthyBM2,HBM,7,-4.148635,0.70923835
TGAGCCGTCCTATTCA-1-1,0_HealthyBM2,HBM,9,3.6094306,0.13792092
TGAGGGAAGATGTGTA-1-1,0_HealthyBM2,HBM,4,-1.7580296,-3.3562353
TGAGGGAAGCCGGTAA-1-1,0_HealthyBM2,HBM,9,4.814716,0.49577373
TGAGGGAAGCGCTTAT-1-1,0_HealthyBM2,HBM,3,-0.81350815,2.2576985
TGAGGGAAGTTAGGTA-1-1,0_HealthyBM2,HBM,1,7.955168,-0.48045298
TGAGGGACACAAGCCC-1-1,0_HealthyBM2,HBM,9,5.324371,0.34116787
TGAGGGACAGTCAGAG-1-1,0_HealthyBM2,HBM,6,0.45990598,-0.5385261
TGAGGGATCTCCAACC-1-1,0_HealthyBM2,HBM,14,8.163172,-3.1085052
TGATTTCCAGCGTAAG-1-1,0_HealthyBM2,HBM,3,1.596708,-0.44967207
TGATTTCCATATGCTG-1-1,0_HealthyBM2,HBM,8,-2.5602868,1.4396263
TGATTTCCATCGATTG-1-1,0_HealthyBM2,HBM,3,-3.1212888,2.1811855
TGATTTCGTACTCTCC-1-1,0_HealthyBM2,HBM,7,-4.356951,0.62440324
TGATTTCGTGGTCTCG-1-1,0_HealthyBM2,HBM,9,5.8733854,1.5248557
TGATTTCGTTCACCTC-1-1,0_HealthyBM2,HBM,3,-0.10399572,-0.6705877
TGCACCTAGGCCATAG-1-1,0_HealthyBM2,HBM,7,-5.0029397,2.5087926
TGCACCTAGGCCGAAT-1-1,0_HealthyBM2,HBM,4,-1.8039962,-3.1355648
TGCACCTAGTGAACGC-1-1,0_HealthyBM2,HBM,14,8.021646,-3.6381629
TGCACCTCAATCAGAA-1-1,0_HealthyBM2,HBM,14,9.63826,-1.8091756
TGCACCTCACGCGAAA-1-1,0_HealthyBM2,HBM,3,-0.8598683,2.212881
TGCACCTCATTCACTT-1-1,0_HealthyBM2,HBM,14,7.192077,-3.4479125
TGCACCTGTGTTGAGG-1-1,0_HealthyBM2,HBM,0,10.432529,2.4061143
TGCACCTTCACCAGGC-1-1,0_HealthyBM2,HBM,11,4.6435738,-3.5332563
TGCACCTTCCAGGGCT-1-1,0_HealthyBM2,HBM,6,0.48966616,-2.6220207
TGCACCTTCTAACCGA-1-1,0_HealthyBM2,HBM,7,-4.7901382,0.89734495
TGCACCTTCTGCCCTA-1-1,0_HealthyBM2,HBM,1,7.7559433,0.22766255
TGCCAAAAGCGCTCCA-1-1,0_HealthyBM2,HBM,3,-1.0183113,2.0688941
TGCCAAAAGTGGGTTG-1-1,0_HealthyBM2,HBM,7,-4.7702875,1.0096315
TGCCAAACAATGAAAC-1-1,0_HealthyBM2,HBM,15,-2.0835497,-1.0310926
TGCCAAACAGCATGAG-1-1,0_HealthyBM2,HBM,1,9.025346,-0.6993683
TGCCAAAGTAATCGTC-1-1,0_HealthyBM2,HBM,15,-2.900201,-1.4578266
TGCCAAAGTCTACCTC-1-1,0_HealthyBM2,HBM,3,-2.7640066,3.267938
TGCCAAAGTGTGAAAT-1-1,0_HealthyBM2,HBM,6,0.46889004,-1.433263
TGCCCATCAAGCGTAG-1-1,0_HealthyBM2,HBM,3,-1.626322,1.6480869
TGCCCATCACGAAAGC-1-1,0_HealthyBM2,HBM,3,-1.3786165,3.1256185
TGCCCATCACGGTGTC-1-1,0_HealthyBM2,HBM,3,-1.9931155,3.1689882
TGCCCATGTACCGCTG-1-1,0_HealthyBM2,HBM,1,8.073665,-0.5165933
TGCCCATGTATATGGA-1-1,0_HealthyBM2,HBM,0,9.988406,0.9673309
TGCCCATGTCGGGTCT-1-1,0_HealthyBM2,HBM,15,-2.2644906,0.49673313
TGCCCATGTGGGTCAA-1-1,0_HealthyBM2,HBM,0,11.607486,2.7723236
TGCCCATTCTCTTGAT-1-1,0_HealthyBM2,HBM,0,11.964051,1.2105552
TGCCCTAAGGAGCGTT-1-1,0_HealthyBM2,HBM,14,8.535443,-4.0204563
TGCCCTAAGTCCGTAT-1-1,0_HealthyBM2,HBM,0,9.73601,2.863737
TGCCCTAAGTGGAGTC-1-1,0_HealthyBM2,HBM,6,1.0979923,-2.596266
TGCCCTACAAAGCAAT-1-1,0_HealthyBM2,HBM,4,-1.824093,-2.1456966
TGCCCTACAAGGTTCT-1-1,0_HealthyBM2,HBM,3,-3.0675468,3.5511894
TGCCCTACAGCCTTGG-1-1,0_HealthyBM2,HBM,0,12.580657,2.489446
TGCCCTAGTGTTAAGA-1-1,0_HealthyBM2,HBM,3,-2.4341,0.5578953
TGCCCTATCAAACCAC-1-1,0_HealthyBM2,HBM,3,0.64173466,0.009833011
TGCGCAGAGACAGAGA-1-1,0_HealthyBM2,HBM,14,7.0612426,-2.4655607
TGCGCAGAGGTGTGGT-1-1,0_HealthyBM2,HBM,11,3.730826,-1.8939759
TGCGCAGCAACACGCC-1-1,0_HealthyBM2,HBM,3,1.2769375,-0.077169366
TGCGCAGCACCAGCAC-1-1,0_HealthyBM2,HBM,4,-2.8647614,1.57927
TGCGCAGCATTCCTGC-1-1,0_HealthyBM2,HBM,3,-2.0512938,0.2583547
TGCGCAGGTTCAGCGC-1-1,0_HealthyBM2,HBM,15,-2.6329112,-1.6921445
TGCGCAGGTTGAGTTC-1-1,0_HealthyBM2,HBM,7,-4.4626083,2.6406002
TGCGCAGTCAGAGCTT-1-1,0_HealthyBM2,HBM,15,-2.2996562,-2.3975127
TGCGCAGTCTCAACTT-1-1,0_HealthyBM2,HBM,9,3.5652473,-0.30371007
TGCGCAGTCTGTACGA-1-1,0_HealthyBM2,HBM,9,5.2625747,1.0372355
TGCGGGTAGTGAATTG-1-1,0_HealthyBM2,HBM,6,1.173044,-2.498069
TGCGGGTAGTGCCATT-1-1,0_HealthyBM2,HBM,5,-0.25060883,-0.26718095
TGCGGGTCATGGTTGT-1-1,0_HealthyBM2,HBM,6,0.9831976,-1.2779827
TGCGGGTTCAATACCG-1-1,0_HealthyBM2,HBM,4,-1.8237989,-3.678637
TGCGGGTTCGGCCGAT-1-1,0_HealthyBM2,HBM,3,-2.0323472,1.2681304
TGCGTGGAGGCTAGGT-1-1,0_HealthyBM2,HBM,7,-4.0726123,1.1118169
TGCGTGGTCCATTCTA-1-1,0_HealthyBM2,HBM,8,-2.4941063,0.2872606
TGCTACCAGCGACGTA-1-1,0_HealthyBM2,HBM,0,10.952629,1.2513566
TGCTACCAGTGTACCT-1-1,0_HealthyBM2,HBM,8,-2.2106712,-0.6760931
TGCTACCGTGAGGGAG-1-1,0_HealthyBM2,HBM,0,10.547801,2.1970108
TGCTACCTCACCGGGT-1-1,0_HealthyBM2,HBM,1,7.5255394,-0.01929225
TGCTACCTCTGGTTCC-1-1,0_HealthyBM2,HBM,9,5.786045,-0.5424306
TGCTGCTGTAAATACG-1-1,0_HealthyBM2,HBM,7,-3.8407483,-0.8377448
TGCTGCTGTCAGATAA-1-1,0_HealthyBM2,HBM,8,-2.0169914,-1.0130689
TGCTGCTTCACATGCA-1-1,0_HealthyBM2,HBM,8,-2.014131,-0.49555168
TGCTGCTTCCAAACAC-1-1,0_HealthyBM2,HBM,0,11.815463,2.2238507
TGCTGCTTCCCAGGTG-1-1,0_HealthyBM2,HBM,1,8.113943,-0.4326786
TGCTGCTTCGTAGATC-1-1,0_HealthyBM2,HBM,4,-2.4923015,1.0910518
TGGACGCAGAGACTAT-1-1,0_HealthyBM2,HBM,15,-2.7690625,-0.2930819
TGGACGCAGAGGGATA-1-1,0_HealthyBM2,HBM,3,-2.3616476,1.4712548
TGGACGCCAAGTCTAC-1-1,0_HealthyBM2,HBM,3,1.365437,1.4453398
TGGACGCCACGCCAGT-1-1,0_HealthyBM2,HBM,3,-1.4345984,3.327162
TGGACGCCAGGGTTAG-1-1,0_HealthyBM2,HBM,3,-2.9087217,3.41492
TGGACGCGTAGAGTGC-1-1,0_HealthyBM2,HBM,6,0.5724115,-0.9492397
TGGACGCGTGTCTGAT-1-1,0_HealthyBM2,HBM,4,-1.073925,-2.2985651
TGGACGCTCGCACTCT-1-1,0_HealthyBM2,HBM,14,8.362574,-3.6983004
TGGACGCTCGTACGGC-1-1,0_HealthyBM2,HBM,3,-2.5102494,2.5847225
TGGCCAGAGACTCGGA-1-1,0_HealthyBM2,HBM,3,0.4341716,1.4418977
TGGCCAGAGGGAGTAA-1-1,0_HealthyBM2,HBM,6,0.111842334,-0.70821124
TGGCCAGCAATAAGCA-1-1,0_HealthyBM2,HBM,14,9.747562,-1.0473027
TGGCCAGCACCAGCAC-1-1,0_HealthyBM2,HBM,4,-1.74897,-1.9416517
TGGCCAGCAGCATACT-1-1,0_HealthyBM2,HBM,6,1.2900667,-2.7115128
TGGCCAGCATGATCCA-1-1,0_HealthyBM2,HBM,1,7.94554,0.57773465
TGGCCAGTCATTATCC-1-1,0_HealthyBM2,HBM,9,3.119238,0.3667723
TGGCCAGTCGAACGGA-1-1,0_HealthyBM2,HBM,11,4.630003,-2.839518
TGGCCAGTCGATAGAA-1-1,0_HealthyBM2,HBM,6,1.4117665,-2.8199503
TGGCGCAAGGGTCGAT-1-1,0_HealthyBM2,HBM,4,-0.6118185,-1.9819857
TGGCGCAAGTTTAGGA-1-1,0_HealthyBM2,HBM,3,-3.0289712,3.4118621
TGGCGCAAGTTTCCTT-1-1,0_HealthyBM2,HBM,7,-4.314376,0.23076089
TGGCGCACAAATCCGT-1-1,0_HealthyBM2,HBM,14,8.716038,-2.2913704
TGGCGCAGTGGAAAGA-1-1,0_HealthyBM2,HBM,3,-2.27009,0.8931835
TGGCGCAGTGGGTCAA-1-1,0_HealthyBM2,HBM,3,1.2923543,0.46913362
TGGCGCAGTTAAGAAC-1-1,0_HealthyBM2,HBM,7,-4.2205443,-0.30344006
TGGCTGGAGCGATATA-1-1,0_HealthyBM2,HBM,14,8.684584,-2.9174476
TGGCTGGAGCTATGCT-1-1,0_HealthyBM2,HBM,3,-0.90771586,2.1077151
TGGCTGGAGCTCCCAG-1-1,0_HealthyBM2,HBM,14,8.641865,-3.72519
TGGCTGGAGGGTCTCC-1-1,0_HealthyBM2,HBM,3,-2.4448617,2.088485
TGGCTGGCAAGCCTAT-1-1,0_HealthyBM2,HBM,14,7.8033566,-3.3068972
TGGCTGGTCCAATGGT-1-1,0_HealthyBM2,HBM,9,6.4189515,-0.61985254
TGGGAAGAGGGTTCCC-1-1,0_HealthyBM2,HBM,3,0.0709302,0.0357397
TGGGAAGCAATGAAAC-1-1,0_HealthyBM2,HBM,3,-1.400384,2.2490683
TGGGAAGCAGGTCGTC-1-1,0_HealthyBM2,HBM,15,-2.1953561,-0.67852604
TGGGAAGCAGTGGAGT-1-1,0_HealthyBM2,HBM,9,6.2863417,0.42014956
TGGGAAGCATCAGTAC-1-1,0_HealthyBM2,HBM,7,-3.807665,-0.17388229
TGGGAAGGTCCGACGT-1-1,0_HealthyBM2,HBM,9,3.970022,1.145339
TGGGAAGGTTAAGACA-1-1,0_HealthyBM2,HBM,3,1.0228264,-0.14141272
TGGGAAGGTTATGCGT-1-1,0_HealthyBM2,HBM,1,8.1919155,0.19441977
TGGGAAGTCACCTCGT-1-1,0_HealthyBM2,HBM,7,-4.328224,-0.36929795
TGGGAAGTCACGATGT-1-1,0_HealthyBM2,HBM,2,6.8116546,3.5988352
TGGGAAGTCATAGCAC-1-1,0_HealthyBM2,HBM,1,8.965309,0.5127265
TGGGCGTCACCCATTC-1-1,0_HealthyBM2,HBM,15,-2.596904,-0.05340121
TGGGCGTCATCTGGTA-1-1,0_HealthyBM2,HBM,3,-0.9646322,-0.1990408
TGGGCGTGTAAATGTG-1-1,0_HealthyBM2,HBM,8,-2.8139231,-0.98250633
TGGGCGTGTACAGTGG-1-1,0_HealthyBM2,HBM,14,8.842553,-3.1270235
TGGGCGTGTTCCCGAG-1-1,0_HealthyBM2,HBM,14,8.492494,-3.9347126
TGGGCGTTCTTATCTG-1-1,0_HealthyBM2,HBM,14,8.072919,-3.3710153
TGGTTAGAGAGCTTCT-1-1,0_HealthyBM2,HBM,9,5.5717845,0.4258748
TGGTTAGAGCTGCCCA-1-1,0_HealthyBM2,HBM,3,-2.3216748,0.5874271
TGGTTAGAGGTCATCT-1-1,0_HealthyBM2,HBM,14,7.9492226,-2.2447894
TGGTTAGAGTAAGTAC-1-1,0_HealthyBM2,HBM,6,0.7299294,-2.5965421
TGGTTAGAGTACTTGC-1-1,0_HealthyBM2,HBM,9,5.2536573,0.90023834
TGGTTAGCAACCGCCA-1-1,0_HealthyBM2,HBM,7,-5.265439,0.4791172
TGGTTAGCAGAGTGTG-1-1,0_HealthyBM2,HBM,9,5.618101,-0.67484254
TGGTTAGCAGGCGATA-1-1,0_HealthyBM2,HBM,6,1.687875,-2.2080562
TGGTTAGGTACTTGAC-1-1,0_HealthyBM2,HBM,7,-4.1865153,0.40276957
TGGTTAGGTTATGCGT-1-1,0_HealthyBM2,HBM,9,6.3688874,-0.23992687
TGGTTAGTCCACTGGG-1-1,0_HealthyBM2,HBM,6,0.7920267,-2.0704563
TGGTTAGTCCTGCCAT-1-1,0_HealthyBM2,HBM,14,10.282771,-0.15618531
TGGTTCCAGATGTGGC-1-1,0_HealthyBM2,HBM,5,-0.6637079,0.6943001
TGGTTCCAGGCAAAGA-1-1,0_HealthyBM2,HBM,6,1.6120877,-3.0481436
TGGTTCCAGGGATACC-1-1,0_HealthyBM2,HBM,9,5.7124977,1.7075415
TGGTTCCAGTAGTGCG-1-1,0_HealthyBM2,HBM,8,-3.0881903,-0.19599037
TGGTTCCCACTGAAGG-1-1,0_HealthyBM2,HBM,3,1.10853,0.82838553
TGGTTCCGTACAGTTC-1-1,0_HealthyBM2,HBM,7,-4.5646615,1.9599345
TGGTTCCGTCGTGGCT-1-1,0_HealthyBM2,HBM,1,7.1075897,0.6838192
TGGTTCCGTCTTGATG-1-1,0_HealthyBM2,HBM,7,-4.2330313,2.979283
TGGTTCCGTGTTTGGT-1-1,0_HealthyBM2,HBM,7,-3.8117967,-0.94670963
TGGTTCCGTTACGTCA-1-1,0_HealthyBM2,HBM,15,-2.3653152,-1.4995769
TGGTTCCGTTGAGTTC-1-1,0_HealthyBM2,HBM,7,-4.804994,1.8412544
TGGTTCCTCAGATAAG-1-1,0_HealthyBM2,HBM,3,-1.6558385,-0.36784893
TGTATTCAGGGAGTAA-1-1,0_HealthyBM2,HBM,9,3.203493,1.7252984
TGTATTCAGTCACGCC-1-1,0_HealthyBM2,HBM,6,1.5622061,-3.1476135
TGTATTCAGTCGATAA-1-1,0_HealthyBM2,HBM,7,-5.2017035,2.349153
TGTATTCCAGACGCAA-1-1,0_HealthyBM2,HBM,9,3.7795331,-0.34434587
TGTATTCCAGTATCTG-1-1,0_HealthyBM2,HBM,8,-1.3852648,-1.3398408
TGTATTCCATATGGTC-1-1,0_HealthyBM2,HBM,1,8.246078,0.13609868
TGTATTCCATCACGAT-1-1,0_HealthyBM2,HBM,3,-2.1898394,1.3431015
TGTATTCCATCGGGTC-1-1,0_HealthyBM2,HBM,7,-4.323855,-0.75652766
TGTATTCCATGTCGAT-1-1,0_HealthyBM2,HBM,7,-5.02964,0.20548624
TGTATTCGTCAACTGT-1-1,0_HealthyBM2,HBM,15,-2.0752935,-0.3329636
TGTATTCGTGAACCTT-1-1,0_HealthyBM2,HBM,3,-2.2309642,1.620716
TGTATTCTCTACGAGT-1-1,0_HealthyBM2,HBM,9,3.1624098,0.18139282
TGTCCCAAGCACCGTC-1-1,0_HealthyBM2,HBM,9,6.0931535,0.9357387
TGTCCCAAGCTAAACA-1-1,0_HealthyBM2,HBM,3,-0.58225864,-0.17190014
TGTCCCACAATCTGCA-1-1,0_HealthyBM2,HBM,3,-2.207165,0.9834406
TGTCCCAGTGTTGAGG-1-1,0_HealthyBM2,HBM,11,4.0804343,-2.606136
TGTCCCAGTTCGTTGA-1-1,0_HealthyBM2,HBM,3,0.41836852,0.89137554
TGTCCCATCTACTTAC-1-1,0_HealthyBM2,HBM,9,4.70847,1.2410717
TGTGGTACAAGGACAC-1-1,0_HealthyBM2,HBM,14,8.7232485,-3.606005
TGTGGTACAGATGGGT-1-1,0_HealthyBM2,HBM,3,-3.1224885,2.8425872
TGTGGTACAGCTCCGA-1-1,0_HealthyBM2,HBM,10,8.149978,2.0006127
TGTGGTACATCACGAT-1-1,0_HealthyBM2,HBM,1,5.3857474,-1.3971136
TGTGGTAGTAAGCACG-1-1,0_HealthyBM2,HBM,8,-2.546748,-1.0362961
TGTGGTAGTGCGCTTG-1-1,0_HealthyBM2,HBM,7,-4.069789,2.8941565
TGTGGTAGTGTTTGGT-1-1,0_HealthyBM2,HBM,3,-2.2339082,2.0572264
TGTGGTATCCACGTGG-1-1,0_HealthyBM2,HBM,1,7.2695546,0.302922
TGTGTTTAGCAGGCTA-1-1,0_HealthyBM2,HBM,3,-2.7043853,0.5180973
TGTGTTTAGCTCCCAG-1-1,0_HealthyBM2,HBM,6,0.3398756,-1.3950257
TGTGTTTAGTAACCCT-1-1,0_HealthyBM2,HBM,3,-1.9889375,2.4709816
TGTGTTTCACGAGAGT-1-1,0_HealthyBM2,HBM,6,0.82387924,-2.7667265
TGTGTTTGTAAGTAGT-1-1,0_HealthyBM2,HBM,14,8.287675,-3.589088
TGTGTTTGTCCGTTAA-1-1,0_HealthyBM2,HBM,14,6.7172036,-2.2156549
TGTGTTTGTCCTCTTG-1-1,0_HealthyBM2,HBM,9,5.4658966,1.7568957
TGTGTTTGTGGTAACG-1-1,0_HealthyBM2,HBM,5,0.15391345,1.0314205
TGTGTTTGTTTCCACC-1-1,0_HealthyBM2,HBM,4,-1.4610997,-1.2055401
TGTGTTTTCACAGTAC-1-1,0_HealthyBM2,HBM,1,7.517176,-0.57407576
TGTGTTTTCAGGTTCA-1-1,0_HealthyBM2,HBM,6,0.78924745,-2.3917603
TGTGTTTTCCAACCAA-1-1,0_HealthyBM2,HBM,3,-3.5012867,1.9190235
TGTGTTTTCGGTCTAA-1-1,0_HealthyBM2,HBM,6,-0.8210571,-2.268802
TGTTCCGAGATGCCAG-1-1,0_HealthyBM2,HBM,3,-0.5722285,1.3578222
TGTTCCGAGTCAAGGC-1-1,0_HealthyBM2,HBM,14,8.296362,-3.3562794
TGTTCCGCAGTCAGAG-1-1,0_HealthyBM2,HBM,3,-1.0229161,2.036559
TGTTCCGGTATGCTTG-1-1,0_HealthyBM2,HBM,3,-0.7201073,1.5041485
TGTTCCGGTGACTCAT-1-1,0_HealthyBM2,HBM,3,-0.7020047,3.075067
TGTTCCGGTGTGAATA-1-1,0_HealthyBM2,HBM,8,-2.4004512,-0.017190907
TGTTCCGTCCGGGTGT-1-1,0_HealthyBM2,HBM,10,8.676624,2.215312
TGTTCCGTCCTAGGGC-1-1,0_HealthyBM2,HBM,15,-1.4867858,-2.1060872
TGTTCCGTCGGAGGTA-1-1,0_HealthyBM2,HBM,9,4.6910834,0.72343636
TGTTCCGTCTCGCTTG-1-1,0_HealthyBM2,HBM,9,5.689394,1.3536831
TTAACTCAGCACACAG-1-1,0_HealthyBM2,HBM,3,-2.4298568,2.6053488
TTAACTCAGGACGAAA-1-1,0_HealthyBM2,HBM,6,0.31881243,-1.8087957
TTAACTCAGGAGTAGA-1-1,0_HealthyBM2,HBM,4,-1.4993017,-3.4892972
TTAACTCAGGGCATGT-1-1,0_HealthyBM2,HBM,9,4.7633376,0.123668805
TTAACTCAGTTGTAGA-1-1,0_HealthyBM2,HBM,7,-4.7496777,1.1644566
TTAACTCCAGCTGTTA-1-1,0_HealthyBM2,HBM,4,-1.4280632,-1.5963137
TTAACTCCAGGGCATA-1-1,0_HealthyBM2,HBM,4,-2.1474495,0.09177538
TTAACTCTCACCTCGT-1-1,0_HealthyBM2,HBM,15,-1.8055638,-1.2369404
TTAGGACCATCTGGTA-1-1,0_HealthyBM2,HBM,9,5.143793,-0.5454965
TTAGGACGTCGGGTCT-1-1,0_HealthyBM2,HBM,9,3.5953183,0.44700584
TTAGGACGTTTGTTTC-1-1,0_HealthyBM2,HBM,6,1.2211528,-0.92415065
TTAGGACTCCGCTGTT-1-1,0_HealthyBM2,HBM,6,1.2171528,-1.0395671
TTAGGACTCTGCCCTA-1-1,0_HealthyBM2,HBM,9,5.069199,0.2743758
TTAGGCAAGAGATGAG-1-1,0_HealthyBM2,HBM,10,8.256595,2.9916732
TTAGGCAAGATGAGAG-1-1,0_HealthyBM2,HBM,1,8.101872,-0.8973498
TTAGGCAAGCGTCAAG-1-1,0_HealthyBM2,HBM,9,6.9352155,0.44258246
TTAGGCAAGTAGTGCG-1-1,0_HealthyBM2,HBM,6,0.76273096,-1.236013
TTAGGCAAGTGGACGT-1-1,0_HealthyBM2,HBM,9,6.1151876,0.90774524
TTAGGCACACGGCCAT-1-1,0_HealthyBM2,HBM,0,10.090478,1.8362383
TTAGGCACACTACAGT-1-1,0_HealthyBM2,HBM,0,11.54081,2.8677619
TTAGGCACATATACGC-1-1,0_HealthyBM2,HBM,3,-2.4528508,2.4969265
TTAGGCAGTCTCTCTG-1-1,0_HealthyBM2,HBM,8,-2.8075976,1.7511836
TTAGGCATCAAACGGG-1-1,0_HealthyBM2,HBM,7,-3.299911,-1.3494443
TTAGGCATCGGAGGTA-1-1,0_HealthyBM2,HBM,14,10.516032,-0.07599898
TTAGTTCAGACAAAGG-1-1,0_HealthyBM2,HBM,14,7.194966,-3.4704647
TTAGTTCCAATAGAGT-1-1,0_HealthyBM2,HBM,6,0.755535,-0.8546017
TTAGTTCCAGATTGCT-1-1,0_HealthyBM2,HBM,0,10.365294,1.5427142
TTAGTTCGTCGGATCC-1-1,0_HealthyBM2,HBM,1,7.3748283,0.22170174
TTAGTTCGTGCTTCTC-1-1,0_HealthyBM2,HBM,3,-0.72729635,0.98526603
TTAGTTCGTTCTGAAC-1-1,0_HealthyBM2,HBM,3,-2.026521,0.4941128
TTAGTTCTCAGATAAG-1-1,0_HealthyBM2,HBM,4,-1.9752522,-3.4433322
TTATGCTAGACGACGT-1-1,0_HealthyBM2,HBM,1,7.544278,0.059406556
TTATGCTAGTCACGCC-1-1,0_HealthyBM2,HBM,15,-2.5215824,-1.4893141
TTATGCTCAGTCTTCC-1-1,0_HealthyBM2,HBM,1,7.6461296,0.30955964
TTATGCTGTCTCTTTA-1-1,0_HealthyBM2,HBM,3,-1.227941,1.0674683
TTATGCTTCCAGGGCT-1-1,0_HealthyBM2,HBM,0,12.451485,2.6049395
TTCCCAGAGCAATATG-1-1,0_HealthyBM2,HBM,3,-2.193072,0.71425706
TTCCCAGAGTGCGTGA-1-1,0_HealthyBM2,HBM,3,-3.1924772,2.660592
TTCCCAGGTCCGAACC-1-1,0_HealthyBM2,HBM,4,-1.4929135,-2.0823474
TTCCCAGTCGGTTCGG-1-1,0_HealthyBM2,HBM,14,8.322714,-3.4127178
TTCGAAGAGATGGCGT-1-1,0_HealthyBM2,HBM,0,11.977541,2.3715003
TTCGAAGAGCCAACAG-1-1,0_HealthyBM2,HBM,3,-1.9324839,-0.06230632
TTCGAAGAGCGATGAC-1-1,0_HealthyBM2,HBM,15,-1.4246869,-1.0108521
TTCGAAGCAAAGTGCG-1-1,0_HealthyBM2,HBM,3,-2.0484302,2.339834
TTCGAAGCAAGTAATG-1-1,0_HealthyBM2,HBM,10,7.9423776,2.4143991
TTCGGTCCACATAACC-1-1,0_HealthyBM2,HBM,8,-2.8886385,-0.8673604
TTCGGTCCATGTAAGA-1-1,0_HealthyBM2,HBM,3,-2.3893042,2.2741919
TTCGGTCGTCCAAGTT-1-1,0_HealthyBM2,HBM,6,2.1734807,-0.7248369
TTCGGTCTCCATGAAC-1-1,0_HealthyBM2,HBM,11,3.676887,-2.065689
TTCTACAAGAGTAAGG-1-1,0_HealthyBM2,HBM,0,11.264115,2.8308678
TTCTACAAGCCACGTC-1-1,0_HealthyBM2,HBM,9,4.976045,1.1979209
TTCTACAAGCTCTCGG-1-1,0_HealthyBM2,HBM,4,-2.0512447,-0.36278504
TTCTACACACTGCCAG-1-1,0_HealthyBM2,HBM,8,-2.5216985,-0.29765928
TTCTACACATCCGGGT-1-1,0_HealthyBM2,HBM,3,-2.0534194,0.7982733
TTCTACAGTGTCTGAT-1-1,0_HealthyBM2,HBM,0,11.019161,1.4728464
TTCTACAGTGTGGTTT-1-1,0_HealthyBM2,HBM,1,7.979556,-0.024045078
TTCTACATCGTTTATC-1-1,0_HealthyBM2,HBM,7,-3.597277,-0.8550073
TTCTACATCTGACCTC-1-1,0_HealthyBM2,HBM,9,5.4765687,1.1538882
TTCTCAAAGACTAAGT-1-1,0_HealthyBM2,HBM,3,0.7801846,1.0792477
TTCTCAAAGGGCTTGA-1-1,0_HealthyBM2,HBM,3,-0.42126852,0.68315214
TTCTCAACAGATGGCA-1-1,0_HealthyBM2,HBM,9,4.789156,0.076089226
TTCTCAATCACTCTTA-1-1,0_HealthyBM2,HBM,3,-2.695364,3.6949575
TTCTCCTAGGAATGGA-1-1,0_HealthyBM2,HBM,5,0.84897584,1.0752035
TTCTCCTAGGTGCTAG-1-1,0_HealthyBM2,HBM,6,2.8877976,-0.02237703
TTCTCCTCACCGAATT-1-1,0_HealthyBM2,HBM,6,2.3039155,-1.8414909
TTCTCCTCACCTATCC-1-1,0_HealthyBM2,HBM,3,-2.4625332,0.96128607
TTCTCCTCAGGGTATG-1-1,0_HealthyBM2,HBM,3,-1.9490513,0.85536295
TTCTCCTGTAAATACG-1-1,0_HealthyBM2,HBM,7,-5.055436,0.5306535
TTCTCCTGTGATAAGT-1-1,0_HealthyBM2,HBM,7,-5.3070555,-0.13384481
TTCTCCTGTTTGCATG-1-1,0_HealthyBM2,HBM,15,-2.4890347,-2.409268
TTCTCCTTCACTTATC-1-1,0_HealthyBM2,HBM,9,5.5191913,1.9128546
TTCTCCTTCATCGGAT-1-1,0_HealthyBM2,HBM,3,1.1847472,0.9094415
TTCTTAGAGCAGACTG-1-1,0_HealthyBM2,HBM,3,1.1878382,0.18133546
TTCTTAGCATCAGTCA-1-1,0_HealthyBM2,HBM,11,4.858828,-2.8245068
TTCTTAGGTGACAAAT-1-1,0_HealthyBM2,HBM,7,-4.757046,-0.45795938
TTCTTAGGTTGCCTCT-1-1,0_HealthyBM2,HBM,3,-0.5268875,2.2215643
TTCTTAGTCCCAAGTA-1-1,0_HealthyBM2,HBM,1,7.8504367,-0.65636176
TTCTTAGTCGGTGTTA-1-1,0_HealthyBM2,HBM,11,4.3795557,-2.9292004
TTGAACGAGCAGGTCA-1-1,0_HealthyBM2,HBM,15,-2.4021778,0.03124019
TTGAACGCAGCTCGCA-1-1,0_HealthyBM2,HBM,7,-3.9164019,-0.56335217
TTGAACGCATGCCCGA-1-1,0_HealthyBM2,HBM,6,-0.12791763,-0.6743141
TTGAACGCATTTGCTT-1-1,0_HealthyBM2,HBM,9,3.5774512,-0.16833144
TTGAACGTCTCAAGTG-1-1,0_HealthyBM2,HBM,3,-0.1672935,0.4693705
TTGACTTAGGTCATCT-1-1,0_HealthyBM2,HBM,3,-2.4557118,2.009329
TTGACTTAGTCGTACT-1-1,0_HealthyBM2,HBM,4,-3.486801,1.8857065
TTGACTTCACGTAAGG-1-1,0_HealthyBM2,HBM,9,4.895379,0.67143536
TTGACTTGTAAGGGCT-1-1,0_HealthyBM2,HBM,9,2.7742548,1.869159
TTGACTTTCAACTCTT-1-1,0_HealthyBM2,HBM,0,10.834923,2.3329992
TTGACTTTCTGGTTCC-1-1,0_HealthyBM2,HBM,11,4.215032,-2.9272246
TTGCCGTAGGCAGTCA-1-1,0_HealthyBM2,HBM,3,-1.8573182,0.095343985
TTGCCGTAGGCATTGG-1-1,0_HealthyBM2,HBM,15,-2.28182,-1.3589988
TTGCCGTAGGTGGGTT-1-1,0_HealthyBM2,HBM,15,-2.9118907,-0.8907178
TTGCCGTCACTCAGGC-1-1,0_HealthyBM2,HBM,10,8.152092,2.9789135
TTGCCGTGTTGTGGCC-1-1,0_HealthyBM2,HBM,6,1.1529567,-1.7709764
TTGCCGTTCACGCATA-1-1,0_HealthyBM2,HBM,0,12.073949,2.6737688
TTGCCGTTCTACCTGC-1-1,0_HealthyBM2,HBM,5,-0.6595751,0.5536823
TTGCGTCAGTGTCCCG-1-1,0_HealthyBM2,HBM,14,7.956286,-2.485929
TTGCGTCCAAGGCTCC-1-1,0_HealthyBM2,HBM,15,-2.1949768,-1.186787
TTGCGTCCAAGTTCTG-1-1,0_HealthyBM2,HBM,6,1.1519866,-0.9538705
TTGCGTCTCGTTGACA-1-1,0_HealthyBM2,HBM,14,7.214252,-3.2984445
TTGCGTCTCTTAGAGC-1-1,0_HealthyBM2,HBM,6,0.76530254,-2.5754225
TTGGAACAGATATGCA-1-1,0_HealthyBM2,HBM,7,-4.0887566,1.2180532
TTGGAACCACAGAGGT-1-1,0_HealthyBM2,HBM,14,8.220461,-3.7464879
TTGGAACGTAACGACG-1-1,0_HealthyBM2,HBM,0,12.103491,2.9137142
TTGGAACGTTACGCGC-1-1,0_HealthyBM2,HBM,9,6.1886983,-0.06315002
TTGGAACGTTCCACAA-1-1,0_HealthyBM2,HBM,9,5.433267,1.2537255
TTGGAACTCTCTGAGA-1-1,0_HealthyBM2,HBM,9,5.615357,0.021989701
TTGGCAAAGATAGTCA-1-1,0_HealthyBM2,HBM,0,12.222877,2.374742
TTGGCAAAGTACCGGA-1-1,0_HealthyBM2,HBM,7,-4.4214215,0.7924393
TTGGCAAAGTGGAGAA-1-1,0_HealthyBM2,HBM,7,-3.925069,0.7471453
TTGGCAACACAGGTTT-1-1,0_HealthyBM2,HBM,3,-0.6747783,2.0924373
TTGGCAACAGGGAGAG-1-1,0_HealthyBM2,HBM,9,4.853088,0.40478683
TTGGCAATCCTTTACA-1-1,0_HealthyBM2,HBM,3,-2.4570076,0.9823284
TTGTAGGCAAACGTGG-1-1,0_HealthyBM2,HBM,1,6.168848,-0.0824945
TTGTAGGCAAGTACCT-1-1,0_HealthyBM2,HBM,3,-2.2737443,3.0461063
TTGTAGGCAGGTCCAC-1-1,0_HealthyBM2,HBM,1,7.723219,-0.47056895
TTGTAGGCAGTCACTA-1-1,0_HealthyBM2,HBM,3,-2.9857073,3.0382686
TTGTAGGGTCAGCTAT-1-1,0_HealthyBM2,HBM,3,2.6397727,-0.55715305
TTGTAGGGTTGCTCCT-1-1,0_HealthyBM2,HBM,6,1.3514814,-0.33217677
TTGTAGGTCACTTATC-1-1,0_HealthyBM2,HBM,1,9.077595,0.6037621
TTGTAGGTCTGTTGAG-1-1,0_HealthyBM2,HBM,0,12.181299,2.8989074
TTGTAGGTCTTGCATT-1-1,0_HealthyBM2,HBM,1,9.020205,-0.41531435
TTTACTGAGAGGTACC-1-1,0_HealthyBM2,HBM,7,-3.6015327,-1.2181044
TTTACTGAGGTGCTAG-1-1,0_HealthyBM2,HBM,6,0.28057083,-2.5064461
TTTACTGAGTCGATAA-1-1,0_HealthyBM2,HBM,7,-4.0846276,-0.12430759
TTTACTGCAGGAATGC-1-1,0_HealthyBM2,HBM,6,0.83491707,-2.516041
TTTACTGCATACTACG-1-1,0_HealthyBM2,HBM,7,-4.0017753,0.80183685
TTTACTGGTAGAGTGC-1-1,0_HealthyBM2,HBM,6,1.1967548,-1.9651109
TTTACTGGTCGATTGT-1-1,0_HealthyBM2,HBM,14,8.443233,-3.58307
TTTATGCAGAAACGCC-1-1,0_HealthyBM2,HBM,4,-2.1303372,-2.705909
TTTATGCAGAGTCTGG-1-1,0_HealthyBM2,HBM,3,-1.714306,2.5304627
TTTATGCAGTCTCAAC-1-1,0_HealthyBM2,HBM,14,6.564422,-3.0110571
TTTATGCAGTGCGTGA-1-1,0_HealthyBM2,HBM,5,-2.520849,0.12603484
TTTATGCTCTGGCGTG-1-1,0_HealthyBM2,HBM,3,-1.9519932,1.8255963
TTTCCTCAGAGTCTGG-1-1,0_HealthyBM2,HBM,4,-2.8989277,1.5956882
TTTCCTCAGCTGATAA-1-1,0_HealthyBM2,HBM,3,-2.5009375,1.0558178
TTTCCTCAGTGTACTC-1-1,0_HealthyBM2,HBM,6,0.7459777,-0.73192436
TTTCCTCCAACGATGG-1-1,0_HealthyBM2,HBM,4,-1.2555205,-2.091534
TTTCCTCCAACTGCTA-1-1,0_HealthyBM2,HBM,9,3.1418538,0.034096576
TTTCCTCCACATTTCT-1-1,0_HealthyBM2,HBM,14,8.160319,-3.9742255
TTTCCTCCACGGTAAG-1-1,0_HealthyBM2,HBM,3,-0.8657201,-0.37399536
TTTCCTCTCCAGATCA-1-1,0_HealthyBM2,HBM,7,2.4159968,-0.9224018
TTTCCTCTCGGAAACG-1-1,0_HealthyBM2,HBM,7,-4.530998,-0.27765036
TTTCCTCTCGGCTACG-1-1,0_HealthyBM2,HBM,3,-1.3729079,3.4851823
TTTCCTCTCTACGAGT-1-1,0_HealthyBM2,HBM,4,-2.6221888,1.3895465
TTTCCTCTCTCTGAGA-1-1,0_HealthyBM2,HBM,3,-2.0043375,0.16120437
TTTGCGCAGATGTCGG-1-1,0_HealthyBM2,HBM,14,8.27934,-3.2518964
TTTGCGCAGGACTGGT-1-1,0_HealthyBM2,HBM,9,5.885713,1.403499
TTTGCGCAGTGTCCAT-1-1,0_HealthyBM2,HBM,5,-0.08118263,0.9069195
TTTGCGCAGTTGTAGA-1-1,0_HealthyBM2,HBM,3,-2.7750201,3.5987775
TTTGCGCCACACCGAC-1-1,0_HealthyBM2,HBM,1,7.903766,-0.7818874
TTTGCGCCACTGTTAG-1-1,0_HealthyBM2,HBM,9,3.7593021,0.8257674
TTTGCGCCAGACGCAA-1-1,0_HealthyBM2,HBM,6,1.5826912,-1.7376939
TTTGCGCGTCGGCACT-1-1,0_HealthyBM2,HBM,3,1.1615288,-0.3745231
TTTGCGCGTGATGTGG-1-1,0_HealthyBM2,HBM,1,7.1722946,-0.4330434
TTTGCGCTCCTCTAGC-1-1,0_HealthyBM2,HBM,14,8.474865,-3.5490787
TTTGGTTAGCGTAATA-1-1,0_HealthyBM2,HBM,3,-1.4229496,1.260373
TTTGGTTAGTCCCACG-1-1,0_HealthyBM2,HBM,0,9.82983,2.4543269
TTTGGTTCAATGAATG-1-1,0_HealthyBM2,HBM,3,-0.9778437,0.29642767
TTTGGTTCAGATAATG-1-1,0_HealthyBM2,HBM,8,-2.215615,-0.64290345
TTTGGTTCATACTACG-1-1,0_HealthyBM2,HBM,0,10.77101,2.2265332
TTTGGTTCATGCGCAC-1-1,0_HealthyBM2,HBM,14,8.330222,-3.8023021
TTTGGTTCATTACCTT-1-1,0_HealthyBM2,HBM,6,0.96776515,-1.6588933
TTTGTCAAGCAATCTC-1-1,0_HealthyBM2,HBM,9,5.730906,1.7611613
TTTGTCACAATGGATA-1-1,0_HealthyBM2,HBM,3,0.4187742,1.3289
TTTGTCAGTACAAGTA-1-1,0_HealthyBM2,HBM,3,0.17585833,0.016954655
TTTGTCAGTTATTCTC-1-1,0_HealthyBM2,HBM,1,8.302629,-0.116604716
TTTGTCATCGCCTGAG-1-1,0_HealthyBM2,HBM,4,-2.5118876,-3.2198875
TTTGTCATCGTAGATC-1-1,0_HealthyBM2,HBM,3,-2.7120764,3.7452404
TTTGTCATCTTACCGC-1-1,0_HealthyBM2,HBM,14,9.721962,-1.2814991
CCGTGGATCACTATTC-1-2,AML335,AML,0,9.09145,1.4316871
TGACTTTTCAGGCAAG-1-2,AML335,AML,14,7.8302093,-3.8722358
CAAGGCCAGCACAGGT-1-2,AML335,AML,7,-5.1015286,1.4067568
GCACTCTGTCATATGC-1-2,AML335,AML,1,7.490114,0.0036598821
CACCACTTCGCCAGCA-1-2,AML335,AML,5,0.90674657,1.1442198
GAATGAAAGAGACTAT-1-2,AML335,AML,10,8.443227,2.168891
CATCGAATCCAGTAGT-1-2,AML335,AML,1,7.58298,-0.60678935
CAGTAACCAAACCCAT-1-2,AML335,AML,6,0.9521797,-1.853356
GGTATTGTCTAACGGT-1-2,AML335,AML,1,7.062939,0.011298446
ACTTTCACATCCCATC-1-2,AML335,AML,8,-2.739252,1.2166947
GCACTCTTCTTCGGTC-1-2,AML335,AML,9,3.77045,1.6713603
GGGAGATAGATGGCGT-1-2,AML335,AML,1,9.604062,0.15297766
CTACATTTCTGATACG-1-2,AML335,AML,9,3.0647423,0.9613362
TTAGGCACATCCTAGA-1-2,AML335,AML,9,2.4190361,-0.24091816
AGAGCGACACGTCTCT-1-2,AML335,AML,9,6.253842,-0.1764848
CGACTTCAGGAACTGC-1-2,AML335,AML,9,4.7377152,0.0042686583
GAAATGAGTACTTAGC-1-2,AML335,AML,3,-0.54671746,1.3021396
ACGCCAGTCCGTACAA-1-2,AML335,AML,12,2.1939192,6.5550113
ATCCACCCACAACGTT-1-2,AML335,AML,9,3.8614435,0.07915885
TCACAAGCATCGGAAG-1-2,AML335,AML,11,4.647784,-3.64173
ATTCTACGTGCAGTAG-1-2,AML335,AML,7,-4.472807,-0.5374818
TGTGTTTGTCGAATCT-1-2,AML335,AML,0,11.076953,-0.54814744
TCTGAGAAGGGCACTA-1-2,AML335,AML,0,10.078964,0.9390394
CCTCTGACATGGTCTA-1-2,AML335,AML,12,0.54553294,6.8056784
TGGTTAGCACAGGTTT-1-2,AML335,AML,1,6.93956,-0.3622501
TCGGTAAGTGCACGAA-1-2,AML335,AML,1,7.734289,-1.5905238
GGATGTTTCCAAGCCG-1-2,AML335,AML,2,6.870019,3.3021333
AAATGCCCACTCGACG-1-2,AML335,AML,12,0.51170117,7.052758
GGACGTCCAATGGAGC-1-2,AML335,AML,0,10.305034,0.79616904
CAACTAGTCTAACTGG-1-2,AML335,AML,12,3.2992332,6.8478622
AGGCCGTTCCTTCAAT-1-2,AML335,AML,10,8.274277,2.457348
GTCACAAGTCGTTGTA-1-2,AML335,AML,0,9.787014,0.56559324
ACTTACTGTTGAACTC-1-2,AML335,AML,12,0.30240667,6.81209
GTACTCCTCCAAGCCG-1-2,AML335,AML,3,-2.0596359,3.2102718
CTAATGGGTCTAAAGA-1-2,AML335,AML,9,3.5696704,-0.9475417
AAACGGGCAGATCTGT-1-3,AML647,AML,9,5.152005,0.73305446
AAACGGGGTGGCTCCA-1-3,AML647,AML,1,7.0204215,-0.37965024
AAACGGGTCTTGTATC-1-3,AML647,AML,1,8.078298,-0.10745893
AAGTCTGAGACCCACC-1-3,AML647,AML,1,7.1328454,-0.32098308
ACACCGGGTTTGACAC-1-3,AML647,AML,9,6.2915826,0.17367814
ACCAGTAAGCAGCGTA-1-3,AML647,AML,1,7.7373915,-0.75286204
ACGATGTCAGTCGATT-1-3,AML647,AML,1,6.9258327,-0.120310225
ACGCAGCTCTTGCCGT-1-3,AML647,AML,1,6.2062798,-0.506922
ACGGGCTGTCGCTTTC-1-3,AML647,AML,1,7.661917,-0.9723859
ACTGCTCTCTATCCCG-1-3,AML647,AML,1,7.6544576,0.048345283
ACTGTCCGTAAAGGAG-1-3,AML647,AML,9,6.5116973,-0.04669913
AGAGCGAAGCGATATA-1-3,AML647,AML,1,7.7253428,0.84790075
AGGCCGTCATTCACTT-1-3,AML647,AML,9,5.5542173,-0.71498716
AGGTCCGGTTTGACAC-1-3,AML647,AML,9,4.707422,-0.21572052
ATCTGCCGTTAAGATG-1-3,AML647,AML,1,7.464164,-0.8962522
ATTGGACCAAGTAATG-1-3,AML647,AML,9,5.9457307,0.65916777
CACCAGGAGCAATATG-1-3,AML647,AML,1,7.5315266,-0.8115376
CAGCCGATCTAACTGG-1-3,AML647,AML,9,5.0352736,0.421988
CAGGTGCTCTCTAAGG-1-3,AML647,AML,1,9.655446,0.6312667
CATGCCTCAGGAATGC-1-3,AML647,AML,1,7.321769,-0.7166624
CATGCCTGTTAAGACA-1-3,AML647,AML,1,8.453724,0.00854934
CCACGGAAGAGGTACC-1-3,AML647,AML,9,5.048135,0.27809632
CGCGTTTCAGCTGCTG-1-3,AML647,AML,1,6.970586,-0.06370713
CGTCCATAGCAGCCTC-1-3,AML647,AML,9,3.4621887,-0.6338909
CGTCTACAGTCAAGCG-1-3,AML647,AML,9,5.4113355,0.10550343
CGTTAGACACCTCGGA-1-3,AML647,AML,1,8.10476,-1.0604937
CGTTGGGTCCATGAGT-1-3,AML647,AML,9,5.9184847,0.54975814
CTCATTAGTCGCGAAA-1-3,AML647,AML,1,7.007536,-0.05426523
CTGGTCTCATCCCACT-1-3,AML647,AML,1,5.8596897,-0.28221244
GAACATCAGCCACTAT-1-3,AML647,AML,9,5.829849,-0.5348412
GAGCAGAAGTGTCCAT-1-3,AML647,AML,1,7.346314,0.8517869
GCGCGATGTTCCACAA-1-3,AML647,AML,9,5.426026,0.16578355
GCGGGTTAGAGCCTAG-1-3,AML647,AML,9,6.4278083,0.29753226
GCTCTGTTCATCTGTT-1-3,AML647,AML,9,6.215871,-0.034763105
GGACAGATCTGACCTC-1-3,AML647,AML,9,5.264346,-0.015613718
GGCCGATAGCGCTTAT-1-3,AML647,AML,1,7.345506,0.13123445
GTAACGTTCCAAATGC-1-3,AML647,AML,9,5.1227207,-0.15026625
GTCAAGTGTACTTAGC-1-3,AML647,AML,9,6.303897,0.24784493
GTCCTCAAGTTAGCGG-1-3,AML647,AML,9,3.064453,0.13549933
GTGGGTCGTCCGAGTC-1-3,AML647,AML,1,8.367105,-1.1892564
TACGGGCAGACTAGAT-1-3,AML647,AML,1,8.256792,-0.7950978
TACGGGCAGGGCATGT-1-3,AML647,AML,9,5.8356886,-0.359291
TACGGGCCATGTCTCC-1-3,AML647,AML,9,5.0924544,0.14483005
TACTCGCAGTGTCCAT-1-3,AML647,AML,1,6.8284087,-0.14112738
TCAGGATAGGATGTAT-1-3,AML647,AML,1,7.2172346,-0.71490926
TCCACACCATGGTAGG-1-3,AML647,AML,1,7.936639,-1.0622523
TCGGGACCATGCCCGA-1-3,AML647,AML,1,7.7703958,-0.3821286
TCTGAGATCGAATCCA-1-3,AML647,AML,1,7.8381047,-0.96250695
TGATTTCTCCACGCAG-1-3,AML647,AML,12,2.589281,6.440543
TGCCCATTCGGAGGTA-1-3,AML647,AML,9,5.529545,0.3357889
TGGACGCGTCTAACGT-1-3,AML647,AML,12,2.0674152,6.3654757
TTCCCAGGTTGCCTCT-1-3,AML647,AML,1,7.262165,0.14528108
TTCTACAAGCCACCTG-1-3,AML647,AML,9,5.2185125,0.704167
TTGAACGGTCGCTTTC-1-3,AML647,AML,6,2.0713706,-1.7071247
TTGCCGTCACAGAGGT-1-3,AML647,AML,9,4.578914,0.19445959
TTGTAGGGTAGATTAG-1-3,AML647,AML,1,7.8241186,-0.8253785
TTTCCTCCAGTAGAGC-1-3,AML647,AML,1,9.073891,0.2606311
TTTGTCACACATGTGT-1-3,AML647,AML,1,6.559261,-0.36511755
GCTGCGAAGTGCTGCC-1-4,AML882,AML,12,3.2975643,6.712081
GTAGTCATCTTCGGTC-1-4,AML882,AML,12,-0.32382286,5.859074
CGAGAAGTCCGTACAA-1-4,AML882,AML,12,3.4461145,6.8532844
GGCGTGTGTGTTCGAT-1-4,AML882,AML,12,3.6105797,6.7929807
TCGTACCAGCAGGCTA-1-4,AML882,AML,12,3.337447,7.073931
TGGGAAGTCGTCTGCT-1-4,AML882,AML,12,3.1926763,6.6364117
CATTATCCAGTAAGAT-1-4,AML882,AML,1,8.996299,0.29380316
AACCGCGCAGCTCCGA-1-4,AML882,AML,12,3.2965717,6.7136984
AGAGCTTCACAGCGTC-1-4,AML882,AML,12,3.4688897,6.847506
CGCTGGACAGATAATG-1-4,AML882,AML,0,10.414614,1.2180175
CGGACGTTCTGGAGCC-1-4,AML882,AML,12,-0.7328742,5.331516
TCCACACAGGCGCTCT-1-4,AML882,AML,12,3.5396576,7.0081377
AACCATGTCAGGCAAG-1-4,AML882,AML,12,0.8568965,6.831794
CATATTCTCACAACGT-1-4,AML882,AML,6,1.509046,-2.472908
ACAGCCGGTACAGACG-1-4,AML882,AML,10,7.5146284,2.1499243
CGAGCCATCCTGTAGA-1-4,AML882,AML,12,3.3887393,6.999261
TAAACCGTCATCACCC-1-4,AML882,AML,6,2.0792146,-2.1529486
GTCTCGTCAATAGCGG-1-4,AML882,AML,12,3.295764,6.6935062
GAACATCTCCTGTACC-1-4,AML882,AML,5,0.7039882,0.18683656
CACCTTGTCCTTTCGG-1-4,AML882,AML,5,0.41404563,1.0040189
TGGGAAGTCACCGTAA-1-4,AML882,AML,12,3.3770597,6.880858
CAAGGCCGTGTCTGAT-1-4,AML882,AML,12,3.4102871,6.696
ACTTACTCAAAGAATC-1-4,AML882,AML,6,1.7231555,-2.7233021
ATCCACCCACCTCGGA-1-4,AML882,AML,12,2.1068025,6.2822857
GTCACAAAGTAGGTGC-1-4,AML882,AML,12,3.2760112,6.64062
CTCGGAGGTCGCATCG-1-4,AML882,AML,3,-0.3617226,1.8924457
GTTTCTACAAACGCGA-1-4,AML882,AML,12,1.6009336,6.269965
CTTCTCTAGAACTCGG-1-4,AML882,AML,6,0.8889935,-1.7830766
AGAGCTTTCGCCCTTA-1-4,AML882,AML,12,3.0299125,6.577779
GGACAGAAGCACGCCT-1-4,AML882,AML,12,3.0579796,6.504567
TCACGAAAGACACGAC-1-4,AML882,AML,12,2.9517145,6.6976485
GACGGCTTCAACTCTT-1-4,AML882,AML,12,3.5542889,6.842697
GTGCAGCTCAGAGGTG-1-4,AML882,AML,3,0.98972875,0.6551247
GACTACATCGGTGTCG-1-4,AML882,AML,12,3.4671245,6.8307714
GTGCTTCGTGTTCGAT-1-4,AML882,AML,12,2.5755692,6.451906
GCTGCAGCATGCATGT-1-4,AML882,AML,12,3.299931,6.923485
AACCATGCAATCCGAT-1-4,AML882,AML,12,1.4742024,6.6908956
TTATGCTTCTGTCTAT-1-4,AML882,AML,3,-0.53115773,3.2876048
ACTGTCCAGACTAGAT-1-4,AML882,AML,6,1.109047,-1.8019584
GGGAATGAGGTGATTA-1-4,AML882,AML,7,-6.0474386,1.9025432
CGATTGAAGTGTACCT-1-4,AML882,AML,12,-0.8302728,5.022017
CCTACCAGTCGAACAG-1-4,AML882,AML,5,-0.086798295,0.9702417
CAGCTAACATCCTTGC-1-4,AML882,AML,6,1.3330439,-1.8154446
GTGAAGGGTCTCTCGT-1-4,AML882,AML,12,0.6363495,6.739147
TACTTGTAGGCTACGA-1-4,AML882,AML,12,3.3878834,6.7252607
GCAGTTACAAGTACCT-1-4,AML882,AML,11,3.5047348,-3.0827239
GTACGTATCACATGCA-1-4,AML882,AML,6,1.3027424,-1.7969117
CAGTAACCATTTCACT-1-4,AML882,AML,5,0.19158119,0.89127064
CCGTGGACAAACGTGG-1-4,AML882,AML,12,1.7489147,6.281832
CCATGTCCACCTCGGA-1-4,AML882,AML,12,3.5660133,6.9736533
TCTATTGAGCCGGTAA-1-4,AML882,AML,6,2.4822588,-2.0346837
GGGTTGCAGTACTTGC-1-4,AML882,AML,12,3.1767154,6.6087303
TGAGCCGCAATCTGCA-1-4,AML882,AML,9,3.816558,1.4786375
AGCAGCCGTTCTCATT-1-4,AML882,AML,12,3.360991,6.73125
GCGCAACAGAGACGAA-1-4,AML882,AML,9,3.4402099,1.963973
TCGTACCTCGTCTGAA-1-4,AML882,AML,6,1.5374517,-2.3205333
TCAGCAACATTTGCTT-1-4,AML882,AML,12,3.5981896,7.009307
TGCGTGGGTGTTGGGA-1-4,AML882,AML,14,8.904285,-3.9738414
CGAATGTGTTCAACCA-1-4,AML882,AML,3,-1.2190824,1.676852
GGACGTCAGACGCTTT-1-4,AML882,AML,12,2.7308054,6.23587
GTGCGGTAGTCGTACT-1-4,AML882,AML,6,1.5388198,-3.0065897
GGGTCTGCACAGGAGT-1-4,AML882,AML,12,2.554293,6.582695
CGTTAGATCGTTTGCC-1-4,AML882,AML,12,2.3641186,6.2998667
CATTCGCTCGTCCAGG-1-4,AML882,AML,12,0.046775766,6.1930003
CTCAGAAAGTCGATAA-1-4,AML882,AML,12,1.4928911,6.008213
AAAGCAATCATAGCAC-1-4,AML882,AML,9,3.6135054,1.933038
CTGCCTATCCCTAACC-1-4,AML882,AML,12,-0.42461216,5.4495435
GTATCTTTCTAGAGTC-1-4,AML882,AML,12,2.623219,6.449897
CAACCTCAGTGGAGTC-1-4,AML882,AML,12,2.8819807,6.7307487
CAGCCGATCCCATTAT-1-4,AML882,AML,3,-1.6677532,2.1361897
GGGTTGCCATTAGGCT-1-4,AML882,AML,12,0.11437236,6.399245
CACACTCCATGGATGG-1-4,AML882,AML,12,-0.54803467,5.5718594
TGTCCCAAGCGTTGCC-1-4,AML882,AML,12,2.3887317,6.629087
AGCATACTCAGTTAGC-1-4,AML882,AML,12,-0.8252483,5.552255
AGCTTGATCCAAACTG-1-4,AML882,AML,10,7.2935424,1.9164231
CTAGAGTAGCCAACAG-1-4,AML882,AML,12,-0.24926949,5.835929
CAACTAGAGCTTTGGT-1-4,AML882,AML,0,10.938357,2.3780484
TCGTACCCAGCCTTTC-1-4,AML882,AML,6,0.82550704,-2.382318
TGGCCAGGTCCAAGTT-1-4,AML882,AML,6,1.2046863,-0.2276837
AGCTTGAAGGCGACAT-1-4,AML882,AML,12,3.0209455,6.850686
ACTATCTCACCTTGTC-1-4,AML882,AML,12,-0.94209564,4.9109178
GAACATCAGGAGTACC-1-4,AML882,AML,7,-5.029054,-0.6214724
CTACACCGTGTTAAGA-1-4,AML882,AML,12,3.3549063,6.9969535
CGATCGGAGTCCGGTC-1-4,AML882,AML,12,-0.26174024,5.9001923
CTAGCCTGTACTCGCG-1-4,AML882,AML,12,2.0316265,6.336103
AACACGTCACATTTCT-1-4,AML882,AML,12,2.9647155,6.6688123
CGATTGAGTCAGAGGT-1-4,AML882,AML,5,0.1926327,-0.23908173
GGCTCGAGTCTCCCTA-1-4,AML882,AML,12,0.3210213,6.597187
CAAGGCCGTACTCGCG-1-4,AML882,AML,12,-0.04172041,6.161037
CCTTTCTCAGTCCTTC-1-4,AML882,AML,5,0.44420487,-0.49562067
TACGGATTCTTTAGTC-1-4,AML882,AML,12,0.44822398,6.800303
AGGTCATAGTAGGTGC-1-4,AML882,AML,12,-1.3354234,5.1164904
TCGGGACAGTAGGTGC-1-4,AML882,AML,5,-0.46015334,-0.7106481
AGCAGCCTCCATGAAC-1-4,AML882,AML,10,7.785172,2.1978261
GAACATCGTCCGAACC-1-4,AML882,AML,5,-0.47903585,0.7835478
AAATGCCCACGCTTTC-1-5,AML948,AML,11,4.7099648,-2.8314843
AAATGCCGTCCGAGTC-1-5,AML948,AML,9,3.638406,1.6063361
AAATGCCTCGCAAGCC-1-5,AML948,AML,3,-1.0012867,2.0969424
AACCATGTCAACGAAA-1-5,AML948,AML,7,-4.7068753,1.2666986
AAGGTTCAGGGCACTA-1-5,AML948,AML,3,-0.28526333,3.2895694
ACCTTTATCCTGTACC-1-5,AML948,AML,3,-0.51297027,1.683244
ACGATGTCAGCGTTCG-1-5,AML948,AML,9,2.350436,1.5807043
AGCAGCCAGTCATCCA-1-5,AML948,AML,7,-4.8110375,0.60257125
AGCGTATGTTCGCGAC-1-5,AML948,AML,12,0.46394178,6.562555
AGGCCGTTCTTAGAGC-1-5,AML948,AML,14,7.404687,-3.65526
AGGGTGATCTTGAGAC-1-5,AML948,AML,1,9.541511,-0.19154379
ATCGAGTAGTACATGA-1-5,AML948,AML,6,1.0716867,-1.315371
ATGAGGGTCTTCGGTC-1-5,AML948,AML,3,-0.045682088,2.7671034
CACCACTTCATAGCAC-1-5,AML948,AML,3,-0.44256672,3.6445546
CACTCCAGTTAGGGTG-1-5,AML948,AML,6,1.5130205,-2.993057
CAGCTGGGTTTCCACC-1-5,AML948,AML,3,-0.10017581,2.829569
CAGTCCTCATACAGCT-1-5,AML948,AML,9,5.781902,0.25624058
CATGGCGGTTTGTTGG-1-5,AML948,AML,6,1.351078,0.020107886
CCCTCCTCAGTCACTA-1-5,AML948,AML,6,0.92623734,-1.0653977
CGGAGCTAGAGGTTAT-1-5,AML948,AML,3,-0.35521036,1.5048342
CGTGAGCAGCGATATA-1-5,AML948,AML,8,-0.90032095,1.1894344
CGTGAGCAGCGTCAAG-1-5,AML948,AML,1,9.249144,-0.27315727
CTACATTCAAGTCATC-1-5,AML948,AML,7,-6.141662,1.0830752
CTACATTGTACCGTTA-1-5,AML948,AML,12,0.5576079,6.616113
CTCGTACGTAAGGGAA-1-5,AML948,AML,9,2.9166193,0.13598639
CTGAAGTCAGACGCTC-1-5,AML948,AML,7,-5.8978043,1.6925561
CTGCGGAGTACTTAGC-1-5,AML948,AML,9,6.1273146,0.25069284
CTTAACTTCCAAACAC-1-5,AML948,AML,9,4.0757403,-0.2540972
CTTGGCTCACACATGT-1-5,AML948,AML,5,0.7237706,0.7784199
CTTTGCGCAGCGTTCG-1-5,AML948,AML,12,0.86462545,6.9597445
GAACCTAGTTAGTGGG-1-5,AML948,AML,3,-0.0977538,3.0312316
GAAGCAGGTTTAGCTG-1-5,AML948,AML,9,3.5525267,1.2166115
GACACGCAGGACCACA-1-5,AML948,AML,1,8.0403595,-0.7694176
GACGCGTAGCAGGTCA-1-5,AML948,AML,8,-2.2588422,1.3053572
GATCGTACAATGAAAC-1-5,AML948,AML,6,1.7502387,-1.7456889
GCGGGTTCAGTCAGAG-1-5,AML948,AML,1,8.366149,-0.8566046
GCTTCCAAGCCAACAG-1-5,AML948,AML,3,-2.4906576,2.32919
GGCTCGATCTGTTTGT-1-5,AML948,AML,6,0.36880016,0.18164556
GGGCATCTCGACAGCC-1-5,AML948,AML,3,0.30601585,1.9480736
GTACTTTTCAGGATCT-1-5,AML948,AML,3,0.50264394,2.3519316
GTCGGGTCAGGACCCT-1-5,AML948,AML,1,9.256503,-0.048680037
GTCTCGTCACCTCGTT-1-5,AML948,AML,3,-0.13634801,2.0954654
TAGCCGGCATGCTAGT-1-5,AML948,AML,1,10.040157,0.6884768
TCAACGAAGGCACATG-1-5,AML948,AML,3,-1.6522559,3.4495916
TCAGGATCATCCGCGA-1-5,AML948,AML,3,-0.66407526,2.6330895
TCGCGAGAGTGTCTCA-1-5,AML948,AML,6,0.4817651,0.7277382
TCGCGTTAGCTCTCGG-1-5,AML948,AML,0,11.236045,-0.44827485
TGTATTCAGGATGGAA-1-5,AML948,AML,3,-0.23323193,2.1015098
TTCCCAGCACTATCTT-1-5,AML948,AML,9,3.5419374,1.7799097
TTCGAAGCACAGAGGT-1-5,AML948,AML,1,9.329952,0.29466608
CGATTGAGTAGATTAG-1-6,AML1355,AML,1,9.944222,0.7076826
GATGAAACATCCCACT-1-6,AML1355,AML,13,1.8551488,7.6373653
GCATGCGTCGGATGGA-1-6,AML1355,AML,7,-5.441879,-1.0074445
ATTGGTGTCACTCTTA-1-6,AML1355,AML,7,-6.5046735,-0.0144446865
CTACACCCAAGAGTCG-1-6,AML1355,AML,9,6.275981,0.20045158
GCGCGATTCTGGTTCC-1-6,AML1355,AML,14,7.0107083,-3.6876407
TGCGGGTTCCTGCAGG-1-6,AML1355,AML,13,1.7358403,7.4410357
GCTTCCACACCCAGTG-1-6,AML1355,AML,3,0.109721325,2.9686651
GCTGGGTAGCCGTCGT-1-6,AML1355,AML,13,1.8014835,7.408392
ATCGAGTCAATGAAAC-1-6,AML1355,AML,9,3.523532,1.2820238
TGGTTCCGTACCATCA-1-6,AML1355,AML,13,1.7732666,7.345025
AAATGCCCATACTACG-1-6,AML1355,AML,0,12.192735,-0.46652186
CCACGGACAGCTGGCT-1-6,AML1355,AML,1,6.160485,-0.945022
TAGGCATCATCTATGG-1-6,AML1355,AML,13,1.9905462,7.764609
CATCGGGAGTACGCCC-1-6,AML1355,AML,13,1.9177604,7.7094536
TTGACTTTCGCGTTTC-1-6,AML1355,AML,7,-5.931275,-0.8226358
AAATGCCAGCGTGTCC-1-6,AML1355,AML,3,-1.1801404,1.5515224
GTCGTAAGTCGTGGCT-1-6,AML1355,AML,8,-2.6021144,-0.64214164
CTCATTAAGTACGTTC-1-6,AML1355,AML,10,7.87196,2.265466
CTGTTTATCTCCTATA-1-6,AML1355,AML,2,6.917758,3.2144628
CTGATAGTCTACTTAC-1-6,AML1355,AML,0,10.435071,1.249313
GCAATCAGTCTCGTTC-1-6,AML1355,AML,7,-6.0409603,-0.8314999
AAAGCAATCCAAGCCG-1-6,AML1355,AML,5,-0.2121206,1.030297
GATCGTAAGTATTGGA-1-6,AML1355,AML,13,1.931404,7.702031
TTAGGCACAATGCCAT-1-6,AML1355,AML,13,1.787874,7.4811897
ATCTACTCACGGCGTT-1-6,AML1355,AML,13,2.0153642,7.7868567
CATCAGAAGGGTTCCC-1-6,AML1355,AML,5,0.2521389,1.5032825
CTGCTGTAGGTAGCCA-1-6,AML1355,AML,6,1.6035817,-1.1350586
TGGCTGGAGTTAGCGG-1-6,AML1355,AML,9,3.1539104,0.27785715
CGAGAAGCAAGACGTG-1-6,AML1355,AML,9,5.007335,-0.30344784
GAAGCAGTCGTTACAG-1-6,AML1355,AML,5,0.41715842,0.5511144
TGCTGCTAGATCCGAG-1-6,AML1355,AML,7,-5.7098365,-0.5866531
ACACCAACAGCATACT-1-6,AML1355,AML,13,0.51017326,4.8776417
ACGATGTGTGTGCCTG-1-6,AML1355,AML,7,-6.206047,-0.13507281
CAGATCAAGCCGGTAA-1-6,AML1355,AML,5,0.3988408,2.516332
CAAGATCTCACCGTAA-1-6,AML1355,AML,5,0.16174075,0.98033845
TAAGTGCTCGTAGATC-1-6,AML1355,AML,2,6.985543,3.747229
GCGCAGTGTGAGGGTT-1-6,AML1355,AML,7,-6.0997515,0.053971924
GAACATCCAAGTAGTA-1-6,AML1355,AML,5,0.26618415,0.9479177
GCAGCCATCACAAACC-1-6,AML1355,AML,5,0.94653964,1.277465
GTAACTGGTCGAACAG-1-6,AML1355,AML,13,1.4139001,6.256051
GGGACCTGTATATCCG-1-6,AML1355,AML,9,3.4063218,1.5928053
GCTGCAGCATTGGTAC-1-6,AML1355,AML,7,-6.1488333,-0.5356076
CGATCGGGTGTATGGG-1-6,AML1355,AML,13,0.89135396,4.5735784
CAACTAGCATTCGACA-1-6,AML1355,AML,1,7.69567,-1.5220617
GCGCGATTCCCAGGTG-1-6,AML1355,AML,1,7.3084393,-1.6648079
CTGCCTAAGAAACCAT-1-6,AML1355,AML,7,-5.0043325,-0.21406151
CGGACGTGTCTAGAGG-1-6,AML1355,AML,13,1.4217589,6.6262307
CGCTGGACACATTAGC-1-6,AML1355,AML,13,1.7022109,7.3192315
CATCAGAAGCTTCGCG-1-6,AML1355,AML,13,1.859983,7.5984745
GCTCCTACATATGAGA-1-6,AML1355,AML,5,0.18435411,-0.41992748
TTATGCTAGTTAAGTG-1-6,AML1355,AML,13,1.2380706,6.3155737
GAATGAAAGTAACCCT-1-6,AML1355,AML,13,1.5279709,6.68019
TGGTTCCCACAGGTTT-1-6,AML1355,AML,13,1.6654738,7.167192
GCATACATCAACCATG-1-6,AML1355,AML,13,1.6255381,6.9782553
AGGGTGATCAAAGACA-1-6,AML1355,AML,13,1.5474733,6.6085105
CAGTCCTCAATAGCAA-1-6,AML1355,AML,13,1.5700614,6.884384
CTCCTAGCATTACCTT-1-6,AML1355,AML,9,5.836371,-0.8672881
CAGCGACCATGCGCAC-1-6,AML1355,AML,7,-5.9193506,-0.5201181
TGTATTCGTGAAGGCT-1-6,AML1355,AML,3,-1.6992229,2.6232002
AGAATAGCAGTTAACC-1-6,AML1355,AML,13,1.8691607,7.6192036
CAGCCGAGTACCGTAT-1-6,AML1355,AML,13,1.8979386,7.653513
CAACCTCGTGTAACGG-1-6,AML1355,AML,9,4.796395,0.34916297
CGACTTCGTTGCGTTA-1-6,AML1355,AML,13,1.7831323,7.579927
TAAGTGCGTCGCTTTC-1-6,AML1355,AML,13,1.4708631,6.595349
TGTCCCATCCATGCTC-1-6,AML1355,AML,14,6.7373385,-3.5212066
CACCACTCAAACCTAC-1-6,AML1355,AML,10,9.1997175,2.563358
TTATGCTTCCAAAGTC-1-6,AML1355,AML,13,1.9365185,7.7074337
GGCAATTGTCTACCTC-1-6,AML1355,AML,7,-5.438682,-0.12291962
CATCAGAAGCTCAACT-1-6,AML1355,AML,1,7.272444,-1.3090754
TTTCCTCGTAGTACCT-1-6,AML1355,AML,5,0.7159986,1.0692068
AAGGTTCTCCCAACGG-1-6,AML1355,AML,13,1.455383,6.3216214
CTACCCAAGCAATATG-1-6,AML1355,AML,0,12.698988,1.6935693
CTAATGGCAGACAGGT-1-6,AML1355,AML,13,1.3995107,6.3790545
GGGAGATCATCAGTCA-1-6,AML1355,AML,14,7.436823,-3.8478005
TGCGGGTGTCGTGGCT-1-6,AML1355,AML,13,1.7737367,7.564491
CGGCTAGTCCTAAGTG-1-6,AML1355,AML,13,1.6426092,7.3381615
TTAGGCACAAGCGCTC-1-6,AML1355,AML,7,-5.89771,-0.84863275
GCATACAAGGCAATTA-1-6,AML1355,AML,9,3.4814568,1.9588643
TGGCGCACAGTATCTG-1-6,AML1355,AML,9,5.044904,-0.3086674
GGGCACTCAAACTGTC-1-6,AML1355,AML,9,4.9919863,0.23115984
GGATGTTTCCTCTAGC-1-6,AML1355,AML,13,1.9072387,7.7145467
GATTCAGGTTGTCGCG-1-6,AML1355,AML,13,1.7946384,7.637988
AACTGGTAGTGTACGG-1-6,AML1355,AML,5,0.39996618,1.3756629
GTCATTTGTTCGTCTC-1-6,AML1355,AML,5,0.85359925,1.393516
ACTTTCACAGGGTACA-1-6,AML1355,AML,13,1.9286563,7.6824822
TTGACTTAGCTAACAA-1-6,AML1355,AML,14,7.7967873,-3.8817885
TACCTTATCCTAGTGA-1-6,AML1355,AML,13,1.8688829,7.5443616
TCAGGATGTAGCTCCG-1-6,AML1355,AML,5,0.291162,1.4761331
CCGTGGACAGCTTAAC-1-6,AML1355,AML,13,1.3658316,6.220939
AGGTCCGTCTATGTGG-1-6,AML1355,AML,7,-6.201755,0.44154754
CCGTACTCAGATGAGC-1-6,AML1355,AML,9,4.307085,1.1748034
CTAGTGAAGCAGCGTA-1-6,AML1355,AML,7,-5.486982,-1.2030438
ACACCCTAGTGTACGG-1-6,AML1355,AML,13,1.8946028,7.624791
CACAGGCCAAACGCGA-1-6,AML1355,AML,13,1.8006643,7.5471606
AGCTCTCGTACATGTC-1-6,AML1355,AML,9,1.6591285,1.6812785
CGAACATTCTCAAACG-1-6,AML1355,AML,13,1.8645036,7.4702845
CTCACACTCCTATGTT-1-6,AML1355,AML,9,4.857088,0.4596476
CGAGAAGTCACTATTC-1-6,AML1355,AML,7,-5.672164,-1.1953311
CTCGTACCACACCGCA-1-6,AML1355,AML,13,1.4984475,6.506765
CCTTTCTCACAACTGT-1-6,AML1355,AML,10,8.313063,2.9213557
CAGTAACAGACTAAGT-1-6,AML1355,AML,0,12.847814,1.9028437
CGGCTAGGTCTTTCAT-1-6,AML1355,AML,7,-5.7012563,0.10315511
GGAGCAAAGCGATATA-1-6,AML1355,AML,9,3.79484,1.7174869
TTTGGTTTCGACAGCC-1-6,AML1355,AML,7,-5.6212425,-1.3336997
AGTTGGTCAGCATACT-1-7,AML3082,AML,3,-1.9383613,3.1161094
AACTCTTTCCGAGCCA-1-7,AML3082,AML,9,1.3526626,1.4218335
CGTCAGGGTATATCCG-1-7,AML3082,AML,9,4.0295825,0.049267747
CCCTCCTTCGTGGACC-1-7,AML3082,AML,1,6.887925,-1.6920131
GTGCTTCAGGAGTCTG-1-7,AML3082,AML,5,0.0548603,1.6756594
AGTAGTCAGCTCCCAG-1-7,AML3082,AML,14,8.0418825,-3.4899561
ACGATGTTCTGGTGTA-1-7,AML3082,AML,9,3.227634,0.6010777
CAGTCCTCACGCGAAA-1-7,AML3082,AML,3,0.12652363,2.696821
CTCATTATCATAACCG-1-7,AML3082,AML,9,4.476303,-0.90874004
TACGGTATCAGTGCAT-1-7,AML3082,AML,5,0.450739,1.103022
CCGGTAGTCAAGGCTT-1-7,AML3082,AML,10,7.3849134,1.6121168
TCGTACCCACGCCAGT-1-7,AML3082,AML,7,-5.48066,1.2941935
TTTGTCATCCCTCAGT-1-7,AML3082,AML,7,2.9590833,0.0061363773
GTCTCGTAGCACAGGT-1-7,AML3082,AML,10,9.094363,2.6107144
CGGCTAGGTTATCGGT-1-7,AML3082,AML,7,-4.110539,-1.4210446
AAATGCCGTTGTGGCC-1-7,AML3082,AML,9,3.0613873,0.9455796
AGAGCGACAAGAGTCG-1-7,AML3082,AML,0,10.337038,1.5209134
CACATTTAGCCATCGC-1-7,AML3082,AML,5,-1.6875924,1.8011603
TCCCGATAGCGTTTAC-1-7,AML3082,AML,3,-0.5267507,1.9101051
CACACCTGTCCCTACT-1-7,AML3082,AML,9,4.000474,1.3843782
GGGAGATTCTCAAACG-1-7,AML3082,AML,1,5.6588817,-1.3180047
AAAGATGTCGCGTTTC-1-7,AML3082,AML,7,-6.249885,0.39996
CCTATTAAGTACTTGC-1-7,AML3082,AML,14,7.545984,-3.3862228
TTTGTCAAGCCCAATT-1-7,AML3082,AML,7,-5.4083815,-0.5082698
CTGAAACCAATAACGA-1-7,AML3082,AML,9,3.3297102,1.2910836
GACTACACACCTGGTG-1-7,AML3082,AML,3,-3.0961514,3.280302
GGATGTTAGAGTAATC-1-7,AML3082,AML,7,-5.4679646,0.9188443
TGTCCCATCCGTAGGC-1-7,AML3082,AML,0,9.812379,2.5025926
TACTTACTCAGCCTAA-1-7,AML3082,AML,7,-5.9946775,-0.7541832
ATCCACCAGACTAGGC-1-7,AML3082,AML,5,0.27232468,1.906338
GACTACAGTCAATACC-1-7,AML3082,AML,14,8.206847,-3.589578
ACAGCTACACAGATTC-1-7,AML3082,AML,5,-0.20224862,1.9716762
CGGAGTCCAGCTGCAC-1-7,AML3082,AML,3,-0.95792115,3.19835
AATCGGTCACCTTGTC-1-7,AML3082,AML,10,8.454554,2.7521033
TACTTGTTCGAGAGCA-1-7,AML3082,AML,3,-2.0957456,3.0957017
GACTACATCTTGCATT-1-7,AML3082,AML,9,2.7479782,0.19236676
CTCTAATAGGAGTTGC-1-7,AML3082,AML,14,8.14341,-3.5764852
ATTTCTGAGTGACTCT-1-7,AML3082,AML,3,-1.1790651,3.55388
TAAGTGCAGCCACGCT-1-7,AML3082,AML,10,8.23922,2.0416691
GTCACAACACCTCGTT-1-7,AML3082,AML,0,10.680758,1.8917594
ACGGAGAAGTGTCCCG-1-7,AML3082,AML,12,2.7967262,6.4396696
CACAAACCACGAAAGC-1-7,AML3082,AML,6,2.9723856,-1.5840539
GTACTCCGTAGCGTGA-1-7,AML3082,AML,14,7.130601,-3.7781432
CGATCGGTCGGTTCGG-1-7,AML3082,AML,3,-1.3592162,2.18603
TCTCTAAAGAGGTACC-1-7,AML3082,AML,8,-3.2141664,-0.3438005
GGCCGATCAGCGTAAG-1-7,AML3082,AML,5,-1.4308306,1.8503368
CGTCTACGTAAAGTCA-1-7,AML3082,AML,8,-2.180625,1.4784851
CCTCTGAGTCACCTAA-1-7,AML3082,AML,3,-0.7568222,2.4725513
CGCCAAGCACCATGTA-1-7,AML3082,AML,10,7.6049514,1.5783887
AACTTTCGTAATCGTC-1-7,AML3082,AML,3,-0.6424373,2.378313
CTTGGCTAGAGTGAGA-1-7,AML3082,AML,3,-0.7403161,2.3804257
TCTGAGAGTGGCGAAT-1-7,AML3082,AML,14,6.42223,-3.87664
AGCATACAGGTTCCTA-1-7,AML3082,AML,3,-1.5297906,2.1460521
ACACCGGGTCTTCAAG-1-7,AML3082,AML,7,-5.343524,0.6008552
GCTGGGTCACGTCTCT-1-7,AML3082,AML,0,10.756613,1.867314
AAACGGGCATGAAGTA-1-7,AML3082,AML,12,3.4058928,6.99935
GGCGTGTCACAGTCGC-1-7,AML3082,AML,5,0.25665197,1.861015
CTAGAGTTCACGAAGG-1-7,AML3082,AML,12,0.05489734,7.985574
TGACTTTGTCCATGAT-1-7,AML3082,AML,0,10.160166,2.1942413
CCCAATCGTCACACGC-1-7,AML3082,AML,5,-1.2424092,0.9387611
GATTCAGTCCGCAAGC-1-7,AML3082,AML,12,-1.1179881,5.5973506
TGAGAGGTCGAGAGCA-1-7,AML3082,AML,7,-5.074518,0.80275637
CCTACACTCATCTGCC-1-7,AML3082,AML,0,10.374733,0.82261235
CCTCTGAAGCTAACTC-1-7,AML3082,AML,3,-1.5021794,1.6748486
GTACGTAAGAACAACT-1-7,AML3082,AML,1,6.7074447,-1.3469638
CCTAGCTGTGGCTCCA-1-7,AML3082,AML,10,7.2300835,0.99630356
CCTTACGAGCAATATG-1-7,AML3082,AML,0,11.6128645,3.00746
CACCTTGAGAAGAAGC-1-7,AML3082,AML,3,-0.31167194,1.2674459
ACGCCGATCCCAACGG-1-7,AML3082,AML,14,8.039149,-3.617897
GTACTTTAGTAGGCCA-1-7,AML3082,AML,9,3.509674,1.5431622
AGCGTATGTTGATTCG-1-7,AML3082,AML,9,3.5311902,1.1800064
ACGATACAGGGCTTGA-1-7,AML3082,AML,0,10.69298,1.6300001
CATCAGACAGTCGATT-1-7,AML3082,AML,12,0.03194856,8.1101055
ATGTGTGCAAAGCAAT-1-7,AML3082,AML,0,12.755867,1.91308
GTTTCTATCCAGAGGA-1-7,AML3082,AML,14,8.057268,-3.562763
TCTTCGGAGCTACCTA-1-7,AML3082,AML,0,10.303678,1.8176006
TCTTTCCTCTTGCATT-1-7,AML3082,AML,7,-4.9532466,1.8301986
TCGCGTTAGGATGTAT-1-7,AML3082,AML,3,-2.959693,3.2424495
GGTGCGTAGATCCTGT-1-7,AML3082,AML,1,5.4048014,-1.5120609
ATCCACCCACTAGTAC-1-7,AML3082,AML,5,0.34257525,1.1980356
TGTATTCCATCGATGT-1-7,AML3082,AML,9,5.0292153,0.055061683
CCTATTACAAACAACA-1-7,AML3082,AML,1,6.8249135,-0.5017256
GGGATGAGTTGTTTGG-1-7,AML3082,AML,0,10.526402,1.1956245
CGTTCTGGTACAGTTC-1-7,AML3082,AML,3,-0.20140974,1.9282806
AAAGCAACATGAGCGA-1-7,AML3082,AML,7,-5.443899,-0.9667263
TTGGAACAGTGGTCCC-1-7,AML3082,AML,14,8.013336,-3.7841463
TTGCCGTAGATGCGAC-1-7,AML3082,AML,9,3.6488764,-0.10231593
TAGCCGGCAGACACTT-1-7,AML3082,AML,14,8.133958,-4.037624
CCTACACAGCATGGCA-1-7,AML3082,AML,5,0.5167228,1.7028971
TCGGTAAAGGGAAACA-1-7,AML3082,AML,14,7.9235983,-3.775403
GTAACTGGTGTCCTCT-1-7,AML3082,AML,10,9.272832,3.5846038
TCGGTAAAGGCCCGTT-1-7,AML3082,AML,5,-0.105871916,2.0000236
CTAATGGAGCAATATG-1-7,AML3082,AML,7,-5.256639,1.1757118
GCACTCTCAATTCCTT-1-7,AML3082,AML,1,6.969432,-1.6227361
CCTTACGTCTTACCTA-1-7,AML3082,AML,3,0.64871985,2.4445603
AAAGATGAGTTGAGAT-1-7,AML3082,AML,3,-2.5004764,2.7014666
ATGCGATTCTTTACGT-1-7,AML3082,AML,7,-3.377317,1.2762439
GTGTGCGCACCTCGTT-1-7,AML3082,AML,7,-5.9281006,-1.1981953
CTGATAGAGAAGGCCT-1-7,AML3082,AML,7,-6.0488434,1.4347796
AACTCCCCAGCTCGCA-1-7,AML3082,AML,12,-0.031470343,7.467911
CACCTTGCATTTCAGG-1-7,AML3082,AML,3,-0.6561274,1.9242121
CATGGCGGTGTGGCTC-1-7,AML3082,AML,3,-1.2530633,1.2951368
GACTACACAGCATGAG-1-7,AML3082,AML,0,10.3336,2.346171
CAGTAACGTAATCGTC-1-7,AML3082,AML,7,-5.9488444,0.68833566
ATAACGCAGCATCATC-1-7,AML3082,AML,3,-0.6708714,3.7271202
CGTTCTGTCTGGGCCA-1-7,AML3082,AML,9,3.7606761,1.2305921
CTAACTTCACAGACAG-1-7,AML3082,AML,9,4.603872,-0.052766033
CCTTTCTCACCGAATT-1-7,AML3082,AML,9,4.606855,-0.78902453
AACGTTGGTATGGTTC-1-7,AML3082,AML,9,4.9947553,-0.38189763
TGTGTTTAGTGAAGTT-1-7,AML3082,AML,10,7.787413,1.8801765
TCGCGTTGTTCTGGTA-1-7,AML3082,AML,12,-0.085341096,8.045353
TTGAACGAGAGCTATA-1-7,AML3082,AML,10,9.22221,3.7136452
CGAATGTCACGTAAGG-1-7,AML3082,AML,1,7.33018,-0.73007774
CTTCTCTCAGCAGTTT-1-7,AML3082,AML,5,-0.14398055,1.2075458
ACTTACTCAAAGAATC-1-7,AML3082,AML,9,4.2286215,-0.1313136
TCAACGATCTCTGAGA-1-7,AML3082,AML,14,7.946455,-3.4606478
ACTGAACCATGATCCA-1-7,AML3082,AML,0,11.189239,2.542374
CATCAGAGTAGCGTGA-1-7,AML3082,AML,12,0.8723019,6.8303556
GCATGCGAGATATGGT-1-7,AML3082,AML,5,-0.6517559,1.3066667
CTCAGAATCAATACCG-1-7,AML3082,AML,9,5.695993,-0.7329431
GTAGTCACACAGGAGT-1-7,AML3082,AML,9,3.3285646,-0.033215195
TTAACTCTCGGCCGAT-1-7,AML3082,AML,14,7.9947605,-3.82681
GGTGTTAGTCCGTCAG-1-7,AML3082,AML,12,3.4525518,6.9072685
TTTGGTTAGACACTAA-1-7,AML3082,AML,3,-0.4293947,2.2309027
TCAGGTACAACACCCG-1-7,AML3082,AML,9,4.5057883,-0.6251237
GACAGAGAGCTGAACG-1-7,AML3082,AML,10,8.368685,1.884979
CGAGCCAGTATCTGCA-1-7,AML3082,AML,1,7.162137,-1.2284559
GATCTAGAGCGATTCT-1-7,AML3082,AML,3,-0.871245,2.279924
CTCGGGATCAACACCA-1-7,AML3082,AML,14,7.9934816,-3.8676565
ACGATACGTGTTCGAT-1-7,AML3082,AML,3,-2.1071846,3.000351
CTACGTCCACGGCGTT-1-7,AML3082,AML,9,2.024465,1.2766765
TGAGAGGAGACTTGAA-1-7,AML3082,AML,3,-2.149289,4.205053
GTGCGGTCACAGGCCT-1-7,AML3082,AML,5,-1.6128558,0.07246331
CTGCTGTAGACAAAGG-1-7,AML3082,AML,8,-3.1274083,-0.32955346
CGTCCATCAGCCACCA-1-7,AML3082,AML,10,9.3492,3.5157173
TCGTAGATCTTGAGAC-1-7,AML3082,AML,3,-2.6558423,2.9178185
TCGTACCCAGGGTATG-1-7,AML3082,AML,10,3.701059,-0.6041395
CTCCTAGCATCGACGC-1-7,AML3082,AML,14,8.047267,-3.5235262
CTACACCAGAGCCCAA-1-7,AML3082,AML,7,-5.241188,0.8013114
TGACGGCTCTAAGCCA-1-7,AML3082,AML,0,9.888908,2.3473423
CGGACACCATACTACG-1-7,AML3082,AML,12,0.0062249396,7.7121515
ATCTGCCCAGATCTGT-1-7,AML3082,AML,7,-4.153314,-1.5001578
ACGATGTCAGCCAGAA-1-7,AML3082,AML,12,3.2232645,6.943844
CTCGAAATCTTAGCCC-1-7,AML3082,AML,9,5.5503016,-1.1396381
TGAGAGGGTAAAGGAG-1-7,AML3082,AML,14,8.023295,-2.690959
CGTGTCTCACCTCGGA-1-7,AML3082,AML,3,-1.897573,1.0669836
GGGATGACACATTAGC-1-7,AML3082,AML,5,0.75748646,0.9534605
CGTCTACCAGGTCCAC-1-7,AML3082,AML,14,7.398122,-3.0592313
GCTGGGTAGAGGTTGC-1-7,AML3082,AML,9,3.594165,1.2092375
GTCTCGTCAACTTGAC-1-7,AML3082,AML,1,6.1608706,-1.6203464
GGCTGGTAGTTAGCGG-1-7,AML3082,AML,12,0.09093445,8.178404
TACTTGTAGGACATTA-1-7,AML3082,AML,9,3.781024,1.3444887
CGGACGTGTATGAAAC-1-7,AML3082,AML,10,9.294948,2.9987307
CGATGTAAGCGATGAC-1-7,AML3082,AML,12,0.017600326,8.004326
GTACGTAAGTCGTTTG-1-7,AML3082,AML,12,0.09051574,7.809607
TGAGCATAGTTAAGTG-1-7,AML3082,AML,0,11.728787,0.96542305
ATCCACCAGGGAGTAA-1-7,AML3082,AML,10,7.8441944,2.2636054
CCTTTCTAGTTAGGTA-1-7,AML3082,AML,3,-0.1313911,1.7952291
CTCTAATTCATCATTC-1-7,AML3082,AML,3,-1.5373539,2.5688822
GGACAAGCATACGCTA-1-7,AML3082,AML,12,0.047723845,8.128809
GCTGCTTTCAGCTGGC-1-7,AML3082,AML,0,10.857523,1.9466002
TTTACTGTCAGCTCTC-1-7,AML3082,AML,5,-0.21575429,1.6621851
CTTAGGAAGTGACTCT-1-7,AML3082,AML,14,5.9732003,-2.6181965
GATCTAGTCCAAATGC-1-8,AML3121,AML,12,0.7554609,5.7817593
ACCCACTAGGAGCGAG-1-8,AML3121,AML,6,2.2418334,-2.398823
ACCCACTAGGTAAACT-1-8,AML3121,AML,1,8.1590805,-0.8572186
ACGGAGAGTTCCCTTG-1-8,AML3121,AML,12,0.7047872,5.8645434
ATAACGCAGAGGACGG-1-8,AML3121,AML,11,3.8194146,-2.247879
GACTGCGTCATGCTCC-1-8,AML3121,AML,0,10.146707,2.0350702
TGGCCAGAGAAGGTGA-1-8,AML3121,AML,12,0.5720418,5.764512
GAAACTCTCCTTGACC-1-8,AML3121,AML,12,0.32632667,6.2731776
CGATTGAGTATAGGTA-1-8,AML3121,AML,1,7.699278,-0.5792956
AGTCTTTTCGTACCGG-1-8,AML3121,AML,12,0.64472,5.896963
CCGTTCATCTGTCTAT-1-8,AML3121,AML,12,0.7329869,5.8557715
TGGCTGGAGATAGCAT-1-8,AML3121,AML,12,0.816029,5.74855
CTTGGCTCACACGCTG-1-8,AML3121,AML,9,6.7306848,-0.8306348
TAGGCATTCGGAAACG-1-8,AML3121,AML,12,0.730802,5.787535
ACGCCGAAGAGTGAGA-1-8,AML3121,AML,12,0.6094434,5.985344
TTTCCTCTCCCAGGTG-1-8,AML3121,AML,12,0.68680525,5.5820622
GTTCTCGAGAGTAATC-1-8,AML3121,AML,12,10.01358,1.6524476
TCATTACGTCTTGCGG-1-8,AML3121,AML,12,9.589243,1.5375342
AAATGCCGTGGTGTAG-1-8,AML3121,AML,12,0.46943873,6.0145917
CTTCTCTAGTCATGCT-1-8,AML3121,AML,12,0.6463206,5.800132
ACTTTCAAGGACAGAA-1-8,AML3121,AML,12,0.5933325,5.8450665
CTTGGCTAGAGACTTA-1-8,AML3121,AML,0,12.821634,2.345843
TCGAGGCCAGCAGTTT-1-8,AML3121,AML,9,3.6998854,-0.98439527
CATATGGAGGTAGCTG-1-9,AML3210,AML,3,-0.51959014,2.686182
AAGACCTGTACTCGCG-1-9,AML3210,AML,7,-5.7390714,-0.20793568
CATATGGTCCATGAAC-1-9,AML3210,AML,0,9.906286,2.1611297
AAGCCGCAGCCCGAAA-1-9,AML3210,AML,7,-5.363559,-0.41766965
ACACCCTAGGTGCTTT-1-9,AML3210,AML,1,9.508351,0.19958608
GATCTAGAGGGATACC-1-9,AML3210,AML,7,-4.9009275,-1.0836011
AGGCCGTAGGCACATG-1-9,AML3210,AML,13,1.5398768,5.933642
ACGAGCCGTCTGCAAT-1-9,AML3210,AML,0,12.340135,1.6163917
GCTGCTTCACCGATAT-1-9,AML3210,AML,3,-0.49922305,1.576845
CATATTCGTTATCCGA-1-9,AML3210,AML,1,7.789749,-0.5831381
GGGTTGCAGACACTAA-1-9,AML3210,AML,13,2.0734837,5.6933618
CCAATCCTCCTTTACA-1-9,AML3210,AML,1,7.1726847,-1.5747428
GTCGTAAGTCAGCTAT-1-9,AML3210,AML,0,11.132293,1.8324119
AAACGGGGTTAGGGTG-1-9,AML3210,AML,7,-3.1235914,0.90311927
ACTATCTAGGTGTTAA-1-9,AML3210,AML,13,1.6352471,5.797046
CGTCCATCAGCCTTGG-1-9,AML3210,AML,0,10.361694,2.502719
AGAATAGTCTGGTTCC-1-9,AML3210,AML,1,8.731172,0.081980035
AGGGATGCAGCGTTCG-1-9,AML3210,AML,9,3.2719605,1.3001785
TGCTGCTTCACGGTTA-1-9,AML3210,AML,0,10.71333,1.0784025
GCATGATGTTAGAACA-1-9,AML3210,AML,2,6.898052,3.7008872
CCTTCCCTCGCGCCAA-1-9,AML3210,AML,5,-0.0929629,-0.7289405
GCACATAGTTCCACTC-1-9,AML3210,AML,0,10.056573,2.346733
GGCAATTGTGTGGTTT-1-9,AML3210,AML,7,-4.3378506,-1.8286881
TGTTCCGTCACGGTTA-1-9,AML3210,AML,8,-0.16977662,-0.6837332
CCTAGCTGTGTCCTCT-1-9,AML3210,AML,9,3.2323475,0.89814866
ACTTGTTGTGAAGGCT-1-9,AML3210,AML,3,-3.1399534,0.5979254
TCAGGTATCCCTAACC-1-9,AML3210,AML,0,9.767154,1.5865592
GTCACGGAGGGATGGG-1-9,AML3210,AML,1,8.931682,0.6695347
GTCGTAAAGCGAAGGG-1-9,AML3210,AML,7,-4.330043,-2.295298
GAACCTATCAAGATCC-1-9,AML3210,AML,13,1.7228776,6.014941
CCTCTGAAGTCCGGTC-1-9,AML3210,AML,1,6.377158,-0.79360545
AGCTTGAAGAGAGCTC-1-9,AML3210,AML,3,-0.79786396,2.4233086
AAGCCGCTCCTAGGGC-1-10,AML3371,AML,12,-0.03260432,6.611325
AAGGTTCAGAGTACAT-1-10,AML3371,AML,1,7.108619,-0.43738183
ACCAGTAGTAGAAGGA-1-10,AML3371,AML,7,-5.593263,0.70070803
ACGGGTCCATAACCTG-1-10,AML3371,AML,1,5.7488027,-1.0986598
ACGGGTCTCTGTCAAG-1-10,AML3371,AML,7,-6.521695,0.6531612
ACTGATGAGGTCATCT-1-10,AML3371,AML,5,0.584489,1.7498112
AGACGTTGTGCGATAG-1-10,AML3371,AML,1,5.90727,-0.5646933
AGCTCCTTCTTATCTG-1-10,AML3371,AML,9,4.9430532,-1.3258731
AGTAGTCAGGTTACCT-1-10,AML3371,AML,1,6.032464,-1.4740968
ATAACGCTCATTCACT-1-10,AML3371,AML,1,6.199098,-1.3280432
ATCATGGAGATGCCAG-1-10,AML3371,AML,9,6.402096,-0.23575261
ATCCGAATCATTTGGG-1-10,AML3371,AML,9,5.00469,-0.606628
ATCGAGTGTTCGAATC-1-10,AML3371,AML,5,0.036603622,-0.31331888
ATCTGCCCAGGATTGG-1-10,AML3371,AML,9,4.38209,-1.0104145
CAACCTCGTCTCTCTG-1-10,AML3371,AML,7,-4.3415737,-1.5528457
CAAGTTGCAATGAATG-1-10,AML3371,AML,1,7.3749113,-1.40794
CAGCGACAGTTACCCA-1-10,AML3371,AML,1,6.8722405,-1.1628625
CAGCTAAAGTGAACGC-1-10,AML3371,AML,6,1.8498702,-2.060532
CATGCCTTCTTCATGT-1-10,AML3371,AML,1,6.409254,-1.8072228
CCACTACAGCGTCAAG-1-10,AML3371,AML,6,0.7412862,-1.1011941
CCCAATCAGGAGTAGA-1-10,AML3371,AML,1,8.359324,-0.27624142
CGCGTTTCACATTCGA-1-10,AML3371,AML,7,-4.353486,-1.5963966
CGGAGTCGTTCCGGCA-1-10,AML3371,AML,5,-0.2526038,1.4265264
CGTCAGGTCCACTCCA-1-10,AML3371,AML,6,0.33248475,-2.045877
CGTGTCTCATAACCTG-1-10,AML3371,AML,7,-6.1899085,-0.9163398
CTCATTATCCTTTCTC-1-10,AML3371,AML,1,6.186401,-1.6584615
CTGTGCTGTCACACGC-1-10,AML3371,AML,6,0.81654406,-1.3988054
GAATGAATCGTATCAG-1-10,AML3371,AML,1,7.3891444,-0.81491804
GACGTTATCGGAATCT-1-10,AML3371,AML,1,9.878333,0.9576421
GCCTCTAAGGACCACA-1-10,AML3371,AML,11,4.594632,-2.8321316
GCGCAGTAGTCCCACG-1-10,AML3371,AML,1,6.9852486,-1.0133681
GCTGCGAAGTGGTCCC-1-10,AML3371,AML,5,0.27482858,-0.36464435
GGGTCTGCAACACGCC-1-10,AML3371,AML,6,4.887754,-1.3736864
GGGTTGCTCTTTACGT-1-10,AML3371,AML,12,0.16086341,6.74206
GGTGAAGGTCAAGCGA-1-10,AML3371,AML,7,-6.0441933,0.17258619
GTCCTCACAGATAATG-1-10,AML3371,AML,7,-5.623336,0.813863
GTCTTCGGTTCCTCCA-1-10,AML3371,AML,5,-0.05638386,0.04493888
GTGCAGCTCAACCATG-1-10,AML3371,AML,1,5.5699234,-0.7014349
GTGCGGTTCCAGATCA-1-10,AML3371,AML,1,7.20229,-0.8445997
GTGCTTCCACGTCTCT-1-10,AML3371,AML,1,9.5474825,0.6447713
GTTTCTAAGTACGATA-1-10,AML3371,AML,1,6.1505136,-1.4608185
TACCTTATCCAAGCCG-1-10,AML3371,AML,7,-6.230631,-0.70610094
TACGGTATCAACACTG-1-10,AML3371,AML,1,5.6199217,-0.95539117
TATCAGGGTTTCCACC-1-10,AML3371,AML,14,7.780219,-4.0821056
TCAATCTTCGGCCGAT-1-10,AML3371,AML,1,7.810961,-0.81214887
TGAAAGAGTAGCTTGT-1-10,AML3371,AML,1,6.316758,-1.0385673
TTAGGCACACATGGGA-1-10,AML3371,AML,1,6.287824,-1.0497115
TTAGGCATCGGAGCAA-1-10,AML3371,AML,6,2.371293,-2.439798
TTGACTTTCACATGCA-1-10,AML3371,AML,1,6.465989,-1.1838772
TTGGAACAGAGACGAA-1-10,AML3371,AML,1,7.1932077,-0.29066283
TGCCCTAAGGCATTGG-1-11,AML3492,AML,13,1.4936756,7.169984
AGCTCCTCATGTCCTC-1-11,AML3492,AML,9,4.6235585,-0.30096596
GGAGCAATCTGTCAAG-1-11,AML3492,AML,14,7.928679,-3.3971086
CGTGTCTCACATTCGA-1-11,AML3492,AML,9,4.479776,0.523255
CTGTGCTCATTACCTT-1-11,AML3492,AML,9,3.1886964,0.8062583
CTTAGGACAAGCGCTC-1-11,AML3492,AML,1,7.2907643,-0.32816824
AGCTCCTCATCTGGTA-1-11,AML3492,AML,9,3.2396529,1.3682166
CCGTTCATCCGATATG-1-11,AML3492,AML,9,2.968314,1.7767023
CGTAGCGCACCTTGTC-1-11,AML3492,AML,9,4.918648,0.121744506
GTACTCCTCACAAACC-1-11,AML3492,AML,14,7.7945094,-3.7263973
GAATGAAGTATAGGTA-1-11,AML3492,AML,13,1.4704758,7.2428265
ATTGGACGTAGCGTGA-1-11,AML3492,AML,13,1.4957079,7.288659
AGACGTTGTACCTACA-1-11,AML3492,AML,9,3.663156,1.7836006
GTGTTAGGTTCGGGCT-1-11,AML3492,AML,0,10.233773,1.9725639
ATGGGAGGTCTGATTG-1-11,AML3492,AML,9,3.980787,0.75864923
GTGAAGGCAAGCCTAT-1-11,AML3492,AML,7,-4.145998,-1.8976327
CATGACACACGCATCG-1-11,AML3492,AML,10,9.096315,3.0881598
GACTAACGTCAGTGGA-1-11,AML3492,AML,1,7.299374,-1.6170592
GTGTTAGTCTTGCATT-1-11,AML3492,AML,13,1.4030664,7.2580113
GCTTCCACATGGTCAT-1-11,AML3492,AML,9,3.4069529,1.9616907
GTTAAGCTCAGTTCGA-1-11,AML3492,AML,14,6.270107,-3.844387
TACAGTGCATTGGTAC-1-11,AML3492,AML,1,5.5531077,-0.8133615
GTTAAGCTCCGGGTGT-1-12,AML4000,AML,12,0.13832411,7.267855
GGGACCTCACGACTCG-1-12,AML4000,AML,5,-0.0744479,1.2434648
TCGGGACTCTCAAGTG-1-12,AML4000,AML,0,10.011343,1.842157
CTAGAGTTCTCTAGGA-1-12,AML4000,AML,3,1.6012326,0.30800635
GCAGTTATCTGCTTGC-1-12,AML4000,AML,1,6.8011394,-1.3536522
GTTCGGGCACGGCCAT-1-12,AML4000,AML,3,-1.1766188,1.8784124
CCTTCGACAGTACACT-1-12,AML4000,AML,12,-0.05149267,7.115421
CATATGGTCATGCAAC-1-12,AML4000,AML,12,0.074893355,7.3840833
CTTAACTTCAGTGTTG-1-12,AML4000,AML,9,6.328486,-0.05756783
GGAATAACATAGAAAC-1-12,AML4000,AML,1,7.1154585,-1.0384274
CCTTCCCTCGTAGATC-1-12,AML4000,AML,7,-5.605264,-0.108551845
GTCACAATCGCCAAAT-1-12,AML4000,AML,2,7.242472,3.1165667
GACGCGTTCTCCCTGA-1-12,AML4000,AML,1,8.100811,-0.7193965
GGAATAAGTATATCCG-1-12,AML4000,AML,5,0.45509008,0.22121201
GAACCTAGTTAAGTAG-1-12,AML4000,AML,0,13.092271,1.629865
CATGCCTCAAGCTGTT-1-12,AML4000,AML,5,0.2974777,1.633746
TGGCCAGTCCAACCAA-1-12,AML4000,AML,12,-0.027377944,7.4533
CGTTCTGTCGCATGGC-1-12,AML4000,AML,0,12.8487,2.5628517
CATGCCTAGCCGGTAA-1-12,AML4000,AML,0,12.368758,1.6893177
ACGGGTCCAACTTGAC-1-12,AML4000,AML,12,-0.085066654,7.4241056
GCGGGTTGTTGGACCC-1-12,AML4000,AML,6,1.6841812,-2.5333028
ATGAGGGCAGAGTGTG-1-12,AML4000,AML,0,11.439129,1.0502883
CACATAGAGATGTAAC-1-12,AML4000,AML,3,-0.66792524,3.2885432
AGATTGCGTGAAATCA-1-12,AML4000,AML,6,1.7942569,-1.9659103
GAAGCAGGTCATACTG-1-12,AML4000,AML,0,11.632103,3.0626345
TTGTAGGGTGCACGAA-1-12,AML4000,AML,10,8.678092,2.8308628
CCACGGAGTTGTTTGG-1-12,AML4000,AML,10,9.044724,2.9207773
TCAGGATAGCTGCGAA-1-12,AML4000,AML,0,11.885011,1.6702386
GCATACAGTCTGCCAG-1-12,AML4000,AML,9,6.1825724,-0.23536855
TTGTAGGTCACGACTA-1-12,AML4000,AML,0,13.041189,2.3068
ACATACGGTGGTGTAG-1-12,AML4000,AML,3,-1.5829366,2.743707
AGAGCTTTCAGCACAT-1-12,AML4000,AML,0,12.237897,1.5196546
TGCGGGTTCCCTAACC-1-12,AML4000,AML,12,4.12107,5.8380713
GAAGCAGCACAGAGGT-1-12,AML4000,AML,0,12.953719,2.3151784
CGCCAAGCACCAGGTC-1-12,AML4000,AML,0,13.117627,2.2883563
GCGGGTTTCAGATAAG-1-12,AML4000,AML,12,0.14889327,7.158975
TCCACACAGAAGATTC-1-12,AML4000,AML,7,-3.6497767,-0.8738268
ACGGCCATCCGAAGAG-1-12,AML4000,AML,7,-5.817691,-1.326082
AACTCCCAGGTCATCT-1-12,AML4000,AML,1,8.885762,-0.8082445
CGCGTTTTCTTCATGT-1-12,AML4000,AML,1,7.2324543,-0.8891203
AATCCAGAGTGTTAGA-1-12,AML4000,AML,9,2.1775541,1.632864
AACACGTTCGGTCTAA-1-12,AML4000,AML,9,1.4793633,1.3809872
TGTGGTACAGGGTTAG-1-12,AML4000,AML,1,7.5655837,-0.2833415
CAGGTGCTCCGAGCCA-1-12,AML4000,AML,12,0.018917957,7.3313828
ACGGAGATCTGGCGTG-1-12,AML4000,AML,10,8.824267,2.6658175
TAGAGCTGTCCCTACT-1-12,AML4000,AML,7,-5.494922,1.1750778
CACACCTAGCACGCCT-1-12,AML4000,AML,12,-0.4873992,5.806411
TGACTAGCATGAACCT-1-12,AML4000,AML,0,10.094405,1.1348379
CCGGTAGTCTTCGAGA-1-12,AML4000,AML,5,-1.6131119,0.010405065
ACTTGTTCATCGATTG-1-12,AML4000,AML,0,10.737724,2.1438878
CCTAGCTCAAGCCTAT-1-12,AML4000,AML,10,9.137324,2.5326843
GCTCCTATCATAGCAC-1-12,AML4000,AML,3,0.29416022,1.884139
GATGAGGAGAGGGCTT-1-12,AML4000,AML,9,6.0269613,0.05150796
CCTTCCCAGCGCCTTG-1-12,AML4000,AML,0,11.530447,1.7703801
ACGGGTCCAGGAACGT-1-12,AML4000,AML,11,5.1544685,-3.559239
AGGCCGTAGTTCGCAT-1-12,AML4000,AML,0,12.570133,2.7073846
TACTTGTTCTTGACGA-1-12,AML4000,AML,11,4.22567,-3.7396548
CTTGGCTAGTTGCAGG-1-12,AML4000,AML,6,1.4732723,-2.4635966
GAAATGATCACCGTAA-1-12,AML4000,AML,2,7.059691,3.6346076
CATCGAATCAGCCTAA-1-12,AML4000,AML,6,1.9737809,-1.0754395
AACTCCCAGAGCTGCA-1-12,AML4000,AML,1,8.41857,-1.3448715
CCTACACGTTTGACTG-1-12,AML4000,AML,5,0.55349237,0.73724437
GACCTGGCATCGATGT-1-12,AML4000,AML,9,6.6694407,0.077766776
CTGCTGTCAGATGAGC-1-12,AML4000,AML,3,0.2720436,2.2584705
TTAGGCAAGGACAGCT-1-12,AML4000,AML,5,-1.9541833,-0.15961705
TGAGAGGCACAGATTC-1-12,AML4000,AML,1,6.9323096,0.8077964
TACTTACAGCGTCAAG-1-12,AML4000,AML,1,7.0299797,-1.3440773
TTCTCCTTCTTACCGC-1-12,AML4000,AML,0,10.589851,1.3383982
AGGCCACTCTACTTAC-1-12,AML4000,AML,6,1.8573145,-2.438446
AGATCTGCAGCCTGTG-1-12,AML4000,AML,6,1.4369084,-2.3036568
GTTACAGAGAGACGAA-1-12,AML4000,AML,0,12.5222225,2.3813002
CTCCTAGTCAGTTGAC-1-12,AML4000,AML,3,-0.81571066,2.2551801
CAGAATCCAGGTTTCA-1-12,AML4000,AML,0,12.849043,1.3318228
CTCCTAGTCCGATATG-1-12,AML4000,AML,1,6.429197,-0.94495636
CACACCTTCCCGACTT-1-12,AML4000,AML,12,-0.56571734,5.9892397
GGTATTGGTTACGGAG-1-12,AML4000,AML,14,6.1699853,-3.597101
ACACTGAGTCCAGTTA-1-12,AML4000,AML,6,0.6925395,-0.46303898
TCGTAGATCCAGTAGT-1-12,AML4000,AML,7,-5.893787,-0.17232168
CGACTTCGTAAACCTC-1-12,AML4000,AML,14,5.93491,-3.6696355
CAGCAGCGTCATCGGC-1-12,AML4000,AML,12,-0.045286395,7.156009
CCAGCGACACCTCGGA-1-12,AML4000,AML,12,0.18199992,7.1845064
CACCACTTCCGCATCT-1-12,AML4000,AML,0,12.024096,-0.39478883
CATCCACGTAGCAAAT-1-12,AML4000,AML,7,-6.1812277,-0.35570428
CACAGGCAGTGTACCT-1-12,AML4000,AML,2,6.955777,3.6481106
TATTACCCAGTGACAG-1-12,AML4000,AML,1,7.5061965,-0.25272816
GGAGCAAAGTGCGATG-1-12,AML4000,AML,1,7.7439756,-0.28990674
CGTTAGATCAGGCAAG-1-12,AML4000,AML,1,7.180011,-1.5155176
CCAGCGACAAAGTCAA-1-12,AML4000,AML,0,12.950165,1.9384826
GGGTTGCAGAGCTATA-1-12,AML4000,AML,1,7.278373,-0.62813
AGCTTGATCGCCGTGA-1-12,AML4000,AML,3,0.15618627,2.4021945
AACCATGCAGATCGGA-1-13,AML4010,AML,7,-4.8946095,-0.81734216
AACTCCCTCCAAACAC-1-13,AML4010,AML,9,0.92302763,1.6280729
AGCGTCGGTCATATGC-1-13,AML4010,AML,3,1.031925,0.4079487
ATCATGGCAAGACACG-1-13,AML4010,AML,3,-0.14781383,1.3169852
ATCATGGGTTCGGCAC-1-13,AML4010,AML,7,-5.224958,-0.3661081
ATTTCTGGTCAGAATA-1-13,AML4010,AML,5,0.6044182,2.189099
CACACTCAGTTACGGG-1-13,AML4010,AML,7,-4.7404704,-0.28515843
CACAGTACACGTCTCT-1-13,AML4010,AML,5,0.07193156,1.0501523
CAGCGACAGATCTGCT-1-13,AML4010,AML,3,-2.8667965,3.0637958
CAGCTGGGTGCCTGGT-1-13,AML4010,AML,3,-2.8761826,3.5573182
CAGGTGCAGACAGGCT-1-13,AML4010,AML,3,-2.966708,3.6546128
CCACCTAGTACCGTAT-1-13,AML4010,AML,5,0.16106133,1.0903313
CCCAATCCATGCATGT-1-13,AML4010,AML,5,0.45134318,1.0751493
CCCAGTTGTGTGTGCC-1-13,AML4010,AML,6,0.9987331,-2.0046782
CCGGTAGCACGGCCAT-1-13,AML4010,AML,1,9.593466,0.7934312
CCGGTAGGTATTAGCC-1-13,AML4010,AML,6,1.4157562,-2.6846511
CCGTTCAGTGAGCGAT-1-13,AML4010,AML,6,1.3057443,-2.5657244
CGATGGCAGTACGATA-1-13,AML4010,AML,1,8.816525,1.0936321
CGCGTTTAGATATACG-1-13,AML4010,AML,14,6.605086,-3.7463245
CGGACTGAGCCCGAAA-1-13,AML4010,AML,11,4.52111,-3.9813166
CGTAGCGCAATGGATA-1-13,AML4010,AML,5,0.2528689,1.3346868
CGTGAGCCAATGTTGC-1-13,AML4010,AML,9,2.5694182,0.13793601
CGTGTCTTCTGTCTCG-1-13,AML4010,AML,7,-5.0220394,-0.8094242
CTAACTTAGTGAACAT-1-13,AML4010,AML,11,4.6434703,-3.5854135
CTAAGACCACCGGAAA-1-13,AML4010,AML,7,-5.4813795,2.371916
CTCGAAAGTCTCACCT-1-13,AML4010,AML,5,0.102161236,1.3180138
CTGCTGTTCTGCGGCA-1-13,AML4010,AML,1,9.878534,0.4597712
CTTAACTTCCATGCTC-1-13,AML4010,AML,3,-2.8418412,2.9591124
GATGCTAAGGTTACCT-1-13,AML4010,AML,3,0.37790552,-0.57720345
GCATACAAGTGAAGAG-1-13,AML4010,AML,7,-6.5670657,1.258049
GCGCCAAAGTACGATA-1-13,AML4010,AML,7,-5.1880636,1.082632
GCTGCTTGTTTGACTG-1-13,AML4010,AML,9,2.7523057,0.4425341
GTAACGTAGGCACATG-1-13,AML4010,AML,7,-5.4695506,-1.341265
GTAACGTCATCACGTA-1-13,AML4010,AML,11,4.643187,-2.2794018
GTCGGGTCATAGAAAC-1-13,AML4010,AML,5,-0.17654508,0.9843235
TCAGATGTCGCGATCG-1-13,AML4010,AML,7,-3.4528794,0.7954888
TCCCGATCATTCTTAC-1-13,AML4010,AML,11,4.7581854,-3.8624802
TCTCTAAGTCTGCCAG-1-13,AML4010,AML,6,1.5200723,-1.7072046
TGGCCAGCAGCATACT-1-13,AML4010,AML,9,3.3619528,1.6067414
TGGGAAGAGATGCGAC-1-13,AML4010,AML,7,-5.411524,-0.4306697
TGGGCGTCAGTAAGAT-1-13,AML4010,AML,5,-0.27094075,1.304974
TGTCCCAGTAACGTTC-1-13,AML4010,AML,7,-5.5996304,-0.42036998
TTTGGTTGTTCCACTC-1-13,AML4010,AML,7,-4.5342293,0.19150656
CATGGCGCACAGAGGT-1-14,AML4035,AML,5,-1.2236481,2.381219
CTAACTTTCTCTAAGG-1-14,AML4035,AML,12,1.6307406,2.4844694
CGGACACGTGGAAAGA-1-14,AML4035,AML,5,0.67046475,2.7106874
TGGCCAGAGAGCTATA-1-14,AML4035,AML,7,-5.2312694,0.38209143
AAACCTGTCGCATGGC-1-14,AML4035,AML,7,-4.9667907,1.5170035
TCTTTCCGTGTTGAGG-1-14,AML4035,AML,12,1.0108931,3.6067944
TGCGTGGCACGAAAGC-1-14,AML4035,AML,5,0.77080053,1.8336824
CGACTTCTCCTCCTAG-1-14,AML4035,AML,10,8.335581,3.6718416
GGACAAGAGTTACCCA-1-14,AML4035,AML,5,0.8096584,1.1236316
GAGTCCGTCGAATGGG-1-14,AML4035,AML,0,9.577905,2.0648417
AACTTTCTCGTCGTTC-1-14,AML4035,AML,6,1.3188982,-2.325422
CTCGAAACAGTCAGAG-1-14,AML4035,AML,5,0.745255,3.0097616
CGCTTCACAGCCACCA-1-14,AML4035,AML,5,1.3648163,0.9579176
ATGCGATCACCGAAAG-1-14,AML4035,AML,0,10.657319,-0.058942698
CGCGGTAAGAACAACT-1-14,AML4035,AML,10,8.959498,3.2559419
TCACGAAAGTATTGGA-1-14,AML4035,AML,0,9.956874,0.19194546
GCTTGAACAAACCTAC-1-14,AML4035,AML,9,3.720615,1.8429213
ATTATCCCAATGTAAG-1-14,AML4035,AML,12,0.7406721,3.7085695
CTAGTGAAGACTAGAT-1-14,AML4035,AML,10,8.176682,3.0952868
TCGAGGCAGAGGTTAT-1-14,AML4035,AML,0,10.3951235,1.8930409
GTTTCTAGTGACAAAT-1-14,AML4035,AML,12,0.68811065,3.7813735
CAGCTGGGTTCCATGA-1-14,AML4035,AML,12,1.2719821,4.667636
GTAACGTCAGAGTGTG-1-14,AML4035,AML,10,9.318143,2.7308931
GGTGAAGTCCCAAGTA-1-14,AML4035,AML,5,0.8893608,1.9495654
GCAGTTACACGGCCAT-1-14,AML4035,AML,9,3.9579856,1.9014374
TCTTTCCAGTGACTCT-1-14,AML4035,AML,0,10.901419,1.4997853
TGGCGCAGTTGAGGTG-1-14,AML4035,AML,1,7.786574,-1.1513582
TCGGGACTCCCTTGCA-1-14,AML4035,AML,5,0.62791514,3.2116473
CTAGCCTGTACACCGC-1-14,AML4035,AML,3,0.34069455,2.6244423
GATTCAGAGGGCATGT-1-14,AML4035,AML,2,7.1432385,3.685457
GCAAACTTCAACGCTA-1-14,AML4035,AML,10,8.415159,3.586543
GTCACAAAGCAGCGTA-1-14,AML4035,AML,3,0.31513777,2.3772247
GATGAGGTCATCTGTT-1-14,AML4035,AML,10,8.6237755,3.711927
TTTGGTTAGCTACCTA-1-14,AML4035,AML,5,0.6212121,2.4481132
AGTTGGTTCCACGTTC-1-14,AML4035,AML,7,-5.9432616,0.24129887
ACGATACCAGATGGGT-1-14,AML4035,AML,5,1.1081941,2.0805097
ATCTGCCGTTACCAGT-1-14,AML4035,AML,12,0.42519212,3.4395325
TTTATGCGTCGGGTCT-1-14,AML4035,AML,10,8.215218,3.1823795
CATTATCCAAGTCTAC-1-14,AML4035,AML,7,-6.0071106,0.8871097
CTACACCCATTTCAGG-1-14,AML4035,AML,10,9.237433,2.868228
GTTAAGCGTACTTAGC-1-14,AML4035,AML,10,8.271539,3.5069463
CTGCCTAAGAGTACCG-1-14,AML4035,AML,10,8.307346,3.3476098
CGCCAAGGTCCTCTTG-1-14,AML4035,AML,5,0.7668956,2.7446556
ATTACTCCATCGGTTA-1-14,AML4035,AML,10,9.157362,3.78946
GGGACCTGTATTCGTG-1-14,AML4035,AML,0,9.668021,2.043815
CTGTTTAGTCAATACC-1-14,AML4035,AML,7,-6.1856704,-0.04907035
CCGGGATTCATACGGT-1-14,AML4035,AML,10,8.465111,3.5789948
CTGAAGTCAGCGTCCA-1-14,AML4035,AML,5,-0.5404235,1.1135682
CATATGGTCTTGACGA-1-14,AML4035,AML,12,0.89088815,3.4338453
ACGATGTAGACTGGGT-1-14,AML4035,AML,5,1.1350805,2.5918076
ACGGGCTTCGCGTTTC-1-14,AML4035,AML,0,9.550145,2.2418933
CAGATCATCTTTAGGG-1-14,AML4035,AML,7,-4.588855,-0.7004434
TATCTCACAAGAAGAG-1-14,AML4035,AML,9,1.4832484,1.9774609
AAAGTAGTCCTGCAGG-1-14,AML4035,AML,2,7.1891923,3.4208727
CGACCTTTCCTCATTA-1-14,AML4035,AML,10,8.275731,3.0935502
TTGTAGGAGCCTTGAT-1-14,AML4035,AML,9,4.0029783,1.6614794
TACTTACCACTAAGTC-1-14,AML4035,AML,12,1.3700022,3.0224023
TGCGGGTTCCTAAGTG-1-14,AML4035,AML,0,10.136288,0.077699296
GACCAATAGTACGCGA-1-14,AML4035,AML,10,8.221949,3.659559
CAGTCCTCACCTCGGA-1-14,AML4035,AML,12,0.81435114,3.667529
GGGTTGCGTGACGGTA-1-14,AML4035,AML,0,10.461841,0.32374546
TATGCCCGTTAAAGTG-1-14,AML4035,AML,0,11.262022,2.1804707
GTACGTATCGTCACGG-1-14,AML4035,AML,3,-0.48258698,2.5189857
TAAGAGATCACCGGGT-1-14,AML4035,AML,12,0.7126585,3.6232114
ATAACGCGTTAGTGGG-1-14,AML4035,AML,12,0.9536964,4.6140137
CACAGGCCATGCCACG-1-14,AML4035,AML,12,0.8283557,3.18819
GGTGAAGAGGTAAACT-1-14,AML4035,AML,0,10.204399,2.0519664
ACGCCAGCACTTCGAA-1-14,AML4035,AML,5,0.8837527,1.3437295
CTGCTGTGTATGAAAC-1-14,AML4035,AML,9,4.250517,2.1177914
GTTTCTAAGGCTCATT-1-14,AML4035,AML,5,0.8027121,1.558332
CACATTTGTATTCGTG-1-14,AML4035,AML,10,8.654898,3.5961492
TAGTGGTGTATGAATG-1-14,AML4035,AML,3,-0.77525544,2.293556
ACAGCTACACACTGCG-1-14,AML4035,AML,12,1.2571216,3.2115514
CTCAGAACATTGGGCC-1-14,AML4035,AML,7,-4.2311435,-0.9999362
GTGGGTCGTCGTCTTC-1-14,AML4035,AML,12,0.3783068,3.4358878
CGTGAGCAGTCCATAC-1-14,AML4035,AML,10,8.407905,3.5969255
GACGCGTTCATTTGGG-1-14,AML4035,AML,12,1.6514428,4.69679
CAGCAGCAGTAAGTAC-1-14,AML4035,AML,8,-2.6892095,-0.90770465
CGCTATCTCCTAAGTG-1-14,AML4035,AML,12,0.7696406,3.0112562
ACGGCCAAGCACCGCT-1-14,AML4035,AML,12,0.8065117,3.792929
CTGGTCTGTCGCCATG-1-14,AML4035,AML,12,0.36963543,3.5310788
CTTGGCTCATTAGGCT-1-14,AML4035,AML,0,9.800781,1.9029833
TAAGTGCGTAAGCACG-1-14,AML4035,AML,12,1.6369784,4.6696553
TGCTGCTCACCCAGTG-1-14,AML4035,AML,5,0.9351399,2.8938239
ATTGGACGTCTGGTCG-1-14,AML4035,AML,10,8.317064,3.6472695
TGTGGTACACAACGTT-1-14,AML4035,AML,12,1.2949243,3.0829382
GCAATCACACCGCTAG-1-14,AML4035,AML,12,0.80601096,3.2160144
GATCGATCACTGCCAG-1-14,AML4035,AML,9,4.358649,1.1485872
CCTAGCTCACGGATAG-1-14,AML4035,AML,12,0.55033094,3.6032305
ACGCCAGTCCTACAGA-1-14,AML4035,AML,12,0.75548136,3.6549785
GGATGTTCACTAGTAC-1-14,AML4035,AML,0,11.130123,1.8660285
TTCTCAACAAGGTGTG-1-14,AML4035,AML,10,8.331248,3.7633688
CATGGCGAGCGGCTTC-1-14,AML4035,AML,5,0.13923171,0.99633414
GTCACAACACGCCAGT-1-14,AML4035,AML,3,-0.11350443,3.4241135
CATCAAGCAATGAATG-1-14,AML4035,AML,5,-1.6084566,1.7324578
CAGCATAGTCGACTGC-1-14,AML4035,AML,3,-1.1612259,1.9349184
GAACATCGTGCACGAA-1-14,AML4035,AML,12,0.7026835,3.8184533
CGGACGTTCAGCTCTC-1-14,AML4035,AML,10,8.531615,3.6495316
GTCACAAAGTACATGA-1-14,AML4035,AML,9,5.1845307,1.7982461
CGACTTCCAGTCCTTC-1-14,AML4035,AML,12,1.6838672,4.6833706
GGAGCAACATTGTGCA-1-14,AML4035,AML,0,11.148647,0.53683054
GAATAAGTCAAGCCTA-1-14,AML4035,AML,9,4.083617,1.8287536
ACTGATGTCCCTTGCA-1-14,AML4035,AML,5,0.27497345,0.4636126
GTAACGTAGTCGTACT-1-14,AML4035,AML,12,0.6337313,3.591158
TCTGGAAGTCCCTTGT-1-14,AML4035,AML,3,-3.5721006,2.4855995
ATCCGAAGTGGACGAT-1-14,AML4035,AML,5,1.076334,2.4292133
ACTGAACAGCTCCCAG-1-14,AML4035,AML,10,8.073104,2.7920485
GTCTTCGGTTACCGAT-1-14,AML4035,AML,12,0.6563432,3.7202373
CGATTGAAGTATGACA-1-14,AML4035,AML,0,10.075645,-0.102461
CGTCACTTCATGTGGT-1-14,AML4035,AML,12,1.2781943,3.1372662
CTCACACCACTGTGTA-1-14,AML4035,AML,2,7.4928617,3.1514337
GCTTGAATCGGCGCAT-1-14,AML4035,AML,5,0.863739,1.9119085
CGCCAAGCACCGAAAG-1-14,AML4035,AML,7,-4.6947103,1.2364752
GACTAACCATCCTAGA-1-14,AML4035,AML,12,0.99659353,3.7314436
GTTACAGAGTAGCGGT-1-14,AML4035,AML,9,4.59356,1.9077771
CTGCCTAAGTTTGCGT-1-14,AML4035,AML,10,8.392989,3.4845295
CAGAGAGTCGTTTAGG-1-14,AML4035,AML,5,-0.72012943,1.8944436
GCGAGAACAGCTGCTG-1-14,AML4035,AML,12,0.043178204,3.8967996
GATCGATGTCAGAGGT-1-14,AML4035,AML,12,0.85249877,4.551841
TATTACCAGGATGCGT-1-14,AML4035,AML,5,1.2376446,1.9574659
ACGGAGATCAACGGCC-1-14,AML4035,AML,3,0.29725558,2.9161847
CAAGGCCGTTCCACTC-1-14,AML4035,AML,7,-4.6266418,2.0608802
CACAGTACAGTATCTG-1-14,AML4035,AML,10,9.065597,2.5049133
AAAGCAATCTAACGGT-1-14,AML4035,AML,12,1.6406401,4.6028256
CCCAATCAGGACAGCT-1-14,AML4035,AML,10,9.259865,3.82921
GATGAGGAGAAGCCCA-1-14,AML4035,AML,12,0.49594203,3.5570219
GCGCAGTTCTTAACCT-1-14,AML4035,AML,9,2.4915264,0.8375663
CCATGTCGTCATCGGC-1-14,AML4035,AML,12,1.716793,4.7021995
GATGAAAAGACGACGT-1-14,AML4035,AML,3,-1.0757519,3.8227694
GGAACTTCAGATCTGT-1-14,AML4035,AML,8,-2.4318607,1.4642564
GCTTGAATCAACACCA-1-14,AML4035,AML,10,7.5198407,2.2017875
CTGCGGACATCAGTAC-1-14,AML4035,AML,0,10.178276,2.1154408
GCGCAACTCTGGGCCA-1-14,AML4035,AML,12,0.43901536,3.579407
AACGTTGAGAAAGTGG-1-14,AML4035,AML,0,9.44596,2.6007802
GCTTGAACAAGCTGTT-1-14,AML4035,AML,12,1.4509983,3.0798945
ACGGCCACAGTAGAGC-1-14,AML4035,AML,0,10.407615,2.5346103
ACGCCGACAAGGACAC-1-14,AML4035,AML,5,-1.6916448,1.5585232
CACAAACCAACTGGCC-1-14,AML4035,AML,0,11.568105,1.9366677
CACATTTCACATTTCT-1-14,AML4035,AML,5,0.9607881,2.9170752
CCACTACTCAATCTCT-1-14,AML4035,AML,5,1.1324414,2.6411817
CTAGCCTAGCGATATA-1-14,AML4035,AML,12,0.8292026,3.6088398
TGTGGTAGTCCTAGCG-1-14,AML4035,AML,3,-0.12616938,2.593683
CTTCTCTGTAAATGTG-1-14,AML4035,AML,2,7.457279,3.1657727
TGAGGGATCAGGCGAA-1-14,AML4035,AML,0,10.66215,2.091239
CCAGCGAGTTCGCGAC-1-14,AML4035,AML,12,0.9929707,4.81093
CACACCTCACGGTTTA-1-14,AML4035,AML,12,1.0555881,3.2330654
GTCTTCGCAACCGCCA-1-14,AML4035,AML,9,4.2845035,1.8027421
ATTATCCCACCAGCAC-1-14,AML4035,AML,5,1.0821068,2.963105
CTACACCAGGACTGGT-1-14,AML4035,AML,5,1.2102875,1.7910957
CCTTTCTGTACAAGTA-1-14,AML4035,AML,5,-1.4455122,-0.13226897
GTGGGTCAGCGTGTCC-1-14,AML4035,AML,5,-0.14284386,0.5899089
ACAGCTACAGACAGGT-1-14,AML4035,AML,12,1.6352421,4.6479945
TTTGTCAAGTCCATAC-1-14,AML4035,AML,7,-5.727256,0.9759763
GTCATTTCAGAGCCAA-1-14,AML4035,AML,0,11.128086,2.2171562
GACGCGTAGCCCAGCT-1-14,AML4035,AML,10,8.193345,3.609131
CACACAATCTCGGACG-1-14,AML4035,AML,12,0.29509258,4.067975
TACTCGCGTGCAACTT-1-14,AML4035,AML,12,1.5093225,2.5093238
GTACGTAGTCGTCTTC-1-14,AML4035,AML,9,3.6808248,1.3775096
ATTGGACCACGAGGTA-1-14,AML4035,AML,5,-2.7370968,-1.2258011
AAATGCCAGGAACTGC-1-14,AML4035,AML,12,0.60717595,4.6412716
GTTCTCGGTCTCAACA-1-14,AML4035,AML,0,10.513916,-0.23993115
ATAGACCCATTGGCGC-1-14,AML4035,AML,9,2.9358363,1.4559495
CCGGTAGGTTGGGACA-1-14,AML4035,AML,10,8.299763,3.1350346
ATTGGTGAGTTATCGC-1-14,AML4035,AML,5,1.3398703,2.6607568
CACACTCAGACAAAGG-1-14,AML4035,AML,0,11.066735,-0.35727844
GGCTGGTTCCAGAAGG-1-14,AML4035,AML,5,1.1161609,1.5149207
CACATTTAGCTATGCT-1-14,AML4035,AML,10,8.363868,3.6528225
GGATGTTTCCGTAGTA-1-14,AML4035,AML,12,0.62661296,3.4018002
GACGCGTGTACGCTGC-1-14,AML4035,AML,9,3.449566,0.6819932
GAAGCAGTCTGAGTGT-1-14,AML4035,AML,5,1.0479076,2.415992
CTGGTCTTCGTGGGAA-1-14,AML4035,AML,9,4.0190573,1.8945671
CTGCTGTGTACCGAGA-1-14,AML4035,AML,12,1.1881616,3.267323
GCATGCGAGGATGTAT-1-14,AML4035,AML,9,4.0058503,1.9688783
ATGCGATTCCGCATCT-1-14,AML4035,AML,6,1.6469057,-3.1944633
AAGGAGCAGTGCGATG-1-14,AML4035,AML,10,8.723083,3.315074
TTCTCAACACTCGACG-1-14,AML4035,AML,7,-5.3939176,0.50762653
AACACGTCACATCCAA-1-14,AML4035,AML,0,10.38045,0.11499937
CGGACGTAGCCCGAAA-1-14,AML4035,AML,3,-0.5018685,3.5275338
CCTTACGCAGCCAATT-1-14,AML4035,AML,10,9.170344,3.0696092
TCATTACGTTTGTTGG-1-14,AML4035,AML,0,10.153818,1.8751683
TGTATTCGTTTAAGCC-1-14,AML4035,AML,12,1.3154075,4.6434135
GTGTGCGAGTTGTCGT-1-14,AML4035,AML,7,-2.9745371,-0.03947318
GTACGTAAGTGGAGTC-1-14,AML4035,AML,5,1.2479695,2.6676505
CATTATCTCTTCCTTC-1-14,AML4035,AML,7,-6.041603,0.6118881
CTGCCTAAGACTGGGT-1-14,AML4035,AML,1,7.264443,-1.1418004
GAGCAGAGTAAATGTG-1-14,AML4035,AML,5,0.9025882,2.068706
ACACCAAGTTCTGGTA-1-14,AML4035,AML,5,1.0332853,2.5064118
CCGGGATAGAGTCGGT-1-14,AML4035,AML,1,7.9003477,-1.1596832
GCAATCAAGCGGATCA-1-14,AML4035,AML,0,9.5141115,1.3471974
AGGGTGATCACGCGGT-1-14,AML4035,AML,10,8.503282,3.6702554
AAAGCAACAAAGGTGC-1-14,AML4035,AML,12,0.5599864,3.7515788
CTCGAAAAGGTAGCTG-1-14,AML4035,AML,12,1.2472198,3.1234062
AGGGTGAAGGTGTGGT-1-14,AML4035,AML,12,0.7515416,3.7239802
CAGTCCTCACTCAGGC-1-14,AML4035,AML,9,3.9370372,1.9235557
TGCTACCAGTCCTCCT-1-14,AML4035,AML,0,10.16169,2.0239499
ACGGCCACAGCCACCA-1-14,AML4035,AML,12,1.0145063,3.0381029
ATGGGAGAGCGATATA-1-14,AML4035,AML,5,-0.093717754,-0.36676872
CAACCTCAGAAGATTC-1-14,AML4035,AML,10,8.940424,3.521809
CACCTTGCAGCCAATT-1-14,AML4035,AML,5,1.2032886,2.5810475
AGTAGTCTCATGTGGT-1-14,AML4035,AML,0,9.668384,2.2217147
AAACCTGCACATCCAA-1-14,AML4035,AML,10,8.492291,3.7209847
TTGGCAAGTATTACCG-1-14,AML4035,AML,12,0.44424286,3.6882234
CGACTTCCAGCTGCTG-1-14,AML4035,AML,12,0.8245762,3.7712083
AATCCAGAGAGCTGCA-1-14,AML4035,AML,5,1.2366554,2.0776
ATCTACTGTGCTTCTC-1-14,AML4035,AML,0,9.378359,2.2959378
TCGGGACAGTCTCAAC-1-14,AML4035,AML,10,9.053603,3.7351744
TACCTATTCATCGATG-1-14,AML4035,AML,5,1.0646827,1.765017
GGACAGACATCGGAAG-1-14,AML4035,AML,0,9.955396,1.8958707
GTCAAGTAGTAGTGCG-1-14,AML4035,AML,10,7.6555467,1.6358604
TGCTACCGTCGCCATG-1-14,AML4035,AML,3,0.83077353,2.2736757
CAGAATCAGACTTGAA-1-14,AML4035,AML,5,-0.31457433,0.98723835
TAGACCAAGGATGTAT-1-14,AML4035,AML,12,0.649122,4.5212345
CATATGGGTGTGGTTT-1-14,AML4035,AML,0,10.368678,2.3189247
CGACCTTGTTATCACG-1-14,AML4035,AML,0,10.201671,-0.06559344
TCGGGACAGCTAACAA-1-14,AML4035,AML,12,1.5683055,4.6012354
GAGTCCGCAGGTGCCT-1-14,AML4035,AML,2,7.1667986,3.5098777
TGGCTGGCACAGATTC-1-14,AML4035,AML,5,0.8952042,0.673791
CTCGTACTCAGAAATG-1-14,AML4035,AML,7,-4.2122626,0.2725264
GATGCTACACGCGAAA-1-14,AML4035,AML,12,1.5683634,4.6932206
CGGACACTCTGTCAAG-1-14,AML4035,AML,5,0.87118113,2.442022
AGTTGGTCAAGTCATC-1-14,AML4035,AML,10,8.616977,3.586829
CAGTAACAGCACCGCT-1-14,AML4035,AML,5,0.89286107,1.9059575
CTTAGGACAGACGCAA-1-15,AML4048,AML,3,-0.09985448,1.9072447
AAACGGGAGAGACTTA-1-16,AML4062,AML,9,6.4491277,-0.33634052
AAACGGGCAATCCAAC-1-16,AML4062,AML,3,-2.528863,3.758535
AAAGCAAAGCGCCTTG-1-16,AML4062,AML,7,-4.6923757,-1.0010631
AAAGTAGGTCCCGACA-1-16,AML4062,AML,9,3.0951414,0.5810963
AACACGTTCCGCGGTA-1-16,AML4062,AML,3,-1.9728698,3.5874794
AACCGCGAGACAGAGA-1-16,AML4062,AML,7,-4.815041,2.75461
AACGTTGGTCTAAACC-1-16,AML4062,AML,3,0.4212048,0.30780914
AACGTTGGTCTTGTCC-1-16,AML4062,AML,3,-1.407158,3.1881092
AACTCAGGTCATGCAT-1-16,AML4062,AML,10,8.057474,2.6487803
AACTCAGGTCTCAACA-1-16,AML4062,AML,7,-4.994202,2.6414707
AACTCAGTCACTATTC-1-16,AML4062,AML,1,6.6531777,-1.7690425
AACTCCCAGAGTGAGA-1-16,AML4062,AML,1,7.8047757,-0.67227495
AACTCCCAGCTCCCAG-1-16,AML4062,AML,3,-1.084647,2.6824818
AACTCTTAGTGCCAGA-1-16,AML4062,AML,3,-0.2033284,2.5756915
AACTGGTAGAGCTGGT-1-16,AML4062,AML,7,-5.7818,0.59277153
AACTGGTAGTGCCAGA-1-16,AML4062,AML,1,6.3719435,-1.0318118
AAGACCTTCTCCAGGG-1-16,AML4062,AML,7,-5.484953,2.4685698
AAGACCTTCTTGCCGT-1-16,AML4062,AML,1,8.296164,-1.3169479
AAGGAGCCAGTGAGTG-1-16,AML4062,AML,1,9.202149,0.5131265
AAGGAGCTCAGATAAG-1-16,AML4062,AML,7,-3.7711794,-0.46592477
AAGGCAGAGGGCTCTC-1-16,AML4062,AML,7,-6.0709763,1.371349
AAGGCAGAGTAGTGCG-1-16,AML4062,AML,5,-0.35085458,-0.12329599
AAGGTTCCATAACCTG-1-16,AML4062,AML,3,-1.8906343,1.121015
AAGGTTCGTAGCGTGA-1-16,AML4062,AML,7,-5.4059067,2.6759193
AAGGTTCGTCTGCAAT-1-16,AML4062,AML,1,7.7488194,-1.1068143
AAGGTTCTCGACCAGC-1-16,AML4062,AML,7,-4.872789,2.7524023
AAGTCTGGTGCGATAG-1-16,AML4062,AML,3,-1.0605509,3.770094
AATCCAGTCATCGATG-1-16,AML4062,AML,3,0.46961918,0.79421324
AATCGGTCACAACGTT-1-16,AML4062,AML,7,-6.119492,1.0820569
AATCGGTTCCTCAACC-1-16,AML4062,AML,1,7.4845967,-0.8000803
ACACCAACATGGTCTA-1-16,AML4062,AML,10,9.281406,4.1410513
ACACCCTAGACAGAGA-1-16,AML4062,AML,3,-2.121648,3.6946893
ACACCCTCACGGCGTT-1-16,AML4062,AML,7,-4.724792,3.1997285
ACACCGGTCTGTGCAA-1-16,AML4062,AML,1,8.501649,-1.7058125
ACATACGAGCGCTTAT-1-16,AML4062,AML,1,6.744881,-1.3078852
ACATACGAGTCCTCCT-1-16,AML4062,AML,3,0.09455222,2.6648574
ACATCAGGTTGCTCCT-1-16,AML4062,AML,1,8.003928,-1.7837576
ACATCAGTCTCTGTCG-1-16,AML4062,AML,6,0.3941903,0.2490748
ACATCAGTCTTTAGGG-1-16,AML4062,AML,5,0.11234247,2.4655318
ACATGGTAGATAGGAG-1-16,AML4062,AML,3,-2.6086683,0.3574084
ACATGGTGTCAATGTC-1-16,AML4062,AML,3,-0.1451085,2.546729
ACATGGTGTCTAGCCG-1-16,AML4062,AML,7,-5.596731,2.4064922
ACATGGTTCATCTGCC-1-16,AML4062,AML,7,-6.406256,1.0888128
ACCAGTATCATTGCGA-1-16,AML4062,AML,5,-0.31347114,0.019357275
ACCCACTGTGTAACGG-1-16,AML4062,AML,7,-5.9101334,0.875554
ACCCACTTCAGAGGTG-1-16,AML4062,AML,1,7.3527937,-0.85811543
ACCCACTTCAGCTTAG-1-16,AML4062,AML,7,-5.8672304,1.7898219
ACCTTTATCGTCTGAA-1-16,AML4062,AML,3,-0.7273063,3.0240192
ACGAGCCAGCACGCCT-1-16,AML4062,AML,7,-4.2574105,2.0633478
ACGAGCCTCGTAGGTT-1-16,AML4062,AML,6,0.87133574,-0.89079577
ACGAGGAAGATATACG-1-16,AML4062,AML,3,-0.09964309,2.4645298
ACGAGGATCCAAGTAC-1-16,AML4062,AML,3,-2.324547,3.7879832
ACGATACGTCATATCG-1-16,AML4062,AML,7,-5.7294726,0.7028264
ACGATGTAGTTCCACA-1-16,AML4062,AML,7,-5.963241,0.3805701
ACGATGTGTCTAGTGT-1-16,AML4062,AML,1,7.914796,-1.227376
ACGATGTGTTACCGAT-1-16,AML4062,AML,1,8.456278,-1.6939505
ACGCAGCCATCGGTTA-1-16,AML4062,AML,14,7.5202136,-3.4747672
ACGCAGCGTTCCGTCT-1-16,AML4062,AML,1,8.074641,-1.3211597
ACGCCGAAGGCTAGCA-1-16,AML4062,AML,3,-1.6367016,3.281108
ACGGCCAAGACCACGA-1-16,AML4062,AML,10,9.122589,3.6637309
ACGGCCACATGTCGAT-1-16,AML4062,AML,7,-5.8767877,2.4790647
ACGGGTCAGCTGCAAG-1-16,AML4062,AML,10,8.619822,2.8000436
ACGTCAAAGTTGTCGT-1-16,AML4062,AML,1,5.747777,-1.4921933
ACGTCAATCACCCTCA-1-16,AML4062,AML,6,1.8282715,-1.1140748
ACTATCTGTAAACCTC-1-16,AML4062,AML,3,-1.2885519,3.9087985
ACTGAACGTCAATACC-1-16,AML4062,AML,0,10.993341,1.7587482
ACTGAACGTTGGTGGA-1-16,AML4062,AML,9,5.634987,-1.0772139
ACTGAACTCCGTTGCT-1-16,AML4062,AML,7,-5.478255,1.795448
ACTGAGTCATCAGTCA-1-16,AML4062,AML,0,9.574309,1.5464954
ACTGATGAGGGATACC-1-16,AML4062,AML,9,3.3784585,1.0997378
ACTGATGCAAGTACCT-1-16,AML4062,AML,3,-0.45455092,3.452882
ACTGATGCACATGACT-1-16,AML4062,AML,3,-0.14945957,3.0014153
ACTGCTCAGGTGATTA-1-16,AML4062,AML,8,-2.0297458,1.1366206
ACTTACTTCAGCATGT-1-16,AML4062,AML,3,-1.2690147,1.3638972
ACTTTCACAACTTGAC-1-16,AML4062,AML,3,-0.8521281,3.974182
ACTTTCAGTCATGCAT-1-16,AML4062,AML,1,6.1200705,-1.2282144
ACTTTCAGTCCAGTGC-1-16,AML4062,AML,1,7.357578,-0.6656194
AGAATAGAGCGCTTAT-1-16,AML4062,AML,1,8.393603,-1.8303154
AGAATAGAGTGATCGG-1-16,AML4062,AML,7,-5.9010553,1.1459599
AGAATAGCAGGCTCAC-1-16,AML4062,AML,1,8.376644,-1.440875
AGAGCGAGTAAGAGGA-1-16,AML4062,AML,9,1.7939013,1.0450691
AGAGCGATCATGGTCA-1-16,AML4062,AML,7,-5.121023,1.400696
AGAGCTTGTGAGGGTT-1-16,AML4062,AML,7,-5.5857234,0.77716655
AGAGCTTGTTCGGGCT-1-16,AML4062,AML,3,1.4282868,1.0150446
AGAGCTTTCACAGTAC-1-16,AML4062,AML,7,-6.535288,0.9152661
AGAGTGGAGACAATAC-1-16,AML4062,AML,1,7.854572,-1.2333837
AGATCTGAGTGTTTGC-1-16,AML4062,AML,7,-5.721707,2.029783
AGATCTGCATTGGGCC-1-16,AML4062,AML,7,-4.9548135,2.668773
AGCAGCCTCCAAGCCG-1-16,AML4062,AML,6,4.1720157,-1.4870558
AGCATACAGCCCTAAT-1-16,AML4062,AML,1,8.491258,-1.597472
AGCATACCATACTCTT-1-16,AML4062,AML,3,-1.4645466,2.7128136
AGCCTAACACGACTCG-1-16,AML4062,AML,1,8.460549,-1.5938792
AGCCTAAGTACCATCA-1-16,AML4062,AML,6,1.6502485,-2.7697103
AGCCTAATCACGATGT-1-16,AML4062,AML,7,-6.1700034,0.7379626
AGCGGTCGTTATCACG-1-16,AML4062,AML,9,1.7480009,1.5926783
AGCGTATAGGCAAAGA-1-16,AML4062,AML,7,-6.708756,0.34975615
AGCGTATGTGAAGGCT-1-16,AML4062,AML,6,0.17670284,0.073040314
AGCTCTCAGACCTAGG-1-16,AML4062,AML,7,-6.046427,0.91586554
AGCTCTCAGTGTTAGA-1-16,AML4062,AML,7,-6.2688913,1.4832891
AGCTCTCCAGGCTGAA-1-16,AML4062,AML,3,-1.5416138,3.6417615
AGCTTGAAGAATTGTG-1-16,AML4062,AML,7,-6.229795,0.9533805
AGCTTGAAGTGGAGAA-1-16,AML4062,AML,9,4.8329616,0.5156719
AGCTTGACATGCCACG-1-16,AML4062,AML,3,-2.4491222,3.9109948
AGGCCGTCAACACCTA-1-16,AML4062,AML,9,3.2524664,1.0260116
AGGGTGATCTCCAACC-1-16,AML4062,AML,5,0.11958854,0.4901283
AGGGTGATCTTGTCAT-1-16,AML4062,AML,1,7.373103,-1.7079228
AGGTCATTCCTGCTTG-1-16,AML4062,AML,3,-1.04812,3.6892881
AGGTCCGGTGTAACGG-1-16,AML4062,AML,7,-5.8847523,2.3570797
AGGTCCGTCACTTACT-1-16,AML4062,AML,0,9.956335,1.4615183
AGTAGTCAGCAGCCTC-1-16,AML4062,AML,9,2.004821,-0.17007677
AGTAGTCAGGTGATTA-1-16,AML4062,AML,7,-6.075516,1.936208
AGTCTTTCAGCCACCA-1-16,AML4062,AML,1,7.109197,-1.8305517
AGTGAGGAGTGGTCCC-1-16,AML4062,AML,7,-4.112283,0.26321146
AGTGAGGCACGCATCG-1-16,AML4062,AML,0,12.094111,1.4456689
AGTGGGAAGTACGACG-1-16,AML4062,AML,3,-1.4116145,3.191293
AGTGGGAGTACAGACG-1-16,AML4062,AML,7,-6.4988656,0.63852537
AGTGGGATCATTCACT-1-16,AML4062,AML,3,0.056106776,1.7650797
AGTGTCAGTCGATTGT-1-16,AML4062,AML,7,-6.139442,1.756846
AGTTGGTAGAGGGATA-1-16,AML4062,AML,1,9.697112,1.0732841
AGTTGGTAGGTAGCTG-1-16,AML4062,AML,3,-0.9518922,3.9834795
ATAGACCCACATAACC-1-16,AML4062,AML,1,9.362154,0.7197686
ATAGACCTCAAGGCTT-1-16,AML4062,AML,1,6.7912784,-1.6891909
ATCACGAAGATATGGT-1-16,AML4062,AML,14,7.305549,-3.3879352
ATCACGACAATGAATG-1-16,AML4062,AML,7,-4.4233003,3.2349808
ATCATGGAGCGTTTAC-1-16,AML4062,AML,1,7.7723274,-0.71239656
ATCATGGGTAGAGTGC-1-16,AML4062,AML,0,9.303486,2.1544933
ATCATGGGTCTCTCTG-1-16,AML4062,AML,1,6.9845085,-1.2291249
ATCATGGTCATCACCC-1-16,AML4062,AML,1,6.4516153,-1.6284956
ATCCACCAGCTGAAAT-1-16,AML4062,AML,3,0.15416874,2.0657756
ATCCACCCACCAGTTA-1-16,AML4062,AML,1,9.845422,0.6991807
ATCCACCCATCTGGTA-1-16,AML4062,AML,3,-2.0075889,2.925328
ATCCGAAAGCAGCCTC-1-16,AML4062,AML,7,-4.384361,1.8308715
ATCCGAACAATGGACG-1-16,AML4062,AML,7,-4.6668224,2.786661
ATCCGAACACCGAATT-1-16,AML4062,AML,3,-1.1809857,3.236034
ATCGAGTGTTCGCTAA-1-16,AML4062,AML,7,-5.2235823,2.2297409
ATCGAGTTCCGATATG-1-16,AML4062,AML,1,7.7734776,-1.3636882
ATCTACTAGAGTACCG-1-16,AML4062,AML,14,6.9799232,-3.4755466
ATCTACTTCGCCCTTA-1-16,AML4062,AML,8,-2.9580736,1.7404528
ATCTGCCGTGGTAACG-1-16,AML4062,AML,3,-0.48641878,3.2159843
ATTACTCTCGGAGGTA-1-16,AML4062,AML,3,-0.14757925,1.501405
ATTATCCAGACTCGGA-1-16,AML4062,AML,0,10.480795,1.662705
ATTATCCGTTGGTGGA-1-16,AML4062,AML,1,9.161576,0.67507917
ATTATCCTCATCTGTT-1-16,AML4062,AML,7,-6.201755,1.4071349
ATTGGACTCGTAGATC-1-16,AML4062,AML,1,9.564439,0.35827565
ATTGGTGCATTGGGCC-1-16,AML4062,AML,7,-6.0428596,2.1034558
ATTTCTGCAGGTCTCG-1-16,AML4062,AML,3,-0.9036094,4.199468
ATTTCTGGTGAACCTT-1-16,AML4062,AML,7,-5.4806385,2.3271697
CAACCTCCACCATGTA-1-16,AML4062,AML,7,-5.309689,0.42711535
CAACTAGAGAGCCTAG-1-16,AML4062,AML,3,-2.8486953,3.610873
CAACTAGAGCGAAGGG-1-16,AML4062,AML,3,-2.4414113,3.05113
CAACTAGCAGGATTGG-1-16,AML4062,AML,7,-5.609146,2.245919
CAACTAGTCAACACGT-1-16,AML4062,AML,7,-6.0317097,2.0161614
CAAGAAAAGCTAGTGG-1-16,AML4062,AML,3,0.2339173,0.60953724
CAAGATCGTCATCGGC-1-16,AML4062,AML,7,-3.9584875,-1.2235041
CAAGATCTCATTGCCC-1-16,AML4062,AML,7,-5.619744,2.1319578
CAAGGCCTCAGCGATT-1-16,AML4062,AML,3,-0.8801702,4.0305667
CAAGTTGTCACTCTTA-1-16,AML4062,AML,1,8.208772,-1.8503994
CACAAACAGATCTGCT-1-16,AML4062,AML,5,0.02722719,1.2366047
CACACAAAGTAGATGT-1-16,AML4062,AML,7,-6.2384067,1.4402981
CACACCTAGGCAGGTT-1-16,AML4062,AML,9,2.83247,1.215702
CACACCTTCGACCAGC-1-16,AML4062,AML,7,-5.191904,2.466746
CACACTCTCCTGTAGA-1-16,AML4062,AML,1,6.0886526,-1.1378644
CACAGGCAGGATGCGT-1-16,AML4062,AML,7,-5.247533,-0.118435144
CACAGGCCAGGACGTA-1-16,AML4062,AML,3,-0.7794661,2.0765836
CACAGGCGTCTCTTTA-1-16,AML4062,AML,3,-2.2282774,1.3382299
CACAGTACAGGAATCG-1-16,AML4062,AML,3,-2.8000102,3.5360744
CACAGTACATCGATTG-1-16,AML4062,AML,6,1.0523571,-0.60386956
CACATAGAGAACAATC-1-16,AML4062,AML,3,-3.1655195,1.4111859
CACCACTAGCTGAACG-1-16,AML4062,AML,1,8.399702,-1.8344542
CACCTTGAGAGGTTGC-1-16,AML4062,AML,3,1.4871471,1.1814768
CACCTTGCACGTCAGC-1-16,AML4062,AML,7,-5.8812513,2.4497833
CACCTTGGTTACGCGC-1-16,AML4062,AML,9,1.7691865,1.50871
CACCTTGTCTGGCGAC-1-16,AML4062,AML,9,2.1072288,1.8286511
CACTCCACATCCGTGG-1-16,AML4062,AML,5,0.053507987,0.84945357
CACTCCATCAGATAAG-1-16,AML4062,AML,1,7.5183196,-1.8066436
CAGAATCAGACAGGCT-1-16,AML4062,AML,14,7.7872677,-3.6292617
CAGAGAGAGTGGGCTA-1-16,AML4062,AML,3,-0.055429544,1.8032267
CAGATCACACAACGTT-1-16,AML4062,AML,7,-3.6518862,-1.8523487
CAGCAGCGTGACTACT-1-16,AML4062,AML,0,11.628101,1.4656322
CAGCCGACACATGACT-1-16,AML4062,AML,6,1.1444803,-1.0175496
CAGCCGAGTCAATGTC-1-16,AML4062,AML,9,3.73771,-0.0054484042
CAGCCGAGTCGCATAT-1-16,AML4062,AML,7,-4.471407,1.067219
CAGCCGAGTTATCGGT-1-16,AML4062,AML,9,3.6392596,1.8195972
CAGCCGATCGGCTACG-1-16,AML4062,AML,9,2.9027286,1.607277
CAGCGACAGATACACA-1-16,AML4062,AML,1,9.306098,1.143579
CAGCGACGTTATGTGC-1-16,AML4062,AML,7,-6.0787115,1.0396243
CAGCTAAAGAGCTGCA-1-16,AML4062,AML,1,8.067529,-1.3397994
CAGCTAACATCTGGTA-1-16,AML4062,AML,5,0.03184517,0.15892625
CAGCTGGGTAGGGTAC-1-16,AML4062,AML,7,-5.1317883,-0.07820016
CAGCTGGTCATTTGGG-1-16,AML4062,AML,7,-5.6428704,0.41488796
CAGTAACTCAACGGCC-1-16,AML4062,AML,1,7.1368256,-1.2437135
CAGTCCTGTAACGACG-1-16,AML4062,AML,0,9.9233,2.403029
CATATGGGTACAGTGG-1-16,AML4062,AML,1,6.7387085,-0.5941704
CATATGGTCGTTTGCC-1-16,AML4062,AML,3,-3.8979297,3.4124207
CATATTCTCAACTCTT-1-16,AML4062,AML,7,-5.987745,1.2901695
CATCAAGCAATAGAGT-1-16,AML4062,AML,3,0.38448182,1.774156
CATCAAGCATATGGTC-1-16,AML4062,AML,10,8.31009,2.9627044
CATCAGACACGGCCAT-1-16,AML4062,AML,1,9.441164,0.8801186
CATCGAATCACCTTAT-1-16,AML4062,AML,3,0.44512793,1.9820974
CATCGGGCAGAGCCAA-1-16,AML4062,AML,6,1.9737012,-0.8495508
CATTCGCCAGCTGTAT-1-16,AML4062,AML,5,0.08016348,1.0312983
CATTCGCCAGTAAGAT-1-16,AML4062,AML,7,-6.28821,-0.1323534
CCAATCCTCGATGAGG-1-16,AML4062,AML,3,-1.4410738,1.7513906
CCACTACGTACCAGTT-1-16,AML4062,AML,1,7.829692,-1.8084866
CCACTACTCCTACAGA-1-16,AML4062,AML,5,-1.3744628,0.3337763
CCATGTCTCTGGTGTA-1-16,AML4062,AML,1,8.525051,-1.6334198
CCATTCGAGAAACCAT-1-16,AML4062,AML,1,8.671828,0.07021694
CCATTCGGTAAGTAGT-1-16,AML4062,AML,7,-6.0119624,1.6916817
CCATTCGGTGGCGAAT-1-16,AML4062,AML,6,0.73227566,-0.052399717
CCCATACGTTTCGCTC-1-16,AML4062,AML,0,9.339137,1.2562072
CCCTCCTGTGGTCCGT-1-16,AML4062,AML,7,-5.5416203,2.4794796
CCGGGATAGTCAATAG-1-16,AML4062,AML,7,-5.603331,1.8001817
CCGGGATCATGCAATC-1-16,AML4062,AML,3,-1.6341631,2.8541746
CCGGGATTCACCAGGC-1-16,AML4062,AML,1,7.438699,-0.95191836
CCGGTAGAGGCACATG-1-16,AML4062,AML,1,7.326704,-1.3873081
CCGGTAGAGTGAATTG-1-16,AML4062,AML,3,0.1558998,1.383207
CCGGTAGCAAAGCAAT-1-16,AML4062,AML,6,0.1827472,0.22432092
CCGGTAGCACTTACGA-1-16,AML4062,AML,1,7.810586,-1.0531301
CCGTACTTCAGAGCTT-1-16,AML4062,AML,6,2.083095,-2.7418795
CCGTGGAAGGCTATCT-1-16,AML4062,AML,0,11.696074,-0.48271662
CCGTGGAGTCTTTCAT-1-16,AML4062,AML,1,7.808714,-0.46049932
CCGTGGATCAACACGT-1-16,AML4062,AML,1,7.7629647,-1.4672482
CCTAAAGCAAACCCAT-1-16,AML4062,AML,3,-1.2342794,3.5125854
CCTACACAGAAACGCC-1-16,AML4062,AML,7,-4.7076616,2.6447034
CCTACACTCCAGTATG-1-16,AML4062,AML,3,-0.95678085,3.9872193
CCTACCACACCAGCAC-1-16,AML4062,AML,3,0.25409123,-0.8418673
CCTACCAGTGCACGAA-1-16,AML4062,AML,3,-2.1060655,0.13961223
CCTAGCTAGATCCCAT-1-16,AML4062,AML,0,9.732993,2.0229352
CCTAGCTCAAGCGCTC-1-16,AML4062,AML,3,-1.4915808,3.9919002
CCTCAGTCAATAAGCA-1-16,AML4062,AML,1,7.3080187,-1.5645424
CCTCAGTGTACCGCTG-1-16,AML4062,AML,9,5.075512,-1.2230387
CCTCAGTGTGAAATCA-1-16,AML4062,AML,9,2.7844527,0.15679727
CCTCAGTGTGATGTCT-1-16,AML4062,AML,1,8.225636,-1.6755791
CCTTCCCAGCTAGCCC-1-16,AML4062,AML,1,8.395397,-1.2755497
CCTTCCCAGTGCCAGA-1-16,AML4062,AML,1,7.7781377,-1.128819
CCTTCCCCAGTACACT-1-16,AML4062,AML,7,-5.4926615,1.2859743
CCTTCGACACTCGACG-1-16,AML4062,AML,1,9.000773,0.4857169
CCTTTCTCACGGTAGA-1-16,AML4062,AML,6,1.9021635,-1.3926018
CCTTTCTGTCGAACAG-1-16,AML4062,AML,1,8.0159645,-1.4891015
CGAATGTTCCGAACGC-1-16,AML4062,AML,3,0.055512745,2.1178627
CGACCTTTCGATGAGG-1-16,AML4062,AML,1,8.392309,-1.615168
CGACTTCAGTCTCCTC-1-16,AML4062,AML,14,7.835924,-3.5124156
CGAGCACCACAAGTAA-1-16,AML4062,AML,7,-4.2097306,2.969933
CGAGCCAGTCAATACC-1-16,AML4062,AML,10,8.832035,2.485412
CGAGCCATCCTAGTGA-1-16,AML4062,AML,3,-0.22143129,1.3405113
CGATCGGAGGGTCGAT-1-16,AML4062,AML,3,-1.1752884,1.0063281
CGATGGCTCGATCCCT-1-16,AML4062,AML,7,-5.262548,2.3512278
CGATGGCTCTCCGGTT-1-16,AML4062,AML,10,8.731825,2.900113
CGATTGAGTGATGCCC-1-16,AML4062,AML,1,8.708352,0.6136777
CGCGGTAAGATGTCGG-1-16,AML4062,AML,3,1.2526728,1.7853838
CGCGGTAGTTGCCTCT-1-16,AML4062,AML,3,0.7255065,0.7277654
CGCGTTTAGTCCCACG-1-16,AML4062,AML,1,6.9840407,-0.8457176
CGCGTTTCAGTAACGG-1-16,AML4062,AML,1,8.355073,0.22603631
CGCTATCAGGTGCAAC-1-16,AML4062,AML,1,8.415103,-1.7986885
CGCTATCGTTGACGTT-1-16,AML4062,AML,7,-5.238151,1.5306495
CGCTGGAAGCAACGGT-1-16,AML4062,AML,1,7.6768675,-1.6207715
CGCTTCACAGGACGTA-1-16,AML4062,AML,5,-0.02498953,-0.89192855
CGGACGTAGATGTTAG-1-16,AML4062,AML,1,9.613276,0.9918713
CGGACGTGTGAGCGAT-1-16,AML4062,AML,6,0.5297183,-1.2179481
CGGACGTTCTGGAGCC-1-16,AML4062,AML,7,-5.868833,1.9592011
CGGACTGAGTGAATTG-1-16,AML4062,AML,7,-6.4968286,1.7212322
CGGACTGGTGACTCAT-1-16,AML4062,AML,3,-1.892331,3.8263226
CGGACTGTCGAGGTAG-1-16,AML4062,AML,14,7.8125715,-3.6595027
CGGAGCTCATCAGTAC-1-16,AML4062,AML,7,-4.9434032,2.4337835
CGGAGTCCATGCCACG-1-16,AML4062,AML,7,-3.9413483,3.2473643
CGGTTAACACGACGAA-1-16,AML4062,AML,9,2.9863496,0.47780946
CGTAGCGAGCTACCGC-1-16,AML4062,AML,12,3.8020275,6.1365643
CGTAGCGCATAACCTG-1-16,AML4062,AML,1,8.366607,-1.4232605
CGTAGCGTCGCCCTTA-1-16,AML4062,AML,7,-5.236849,-0.91753495
CGTCACTGTACGAAAT-1-16,AML4062,AML,3,1.3100282,2.3254962
CGTCCATAGTCAAGCG-1-16,AML4062,AML,7,-6.5128045,0.8723482
CGTCCATTCATAAAGG-1-16,AML4062,AML,1,9.674338,-0.14275832
CGTCCATTCCTTTACA-1-16,AML4062,AML,7,-5.187437,2.831636
CGTCTACCAGCTGTTA-1-16,AML4062,AML,1,8.465127,-1.6409835
CGTCTACGTAAACCTC-1-16,AML4062,AML,7,-6.717261,1.1523452
CGTGAGCCACATAACC-1-16,AML4062,AML,3,-3.2318447,3.632394
CGTGTAAGTGTTCTTT-1-16,AML4062,AML,9,6.771933,0.13917415
CGTGTCTAGACAATAC-1-16,AML4062,AML,7,-4.534524,1.9262236
CGTGTCTTCCTTTCGG-1-16,AML4062,AML,3,-0.59303856,1.784839
CGTTCTGAGGCCCTTG-1-16,AML4062,AML,3,-1.8182417,1.5804101
CGTTCTGGTATTACCG-1-16,AML4062,AML,7,-6.7426877,0.7415133
CGTTCTGTCAACACAC-1-16,AML4062,AML,1,8.524529,-1.4834905
CTAATGGCACATGGGA-1-16,AML4062,AML,7,-5.3866944,1.0592071
CTAATGGTCTGGAGCC-1-16,AML4062,AML,6,1.7882248,0.09446107
CTACACCCAACGATCT-1-16,AML4062,AML,3,-2.162425,3.652136
CTACATTGTCTCAACA-1-16,AML4062,AML,3,-1.5465721,3.778788
CTACGTCTCATCGCTC-1-16,AML4062,AML,7,-5.7394333,-0.8640812
CTACGTCTCCCTAACC-1-16,AML4062,AML,1,8.975846,1.56708
CTAGAGTGTATGGTTC-1-16,AML4062,AML,3,0.2737038,1.0107685
CTAGAGTTCGCCGTGA-1-16,AML4062,AML,1,7.1852517,-1.384205
CTAGCCTCAGTATGCT-1-16,AML4062,AML,8,-2.1624832,2.4834404
CTAGCCTTCCGTAGTA-1-16,AML4062,AML,3,-1.8018724,0.9095876
CTAGCCTTCGAATCCA-1-16,AML4062,AML,7,-6.576081,0.7575462
CTCACACAGACTCGGA-1-16,AML4062,AML,6,1.4052238,0.49445224
CTCAGAAGTAAGTGTA-1-16,AML4062,AML,1,9.339365,1.1251899
CTCAGAAGTCCGAACC-1-16,AML4062,AML,3,-2.5396452,3.2434227
CTCGAGGGTCTGCCAG-1-16,AML4062,AML,3,-1.6422262,2.4203985
CTCGTACGTCTTTCAT-1-16,AML4062,AML,7,-4.524195,-0.74330944
CTCGTACTCGCCTGAG-1-16,AML4062,AML,6,1.464596,-2.8886337
CTCGTCACAGACACTT-1-16,AML4062,AML,1,8.181329,-1.497192
CTCGTCACATATGGTC-1-16,AML4062,AML,7,-6.665532,0.35745853
CTCGTCAGTACTCAAC-1-16,AML4062,AML,3,-1.201525,3.5361333
CTCGTCATCTTAACCT-1-16,AML4062,AML,7,-6.534771,0.5104761
CTCTAATCAAGACACG-1-16,AML4062,AML,3,-0.71780837,3.7997298
CTCTGGTCACGAGAGT-1-16,AML4062,AML,1,6.592081,-1.2979248
CTGAAACCATTGGTAC-1-16,AML4062,AML,12,2.6897008,6.323704
CTGAAACGTACAGTTC-1-16,AML4062,AML,3,-0.7507549,2.6575437
CTGAAGTCAAACGCGA-1-16,AML4062,AML,1,7.951305,-1.5195019
CTGAAGTTCAGCCTAA-1-16,AML4062,AML,11,5.152153,-3.3626785
CTGATAGAGCGCCTTG-1-16,AML4062,AML,7,-4.666442,2.7547646
CTGATCCAGCTGGAAC-1-16,AML4062,AML,1,7.439174,-0.2558604
CTGCCTACACACCGAC-1-16,AML4062,AML,8,-3.222061,-0.19269113
CTGCCTACACCCAGTG-1-16,AML4062,AML,1,6.9108257,-1.4814204
CTGCGGAGTACCAGTT-1-16,AML4062,AML,1,9.01531,0.7086013
CTGCTGTAGGTGCACA-1-16,AML4062,AML,5,-0.3744487,1.2247478
CTGGTCTTCCTCCTAG-1-16,AML4062,AML,3,-1.5552117,3.7060935
CTGTGCTCAAACGCGA-1-16,AML4062,AML,3,-2.3915222,3.5630221
CTGTGCTGTCTAGCCG-1-16,AML4062,AML,7,-4.2508006,0.063525915
CTGTTTATCGTCTGCT-1-16,AML4062,AML,7,-5.508311,2.166442
CTTAACTCACTGAAGG-1-16,AML4062,AML,6,1.542169,-2.976091
CTTAACTGTTTAGGAA-1-16,AML4062,AML,1,9.922576,1.070973
CTTAACTTCGTTTAGG-1-16,AML4062,AML,7,-5.6883597,-0.41873792
CTTACCGGTGATGATA-1-16,AML4062,AML,0,10.260696,1.4315859
CTTCTCTAGCTAACAA-1-16,AML4062,AML,6,0.6854967,-0.1957656
CTTCTCTTCGTATCAG-1-16,AML4062,AML,3,-0.6758163,3.8346286
CTTCTCTTCTGCTTGC-1-16,AML4062,AML,3,-1.6330051,1.3280725
CTTGGCTGTCTTCAAG-1-16,AML4062,AML,14,6.7950387,-3.4004517
CTTTGCGAGCTGCGAA-1-16,AML4062,AML,1,6.375008,-1.2653372
CTTTGCGGTCATGCAT-1-16,AML4062,AML,3,-2.8625038,0.8962559
GAAACTCCACGGTAGA-1-16,AML4062,AML,1,8.742216,-1.0070302
GAACATCCACGGCGTT-1-16,AML4062,AML,7,-4.6841154,2.2383373
GAACCTACAATCGGTT-1-16,AML4062,AML,14,7.8207784,-2.56801
GAACCTACAGGACGTA-1-16,AML4062,AML,3,-1.8129505,3.7919574
GAACGGAAGGCCCGTT-1-16,AML4062,AML,1,9.170603,1.0362123
GAATAAGCACGGTAAG-1-16,AML4062,AML,3,-0.70685893,3.7195272
GAATAAGCAGGATTGG-1-16,AML4062,AML,6,1.2590567,-1.1889608
GAATAAGTCCCAAGTA-1-16,AML4062,AML,3,0.9241908,0.53495675
GAATGAATCACAATGC-1-16,AML4062,AML,1,9.60762,1.3811067
GACACGCCAAAGGTGC-1-16,AML4062,AML,1,9.136649,0.48305956
GACCAATAGATGTGTA-1-16,AML4062,AML,3,-1.7105839,3.2445128
GACCAATCAGCTCCGA-1-16,AML4062,AML,3,-2.8809133,2.2536764
GACCAATGTAGCCTAT-1-16,AML4062,AML,3,-1.1465001,4.0982733
GACCAATTCTAACTCT-1-16,AML4062,AML,1,8.5635195,-1.9861033
GACCTGGGTAAGTGGC-1-16,AML4062,AML,7,-6.1620874,1.6856749
GACGGCTGTTCGTTGA-1-16,AML4062,AML,3,-2.2182,2.8128004
GACGTTACAACACCCG-1-16,AML4062,AML,7,-5.5744123,2.588732
GACGTTAGTCAGATAA-1-16,AML4062,AML,9,3.4387233,2.1316354
GACGTTAGTGTGAATA-1-16,AML4062,AML,7,-5.2654114,2.6262846
GACGTTATCTTGACGA-1-16,AML4062,AML,3,-0.59346205,3.6444483
GACTAACTCCTGCCAT-1-16,AML4062,AML,3,-1.8527197,3.445718
GACTACAAGAGTCTGG-1-16,AML4062,AML,14,6.646355,-3.3583815
GACTACAGTCCAACTA-1-16,AML4062,AML,3,-3.0082614,3.3994277
GACTACAGTCCATCCT-1-16,AML4062,AML,1,8.960871,0.46608198
GACTACAGTGCAGGTA-1-16,AML4062,AML,1,9.684398,0.56858206
GACTGCGGTCTGCCAG-1-16,AML4062,AML,3,-0.89991087,3.2706766
GACTGCGGTTATCCGA-1-16,AML4062,AML,9,5.411136,-1.2699732
GAGGTGACATCACCCT-1-16,AML4062,AML,3,-1.6522443,2.8967104
GAGGTGAGTGATAAAC-1-16,AML4062,AML,7,-5.860532,1.2315701
GAGGTGAGTTCCGGCA-1-16,AML4062,AML,1,8.588673,-1.2312971
GAGGTGATCTGTCTAT-1-16,AML4062,AML,3,-2.993233,3.33701
GAGGTGATCTTAGCCC-1-16,AML4062,AML,14,7.4435005,-3.6563578
GAGTCCGCAAGGACTG-1-16,AML4062,AML,1,8.225934,-1.6326869
GAGTCCGCACAAGTAA-1-16,AML4062,AML,8,-1.8836216,2.6065388
GATCAGTGTGATGTCT-1-16,AML4062,AML,1,8.310393,-0.3773089
GATCGATAGAACTCGG-1-16,AML4062,AML,1,7.716349,-1.8889884
GATCGATAGTGAAGTT-1-16,AML4062,AML,7,-6.8152623,0.8266245
GATCGATGTAGATTAG-1-16,AML4062,AML,3,-0.4411158,3.303959
GATCGTATCACCCTCA-1-16,AML4062,AML,1,8.345194,-1.4689056
GATCTAGGTCTTCTCG-1-16,AML4062,AML,1,5.4797816,-1.0129668
GATCTAGGTCTTGTCC-1-16,AML4062,AML,1,8.109111,0.6735749
GATGAAAAGAAGGTTT-1-16,AML4062,AML,9,2.4469655,1.8192981
GATGAAAAGATCGATA-1-16,AML4062,AML,3,-0.1286431,2.751798
GATGAAAGTTGATTGC-1-16,AML4062,AML,1,8.6078415,-1.4069828
GATGAGGTCAGCCTAA-1-16,AML4062,AML,7,-5.45247,0.67529017
GATGCTACAAGTAATG-1-16,AML4062,AML,3,-1.0268084,3.9120317
GATTCAGAGGGTATCG-1-16,AML4062,AML,3,-1.977945,3.063707
GATTCAGAGTGACATA-1-16,AML4062,AML,7,-4.897467,0.083022214
GCAAACTAGACAAAGG-1-16,AML4062,AML,1,6.775943,-1.453823
GCAAACTAGGCACATG-1-16,AML4062,AML,9,2.0221498,1.699071
GCAAACTGTAGCTCCG-1-16,AML4062,AML,3,-2.3669562,3.5959208
GCAATCAAGATCACGG-1-16,AML4062,AML,3,0.3656693,1.8786399
GCAATCAAGATCCGAG-1-16,AML4062,AML,6,1.2962832,-0.39617524
GCACATAGTACTCTCC-1-16,AML4062,AML,1,8.58802,-1.6304039
GCACATATCATAACCG-1-16,AML4062,AML,3,-1.3227992,3.8516593
GCACATATCATGCATG-1-16,AML4062,AML,1,8.579716,-2.0724385
GCACATATCTTCATGT-1-16,AML4062,AML,3,-4.1892247,2.7855792
GCAGCCAAGCGATTCT-1-16,AML4062,AML,9,1.6564932,1.7223052
GCAGTTAAGAGCCCAA-1-16,AML4062,AML,2,6.5653443,3.4633362
GCAGTTACAGACTCGC-1-16,AML4062,AML,1,8.194934,-1.5672898
GCATACATCGTCCGTT-1-16,AML4062,AML,6,0.93547326,0.29789442
GCATGATAGTCTCAAC-1-16,AML4062,AML,7,-6.2662683,1.644363
GCATGATTCAGATAAG-1-16,AML4062,AML,7,-5.3917084,2.8620377
GCCAAATCAATCGGTT-1-16,AML4062,AML,3,-0.76720697,4.0669503
GCCAAATCATGCCTAA-1-16,AML4062,AML,1,8.687946,-1.8388193
GCCAAATGTGCCTTGG-1-16,AML4062,AML,1,9.845315,0.74162066
GCCAAATGTGGTGTAG-1-16,AML4062,AML,7,-5.9313407,0.12587094
GCCAAATTCCAGAGGA-1-16,AML4062,AML,9,3.1051958,1.7784992
GCGACCATCAGTGCAT-1-16,AML4062,AML,1,7.668983,-1.5066147
GCGAGAAAGTAGCCGA-1-16,AML4062,AML,5,0.737659,0.9827136
GCGAGAAGTACATCCA-1-16,AML4062,AML,7,-6.4070086,-0.40463194
GCGCAACAGGCGCTCT-1-16,AML4062,AML,1,9.22519,1.2168366
GCGCAACCACAACTGT-1-16,AML4062,AML,7,-6.398709,1.0383008
GCGCAGTAGGCCCTTG-1-16,AML4062,AML,7,-4.5678453,2.1480165
GCGCAGTTCTTGGGTA-1-16,AML4062,AML,3,-0.7181324,2.315659
GCGCGATGTCTAGAGG-1-16,AML4062,AML,1,8.191617,-1.3258585
GCTCCTAGTTGCGCAC-1-16,AML4062,AML,1,6.2402897,-1.5355057
GCTCTGTAGTGGTAGC-1-16,AML4062,AML,1,6.269582,-1.5838029
GCTCTGTTCAACCATG-1-16,AML4062,AML,7,-5.789053,0.75286627
GCTGCAGAGACTACAA-1-16,AML4062,AML,3,-3.6716437,2.7166514
GCTGCAGCACAGGTTT-1-16,AML4062,AML,6,0.098587796,-0.72059786
GCTGCAGTCACGACTA-1-16,AML4062,AML,7,-5.937642,1.9363654
GCTGCGATCATGCTCC-1-16,AML4062,AML,6,1.9931235,-1.1204375
GCTGCGATCTCCTATA-1-16,AML4062,AML,1,7.3421445,-0.3823391
GCTGCTTAGGATGTAT-1-16,AML4062,AML,1,8.060532,-0.833324
GCTGCTTTCATCGATG-1-16,AML4062,AML,7,-4.4372983,0.27276134
GCTGGGTAGAGGTACC-1-16,AML4062,AML,1,7.9848266,-1.7107441
GCTTCCATCAGCTCTC-1-16,AML4062,AML,1,7.987997,-1.1195066
GCTTCCATCGAATGGG-1-16,AML4062,AML,7,-6.516589,0.0022236828
GCTTGAATCGAATGCT-1-16,AML4062,AML,7,-6.1629558,2.1768825
GGAAAGCCATTGTGCA-1-16,AML4062,AML,3,-1.1870464,2.604241
GGAAAGCTCTTGTATC-1-16,AML4062,AML,9,3.047603,0.7870398
GGAACTTAGTGGCACA-1-16,AML4062,AML,0,10.235922,1.486378
GGAACTTTCAACGCTA-1-16,AML4062,AML,3,-1.7822427,3.2829602
GGAATAATCGAACGGA-1-16,AML4062,AML,7,-5.300833,2.91785
GGACAGACAGCCAATT-1-16,AML4062,AML,1,8.779595,1.0965534
GGACAGATCCACTGGG-1-16,AML4062,AML,12,3.599652,6.375264
GGACAGATCTTGTTTG-1-16,AML4062,AML,3,-0.32699385,2.4301274
GGACATTAGTAGATGT-1-16,AML4062,AML,7,-5.3334775,1.2908818
GGACGTCCATGACGGA-1-16,AML4062,AML,10,9.078164,3.888461
GGACGTCTCAAAGACA-1-16,AML4062,AML,7,-6.341435,0.579187
GGAGCAAGTAAATGAC-1-16,AML4062,AML,7,-5.0419893,3.0727386
GGATGTTTCCAAAGTC-1-16,AML4062,AML,3,-1.0422478,3.320621
GGATTACGTAAGAGAG-1-16,AML4062,AML,6,0.8998334,-0.8679319
GGATTACTCTTCATGT-1-16,AML4062,AML,6,0.39588276,-0.062249277
GGCAATTAGACTGTAA-1-16,AML4062,AML,1,8.238091,-1.6476784
GGCAATTCAGTCACTA-1-16,AML4062,AML,3,-0.9004956,3.2150397
GGCAATTGTAAGTGTA-1-16,AML4062,AML,7,-4.4906526,2.9356606
GGCAATTGTTGCCTCT-1-16,AML4062,AML,6,1.6411124,-1.0626177
GGCAATTTCGGCTACG-1-16,AML4062,AML,14,8.305685,-3.656925
GGCGACTCACGGCGTT-1-16,AML4062,AML,7,-4.0438886,2.0315435
GGCGACTGTCTTCGTC-1-16,AML4062,AML,3,1.446681,1.4558704
GGCGACTGTTGACGTT-1-16,AML4062,AML,6,1.4194714,-3.1687949
GGCGTGTCATTCCTGC-1-16,AML4062,AML,1,6.8545837,-0.42622232
GGCTCGACAACGATGG-1-16,AML4062,AML,7,-5.2731586,0.60410035
GGCTCGAGTCGTTGTA-1-16,AML4062,AML,6,1.1163651,-2.3691068
GGCTCGAGTTGCCTCT-1-16,AML4062,AML,1,7.9036584,-1.3402781
GGCTCGATCAGTCCCT-1-16,AML4062,AML,7,-5.2812667,2.6877382
GGCTCGATCTAGCACA-1-16,AML4062,AML,7,-4.1291137,2.7245607
GGGAATGCAACGATGG-1-16,AML4062,AML,7,-5.0360646,2.5726666
GGGAATGGTGAGGGAG-1-16,AML4062,AML,3,-0.47524703,2.2824686
GGGACCTAGTGTGAAT-1-16,AML4062,AML,14,6.5113063,-3.570905
GGGAGATTCGGCTACG-1-16,AML4062,AML,1,7.804853,-1.3403481
GGGATGAAGAAGAAGC-1-16,AML4062,AML,3,0.15645722,2.0395846
GGGATGACAATCGAAA-1-16,AML4062,AML,3,0.1083696,1.5938671
GGGCATCCAGCGATCC-1-16,AML4062,AML,7,-4.8846035,2.362873
GGGCATCGTTTGACTG-1-16,AML4062,AML,1,8.121427,-1.5698774
GGGTCTGGTAAGAGGA-1-16,AML4062,AML,0,12.41626,1.7478887
GGGTTGCGTGTTTGGT-1-16,AML4062,AML,5,-0.9438935,0.69401205
GGGTTGCTCACTTACT-1-16,AML4062,AML,3,-0.23167342,3.4977431
GGTATTGGTGTCTGAT-1-16,AML4062,AML,1,5.9181714,-1.5111834
GGTGAAGGTCGTTGTA-1-16,AML4062,AML,6,0.5390761,0.20670494
GTAACGTCACTGTCGG-1-16,AML4062,AML,7,-5.987503,1.6115725
GTAACGTGTTACGACT-1-16,AML4062,AML,1,9.695419,-0.15894695
GTAACGTTCACAGGCC-1-16,AML4062,AML,1,6.762522,-0.7536675
GTAACTGAGACTAAGT-1-16,AML4062,AML,9,7.077902,0.16308872
GTAACTGTCGTAGGTT-1-16,AML4062,AML,7,-6.053881,1.9096318
GTACGTATCGAATGCT-1-16,AML4062,AML,6,1.8158939,0.58190614
GTACTCCGTAAACGCG-1-16,AML4062,AML,3,-1.6764249,3.7556705
GTACTCCGTTTAGGAA-1-16,AML4062,AML,8,-2.2862065,1.5629815
GTACTTTCACGAAGCA-1-16,AML4062,AML,7,-4.938236,3.0153286
GTAGGCCAGCCGCCTA-1-16,AML4062,AML,3,-3.2315426,3.14013
GTAGGCCAGGATATAC-1-16,AML4062,AML,6,2.3942394,-1.2158602
GTAGGCCTCTGTCTCG-1-16,AML4062,AML,1,8.351266,-1.8034395
GTAGTCACAGATCCAT-1-16,AML4062,AML,3,-1.5279205,2.2890337
GTAGTCAGTCAGCTAT-1-16,AML4062,AML,3,-1.0176017,3.459955
GTATCTTCATCCAACA-1-16,AML4062,AML,11,5.4577775,-3.5884898
GTATTCTTCAGATAAG-1-16,AML4062,AML,3,-1.202379,2.6933749
GTCAAGTTCACGACTA-1-16,AML4062,AML,3,-2.1495438,2.103796
GTCACAACACGGTAGA-1-16,AML4062,AML,1,9.781292,0.21385992
GTCACAACAGACGTAG-1-16,AML4062,AML,1,8.302517,-1.3380318
GTCACAACAGGGTTAG-1-16,AML4062,AML,8,-2.3451903,2.780486
GTCACAACAGTATGCT-1-16,AML4062,AML,1,7.9339433,-1.844255
GTCACAACATAGTAAG-1-16,AML4062,AML,6,0.64691645,-0.6022488
GTCACAAGTCTACCTC-1-16,AML4062,AML,6,1.201201,-1.7860034
GTCACAAGTCTGGTCG-1-16,AML4062,AML,3,-2.8496895,3.576201
GTCACGGGTACGCACC-1-16,AML4062,AML,7,-3.3303497,-0.20922531
GTCATTTAGTACTTGC-1-16,AML4062,AML,3,-3.1226025,3.4251835
GTCATTTCAGGAACGT-1-16,AML4062,AML,3,-1.1463974,2.3654077
GTCATTTTCGTTTATC-1-16,AML4062,AML,10,8.936214,3.4055789
GTCCTCACATATACCG-1-16,AML4062,AML,5,0.51589704,1.5002041
GTCCTCATCCCGGATG-1-16,AML4062,AML,6,0.9099134,-0.92002654
GTCGTAAAGAACAACT-1-16,AML4062,AML,3,-1.5510885,3.5930345
GTCGTAAGTCTCCCTA-1-16,AML4062,AML,1,7.283219,-0.93612254
GTCTCGTTCCACGACG-1-16,AML4062,AML,1,9.779855,0.6840673
GTCTCGTTCTTGTTTG-1-16,AML4062,AML,3,-1.202454,2.9650807
GTCTTCGGTGTCAATC-1-16,AML4062,AML,7,-5.9523606,1.4446613
GTCTTCGTCATATCGG-1-16,AML4062,AML,3,-1.8188962,2.7982912
GTCTTCGTCTTTACGT-1-16,AML4062,AML,3,0.3068863,2.3232634
GTGAAGGTCCTTAATC-1-16,AML4062,AML,3,-1.2756912,3.9149091
GTGCAGCAGTGGCACA-1-16,AML4062,AML,1,8.615098,-1.8675562
GTGCATACAATCGAAA-1-16,AML4062,AML,6,0.8622204,-1.6291649
GTGCATATCGACCAGC-1-16,AML4062,AML,7,-6.048439,2.0557768
GTGCGGTGTCGCTTCT-1-16,AML4062,AML,1,9.7307625,0.79597604
GTGCTTCAGCGTTCCG-1-16,AML4062,AML,3,-0.55107975,1.8425126
GTGCTTCCACCCATTC-1-16,AML4062,AML,1,5.843918,-1.3969283
GTGCTTCGTGAGCGAT-1-16,AML4062,AML,7,-5.308356,1.1122994
GTGCTTCGTGCCTGTG-1-16,AML4062,AML,7,-5.061389,2.789091
GTGTTAGGTTGTTTGG-1-16,AML4062,AML,1,9.259322,0.36614707
GTTACAGCACGAAATA-1-16,AML4062,AML,0,11.497917,2.3082752
GTTCGGGAGGTAAACT-1-16,AML4062,AML,1,9.600136,0.87360686
GTTCGGGGTGTGACGA-1-16,AML4062,AML,7,-4.854698,2.937726
GTTCGGGTCAACCATG-1-16,AML4062,AML,7,-5.688534,2.4748623
GTTCTCGAGCATGGCA-1-16,AML4062,AML,7,-5.7493134,0.80036205
GTTCTCGGTGGTTTCA-1-16,AML4062,AML,6,4.684401,-1.2985351
GTTCTCGTCAGTCAGT-1-16,AML4062,AML,0,10.302022,2.9157548
GTTTCTAAGGGCTTCC-1-16,AML4062,AML,7,-4.105415,2.5252402
GTTTCTACAAGTTCTG-1-16,AML4062,AML,3,0.6602581,2.2652416
GTTTCTATCGTAGATC-1-16,AML4062,AML,7,-6.41712,0.87511945
TAAGAGACAATGTTGC-1-16,AML4062,AML,3,-0.47778773,3.5531478
TAAGAGAGTGATAAGT-1-16,AML4062,AML,0,9.561193,1.719101
TAAGTGCAGTTGTCGT-1-16,AML4062,AML,5,0.09878693,1.2773721
TAAGTGCGTTCCACGG-1-16,AML4062,AML,7,-5.1152472,-0.053963266
TAAGTGCTCCTTAATC-1-16,AML4062,AML,3,-3.5554922,1.9959933
TACACGAGTAATCACC-1-16,AML4062,AML,3,-1.8617107,3.296086
TACAGTGTCATTATCC-1-16,AML4062,AML,3,-0.53474617,2.9513435
TACCTATAGGTCGGAT-1-16,AML4062,AML,6,0.6305744,-0.56170166
TACGGGCCAGCCTTGG-1-16,AML4062,AML,7,-5.836377,-0.6881083
TACGGGCTCTCGTATT-1-16,AML4062,AML,1,8.791264,0.84453684
TACTCGCCATGCCTAA-1-16,AML4062,AML,7,-4.5281215,-1.030208
TACTTACCAAGGTTCT-1-16,AML4062,AML,3,-0.3206826,2.7178988
TACTTACCAGCTTAAC-1-16,AML4062,AML,3,-1.045022,3.8259523
TACTTGTGTCAGCTAT-1-16,AML4062,AML,0,10.386122,1.3509961
TAGAGCTTCGCGCCAA-1-16,AML4062,AML,9,3.1816218,0.53497785
TAGCCGGAGTTAGGTA-1-16,AML4062,AML,1,8.574836,-1.8219916
TAGTGGTAGCCACTAT-1-16,AML4062,AML,1,6.878715,-1.2528988
TAGTGGTTCAATACCG-1-16,AML4062,AML,7,-6.468999,1.35338
TATCAGGTCCGGCACA-1-16,AML4062,AML,1,7.3440585,-1.4508742
TATCAGGTCCTGCCAT-1-16,AML4062,AML,3,-1.7996303,2.9935002
TATTACCAGACGCTTT-1-16,AML4062,AML,1,8.208777,-1.5806218
TATTACCTCAGATAAG-1-16,AML4062,AML,7,-6.1586437,1.2431378
TCAACGAAGAGACGAA-1-16,AML4062,AML,6,2.4679513,-1.2845186
TCAACGAGTTCGAATC-1-16,AML4062,AML,7,-6.007203,0.2523097
TCAATCTAGTCAATAG-1-16,AML4062,AML,3,-0.12959711,2.4358473
TCACAAGAGAGGGATA-1-16,AML4062,AML,7,-6.0901437,1.2659931
TCACGAAAGTTGCAGG-1-16,AML4062,AML,1,7.8464403,-1.2901137
TCAGCAAGTTCTGGTA-1-16,AML4062,AML,1,9.665441,0.48028585
TCAGCAATCTATGTGG-1-16,AML4062,AML,6,1.6843246,-2.8822725
TCAGCTCTCCGAATGT-1-16,AML4062,AML,7,-5.3025274,1.9045373
TCAGCTCTCTGCTGCT-1-16,AML4062,AML,7,-4.99257,1.0044138
TCAGGATCAACTGCTA-1-16,AML4062,AML,1,7.653656,-1.4555337
TCAGGATTCACCACCT-1-16,AML4062,AML,3,-1.3854753,3.8246744
TCATTACAGCGCCTTG-1-16,AML4062,AML,1,7.61622,0.17596631
TCATTTGGTAATTGGA-1-16,AML4062,AML,1,8.353124,-1.9167966
TCATTTGTCAGTTTGG-1-16,AML4062,AML,7,-6.870371,1.0891391
TCATTTGTCTGTTGAG-1-16,AML4062,AML,3,-0.54186445,2.1857285
TCCACACTCTTAACCT-1-16,AML4062,AML,7,-6.6541433,1.3256621
TCCCGATTCTGTCTCG-1-16,AML4062,AML,3,-1.7774533,3.1531963
TCGAGGCAGACAATAC-1-16,AML4062,AML,1,9.939619,0.76637214
TCGCGAGAGCATCATC-1-16,AML4062,AML,7,-6.1561885,1.4870114
TCGCGTTAGGAATCGC-1-16,AML4062,AML,6,1.5088174,-3.1736503
TCGGGACGTTACGACT-1-16,AML4062,AML,3,-1.1204073,3.3913636
TCTATTGAGAGACGAA-1-16,AML4062,AML,7,-6.46855,1.0216205
TCTATTGAGATACACA-1-16,AML4062,AML,3,0.23110326,2.0866063
TCTATTGCAATGTAAG-1-16,AML4062,AML,7,-5.660996,1.0874571
TCTCATACAAGTCATC-1-16,AML4062,AML,12,2.7250488,6.0770926
TCTCATACAATCTGCA-1-16,AML4062,AML,0,10.496659,2.3022494
TCTCATACAGTCAGAG-1-16,AML4062,AML,3,-1.1213886,4.0102124
TCTCTAAAGGATGTAT-1-16,AML4062,AML,7,-5.1639915,1.6201749
TCTCTAATCTGATACG-1-16,AML4062,AML,0,9.325532,1.8149322
TCTGGAACACGTTGGC-1-16,AML4062,AML,1,7.9306054,-1.4438568
TCTGGAACATGTAGTC-1-16,AML4062,AML,3,-1.8382286,3.8526626
TCTGGAAGTTCAGGCC-1-16,AML4062,AML,6,1.5449194,-3.043542
TCTTCGGCAGATGGGT-1-16,AML4062,AML,6,2.1880848,0.7903926
TCTTCGGGTACGCTGC-1-16,AML4062,AML,1,7.5451736,0.2823852
TCTTCGGGTACTTGAC-1-16,AML4062,AML,7,-6.3401127,1.5528322
TGAAAGAAGTGTGAAT-1-16,AML4062,AML,3,-1.2139419,2.7360585
TGACAACTCCGAGCCA-1-16,AML4062,AML,7,-5.143664,2.3646095
TGACAACTCTGCCAGG-1-16,AML4062,AML,0,9.566384,1.5929317
TGACGGCAGGACCACA-1-16,AML4062,AML,3,-2.5388727,0.58639485
TGACGGCGTACTCAAC-1-16,AML4062,AML,3,-0.5257506,0.644368
TGACTAGAGAATTGTG-1-16,AML4062,AML,3,-2.9097223,2.10349
TGACTAGTCATATCGG-1-16,AML4062,AML,9,2.0657258,1.31925
TGACTTTAGTGTGGCA-1-16,AML4062,AML,7,-5.714545,2.4539878
TGACTTTGTAGCCTCG-1-16,AML4062,AML,3,-1.5295874,3.0240726
TGAGAGGGTTTCGCTC-1-16,AML4062,AML,5,-0.5534043,0.5366571
TGAGCATCACCCATGG-1-16,AML4062,AML,3,-1.3373631,2.136799
TGAGCATCATACTACG-1-16,AML4062,AML,3,0.06418787,2.1570086
TGAGCATGTCTTGATG-1-16,AML4062,AML,1,7.666258,0.32559305
TGAGCATTCTTTACGT-1-16,AML4062,AML,9,3.1715987,1.2983184
TGAGCCGCATGGGAAC-1-16,AML4062,AML,1,9.135662,0.83713716
TGAGCCGGTCGCGAAA-1-16,AML4062,AML,3,-1.7670683,3.0072176
TGAGCCGGTGTGGCTC-1-16,AML4062,AML,3,-1.6049664,3.3653183
TGAGCCGTCCACGTTC-1-16,AML4062,AML,1,6.6788335,-0.8667492
TGAGGGATCCTATGTT-1-16,AML4062,AML,3,-1.9164066,2.6147869
TGATTTCCAACTGGCC-1-16,AML4062,AML,6,0.3201349,-0.41224465
TGATTTCCAATGGAAT-1-16,AML4062,AML,3,0.11387342,1.3233334
TGATTTCCATCGGTTA-1-16,AML4062,AML,3,-0.6735533,1.876737
TGATTTCGTATATGAG-1-16,AML4062,AML,7,-4.8103395,2.1116045
TGCCAAAAGCAATATG-1-16,AML4062,AML,5,-0.07308564,1.2596172
TGCCCATCAGCCTTTC-1-16,AML4062,AML,3,-1.2641588,1.3188616
TGCGGGTGTGCAACGA-1-16,AML4062,AML,3,0.37558174,2.575167
TGCGGGTGTGGACGAT-1-16,AML4062,AML,1,7.7070208,-1.2608632
TGCGTGGTCAGGCCCA-1-16,AML4062,AML,1,7.651744,-0.41924056
TGCGTGGTCTTCATGT-1-16,AML4062,AML,1,10.29283,0.89305204
TGCTACCAGATCCTGT-1-16,AML4062,AML,7,-5.619942,2.3629463
TGCTGCTGTCCTGCTT-1-16,AML4062,AML,3,-0.29334953,2.670284
TGCTGCTGTTCCACGG-1-16,AML4062,AML,7,-5.1547637,0.12126187
TGCTGCTTCAACGCTA-1-16,AML4062,AML,0,9.713971,1.1434126
TGGCCAGAGCCCGAAA-1-16,AML4062,AML,6,1.6875998,-1.4791431
TGGCGCAAGACTTGAA-1-16,AML4062,AML,7,-5.6289206,1.6876698
TGGCGCAGTGCAGTAG-1-16,AML4062,AML,7,-5.504507,1.7816259
TGGCTGGAGCTAAACA-1-16,AML4062,AML,6,3.9123085,-1.1057361
TGGCTGGTCCTAGAAC-1-16,AML4062,AML,7,-4.6045713,2.1330538
TGGGAAGCATGTCGAT-1-16,AML4062,AML,1,7.8067055,-0.054263975
TGGGAAGTCTGGTATG-1-16,AML4062,AML,1,7.6602035,-1.2254281
TGGTTCCAGTAACCCT-1-16,AML4062,AML,5,-0.4269635,0.15424447
TGGTTCCCATTCCTCG-1-16,AML4062,AML,7,-4.586173,1.1150411
TGGTTCCTCCGAATGT-1-16,AML4062,AML,8,-3.1984193,0.7286693
TGTCCCATCTGATACG-1-16,AML4062,AML,7,-4.4899836,-1.9381686
TGTGGTAGTTGGGACA-1-16,AML4062,AML,6,2.9397867,-1.1448852
TGTGTTTTCTACTATC-1-16,AML4062,AML,1,7.024648,-1.4143574
TTAACTCGTCAACATC-1-16,AML4062,AML,14,7.9963646,-3.6481566
TTAGGACAGGATGTAT-1-16,AML4062,AML,1,7.7672353,-1.0689766
TTAGGACGTACAGTGG-1-16,AML4062,AML,3,0.5734878,2.4681032
TTAGGCAAGGGTTCCC-1-16,AML4062,AML,7,-3.65342,-0.20158766
TTAGGCATCCCACTTG-1-16,AML4062,AML,3,-0.7546613,0.111031085
TTAGTTCAGCCCAGCT-1-16,AML4062,AML,7,-5.9264503,1.6285807
TTAGTTCAGGCAAAGA-1-16,AML4062,AML,0,9.626222,2.5340886
TTAGTTCGTCTTCGTC-1-16,AML4062,AML,7,-6.9282565,1.1508607
TTATGCTCAGATCGGA-1-16,AML4062,AML,7,-5.516945,0.19682388
TTATGCTGTATGAATG-1-16,AML4062,AML,7,-6.172961,0.6427462
TTATGCTTCTATGTGG-1-16,AML4062,AML,3,-2.0150948,3.7586234
TTCCCAGCAGATGAGC-1-16,AML4062,AML,6,1.2234458,-1.2422727
TTCCCAGCATTCGACA-1-16,AML4062,AML,0,9.999068,1.5652188
TTCCCAGTCAACGAAA-1-16,AML4062,AML,7,-4.7447777,2.439257
TTCGAAGAGGATATAC-1-16,AML4062,AML,1,8.17024,-1.7649065
TTCGAAGGTTCCCGAG-1-16,AML4062,AML,1,9.35919,0.38014385
TTCGGTCGTATGGTTC-1-16,AML4062,AML,7,-5.3265805,0.47829646
TTCGGTCGTGCGATAG-1-16,AML4062,AML,3,-2.4485636,3.6309552
TTCTACAAGAGACTTA-1-16,AML4062,AML,6,1.5206667,-2.1436744
TTCTACACATTATCTC-1-16,AML4062,AML,3,-1.174965,3.8664315
TTCTACACATTCCTCG-1-16,AML4062,AML,1,6.908005,-0.233643
TTCTCAACACAGTCGC-1-16,AML4062,AML,3,-2.7103462,3.0437686
TTCTCAATCAATAAGG-1-16,AML4062,AML,1,7.5000668,-1.5175419
TTCTCCTTCTCGGACG-1-16,AML4062,AML,1,8.5073,-1.8694084
TTCTCCTTCTGAGTGT-1-16,AML4062,AML,3,-1.4468502,3.5053515
TTCTTAGCAGACAAGC-1-16,AML4062,AML,3,0.3682254,2.551576
TTCTTAGGTCAGAATA-1-16,AML4062,AML,3,-1.0846393,3.5441966
TTCTTAGGTCCGACGT-1-16,AML4062,AML,1,6.3842483,-1.552978
TTCTTAGTCTAACTTC-1-16,AML4062,AML,9,3.4510312,1.9739331
TTGACTTTCCTTAATC-1-16,AML4062,AML,7,-6.6433544,1.4354534
TTGCCGTTCTACGAGT-1-16,AML4062,AML,3,-1.6687932,3.5785136
TTGGAACAGTTGAGAT-1-16,AML4062,AML,7,-5.7950892,2.391538
TTGGAACCAAACCTAC-1-16,AML4062,AML,8,-2.6404665,2.0315337
TTGGAACGTAGATTAG-1-16,AML4062,AML,6,0.9573742,-0.92437154
TTGGAACTCACCGTAA-1-16,AML4062,AML,6,0.2590018,-0.381515
TTGGAACTCGTCGTTC-1-16,AML4062,AML,3,-1.5138887,3.7794206
TTGGCAAAGTACGATA-1-16,AML4062,AML,1,9.362222,1.0105891
TTGTAGGTCGGAATCT-1-16,AML4062,AML,1,8.384703,-0.48681152
TTTACTGCAATGTAAG-1-16,AML4062,AML,7,-5.681315,2.6129405
TTTACTGCATGTAGTC-1-16,AML4062,AML,6,1.6656502,-3.1130424
TTTCCTCCAACACCCG-1-16,AML4062,AML,7,-4.842503,2.9502277
TTTCCTCCAGCTGTGC-1-16,AML4062,AML,7,-4.466754,-0.6526701
TTTCCTCCATTGAGCT-1-16,AML4062,AML,7,-6.150638,1.9585828
TTTCCTCTCTACCAGA-1-16,AML4062,AML,3,-1.6547539,3.9455042
TTTCCTCTCTGGTATG-1-16,AML4062,AML,7,-4.969891,2.7905633
TTTGCGCTCCGATATG-1-16,AML4062,AML,9,6.231445,-0.66810733
TTTGTCATCCGAAGAG-1-16,AML4062,AML,9,3.3620381,0.6755718
CAGCTGGAGTGGCACA-1-17,AML4068,AML,1,7.708576,-1.1590992
CAGCGACCAGTCAGCC-1-17,AML4068,AML,1,7.34555,-0.17917787
GCATGCGGTGCGCTTG-1-17,AML4068,AML,1,8.5637865,-1.0996791
CCTCAGTAGACAGGCT-1-17,AML4068,AML,1,7.5048594,-0.68711144
GGGAATGAGATATACG-1-17,AML4068,AML,6,0.80336285,-0.8918822
TTTCCTCTCGTAGGTT-1-17,AML4068,AML,1,8.424297,-1.1957303
GGATTACTCAATACCG-1-17,AML4068,AML,1,9.146121,-0.9717933
GGAACTTAGGATTCGG-1-17,AML4068,AML,1,7.422388,-1.5080063
ACTGAGTCAGCGTAAG-1-17,AML4068,AML,9,6.5099406,-0.31141323
TTATGCTGTGCTAGCC-1-17,AML4068,AML,0,12.724368,2.1654584
AGTAGTCCAGCCAATT-1-17,AML4068,AML,1,8.539477,-1.0714186
CCTATTAAGGCTCAGA-1-17,AML4068,AML,1,7.681199,-0.49075273
CTCAGAAAGCTAAACA-1-17,AML4068,AML,13,1.3533946,6.510067
ATTCTACCAAGCGAGT-1-17,AML4068,AML,1,8.323374,-1.0501122
AGAGCTTCAATGAAAC-1-17,AML4068,AML,1,9.035231,-0.51242536
AGAGCTTAGATGCGAC-1-17,AML4068,AML,1,9.041385,-0.89612067
ATCCGAATCTAACTGG-1-17,AML4068,AML,1,7.9542394,-1.1172632
CCATGTCCACGAGAGT-1-17,AML4068,AML,1,8.510367,-0.7886857
CCTACACTCAGCATGT-1-17,AML4068,AML,9,4.4188814,0.29928893
ACATGGTGTAGTACCT-1-17,AML4068,AML,1,8.316871,-0.5883293
CTCGGGACACGGTGTC-1-17,AML4068,AML,1,8.450836,-0.91898775
GTTAAGCCAACACGCC-1-17,AML4068,AML,1,8.523302,-1.0234971
TCGCGTTCAAGTCATC-1-17,AML4068,AML,6,0.9272209,-0.90408885
GACGCGTGTTGGTTTG-1-17,AML4068,AML,12,0.91423696,6.6126485
GTTAAGCCACATGACT-1-17,AML4068,AML,1,7.9760633,-0.4666482
CAGTAACAGGAGCGAG-1-17,AML4068,AML,0,12.528294,1.7790239
TTCGAAGGTCTGGTCG-1-17,AML4068,AML,1,8.075751,-1.1101716
TGCCAAACATTGGCGC-1-17,AML4068,AML,13,1.3966426,6.9271445
GCATGATGTACAGTGG-1-17,AML4068,AML,0,12.008551,2.031119
GATCAGTTCTTTCCTC-1-17,AML4068,AML,1,9.031046,-0.74963015
GATTCAGGTACCATCA-1-17,AML4068,AML,1,7.9094625,-0.667482
GTGCTTCAGTGCGTGA-1-17,AML4068,AML,3,0.22372621,2.060499
ACAGCCGTCACCTCGT-1-17,AML4068,AML,3,0.9675708,0.2942777
GAACGGATCCGCAAGC-1-17,AML4068,AML,1,8.316917,-0.78976053
ACGGCCAAGACCACGA-1-17,AML4068,AML,7,-5.1989927,1.8059889
GCTCCTAGTCGCCATG-1-17,AML4068,AML,1,6.8201904,-0.452211
AGGCCACGTCCAACTA-1-17,AML4068,AML,1,7.764118,-0.008054846
CACTCCACACGTCTCT-1-17,AML4068,AML,1,8.39022,-0.6700049
GAATGAAAGTCCGTAT-1-17,AML4068,AML,1,8.855708,-0.67533165
CGTTCTGGTACATGTC-1-17,AML4068,AML,6,1.9608328,-1.2079102
GATCGCGAGTACCGGA-1-17,AML4068,AML,3,-0.22935696,2.3719244
GGTATTGAGCTGCGAA-1-17,AML4068,AML,1,7.723675,-0.5147414
CATCGGGAGTTGTCGT-1-17,AML4068,AML,1,8.070856,-0.634075
GACTGCGGTCCTCTTG-1-17,AML4068,AML,1,6.994227,-0.5034563
GCATGTAAGTTGCAGG-1-17,AML4068,AML,14,7.1727586,-3.671248
GCGACCACAGCTATTG-1-17,AML4068,AML,1,8.868207,-0.7667444
GCTGCGAAGACTGTAA-1-17,AML4068,AML,1,7.892206,-1.3143662
TTTATGCCACATAACC-1-17,AML4068,AML,0,10.350133,1.1887078
GTGGGTCCATGCAACT-1-17,AML4068,AML,1,8.478148,-0.95491356
TAGTGGTAGACAGAGA-1-17,AML4068,AML,14,7.399872,-3.8806508
CTTAGGATCAGTTAGC-1-17,AML4068,AML,1,7.2591577,-0.3866774
ACGCAGCGTCCGTCAG-1-17,AML4068,AML,1,7.152601,-0.80711967
ATCCGAACACAGACAG-1-17,AML4068,AML,1,7.9607663,-0.5574027
TAGGCATTCTGAGGGA-1-17,AML4068,AML,1,8.324793,-1.2638799
CTGGTCTCACGTCAGC-1-17,AML4068,AML,12,0.6952345,6.678722
CCTAGCTGTCTTGTCC-1-17,AML4068,AML,6,3.2622705,-1.2038257
TGGCCAGAGAAACGCC-1-17,AML4068,AML,1,8.465548,-0.3858426
ACGTCAAAGTGAACGC-1-17,AML4068,AML,0,13.049304,1.5856879
CTCCTAGCAAGTAGTA-1-17,AML4068,AML,1,8.14944,-0.9283692
ACATCAGCAAGTCTGT-1-17,AML4068,AML,1,8.779558,-1.0684893
CTCTGGTGTGTATGGG-1-17,AML4068,AML,1,8.345976,-1.0615267
GGGAATGGTAAATACG-1-17,AML4068,AML,12,0.27102336,6.708641
ATCCACCTCAACCATG-1-17,AML4068,AML,9,7.038341,-0.17724557
AACTGGTAGTACGCCC-1-17,AML4068,AML,3,0.06396272,2.3946865
CGTGAGCCACTATCTT-1-17,AML4068,AML,3,1.0858545,0.059646733
AACGTTGTCTAACTCT-1-17,AML4068,AML,1,7.6622124,-0.7041531
CCATTCGTCTTCCTTC-1-17,AML4068,AML,1,8.99278,-1.005451
CACCTTGTCTTGGGTA-1-17,AML4068,AML,1,8.587924,-1.0080951
CCTTCCCGTAGCGCAA-1-17,AML4068,AML,1,9.213613,-1.0244596
AGTAGTCCACGACTCG-1-17,AML4068,AML,1,8.522997,-0.77201235
AGCCTAACAGGGAGAG-1-17,AML4068,AML,12,1.2728871,6.6310997
ACACCCTTCACAAACC-1-17,AML4068,AML,0,12.053116,1.372425
CGGACTGTCCGCAAGC-1-17,AML4068,AML,1,8.437049,-1.0812876
ACGTCAAGTAGCACGA-1-17,AML4068,AML,0,11.562346,-0.44213483
CTGTTTACAGATGAGC-1-17,AML4068,AML,12,0.360316,6.6324553
CGATCGGCAGTGGGAT-1-17,AML4068,AML,9,3.1000419,1.3054636
CAAGAAAAGACGCTTT-1-17,AML4068,AML,1,7.0283856,0.37496528
CACATTTGTCTCTCTG-1-17,AML4068,AML,0,10.645393,1.3676403
TACCTATAGTCGAGTG-1-17,AML4068,AML,1,8.975605,-1.1112475
TTATGCTAGGAGTACC-1-17,AML4068,AML,1,6.873509,-0.6420444
GTCACGGTCATCGGAT-1-17,AML4068,AML,2,6.808866,3.6303003
GCTGCAGGTAGCCTAT-1-17,AML4068,AML,1,8.16001,-0.36395994
CACCTTGAGTGGTAAT-1-17,AML4068,AML,5,0.35433197,1.3041761
TGATTTCAGACCCACC-1-17,AML4068,AML,1,9.773141,0.647589
CACATAGAGTCAAGCG-1-17,AML4068,AML,1,9.719387,0.23636547
AGAGCGATCGCTGATA-1-17,AML4068,AML,1,7.8445706,-1.1802847
GGGTTGCTCCGTTGCT-1-17,AML4068,AML,1,7.4176693,-1.0347004
CAACTAGGTTCTGAAC-1-17,AML4068,AML,9,6.5537405,-0.33103374
TAAGTGCGTCAGTGGA-1-17,AML4068,AML,6,2.0571811,0.6324593
CCTAAAGCAAGCTGTT-1-17,AML4068,AML,6,1.1356591,-1.4325918
AGCTCTCCAATAACGA-1-17,AML4068,AML,5,0.7676534,1.750624
ACGCAGCGTCTGGAGA-1-17,AML4068,AML,10,7.9262624,2.070944
AAGACCTAGGAACTGC-1-17,AML4068,AML,1,7.8054857,-0.9831263
GTTCGGGAGCTGCAAG-1-17,AML4068,AML,1,8.015778,-1.0890567
GGCGTGTGTACGCTGC-1-17,AML4068,AML,1,7.4129252,-0.831181
CTAAGACAGGATATAC-1-17,AML4068,AML,1,8.529563,-1.4128518
CGTCACTTCGTTGCCT-1-17,AML4068,AML,10,8.69365,2.4943542
TCGGGACCACTTAAGC-1-17,AML4068,AML,1,8.383053,-0.99422663
GATCTAGTCTCGAGTA-1-17,AML4068,AML,1,7.4123654,-1.8200338
TAGTTGGCATGGAATA-1-17,AML4068,AML,1,8.451055,-1.1574525
CCGTTCAAGCCAACAG-1-17,AML4068,AML,1,8.762376,-0.9561731
TTTACTGCAAGTAATG-1-17,AML4068,AML,1,7.1085486,-1.2935282
AAGGCAGTCTGGTATG-1-17,AML4068,AML,1,8.162843,-0.93524265
GACTAACTCCAAATGC-1-17,AML4068,AML,12,0.5504975,6.879295
GACGCGTGTATGGTTC-1-17,AML4068,AML,1,8.323531,-0.8936931
GAGTCCGTCTCCGGTT-1-17,AML4068,AML,1,9.573362,0.016702631
CGATCGGCATCCTAGA-1-17,AML4068,AML,1,6.722937,-1.4088715
ATCCGAATCAAAGTAG-1-17,AML4068,AML,1,7.810971,-0.9017959
TTCTCCTTCTATCGCC-1-17,AML4068,AML,6,1.4547502,-1.686624
ACTTACTGTATTCGTG-1-17,AML4068,AML,1,7.4941444,-0.6163071
TTCTTAGCATGCTGGC-1-17,AML4068,AML,1,8.766204,-0.8369406
GTAACGTCAAAGAATC-1-17,AML4068,AML,3,-0.11034749,2.117398
CACAGTACATACCATG-1-17,AML4068,AML,14,7.676686,-3.846293
CACACAAGTAGGCATG-1-17,AML4068,AML,1,8.021663,-0.58913034
GCGACCAGTTCAGACT-1-17,AML4068,AML,1,7.8113265,-1.1956365
CCGTACTTCTCAAACG-1-17,AML4068,AML,1,7.6603827,-0.9420274
CCTTCGATCTTTAGGG-1-17,AML4068,AML,1,9.120951,-0.9444974
TACCTTAGTAATCACC-1-17,AML4068,AML,12,0.75008965,6.785834
ATCCGAATCTGGCGTG-1-17,AML4068,AML,1,8.434611,-0.7976296
GCATGCGGTTGACGTT-1-17,AML4068,AML,1,7.485907,-0.05449958
TGACTAGGTCGAACAG-1-17,AML4068,AML,1,8.5531225,-1.1337448
GACGGCTCAAGACACG-1-17,AML4068,AML,1,8.6744585,-0.9511897
AGCATACCATCGATTG-1-17,AML4068,AML,1,8.261999,-0.8606872
TGAGCCGCAGGTGGAT-1-17,AML4068,AML,12,0.31240797,6.8851094
AGTCTTTTCGAGAACG-1-17,AML4068,AML,0,11.617656,2.010951
ACGGGTCTCGGCGGTT-1-17,AML4068,AML,1,8.339717,-0.7235018
AGAGCGAGTTAAGTAG-1-17,AML4068,AML,1,7.8691964,-0.6314219
GATCGCGGTCTTTCAT-1-17,AML4068,AML,0,12.548732,1.8934816
ATCGAGTTCGGGAGTA-1-17,AML4068,AML,1,7.3172436,-0.66139627
ATAAGAGTCTGTCAAG-1-17,AML4068,AML,1,8.463022,-1.22639
TACGGTATCTTTAGGG-1-17,AML4068,AML,0,12.952541,1.9892129
TTTGGTTTCAGAGCTT-1-17,AML4068,AML,6,0.8097831,-0.8105231
GGGATGAGTCCTCTTG-1-17,AML4068,AML,7,-5.1466293,1.9924579
AGTGAGGCAGATGGCA-1-17,AML4068,AML,3,0.6361962,2.0495389
TCACAAGTCGTGGGAA-1-17,AML4068,AML,7,-4.115022,-0.7921734
GACGCGTGTCCGTCAG-1-17,AML4068,AML,1,8.53409,-0.9427819
TAAGCGTGTGGACGAT-1-17,AML4068,AML,1,7.998355,-0.5589076
GACGTTATCACAGGCC-1-17,AML4068,AML,1,8.403882,-1.1536661
GCGCCAAGTAGCTGCC-1-17,AML4068,AML,0,10.342002,1.1986707
GGGAGATGTCGACTGC-1-17,AML4068,AML,1,7.381238,0.43022618
CTACACCAGTCCATAC-1-17,AML4068,AML,1,7.9910054,-0.64304423
TCACGAAAGGTCGGAT-1-17,AML4068,AML,0,11.060759,0.98345137
TCATTTGCATCCGTGG-1-17,AML4068,AML,1,8.389312,-1.3860084
GTACTCCCACGGATAG-1-17,AML4068,AML,1,8.0244465,-1.0556511
GGGAATGAGACAAGCC-1-17,AML4068,AML,1,7.8645287,-0.9962926
GTGTGCGGTGATAAGT-1-17,AML4068,AML,1,6.02134,-1.0901897
AGTGTCAGTAAGAGGA-1-17,AML4068,AML,1,8.123015,-0.6867895
GTGCAGCCACAGACAG-1-17,AML4068,AML,1,8.215623,-0.06287314
ACGCCAGTCACTATTC-1-17,AML4068,AML,1,9.287354,-0.8836946
ACGATACTCGTTACAG-1-17,AML4068,AML,1,8.478969,-0.9430197
GCTGCAGTCAGGTTCA-1-17,AML4068,AML,3,0.25448987,2.046386
TAGGCATGTATAAACG-1-17,AML4068,AML,6,2.4317887,0.44712746
CTTCTCTGTGTGCGTC-1-17,AML4068,AML,9,7.144594,-0.45192116
ATTGGTGTCGATAGAA-1-17,AML4068,AML,0,9.804142,1.9955472
ATTGGACGTTGTGGAG-1-17,AML4068,AML,14,7.4347086,-3.4292848
GTATCTTTCAAGGCTT-1-17,AML4068,AML,1,7.498162,0.33351567
CCAATCCAGTCGTACT-1-17,AML4068,AML,7,-5.2526326,0.15629117
TGGTTCCTCTGTTTGT-1-17,AML4068,AML,6,1.9487126,-0.8358201
TTCTCCTTCTGCTGCT-1-17,AML4068,AML,6,0.8310868,0.16389157
GCTTCCAGTTGTCTTT-1-17,AML4068,AML,1,7.820893,-0.9883422
CAGCTGGCAGTCCTTC-1-17,AML4068,AML,1,9.364895,-0.7544052
TACCTTAAGGCACATG-1-17,AML4068,AML,1,7.2626486,-0.085099556
GACCAATCAGATGGCA-1-17,AML4068,AML,1,7.4538326,-0.23751183
GTAGGCCCACTAGTAC-1-17,AML4068,AML,3,1.3966463,0.08981816
GTCGTAACATGCCTTC-1-17,AML4068,AML,14,7.26427,-3.6305423
AGCATACTCAGAGCTT-1-17,AML4068,AML,0,10.780826,1.7640389
TGCGGGTGTGGCAAAC-1-17,AML4068,AML,1,7.2239943,-0.7915541
ATAAGAGGTTCGGGCT-1-17,AML4068,AML,1,8.535631,-1.3173168
CCGTTCAGTGGCAAAC-1-17,AML4068,AML,0,12.13569,1.9084946
GTGCGGTCATCAGTCA-1-17,AML4068,AML,1,8.58816,-1.4162899
AACACGTCATTGTGCA-1-17,AML4068,AML,6,1.7098227,-0.52006066
TCAGCTCGTCAGATAA-1-17,AML4068,AML,14,7.992381,-3.5744383
AGTGAGGCAGTGAGTG-1-17,AML4068,AML,3,0.6759538,0.5251584
TCAGGATCACCTCGGA-1-17,AML4068,AML,1,7.425883,-0.7188005
TGTATTCAGCGTCAAG-1-17,AML4068,AML,1,8.1725645,-0.93195724
GTATCTTGTATTAGCC-1-17,AML4068,AML,1,7.61658,-0.71677136
AAAGTAGCACGTCTCT-1-17,AML4068,AML,1,7.05819,-0.94970614
CTGAAGTCAAGGACAC-1-17,AML4068,AML,3,-0.8417924,3.3110669
AACTCTTGTGCCTGTG-1-18,AML4090,AML,9,4.6626034,-0.71861076
TCTCTAATCGAATCCA-1-18,AML4090,AML,7,-6.1510973,1.3703033
CGCGGTAAGACTAAGT-1-18,AML4090,AML,6,2.586568,-2.3881054
CCACTACGTCACACGC-1-18,AML4090,AML,6,2.4435127,-1.7834507
CGCTGGATCCAGAAGG-1-18,AML4090,AML,15,-2.8686707,-0.85991687
CTGATAGCACGGTGTC-1-18,AML4090,AML,3,-0.8036162,1.442872
CTCTGGTAGCAATCTC-1-18,AML4090,AML,7,-5.7544727,2.475846
CTCGGAGAGCGTGAAC-1-18,AML4090,AML,3,-3.1329892,1.4032837
TACACGAAGTACGCGA-1-18,AML4090,AML,9,2.791894,1.5892911
TTGCCGTAGAGTAAGG-1-18,AML4090,AML,6,1.9428209,-2.9896028
GGGCACTTCTTGCCGT-1-18,AML4090,AML,7,-5.81412,-1.3586366
AAACGGGGTTCCACGG-1-18,AML4090,AML,3,-0.30940235,2.843976
CGTTGGGCATGGTCTA-1-18,AML4090,AML,3,-1.7504871,2.8012652
CCTACCACAAGCCCAC-1-18,AML4090,AML,8,-3.2459545,0.060059186
CATTATCTCGAGAACG-1-18,AML4090,AML,7,-5.102053,1.5425828
CGTAGCGTCTTAACCT-1-18,AML4090,AML,6,0.77368367,-1.3756772
CCCTCCTGTCGCGGTT-1-18,AML4090,AML,7,-4.319557,1.5687666
GGGCACTCACGAGAGT-1-18,AML4090,AML,7,-6.084061,2.1078296
AACGTTGGTCGACTAT-1-18,AML4090,AML,3,-1.0193728,3.0747945
CGTCCATTCGTGGTCG-1-18,AML4090,AML,7,-4.7580004,1.291768
ATAGACCAGCCCAACC-1-18,AML4090,AML,7,-5.295794,0.75335467
CGACCTTTCTTGGGTA-1-18,AML4090,AML,3,-2.6248896,1.4931326
AACTCAGCACTTACGA-1-18,AML4090,AML,7,-5.5993557,0.90165424
TCAGCAATCGGCTACG-1-18,AML4090,AML,12,0.06712652,6.907605
AAGTCTGAGGACGAAA-1-18,AML4090,AML,8,-2.6708627,2.1430075
AGAGTGGCAGATGGCA-1-18,AML4090,AML,5,-1.6036456,-1.0832053
GCAATCAAGCGGCTTC-1-18,AML4090,AML,15,-1.6182635,-0.86744726
CGAATGTTCACCATAG-1-18,AML4090,AML,5,-1.0749484,-0.2626269
GGACAGATCGGAGGTA-1-18,AML4090,AML,7,-4.0303698,-1.8456533
TCAATCTCAAGCGATG-1-18,AML4090,AML,1,7.383823,-1.759667
CTTACCGAGAACAACT-1-18,AML4090,AML,7,-4.9104357,-0.6741236
GTAGGCCAGACGCAAC-1-18,AML4090,AML,7,-4.349051,0.8439377
GCTGCTTCAAATTGCC-1-18,AML4090,AML,3,-3.0188832,2.6966445
GTGGGTCTCCACGTTC-1-18,AML4090,AML,8,-2.0715058,1.9112228
AGCATACCAGCGTCCA-1-18,AML4090,AML,12,0.10652363,6.78554
CATTCGCAGATGGCGT-1-18,AML4090,AML,3,-1.6736608,1.0196713
CACAGTATCGTGGACC-1-18,AML4090,AML,7,-5.0379133,1.3722934
CACAGGCTCCAAACAC-1-18,AML4090,AML,3,-0.94461393,1.2129157
AACTTTCAGGTAGCTG-1-18,AML4090,AML,3,-2.385308,1.5519999
AGTGTCAGTCTCCCTA-1-18,AML4090,AML,6,1.1974111,-2.0086339
ACGATACAGCTACCTA-1-18,AML4090,AML,7,-5.9401245,-0.60322034
CCTACACCAATCAGAA-1-18,AML4090,AML,6,1.374692,-1.1449578
GTCGTAACAAGCTGTT-1-18,AML4090,AML,7,-4.3178325,1.8034577
GCTGGGTGTTGCGTTA-1-18,AML4090,AML,3,-1.8576006,3.9699073
TCTCATATCCGAAGAG-1-18,AML4090,AML,7,-4.481478,2.283201
TACTCATCAGGATCGA-1-18,AML4090,AML,12,-0.00041899775,6.5645065
CCATTCGGTAGGAGTC-1-18,AML4090,AML,7,-6.156016,-0.20996283
CAGCCGATCAAGGTAA-1-18,AML4090,AML,15,-2.365627,-0.6989715
CCTTCGATCTCGCATC-1-18,AML4090,AML,5,-1.0203208,-0.7741132
GACGTTAGTATGAATG-1-18,AML4090,AML,3,-3.1369631,2.6304898
CGCGTTTAGGGTGTTG-1-18,AML4090,AML,3,-1.6022439,2.0925603
CGTCACTCAAAGCGGT-1-18,AML4090,AML,3,-0.26451132,0.9693969
GCTGGGTAGATGTTAG-1-18,AML4090,AML,3,-1.3947265,0.98709285
GATTCAGTCTGAGGGA-1-18,AML4090,AML,6,1.0850188,-2.043585
CATGGCGTCTTGTACT-1-18,AML4090,AML,8,-2.1942945,2.6334577
ATAAGAGAGAACTGTA-1-18,AML4090,AML,3,-1.9862491,1.9185039
GGCTCGAGTGGCTCCA-1-18,AML4090,AML,14,6.4000874,-3.4590929
TATCAGGGTCTGGTCG-1-18,AML4090,AML,8,-3.068484,0.2939768
AGGTCCGAGGGATCTG-1-18,AML4090,AML,3,-1.8736143,2.3117137
GGACAGAGTGACTACT-1-18,AML4090,AML,3,-3.6312423,2.8320217
CAACCAAAGATGTGTA-1-18,AML4090,AML,9,3.71404,1.4618375
GTTCATTGTCTCTTTA-1-18,AML4090,AML,3,-1.2838571,3.2917159
AGTGAGGCATAACCTG-1-18,AML4090,AML,11,4.8389835,-2.5932295
CAGCTAACAAACGCGA-1-18,AML4090,AML,9,4.024903,-0.94287753
GTTAAGCCATAAGACA-1-18,AML4090,AML,7,-4.774385,0.12948984
CCACGGATCGCAAACT-1-18,AML4090,AML,11,4.236836,-4.2074227
CCAATCCCATCGTCGG-1-18,AML4090,AML,3,-2.213429,1.7378186
CCTTTCTTCCATGAAC-1-18,AML4090,AML,9,3.3927984,0.8806906
ACATACGAGGGTATCG-1-18,AML4090,AML,9,4.3005533,-1.1829225
TGGCTGGCAGACGCTC-1-18,AML4090,AML,6,1.8887756,-2.8545215
GATTCAGCAAGCCCAC-1-18,AML4090,AML,8,-2.3480644,-0.3686666
GGCCGATGTGCAACGA-1-18,AML4090,AML,3,-2.224207,2.9844913
TCAGATGGTTTACTCT-1-18,AML4090,AML,6,1.1374118,-1.5833981
TTCCCAGCACAAGACG-1-18,AML4090,AML,3,-2.7643225,2.2903378
TGAGCCGTCACAGGCC-1-18,AML4090,AML,6,1.5179836,-0.7662001
AAAGCAACACTACAGT-1-18,AML4090,AML,3,-1.1997509,1.7565349
CCACGGATCATGGTCA-1-18,AML4090,AML,3,-0.9631888,3.8070853
TTATGCTTCAACTCTT-1-18,AML4090,AML,9,3.2693896,0.07655627
ATGCGATGTATAATGG-1-18,AML4090,AML,3,-0.63244456,1.5750661
ACGCCAGCACCTTGTC-1-18,AML4090,AML,7,-5.4137344,1.5003178
CGTTGGGTCTCTTGAT-1-18,AML4090,AML,9,4.8671107,-0.7503183
CGTCTACCATCGATGT-1-18,AML4090,AML,6,2.1938128,-1.9048918
GTAACGTCATTAACCG-1-18,AML4090,AML,7,-4.314049,-0.16440389
ACGGGTCTCTGTTTGT-1-18,AML4090,AML,3,-1.6044186,3.6938145
CTGATCCGTCATCCCT-1-18,AML4090,AML,5,-1.1858095,-0.89652413
CGTTGGGGTCGGCATC-1-18,AML4090,AML,9,5.440548,-0.5652096
GTAGGCCAGCGCCTTG-1-18,AML4090,AML,3,-1.5489929,1.9848825
CTCATTAGTTTGTGTG-1-18,AML4090,AML,7,-6.017078,-1.6342331
GGCAATTTCTCGTTTA-1-18,AML4090,AML,7,-5.8963084,-1.7498509
ACGATGTCACTCGACG-1-18,AML4090,AML,5,-0.92117846,0.34898624
AGGCCGTTCGATAGAA-1-18,AML4090,AML,3,-1.0784122,1.7062559
TTGTAGGGTCTGATCA-1-18,AML4090,AML,7,-5.3010983,0.7987967
GTAACTGAGAACAATC-1-18,AML4090,AML,6,-0.10888718,-0.19681625
GACGGCTCACATCTTT-1-18,AML4090,AML,3,-0.70349306,2.647586
GTGTTAGGTAGCGTAG-1-18,AML4090,AML,6,2.8388536,-2.1770566
CGGCTAGAGAATTGTG-1-18,AML4090,AML,1,9.620216,0.5884961
TCTCATAGTGCGGTAA-1-18,AML4090,AML,12,-0.076698795,6.917643
CTGTTTAGTAGTACCT-1-18,AML4090,AML,3,-1.4443407,1.7259289
TGCGCAGGTTTCCACC-1-18,AML4090,AML,3,-1.1842916,1.7067457
AACGTTGAGGATGCGT-1-18,AML4090,AML,3,-1.3952636,-0.37541875
CCATTCGTCACTCTTA-1-18,AML4090,AML,9,3.643886,0.8272353
AAGCCGCCACAAGCCC-1-18,AML4090,AML,5,-0.93574405,1.4819655
GGCTGGTTCGTCTGAA-1-18,AML4090,AML,5,-0.82181025,0.08504979
AGGTCCGAGATCTGAA-1-18,AML4090,AML,12,0.11960922,7.2216268
CGTGTCTCAGGAATCG-1-18,AML4090,AML,5,-1.2833426,1.325006
ACGGCCATCCACTCCA-1-18,AML4090,AML,7,-3.7927155,1.4770108
TCACAAGCACTTCGAA-1-18,AML4090,AML,7,-5.396637,0.46288425
CGTGAGCTCTCGTTTA-1-18,AML4090,AML,3,-1.0506552,2.0095143
CCGGTAGCATGGTCTA-1-18,AML4090,AML,6,2.9906557,-2.1149938
CGGACTGAGTACGCGA-1-18,AML4090,AML,1,9.326473,0.506609
AGAGCTTAGAGCTGGT-1-18,AML4090,AML,7,-4.505332,2.2970388
GGCTCGATCCACGTGG-1-18,AML4090,AML,3,-1.7971914,0.9509071
TGACAACGTTCTGAAC-1-18,AML4090,AML,8,-1.9386504,1.8517846
AGGTCATTCGATCCCT-1-18,AML4090,AML,8,-2.4022837,-0.74005663
CGTGAGCGTGCATCTA-1-18,AML4090,AML,6,0.9678347,-2.5961015
GCAGTTAAGCTTCGCG-1-18,AML4090,AML,7,-4.849113,0.6195569
ACACCGGGTAGCGCTC-1-18,AML4090,AML,7,-4.5561967,0.59251916
TGTGTTTCAAGTCATC-1-18,AML4090,AML,6,1.9040719,-1.5150251
TGAGAGGCACTGTGTA-1-18,AML4090,AML,12,-0.13054417,6.998088
CTGATAGCATACGCCG-1-18,AML4090,AML,3,-2.4449275,1.4276506
GCATGCGTCCTAAGTG-1-18,AML4090,AML,5,-1.0685741,1.0813754
CGTCCATCACACGCTG-1-18,AML4090,AML,3,-1.5022013,0.7193399
CGTGTAAGTTTGCATG-1-18,AML4090,AML,9,4.909502,-0.17143054
TAAGCGTGTCCCGACA-1-18,AML4090,AML,7,-2.717176,2.356922
GACACGCGTGTTGAGG-1-18,AML4090,AML,9,4.836869,-1.0409114
TGCGGGTCAATGGTCT-1-18,AML4090,AML,10,9.091361,2.5632114
GAAACTCTCTGTCCGT-1-18,AML4090,AML,8,-2.4551659,1.4702121
CGAGCACCAAAGTGCG-1-18,AML4090,AML,1,7.883501,-0.5921798
TACTCGCTCGGAGGTA-1-18,AML4090,AML,7,-5.5883355,1.3595289
GTCGTAAGTATAGGTA-1-18,AML4090,AML,9,1.350319,1.2826416
TATGCCCAGTTACCCA-1-18,AML4090,AML,3,0.76463604,2.2487917
CTGCCTATCAAGGTAA-1-18,AML4090,AML,7,-3.9764268,1.4876274
ACGAGGAGTCGAGATG-1-18,AML4090,AML,9,4.5634766,-0.4760712
GTCGTAAGTCACTTCC-1-18,AML4090,AML,5,2.5998921,-1.1727364
GTCGTAACAAGTCTAC-1-18,AML4090,AML,7,-5.133829,-0.9771634
CCGTTCAAGATGGGTC-1-18,AML4090,AML,9,5.3531957,-0.42721808
CGTTAGAAGATGCCTT-1-18,AML4090,AML,9,1.6120155,0.76245534
CTTGGCTCAGACACTT-1-18,AML4090,AML,3,-1.4616182,1.4996339
AACACGTTCTCGAGTA-1-18,AML4090,AML,7,-4.3842134,-0.7481017
GGTGAAGTCAACCATG-1-18,AML4090,AML,9,3.8761804,-0.78495175
TCCCGATAGAAGGCCT-1-18,AML4090,AML,3,-2.2333248,2.4854364
ATCTGCCAGTTTAGGA-1-18,AML4090,AML,8,-3.177275,-0.30156663
CATCAAGAGTGTACCT-1-18,AML4090,AML,1,5.8334002,-1.4762813
GACAGAGAGGCGACAT-1-18,AML4090,AML,6,1.8396946,-1.6042876
GGGCACTCATTGTGCA-1-18,AML4090,AML,6,0.8128938,-1.1090176
CTAAGACCACTGCCAG-1-18,AML4090,AML,6,2.1309035,-2.4919353
TTCCCAGGTCTTGATG-1-18,AML4090,AML,5,-0.29361418,-0.20889011
ACGCCGAGTCGGCACT-1-18,AML4090,AML,3,-2.6796918,2.9179366
GTAGTCATCTGCTGTC-1-18,AML4090,AML,8,-2.500004,1.442909
AGAGCGACACGTGAGA-1-18,AML4090,AML,7,-5.428654,0.6926465
TAGCCGGGTTATCGGT-1-18,AML4090,AML,3,-1.8773825,3.5499566
GGACGTCAGTGTACTC-1-18,AML4090,AML,3,-2.1849053,3.1551785
ACTGAACCACATTAGC-1-18,AML4090,AML,7,-5.3004093,-1.1412361
ACCCACTAGCACGCCT-1-18,AML4090,AML,6,1.9465055,-1.6031164
CAGCATAAGTACGCGA-1-18,AML4090,AML,11,4.3163214,-2.959584
AACTCCCGTTAGGGTG-1-18,AML4090,AML,8,-2.2339797,1.5855839
ACTATCTGTCTGATTG-1-18,AML4090,AML,7,-4.303997,-1.6861472
TCTGGAAGTCTGGAGA-1-18,AML4090,AML,5,0.0049890843,-0.022778455
AGTGGGAGTCCCTTGT-1-18,AML4090,AML,7,-4.942533,1.9636401
CAGAATCGTGTTGAGG-1-18,AML4090,AML,3,-1.8885254,3.2528973
TTGGAACGTGGAAAGA-1-18,AML4090,AML,2,1.9071358,-0.34819096
TCACAAGCAGACAGGT-1-18,AML4090,AML,3,-2.4656675,1.1640238
GTGGGTCTCCTACAGA-1-18,AML4090,AML,7,-4.7113585,0.39876887
CCGTTCAAGCCGCCTA-1-18,AML4090,AML,6,1.9844822,-0.18322521
CCATTCGTCGTACCGG-1-18,AML4090,AML,12,0.1983057,6.938764
GGAAAGCGTTGCCTCT-1-18,AML4090,AML,11,4.080435,-2.2185419
TTAGGACGTAGAGGAA-1-18,AML4090,AML,1,5.423759,-1.5197674
AAGGAGCGTAGAGTGC-1-18,AML4090,AML,3,-1.2244229,1.11416
AAGGTTCTCCCGACTT-1-18,AML4090,AML,6,0.069415964,-1.5546699
ACCGTAAGTCTAGCGC-1-18,AML4090,AML,7,-4.535474,0.604552
ATCATCTGTCCAGTAT-1-18,AML4090,AML,0,9.462017,1.6202095
TTTATGCGTCAACTGT-1-18,AML4090,AML,7,-4.2727923,1.5295802
CCTTCGATCAAAGTAG-1-18,AML4090,AML,0,10.816807,1.828169
CGATGTATCGCAAACT-1-18,AML4090,AML,8,-2.3203058,-0.47992906
AGTGTCAAGCCCTAAT-1-18,AML4090,AML,6,2.925618,-2.170567
GAATGAAGTCTGCAAT-1-18,AML4090,AML,7,-4.3488507,0.20327981
CGATTGAGTACCCAAT-1-18,AML4090,AML,1,9.130555,0.41672385
CTGCCTAGTACCCAAT-1-18,AML4090,AML,14,6.3234386,-3.6223905
TTAGTTCTCCACGACG-1-18,AML4090,AML,9,3.6881118,1.2792556
TACCTTAAGAGCTGCA-1-18,AML4090,AML,7,-5.3570814,0.7640519
TCATTACAGAAGGTTT-1-18,AML4090,AML,6,1.122773,-1.5577799
CACCAGGGTAGTAGTA-1-18,AML4090,AML,12,1.4948152,6.6360564
ACTGAGTGTCTACCTC-1-18,AML4090,AML,12,-0.003156864,6.7845826
CCGTTCAGTCAGCTAT-1-18,AML4090,AML,5,-0.09583063,-0.87878805
GGATTACCAGTGACAG-1-18,AML4090,AML,3,0.38788423,2.2923832
CGAATGTTCGCTGATA-1-18,AML4090,AML,7,-4.4106255,1.5738713
CGCGTTTCACCAGGTC-1-18,AML4090,AML,3,-2.308925,3.3051546
GAGTCCGCATCACGAT-1-18,AML4090,AML,3,-2.675477,2.102991
GGAAAGCTCTTTCCTC-1-18,AML4090,AML,10,8.554787,3.0065372
CAAGTTGTCACTTCAT-1-18,AML4090,AML,5,-1.2396668,0.3021387
CCGTACTGTCAGATAA-1-18,AML4090,AML,9,5.474106,-0.5180624
ATAACGCCATTACCTT-1-18,AML4090,AML,7,-5.516197,1.4185983
TGCACCTTCATTTGGG-1-18,AML4090,AML,5,-1.2104936,-0.37574542
TTTACTGCACTACAGT-1-18,AML4090,AML,3,-1.6180294,3.542227
GCAAACTCAGTCCTTC-1-18,AML4090,AML,3,0.29436883,2.3830051
GTATCTTGTTTGTGTG-1-18,AML4090,AML,3,-2.1520636,0.9009727
TCTGGAATCATAAAGG-1-18,AML4090,AML,5,-0.67244893,-0.17891304
CAGGTGCGTCCGACGT-1-18,AML4090,AML,7,-5.363481,1.2779819
AACCGCGTCGATGAGG-1-18,AML4090,AML,7,-4.453655,0.43950075
GATCGCGTCTGTACGA-1-18,AML4090,AML,7,-5.3769145,-0.53500336
TCTGGAATCTACTTAC-1-18,AML4090,AML,7,-5.2235703,-0.6645045
CAACTAGGTCTCCATC-1-18,AML4090,AML,7,-5.8451157,0.98305106
AGACGTTGTAGGGACT-1-18,AML4090,AML,6,0.76346254,-1.9635216
GGACATTAGCAAATCA-1-18,AML4090,AML,9,3.3424373,0.48306578
TTAACTCGTAATCGTC-1-18,AML4090,AML,9,4.7625575,-0.65613407
TAGTGGTAGACTTGAA-1-18,AML4090,AML,7,-5.2522187,0.42694974
GTTCTCGTCTCAAACG-1-18,AML4090,AML,7,-4.2859335,-0.19581656
ATTTCTGAGAATAGGG-1-18,AML4090,AML,7,-5.177482,1.09022
CTTAGGACAATGAAAC-1-18,AML4090,AML,7,-5.850957,0.3068769
TAGTTGGAGTATCGAA-1-18,AML4090,AML,0,10.924335,1.9867773
TGCCCATGTATCTGCA-1-18,AML4090,AML,1,9.664859,0.2736932
CGGACACCAATAGCAA-1-18,AML4090,AML,3,-1.7459273,2.6603045
CTGCGGAAGTTAAGTG-1-18,AML4090,AML,3,-1.0588715,2.4873664
ACGCCGAAGTATGACA-1-18,AML4090,AML,3,-2.1319454,1.8649044
CTTGGCTAGCCTATGT-1-18,AML4090,AML,3,-1.2422138,2.0331583
GCATGTAGTTGAGTTC-1-18,AML4090,AML,7,-5.296103,0.36986253
TACTTGTTCCATGCTC-1-18,AML4090,AML,1,9.170563,0.6581256
TGTGTTTGTAGCTAAA-1-18,AML4090,AML,3,0.2812825,0.5212411
GCGAGAATCCCTCTTT-1-18,AML4090,AML,5,-0.66398853,-0.6673358
TCCCGATCATGGTCTA-1-18,AML4090,AML,3,0.15588062,1.006441
AGCTCCTTCCACTCCA-1-18,AML4090,AML,6,0.22042294,-1.3657331
AAGCCGCAGCCATCGC-1-18,AML4090,AML,9,5.2673335,-0.9667247
CCGTTCACAGCTCGCA-1-18,AML4090,AML,7,-3.947728,2.3500378
ATGCGATTCTTTAGGG-1-18,AML4090,AML,5,-1.6225667,-0.79663575
GCTTCCATCTAACCGA-1-18,AML4090,AML,6,0.70830965,-0.27286538
ACATACGCAACAACCT-1-18,AML4090,AML,3,-1.5252718,2.0649238
ACTGAGTTCTGGTGTA-1-18,AML4090,AML,7,-5.7354836,1.8366814
TACGGATTCTTGTACT-1-18,AML4090,AML,5,0.18404633,0.92214084
GTTTCTAGTTGTGGAG-1-18,AML4090,AML,7,-5.8147607,-0.89678365
GGACAGATCATCGGAT-1-18,AML4090,AML,9,4.610448,-1.0618913
GAAATGACAGGCGATA-1-18,AML4090,AML,8,-1.8123484,1.8106045
TTCTCAACAGGCTCAC-1-18,AML4090,AML,3,-1.3688653,1.195381
CGATGTAAGAAACCTA-1-18,AML4090,AML,3,-1.8509573,1.591584
CCACCTACAACTGCGC-1-18,AML4090,AML,3,-0.40145186,1.9220238
ACGGGTCAGCTAGTCT-1-18,AML4090,AML,6,2.1532567,-1.9229853
ACGGGCTAGTTGAGTA-1-18,AML4090,AML,9,5.6064115,-0.54215974
GTTAAGCAGTGGTAGC-1-18,AML4090,AML,7,-4.8886228,0.3359705
CTAACTTCACTTAAGC-1-18,AML4090,AML,12,0.92926794,6.949138
AACTTTCCAAGTTAAG-1-18,AML4090,AML,5,-0.29287684,-0.11748362
AGCGTATGTGCAGTAG-1-18,AML4090,AML,5,-0.43837842,0.45106423
CAGCTAATCTTCTGGC-1-18,AML4090,AML,9,3.4571958,-1.5730265
CCGTGGAAGTGTACTC-1-18,AML4090,AML,7,-4.66022,0.007132273
CGAGCACAGCTAACAA-1-18,AML4090,AML,5,-0.2150239,0.14815766
TCTCATATCATTGCCC-1-18,AML4090,AML,3,-2.6817696,2.5151496
ATGTGTGCATCGATGT-1-18,AML4090,AML,3,-0.6402467,1.670014
AACACGTTCGATCCCT-1-18,AML4090,AML,7,-5.45751,-0.10425555
CTCTACGAGCTAAACA-1-18,AML4090,AML,8,-2.1210854,1.6314814
ATGCGATTCGCCTGTT-1-18,AML4090,AML,3,-2.8253467,3.1950662
ATAACGCTCGGTCTAA-1-18,AML4090,AML,9,3.6394055,0.6686523
TAGTGGTAGGGAAACA-1-18,AML4090,AML,8,-3.216616,-0.5169381
TGTCCCACACCGATAT-1-18,AML4090,AML,8,-1.8424212,1.2715306
TATCAGGCAGATAATG-1-18,AML4090,AML,7,-4.7342772,2.3361175
AAACCTGGTGATGTGG-1-18,AML4090,AML,6,0.48111275,-1.8316023
CCTCAGTGTCTGGAGA-1-18,AML4090,AML,0,10.311569,2.0453217
AGGGAGTGTTCCACGG-1-18,AML4090,AML,7,-3.9498699,-1.2643996
TTTACTGGTTGGACCC-1-18,AML4090,AML,3,-1.2401254,3.557178
TTCTACAGTTATTCTC-1-18,AML4090,AML,3,-2.8016994,2.069895
CCGGGATAGTTACGGG-1-18,AML4090,AML,3,-0.91217554,3.803575
TTGACTTGTTGACGTT-1-18,AML4090,AML,3,-0.068967775,1.8163695
CATTCGCGTCAGCTAT-1-18,AML4090,AML,12,0.44837353,7.057509
AGACGTTTCCTTTACA-1-18,AML4090,AML,3,-1.4782046,1.6762053
GCACTCTTCTGCGACG-1-18,AML4090,AML,5,-0.45690778,0.37769434
CATCGGGAGGAGTTTA-1-18,AML4090,AML,7,-4.5682225,0.5383306
TTAGGACCACTGTCGG-1-18,AML4090,AML,6,2.4039516,-2.4086103
ACACCGGTCAATAAGG-1-18,AML4090,AML,6,1.0811092,-0.73787224
TTGGAACCATTCTTAC-1-18,AML4090,AML,9,2.0992742,-0.26352546
GGTGAAGCATCCTAGA-1-18,AML4090,AML,6,2.4499214,-2.291535
AGGCCACAGTAGCCGA-1-18,AML4090,AML,9,4.3690863,0.8595943
GTCATTTGTGGTGTAG-1-18,AML4090,AML,3,-2.9356527,2.0423439
TGCGCAGGTCTCTCTG-1-18,AML4090,AML,9,4.698238,-0.22327709
GGAGCAACATCAGTCA-1-18,AML4090,AML,7,-6.3015895,0.94676125
CACACCTAGGACATTA-1-18,AML4090,AML,3,-1.0359988,1.4750788
AGTGAGGAGCTGTTCA-1-18,AML4090,AML,0,10.567405,2.1418438
CGAACATGTACAGTGG-1-18,AML4090,AML,9,5.029649,-0.6383493
AAGACCTCAGCTGCTG-1-18,AML4090,AML,6,1.4311275,-3.1490524
GCAAACTGTACCGCTG-1-18,AML4090,AML,7,-5.4133844,1.1680373
CCTTCGACACGAGGTA-1-18,AML4090,AML,9,3.0986547,-0.35143203
CTCGTACCAATGGTCT-1-18,AML4090,AML,9,3.318244,1.9576372
GGCTCGATCACGCATA-1-18,AML4090,AML,6,2.3231714,-2.2553413
GTGCATATCCTAGTGA-1-18,AML4090,AML,7,-5.226713,0.69314665
ACTTTCAAGCTGTTCA-1-18,AML4090,AML,7,-5.273619,-0.19606735
AGGCCACCAGCCAGAA-1-18,AML4090,AML,7,-4.479427,1.301249
TCACAAGGTATTACCG-1-18,AML4090,AML,6,0.72638446,-1.0662525
ACGGCCACAAGACACG-1-18,AML4090,AML,6,2.0212579,-0.7567877
TGATTTCCAAAGTGCG-1-18,AML4090,AML,8,-2.2014325,0.99521506
CACCACTGTTTGTTTC-1-18,AML4090,AML,3,-0.051513113,1.5474287
CGGACGTGTTCGGCAC-1-18,AML4090,AML,3,0.4736641,0.4057471
TTCTCAACAAGGGTCA-1-18,AML4090,AML,3,-1.6630359,1.9770504
GGTGAAGAGACTAGGC-1-18,AML4090,AML,3,-2.6232889,3.4469974
GAACCTAGTAAGTGTA-1-18,AML4090,AML,3,-0.16756216,2.299985
GTAACTGTCACATGCA-1-18,AML4090,AML,6,1.643838,-3.1832123
AGAGCGACAAGGCTCC-1-18,AML4090,AML,5,-0.4982333,0.40318352
CTAGCCTTCAGTTCGA-1-18,AML4090,AML,10,8.575012,2.6786654
AAGGAGCTCAACCAAC-1-18,AML4090,AML,8,-2.1940222,-0.5711727
AGCTCCTCACAGCCCA-1-18,AML4090,AML,11,4.5492477,-3.816726
ACTGCTCTCCCTTGCA-1-18,AML4090,AML,5,-1.4394112,0.748262
AGGTCATCATTACGAC-1-18,AML4090,AML,9,3.2827175,2.1558666
GTAACTGTCTGGAGCC-1-18,AML4090,AML,7,-5.337232,2.0671484
AGTAGTCAGTGTCCAT-1-18,AML4090,AML,3,-1.2989542,2.846249
AAGTCTGAGTGAATTG-1-18,AML4090,AML,3,-1.7189523,2.7370222
ACATACGGTTATGCGT-1-18,AML4090,AML,7,-6.0166407,0.02695172
ACTGTCCCATGTAGTC-1-18,AML4090,AML,5,-0.30374426,-0.6299256
TAAACCGTCGCCATAA-1-18,AML4090,AML,7,-5.1155806,1.2064466
AATCCAGGTCAGAAGC-1-18,AML4090,AML,3,-3.0923147,1.9584197
CTAGCCTTCTGCCCTA-1-18,AML4090,AML,3,-1.9211193,1.2881984
GGACAAGGTGTTCGAT-1-18,AML4090,AML,8,-2.1015491,-0.30325627
ATTGGACCACGGTAGA-1-18,AML4090,AML,9,3.4696314,1.195384
GACTAACAGTCTCCTC-1-18,AML4090,AML,7,-4.926067,-0.16339566
CTCGTCAGTAAACACA-1-18,AML4090,AML,3,1.6898159,0.4797628
ATCACGACAACTGGCC-1-18,AML4090,AML,9,3.3270705,1.9603893
CATATTCTCCACTCCA-1-18,AML4090,AML,7,-6.4547725,1.0926468
ACGAGCCGTACTCGCG-1-18,AML4090,AML,6,2.80097,-1.9310541
AAATGCCCAGGATCGA-1-18,AML4090,AML,7,-5.681504,0.64936477
AACACGTAGGAGTTGC-1-18,AML4090,AML,7,-6.106927,0.9415495
TAGACCACACATTCGA-1-18,AML4090,AML,6,1.161149,-1.5287321
AATCGGTTCCTTTCTC-1-18,AML4090,AML,7,-4.7995434,0.75016814
GATTCAGGTCACCCAG-1-18,AML4090,AML,3,-1.2117931,1.1416861
AGATTGCTCCAATGGT-1-18,AML4090,AML,5,-0.22144794,0.20542522
GTGGGTCCACCAGATT-1-18,AML4090,AML,7,-3.6087272,0.6727623
TTAGTTCAGAATAGGG-1-18,AML4090,AML,5,-2.0350764,1.1250402
TAGGCATAGGCCGAAT-1-19,AML4102,AML,1,7.301857,-1.2456199
AACTGGTCAAATTGCC-1-19,AML4102,AML,7,-4.4619126,2.6297934
TTCGAAGCATTCCTGC-1-19,AML4102,AML,12,-2.1714342,4.839205
TCAATCTAGAGATGAG-1-19,AML4102,AML,6,1.4034132,-1.2414114
GCATGTATCCGAGCCA-1-19,AML4102,AML,9,5.7208138,-0.24304114
TTGGAACTCCTAGGGC-1-19,AML4102,AML,12,-1.2747763,6.763372
TACACGACAATAACGA-1-19,AML4102,AML,14,7.5744762,-3.2838886
TGACTAGAGTTCGCAT-1-19,AML4102,AML,3,-3.0132427,2.7792084
GATTCAGTCGTTACAG-1-19,AML4102,AML,6,1.7882199,-0.5213906
AGCGTATTCAGAAATG-1-19,AML4102,AML,9,5.4789076,-1.0167291
TACGGGCTCTTCATGT-1-19,AML4102,AML,12,-2.9296434,3.958769
TAGGCATAGGACCACA-1-19,AML4102,AML,12,-2.6610954,4.497501
AAGGTTCTCACCTCGT-1-19,AML4102,AML,3,-2.674485,3.4168532
GTAGTCAAGCCACCTG-1-19,AML4102,AML,12,1.7171686,-0.6577268
ACATCAGTCAACACCA-1-19,AML4102,AML,12,-1.9101162,4.879859
CAGCGACAGACTTGAA-1-19,AML4102,AML,6,1.4958863,-2.5005343
TATGCCCTCTATCCTA-1-19,AML4102,AML,9,5.3741455,-2.116854
CTCATTATCGGCGGTT-1-19,AML4102,AML,3,-3.077611,1.6400287
CTAAGACGTAAGTGGC-1-19,AML4102,AML,12,-2.9253414,4.400638
CGGCTAGCAGATTGCT-1-19,AML4102,AML,12,-1.6049161,5.801038
ACCCACTGTCGAGATG-1-19,AML4102,AML,9,4.5003834,0.00948339
AGAGCTTTCAAAGTAG-1-19,AML4102,AML,6,2.0458913,-2.1130643
CCTCAGTTCCCATTAT-1-19,AML4102,AML,14,7.5731115,-3.0399752
TTTGGTTCAGTCCTTC-1-19,AML4102,AML,7,-4.1470942,2.4011328
TAAGTGCCACGCTTTC-1-19,AML4102,AML,12,-2.0395079,4.4998007
CATGCCTCAGACGCCT-1-19,AML4102,AML,12,-1.5012118,5.5451913
AGGCCGTGTATCTGCA-1-19,AML4102,AML,1,6.710592,-0.75357586
GCGACCAAGCTCTCGG-1-19,AML4102,AML,12,-2.959838,4.3947935
CCACGGATCAGTTGAC-1-19,AML4102,AML,1,7.1666,-0.5276979
CATCGGGCAAGCTGTT-1-19,AML4102,AML,6,1.7014843,-0.4394381
TGCCAAAGTATTAGCC-1-19,AML4102,AML,12,-1.3907992,6.229726
GACACGCCACGGTAGA-1-19,AML4102,AML,12,-1.1672882,6.636452
AGGCCGTCACGAAACG-1-19,AML4102,AML,3,-3.0352945,3.0773394
GCCTCTAAGTACGTAA-1-19,AML4102,AML,9,2.863491,1.8204423
GACTACACAATACGCT-1-19,AML4102,AML,12,-1.45264,6.4029064
CTCCTAGAGTTGAGAT-1-19,AML4102,AML,12,1.0399183,3.5475714
CCTTTCTGTTCTGTTT-1-19,AML4102,AML,7,-4.762663,1.2453555
CGAATGTAGATCGGGT-1-19,AML4102,AML,12,-1.2328533,7.0254517
CACCTTGAGCTACCGC-1-19,AML4102,AML,14,7.5048466,-3.4967244
CACACAATCTTCTGGC-1-19,AML4102,AML,12,-1.7761911,4.8695745
TAAGTGCTCTTATCTG-1-19,AML4102,AML,0,10.000684,1.8110791
TCAATCTAGGGTCGAT-1-19,AML4102,AML,12,-2.7555563,4.4189124
CGTGTCTAGGCATTGG-1-19,AML4102,AML,1,8.288237,-0.67222875
AAAGATGCAACCGCCA-1-19,AML4102,AML,12,-2.5882623,4.6914225
CACCAGGGTAGCACGA-1-19,AML4102,AML,9,4.6168776,0.2722465
TGTGGTATCCGTAGTA-1-19,AML4102,AML,3,-2.4649322,3.9670355
GAGCAGAGTGAGGGAG-1-19,AML4102,AML,9,5.2618537,0.10068193
CTACCCAGTCGCGTGT-1-19,AML4102,AML,12,-1.9519635,5.0746975
CTTAACTCAGGGATTG-1-19,AML4102,AML,12,-2.1318185,4.6300282
CTCGTACCACAAGACG-1-19,AML4102,AML,14,7.104175,-2.831034
CTCATTACACTGTCGG-1-19,AML4102,AML,3,-1.4554632,1.3348659
CCTACACCATGTCCTC-1-19,AML4102,AML,14,6.8536215,-3.924963
CCGTTCATCCTTTCGG-1-19,AML4102,AML,12,-1.8999116,4.3420854
TTCTCCTCATCGATTG-1-19,AML4102,AML,1,8.558781,-0.9229888
CACCAGGAGCCAGTTT-1-19,AML4102,AML,7,-4.617641,2.604913
TAGTGGTCAAGGTTTC-1-19,AML4102,AML,12,-1.3998021,6.6827803
ACATCAGCAAGAGTCG-1-19,AML4102,AML,12,-2.4699955,4.626245
CAGCTGGTCTCTAGGA-1-19,AML4102,AML,14,7.344641,-3.6555026
CAGCCGACATATACCG-1-19,AML4102,AML,10,7.9235377,1.8474131
ACGGCCAGTACTTGAC-1-19,AML4102,AML,6,-0.16275132,-0.7550234
GATCGATGTTCAGCGC-1-19,AML4102,AML,1,7.422399,-0.8972879
ATAACGCTCTGAGGGA-1-19,AML4102,AML,9,3.4422503,1.5184366
CTACGTCCAAGTCTGT-1-19,AML4102,AML,7,-4.9688354,1.8561023
CGTCACTTCCGCAAGC-1-19,AML4102,AML,12,-2.936889,4.4451685
GCTGCTTTCGGTTCGG-1-19,AML4102,AML,3,-2.3239524,3.7128632
TCTCATATCCCATTAT-1-19,AML4102,AML,9,6.080973,0.2870887
GGACAAGTCTCCAGGG-1-19,AML4102,AML,9,3.4634953,0.6637023
CAACTAGCACCAGATT-1-19,AML4102,AML,12,-2.2819245,4.475821
GTCCTCAGTACTTAGC-1-19,AML4102,AML,7,-4.1821404,3.0860507
TTAGGCAGTATAAACG-1-19,AML4102,AML,12,-2.294966,4.2081456
CGGAGCTTCTCTGTCG-1-19,AML4102,AML,11,4.5077415,-3.600505
CTCATTACACCGAAAG-1-19,AML4102,AML,9,4.8724174,0.3429691
TCGGTAAAGTTACGGG-1-19,AML4102,AML,1,7.276621,-0.5166583
CCCTCCTTCCCAAGTA-1-19,AML4102,AML,3,-2.1799872,2.3050005
GGCCGATCACTGTTAG-1-19,AML4102,AML,9,5.3069015,0.8906646
CAAGTTGAGTAATCCC-1-19,AML4102,AML,3,-1.1690614,2.9094944
GGCTGGTAGACGCAAC-1-19,AML4102,AML,12,-0.4601303,5.517981
ATTGGACGTCCGTTAA-1-19,AML4102,AML,12,-2.7369554,4.534672
AGCGTCGCAATCCAAC-1-19,AML4102,AML,12,-1.2874702,7.159772
AACCGCGTCGAATGGG-1-19,AML4102,AML,14,6.2130723,-2.1861937
GATCGTAGTCAGAAGC-1-19,AML4102,AML,1,6.619219,-1.9665537
TGAGCCGCAAGCGAGT-1-19,AML4102,AML,9,6.108299,-0.0015363164
TACACGAGTCTAGGTT-1-19,AML4102,AML,12,-2.0423262,4.5889
CGTCCATTCCTGCAGG-1-19,AML4102,AML,3,-2.2214777,3.0526576
AACTCCCGTCCAACTA-1-19,AML4102,AML,12,-2.4398575,4.9184756
CACACTCAGCTGGAAC-1-19,AML4102,AML,1,7.715295,-0.52709746
GATGAAATCTTGGGTA-1-19,AML4102,AML,12,-3.1912122,3.8934627
CACCAGGAGTTAGCGG-1-19,AML4102,AML,12,-0.5933208,4.2723336
TTCGGTCCACCCAGTG-1-19,AML4102,AML,12,-1.3434047,7.283479
TATCTCACACGGCCAT-1-19,AML4102,AML,14,7.446827,-2.9995208
TGGTTCCTCTCCCTGA-1-19,AML4102,AML,6,1.2576938,-0.26204008
TTTGTCATCAATCACG-1-19,AML4102,AML,3,-2.4436393,3.6676993
ACGAGGAGTCTAAACC-1-19,AML4102,AML,5,-2.1831534,0.4601467
TAAGCGTCATCCTAGA-1-19,AML4102,AML,12,-3.3879333,4.053504
GTCCTCATCTTTACGT-1-19,AML4102,AML,14,7.2935348,-2.9012017
GTAGGCCGTCACCTAA-1-19,AML4102,AML,14,6.2940784,-3.5883124
GAAACTCAGTCTCAAC-1-19,AML4102,AML,3,-2.521015,4.100151
CCAGCGATCCGGCACA-1-19,AML4102,AML,3,-2.2709723,4.250429
TAAGAGATCGAACGGA-1-19,AML4102,AML,1,7.114817,-1.6858749
TCGTAGAAGACCACGA-1-19,AML4102,AML,1,7.3023224,-0.8108336
CAACTAGAGCTGGAAC-1-19,AML4102,AML,12,-2.0373683,5.0365405
CATGGCGTCCTAGAAC-1-19,AML4102,AML,9,3.4908323,1.4304072
CTAGAGTGTAGGGTAC-1-19,AML4102,AML,9,4.7732286,0.11891072
GGGATGAAGAGGTAGA-1-19,AML4102,AML,12,-2.4441445,4.6542387
GTACGTACATAGGATA-1-19,AML4102,AML,6,3.0041356,-1.044327
AGAGTGGTCAATCTCT-1-19,AML4102,AML,12,-1.8501813,4.4585214
AATCGGTAGAGACGAA-1-19,AML4102,AML,6,2.618951,-1.4511492
GAACATCAGGAGTTGC-1-19,AML4102,AML,12,-1.2777747,6.6969824
TGGTTAGAGGACACCA-1-19,AML4102,AML,12,-1.0881158,6.317084
GTGTGCGAGGCTATCT-1-19,AML4102,AML,7,-4.480283,1.0865453
CGATGTATCCGATATG-1-19,AML4102,AML,12,-2.8655374,4.443871
CATTATCCATCGACGC-1-19,AML4102,AML,1,8.810921,0.069999985
GGACATTAGTCTCAAC-1-19,AML4102,AML,1,7.5066714,-0.9927194
ACGCAGCTCTGGCGAC-1-19,AML4102,AML,3,-1.1559452,2.7097218
GTCATTTCACTGTTAG-1-19,AML4102,AML,14,7.294821,-3.4852777
AGATTGCTCTCCGGTT-1-19,AML4102,AML,6,3.1999922,-1.5845593
GCATGATGTTAAAGAC-1-19,AML4102,AML,14,7.268475,-3.3562999
GCCTCTAGTACAAGTA-1-19,AML4102,AML,12,-1.818938,3.9276335
GACGCGTTCTACTTAC-1-19,AML4102,AML,3,-3.228653,3.258074
GTCGGGTGTCAAAGAT-1-19,AML4102,AML,1,7.9267435,0.17998278
AGAGCTTGTCACTGGC-1-19,AML4102,AML,12,-1.3475358,7.248907
CGTGAGCTCGTACCGG-1-19,AML4102,AML,12,-1.3216925,7.2691364
AAAGATGCACTTCGAA-1-19,AML4102,AML,12,-2.3332036,4.0190377
GGCGTGTCAAACTGCT-1-19,AML4102,AML,12,-2.1950173,4.7181287
CTACATTTCGATCCCT-1-19,AML4102,AML,12,-2.2121878,4.7486362
TGCTGCTAGTCAAGCG-1-19,AML4102,AML,12,-2.9613137,4.126352
GAACATCTCCATGAAC-1-19,AML4102,AML,3,-2.5724792,2.528669
TGCCAAATCGGCGCAT-1-19,AML4102,AML,3,-1.6431183,4.1396227
GAACATCGTCCGTGAC-1-19,AML4102,AML,2,7.1816497,2.9491787
ACGCCAGCACTTAACG-1-19,AML4102,AML,14,7.762103,-3.1016247
CCGTGGAGTATTAGCC-1-19,AML4102,AML,12,-2.6211467,4.341668
ATCATCTTCGAATGGG-1-19,AML4102,AML,7,-4.185749,1.7992282
AGGGATGCAGTACACT-1-19,AML4102,AML,9,3.9455795,1.4210597
GATCAGTCATGCAACT-1-19,AML4102,AML,12,-2.1670785,4.6651897
CTAGTGATCTCGTTTA-1-19,AML4102,AML,12,-1.6645769,5.1954474
CATGGCGGTCTAGCCG-1-19,AML4102,AML,12,-2.225455,4.600805
AGGTCCGCAAGAGTCG-1-19,AML4102,AML,7,-4.2920547,0.84954566
AACCATGAGCGACGTA-1-19,AML4102,AML,12,-1.17634,6.3990088
TTAGTTCAGTCTTGCA-1-19,AML4102,AML,12,-1.7386128,4.3865476
CTCGGGATCCTCGCAT-1-19,AML4102,AML,7,-4.8363934,0.4716601
GGGAGATGTCATCCCT-1-19,AML4102,AML,0,9.961264,1.0527126
ACGTCAAGTCTAGGTT-1-19,AML4102,AML,12,-1.6959329,5.6107836
GGGTCTGAGGCCCGTT-1-19,AML4102,AML,9,3.6281068,1.6943529
CGGTTAAAGATTACCC-1-19,AML4102,AML,9,2.5238636,-0.33794215
GCCTCTACACGAAAGC-1-19,AML4102,AML,3,-1.4180954,1.6143608
CTAATGGAGCCACGCT-1-19,AML4102,AML,6,1.5065722,-1.0077568
GACTAACGTGAGTATA-1-19,AML4102,AML,14,6.1364107,-3.5691547
CGATTGATCACTATTC-1-19,AML4102,AML,1,6.5060487,-0.91863465
CGATGGCTCAATACCG-1-19,AML4102,AML,1,9.732247,0.32202545
GGCTGGTTCGGTGTTA-1-19,AML4102,AML,12,-2.2355092,4.2175407
CACAGTACATAACCTG-1-19,AML4102,AML,12,-1.4437978,4.524823
AGTTGGTCAGATGAGC-1-19,AML4102,AML,12,-2.0622563,4.508443
GCGCGATAGGCATGTG-1-19,AML4102,AML,3,-2.7898607,4.009339
GAAGCAGGTAAGGGCT-1-19,AML4102,AML,9,6.472398,-0.6020699
ACATACGCAAAGTGCG-1-19,AML4102,AML,14,7.08932,-3.280369
CTGCGGAAGAAGGCCT-1-19,AML4102,AML,14,8.549427,-3.6678987
GCGACCATCCACGTGG-1-19,AML4102,AML,12,-2.095199,4.8429427
ACATGGTGTCGAGATG-1-19,AML4102,AML,3,-1.7708743,2.9623322
CGCCAAGGTAGCTTGT-1-19,AML4102,AML,14,7.2740793,-3.4227326
CACATTTAGGTGCACA-1-19,AML4102,AML,1,7.1624894,-1.537108
ACAGCCGCACTCAGGC-1-19,AML4102,AML,9,4.140877,-0.08133726
GCATGTACAAGCTGAG-1-19,AML4102,AML,7,-3.7263682,-0.44633618
GACTACACAACCGCCA-1-19,AML4102,AML,10,9.19047,3.3265555
GTTCTCGAGCTTATCG-1-19,AML4102,AML,12,-1.3399938,7.42647
GATCTAGCAGATCCAT-1-19,AML4102,AML,11,4.766251,-3.9528203
AGGCCGTTCGGATGTT-1-19,AML4102,AML,3,-2.9008567,2.7938411
CGCGTTTTCTCCAGGG-1-19,AML4102,AML,10,8.331564,1.4009411
CTTACCGCACAGACAG-1-19,AML4102,AML,12,-1.6897402,5.686204
TGACTAGAGGAGTACC-1-19,AML4102,AML,3,-2.177626,1.7938153
TAGACCATCGGTCCGA-1-19,AML4102,AML,3,-1.5860964,3.4536116
GTAGGCCAGGATTCGG-1-19,AML4102,AML,3,1.2865765,-0.15753026
CGCCAAGTCCGCGGTA-1-19,AML4102,AML,1,7.5079975,-1.3222811
GCGCAGTAGAGTGAGA-1-19,AML4102,AML,9,6.796143,-0.51449555
CTTACCGCAATGACCT-1-19,AML4102,AML,14,7.1220717,-2.6833634
GCACATAAGGTACTCT-1-19,AML4102,AML,0,10.503434,1.3976927
AGATCTGGTATAGGTA-1-19,AML4102,AML,1,7.3701534,-1.2215178
GGAATAATCACCTCGT-1-19,AML4102,AML,12,-2.1897824,4.463285
AAGACCTGTTGGTGGA-1-19,AML4102,AML,12,-2.373099,4.3043823
GATGCTATCGTTTAGG-1-19,AML4102,AML,12,-1.7527652,5.289897
CACCACTAGGACAGCT-1-19,AML4102,AML,12,-3.2267523,3.800505
ACTATCTCATTAACCG-1-19,AML4102,AML,7,-4.078735,2.4236953
CTCGAGGAGTGAAGAG-1-19,AML4102,AML,3,-2.7968137,3.221534
CCCAATCCATACTACG-1-19,AML4102,AML,12,-1.9417431,4.6267495
ACGCAGCCAACACGCC-1-19,AML4102,AML,12,-2.8011074,4.517024
GGATGTTCAGGTCTCG-1-19,AML4102,AML,12,-1.4265516,5.9368277
CCGTTCAGTAGCTTGT-1-19,AML4102,AML,14,6.935665,-2.4985507
CTCTACGAGCTAGGCA-1-19,AML4102,AML,12,-2.6895812,4.5815487
GATCGCGTCTCACATT-1-19,AML4102,AML,12,-3.019845,4.119373
ACGGGTCGTTGGAGGT-1-19,AML4102,AML,9,6.517041,-0.6214697
ATTATCCTCCGTAGGC-1-19,AML4102,AML,3,-2.817163,3.0840788
ATGGGAGTCGTCACGG-1-19,AML4102,AML,3,-3.1713567,3.4983077
CGTCCATAGAAGCCCA-1-19,AML4102,AML,7,-4.3741837,2.2891304
ACGGAGAGTTGTGGCC-1-19,AML4102,AML,12,-2.3869162,4.401154
CAGCATACATGCCACG-1-19,AML4102,AML,1,8.378395,-1.1524793
CCAGCGATCACCATAG-1-19,AML4102,AML,1,9.399076,0.47566324
ATTGGACAGCCTCGTG-1-19,AML4102,AML,3,-1.3657159,3.420848
TATCAGGAGCGCCTCA-1-19,AML4102,AML,6,1.1194776,-1.1312208
CATCCACAGACTCGGA-1-19,AML4102,AML,3,-0.54921997,2.7653968
GCGACCACATGCAATC-1-19,AML4102,AML,9,4.947158,0.4511808
GGGATGATCGTCTGAA-1-19,AML4102,AML,9,4.1330066,0.121077135
TGGCCAGAGGATGGAA-1-19,AML4102,AML,9,5.8155365,-0.6700927
GAACGGACAAGTAGTA-1-19,AML4102,AML,12,-0.49410525,4.1992197
GATCTAGAGACTTGAA-1-19,AML4102,AML,11,4.434245,-3.2637112
CAACTAGAGTGAAGAG-1-19,AML4102,AML,10,8.610302,1.8340278
CTGATCCTCGCTTAGA-1-19,AML4102,AML,2,6.9324636,3.4836822
TTGCGTCTCTATCCCG-1-19,AML4102,AML,3,-3.085806,2.5451655
CGGTTAAAGTTGCAGG-1-19,AML4102,AML,14,7.54465,-3.1321654
CAGTAACTCGAACGGA-1-19,AML4102,AML,1,8.36552,-0.9708025
AAGGTTCAGAGCTATA-1-19,AML4102,AML,12,-2.1422064,4.917974
GCGGGTTTCGGATGTT-1-19,AML4102,AML,14,8.006413,-3.656745
ACTGTCCTCCTACAGA-1-19,AML4102,AML,0,10.328747,2.160985
CAACTAGTCTCCTATA-1-19,AML4102,AML,9,4.395203,-1.0716252
TCAGGATTCGAGAACG-1-19,AML4102,AML,9,3.4229412,-0.17192464
CTAGAGTGTTACAGAA-1-19,AML4102,AML,12,-2.311215,4.574883
GACTACACACCGTTGG-1-19,AML4102,AML,12,-2.3913379,4.8981485
ATCCGAAAGACCTAGG-1-19,AML4102,AML,1,7.117568,-0.74824303
ACCGTAAGTTGTACAC-1-19,AML4102,AML,1,8.423792,-1.0056791
ACTGAGTCACAAGTAA-1-19,AML4102,AML,1,7.602333,-1.0917649
ACGAGGAAGGCGTACA-1-19,AML4102,AML,1,6.8569374,-0.5661515
CTTTGCGTCAACCAAC-1-19,AML4102,AML,9,5.307987,0.054964226
TACGGGCTCGCACTCT-1-19,AML4102,AML,14,7.756105,-3.6501865
AGTCTTTGTCGCATCG-1-19,AML4102,AML,12,-2.0616226,5.0623627
CACAGGCCAGTCACTA-1-19,AML4102,AML,12,-2.1229725,1.6154772
CATCAAGTCCCTCAGT-1-19,AML4102,AML,3,-1.5256207,1.522475
GCTTCCAAGCGTCTAT-1-19,AML4102,AML,12,-2.435396,4.523915
CTCCTAGTCAGTGTTG-1-19,AML4102,AML,1,9.843087,-0.11533353
AACTCCCAGGCCATAG-1-19,AML4102,AML,7,-4.3421082,2.7583413
ACGATGTGTTCGTCTC-1-19,AML4102,AML,9,3.7558987,-0.4928809
GTCAAGTAGACTTTCG-1-19,AML4102,AML,12,-3.609438,3.4964778
ACGGAGACAGTGACAG-1-19,AML4102,AML,12,-3.6224353,3.970289
GTCAAGTGTTTAAGCC-1-19,AML4102,AML,12,-2.3434737,4.6244535
CCTAGCTTCCACGTGG-1-19,AML4102,AML,14,7.1799107,-2.4242017
TCAGCAAAGCTGCCCA-1-19,AML4102,AML,1,7.258702,-1.1109301
TAAACCGTCATGCAAC-1-19,AML4102,AML,6,0.79059666,-0.30908954
AACACGTTCCCAAGAT-1-19,AML4102,AML,12,-1.2169456,6.6288238
GTCGTAAAGGGAAACA-1-19,AML4102,AML,7,-6.3351555,0.7295182
TTTGGTTGTTGCTCCT-1-19,AML4102,AML,1,8.545334,-0.7918098
GGACGTCAGTATGACA-1-19,AML4102,AML,14,7.0775485,-3.1665251
TTATGCTAGCTCAACT-1-19,AML4102,AML,14,7.5892105,-3.539141
TGGTTCCTCAGAAATG-1-19,AML4102,AML,9,4.4129086,0.11223524
GGGTCTGTCGCGGATC-1-19,AML4102,AML,12,-2.440356,4.817121
CGGAGCTAGAAGGGTA-1-19,AML4102,AML,6,2.793904,-0.16297193
GTATCTTCACCGAATT-1-19,AML4102,AML,9,3.464679,1.6285919
AGTTGGTGTTAAAGTG-1-19,AML4102,AML,14,7.7340817,-3.748445
ACGGCCATCCGCTGTT-1-19,AML4102,AML,3,-2.563753,3.2149725
AGAATAGGTAATTGGA-1-19,AML4102,AML,1,7.247927,-0.7883466
ACTTGTTTCGCATGAT-1-19,AML4102,AML,9,3.9080455,-0.1014337
CGCTTCATCCCTCAGT-1-19,AML4102,AML,9,3.9944847,0.09625306
TAGGCATTCCTGTAGA-1-19,AML4102,AML,14,6.443632,-3.6533604
TCTGGAAAGCAAATCA-1-19,AML4102,AML,9,5.3571134,0.23979522
ATTGGACCACCATCCT-1-19,AML4102,AML,12,-1.9883037,5.245932
ACGGGTCAGAGCCCAA-1-19,AML4102,AML,1,7.731171,-1.213018
GCGCAGTTCAGGATCT-1-19,AML4102,AML,0,9.909363,1.2069302
ACATGGTTCATGTCTT-1-19,AML4102,AML,3,-2.4967022,3.9867218
TGCGGGTCAACGATCT-1-19,AML4102,AML,12,-1.2509223,4.5099487
CCTAGCTGTTAGTGGG-1-19,AML4102,AML,12,-1.6626464,4.485105
TGAGCATAGAAGAAGC-1-19,AML4102,AML,9,5.827979,-0.055431023
CGTCACTGTAATCACC-1-19,AML4102,AML,12,-1.3461875,7.1151967
ACTGATGCAGGGAGAG-1-19,AML4102,AML,14,7.581071,-3.488254
GACTAACCACGACGAA-1-19,AML4102,AML,12,-2.926617,4.4319577
TGCGGGTCAGCTCGCA-1-19,AML4102,AML,12,-3.616938,4.0152617
GAAACTCAGGAACTGC-1-19,AML4102,AML,3,-1.5188481,3.4455712
GAAACTCAGCCGGTAA-1-19,AML4102,AML,7,-3.936978,2.361021
ACGCCAGGTAGCCTCG-1-19,AML4102,AML,7,-4.2206774,2.533695
AGAGCGAGTAGCTGCC-1-19,AML4102,AML,9,5.7294807,0.35539922
CACACCTGTGCACCAC-1-19,AML4102,AML,9,5.245585,-1.0890282
GAGTCCGAGTCGTTTG-1-19,AML4102,AML,12,-1.9571229,4.9431005
AGTGTCACAAACTGCT-1-19,AML4102,AML,3,-1.8258414,3.839142
TTAGGACCACAGACTT-1-19,AML4102,AML,1,6.7947392,0.9175912
CACAGGCTCGGTGTTA-1-19,AML4102,AML,12,-1.3398938,4.2376347
TGGCGCATCATGCTCC-1-19,AML4102,AML,9,2.2732372,0.6406883
AGAGCGAAGTTTCCTT-1-19,AML4102,AML,14,7.2568455,-2.837454
CTAGTGATCGACAGCC-1-19,AML4102,AML,14,7.6504197,-3.797816
GCAGCCACAAGGGTCA-1-19,AML4102,AML,12,-3.4761705,4.1361074
CTTGGCTTCTCAAGTG-1-19,AML4102,AML,3,-3.6624553,2.9004254
TACTTGTCAAACTGTC-1-19,AML4102,AML,9,4.9373927,-0.962781
TACACGAAGCAGATCG-1-19,AML4102,AML,11,4.02724,-2.2240782
TCAATCTAGGTGATAT-1-19,AML4102,AML,9,4.2785287,-1.3663327
AACTGGTTCACGCGGT-1-19,AML4102,AML,12,-1.3784608,7.152021
CCAGCGATCAGAAATG-1-19,AML4102,AML,12,-1.8770059,4.619034
CCTCTGAAGCTCCTTC-1-19,AML4102,AML,9,4.917669,-0.7365056
ATCCACCCATGATCCA-1-19,AML4102,AML,7,-5.9178715,1.5027264
TTTACTGGTCTGATTG-1-19,AML4102,AML,14,7.7314043,-3.779141
ATGTGTGAGAGGTTAT-1-19,AML4102,AML,9,4.7816176,-1.1880546
AAACCTGGTCCGTCAG-1-20,AML4116,AML,6,2.4583178,-0.36856338
AAACCTGTCGTTACAG-1-20,AML4116,AML,7,-4.6760077,2.3356147
AAACGGGCATCGGAAG-1-20,AML4116,AML,7,-5.3810563,-0.6934299
AAAGATGAGGTGATAT-1-20,AML4116,AML,1,9.63166,-0.05517954
AAAGCAAAGAAACGCC-1-20,AML4116,AML,1,6.916099,-1.1724758
AAATGCCCACACATGT-1-20,AML4116,AML,7,-6.2449307,0.18100694
AAATGCCGTGCAACTT-1-20,AML4116,AML,3,-0.20148182,2.2707849
AAATGCCTCCGAAGAG-1-20,AML4116,AML,9,4.5913887,-0.6688659
AACACGTCACATCTTT-1-20,AML4116,AML,7,-4.7349634,-0.90973264
AACACGTGTCGACTGC-1-20,AML4116,AML,7,-5.6330247,-0.28987804
AACGTTGTCTATCCTA-1-20,AML4116,AML,3,0.24595416,1.9205754
AACTCCCAGGTCGGAT-1-20,AML4116,AML,1,8.4018545,-1.3397547
AACTCTTAGTTTAGGA-1-20,AML4116,AML,12,0.49870387,6.9292817
AACTGGTTCCGTAGGC-1-20,AML4116,AML,11,4.949341,-3.873897
AACTTTCGTCAAGCGA-1-20,AML4116,AML,3,-0.40102258,0.8991489
AAGGAGCTCTACCAGA-1-20,AML4116,AML,3,-0.2572383,1.5434289
AAGGCAGTCATCGCTC-1-20,AML4116,AML,9,3.59715,1.322114
AAGGCAGTCTCCAACC-1-20,AML4116,AML,10,8.699074,2.7685664
AAGTCTGGTGTGAAAT-1-20,AML4116,AML,9,3.321415,1.3714939
AATCCAGGTGCCTGGT-1-20,AML4116,AML,3,-2.4657803,3.7258878
AATCCAGTCCAGGGCT-1-20,AML4116,AML,9,3.1465318,1.6728178
AATCGGTAGGCATGGT-1-20,AML4116,AML,12,-1.0531644,5.0103846
AATCGGTGTACATCCA-1-20,AML4116,AML,11,5.598161,-3.4342427
AATCGGTGTCGCATCG-1-20,AML4116,AML,14,6.041762,-3.6979947
AATCGGTGTTAGTGGG-1-20,AML4116,AML,11,4.611162,-4.1199203
ACACCAAGTACAGCAG-1-20,AML4116,AML,7,-5.7924476,0.90538037
ACACCAAGTGCTCTTC-1-20,AML4116,AML,7,-6.1857467,2.2223518
ACACTGAAGCCGGTAA-1-20,AML4116,AML,9,6.01617,-0.763996
ACACTGAAGCTGTCTA-1-20,AML4116,AML,12,0.52696174,4.3689227
ACACTGATCTTTCCTC-1-20,AML4116,AML,7,-6.3573813,0.8851689
ACAGCTAGTTTAGCTG-1-20,AML4116,AML,7,-3.8857577,0.9309746
ACAGCTATCCCAGGTG-1-20,AML4116,AML,7,-5.177541,0.5023376
ACCAGTAAGACTTTCG-1-20,AML4116,AML,9,4.734411,-0.5176192
ACCCACTAGCTGAACG-1-20,AML4116,AML,1,5.845233,-0.9836056
ACCCACTAGGTGTTAA-1-20,AML4116,AML,7,-5.8867264,-0.1339472
ACGAGCCCACATGGGA-1-20,AML4116,AML,9,6.5775156,0.15726723
ACGAGGACAAACGTGG-1-20,AML4116,AML,2,6.677052,3.5350053
ACGATGTAGTCCATAC-1-20,AML4116,AML,14,6.7088447,-3.8129997
ACGCAGCCAAGTTGTC-1-20,AML4116,AML,1,6.374949,-1.3392055
ACGGAGAGTGGTTTCA-1-20,AML4116,AML,3,-0.8698205,3.61847
ACGGAGAGTGTCAATC-1-20,AML4116,AML,15,-3.5506752,-0.63652694
ACGGGCTCACCGTTGG-1-20,AML4116,AML,7,-5.5778475,2.2685938
ACGGGTCGTTGGTAAA-1-20,AML4116,AML,5,-0.28999355,0.5300487
ACTATCTTCCGTACAA-1-20,AML4116,AML,9,4.623373,-0.76291436
ACTATCTTCCTTAATC-1-20,AML4116,AML,3,-1.4062912,3.8872406
ACTGAACCAGATGAGC-1-20,AML4116,AML,5,-0.26315156,0.93286586
ACTGAGTGTTGTGGCC-1-20,AML4116,AML,9,3.2090957,1.4688447
ACTGATGAGCAACGGT-1-20,AML4116,AML,11,3.8492756,-2.458153
ACTGATGGTAGCCTCG-1-20,AML4116,AML,1,6.934639,-1.674428
ACTGCTCTCCTAGGGC-1-20,AML4116,AML,9,2.3496423,1.6304451
ACTGTCCAGACAAGCC-1-20,AML4116,AML,5,-0.07522257,0.8305058
ACTGTCCAGTTTGCGT-1-20,AML4116,AML,8,-1.8087696,0.50567126
ACTTACTAGATACACA-1-20,AML4116,AML,9,4.888662,-1.0463197
ACTTACTTCGTATCAG-1-20,AML4116,AML,3,-3.2391229,3.2383287
ACTTGTTCACCGTTGG-1-20,AML4116,AML,1,6.9859834,-1.7847521
ACTTGTTTCTTGTACT-1-20,AML4116,AML,1,6.5549517,-1.6379244
AGACGTTCAGGATCGA-1-20,AML4116,AML,9,3.2379174,2.0623896
AGAGCGACATGGATGG-1-20,AML4116,AML,6,0.57752085,-0.38650933
AGAGCGAGTACTTGAC-1-20,AML4116,AML,3,-1.0081335,3.6170385
AGAGCGATCCTATTCA-1-20,AML4116,AML,9,3.6240683,0.19756478
AGAGCTTAGGGATGGG-1-20,AML4116,AML,7,-4.826311,-0.39757544
AGATCTGAGGGAACGG-1-20,AML4116,AML,3,-0.7921107,3.8306894
AGATTGCAGTCCCACG-1-20,AML4116,AML,6,0.40694115,0.57704186
AGCAGCCAGCCCAACC-1-20,AML4116,AML,7,-5.562647,1.9392251
AGCAGCCTCGGCGCTA-1-20,AML4116,AML,9,1.8770761,1.6971496
AGCATACGTACCGGCT-1-20,AML4116,AML,3,-1.3932179,3.4431617
AGCATACGTGGGTATG-1-20,AML4116,AML,6,1.0583,-1.4104682
AGCGGTCTCTGCTGCT-1-20,AML4116,AML,3,1.5986847,0.5899048
AGCGTCGCACCCATTC-1-20,AML4116,AML,3,-2.1179304,4.0199966
AGCGTCGCAGGCAGTA-1-20,AML4116,AML,9,3.6452484,1.8376101
AGCGTCGTCAGTTGAC-1-20,AML4116,AML,6,0.75311697,0.7716531
AGCTCCTCATCCGTGG-1-20,AML4116,AML,3,-1.4849155,3.5107627
AGCTCTCTCCATGAAC-1-20,AML4116,AML,7,-4.5222106,-0.55976117
AGGCCGTGTCGTCTTC-1-20,AML4116,AML,3,1.0426797,1.087922
AGGGATGTCCATGAAC-1-20,AML4116,AML,11,4.2087693,-4.2950687
AGGTCATAGGATGGAA-1-20,AML4116,AML,1,7.9893436,-1.2969837
AGGTCCGCAGTTCCCT-1-20,AML4116,AML,9,3.127837,0.7323693
AGTGAGGAGAAACCGC-1-20,AML4116,AML,9,3.9154482,1.7464991
AGTGAGGAGCTGTTCA-1-20,AML4116,AML,7,-5.3540196,-0.46765468
AGTGAGGGTTGGGACA-1-20,AML4116,AML,7,-5.7336726,1.2041868
AGTGAGGTCTTGAGGT-1-20,AML4116,AML,3,-2.435192,2.7329907
AGTGGGAGTGCCTTGG-1-20,AML4116,AML,9,4.5829053,-0.944198
AGTTGGTAGCCACGCT-1-20,AML4116,AML,7,-5.198722,-0.5325072
AGTTGGTAGTATCTCG-1-20,AML4116,AML,7,-4.7576995,-1.3794594
ATAACGCAGTACGACG-1-20,AML4116,AML,7,-4.968556,-0.5103322
ATAACGCAGTCCTCCT-1-20,AML4116,AML,1,6.797206,-1.4429319
ATAACGCCAGCCAGAA-1-20,AML4116,AML,9,4.7695956,0.6934677
ATAAGAGCAGCAGTTT-1-20,AML4116,AML,6,1.5997511,-1.2682742
ATAGACCGTCTGCCAG-1-20,AML4116,AML,8,-1.4966213,-0.26439267
ATAGACCGTGTTAAGA-1-20,AML4116,AML,11,4.2175417,-4.4036727
ATAGACCTCGTAGATC-1-20,AML4116,AML,1,6.5622454,-1.7687759
ATCACGAAGTGGAGAA-1-20,AML4116,AML,7,-6.172169,0.07288872
ATCACGATCATTTGGG-1-20,AML4116,AML,6,2.9597244,-1.1929909
ATCATCTTCGTCTGAA-1-20,AML4116,AML,1,6.203289,-0.9890583
ATCATCTTCTGAAAGA-1-20,AML4116,AML,7,-6.3738894,0.68979543
ATCATGGTCAACTCTT-1-20,AML4116,AML,7,-5.839223,-0.6987984
ATCCACCCAGCAGTTT-1-20,AML4116,AML,3,-0.092365354,1.5676442
ATCCGAAAGTCTCGGC-1-20,AML4116,AML,1,7.563832,-1.6167309
ATCGAGTCACGAAACG-1-20,AML4116,AML,5,0.2920358,-0.35233143
ATCTACTGTGAAATCA-1-20,AML4116,AML,9,4.8742275,0.14974105
ATGAGGGGTTCCGTCT-1-20,AML4116,AML,3,0.0119282175,1.872468
ATGAGGGGTTGGACCC-1-20,AML4116,AML,9,5.859525,-0.26128837
ATGAGGGTCGTGGACC-1-20,AML4116,AML,11,4.115688,-3.300451
ATGCGATCATATGGTC-1-20,AML4116,AML,3,-0.56129843,2.1682951
ATGCGATTCTACTTAC-1-20,AML4116,AML,1,6.7853513,-1.6066322
ATGGGAGAGCAGATCG-1-20,AML4116,AML,1,7.1812196,-0.35705587
ATGGGAGTCAAGGTAA-1-20,AML4116,AML,5,0.96882033,1.0646468
ATTACTCGTCGCCATG-1-20,AML4116,AML,11,3.8658311,-3.407506
ATTCTACCAATCCGAT-1-20,AML4116,AML,1,6.154703,-1.5632234
ATTCTACTCATATCGG-1-20,AML4116,AML,9,3.962288,-0.100947455
ATTGGACTCAGAGACG-1-20,AML4116,AML,7,-4.894151,-0.6362643
ATTGGTGAGGAGTTTA-1-20,AML4116,AML,7,-6.4039373,0.18701787
ATTGGTGCAGGGTACA-1-20,AML4116,AML,9,3.52102,1.4120256
CAACCTCCAGTATCTG-1-20,AML4116,AML,5,0.29750547,0.2780861
CAACCTCGTTCAGTAC-1-20,AML4116,AML,8,-2.2729216,0.5641969
CAACTAGCATGATCCA-1-20,AML4116,AML,7,-5.311979,-0.68922365
CAACTAGTCTACTTAC-1-20,AML4116,AML,5,-0.46673805,-0.08345748
CAAGAAAAGGTGCTTT-1-20,AML4116,AML,7,-4.803754,1.6503528
CAAGATCAGTCCATAC-1-20,AML4116,AML,3,0.25402108,2.238065
CAAGGCCAGACAAAGG-1-20,AML4116,AML,13,0.9357374,5.4932666
CAAGTTGCATGATCCA-1-20,AML4116,AML,7,-5.739959,0.63278854
CAAGTTGGTCTCAACA-1-20,AML4116,AML,7,-6.511395,0.24606967
CACACAATCCCTAATT-1-20,AML4116,AML,7,-5.701409,1.8503149
CACACCTAGCTGAACG-1-20,AML4116,AML,3,-1.0660781,3.367567
CACACCTCAAGAGTCG-1-20,AML4116,AML,3,0.058038373,3.055564
CACACCTTCACTTATC-1-20,AML4116,AML,6,1.7612092,-1.332388
CACACTCGTTACCGAT-1-20,AML4116,AML,7,-6.199013,0.09662652
CACAGGCAGGCTCAGA-1-20,AML4116,AML,14,6.1742334,-3.6391776
CACAGTATCCGTTGTC-1-20,AML4116,AML,7,-6.310344,0.518669
CACAGTATCGGCGGTT-1-20,AML4116,AML,0,10.748126,1.5619907
CACATAGGTCGCATAT-1-20,AML4116,AML,6,0.73105925,-0.2556523
CACATAGTCGCGTAGC-1-20,AML4116,AML,1,6.063369,-1.0724304
CACCACTTCCCATTTA-1-20,AML4116,AML,5,0.0064366055,-0.41766763
CACCAGGCAAGCGATG-1-20,AML4116,AML,1,6.3316364,-1.6055849
CACCAGGGTGACGCCT-1-20,AML4116,AML,9,4.418948,0.8866544
CACCTTGGTCTTGTCC-1-20,AML4116,AML,3,-1.606716,3.882376
CAGAATCCAGATAATG-1-20,AML4116,AML,11,4.2312813,-4.108085
CAGAATCGTCGCATAT-1-20,AML4116,AML,7,-5.5266967,0.91753757
CAGAGAGTCGGCATCG-1-20,AML4116,AML,9,1.5515522,1.3763155
CAGATCACAGCTCGCA-1-20,AML4116,AML,7,-5.060676,1.7241073
CAGCATAAGATGAGAG-1-20,AML4116,AML,7,-6.328918,1.2454246
CAGCATATCAGTCAGT-1-20,AML4116,AML,7,-6.2916427,1.5837591
CAGCTAAAGCAGGCTA-1-20,AML4116,AML,9,2.2767026,1.6449547
CAGCTAACAAGACGTG-1-20,AML4116,AML,1,7.6374025,-0.5560605
CAGCTAATCACTTACT-1-20,AML4116,AML,7,-6.1412687,2.2607899
CAGCTGGTCACATGCA-1-20,AML4116,AML,7,-6.192964,0.29280338
CAGCTGGTCGATGAGG-1-20,AML4116,AML,1,9.458709,0.40834585
CAGGTGCCAGGGTACA-1-20,AML4116,AML,5,0.2761921,0.6677434
CAGTAACAGTTTGCGT-1-20,AML4116,AML,6,1.8449014,-1.6820948
CAGTAACCAAAGTCAA-1-20,AML4116,AML,3,0.1903535,2.77835
CATATGGAGGAATGGA-1-20,AML4116,AML,5,-1.0703914,-0.2583534
CATCAAGTCTTAGCCC-1-20,AML4116,AML,3,-0.6459734,3.6957374
CATCAGACAAATTGCC-1-20,AML4116,AML,9,1.6159613,-0.1281938
CATCAGATCTCATTCA-1-20,AML4116,AML,15,-2.3805106,1.2074467
CATCCACAGCAGCGTA-1-20,AML4116,AML,7,-5.7002497,-0.28621435
CATCGGGAGATACACA-1-20,AML4116,AML,1,8.842512,0.36747694
CATGACAAGCTATGCT-1-20,AML4116,AML,7,-5.766081,2.4427173
CATTATCGTCTTCAAG-1-20,AML4116,AML,7,-6.0299687,-0.6632792
CATTCGCCAGCGTTCG-1-20,AML4116,AML,7,-5.409987,-0.47703078
CCAATCCAGATCCCAT-1-20,AML4116,AML,7,-4.6924562,1.2133726
CCAATCCGTAGCTCCG-1-20,AML4116,AML,1,7.5880303,-1.5041021
CCAATCCTCAACACTG-1-20,AML4116,AML,7,-5.4799595,-0.6888173
CCACGGACAGACTCGC-1-20,AML4116,AML,3,-0.64327365,3.4450068
CCACGGATCGTAGGTT-1-20,AML4116,AML,8,-1.0959834,1.2208031
CCACTACAGCTCTCGG-1-20,AML4116,AML,1,9.12357,0.5262012
CCATGTCGTTGTCGCG-1-20,AML4116,AML,9,6.278959,0.39433864
CCATGTCTCCTGTAGA-1-20,AML4116,AML,7,-6.11821,-0.17363174
CCCAATCCAATAACGA-1-20,AML4116,AML,5,-0.31272218,1.3740734
CCCTCCTAGCTTATCG-1-20,AML4116,AML,7,-5.927397,2.539798
CCCTCCTAGGCGTACA-1-20,AML4116,AML,7,-5.782079,-0.26663136
CCCTCCTTCTAGCACA-1-20,AML4116,AML,9,5.984639,-0.23936333
CCGGTAGGTTCGCTAA-1-20,AML4116,AML,7,-4.009463,-1.7716024
CCGTACTCATACTCTT-1-20,AML4116,AML,9,2.8581822,0.6548353
CCGTTCAGTGTGAAAT-1-20,AML4116,AML,11,3.8617525,-3.4946837
CCGTTCATCCCTAATT-1-20,AML4116,AML,11,4.203475,-4.3144703
CCTACACGTGTAACGG-1-20,AML4116,AML,9,3.422388,0.3409184
CCTATTACAATCACAC-1-20,AML4116,AML,9,2.757629,1.7502661
CCTCAGTTCCTCTAGC-1-20,AML4116,AML,11,3.4899933,-2.900797
CCTCTGAAGCGATAGC-1-20,AML4116,AML,9,2.7670858,1.0532708
CCTCTGAAGCTAAACA-1-20,AML4116,AML,7,-6.0704794,-0.25968936
CCTTACGAGGCTAGCA-1-20,AML4116,AML,7,-5.813886,-0.37655717
CCTTACGCAGGGTATG-1-20,AML4116,AML,9,5.963596,-0.3668669
CCTTCGAAGTGTTTGC-1-20,AML4116,AML,14,6.632364,-3.6105165
CCTTCGATCCACGCAG-1-20,AML4116,AML,12,-0.36029235,4.9935055
CCTTCGATCCCTAACC-1-20,AML4116,AML,3,-0.5692001,2.2075617
CCTTTCTCAATCAGAA-1-20,AML4116,AML,7,-6.1976023,-0.5909933
CCTTTCTTCCCTAATT-1-20,AML4116,AML,7,-4.4774637,2.66979
CGACCTTAGCCGATTT-1-20,AML4116,AML,7,-4.9426312,-1.2319473
CGACCTTCAGGATCGA-1-20,AML4116,AML,9,3.5188134,1.2623749
CGACTTCAGAAACCGC-1-20,AML4116,AML,11,4.451254,-4.083424
CGAGCACAGTCATGCT-1-20,AML4116,AML,9,3.919462,1.6444967
CGAGCACGTGCTGTAT-1-20,AML4116,AML,7,-5.3379526,1.0908856
CGAGCCACATTACGAC-1-20,AML4116,AML,3,0.16039912,0.9483014
CGAGCCAGTTTGTTGG-1-20,AML4116,AML,7,-5.91797,-0.55709255
CGAGCCATCATTGCGA-1-20,AML4116,AML,9,4.8592544,-0.1925767
CGATCGGAGGCATGGT-1-20,AML4116,AML,9,4.5375166,-0.8962079
CGATCGGCATGCCTTC-1-20,AML4116,AML,6,2.376109,0.5782571
CGATGGCTCAGTCAGT-1-20,AML4116,AML,0,9.636174,1.585793
CGATTGAAGAGACTTA-1-20,AML4116,AML,7,-5.9762015,-0.38352785
CGATTGAAGGCTATCT-1-20,AML4116,AML,1,6.813428,-1.4676796
CGATTGACACAACTGT-1-20,AML4116,AML,5,-0.23662734,1.0009044
CGATTGATCCGATATG-1-20,AML4116,AML,5,-0.23264927,0.9607936
CGCTTCAAGGCCCTTG-1-20,AML4116,AML,11,5.0940466,-3.8588157
CGCTTCATCTCTGTCG-1-20,AML4116,AML,1,8.521789,1.380838
CGGACACAGGCTCTTA-1-20,AML4116,AML,7,-4.802968,1.3225948
CGGACACCAGGGCATA-1-20,AML4116,AML,7,-5.029193,2.1832829
CGGAGCTCAGGAATGC-1-20,AML4116,AML,9,1.956052,1.5860689
CGGCTAGCACTTACGA-1-20,AML4116,AML,7,-5.2578344,0.44019815
CGGCTAGGTACGAAAT-1-20,AML4116,AML,12,2.6400592,6.002926
CGGGTCACAGCTGCTG-1-20,AML4116,AML,9,2.8528438,1.3733804
CGGGTCAGTAGGGACT-1-20,AML4116,AML,7,-5.455287,-1.301465
CGGTTAAAGAGGGATA-1-20,AML4116,AML,3,-0.15941782,0.09368945
CGGTTAATCTGCAAGT-1-20,AML4116,AML,11,4.2228117,-4.5194197
CGTAGCGGTCATACTG-1-20,AML4116,AML,7,-6.54933,-0.21127401
CGTAGCGGTTGAACTC-1-20,AML4116,AML,9,2.4215307,1.7868553
CGTAGGCGTGTCAATC-1-20,AML4116,AML,7,-4.2676744,-0.97474444
CGTCACTGTGTCAATC-1-20,AML4116,AML,9,2.1333826,0.04137531
CGTCTACCATGCCTTC-1-20,AML4116,AML,5,-0.42866644,1.5465701
CGTGAGCAGCGTGTCC-1-20,AML4116,AML,3,-1.4241662,3.3469973
CGTGAGCAGTGTTTGC-1-20,AML4116,AML,14,6.5114226,-3.9431336
CGTGAGCCAAAGTCAA-1-20,AML4116,AML,9,3.1750069,1.2988629
CGTGAGCCATAACCTG-1-20,AML4116,AML,5,0.106719665,1.0611892
CGTGTCTCACCAGTTA-1-20,AML4116,AML,7,-3.6011946,-1.6268761
CGTGTCTGTATTCGTG-1-20,AML4116,AML,3,-1.1724007,3.749956
CTAACTTGTCGAGTTT-1-20,AML4116,AML,3,-0.0067269555,2.1403737
CTAACTTTCCTAAGTG-1-20,AML4116,AML,9,1.9120362,1.6247021
CTAAGACTCTTGCAAG-1-20,AML4116,AML,1,6.6213517,-0.9321809
CTAATGGGTCTGGTCG-1-20,AML4116,AML,3,-1.7493501,3.6162
CTAATGGTCTCAACTT-1-20,AML4116,AML,3,0.54011273,2.4457867
CTACATTAGGCAGGTT-1-20,AML4116,AML,7,-6.3355393,0.49911475
CTACATTCAGTGACAG-1-20,AML4116,AML,1,6.2026343,-1.6016191
CTACATTCATATGGTC-1-20,AML4116,AML,0,9.889054,1.3364098
CTACATTGTAGTAGTA-1-20,AML4116,AML,8,-2.3791752,2.1997054
CTACATTTCGGCTTGG-1-20,AML4116,AML,1,6.5079384,-1.931079
CTACGTCAGGTGATAT-1-20,AML4116,AML,9,4.978141,0.14757976
CTACGTCCAAGTAGTA-1-20,AML4116,AML,5,0.638219,-0.7317266
CTACGTCTCGGTCCGA-1-20,AML4116,AML,11,4.25731,-4.3408685
CTAGAGTGTGCACGAA-1-20,AML4116,AML,7,-6.374862,0.8747154
CTAGTGACATGAAGTA-1-20,AML4116,AML,12,0.7520503,4.214688
CTCACACCACACTGCG-1-20,AML4116,AML,3,-0.22329038,2.8653138
CTCAGAATCAATCTCT-1-20,AML4116,AML,9,3.9459894,1.3531122
CTCATTAGTGCTCTTC-1-20,AML4116,AML,3,-0.3585984,1.5753675
CTCATTATCACCGTAA-1-20,AML4116,AML,9,3.540415,1.8092501
CTCCTAGTCTAGCACA-1-20,AML4116,AML,11,4.2397904,-4.349882
CTCGGAGCAGTGGGAT-1-20,AML4116,AML,11,4.8309603,-3.690918
CTCGGAGGTTTGTGTG-1-20,AML4116,AML,3,-3.4925106,2.7283309
CTCGGAGTCAGGTTCA-1-20,AML4116,AML,9,3.4588785,1.3723985
CTCGGGAAGCATCATC-1-20,AML4116,AML,9,4.8462563,-0.10218155
CTCTAATAGAGATGAG-1-20,AML4116,AML,7,-5.1441317,-1.6178273
CTCTAATCACGCCAGT-1-20,AML4116,AML,5,-0.4394354,1.84667
CTCTAATTCTAACGGT-1-20,AML4116,AML,1,6.415575,-1.8033963
CTGAAACCAATCGGTT-1-20,AML4116,AML,1,8.448472,-1.0574782
CTGAAACTCAAGGCTT-1-20,AML4116,AML,7,-3.5683553,0.279094
CTGAAGTCAAAGGTGC-1-20,AML4116,AML,1,6.4725437,-1.1694216
CTGAAGTCACAGGCCT-1-20,AML4116,AML,5,0.5553926,0.39640412
CTGAAGTTCCTCGCAT-1-20,AML4116,AML,1,6.2901144,-0.8068836
CTGAAGTTCGGTTCGG-1-20,AML4116,AML,9,4.009066,1.7377053
CTGATAGAGCACCGCT-1-20,AML4116,AML,1,7.3376317,-1.9583366
CTGATCCCAGCTGTTA-1-20,AML4116,AML,7,-6.5533514,0.595134
CTGATCCGTAGGACAC-1-20,AML4116,AML,7,-5.5858426,0.59798855
CTGCCTAGTACACCGC-1-20,AML4116,AML,7,-4.8063865,1.5205702
CTGCGGAAGATAGTCA-1-20,AML4116,AML,9,3.0117931,1.1255558
CTGCGGACATGTCTCC-1-20,AML4116,AML,3,0.0098345475,3.0096111
CTGCGGAGTTGCGCAC-1-20,AML4116,AML,3,-0.54986733,1.7986546
CTGCTGTTCTGAGTGT-1-20,AML4116,AML,3,-0.2852987,1.1822534
CTGTGCTCAGGAATCG-1-20,AML4116,AML,1,7.049682,-1.527776
CTGTGCTTCACCCTCA-1-20,AML4116,AML,6,0.9343398,-0.76454556
CTTCTCTAGATGTAAC-1-20,AML4116,AML,7,-6.403897,-0.13943335
CTTGGCTAGAAGGACA-1-20,AML4116,AML,9,5.6911407,-0.20507623
CTTTGCGCACTTACGA-1-20,AML4116,AML,7,-6.4510407,-0.30998433
GAAATGATCGTATCAG-1-20,AML4116,AML,7,-5.9516306,1.1339749
GAACATCTCAAACAAG-1-20,AML4116,AML,9,5.5607543,-1.4348148
GAATAAGAGCCTATGT-1-20,AML4116,AML,11,5.2534924,-3.4870656
GAATGAACAGCAGTTT-1-20,AML4116,AML,1,6.483728,-1.2714576
GAATGAATCCCGGATG-1-20,AML4116,AML,6,1.2756264,-1.606433
GACGCGTCAATGGTCT-1-20,AML4116,AML,3,-2.0287094,3.3895524
GACGCGTGTCATTAGC-1-20,AML4116,AML,7,-4.155621,2.0315013
GACGCGTGTGTTTGTG-1-20,AML4116,AML,6,0.8487976,-0.6452233
GACGGCTGTCACACGC-1-20,AML4116,AML,5,1.3611488,2.0370998
GACGGCTGTCCAAGTT-1-20,AML4116,AML,3,0.93159103,1.4071312
GACGGCTGTGAGCGAT-1-20,AML4116,AML,5,0.30677155,1.5560619
GACGTGCCAGCTGTGC-1-20,AML4116,AML,3,-0.9514324,2.251559
GACGTGCGTGTGACCC-1-20,AML4116,AML,14,7.0962873,-3.7747245
GACTAACCATCAGTAC-1-20,AML4116,AML,5,-0.39491567,0.40437698
GACTAACGTATATGGA-1-20,AML4116,AML,7,-6.0433383,-0.35271505
GACTAACGTGATGTCT-1-20,AML4116,AML,15,-3.6450098,1.0765921
GACTAACGTTCCACTC-1-20,AML4116,AML,3,-1.1081425,3.8409138
GACTACAAGGATGCGT-1-20,AML4116,AML,9,1.5886102,1.5699692
GACTGCGAGGCCCTCA-1-20,AML4116,AML,7,-5.294739,1.7643212
GACTGCGGTAAAGTCA-1-20,AML4116,AML,6,2.4386222,0.48558557
GACTGCGGTCTCTCTG-1-20,AML4116,AML,1,8.997636,0.22388522
GACTGCGTCCTTTACA-1-20,AML4116,AML,8,-1.6932734,-0.010112981
GACTGCGTCGTACGGC-1-20,AML4116,AML,1,6.0604362,-1.0884575
GAGCAGACATACTACG-1-20,AML4116,AML,7,-4.8989305,-0.9038016
GAGCAGATCAGTACGT-1-20,AML4116,AML,6,3.3048637,-2.4177315
GAGTCCGGTAGATTAG-1-20,AML4116,AML,7,-5.24464,-1.0256201
GATCAGTAGTTGCAGG-1-20,AML4116,AML,7,-5.7493787,0.62754494
GATCGCGAGATGCCAG-1-20,AML4116,AML,1,5.8227625,-1.968094
GATCGCGGTGGACGAT-1-20,AML4116,AML,9,4.7879643,-0.02052583
GATCGTAAGAATGTGT-1-20,AML4116,AML,5,0.24308272,1.0944799
GATGAAAAGCCAGTAG-1-20,AML4116,AML,6,3.6227748,-1.4777817
GATGAAAAGTGTCCAT-1-20,AML4116,AML,6,1.8247925,-3.180667
GATGAAACACATGACT-1-20,AML4116,AML,5,-0.57458293,0.7929656
GATGAAACACGGTAAG-1-20,AML4116,AML,6,1.8664237,-3.2488
GATGAAACAGATCTGT-1-20,AML4116,AML,1,6.3320565,-0.9111707
GATTCAGGTCTGGAGA-1-20,AML4116,AML,6,2.3047051,-1.906163
GATTCAGGTGGCCCTA-1-20,AML4116,AML,7,-5.927982,0.23076232
GCAAACTCACACAGAG-1-20,AML4116,AML,14,6.172063,-3.960232
GCAAACTCAGTCGATT-1-20,AML4116,AML,1,9.379607,0.67193925
GCAAACTCATCCCATC-1-20,AML4116,AML,11,3.6683626,-2.4749823
GCAAACTGTATAGGGC-1-20,AML4116,AML,9,2.6326702,1.75849
GCAATCATCTCCAACC-1-20,AML4116,AML,3,0.21003175,2.6269257
GCACATAAGCAAATCA-1-20,AML4116,AML,7,-6.232349,1.1529826
GCACATAAGTCGATAA-1-20,AML4116,AML,1,6.838571,-1.5232519
GCACTCTGTGTGAATA-1-20,AML4116,AML,6,2.0175953,-0.181588
GCAGCCAAGTCGTTTG-1-20,AML4116,AML,6,2.532282,-2.5039358
GCAGCCAGTTAAAGTG-1-20,AML4116,AML,7,-5.620629,-0.6705754
GCATGATAGGTCGGAT-1-20,AML4116,AML,1,5.6947894,-1.4225392
GCATGATAGGTGCTAG-1-20,AML4116,AML,1,8.096588,-1.4858506
GCATGATTCAACACGT-1-20,AML4116,AML,3,-1.8122821,3.9502788
GCATGCGTCACTTATC-1-20,AML4116,AML,8,-2.9463758,1.9794884
GCCAAATAGCTCCTTC-1-20,AML4116,AML,9,5.3457236,-0.5971766
GCCTCTACACTGCCAG-1-20,AML4116,AML,6,1.1256961,-0.70790625
GCGACCAAGTGCGTGA-1-20,AML4116,AML,9,2.5209272,1.8009156
GCGCAACAGGTGCTAG-1-20,AML4116,AML,5,-1.4208747,-0.70432085
GCGCCAATCCCATTTA-1-20,AML4116,AML,3,-3.8602123,3.3123896
GCGGGTTAGACCACGA-1-20,AML4116,AML,7,-4.5312357,-1.5754501
GCGGGTTAGTGCTGCC-1-20,AML4116,AML,7,-4.55938,-1.6152132
GCTCCTACACGTAAGG-1-20,AML4116,AML,7,-5.992551,1.069514
GCTCCTAGTAGCTTGT-1-20,AML4116,AML,1,6.830451,-1.8201369
GCTGCAGAGCGATATA-1-20,AML4116,AML,7,-6.0230927,0.2004716
GCTGCAGCACTGAAGG-1-20,AML4116,AML,7,-3.5968344,-0.50133735
GCTGCAGTCAGTTCGA-1-20,AML4116,AML,7,-5.593881,2.7282128
GCTGCGAAGGTGATAT-1-20,AML4116,AML,1,9.689918,-0.3823472
GCTGCGATCATAGCAC-1-20,AML4116,AML,7,-4.8648725,1.912905
GCTGCTTAGAGTGAGA-1-20,AML4116,AML,7,-4.1431375,-1.2938888
GCTGCTTAGGAACTGC-1-20,AML4116,AML,6,1.4846948,-1.2475351
GCTGCTTTCCGTCATC-1-20,AML4116,AML,1,8.208057,-1.6236953
GCTGGGTAGCTAGTCT-1-20,AML4116,AML,9,3.8181312,2.1105092
GCTTCCAAGCGCCTTG-1-20,AML4116,AML,5,-2.0455465,0.38752574
GCTTGAACATCTCGCT-1-20,AML4116,AML,7,-5.0648265,-0.01395486
GGAAAGCAGTACACCT-1-20,AML4116,AML,7,-5.871568,1.1773047
GGAAAGCTCGAGCCCA-1-20,AML4116,AML,1,9.633787,1.2454624
GGAAAGCTCTGGGCCA-1-20,AML4116,AML,1,6.426674,-1.3900594
GGAACTTTCTTGTATC-1-20,AML4116,AML,1,7.065499,-1.7086179
GGACAGAGTAAGAGAG-1-20,AML4116,AML,1,8.815267,-0.371495
GGACATTGTCTCCATC-1-20,AML4116,AML,5,0.4377322,0.0010818939
GGACATTGTTAAGATG-1-20,AML4116,AML,3,-2.375852,4.0364323
GGAGCAAAGCTAACAA-1-20,AML4116,AML,7,-4.648484,-1.4430943
GGATGTTAGGGAAACA-1-20,AML4116,AML,6,1.4085447,-0.23048246
GGATGTTCACTTAAGC-1-20,AML4116,AML,1,6.942122,-0.13646506
GGATGTTCATGATCCA-1-20,AML4116,AML,11,3.8031445,-2.6361244
GGATGTTGTTCCACTC-1-20,AML4116,AML,8,-0.40253636,1.2187157
GGATTACCATGCTGGC-1-20,AML4116,AML,9,3.7041194,1.5923359
GGCCGATAGTAACCCT-1-20,AML4116,AML,1,6.058435,-1.6445844
GGCCGATCACCCTATC-1-20,AML4116,AML,11,4.16111,-4.18016
GGCGACTTCCTTTCGG-1-20,AML4116,AML,7,-4.770739,-0.3459367
GGCGTGTCACGACGAA-1-20,AML4116,AML,3,1.0540656,-0.05351163
GGCGTGTCATGGATGG-1-20,AML4116,AML,1,7.6701293,0.031906404
GGCGTGTGTCACCCAG-1-20,AML4116,AML,7,-5.004501,-0.5086241
GGCGTGTGTCCGAGTC-1-20,AML4116,AML,3,-2.0251462,0.9731577
GGCTCGATCTGCGACG-1-20,AML4116,AML,9,3.2812214,1.099488
GGGAATGAGTCAAGCG-1-20,AML4116,AML,1,9.056988,0.66076267
GGGAATGGTACCTACA-1-20,AML4116,AML,6,1.805403,-3.318725
GGGACCTTCAACGAAA-1-20,AML4116,AML,7,-6.0207515,1.6309149
GGGAGATAGACAAGCC-1-20,AML4116,AML,7,-5.947248,1.8857868
GGGAGATAGCAATATG-1-20,AML4116,AML,3,-0.73163354,3.9273522
GGGATGAGTATAATGG-1-20,AML4116,AML,5,0.1368861,0.49900717
GGGATGATCTATCGCC-1-20,AML4116,AML,3,0.46093637,2.3211923
GGGATGATCTCCGGTT-1-20,AML4116,AML,7,-5.624386,2.3123865
GGGCATCAGGTAGCTG-1-20,AML4116,AML,7,-4.2444725,-1.8006767
GGGCATCGTTGCGCAC-1-20,AML4116,AML,9,4.669356,0.5440562
GGGTCTGAGGCTACGA-1-20,AML4116,AML,11,4.0419936,-2.5554748
GGGTCTGTCGGCTACG-1-20,AML4116,AML,1,8.779237,0.3700769
GGGTTGCTCGCCAGCA-1-20,AML4116,AML,7,-6.007494,-0.06754201
GGTATTGAGGAGTACC-1-20,AML4116,AML,7,-4.456945,-0.0766728
GGTATTGCATCGGTTA-1-20,AML4116,AML,7,-6.170327,0.48245084
GGTATTGTCAGGCGAA-1-20,AML4116,AML,7,-5.8877378,0.31728208
GGTGAAGCAGTTCCCT-1-20,AML4116,AML,9,6.327707,0.42646056
GGTGCGTCACCTTGTC-1-20,AML4116,AML,9,5.3212595,-0.4755884
GGTGCGTTCGTCTGAA-1-20,AML4116,AML,7,2.6905475,0.9945448
GGTGTTAGTGGCTCCA-1-20,AML4116,AML,3,-0.93755853,4.027063
GTAACGTAGTACTTGC-1-20,AML4116,AML,7,-5.1076255,2.2224412
GTACGTAGTTCAGCGC-1-20,AML4116,AML,11,4.1926312,-4.236371
GTACTCCAGCTCAACT-1-20,AML4116,AML,7,-6.3302336,-0.22135675
GTACTCCCAATCCAAC-1-20,AML4116,AML,1,8.530816,-1.0038605
GTAGGCCCACTAAGTC-1-20,AML4116,AML,5,0.25135848,-0.60546756
GTATCTTCATGATCCA-1-20,AML4116,AML,11,4.2517366,-4.0171576
GTCATTTGTGCAGACA-1-20,AML4116,AML,5,-0.057197426,1.3128313
GTCGTAATCTGGTTCC-1-20,AML4116,AML,3,-0.48609757,2.963966
GTGCAGCGTGAGGGTT-1-20,AML4116,AML,11,4.5031714,-3.7461739
GTGCAGCTCCATTCTA-1-20,AML4116,AML,3,-0.24661192,1.9514408
GTGCATACAAGGTGTG-1-20,AML4116,AML,7,-4.976943,-1.5777234
GTGCATACATCCAACA-1-20,AML4116,AML,3,-2.5692945,0.75400347
GTGTGCGAGCCCTAAT-1-20,AML4116,AML,7,-5.6770215,1.1894177
GTGTGCGAGCTCCTCT-1-20,AML4116,AML,3,-0.48431754,1.0869111
GTGTGCGGTACAGTGG-1-20,AML4116,AML,5,-1.8771266,0.41841316
GTGTGCGGTCCGTCAG-1-20,AML4116,AML,6,1.0693028,-2.0887024
GTGTTAGCATGTCGAT-1-20,AML4116,AML,9,2.328068,1.4877758
GTGTTAGTCGGAGCAA-1-20,AML4116,AML,7,-4.712195,2.0533175
GTTAAGCGTTCGAATC-1-20,AML4116,AML,5,-0.011588962,0.6159087
GTTAAGCTCCGCATAA-1-20,AML4116,AML,7,-6.2055387,0.5536572
GTTCATTTCAGCGACC-1-20,AML4116,AML,7,-5.7613764,0.83721465
GTTCGGGGTGCCTGGT-1-20,AML4116,AML,7,-5.4382825,0.0026158052
GTTCTCGAGGGTCTCC-1-20,AML4116,AML,11,4.3283286,-4.0785694
GTTCTCGCACGCATCG-1-20,AML4116,AML,9,2.3424735,1.4474419
GTTCTCGCACTTCGAA-1-20,AML4116,AML,9,3.0607789,0.31446823
TAAGAGATCGCAGGCT-1-20,AML4116,AML,3,0.4754398,0.67712945
TAAGAGATCGGAAACG-1-20,AML4116,AML,12,-0.10927935,5.913161
TAAGTGCTCATACGGT-1-20,AML4116,AML,7,-5.3783073,-0.62885916
TACACGAAGCTTATCG-1-20,AML4116,AML,1,7.4087195,-2.013352
TACACGATCATTCACT-1-20,AML4116,AML,9,6.9498634,0.123546585
TACAGTGTCATAGCAC-1-20,AML4116,AML,5,0.22713128,0.744826
TACCTATAGTCCGTAT-1-20,AML4116,AML,11,4.0922523,-4.016112
TACCTATTCATCGGAT-1-20,AML4116,AML,1,8.015369,-1.410297
TACCTATTCTCCAGGG-1-20,AML4116,AML,7,-6.0978823,0.21159232
TACCTTAGTTATCACG-1-20,AML4116,AML,1,8.369743,1.1365302
TACCTTATCAAACCGT-1-20,AML4116,AML,1,6.5578766,-1.628982
TACTCGCGTTACGTCA-1-20,AML4116,AML,7,-5.38264,1.9979999
TACTTACAGGATGGTC-1-20,AML4116,AML,11,5.365774,-3.6693373
TACTTACTCACGGTTA-1-20,AML4116,AML,1,7.810179,-1.2274593
TACTTGTGTCCCTACT-1-20,AML4116,AML,3,0.23063184,2.1322377
TACTTGTGTGCTAGCC-1-20,AML4116,AML,9,3.495753,1.3629931
TAGACCAAGCATCATC-1-20,AML4116,AML,9,3.8200161,1.4747163
TAGAGCTTCTTAGAGC-1-20,AML4116,AML,14,8.170009,-2.8539128
TAGCCGGCAACTGGCC-1-20,AML4116,AML,1,6.053714,-1.399965
TAGCCGGCAATGCCAT-1-20,AML4116,AML,15,-3.0395591,0.59928495
TAGGCATGTGGTACAG-1-20,AML4116,AML,7,-4.6570215,-0.6887385
TAGTGGTCAATTGCTG-1-20,AML4116,AML,3,-0.31485125,3.1838186
TAGTGGTGTTCGTCTC-1-20,AML4116,AML,3,-0.74565434,3.1138163
TATCAGGCATGCAACT-1-20,AML4116,AML,3,-0.6613402,1.3147606
TATCAGGGTGATAAAC-1-20,AML4116,AML,12,0.34449872,6.4722695
TATGCCCTCTCTAAGG-1-20,AML4116,AML,9,2.4690607,1.7684895
TCACAAGTCGCTTGTC-1-20,AML4116,AML,1,7.843925,-1.7589183
TCACGAACAATAAGCA-1-20,AML4116,AML,3,-1.3605745,3.8533869
TCACGAAGTTGGAGGT-1-20,AML4116,AML,11,3.5487707,-2.726429
TCAGATGTCATGTAGC-1-20,AML4116,AML,3,-0.21715322,2.6338456
TCAGCAATCTACGAGT-1-20,AML4116,AML,3,0.97822356,0.40620366
TCAGCTCGTTGAACTC-1-20,AML4116,AML,3,-2.325312,3.3477218
TCAGGTAGTGAAAGAG-1-20,AML4116,AML,13,1.254623,6.1901517
TCATTTGCAAGGCTCC-1-20,AML4116,AML,3,0.274425,2.7042372
TCATTTGCATGCATGT-1-20,AML4116,AML,6,2.1208448,-1.9579909
TCCACACAGACGCACA-1-20,AML4116,AML,1,8.8091,0.3719793
TCCACACCACTCTGTC-1-20,AML4116,AML,5,0.5285003,1.3352923
TCGAGGCCAAGACGTG-1-20,AML4116,AML,3,-0.10048458,3.3402724
TCGAGGCGTACTCAAC-1-20,AML4116,AML,8,-1.9211535,-0.7735887
TCGCGAGCACGCCAGT-1-20,AML4116,AML,3,-2.3807387,1.6004244
TCGCGAGTCCTGTACC-1-20,AML4116,AML,7,-5.9857707,2.0204372
TCGCGAGTCGGTCCGA-1-20,AML4116,AML,3,-0.087621026,1.3277321
TCGCGTTTCTAACGGT-1-20,AML4116,AML,8,-3.2010324,-0.41392908
TCGGGACAGAGGGATA-1-20,AML4116,AML,9,5.0972795,-0.94250715
TCGGGACGTATAGGTA-1-20,AML4116,AML,5,-0.3691286,0.24348621
TCGGTAAAGAGTGAGA-1-20,AML4116,AML,3,-3.1666083,1.4916549
TCGGTAATCGCGTAGC-1-20,AML4116,AML,3,0.24090227,2.5836403
TCGTAGACACAGCGTC-1-20,AML4116,AML,7,-4.5558004,2.0051627
TCGTAGAGTGCAACTT-1-20,AML4116,AML,5,0.63972265,1.4251916
TCGTAGAGTTAAGACA-1-20,AML4116,AML,7,-6.107249,0.3062887
TCTTTCCAGCGTGAGT-1-20,AML4116,AML,7,-5.213306,-0.79523176
TGAAAGAAGCCACTAT-1-20,AML4116,AML,3,-0.30158272,3.480566
TGACAACAGGAGCGAG-1-20,AML4116,AML,5,0.090542406,1.7458477
TGACAACGTTATCGGT-1-20,AML4116,AML,3,1.9614033,0.36660543
TGACAACTCTATGTGG-1-20,AML4116,AML,8,-1.0127014,1.0454355
TGACGGCAGTCGTTTG-1-20,AML4116,AML,7,-4.6879334,-1.6665366
TGACGGCCACCGATAT-1-20,AML4116,AML,7,-5.942372,0.85683
TGACGGCTCCCTAACC-1-20,AML4116,AML,9,6.3268437,-0.39715686
TGACTAGCACGAAACG-1-20,AML4116,AML,11,5.386287,-3.6414802
TGACTAGGTTGGTAAA-1-20,AML4116,AML,5,0.35960197,-0.289886
TGACTAGTCAAACCAC-1-20,AML4116,AML,9,3.37172,1.7363824
TGACTTTAGTTGCAGG-1-20,AML4116,AML,7,-5.628695,2.5751061
TGACTTTTCCGCAGTG-1-20,AML4116,AML,7,-6.6180935,0.68269587
TGAGAGGAGATCTGCT-1-20,AML4116,AML,3,-0.9225964,4.2116914
TGAGAGGAGCCTCGTG-1-20,AML4116,AML,1,6.9636903,-0.78554696
TGAGAGGAGGACACCA-1-20,AML4116,AML,7,-5.251647,1.3758909
TGAGAGGCAAGAAGAG-1-20,AML4116,AML,3,-0.30439314,3.2795558
TGAGAGGTCGTACCGG-1-20,AML4116,AML,8,-3.0213113,1.6026523
TGAGCATCACGAAAGC-1-20,AML4116,AML,1,6.742741,-1.1932275
TGAGCCGTCGATCCCT-1-20,AML4116,AML,1,5.7518063,-1.7716489
TGAGCCGTCGTCACGG-1-20,AML4116,AML,9,3.2822564,-0.6062534
TGAGGGACAACCGCCA-1-20,AML4116,AML,3,-0.64618516,1.0944117
TGCCAAACACAACGTT-1-20,AML4116,AML,1,6.7767243,-1.8566315
TGCCCTATCGCATGAT-1-20,AML4116,AML,9,2.4107125,1.200819
TGCTGCTGTATGAATG-1-20,AML4116,AML,11,4.1486,-4.3794475
TGGACGCCATCTATGG-1-20,AML4116,AML,9,5.938528,-0.075747736
TGGCCAGCAACGCACC-1-20,AML4116,AML,1,6.1360993,-1.8522544
TGGCCAGTCGCCATAA-1-20,AML4116,AML,9,2.6146963,1.6533161
TGGTTAGAGATTACCC-1-20,AML4116,AML,9,3.6732643,1.2757418
TGGTTCCAGACTCGGA-1-20,AML4116,AML,5,0.09516802,0.27106306
TGGTTCCCACACTGCG-1-20,AML4116,AML,3,1.4958004,0.39510208
TGTATTCGTTACGGAG-1-20,AML4116,AML,14,6.1744876,-3.7733533
TGTATTCTCGGAGGTA-1-20,AML4116,AML,3,1.324045,-0.006821524
TGTCCCAAGATCCTGT-1-20,AML4116,AML,1,9.830528,0.09335604
TGTCCCAGTTTGTTGG-1-20,AML4116,AML,11,5.608542,-3.528349
TGTGGTAAGGCCCGTT-1-20,AML4116,AML,9,3.1353889,0.9703083
TGTTCCGTCTCTAAGG-1-20,AML4116,AML,9,2.7251997,-0.36274537
TTAACTCTCACTTATC-1-20,AML4116,AML,3,-0.33148998,1.4475716
TTAGGACTCACAAACC-1-20,AML4116,AML,1,9.379544,1.138349
TTAGTTCAGTACGTTC-1-20,AML4116,AML,11,4.1886625,-4.376832
TTCCCAGTCATTCACT-1-20,AML4116,AML,5,0.18855374,-0.91162497
TTCGGTCCACCTATCC-1-20,AML4116,AML,7,-5.3291063,-0.525889
TTCTACAGTAAATGTG-1-20,AML4116,AML,7,-6.512562,0.18198697
TTCTACAGTCGCTTTC-1-20,AML4116,AML,7,-4.3683267,2.6562407
TTCTCAACAGTTTACG-1-20,AML4116,AML,7,-5.724261,0.17105062
TTCTCCTTCCTCTAGC-1-20,AML4116,AML,5,0.114818305,0.72853553
TTCTTAGGTTCCGTCT-1-20,AML4116,AML,7,-5.7035813,-0.7833985
TTGACTTGTCCGACGT-1-20,AML4116,AML,3,1.8634496,1.049564
TTGCGTCCAACACCTA-1-20,AML4116,AML,3,-0.11922487,1.1129135
TTGGAACCAGGGCATA-1-20,AML4116,AML,3,-0.79322517,1.3299339
TTGGAACGTATAGGTA-1-20,AML4116,AML,8,-2.5212667,2.3333533
TTGGAACTCGGAAACG-1-20,AML4116,AML,11,4.7675962,-3.6611872
TTGGCAATCTTAGCCC-1-20,AML4116,AML,6,0.736058,-0.08361498
TTGTAGGAGGCTAGCA-1-20,AML4116,AML,0,10.608181,2.6241379
TTTATGCCAAGTAATG-1-20,AML4116,AML,6,2.7632868,-0.8606843
TTTGCGCGTTCGTCTC-1-20,AML4116,AML,7,-4.678613,0.6602638
TTTGTCACACCTGGTG-1-20,AML4116,AML,9,4.911058,-0.4275908
AACTCAGCAATGGAAT-1-21,AML4127,AML,7,-4.001066,-1.6017048
TAGTTGGAGTGGACGT-1-21,AML4127,AML,3,0.19744943,0.8633426
CTACACCTCTAACCGA-1-21,AML4127,AML,6,1.9624592,-1.5585629
GCAGTTACAATAACGA-1-21,AML4127,AML,3,-2.6998935,-0.87997985
AGCGGTCAGTAAGTAC-1-21,AML4127,AML,3,-0.6549779,-0.6616848
GCACATATCAACGGCC-1-21,AML4127,AML,7,-4.555336,1.5463207
TACAGTGTCCTTTCGG-1-21,AML4127,AML,9,4.3448186,-1.2965003
CACTCCAAGGGTATCG-1-21,AML4127,AML,9,5.7142243,-0.43248746
TACTTACAGTGTGGCA-1-21,AML4127,AML,7,-4.1875267,1.2098296
CGAACATTCAATCACG-1-21,AML4127,AML,3,-0.53226644,1.1011819
CTGTGCTAGCCTATGT-1-21,AML4127,AML,6,3.5535,-1.7442403
CCGGGATTCCATGAGT-1-21,AML4127,AML,6,3.4897828,-2.0408661
TACTTACTCTTGAGAC-1-21,AML4127,AML,1,6.30605,-1.4537282
TGGGAAGTCCTATTCA-1-21,AML4127,AML,15,-2.4053793,-0.54826176
TATGCCCTCACTATTC-1-21,AML4127,AML,7,-5.168015,0.15412386
GAACGGAGTCTTCAAG-1-21,AML4127,AML,3,0.07495673,2.890311
CCTAGCTGTGTGGCTC-1-21,AML4127,AML,9,5.439373,-0.17080411
ACTTTCAGTAGCTAAA-1-21,AML4127,AML,9,5.098813,-0.4686295
GTTACAGCATGGTTGT-1-21,AML4127,AML,1,6.807754,-1.2311279
CGCTGGATCTGTGCAA-1-21,AML4127,AML,7,-4.558769,0.19994147
GCTTGAACATGTCCTC-1-21,AML4127,AML,12,-0.5634613,3.6760397
AGCGTATCAGTAACGG-1-21,AML4127,AML,6,3.585055,-1.6042857
GAATGAACATACCATG-1-21,AML4127,AML,3,-1.8935511,0.3615627
AGTAGTCTCAGCTCTC-1-21,AML4127,AML,7,-5.3462033,-0.156862
CAGTCCTCACGTTGGC-1-21,AML4127,AML,9,4.9131823,-1.5825014
GGGATGACATCAGTAC-1-21,AML4127,AML,6,2.7834697,-2.6838477
CTCTAATGTTACGGAG-1-21,AML4127,AML,7,-5.0728025,0.33418295
AGAGCGATCTATCCTA-1-21,AML4127,AML,7,-4.4655366,-2.0081441
CTGAAACAGGAGTAGA-1-21,AML4127,AML,7,-4.348587,-1.842357
CATTCGCAGCTCTCGG-1-21,AML4127,AML,3,-1.9305748,1.3985382
CCTAAAGAGACTCGGA-1-21,AML4127,AML,0,10.443879,2.060082
CTCGGGAGTCCCTACT-1-21,AML4127,AML,7,-4.4219995,0.69969004
CCTTCCCTCGTCCAGG-1-21,AML4127,AML,9,4.0967455,-1.4214848
CAACCTCAGGAATTAC-1-21,AML4127,AML,11,5.3548923,-3.7095983
ACACCGGTCTGACCTC-1-21,AML4127,AML,3,-2.385752,2.447198
CTGTGCTAGATGTGGC-1-21,AML4127,AML,5,-0.35876787,-0.37909287
GACGTTACAATCCAAC-1-21,AML4127,AML,9,6.517831,-0.07273761
ACATACGTCGGAAATA-1-21,AML4127,AML,3,-1.4092925,0.3146907
AGACGTTAGGGAGTAA-1-21,AML4127,AML,2,6.3781533,2.562956
GGGAGATAGACGCACA-1-21,AML4127,AML,3,1.4253559,1.0380051
CGTTCTGTCCTATGTT-1-21,AML4127,AML,3,-1.4783229,-0.22402015
TTAGTTCGTCTCTTAT-1-21,AML4127,AML,7,-4.712161,-0.739376
CATATGGAGTTCGATC-1-21,AML4127,AML,11,4.165958,-2.1780481
ACGATGTCAAAGCGGT-1-21,AML4127,AML,7,-4.3294454,-0.12335906
TACTCATTCTTGTTTG-1-21,AML4127,AML,7,-5.118341,-0.6482308
TCTATTGCAAGGACAC-1-21,AML4127,AML,11,4.2627463,-3.7185593
TTTGGTTGTGTGGTTT-1-21,AML4127,AML,3,-2.405399,1.5845038
CTTAACTTCTTGTTTG-1-21,AML4127,AML,6,2.9985125,-1.8228202
TGCCAAACAGGCTGAA-1-21,AML4127,AML,9,5.3060813,-0.24638282
ATTACTCCATCACAAC-1-21,AML4127,AML,7,-4.4812064,-1.532836
GAACATCGTTCAGTAC-1-21,AML4127,AML,6,1.727763,-2.0979815
CGAGAAGAGATGGGTC-1-21,AML4127,AML,9,4.943269,-0.80419385
ACGCAGCAGGGCTTGA-1-21,AML4127,AML,3,-0.72501725,-0.30210918
AGCTCTCTCGGATGGA-1-21,AML4127,AML,7,-5.980727,-0.7706704
TAGAGCTCATTCACTT-1-21,AML4127,AML,12,0.33123374,5.1703925
ATGTGTGAGTGGGTTG-1-21,AML4127,AML,6,2.577325,-1.7986351
CATCGGGTCGGAAACG-1-21,AML4127,AML,9,5.073555,-0.9292834
TCGGTAATCGGAGCAA-1-21,AML4127,AML,5,-0.31870043,-0.9150383
AGAGTGGAGATGCCTT-1-21,AML4127,AML,6,2.0161638,-1.6640023
CGTCCATCAGTTTACG-1-21,AML4127,AML,7,-5.0592613,-0.9323075
AGACGTTTCGGCCGAT-1-21,AML4127,AML,9,4.6735983,-1.0258482
GTACTTTTCGGCTACG-1-21,AML4127,AML,7,-4.755789,-1.8890547
TTGCCGTTCACGCGGT-1-21,AML4127,AML,6,2.964348,-1.6342156
GACGTTAGTCCGTGAC-1-21,AML4127,AML,5,-0.7903754,0.4415511
AACCGCGAGCATCATC-1-21,AML4127,AML,5,0.17793687,0.39131385
CTACACCAGCCAGAAC-1-21,AML4127,AML,9,5.63377,-0.5721569
ACACCGGCAAGGTTCT-1-21,AML4127,AML,9,5.1322055,-0.95087993
TGGCGCAGTAGGCTGA-1-21,AML4127,AML,9,6.086324,-0.3034676
TCTTTCCCAGTCAGAG-1-21,AML4127,AML,9,4.1292696,-1.4323772
TGCACCTCAGTTCCCT-1-21,AML4127,AML,12,-3.4332688,3.9118395
GCTGCAGAGCATGGCA-1-21,AML4127,AML,3,-1.3507049,-0.55233073
GGGAGATTCAGCAACT-1-21,AML4127,AML,7,-3.3763113,-1.2523688
GACACGCAGCCCAGCT-1-21,AML4127,AML,9,5.80098,-0.30156305
AGGTCATCACACAGAG-1-21,AML4127,AML,9,5.1167603,-1.1156677
CAGTAACAGGTAGCTG-1-21,AML4127,AML,3,-0.894954,0.9509989
GCGAGAACAGCTCGAC-1-21,AML4127,AML,6,-0.17077138,-1.2483878
CCAATCCCAATAGCGG-1-21,AML4127,AML,9,4.6736193,-0.8582539
GTAACGTGTCTTTCAT-1-21,AML4127,AML,9,2.7183366,-0.5275529
AGCATACCAGTTCATG-1-21,AML4127,AML,7,-3.0045323,-1.8239436
ACAGCTACAGCGTCCA-1-21,AML4127,AML,7,-4.3966737,-0.820119
GTAACTGAGAGGACGG-1-21,AML4127,AML,9,4.47537,-0.63962466
ACTATCTTCACATGCA-1-21,AML4127,AML,7,-3.69391,-2.1857758
ACGCCGAGTAAAGTCA-1-21,AML4127,AML,3,-1.7705754,2.2890706
AAAGATGGTTAAGTAG-1-21,AML4127,AML,6,2.660121,-1.9845542
GTCACGGAGCACCGCT-1-21,AML4127,AML,7,-4.4942455,-0.68859386
ATCATCTGTAAAGTCA-1-21,AML4127,AML,5,-0.77666247,-1.5091265
GTCGGGTCACTCGACG-1-21,AML4127,AML,7,-4.3595476,1.4569046
TGCGCAGAGGGTTCCC-1-21,AML4127,AML,7,-4.1355824,1.603797
CATCAGAAGGGCATGT-1-21,AML4127,AML,6,2.8647153,-2.2117534
GTTCTCGTCATCGGAT-1-21,AML4127,AML,9,5.0396147,-0.6909611
AGCTTGACAAGCCTAT-1-21,AML4127,AML,7,-5.078822,-0.09534337
TGGGAAGAGCAGATCG-1-21,AML4127,AML,8,-2.1824777,1.1473857
TCTATTGAGTGGGTTG-1-21,AML4127,AML,7,-4.6725564,-1.9314035
GCGACCAAGACCCACC-1-21,AML4127,AML,3,-2.9858813,2.8215408
GCATACATCCTTGCCA-1-21,AML4127,AML,6,2.03469,-2.0268354
GTGCTTCCAAGTACCT-1-21,AML4127,AML,3,-2.2562156,0.72291356
GAAACTCTCATCTGTT-1-21,AML4127,AML,9,6.2138515,0.43204528
ATAACGCCAGACACTT-1-21,AML4127,AML,6,2.84258,-2.1077578
TGGGAAGGTTTAGGAA-1-21,AML4127,AML,6,1.1052511,-1.4103941
AGTTGGTCAGTGACAG-1-21,AML4127,AML,9,4.4683437,-1.4012327
TCAACGACACGAGGTA-1-21,AML4127,AML,7,-3.842895,1.9252435
ATCCGAACAAACTGTC-1-21,AML4127,AML,9,4.7452073,-0.9242283
CTGTTTATCCGCAGTG-1-21,AML4127,AML,9,4.944713,-0.51401013
GTGCAGCTCAGTGCAT-1-21,AML4127,AML,5,-0.41837463,-0.96238405
TCTGAGAAGTGCGTGA-1-21,AML4127,AML,3,-2.1157439,1.7640315
TCAGATGTCATATCGG-1-21,AML4127,AML,7,-4.7149334,-2.1854694
AAACCTGCAAACCCAT-1-21,AML4127,AML,5,-0.45528316,-1.0629846
TAAGAGATCATAGCAC-1-21,AML4127,AML,15,-2.4964192,0.07798999
GAGGTGAAGACGCTTT-1-21,AML4127,AML,6,2.152772,-2.243977
GTCACGGGTGTAACGG-1-21,AML4127,AML,7,-4.507315,-1.9099395
TTCGAAGGTTAAGATG-1-21,AML4127,AML,9,4.1320753,-1.049894
AGAGTGGCATAAGACA-1-21,AML4127,AML,3,-1.1150007,1.6221931
TCATTTGCAAGTAATG-1-21,AML4127,AML,9,5.62668,-0.5397486
TCTCTAACACGGATAG-1-21,AML4127,AML,6,3.3235073,-1.5923339
CTACCCAAGGTGGGTT-1-21,AML4127,AML,6,2.1229897,-2.0580776
CGTGTAATCGGGAGTA-1-21,AML4127,AML,3,-2.8528469,2.3384538
CAACCAACATGCTGGC-1-21,AML4127,AML,3,-2.4044664,1.0560541
CATCGGGAGCAATATG-1-21,AML4127,AML,6,3.1176732,-1.365374
TCCCGATTCACAATGC-1-21,AML4127,AML,6,1.8646051,-1.8972744
CGTTAGATCGTGGGAA-1-21,AML4127,AML,7,-5.3364635,0.13649705
TCAACGAAGTGATCGG-1-21,AML4127,AML,6,1.659006,-1.9668125
ATCTGCCGTTAAGAAC-1-21,AML4127,AML,6,2.3756359,-1.9752241
CATATTCAGATCTGAA-1-21,AML4127,AML,9,4.5182824,-0.827541
TTCCCAGGTGCAGGTA-1-21,AML4127,AML,9,5.1692204,0.22598095
CATGGCGGTGTTTGGT-1-21,AML4127,AML,7,-4.990969,-1.0124222
TGGTTCCGTTCAGACT-1-21,AML4127,AML,7,-3.8840976,-1.713866
GACGGCTGTCTTGATG-1-21,AML4127,AML,5,-0.44658744,-0.2879252
ACATCAGAGAGTACCG-1-21,AML4127,AML,7,-4.281957,-0.15790892
TTGGAACTCAGCGACC-1-21,AML4127,AML,3,-2.9852395,3.3570151
GATGAAAAGGAATGGA-1-21,AML4127,AML,6,2.1218064,-1.0540961
TCGTAGAGTCTTGTCC-1-21,AML4127,AML,3,-0.62190294,0.1803719
CCCTCCTGTCCCTACT-1-21,AML4127,AML,6,1.4656136,-3.2739456
CCATTCGAGTAGGCCA-1-21,AML4127,AML,12,0.17322297,3.7358644
GAGTCCGTCGTGGGAA-1-21,AML4127,AML,6,1.6521554,-2.3238301
TTTGCGCAGTGCGTGA-1-21,AML4127,AML,1,9.2128935,2.0742068
CCTACACAGTACACCT-1-21,AML4127,AML,6,3.0155065,-1.6693071
GCGCGATGTTTGACTG-1-21,AML4127,AML,9,4.458763,-1.5315988
ATTACTCCAAGAGTCG-1-21,AML4127,AML,9,5.0182533,-0.90469503
CCCTCCTGTTGGAGGT-1-21,AML4127,AML,7,-4.786135,-1.885293
ACGCCGATCCTAAGTG-1-21,AML4127,AML,9,5.6981516,-0.869792
AGATTGCAGAAACCGC-1-21,AML4127,AML,3,-1.2795243,0.65990883
CTACATTAGTGAACAT-1-21,AML4127,AML,6,1.9753588,-2.3889503
TCACGAACAAGACACG-1-21,AML4127,AML,12,0.37252825,5.584534
AGGGATGGTTATGCGT-1-21,AML4127,AML,7,-3.5474386,-1.2395849
TCAGATGAGGTTACCT-1-21,AML4127,AML,6,2.086373,-2.2405522
ATCACGATCACCTCGT-1-21,AML4127,AML,10,9.201014,3.9398541
GTTACAGAGATAGTCA-1-21,AML4127,AML,6,2.0543704,-1.162213
CGTCTACTCGTGACAT-1-21,AML4127,AML,7,-4.5494113,1.8561716
TCAGGATAGACACGAC-1-21,AML4127,AML,3,-1.2791878,3.1745107
ATGTGTGAGTGAACAT-1-21,AML4127,AML,6,2.3021398,-1.8024831
GGAGCAACAATCCGAT-1-21,AML4127,AML,9,4.626568,-1.1031911
CCACGGAGTAGCGTGA-1-21,AML4127,AML,6,3.6419897,-1.1545224
GGCGACTAGACCGGAT-1-21,AML4127,AML,7,-2.1950047,-0.86320156
TTTGGTTTCGAATGGG-1-21,AML4127,AML,9,4.911548,-1.7251953
AACGTTGTCATAAAGG-1-21,AML4127,AML,6,3.1139898,-1.905355
TCGGTAAGTACATGTC-1-21,AML4127,AML,9,5.0933223,-0.25180784
CAACCAAAGGCTAGCA-1-21,AML4127,AML,7,-4.2081704,-1.6196986
CCTTCCCCAGCCTATA-1-21,AML4127,AML,6,1.7308944,0.07985801
TAGACCATCAACACGT-1-21,AML4127,AML,6,1.8691814,-1.6555364
ACAGCCGAGTCGTACT-1-21,AML4127,AML,7,-4.932348,-2.110771
GTTCTCGCAGGCAGTA-1-21,AML4127,AML,9,4.0855093,-1.8339542
CCTAGCTAGAAACCAT-1-21,AML4127,AML,3,-4.0972795,2.8489246
ATGAGGGAGAGCTTCT-1-21,AML4127,AML,15,-2.7982621,-0.31740347
GCGCAGTCAGCTCGAC-1-21,AML4127,AML,9,3.0925453,-0.86992496
TGGGAAGTCCAGTAGT-1-21,AML4127,AML,3,-0.51849693,0.9896361
ATTGGACAGGCTACGA-1-21,AML4127,AML,12,0.7480387,4.3817234
ATCTACTTCGTGACAT-1-21,AML4127,AML,9,5.4234314,-0.037743364
CAAGTTGGTGTAACGG-1-21,AML4127,AML,3,-1.5468637,0.9551222
GCATGTAGTGTTGGGA-1-21,AML4127,AML,8,-3.0193424,3.1880102
TACTTACCAGCATACT-1-21,AML4127,AML,9,2.7436883,-0.42391935
CTTTGCGTCCTCCTAG-1-21,AML4127,AML,12,-0.15556724,3.7533402
AGTGTCATCACGACTA-1-21,AML4127,AML,9,4.190804,-1.3374921
ACCAGTACATACAGCT-1-21,AML4127,AML,6,2.100045,0.50418675
CCACGGAAGTTTCCTT-1-21,AML4127,AML,3,-1.2646071,2.4538112
CATATGGTCACCTTAT-1-21,AML4127,AML,9,5.655584,-0.34901989
CTGCCTACAGTACACT-1-21,AML4127,AML,9,4.356164,-1.1310304
ATCCGAACACTTACGA-1-21,AML4127,AML,6,-0.3706287,-0.6406935
GAATGAAGTGGGTATG-1-21,AML4127,AML,9,4.1254926,-0.45646295
GGGCATCCAGTTCATG-1-21,AML4127,AML,7,-5.331424,-0.0527346
TCTATTGAGATCCCAT-1-21,AML4127,AML,9,4.108842,-1.5772395
CACAGGCAGCGGCTTC-1-21,AML4127,AML,3,-0.42648855,1.5901977
ATTATCCTCGTCGTTC-1-21,AML4127,AML,12,1.0263178,2.9209793
CATGGCGGTGCGAAAC-1-21,AML4127,AML,7,-5.205776,-0.066297226
CCGTACTCAGACGTAG-1-21,AML4127,AML,11,3.5861578,-3.0759828
ACTGAGTTCCTTGGTC-1-21,AML4127,AML,7,-4.436841,-0.7534535
ACGGGTCAGTGAACAT-1-21,AML4127,AML,6,3.2986925,-1.7713895
TGTCCCAGTGTGCGTC-1-21,AML4127,AML,8,-2.6942174,-1.1047689
TGCCCATGTTCCACTC-1-21,AML4127,AML,6,2.693225,-1.7595279
ACGCCGACATGCTAGT-1-21,AML4127,AML,5,-1.1981,-0.4396057
TTTATGCGTCTTGTCC-1-21,AML4127,AML,3,-1.0775118,-0.49419773
CTTAACTTCATGTCTT-1-21,AML4127,AML,7,-4.319656,1.843277
AAGGAGCCATCTACGA-1-21,AML4127,AML,9,5.357224,-0.35533926
AAACGGGAGTGAAGTT-1-21,AML4127,AML,3,-1.3193253,-0.21824117
GCATGTAAGTAGGCCA-1-21,AML4127,AML,9,5.5341797,-0.43858752
CAGTAACGTAGCGCTC-1-21,AML4127,AML,9,5.472729,-0.94768196
CAGGTGCCAGACGCAA-1-21,AML4127,AML,7,-4.1471252,-1.8294618
AACCATGGTACAGTTC-1-21,AML4127,AML,6,2.2429726,0.6411982
GGGTTGCGTATTCGTG-1-21,AML4127,AML,3,-3.1921635,2.1707656
TTGGCAACAATAGCGG-1-21,AML4127,AML,11,3.153345,-2.514132
GTAACTGTCCCTCTTT-1-21,AML4127,AML,9,5.0065236,-0.69391614
GGAACTTCATAAAGGT-1-21,AML4127,AML,9,3.0058258,-0.75841355
AACTTTCTCGTGGACC-1-21,AML4127,AML,9,3.695724,-0.29999986
CCCTCCTGTACCGTTA-1-21,AML4127,AML,1,8.477894,0.25139567
ATCACGATCTTGTATC-1-21,AML4127,AML,12,0.32443285,5.2193637
CCTAAAGGTCGAATCT-1-21,AML4127,AML,9,5.055212,-0.5768562
CCACTACAGGTGATAT-1-21,AML4127,AML,9,5.0644436,-0.8531781
CATGGCGGTAGTACCT-1-21,AML4127,AML,6,2.8015895,-1.5382675
TAAGTGCGTAGCTGCC-1-21,AML4127,AML,12,-3.7672627,-0.45387536
ACTGTCCCACCTATCC-1-21,AML4127,AML,12,0.63469917,3.6352663
GAAATGAGTGAGGCTA-1-21,AML4127,AML,6,1.5078188,-2.6303988
TTGCCGTTCCTATTCA-1-21,AML4127,AML,7,-4.4477844,1.8453197
TCTCATAGTATATGAG-1-21,AML4127,AML,3,-1.1568288,-0.48943117
ATTCTACTCCCTAATT-1-21,AML4127,AML,3,-2.7251499,3.4309273
TCTTTCCGTAAACGCG-1-21,AML4127,AML,9,5.321237,-1.163791
CTCACACAGTAGGTGC-1-21,AML4127,AML,9,5.686298,0.06462373
ACGAGGAGTTGTGGAG-1-21,AML4127,AML,8,-2.9368303,0.97878796
AGCTCTCAGTACATGA-1-21,AML4127,AML,8,-2.5677567,-1.0194757
TTAGGACCACGAAGCA-1-21,AML4127,AML,6,2.2991085,-2.2684822
AGGGATGTCCAGATCA-1-21,AML4127,AML,9,5.183078,-0.57401544
GACACGCAGTAACCCT-1-21,AML4127,AML,8,-2.510576,2.2576628
CGTCCATCAGCCTTTC-1-21,AML4127,AML,3,-2.2001863,1.546878
CACAGTATCAACTCTT-1-21,AML4127,AML,2,6.619026,3.4785137
GATGCTAAGCCAGGAT-1-21,AML4127,AML,6,2.7992468,-2.3253226
CGTTCTGGTTCATGGT-1-21,AML4127,AML,8,-2.5781443,1.52626
CTCAGAAGTGCTAGCC-1-21,AML4127,AML,7,-4.605825,-0.2141169
TGTCCCAAGCCGGTAA-1-21,AML4127,AML,7,-4.4541698,2.007145
GGCGTGTCATTCTCAT-1-21,AML4127,AML,7,-4.5593,1.8796784
GCACATAAGTGTCTCA-1-21,AML4127,AML,3,1.3696318,0.8317523
GTGTTAGGTCTCTCGT-1-21,AML4127,AML,10,8.536841,2.8463602
AGTGGGAGTTCCGTCT-1-21,AML4127,AML,9,5.675858,-0.0014614279
CAGATCAGTGCACTTA-1-21,AML4127,AML,9,4.754468,-1.0148215
CCGTACTAGCCGTCGT-1-21,AML4127,AML,9,4.743156,-1.1993054
CCTCAGTGTTCACCTC-1-21,AML4127,AML,7,-3.9390068,-1.108383
GGCGACTTCATCGCTC-1-21,AML4127,AML,7,-4.1407022,-2.3684385
CCGTACTCACCACCAG-1-21,AML4127,AML,9,5.905778,0.10822766
AACTCAGCAAACCCAT-1-21,AML4127,AML,9,5.3387904,-0.006507444
CTACGTCAGACAGGCT-1-21,AML4127,AML,7,-4.6344934,1.2652079
CAACTAGGTAGCTAAA-1-21,AML4127,AML,6,1.8423437,-1.6185664
GCCAAATTCTCTAGGA-1-21,AML4127,AML,6,2.6663222,-1.3344816
ATGGGAGAGGGATCTG-1-21,AML4127,AML,6,2.5013382,-1.3739227
ATTACTCCAGCTATTG-1-21,AML4127,AML,5,-0.19346145,1.7989298
ACTTGTTCATAAAGGT-1-21,AML4127,AML,5,-0.11241756,-0.14225522
TGCCCTACATATACGC-1-21,AML4127,AML,7,-4.6976776,1.8647659
TGCGGGTGTACATCCA-1-21,AML4127,AML,9,4.8549647,-1.3005009
CTACACCAGCCCAGCT-1-21,AML4127,AML,11,3.8605301,-2.3258662
TCGCGTTAGTGTTTGC-1-21,AML4127,AML,10,9.088117,3.86656
AAAGTAGTCTGGCGAC-1-21,AML4127,AML,7,-4.72724,1.988937
CAACCAAAGTGTTAGA-1-21,AML4127,AML,9,4.865085,-0.88208944
GGCGACTCAGTATAAG-1-21,AML4127,AML,6,1.870802,-1.8966669
TCAGCTCCAATCCAAC-1-21,AML4127,AML,7,-4.368748,-0.25463244
GTTTCTAGTTCTCATT-1-21,AML4127,AML,3,-1.6205709,0.4696244
CGAATGTCAGGTCGTC-1-21,AML4127,AML,7,-4.422741,-1.5923225
GCGCAGTAGATATACG-1-21,AML4127,AML,7,-5.0061407,0.25839406
CGGAGTCAGTGGAGTC-1-21,AML4127,AML,9,4.971192,-1.4277898
GATGAGGTCGCTGATA-1-21,AML4127,AML,3,-2.8941212,2.5206425
ACTGAGTTCGTTACGA-1-21,AML4127,AML,9,4.8907647,-1.2395074
ACCAGTAAGTGTCTCA-1-21,AML4127,AML,15,-2.972946,-0.008942494
ATCCACCAGCCCGAAA-1-21,AML4127,AML,7,-4.9669228,0.21486579
CTGATAGGTTTGTTTC-1-21,AML4127,AML,3,-1.7925973,1.815824
GATCGTATCTATCGCC-1-21,AML4127,AML,6,1.9048531,-0.5727431
CTAAGACTCAAGAAGT-1-21,AML4127,AML,7,-4.719542,-1.3412572
CTTCTCTCAAACTGTC-1-21,AML4127,AML,6,1.1216635,-0.23872693
ACGATGTAGCTCCCAG-1-21,AML4127,AML,9,5.7691174,0.64016914
GCTTGAAGTGTTAAGA-1-21,AML4127,AML,9,4.3299885,-1.595654
GTAACGTTCAGTACGT-1-21,AML4127,AML,9,3.4155235,-0.65700465
TTATGCTGTCGGCATC-1-21,AML4127,AML,7,-4.319565,-0.22222082
TGTGGTATCCTTTACA-1-21,AML4127,AML,7,-3.8033075,-1.4357606
GAGGTGAGTACTCTCC-1-21,AML4127,AML,12,-0.29173037,3.9906363
TTGGCAAGTGAGCGAT-1-21,AML4127,AML,3,-0.98201907,-0.50971717
CTCTACGCAGTGAGTG-1-21,AML4127,AML,3,-1.6605881,0.7536015
TCAGCTCGTGACTCAT-1-21,AML4127,AML,9,4.74181,-0.5526492
CCGTACTAGACAGGCT-1-21,AML4127,AML,3,-3.4043393,2.932375
GGAGCAAAGATCCCAT-1-21,AML4127,AML,15,-2.3348756,-1.0005236
GGACGTCGTAGGCTGA-1-21,AML4127,AML,7,-2.0456202,-1.0859743
TCGGTAACAATGGACG-1-21,AML4127,AML,12,1.1229713,3.0244205
CATTATCGTACCGGCT-1-21,AML4127,AML,9,5.2381167,-0.8338851
GGATTACAGCGTTCCG-1-21,AML4127,AML,9,4.439686,-1.1900004
GTATTCTGTCGCGAAA-1-21,AML4127,AML,6,1.1793815,-0.3158281
TACTTACCATGACGGA-1-21,AML4127,AML,3,-1.490735,0.9386747
CGTGTCTCAATGGTCT-1-21,AML4127,AML,8,-1.8033206,-1.4753978
TATCTCAGTCACCTAA-1-21,AML4127,AML,9,3.4798653,-1.1864907
ATCCACCGTAGGCATG-1-21,AML4127,AML,3,-1.1021612,0.6335879
TTCTACAAGCCGTCGT-1-21,AML4127,AML,7,-5.0652876,1.8427765
GTCAAGTTCCCACTTG-1-21,AML4127,AML,7,-4.8517632,0.8032104
GCATACAAGCAGCCTC-1-21,AML4127,AML,6,2.2040017,-1.7400544
GCTCTGTGTACTCTCC-1-21,AML4127,AML,9,5.4437327,-0.56817865
TGAGCATAGTGAACGC-1-21,AML4127,AML,5,0.40461826,-0.2570468
GGAGCAACATACGCTA-1-21,AML4127,AML,9,5.725591,0.12847199
AGAGCGATCCAGAGGA-1-21,AML4127,AML,7,-4.962182,0.18694124
ATCCGAAAGAGTACCG-1-21,AML4127,AML,3,-1.2629689,0.4165024
ACTTACTGTAGATTAG-1-21,AML4127,AML,9,5.1762705,0.40199423
GCAATCAGTTCCGTCT-1-21,AML4127,AML,7,-5.4524446,-1.6888194
TGTATTCGTCGCTTCT-1-21,AML4127,AML,3,-1.6599052,1.6618701
CGGACGTTCTTTACAC-1-21,AML4127,AML,9,5.1654816,-1.410945
TGACTAGCACCAGTTA-1-21,AML4127,AML,7,-4.435659,0.8200903
ACGTCAACAAACCCAT-1-21,AML4127,AML,6,2.2818336,0.95896244
ATCGAGTAGTTGTCGT-1-21,AML4127,AML,3,-2.0237134,0.29929522
GATCGTATCTGTCAAG-1-21,AML4127,AML,7,-4.2631373,1.4952784
AGTAGTCCAATGTTGC-1-21,AML4127,AML,6,2.4106474,-1.8358452
GAACGGACAGCCTGTG-1-21,AML4127,AML,9,4.9793925,-1.2386768
GCCTCTATCCGAGCCA-1-21,AML4127,AML,9,5.668285,-0.39947468
TCAGGATCATCACGTA-1-21,AML4127,AML,3,1.2462451,0.68836457
CCACCTAGTTGACGTT-1-21,AML4127,AML,9,4.937111,-1.3028301
ATCTGCCGTTAAGACA-1-21,AML4127,AML,6,2.9576402,-1.8873788
CGTCCATGTTCCACAA-1-21,AML4127,AML,3,-0.8789576,-0.49080744
GGTGAAGCACCACCAG-1-21,AML4127,AML,9,4.726944,-1.3539836
GGAAAGCAGTAACCCT-1-21,AML4127,AML,7,-4.4104986,-1.12597
CAACCAAAGTGCAAGC-1-21,AML4127,AML,9,4.885684,-1.649318
GTGCTTCGTTGCGCAC-1-21,AML4127,AML,11,4.436333,-2.321321
GCGCGATAGTGCTGCC-1-21,AML4127,AML,3,-1.1392521,-0.28735268
CGTTAGACACGTCTCT-1-21,AML4127,AML,6,2.6256752,-2.4037058
GTAACTGGTAGAGTGC-1-21,AML4127,AML,1,7.138827,-1.3545156
TCGCGTTAGGATGCGT-1-21,AML4127,AML,3,-1.9135997,1.3805258
ACGGGTCTCCTTGCCA-1-21,AML4127,AML,9,4.08626,-0.9915043
AGTGAGGCAAAGAATC-1-21,AML4127,AML,6,2.9694853,-1.8409733
TATCTCATCATTATCC-1-21,AML4127,AML,7,-4.2720747,-0.6947412
ACTGTCCGTCTCTTTA-1-21,AML4127,AML,7,-5.0890427,2.6059852
TAAACCGTCATGGTCA-1-21,AML4127,AML,3,-0.69530284,1.2456864
GCATACACAGGATCGA-1-21,AML4127,AML,9,4.8559804,-1.4542482
ACCGTAACATTTCACT-1-21,AML4127,AML,9,4.8568273,-0.73996633
GCATGCGTCCCTAATT-1-21,AML4127,AML,9,4.9788485,-0.8812498
CAGGTGCGTTCCATGA-1-21,AML4127,AML,7,-4.8003993,0.8721107
CATGACATCAAGAAGT-1-21,AML4127,AML,3,-2.5386283,2.2577055
GTTCTCGAGGGCTTGA-1-21,AML4127,AML,9,6.011576,-0.61234015
TCAACGAGTAATAGCA-1-21,AML4127,AML,9,3.4372263,-0.73114806
ACACCCTCAAAGCAAT-1-21,AML4127,AML,9,6.0147357,-1.811659
GAATAAGTCGTAGGTT-1-21,AML4127,AML,5,-2.120109,-0.082852885
CGTTGGGCATTGGTAC-1-21,AML4127,AML,9,4.8765965,-0.88601947
ACTTGTTTCCCGACTT-1-21,AML4127,AML,6,2.6514106,-2.0971823
GATCAGTCACCTATCC-1-21,AML4127,AML,3,-1.726836,2.0027208
ACTTTCAAGCAATCTC-1-21,AML4127,AML,9,4.4850245,-1.4557927
TACTCATTCGCGGATC-1-21,AML4127,AML,6,1.662102,-1.6027132
GGGAGATAGGATGCGT-1-21,AML4127,AML,9,4.294385,-0.936728
GACGTGCTCTCGAGTA-1-21,AML4127,AML,6,2.6645205,-1.4653947
GGTGAAGTCGTTACAG-1-21,AML4127,AML,3,-0.7183948,1.4504129
CGTGTCTCATTGGCGC-1-21,AML4127,AML,10,8.516012,2.4337368
AGATTGCGTTTGTTTC-1-21,AML4127,AML,9,4.7963095,-1.4483421
GAAACTCCACCGGAAA-1-21,AML4127,AML,9,5.164146,-0.6425491
GGGTTGCAGCGATAGC-1-21,AML4127,AML,3,-1.6821889,-0.44912145
CAAGTTGTCACTCTTA-1-21,AML4127,AML,9,5.3172765,-0.43355986
TCAGATGGTCTCCCTA-1-21,AML4127,AML,3,-1.053601,1.1667464
AACTCAGAGATGGGTC-1-21,AML4127,AML,12,-1.0394562,4.257413
CGAGCCATCCGAGCCA-1-21,AML4127,AML,3,-1.1541686,-0.48850033
TATTACCAGAAACCAT-1-21,AML4127,AML,7,-3.954124,-1.7742465
ACTTGTTCAGAGTGTG-1-21,AML4127,AML,7,-2.080981,-0.6996227
GCTCCTAAGTGATCGG-1-21,AML4127,AML,9,5.315868,-0.90940845
CGACTTCGTGAGGGAG-1-21,AML4127,AML,9,5.0702715,-1.0150347
TCGTAGAAGATGTAAC-1-21,AML4127,AML,3,-0.73728377,0.22421981
GGTATTGCAAGTTCTG-1-21,AML4127,AML,6,2.722589,-1.5899653
GATGAGGTCCGCAGTG-1-21,AML4127,AML,3,-1.5882599,1.945176
CAGCCGATCAATCACG-1-21,AML4127,AML,3,-0.8404352,0.4491975
GGACGTCAGGCTAGAC-1-21,AML4127,AML,6,2.7539308,-1.785928
GTTCATTCAGCCTATA-1-21,AML4127,AML,3,-1.753467,1.9991907
ACGGGTCAGCACCGCT-1-21,AML4127,AML,6,3.3214412,-1.537822
CCTATTACACTATCTT-1-21,AML4127,AML,5,-0.84092236,-0.64752185
ATCCGAACAAATTGCC-1-21,AML4127,AML,5,0.28124592,0.08269995
CCTATTAAGCTGCGAA-1-21,AML4127,AML,3,-3.1636138,2.8719788
CCGTACTTCTGTTGAG-1-21,AML4127,AML,14,6.327275,-3.6711047
AACTTTCGTCAGCTAT-1-21,AML4127,AML,7,-4.5479183,-0.63067025
GGGCATCAGATGCGAC-1-21,AML4127,AML,6,0.89378995,-0.8495946
AGTGTCAAGAAGGCCT-1-21,AML4127,AML,6,2.403337,-0.17269658
GTACGTAGTCCGCTGA-1-21,AML4127,AML,6,0.9914176,-1.6619865
ACATCAGTCAGCAACT-1-21,AML4127,AML,7,-4.540898,-1.723474
TAGGCATTCGAGGTAG-1-21,AML4127,AML,6,2.6212893,-1.6183743
CTGATAGCAAAGTCAA-1-21,AML4127,AML,13,1.1172428,5.6715617
GATCTAGAGCTTATCG-1-21,AML4127,AML,6,0.5874199,-0.4078431
ATTACTCAGATGAGAG-1-21,AML4127,AML,6,0.6738309,-1.5064303
CCCAATCCAGGATCGA-1-21,AML4127,AML,9,3.1461937,-1.0171502
CGCGTTTTCTTTACGT-1-21,AML4127,AML,9,3.8009894,-1.2272059
TCGGGACCACAACGTT-1-21,AML4127,AML,9,4.8000345,-1.3191439
GCTGCAGCACTTACGA-1-21,AML4127,AML,9,4.953014,-1.1154041
GCGCCAACACGGCCAT-1-21,AML4127,AML,7,-4.27237,-1.5223737
CGTGTCTCAGTATCTG-1-21,AML4127,AML,8,-3.3272731,-0.3907955
TGGTTCCCAGCCTATA-1-21,AML4127,AML,7,-4.2828746,1.2761698
GCGCCAACACATAACC-1-21,AML4127,AML,6,2.8176503,-1.6874938
TTTGTCATCAACCATG-1-21,AML4127,AML,12,0.7308591,3.4147182
GGGCATCGTCGGATCC-1-21,AML4127,AML,9,4.6485124,-0.7758641
ACACCAAAGCTAGTTC-1-21,AML4127,AML,5,-0.3204263,-0.8641847
CACCACTAGTCTCAAC-1-21,AML4127,AML,6,2.6297233,-2.306185
ACGCCGAGTCATATCG-1-21,AML4127,AML,6,2.9957428,-1.7567315
CGGACACAGTGAACGC-1-21,AML4127,AML,10,9.101585,3.969086
GTAGGCCAGAGCTGCA-1-21,AML4127,AML,6,1.2665759,-3.215927
CAACCAATCCAAACAC-1-21,AML4127,AML,3,-0.8427743,0.6441059
GCAGTTAAGCAAATCA-1-21,AML4127,AML,3,-1.4085174,2.0918205
TATCTCAAGTAGTGCG-1-21,AML4127,AML,7,-5.1950955,-0.5399447
CTCGTACTCAAGCCTA-1-21,AML4127,AML,6,2.0098002,-1.7483214
CGACCTTAGTCTTGCA-1-21,AML4127,AML,15,-4.0562167,1.3854421
TGTATTCAGCTGTTCA-1-21,AML4127,AML,9,4.597647,-0.2945568
CGGACTGCACGCGAAA-1-21,AML4127,AML,7,2.5159025,-1.2827764
AACTGGTTCGGGAGTA-1-21,AML4127,AML,9,4.624123,-0.81616527
CTCGGGATCAACCAAC-1-21,AML4127,AML,9,6.0940557,-0.5094543
GTGAAGGCATGCAACT-1-21,AML4127,AML,6,1.8983247,-2.638945
ACTTTCAAGTAGGCCA-1-21,AML4127,AML,6,1.6948881,-1.7531881
GATTCAGTCGACCAGC-1-21,AML4127,AML,7,-3.9024985,1.7689676
TAGTGGTGTCACTTCC-1-21,AML4127,AML,9,2.6939483,1.1149353
TCTTTCCCACTACAGT-1-21,AML4127,AML,9,3.431527,0.15250222
GAAACTCTCTTGTTTG-1-21,AML4127,AML,6,2.9723659,-1.1988904
ATTGGTGCAGATGGGT-1-21,AML4127,AML,6,3.2176735,-1.685106
TTTATGCCATAGTAAG-1-21,AML4127,AML,9,4.8795586,-0.4962837
CGCGTTTTCTCATTCA-1-21,AML4127,AML,7,-3.7410223,1.7146463
ACGGAGAAGATGAGAG-1-21,AML4127,AML,3,-3.042943,2.9040124
TACGGTATCAGCTCGG-1-21,AML4127,AML,9,5.460225,-1.0284082
TTCTCAACAAGCCCAC-1-21,AML4127,AML,6,2.402066,-1.692522
TCCACACAGGTACTCT-1-21,AML4127,AML,9,4.941304,-0.90774363
CTGTTTATCCCAAGTA-1-21,AML4127,AML,11,4.2723455,-1.7547013
CGCCAAGAGATATGGT-1-21,AML4127,AML,6,1.7273331,-1.07457
CTGATCCTCAATCACG-1-21,AML4127,AML,3,-0.96947366,3.2226932
CGAACATTCATCACCC-1-21,AML4127,AML,3,-2.048826,1.5723621
GATGAAATCTATCCTA-1-21,AML4127,AML,12,0.3986211,2.695086
TCTCATAGTCTAGCGC-1-21,AML4127,AML,7,-4.584282,1.0966116
ATAAGAGTCATTGCCC-1-21,AML4127,AML,3,0.4438887,1.9435073
CTACCCAGTTTAAGCC-1-21,AML4127,AML,3,-2.8569462,2.0382965
CGACTTCGTTAAGACA-1-21,AML4127,AML,7,-4.50195,1.6336359
GCATACAAGGTCATCT-1-21,AML4127,AML,7,-4.0138283,3.312099
TGCACCTTCAGGTTCA-1-21,AML4127,AML,5,-0.91111964,-1.1368897
CTAAGACAGCACAGGT-1-21,AML4127,AML,7,-4.31824,-1.9717934
CTTCTCTTCGCCGTGA-1-21,AML4127,AML,7,-4.3376713,-2.270662
ACGTCAAGTATAGGTA-1-21,AML4127,AML,6,2.8809602,-1.7788777
TGAAAGAGTGTAATGA-1-21,AML4127,AML,3,-0.8968597,1.4782504
AAACCTGCAATCTACG-1-21,AML4127,AML,9,4.189115,-0.7845419
CGAGCCATCGGTCCGA-1-21,AML4127,AML,9,5.282883,-0.876537
AACCGCGAGAGCCTAG-1-21,AML4127,AML,3,-1.1158525,0.8666068
CACTCCAAGGCTACGA-1-21,AML4127,AML,9,5.383463,-1.333687
TACTTGTTCACATGCA-1-21,AML4127,AML,12,1.0017513,4.058222
TAGGCATGTAATCGTC-1-21,AML4127,AML,1,8.347107,-0.4885188
GCGCGATGTTGAACTC-1-21,AML4127,AML,9,4.4856544,-1.3663915
TTGGCAAAGACCGGAT-1-21,AML4127,AML,6,3.1985674,-1.483759
CAAGGCCGTCTCTCTG-1-21,AML4127,AML,3,-1.6829745,2.1329176
CTAAGACAGTACGTAA-1-21,AML4127,AML,3,-1.9025755,0.028213741
CGTTGGGTCACCGGGT-1-21,AML4127,AML,9,3.9881635,-1.4820191
CGGAGCTGTCTAAACC-1-21,AML4127,AML,1,6.4443884,-0.5432069
AGGCCGTCAGTATAAG-1-21,AML4127,AML,3,-2.2733455,2.1475115
ACGGCCATCAAAGACA-1-21,AML4127,AML,6,2.7716408,-1.8909513
TCTATTGTCAACTCTT-1-21,AML4127,AML,7,-4.2582884,-0.3700962
GTAACTGGTCAATACC-1-21,AML4127,AML,15,0.6691834,-0.783178
CACACCTGTTATCACG-1-21,AML4127,AML,9,4.7941575,-0.9102276
ATCCGAACAGGGTTAG-1-21,AML4127,AML,12,0.39974624,3.5008676
CATTATCCACTCTGTC-1-21,AML4127,AML,7,-4.569949,0.36188218
TATCAGGGTCCGTTAA-1-21,AML4127,AML,9,4.924718,-0.97700006
GGACAGACATTAGCCA-1-21,AML4127,AML,7,-4.1349664,1.7293967
CATCGAAAGTCCATAC-1-21,AML4127,AML,9,3.4836566,-0.8101947
CACAGTATCGGAAACG-1-21,AML4127,AML,6,2.5095096,-1.4810148
AAGGTTCGTTCACGGC-1-21,AML4127,AML,9,5.4212875,0.5976603
GAAATGATCGATAGAA-1-21,AML4127,AML,9,3.7456796,-1.4656882
TGGCGCACACAGGCCT-1-21,AML4127,AML,6,1.8150764,-2.5791152
CATCCACGTTTCGCTC-1-21,AML4127,AML,9,4.8596244,-1.048671
GTCAAGTAGCTCCTCT-1-21,AML4127,AML,7,-3.696783,0.5970951
CAACTAGGTTGCGTTA-1-21,AML4127,AML,8,-2.1237035,1.7750574
GGCCGATGTACAAGTA-1-21,AML4127,AML,9,5.0979013,-1.0409551
CTCTAATAGATACACA-1-21,AML4127,AML,3,-1.9315007,3.2933633
AGATTGCGTCAACTGT-1-21,AML4127,AML,3,-2.8753614,2.1671643
GTGCTTCGTATATCCG-1-21,AML4127,AML,7,-5.3966928,2.8359103
CTACACCGTCTCACCT-1-22,AML4192,AML,6,1.5681978,-1.3224373
ACGCCAGCATCCAACA-1-22,AML4192,AML,3,0.26145813,1.0290847
TGCTGCTGTCCGTTAA-1-22,AML4192,AML,3,-0.63326234,2.996252
CGAGCCACAGCCAATT-1-22,AML4192,AML,13,2.0618095,5.6414175
ACGAGGAAGCCCAATT-1-22,AML4192,AML,3,-0.36367857,2.666531
AGCGTATCATGCCTAA-1-22,AML4192,AML,5,0.007412814,0.40207434
CTGCCTACATACGCCG-1-22,AML4192,AML,2,6.5339613,2.9102304
CCTTCGAAGCTGAACG-1-22,AML4192,AML,3,0.5506722,1.5290575
GTGCTTCAGCCACGCT-1-22,AML4192,AML,5,-1.4994458,1.1665679
GCGCGATAGACAATAC-1-22,AML4192,AML,13,1.0341116,4.8764315
ACGATGTTCAGGCAAG-1-22,AML4192,AML,7,2.0049999,0.40901068
TAGAGCTTCGAGGTAG-1-22,AML4192,AML,11,4.1210318,-3.8761494
CCTTTCTAGCGTGAGT-1-22,AML4192,AML,3,-0.9333018,2.4521325
CAGGTGCGTAGGACAC-1-22,AML4192,AML,5,0.39542478,1.7484268
TACCTTAAGTTAAGTG-1-22,AML4192,AML,7,-6.7725244,0.25369897
TCAGCAATCACGACTA-1-22,AML4192,AML,13,3.3958704,-1.3090225
CTAAGACGTCTAAAGA-1-22,AML4192,AML,2,6.481635,3.287336
GTCATTTTCGACAGCC-1-22,AML4192,AML,5,0.35173318,1.9485543
AACTCTTAGGCTAGGT-1-22,AML4192,AML,6,0.9809256,-0.881642
GCTGCGATCGGCGCTA-1-22,AML4192,AML,13,2.2482998,5.5210977
TCAGGTAGTATCAGTC-1-22,AML4192,AML,7,-5.4101553,0.03251536
CGTAGGCTCATATCGG-1-22,AML4192,AML,3,-1.8085954,2.135715
ACGTCAACAGGAATGC-1-22,AML4192,AML,1,7.924532,-0.2726821
GGGCATCTCCATGAGT-1-22,AML4192,AML,2,6.621496,3.2515173
CTGTGCTTCTGATTCT-1-22,AML4192,AML,6,1.5988852,-0.66124916
GGATTACAGAGTGAGA-1-22,AML4192,AML,5,0.25267702,1.3454466
CTGTTTATCCAGTATG-1-22,AML4192,AML,7,-4.0933414,0.55666924
AGAGCGAAGAACAACT-1-22,AML4192,AML,13,4.17541,-0.936196
CAAGTTGCATTAGCCA-1-22,AML4192,AML,3,0.4727659,2.0567138
CAGCTGGAGGATTCGG-1-22,AML4192,AML,5,0.5891401,1.1720613
TACACGAGTATTCTCT-1-22,AML4192,AML,11,4.064852,-4.441193
GGGTTGCGTGCCTTGG-1-22,AML4192,AML,3,-0.17012446,2.0732286
CAAGTTGTCACATACG-1-22,AML4192,AML,6,1.9537549,-3.0509477
AGTGTCATCAACACGT-1-22,AML4192,AML,3,-1.3399956,3.0404146
TGGTTCCGTTCAGGCC-1-22,AML4192,AML,3,-2.5639696,3.3511713
GGAACTTTCCCATTAT-1-22,AML4192,AML,13,0.6862455,4.4833236
CCCTCCTTCGAATGGG-1-22,AML4192,AML,13,4.074352,-1.7792203
GTAACTGCACAGACTT-1-22,AML4192,AML,5,0.5370059,0.8227138
CTGGTCTAGCGATTCT-1-22,AML4192,AML,11,3.9364207,-1.5691487
CGCTGGAAGGTCATCT-1-22,AML4192,AML,5,0.3206579,1.3262511
GATCGATGTAAGGGCT-1-22,AML4192,AML,3,-0.94679713,2.2191167
GGACGTCCAAGGGTCA-1-22,AML4192,AML,6,2.2388186,-1.9340043
CGGTTAATCCAAATGC-1-22,AML4192,AML,3,0.46700034,1.362609
GTTAAGCAGAAGATTC-1-22,AML4192,AML,3,-0.25157025,2.197458
ATTCTACAGGTGGGTT-1-22,AML4192,AML,3,1.3130363,0.5308802
GATGAGGCAAAGGAAG-1-22,AML4192,AML,6,1.6094953,-0.18269047
TAAGAGATCGTCCAGG-1-22,AML4192,AML,3,-0.28797376,0.20172624
TGAGCATGTCATTAGC-1-22,AML4192,AML,5,0.72085774,-0.89101905
CTACGTCGTGGCCCTA-1-22,AML4192,AML,7,-5.1808643,0.5251567
GGAATAAGTATATGGA-1-22,AML4192,AML,3,-2.7879894,2.5540638
ACTGATGAGCACCGCT-1-22,AML4192,AML,3,-1.9878653,2.205309
ATTATCCGTCTAACGT-1-22,AML4192,AML,3,0.018664435,2.331354
ATTGGACTCGTTTATC-1-22,AML4192,AML,11,3.4212723,-2.9577477
ATCACGACAGATGAGC-1-22,AML4192,AML,5,0.5369138,1.6264049
TGGGAAGCATTCTTAC-1-22,AML4192,AML,13,2.2362406,5.4260063
ACTTACTGTGGTAACG-1-22,AML4192,AML,3,0.3006137,1.4687494
CCAGCGAGTACCGAGA-1-22,AML4192,AML,2,6.4654093,3.163027
AGCGTATGTAGAGCTG-1-22,AML4192,AML,3,-1.6061052,3.3878813
TTGCGTCTCGGAAATA-1-22,AML4192,AML,5,0.5472121,0.3494321
CGTAGCGGTCTCTCGT-1-22,AML4192,AML,3,-1.6175611,2.9502666
GTTCGGGTCAGCGATT-1-22,AML4192,AML,3,-0.53547895,2.5598311
CCATGTCTCCAGTAGT-1-22,AML4192,AML,3,-0.18542337,1.0368764
CTCACACTCTACTCAT-1-22,AML4192,AML,5,0.8843002,0.72306615
GACACGCGTCTAACGT-1-22,AML4192,AML,3,0.06647541,2.57826
TCATTACTCAGAGACG-1-22,AML4192,AML,9,6.0317903,-0.678495
GGAACTTCAGCGTTCG-1-22,AML4192,AML,3,-0.9601589,2.9588907
GCCAAATTCGAACTGT-1-22,AML4192,AML,11,3.4530842,-3.1583757
AGCAGCCCAACCGCCA-1-22,AML4192,AML,13,2.335198,5.558143
TGGTTCCTCACAGGCC-1-22,AML4192,AML,5,-0.039663278,0.8787585
GGCTGGTGTCACAAGG-1-22,AML4192,AML,13,1.5345485,5.1329803
GAGCAGAGTTTGTGTG-1-22,AML4192,AML,3,-3.2265668,2.604604
ACGAGCCGTACTCTCC-1-22,AML4192,AML,13,1.3070425,4.9857225
AGACGTTTCGACAGCC-1-22,AML4192,AML,9,1.8797735,1.654873
TCTTTCCAGTGTCCAT-1-22,AML4192,AML,14,7.49951,-3.4075885
ACAGCCGCAACGCACC-1-22,AML4192,AML,6,1.6042066,-1.2171725
GCTGCGATCGCAAGCC-1-22,AML4192,AML,12,0.2749535,3.8124747
TCGAGGCCAATGTTGC-1-22,AML4192,AML,13,3.933303,-1.2981119
CATGCCTAGCCAGTAG-1-22,AML4192,AML,2,6.5374274,2.9170244
CTCGAGGAGGTGCAAC-1-22,AML4192,AML,2,6.516448,2.8424668
CGACCTTCATCTACGA-1-22,AML4192,AML,3,-0.80348516,0.80646884
CCGTACTAGATACACA-1-22,AML4192,AML,3,-0.7867242,1.4330691
TGTATTCAGTGTTAGA-1-22,AML4192,AML,3,0.34103328,2.7621572
CCTCTGATCTGCCAGG-1-22,AML4192,AML,7,-4.992295,-1.7838638
AAAGTAGTCAACACCA-1-22,AML4192,AML,6,0.9418032,-0.24558972
ACGCCAGCAAGAGTCG-1-22,AML4192,AML,3,-0.49588227,1.8166119
GTCAAGTTCCCGGATG-1-22,AML4192,AML,3,0.23506038,1.794082
CTCTGGTAGTAAGTAC-1-22,AML4192,AML,6,0.6452944,0.84194267
TACTTGTTCAGCTCGG-1-22,AML4192,AML,2,6.4693923,2.997626
CGAACATAGAGTCGGT-1-22,AML4192,AML,13,-0.066762246,3.8697724
ATGTGTGAGGTGATTA-1-22,AML4192,AML,6,1.4962801,-0.6376419
GGGAGATCAGGACCCT-1-22,AML4192,AML,9,2.7357907,1.120165
GTACGTAAGTACGCCC-1-22,AML4192,AML,5,0.68176943,1.7065929
CTTAACTAGTGAATTG-1-22,AML4192,AML,6,0.6912516,0.2923394
CACAAACAGCTAAGAT-1-22,AML4192,AML,13,1.2152874,5.2065697
AGTAGTCTCCTAAGTG-1-22,AML4192,AML,7,-5.354201,-0.7404485
CTGCTGTCATGACGGA-1-22,AML4192,AML,1,8.593835,-1.1890613
ATGAGGGTCAACTCTT-1-22,AML4192,AML,6,1.5097643,-0.8712928
CAAGGCCTCCAGAAGG-1-22,AML4192,AML,13,3.7357051,-1.7370069
ACCAGTACATGTAGTC-1-22,AML4192,AML,3,-0.018491475,2.4592571
ACGATGTCAAGTCATC-1-22,AML4192,AML,3,-2.4023445,3.0793734
CCTACACCATGCATGT-1-22,AML4192,AML,7,-3.5902286,1.2508224
ACGGAGATCCCTGACT-1-22,AML4192,AML,5,0.3393156,1.4696608
CTGATCCTCGAATGCT-1-22,AML4192,AML,6,1.7181023,0.36309397
GACACGCAGTTACCCA-1-22,AML4192,AML,11,4.1226883,-4.0039268
CATCAAGGTTATCACG-1-22,AML4192,AML,8,-2.893821,-0.346223
TGCGGGTTCCGCGGTA-1-22,AML4192,AML,13,1.1559476,4.852199
CCGTTCAAGGAATCGC-1-22,AML4192,AML,6,0.8920036,-2.005961
AACTGGTAGCTGTCTA-1-22,AML4192,AML,3,1.2713743,0.05840454
TGACTAGCATCAGTAC-1-22,AML4192,AML,7,-4.890544,-0.297879
CACAAACTCTCGCTTG-1-22,AML4192,AML,13,2.3232918,5.760122
CGGGTCAGTGGTCTCG-1-22,AML4192,AML,5,0.5837629,-0.033924337
CAGTCCTCAGACAAAT-1-22,AML4192,AML,8,-2.713559,1.3821596
GATTCAGGTTACGCGC-1-22,AML4192,AML,3,-0.15075316,2.3962367
CTAAGACTCTTCGGTC-1-22,AML4192,AML,3,-1.1928562,2.1570454
AGTGTCAGTAAATGTG-1-22,AML4192,AML,3,-0.21828787,1.882235
TTGCCGTTCGTGACAT-1-22,AML4192,AML,6,0.58276904,0.61004245
GATCTAGCACCCATGG-1-22,AML4192,AML,7,-5.541729,-0.19471155
TGTCCCAGTCTGGTCG-1-22,AML4192,AML,3,-0.9491806,2.4999466
AGAATAGAGAGTGACC-1-22,AML4192,AML,5,0.2951936,0.66971767
CCTCTGAGTTAGTGGG-1-22,AML4192,AML,8,-2.757909,-0.734027
TATCAGGTCTTCCTTC-1-22,AML4192,AML,9,1.5993295,1.6025132
CTGAAGTGTCGCTTTC-1-22,AML4192,AML,5,0.27395362,1.8517194
CAACCTCGTGTTAAGA-1-22,AML4192,AML,3,-0.48279926,1.0675701
TGTCCCAAGACTTTCG-1-22,AML4192,AML,3,-0.74271214,2.3873544
AGATTGCCAGATGGGT-1-22,AML4192,AML,5,-0.7095175,1.5616349
AACGTTGCACATGTGT-1-22,AML4192,AML,12,2.4321766,6.0608363
CTGGTCTGTTCTGGTA-1-22,AML4192,AML,2,6.5112705,2.8505106
TCTTCGGGTACCGGCT-1-22,AML4192,AML,9,2.956831,-0.4633917
TTGCCGTTCAGATAAG-1-22,AML4192,AML,11,3.8995585,-3.6168437
CATTCGCTCCGCAAGC-1-22,AML4192,AML,5,-0.33062202,0.28838915
CCGGTAGGTCGTGGCT-1-22,AML4192,AML,3,-1.4234263,1.6880368
GCACATAAGAGACGAA-1-22,AML4192,AML,3,-1.2722781,3.979042
AGGGTGAAGGCATTGG-1-22,AML4192,AML,5,0.40154037,0.993418
AGTGTCACACATGTGT-1-22,AML4192,AML,5,-2.379225,0.144485
CCACGGAGTGGCAAAC-1-22,AML4192,AML,3,-1.5738468,3.326413
AAGGTTCTCGGACAAG-1-22,AML4192,AML,13,3.912717,-1.9672184
CGAGCCAGTGGAAAGA-1-22,AML4192,AML,6,0.6291991,-0.0902628
CTCGAAACATGAGCGA-1-22,AML4192,AML,5,0.4054636,1.3941665
AACTCAGGTCCTCTTG-1-22,AML4192,AML,3,0.21810114,1.5449728
GCATGATGTCTAACGT-1-22,AML4192,AML,3,-0.108057626,3.3574405
TCTGGAAAGGTGCAAC-1-22,AML4192,AML,3,0.20454538,2.8331702
ATTATCCCACGCGAAA-1-22,AML4192,AML,6,1.8538913,0.8574853
GACTACAGTTTCCACC-1-22,AML4192,AML,3,-0.9041106,2.4368515
GTATCTTTCGCAAACT-1-22,AML4192,AML,5,0.8361319,1.5390328
GGCTCGACAGCCAATT-1-22,AML4192,AML,5,0.35197467,1.8045238
TGTGTTTCATCCGTGG-1-22,AML4192,AML,2,6.6599464,3.2835917
CTACGTCAGCAACGGT-1-22,AML4192,AML,3,-1.993093,2.4793732
CGTCACTTCGGTCTAA-1-22,AML4192,AML,7,-6.3252025,1.0249909
CGAGCACCATCTACGA-1-22,AML4192,AML,7,-5.590253,1.4961531
GGGAGATGTGTGTGCC-1-22,AML4192,AML,3,-2.4236605,1.5013256
CACACCTAGCGTTCCG-1-22,AML4192,AML,5,0.3985073,0.65456283
ACTGAGTGTCAAAGCG-1-22,AML4192,AML,5,0.4785118,1.0598632
TTCCCAGAGGGTGTGT-1-22,AML4192,AML,11,4.0496445,-3.919076
AAATGCCAGTACGCGA-1-22,AML4192,AML,3,-0.09686177,1.6246188
TACCTTACATTTGCCC-1-22,AML4192,AML,13,0.3186818,3.802783
ACTGAACTCCATTCTA-1-22,AML4192,AML,6,2.0225725,-1.6119046
AAATGCCAGGGTATCG-1-22,AML4192,AML,9,5.1252217,-0.8017412
AGAGCTTCAGGGTTAG-1-22,AML4192,AML,6,2.1119843,-1.4728132
GACGCGTCACACCGCA-1-22,AML4192,AML,5,0.66602224,1.3336759
TGGCTGGTCGTTGCCT-1-22,AML4192,AML,5,0.37478825,0.85324365
TGGGAAGAGCTAGTTC-1-22,AML4192,AML,2,6.562943,2.90815
GAGTCCGGTGGTACAG-1-22,AML4192,AML,13,1.3345681,4.9233046
CTCGAGGAGAGATGAG-1-22,AML4192,AML,3,0.45580962,1.980003
ACGGGTCCAGCCTATA-1-22,AML4192,AML,3,-2.3461275,2.4578898
CCTTCCCGTGCACTTA-1-22,AML4192,AML,2,6.4739943,2.6266403
TGATTTCCAGACGTAG-1-22,AML4192,AML,3,-2.8321276,2.3907175
GGGTCTGTCCTTTCTC-1-22,AML4192,AML,6,1.0398,-2.1360683
GACGTGCAGTGCTGCC-1-22,AML4192,AML,11,3.4637816,-2.7788093
GACGTGCAGTGTGAAT-1-22,AML4192,AML,13,4.522018,1.5057273
CCTTACGGTCACACGC-1-22,AML4192,AML,13,1.1960361,4.792869
CGGTTAACACGCCAGT-1-22,AML4192,AML,3,0.90008426,-0.10187425
TTGCCGTGTCTGCCAG-1-22,AML4192,AML,5,0.53879946,1.5170628
GCGCAACCAGGCAGTA-1-22,AML4192,AML,7,-5.7033076,0.27593878
ACCAGTATCAGGCGAA-1-22,AML4192,AML,13,4.638554,0.9315193
CGATGGCAGCCTATGT-1-22,AML4192,AML,5,0.41817817,1.8886986
TAAACCGAGTAATCCC-1-22,AML4192,AML,0,10.324811,2.575021
CGGCTAGGTCGCGAAA-1-22,AML4192,AML,5,-1.4017906,0.6183384
CACCTTGCATGTAGTC-1-22,AML4192,AML,13,2.2558753,5.523864
CTCTAATGTATTACCG-1-22,AML4192,AML,7,-6.4162445,0.309063
CTCGAGGTCACGCATA-1-22,AML4192,AML,5,0.2612511,1.2400805
CAAGGCCAGTACGACG-1-22,AML4192,AML,3,0.024764555,2.4219892
TGGGAAGAGGCCGAAT-1-22,AML4192,AML,2,6.6277485,2.71846
GGACATTTCGACCAGC-1-22,AML4192,AML,3,-0.25864697,2.3040483
AACGTTGTCATGCTCC-1-22,AML4192,AML,13,0.98315316,4.688484
GATTCAGTCCAATGGT-1-22,AML4192,AML,3,-0.0031091645,2.8769116
GTTCGGGTCGTCTGAA-1-22,AML4192,AML,6,2.0103612,-0.49775428
CACAGGCTCGTTACAG-1-22,AML4192,AML,3,0.026225904,2.4775512
TCTCTAATCGCTTGTC-1-22,AML4192,AML,13,0.8432208,4.6618843
GATTCAGGTAGTGAAT-1-22,AML4192,AML,3,-0.4583148,3.5281084
CTGTTTATCCTCTAGC-1-22,AML4192,AML,5,-1.1991916,-0.83341396
CTCCTAGTCGCCTGTT-1-22,AML4192,AML,13,1.0563471,4.829819
TCTATTGAGCTGAACG-1-22,AML4192,AML,11,4.2455306,-3.8330252
TCAGATGGTACGAAAT-1-22,AML4192,AML,5,0.13619779,0.29323363
GGATGTTTCGAATGGG-1-22,AML4192,AML,3,0.49074996,2.0172532
CCTCTGAGTGTAATGA-1-22,AML4192,AML,3,0.23969974,1.6235877
GACAGAGTCTAGAGTC-1-22,AML4192,AML,5,0.18428974,1.7693415
ACACCAAGTATAATGG-1-22,AML4192,AML,2,6.5779886,3.3572142
GACTAACAGGCTACGA-1-22,AML4192,AML,3,-0.45487392,2.1447277
CATCAGAGTTGAGGTG-1-22,AML4192,AML,3,-0.98658806,2.76475
ACGATACCAATAACGA-1-22,AML4192,AML,7,-6.452537,0.90889716
GCATACATCCTATGTT-1-22,AML4192,AML,3,-0.5564318,3.5830595
TCAGATGAGAGCAATT-1-22,AML4192,AML,5,0.776092,1.177671
GTCTTCGCAGGCTCAC-1-22,AML4192,AML,3,-1.5209945,2.90724
GGAATAATCTGGAGCC-1-22,AML4192,AML,5,-0.054137763,1.8301035
GATGCTACAGTCTTCC-1-22,AML4192,AML,3,-1.8554326,2.4741604
AGCGTCGAGCTGAAAT-1-22,AML4192,AML,3,-1.5525184,1.769944
TCGCGAGAGCTAGCCC-1-22,AML4192,AML,7,-4.3916245,1.1729903
GCATGATAGGCTAGCA-1-22,AML4192,AML,2,6.621425,3.075466
CCTACACTCACTCTTA-1-22,AML4192,AML,13,0.12623407,4.15291
AACTCCCCACCGCTAG-1-22,AML4192,AML,14,7.590672,-3.8342307
GTACGTAGTCAGAAGC-1-22,AML4192,AML,13,2.2625666,5.615899
TACACGACAAGTTGTC-1-22,AML4192,AML,9,4.5231466,-0.8872674
CCTTCCCCAAGTAGTA-1-22,AML4192,AML,6,0.61473155,0.35216594
CCTAGCTCACGAAAGC-1-23,AML4226,AML,6,1.3719033,-1.4244739
TACTTACCACTTAAGC-1-23,AML4226,AML,9,4.813841,-0.055993263
TCTGGAATCCTGCCAT-1-23,AML4226,AML,1,8.636987,0.2999612
GGAATAAAGGCATGGT-1-23,AML4226,AML,12,-0.030978702,6.5354023
CTGTTTAAGCCCAATT-1-23,AML4226,AML,12,-0.15739205,6.448718
GCAGCCAAGGCTCAGA-1-23,AML4226,AML,1,8.127472,0.83050644
CCGGTAGCACTACAGT-1-23,AML4226,AML,12,-0.5248194,6.067202
TGTGGTACACCAGGTC-1-23,AML4226,AML,9,4.2476177,0.09913724
AGTGGGAGTCGTTGTA-1-23,AML4226,AML,12,-0.3030541,6.148994
CACACAATCGTTTAGG-1-23,AML4226,AML,2,7.901978,1.7792747
TTCTACAAGGGCTTCC-1-23,AML4226,AML,6,2.3215752,0.60574615
TGACGGCCATCACCCT-1-23,AML4226,AML,12,-0.53983057,6.381508
TGCTGCTCAAGTCATC-1-23,AML4226,AML,1,8.942299,1.188687
CCAATCCTCACCAGGC-1-23,AML4226,AML,3,-1.0962834,3.4340026
TTGGCAATCGTGGACC-1-23,AML4226,AML,3,-1.3121082,1.0500302
GGACAAGTCAGTTGAC-1-23,AML4226,AML,12,-0.9084777,4.7820463
ATCCGAAGTGCAACGA-1-23,AML4226,AML,12,-0.20618661,6.33801
GATGAGGAGGGTGTGT-1-23,AML4226,AML,12,0.60697913,6.0192995
GGGTTGCGTATAAACG-1-23,AML4226,AML,6,2.5493894,-2.2695193
CCAATCCAGCTAGTTC-1-23,AML4226,AML,3,-3.5880818,2.2493112
AAGACCTGTGTTAAGA-1-23,AML4226,AML,12,-0.45909607,6.0609245
TCGCGAGCATCTGGTA-1-23,AML4226,AML,6,2.1897125,-1.7355155
CACCACTAGTAATCCC-1-23,AML4226,AML,12,-0.6030302,5.7631717
GGACGTCCACCAGGCT-1-23,AML4226,AML,12,-1.9840183,1.6485789
TCTCTAAAGCGGCTTC-1-23,AML4226,AML,8,-3.287983,-0.24510165
AGCAGCCGTGTCGCTG-1-23,AML4226,AML,1,8.633928,1.0842081
TATCAGGTCGGCCGAT-1-23,AML4226,AML,1,8.974057,1.5117252
AGAGTGGAGCTGCCCA-1-23,AML4226,AML,9,3.0379124,-0.3277935
TTCTTAGTCGTCCGTT-1-23,AML4226,AML,7,-4.779271,0.26784512
TTCGAAGTCCGCGCAA-1-23,AML4226,AML,9,5.9771147,-0.3607705
GTCGTAAAGATGTGTA-1-23,AML4226,AML,14,6.2035956,-3.8296924
GAACGGATCCTTCAAT-1-23,AML4226,AML,9,4.5223765,-1.1232346
TCCACACTCGAGAGCA-1-23,AML4226,AML,7,-5.182974,2.733268
CACAGTAAGATATGCA-1-23,AML4226,AML,6,1.7626882,-1.870765
AAGACCTAGCTAACTC-1-23,AML4226,AML,7,-5.304425,1.1611022
TACGGTAGTGAACCTT-1-23,AML4226,AML,12,-0.51840574,6.3012404
TCACAAGCATGGGAAC-1-23,AML4226,AML,12,-0.4324777,5.819997
GGCTGGTAGGTCATCT-1-23,AML4226,AML,9,3.5531592,-1.2657222
ATGCGATGTGTTAAGA-1-23,AML4226,AML,9,4.0968804,-1.5465897
TCGCGAGCACCCATTC-1-23,AML4226,AML,1,8.957748,0.809413
TCCCGATGTTACGTCA-1-23,AML4226,AML,11,4.149623,-4.0089235
TCTGGAACAGACACTT-1-23,AML4226,AML,12,-0.21419826,6.382993
CGCGTTTGTCATCGGC-1-23,AML4226,AML,12,-0.053115085,6.476124
CACCACTGTAGCTCCG-1-23,AML4226,AML,6,2.8714352,-2.0207963
CATATTCAGATGTGGC-1-23,AML4226,AML,6,1.2485541,-1.2996601
CTCTGGTCAAACCCAT-1-23,AML4226,AML,6,1.9961754,-1.825529
TTGTAGGGTTGGGACA-1-23,AML4226,AML,6,2.2086818,-2.5671742
GTCTTCGTCAGCCTAA-1-23,AML4226,AML,12,-0.21488005,5.877006
TGGCCAGCATGAGCGA-1-23,AML4226,AML,12,-0.6552042,6.240487
AGTTGGTGTCCAGTGC-1-23,AML4226,AML,12,-0.06899253,6.5993047
GTGCGGTGTTATGTGC-1-23,AML4226,AML,1,8.938029,0.3900076
CAGCCGAGTCAATGTC-1-23,AML4226,AML,1,6.604682,-1.2489344
CTGATCCCAAGGTTTC-1-23,AML4226,AML,7,-5.1450853,0.362002
CTGATCCAGAAAGTGG-1-23,AML4226,AML,3,-2.535907,0.7410977
CTCGGGACACGGTAGA-1-23,AML4226,AML,3,-2.1004064,3.3658834
CTGATCCGTCCGAAGA-1-23,AML4226,AML,12,3.046975,6.7212157
TTTGCGCAGGCAGTCA-1-23,AML4226,AML,14,6.308625,-3.7051275
AAAGATGCACATGGGA-1-23,AML4226,AML,11,4.3564873,-3.5914485
CCTATTACACCTCGTT-1-23,AML4226,AML,7,-4.74373,1.3303611
GCTTGAACAGCCACCA-1-23,AML4226,AML,5,-1.2109956,1.0728017
CCGGTAGAGCCCAACC-1-23,AML4226,AML,2,7.7352295,2.3662457
GTCTCGTGTACTCGCG-1-23,AML4226,AML,1,8.765562,0.8588414
ACCTTTAAGGCTCAGA-1-23,AML4226,AML,3,1.3306968,0.711925
GCATGTAAGGCATTGG-1-23,AML4226,AML,12,-0.059196834,4.0549192
CAGATCAAGATGTCGG-1-23,AML4226,AML,2,8.233496,1.6855767
CATTATCTCAGTGTTG-1-23,AML4226,AML,9,2.7848613,-0.42055494
CACAGTAAGAGACGAA-1-23,AML4226,AML,14,6.573695,-3.665788
CAGAATCTCACCACCT-1-23,AML4226,AML,8,-2.9211268,-0.8287678
ACTGCTCGTCATATCG-1-23,AML4226,AML,14,6.716816,-3.4289136
CCACTACGTAGCTTGT-1-23,AML4226,AML,3,-0.3961834,1.496692
CATTATCCACGCATCG-1-23,AML4226,AML,12,-0.8155602,5.244677
GCATGTAAGTATCGAA-1-23,AML4226,AML,9,4.4798217,-1.2230757
CAGCGACGTCAGGACA-1-23,AML4226,AML,12,0.06624732,6.6037292
GGTGTTACAGCCTTGG-1-23,AML4226,AML,12,-0.38646892,5.7393
GGCGACTGTCGAGTTT-1-23,AML4226,AML,9,4.112493,-1.2386518
CATCCACGTTTACTCT-1-23,AML4226,AML,6,2.6211867,0.32301676
GTACTTTCACCAGGTC-1-23,AML4226,AML,12,2.6267977,6.2493176
GTCACAAAGCAGGTCA-1-23,AML4226,AML,7,-5.1484585,1.0187218
CTGAAACAGGAGTAGA-1-23,AML4226,AML,5,-0.8514768,0.51398164
AGAGCGACAATAAGCA-1-23,AML4226,AML,0,10.621256,2.8404844
ACGATACAGACTTTCG-1-23,AML4226,AML,3,1.7067617,1.273917
CAGCCGATCGCCTGAG-1-23,AML4226,AML,12,-1.4943135,4.4684367
GGCTGGTTCGCCATAA-1-23,AML4226,AML,1,9.202992,1.0466325
CGGAGTCGTCAAACTC-1-23,AML4226,AML,9,6.777345,0.075320706
GCTGCAGTCTGAGTGT-1-23,AML4226,AML,6,2.510545,0.31913128
CGAACATGTAGCGCTC-1-23,AML4226,AML,3,-1.5448704,-0.7343124
AGATTGCCAGTCGTGC-1-23,AML4226,AML,12,-0.17963867,6.357177
ATGCGATCAGCCTTGG-1-23,AML4226,AML,11,4.2626376,-3.9556897
ACTGAGTGTCTCCATC-1-23,AML4226,AML,12,0.027868323,5.321392
AACGTTGCATGCCTAA-1-23,AML4226,AML,8,-2.9788716,-0.40270784
GCGAGAAAGCTAAACA-1-23,AML4226,AML,7,-5.3772035,2.4004521
TGGGAAGAGGACCACA-1-23,AML4226,AML,6,0.96749294,-1.220618
ATGCGATTCGCGGATC-1-23,AML4226,AML,3,-2.851408,3.237209
GACGGCTAGTCTCGGC-1-23,AML4226,AML,12,-1.9360358,1.9232849
GAGGTGATCGAGAGCA-1-23,AML4226,AML,6,2.3922265,0.3275676
GTGTTAGTCCAAGCCG-1-23,AML4226,AML,9,4.4978876,-1.114673
CATCAAGCATGACGGA-1-23,AML4226,AML,12,-3.9006734,-1.1394129
TCTATTGGTTCAGACT-1-23,AML4226,AML,14,6.4199967,-3.6455846
CCGTTCATCTTTAGTC-1-23,AML4226,AML,11,4.9921827,-3.510947
TGGACGCAGTGTGGCA-1-23,AML4226,AML,1,9.130208,1.8830353
CTGGTCTTCTCTGAGA-1-23,AML4226,AML,7,-3.8994043,-1.3179452
AGTAGTCCAAACTGTC-1-23,AML4226,AML,7,-4.499338,3.061252
TTGCGTCAGTCAAGCG-1-23,AML4226,AML,6,2.08524,-2.7541208
TGGACGCAGGCGATAC-1-23,AML4226,AML,7,-4.946416,-0.47887883
AACTGGTCATACCATG-1-23,AML4226,AML,5,-0.18822807,-0.49678987
TCGGGACGTATTCGTG-1-23,AML4226,AML,14,6.247019,-3.6707911
AGCTCCTTCTTGTATC-1-23,AML4226,AML,1,6.9668756,-0.6914911
AAACGGGGTGACTACT-1-23,AML4226,AML,9,4.2350755,-0.645832
ATGGGAGAGTTACGGG-1-23,AML4226,AML,9,5.8809085,-0.20669413
GTCTTCGAGACAGACC-1-23,AML4226,AML,12,0.027868753,6.3582773
GGCTCGATCCCAAGAT-1-23,AML4226,AML,6,1.898096,-3.2385883
ACTGAGTTCACGCATA-1-23,AML4226,AML,14,6.318311,-3.8256495
AAAGTAGGTTAAGATG-1-23,AML4226,AML,12,0.08360668,6.782683
GCTGGGTCAATGTAAG-1-23,AML4226,AML,7,-5.6526875,0.12922445
CCTCTGAGTCACACGC-1-23,AML4226,AML,12,-0.41772208,6.2885575
TAGGCATCAACTGCGC-1-23,AML4226,AML,3,-2.212148,3.4549046
AACCGCGTCACCCTCA-1-23,AML4226,AML,7,-5.0012484,2.2270033
AGAGTGGAGCGATTCT-1-23,AML4226,AML,3,-0.92570484,0.9207894
CACAGTAGTACGCTGC-1-23,AML4226,AML,6,2.5613728,-2.0149019
TACGGTATCACCTTAT-1-23,AML4226,AML,12,-0.049130112,6.410446
AGCATACCACAACTGT-1-24,AML4232,AML,10,8.3794985,2.2889729
GCAGCCATCTGCCAGG-1-24,AML4232,AML,5,-0.956612,-1.3405468
AGGCCGTAGCGTTGCC-1-24,AML4232,AML,7,-5.3196473,-1.203813
CACAGGCTCGGTCTAA-1-24,AML4232,AML,5,-2.7461948,0.7466076
TTCCCAGCATTGGCGC-1-24,AML4232,AML,6,1.6384078,-2.1522095
GGAACTTGTGCCTGTG-1-24,AML4232,AML,6,1.8832318,-1.8225468
CAGGTGCTCGCTAGCG-1-24,AML4232,AML,10,8.57164,3.0071044
CAACTAGTCAGCCTAA-1-24,AML4232,AML,7,-4.833038,0.35270107
GTAACGTCACCGGAAA-1-24,AML4232,AML,3,-1.3074217,1.5708368
CGTGTCTGTTACGTCA-1-24,AML4232,AML,7,-5.57034,-1.2651954
ACACCGGAGAACAACT-1-24,AML4232,AML,7,-4.741965,2.104136
TGGCCAGCAACCGCCA-1-24,AML4232,AML,0,10.475486,0.5577383
AACTCTTAGCTGCCCA-1-24,AML4232,AML,6,1.630607,-1.4001702
ATTACTCCAGACAAAT-1-24,AML4232,AML,7,-5.8621073,-0.6781176
ACGGAGACAGTAGAGC-1-24,AML4232,AML,3,-3.839767,2.9445884
CGTCCATCAGACAAGC-1-24,AML4232,AML,7,-5.628363,-0.38085756
TAAACCGCATGTTCCC-1-24,AML4232,AML,7,-5.6055946,-0.83960587
AGTAGTCCAAGTACCT-1-24,AML4232,AML,7,-6.3042674,-0.51345515
CTGAAACAGGGATGGG-1-24,AML4232,AML,3,-2.382321,2.2498212
GTTAAGCAGAGACTTA-1-24,AML4232,AML,7,-5.591306,-1.4982604
GGCAATTAGGCAGTCA-1-24,AML4232,AML,7,-5.5248227,0.3910092
CTCTACGTCGGAAACG-1-24,AML4232,AML,9,3.376342,1.4098743
CGATCGGCAGCTGTGC-1-24,AML4232,AML,5,-0.07031129,-0.4383788
TAGACCAGTTGAGGTG-1-24,AML4232,AML,7,-5.8026896,-1.1759678
TGAGGGAAGCTGCGAA-1-24,AML4232,AML,7,-5.476325,-1.8407507
AACCGCGGTTCGCGAC-1-24,AML4232,AML,7,-5.969249,-0.44352165
ACGCCGATCACGGTTA-1-24,AML4232,AML,3,-2.8721793,1.8143772
CATATTCGTGGTCTCG-1-24,AML4232,AML,3,-2.572192,1.5546534
ATTGGACAGTGTCTCA-1-24,AML4232,AML,6,2.3764057,-0.5616727
CGGAGTCCAAACCTAC-1-24,AML4232,AML,7,-4.953257,0.6879874
CACTCCATCGTTTATC-1-24,AML4232,AML,6,2.037373,-1.4942044
AACTCTTAGGCGCTCT-1-24,AML4232,AML,6,2.4077632,0.514757
AGGCCACAGAGGACGG-1-24,AML4232,AML,5,-0.6131355,0.19759327
GTGTGCGAGGGAAACA-1-24,AML4232,AML,7,-3.8993814,-0.640488
TGAGAGGAGCAGGTCA-1-24,AML4232,AML,7,-4.513193,0.17415458
GATGCTAGTTACGACT-1-24,AML4232,AML,5,-1.6703349,-0.95973027
CTAATGGAGAAGGCCT-1-24,AML4232,AML,7,-5.187811,-1.6885264
ACTTGTTAGTAGCGGT-1-24,AML4232,AML,3,-2.1960838,0.48402977
ACGGAGACAATGGACG-1-24,AML4232,AML,7,-5.631879,-1.8858092
ACGAGGAAGAAGGGTA-1-24,AML4232,AML,7,-3.772884,1.959957
ACACCGGGTCACTTCC-1-24,AML4232,AML,5,-1.4291141,0.12922579
TACTTACTCTTTACAC-1-24,AML4232,AML,5,-0.7034158,-1.2087861
TCATTACTCGTTACAG-1-24,AML4232,AML,9,3.849496,2.0432343
CTAGCCTAGCCAGGAT-1-24,AML4232,AML,5,-2.0463374,-0.25778025
CGTTAGAGTCTAGGTT-1-24,AML4232,AML,5,-0.6081658,-0.9802304
TGCGGGTTCGTCTGCT-1-24,AML4232,AML,3,-2.0045815,2.6967516
GAATAAGTCATTCACT-1-24,AML4232,AML,7,-4.053713,1.186628
TCAGCTCCAACTGCGC-1-24,AML4232,AML,9,2.7673712,1.4359477
TTATGCTTCCAAACTG-1-24,AML4232,AML,8,-2.37373,0.34524575
CCACCTATCTTCGGTC-1-24,AML4232,AML,7,-4.826924,-1.459877
TTGGAACCACCTATCC-1-24,AML4232,AML,9,5.034961,0.59205925
TTAACTCTCTGCGACG-1-24,AML4232,AML,7,-4.043064,-0.2165172
GCGCAACTCTCGAGTA-1-24,AML4232,AML,7,-5.2163205,-1.7884781
CCCTCCTAGTGGCACA-1-24,AML4232,AML,6,0.7808371,-0.7069498
GCAGCCAGTGTGCGTC-1-24,AML4232,AML,7,-4.997708,-1.9375529
ACTGATGGTCGCGGTT-1-24,AML4232,AML,7,-4.203467,1.8454207
CACCACTTCTTGCCGT-1-24,AML4232,AML,7,-4.295189,-0.81221616
GACTGCGCAAGCTGTT-1-24,AML4232,AML,7,-4.7928963,-1.668767
ACATGGTTCACTTACT-1-24,AML4232,AML,5,-0.04264611,-0.82221997
GATGAAAAGCGTGAAC-1-24,AML4232,AML,5,-0.5301986,0.8780575
GGACGTCGTGGTGTAG-1-24,AML4232,AML,7,-4.457261,-2.2561145
GGAAAGCAGACTTTCG-1-24,AML4232,AML,7,-5.413836,1.1948897
AGGCCACTCATCGCTC-1-24,AML4232,AML,7,-5.8577895,-0.15199047
TGCACCTCACACGCTG-1-24,AML4232,AML,7,-5.1562066,-2.1564765
CGGGTCAGTGGTAACG-1-24,AML4232,AML,7,-4.6077323,1.185519
CTCGGGATCAAGCCTA-1-24,AML4232,AML,7,-5.6986246,-1.6195724
AGTGAGGCAAGCGAGT-1-24,AML4232,AML,0,9.981766,2.4678051
ACATCAGGTATATGGA-1-24,AML4232,AML,3,-0.5310765,1.5529875
CGAGCACTCGGATGTT-1-24,AML4232,AML,7,-5.026498,-2.0895462
CAGATCAAGGAATCGC-1-24,AML4232,AML,7,-5.7770433,-0.82611334
TAGACCAGTAGCTTGT-1-24,AML4232,AML,6,1.5715424,-0.6842653
GTTTCTAGTCGCGGTT-1-24,AML4232,AML,7,-5.630251,0.86619014
ATCTGCCCACAACGCC-1-24,AML4232,AML,5,0.5045325,-0.88083327
TAAGAGACATTAGCCA-1-24,AML4232,AML,7,-5.3876314,-1.0276679
TATTACCAGTCCGTAT-1-24,AML4232,AML,5,-1.0466468,-0.95103115
CCTAGCTAGCGTGAAC-1-24,AML4232,AML,10,8.183447,2.4634407
ATGGGAGCAGCTTCGG-1-24,AML4232,AML,5,-1.1937253,-0.7079119
CACAAACAGGAGCGTT-1-24,AML4232,AML,7,-4.4244194,-1.5372102
TCTATTGGTAGCCTCG-1-24,AML4232,AML,7,-4.024005,-0.28743085
CGAGCCACAACGATCT-1-24,AML4232,AML,7,-4.6902685,2.5887966
ACTTGTTAGTAGGTGC-1-24,AML4232,AML,7,-4.629643,-0.15489188
TGCCAAACAATCGGTT-1-24,AML4232,AML,3,-2.6527703,2.393798
GTCGGGTTCGTCTGAA-1-24,AML4232,AML,9,3.5216773,1.4893491
TATGCCCAGGACAGCT-1-24,AML4232,AML,7,-5.2798023,-0.64879507
TGAGAGGAGCGCTTAT-1-24,AML4232,AML,7,-5.328691,-1.0135186
ATCCACCTCCCGGATG-1-24,AML4232,AML,7,-5.074986,1.3318446
GGACATTTCTCGTTTA-1-24,AML4232,AML,7,-5.2198253,-1.8651513
GGGAGATTCTCCAGGG-1-24,AML4232,AML,7,-4.973672,-0.02599803
CCCAGTTGTAGAGTGC-1-24,AML4232,AML,7,-3.725752,-0.7667017
CGGTTAATCATCATTC-1-24,AML4232,AML,7,-5.6939483,-0.5970198
CAAGGCCAGTCCCACG-1-24,AML4232,AML,5,-1.6362662,0.53202236
TGCACCTAGGCGCTCT-1-24,AML4232,AML,7,-5.1501665,-1.8286299
CTCACACAGATGTGTA-1-24,AML4232,AML,5,-1.3874081,-0.91497433
GCGCAGTCAGTCAGCC-1-24,AML4232,AML,7,-5.347144,-1.0032561
AACACGTAGTACACCT-1-24,AML4232,AML,5,-1.1565231,0.75875896
TGAGCATTCGCTTAGA-1-24,AML4232,AML,7,-5.4571476,-0.91158956
CCTCTGATCCTCATTA-1-24,AML4232,AML,7,-5.480094,-1.9302655
CGCTGGAGTCCAAGTT-1-24,AML4232,AML,7,-5.249854,-1.7564831
TACTCATTCCAGTATG-1-24,AML4232,AML,5,-2.6175287,0.0042304737
GACTACAAGACTAGGC-1-24,AML4232,AML,7,-5.093595,-2.2251966
CCGTGGACATAGTAAG-1-24,AML4232,AML,7,-6.071035,-1.2429676
CATATGGCACGCCAGT-1-24,AML4232,AML,3,-2.6442175,2.4970205
CTAATGGTCGCTTAGA-1-24,AML4232,AML,9,3.3486907,1.3481455
GGTGTTACAGCCTTGG-1-24,AML4232,AML,7,-5.6322694,-0.23181455
TTGCCGTAGTCCGGTC-1-24,AML4232,AML,7,-4.3564243,-0.76025885
CCACTACAGTTACCCA-1-24,AML4232,AML,6,2.0738237,-0.052808195
AGAGTGGGTCCGCTGA-1-24,AML4232,AML,7,-5.9698105,-1.1257757
TGCACCTAGTACCGGA-1-24,AML4232,AML,7,-3.5194933,0.21795185
CTGAAACTCGTTACAG-1-24,AML4232,AML,7,-4.9431677,0.6352665
GAATAAGAGGGAGTAA-1-24,AML4232,AML,3,-1.5131631,2.9003208
CATCAGAGTCTTGTCC-1-24,AML4232,AML,7,-4.1835127,1.6604434
GCAATCAGTGGAAAGA-1-24,AML4232,AML,7,-3.9729936,-0.48205248
GGCTCGAAGACAGAGA-1-24,AML4232,AML,9,4.477732,-1.4951684
TACGGTATCAGTGCAT-1-24,AML4232,AML,7,-4.366703,1.4840163
AGAATAGCATAACCTG-1-24,AML4232,AML,7,-5.3298883,0.9036113
GCGACCAGTGCATCTA-1-24,AML4232,AML,7,-4.83134,0.99365383
GCCTCTAAGGACATTA-1-24,AML4232,AML,7,-5.670789,0.30320114
CGAATGTCATTAACCG-1-24,AML4232,AML,7,-5.413515,-0.8856998
GCTGCAGCACATAACC-1-24,AML4232,AML,7,-6.2582483,-0.7493122
CTCGTCACAGCTGTTA-1-24,AML4232,AML,7,-4.543493,1.2043076
GGAAAGCTCAACACTG-1-24,AML4232,AML,7,-5.5145974,-1.1820582
ATCTGCCGTTTGACTG-1-24,AML4232,AML,3,-2.558913,3.1451528
GATCAGTAGATACACA-1-24,AML4232,AML,3,-2.5806253,0.72063845
GGCTCGATCAGTTCGA-1-24,AML4232,AML,5,-2.3869996,-0.5999969
AGGGATGTCTGGAGCC-1-24,AML4232,AML,7,-5.8189116,-1.3252925
GACGGCTCATTTCAGG-1-24,AML4232,AML,7,-4.6951647,0.95086455
CTCGAGGGTTCAGCGC-1-24,AML4232,AML,14,6.1142035,-3.8318207
GTGAAGGGTAGCGATG-1-24,AML4232,AML,6,2.0652802,-2.3993192
GTACTCCCACCTTGTC-1-24,AML4232,AML,7,-5.945944,-0.24776095
CAAGAAACATACTACG-1-24,AML4232,AML,7,-5.7358246,-0.8880955
TACCTATCACGTCAGC-1-24,AML4232,AML,5,-2.6540494,0.5072116
TGGACGCTCGTTGACA-1-24,AML4232,AML,5,0.68881094,0.6184096
CGTTGGGTCAACGGGA-1-24,AML4232,AML,2,6.7651753,3.6274817
CAACTAGCAGTTTACG-1-24,AML4232,AML,7,-5.5787106,-0.84522843
GGGAGATTCTTAGCCC-1-24,AML4232,AML,7,-4.739178,2.6817708
TGCACCTGTATAGGGC-1-24,AML4232,AML,7,-5.131535,-1.6580899
TCGTACCGTTGTGGAG-1-24,AML4232,AML,7,-5.3266435,-1.0937936
AGAGTGGTCGGTTCGG-1-24,AML4232,AML,7,-4.847791,-2.3802228
CAGTCCTAGGTACTCT-1-24,AML4232,AML,3,-1.2028577,0.9186831
GTAACTGGTATCGCAT-1-24,AML4232,AML,6,1.6246994,0.20477764
TCCCGATTCGCATGAT-1-24,AML4232,AML,5,-0.20779769,-0.021342998
ATCCACCTCCCATTAT-1-24,AML4232,AML,9,5.641552,0.8892566
CGGAGCTAGGTGCTAG-1-24,AML4232,AML,7,-5.775786,-1.7222978
GAACATCAGATAGGAG-1-24,AML4232,AML,7,-6.195665,-0.6860321
GGGAGATCACGCTTTC-1-24,AML4232,AML,7,-5.407025,-0.32748342
CGTTGGGTCTTAGCCC-1-24,AML4232,AML,5,-1.6072252,-0.15671203
GACACGCAGACACTAA-1-24,AML4232,AML,7,-4.4436545,-2.1152294
GGAATAAGTAGCAAAT-1-24,AML4232,AML,3,-1.3986218,3.1816218
GGATGTTCAGCGAACA-1-24,AML4232,AML,5,-1.8207095,-0.09650082
CTACACCGTTCCCTTG-1-24,AML4232,AML,6,1.5506961,-3.0262902
TCAGCTCGTATGCTTG-1-24,AML4232,AML,7,-3.7878413,-2.0490139
GCGACCAAGATCCTGT-1-24,AML4232,AML,7,-5.6782765,-1.6644377
CACAGTAAGAGTAATC-1-24,AML4232,AML,11,4.127445,-4.287965
TTGAACGTCAAGGTAA-1-24,AML4232,AML,7,-6.1032968,-0.63754094
CGTCACTTCACCAGGC-1-24,AML4232,AML,9,3.291436,1.7050787
CACCAGGCAATGTAAG-1-24,AML4232,AML,5,-0.68757635,-0.71336806
ACATCAGCATGGTCTA-1-24,AML4232,AML,5,-0.10566946,-1.019713
AAATGCCCAGATCCAT-1-24,AML4232,AML,5,-1.7199706,0.8903318
GTGAAGGGTTCGTTGA-1-24,AML4232,AML,5,-1.6605325,0.62201
GGGATGACAATCAGAA-1-24,AML4232,AML,7,-5.4972806,-0.01731449
AACGTTGGTCTTGATG-1-24,AML4232,AML,9,3.0501125,1.5223522
CGATCGGGTCCGAAGA-1-24,AML4232,AML,5,-0.71757907,-1.3121264
GACCTGGCAAACCTAC-1-24,AML4232,AML,9,4.202756,-0.07571967
TGGCTGGTCCGCATAA-1-24,AML4232,AML,3,-1.475229,1.9029621
CAGCTGGAGCAAATCA-1-24,AML4232,AML,7,-5.1225233,0.3279067
ACGAGGAGTGTGACCC-1-24,AML4232,AML,3,-3.233963,2.2589467
TGCCAAATCATACGGT-1-24,AML4232,AML,3,-0.9629233,2.041419
GCTGCGAAGATGAGAG-1-24,AML4232,AML,5,-0.311699,-1.2006282
TCGCGAGCAGCGTCCA-1-24,AML4232,AML,5,-1.1271923,-0.28235266
CTCTGGTCATTGTGCA-1-24,AML4232,AML,5,-4.8471656,-1.5733533
CGATGTATCCGAAGAG-1-24,AML4232,AML,3,-1.3870046,1.4376726
GGATTACTCAGTGTTG-1-24,AML4232,AML,7,-4.5308623,-2.070055
CCTCTGACACACAGAG-1-24,AML4232,AML,7,-5.260086,-2.0266268
CTTCTCTTCGTAGGAG-1-24,AML4232,AML,10,8.597632,2.6525013
CTTAACTTCAATCACG-1-24,AML4232,AML,5,-1.7873082,-0.073392525
TTTATGCCACAGACTT-1-24,AML4232,AML,7,-5.540371,-0.8680651
TACTTGTCACCGAATT-1-24,AML4232,AML,9,2.748897,1.7365985
CTAGAGTAGGCAATTA-1-24,AML4232,AML,7,-3.3119411,-1.734155
GGTGAAGAGCACAGGT-1-24,AML4232,AML,5,-1.630161,0.49638844
CTGCTGTAGTCCGTAT-1-24,AML4232,AML,7,-3.7013676,-0.19953917
CTTTGCGGTACTTCTT-1-24,AML4232,AML,7,-3.6790018,-2.188291
CCTATTAAGGTGATTA-1-24,AML4232,AML,3,-3.5965981,3.2056935
AAGGCAGCAGTATAAG-1-24,AML4232,AML,7,-4.8429646,-2.1776779
TGATTTCGTTATGTGC-1-24,AML4232,AML,5,0.166422,-0.10384552
TCGTACCGTTGCCTCT-1-24,AML4232,AML,3,-1.7883844,2.0152133
TAGGCATTCGCAAGCC-1-24,AML4232,AML,7,-4.3959084,-0.71196526
ACTGAACCAACAACCT-1-24,AML4232,AML,5,0.31099385,0.034979977
TGAAAGAGTCAAAGAT-1-24,AML4232,AML,3,-1.32256,0.7373922
TCGGGACTCATGTCCC-1-24,AML4232,AML,7,-4.410829,-2.0227113
TATGCCCGTAGGAGTC-1-24,AML4232,AML,7,-5.4778438,-2.1561549
CTGCGGAGTCCAGTAT-1-24,AML4232,AML,5,-2.3421283,0.020567207
TTTATGCCATATGGTC-1-24,AML4232,AML,6,1.7187551,-0.26274318
CTCTAATAGAAGAAGC-1-24,AML4232,AML,8,-2.4182653,-0.6299327
TGAGAGGTCAGGATCT-1-24,AML4232,AML,7,-3.9897914,-0.8946764
GAACATCAGACCCACC-1-24,AML4232,AML,8,-3.0976293,0.8359324
CAGCCGAGTGAGCGAT-1-24,AML4232,AML,7,-5.6331806,-1.2533238
CTAAGACCAGGTCTCG-1-24,AML4232,AML,7,-5.1696305,-0.23495728
AACTCTTTCACTTCAT-1-24,AML4232,AML,3,-2.0655463,1.5794337
CCGTTCAAGGCTATCT-1-24,AML4232,AML,7,-5.6790285,-1.220546
CAGCTAACAACACGCC-1-24,AML4232,AML,7,-6.3177195,-0.9727957
ACTATCTAGTCTTGCA-1-24,AML4232,AML,7,-4.6873884,0.12199098
AGGGATGTCCTCAATT-1-24,AML4232,AML,7,-5.7403283,-1.8041998
GCTGCTTTCCGCATAA-1-24,AML4232,AML,5,-0.15277612,-0.031898152
AGGGATGGTGGTTTCA-1-24,AML4232,AML,7,-5.4034853,-2.0052474
GGGAGATAGTTTAGGA-1-24,AML4232,AML,7,-5.700873,-1.6296996
GAGTCCGGTGACAAAT-1-24,AML4232,AML,7,-5.1186314,-2.1524224
ACGCAGCCAATCGGTT-1-24,AML4232,AML,5,-2.0665765,-1.029989
ATCATGGCACGAAATA-1-24,AML4232,AML,10,9.103767,4.0809083
AAACCTGCATATGCTG-1-24,AML4232,AML,3,1.1320121,0.5845304
CACACCTAGTAGGTGC-1-24,AML4232,AML,3,-3.0338817,2.5576055
AGCAGCCGTGGTACAG-1-24,AML4232,AML,5,-2.6707435,-0.6993415
GTAGTCATCAATAAGG-1-24,AML4232,AML,7,-4.5207148,1.6079041
CTCGTACGTTGTGGAG-1-24,AML4232,AML,7,-6.1583886,-0.4804598
TGCGTGGTCAGCAACT-1-24,AML4232,AML,3,-1.2894281,2.1341279
CTGATAGCACCGGAAA-1-24,AML4232,AML,7,-5.535201,-0.6731598
GCTGCAGTCTCCAGGG-1-24,AML4232,AML,7,-4.965146,-1.4654133
CTGATAGTCACAACGT-1-24,AML4232,AML,6,0.44764265,0.3863694
AGCGTATCAAGAGTCG-1-24,AML4232,AML,7,-4.1044292,1.388715
GTTAAGCTCTTTAGTC-1-24,AML4232,AML,7,-4.4616146,2.0740716
GTATTCTTCAGAGGTG-1-24,AML4232,AML,7,-4.4123363,-2.0418415
TAAGTGCGTGATGTGG-1-24,AML4232,AML,7,-5.1016827,1.2876997
GTCTCGTTCAGCGACC-1-24,AML4232,AML,7,1.6457672,-1.221429
CACCAGGTCCGCATAA-1-24,AML4232,AML,7,-5.168088,-2.1673725
CACAGGCGTACTTGAC-1-24,AML4232,AML,7,-5.302818,0.13561518
GTAACTGAGGACTGGT-1-24,AML4232,AML,7,-4.9364314,-1.4893049
CTGGTCTCAGTGGAGT-1-24,AML4232,AML,7,-5.9735126,-0.93913174
CTTACCGTCGGAAATA-1-24,AML4232,AML,5,-1.1084865,1.0829562
GATGAAAGTGGGTATG-1-24,AML4232,AML,7,-5.1550155,-1.4239104
GATGCTAGTCAATACC-1-24,AML4232,AML,7,-4.409333,-1.8395689
GACTACAGTCGAGTTT-1-24,AML4232,AML,7,-5.5642486,0.26780865
TGATTTCAGATCCTGT-1-24,AML4232,AML,5,-0.84393626,-0.102662235
ATTTCTGTCCTTGCCA-1-24,AML4232,AML,7,-5.295385,-0.60914385
AAAGATGGTTTACTCT-1-24,AML4232,AML,3,-2.0160155,2.3391943
CGAGCACGTCGCTTCT-1-24,AML4232,AML,7,-4.958409,-2.2513318
CCCAATCGTCTAAACC-1-24,AML4232,AML,7,-5.999124,-1.0811899
ACTTTCATCATCGATG-1-24,AML4232,AML,3,-3.361178,2.0814707
CGAGAAGTCGCGTTTC-1-24,AML4232,AML,0,9.726968,0.8400895
GTGCATATCTGGCGTG-1-24,AML4232,AML,7,-5.842751,0.020667156
CGGACGTCAGATGGCA-1-24,AML4232,AML,7,-3.2573826,-2.0980713
AAGTCTGAGAGTACAT-1-24,AML4232,AML,5,-2.1304586,-0.29355624
TGACTTTGTTGAGTTC-1-24,AML4232,AML,6,1.6496723,-3.3561547
CTGCCTAAGCGATCCC-1-24,AML4232,AML,7,-4.7355614,-0.09126161
CTAATGGTCTTCATGT-1-24,AML4232,AML,5,-1.4428228,0.13205451
CAGCATATCGCACTCT-1-24,AML4232,AML,5,-2.6731513,0.3989147
ATCATGGGTAACGTTC-1-24,AML4232,AML,7,-4.2484417,0.60918874
ACATGGTTCTCCAGGG-1-24,AML4232,AML,7,-4.922315,-1.465024
CGTCTACCATATGCTG-1-24,AML4232,AML,3,-2.959822,2.1911576
GTGGGTCTCACAGGCC-1-24,AML4232,AML,1,7.467326,-0.6555701
TATCAGGAGTGGTAGC-1-24,AML4232,AML,3,-0.7042766,2.146614
TCCCGATAGAGCTGGT-1-24,AML4232,AML,5,-0.53853434,-0.55625665
GTTCTCGTCTCAACTT-1-24,AML4232,AML,5,-0.50972986,-1.5396198
GTCATTTAGTACGATA-1-24,AML4232,AML,0,11.240527,0.8494314
AGGTCATTCCTGTAGA-1-24,AML4232,AML,5,0.27258733,-0.15007828
TTTACTGTCTGAAAGA-1-24,AML4232,AML,5,-0.31638408,-1.3871166
CACATAGCACACAGAG-1-24,AML4232,AML,5,-0.38569367,0.05309991
CTTACCGGTTCCAACA-1-24,AML4232,AML,3,1.5483971,0.6013459
CGGACGTAGCTGCAAG-1-24,AML4232,AML,3,-2.8037884,0.8426713
GCGCAGTAGAGATGAG-1-24,AML4232,AML,9,2.9847684,0.3988255
TTGAACGTCATGTCCC-1-24,AML4232,AML,7,-4.325704,-1.7936578
TTGAACGTCGCTAGCG-1-24,AML4232,AML,7,-4.940413,-1.4968864
CTCTAATTCAGAGGTG-1-24,AML4232,AML,7,-5.4855223,0.27808854
CCGTACTAGTATCGAA-1-24,AML4232,AML,6,1.8128635,-2.7123084
CTCGTCAGTATCTGCA-1-24,AML4232,AML,9,4.6559024,-1.4270189
TGAGCCGTCTGTCAAG-1-24,AML4232,AML,5,-0.94792646,-0.90795755
TCGGGACCATCCTAGA-1-24,AML4232,AML,5,-3.1288278,-0.7610583
GATGCTAGTTCGGGCT-1-24,AML4232,AML,3,-1.8560154,-0.21032605
TTAGTTCCACTTCTGC-1-24,AML4232,AML,7,-4.3069015,-1.9968123
ACGATGTAGATGTTAG-1-24,AML4232,AML,7,-5.4085608,-1.5447507
ACACCCTAGTACGATA-1-24,AML4232,AML,7,-5.6056237,0.002061387
GTACTCCAGGTACTCT-1-24,AML4232,AML,5,0.40317547,-0.7108053
CGTTGGGTCACCAGGC-1-24,AML4232,AML,10,8.102983,2.74376
GAGTCCGGTTCCCTTG-1-24,AML4232,AML,9,5.186477,-1.0765225
ACGGAGAGTATAAACG-1-24,AML4232,AML,7,-5.5516124,-1.2086437
GACCTGGGTTTGTGTG-1-24,AML4232,AML,5,-2.3982496,0.4920125
CATGACATCCCTTGCA-1-24,AML4232,AML,7,-5.4502983,-0.13381144
ACATCAGGTAAAGGAG-1-24,AML4232,AML,7,-5.628252,-0.94209266
ATTGGTGCAAGCGTAG-1-24,AML4232,AML,5,-0.7280154,1.0357949
TTTGCGCGTTCCATGA-1-24,AML4232,AML,5,-2.235505,0.6000254
TATCAGGGTTCAACCA-1-24,AML4232,AML,3,-2.5098686,2.0807734
AGGCCACAGTGCCAGA-1-24,AML4232,AML,7,-5.0692368,-2.0904639
GCTGCAGTCAAGCCTA-1-24,AML4232,AML,7,-4.307989,2.8731413
TATGCCCAGTACACCT-1-24,AML4232,AML,7,-4.9933486,0.5721444
GCTGGGTAGCAACGGT-1-24,AML4232,AML,3,-1.6167297,-0.19322783
GTAACTGAGCCTCGTG-1-24,AML4232,AML,5,-0.8365831,0.092844725
GCTTGAAAGTCACGCC-1-24,AML4232,AML,5,-0.71956146,-0.4164415
GCAAACTGTAATCGTC-1-24,AML4232,AML,5,0.59135824,-1.1458261
GCTCTGTGTGTGAATA-1-24,AML4232,AML,10,9.007794,2.764574
ATCTGCCTCTGGTATG-1-24,AML4232,AML,5,-0.7790551,-1.1851125
CTGAAGTGTAGCAAAT-1-24,AML4232,AML,5,0.21513943,-0.69677186
ACTGCTCGTTAAGACA-1-24,AML4232,AML,3,-1.2503387,2.113605
CCGTACTAGAGGTTAT-1-24,AML4232,AML,3,-2.1873264,3.0373814
CACAGGCGTATCGCAT-1-24,AML4232,AML,7,-5.3325906,-0.5502266
GATCTAGTCTCCTATA-1-24,AML4232,AML,5,-2.508261,-1.1553468
GTCTTCGTCTCGTATT-1-24,AML4232,AML,5,-1.2567058,-0.4816808
ACGATACTCTGGTGTA-1-24,AML4232,AML,7,-5.0892463,0.01794881
GATCGATAGCTGCCCA-1-24,AML4232,AML,3,-3.134528,2.7903767
GGAATAACAGCCTATA-1-24,AML4232,AML,7,-4.5769424,-0.7072947
GTAGTCATCTTATCTG-1-24,AML4232,AML,7,-6.235931,-0.86390847
CAGAATCTCTCCTATA-1-24,AML4232,AML,5,-0.64530176,-0.14513491
TAGACCAGTGTGACCC-1-24,AML4232,AML,5,-2.1443446,0.3746999
TTCTACAAGTACGATA-1-24,AML4232,AML,7,-5.353724,-0.7121985
TACGGGCGTCTAGCCG-1-24,AML4232,AML,5,-0.3956217,-1.2086593
ATCATGGAGAGTCGGT-1-24,AML4232,AML,5,-0.38221434,-1.4883349
TACACGATCTTAACCT-1-24,AML4232,AML,6,2.2461946,-2.656992
AAGGCAGAGATATGGT-1-24,AML4232,AML,8,-2.7355573,1.0866394
TAGGCATTCACCGTAA-1-24,AML4232,AML,7,-4.253348,-2.3612957
CATGACAAGGGTTTCT-1-24,AML4232,AML,7,-6.285376,-0.72561103
AGCAGCCAGTGTCCAT-1-24,AML4232,AML,7,-4.5161867,0.4243747
CGACTTCCAATGTAAG-1-24,AML4232,AML,5,-2.7734146,-0.19629961
CAGATCATCTAGCACA-1-24,AML4232,AML,3,-3.1990466,3.3445218
AGTTGGTAGGCTCAGA-1-24,AML4232,AML,3,-3.5388396,1.9972594
GTAACTGGTGCAACGA-1-24,AML4232,AML,7,-4.977002,1.5214412
AGAGTGGCAAGCCATT-1-24,AML4232,AML,7,-5.1634984,0.0888435
GATGAAACAAGTCATC-1-24,AML4232,AML,5,-1.5815696,1.5070624
GCATGTAGTAAAGGAG-1-24,AML4232,AML,7,-4.7144256,-0.9799612
TTATGCTAGACAATAC-1-24,AML4232,AML,7,-5.5352826,-0.71226484
AAGGTTCTCGTGGGAA-1-24,AML4232,AML,7,-5.216175,-2.045909
CTCGGGACACCCTATC-1-24,AML4232,AML,5,-1.3282043,-1.0467032
AGCGGTCGTCTCCACT-1-24,AML4232,AML,7,-3.5050411,-1.5865507
ACGGGTCAGTACGTTC-1-24,AML4232,AML,0,9.774292,2.4647732
GTCAAGTAGGAGTAGA-1-24,AML4232,AML,11,3.47739,-2.741438
ACACCGGGTGACTACT-1-24,AML4232,AML,5,-1.462574,-0.66195256
CAACTAGGTACAGCAG-1-24,AML4232,AML,3,-2.3561158,2.5285747
CGGACGTTCTTATCTG-1-24,AML4232,AML,7,-5.3477206,-0.051522538
TTCTCAAGTCGGATCC-1-24,AML4232,AML,0,10.863241,1.9139154
ATCACGAGTACGCACC-1-24,AML4232,AML,3,-3.7360091,2.9617317
GGACGTCTCGTCCGTT-1-24,AML4232,AML,7,-4.6564355,-2.3881032
GAGGTGAGTTCTCATT-1-24,AML4232,AML,7,-3.9184115,3.084957
AGTGTCAAGTGGGATC-1-24,AML4232,AML,7,-5.453888,-1.7562267
TATGCCCCACAACGCC-1-24,AML4232,AML,5,-1.7546808,0.07204879
CTCCTAGAGATCCGAG-1-24,AML4232,AML,3,-3.466512,3.5850365
GCTTGAAAGAAACGAG-1-24,AML4232,AML,6,2.1751132,-2.8409927
CGCGTTTAGAATGTGT-1-24,AML4232,AML,6,1.6555291,-2.4666803
CCTATTAGTCTTCAAG-1-24,AML4232,AML,3,-3.1770475,2.9418988
TCTGGAAGTTGTCTTT-1-24,AML4232,AML,5,-0.9730269,-0.76241595
CGTCTACAGATGTTAG-1-24,AML4232,AML,7,-5.189019,-0.8776253
AAGCCGCTCTGGGCCA-1-24,AML4232,AML,7,-4.875611,-2.3443408
ACGTCAAGTTCGTTGA-1-24,AML4232,AML,5,-1.143773,0.74362063
AGTGTCACATTAACCG-1-24,AML4232,AML,5,-1.8343868,0.8154057
AATCGGTGTTTGACAC-1-24,AML4232,AML,7,-4.0654926,-1.1775428
ACTGCTCTCCACGTTC-1-24,AML4232,AML,6,1.7056946,-1.463195
TGCGTGGTCCAGGGCT-1-24,AML4232,AML,7,-5.402036,-1.5684747
CATCCACTCGCCAGCA-1-24,AML4232,AML,7,-5.6660132,-1.4906714
ATCCACCCACCAGGTC-1-24,AML4232,AML,6,2.2013018,-2.3647175
AGTTGGTAGGAGTACC-1-24,AML4232,AML,5,-1.5754619,-0.29389873
GAACATCTCCAGAAGG-1-24,AML4232,AML,7,-4.5652657,-1.8784429
CAACTAGCATCGGAAG-1-24,AML4232,AML,7,-4.1179447,-2.2655885
TCCCGATCACAGCGTC-1-24,AML4232,AML,5,-0.9234821,0.74968725
CGGGTCAGTTCGTGAT-1-24,AML4232,AML,5,0.007070834,1.4884076
CAGGTGCTCGTTACGA-1-24,AML4232,AML,7,-4.37263,-2.100397
GTCTTCGAGAGCTGCA-1-24,AML4232,AML,7,-4.5095477,1.0955794
ACGATGTAGGTTACCT-1-24,AML4232,AML,5,-1.6507453,-0.7157572
TCACGAACAGTCGATT-1-24,AML4232,AML,12,-0.29248515,5.7024784
ATTGGTGAGCCACGCT-1-24,AML4232,AML,3,-0.4620589,3.043819
GTAACTGCAACGCACC-1-24,AML4232,AML,7,-4.353192,1.7380575
CATCGAAAGGAGTACC-1-24,AML4232,AML,7,-4.7942905,0.019848967
AAAGCAAAGATGTAAC-1-24,AML4232,AML,7,-4.35506,-2.106986
CTAACTTGTTCAACCA-1-24,AML4232,AML,7,-5.2868247,0.04719482
CGCTTCATCGGCGGTT-1-24,AML4232,AML,5,0.20742373,-1.5059029
ACGGGTCCATATGCTG-1-24,AML4232,AML,3,-0.16138048,2.0765753
TAGTTGGTCGCCATAA-1-24,AML4232,AML,5,-0.9630965,-1.1965477
AAGACCTGTCGCGAAA-1-24,AML4232,AML,5,-0.74431205,-0.88838077
ACAGCCGCAATCTGCA-1-24,AML4232,AML,5,-1.1470184,0.57391036
CTAGTGAAGGCAGGTT-1-24,AML4232,AML,3,-0.8903658,-0.14500503
TGACAACAGGTAAACT-1-24,AML4232,AML,3,-1.4995865,1.2371947
CCAGCGAGTTCACGGC-1-24,AML4232,AML,9,4.111845,1.187776
GCTGGGTGTCACTGGC-1-24,AML4232,AML,7,-5.13363,-0.5849607
ATCCACCTCAGCCTAA-1-24,AML4232,AML,7,-5.302034,-1.3620131
GTCATTTGTCTAGCCG-1-24,AML4232,AML,7,-4.479234,2.946656
GCATGCGCACAACTGT-1-24,AML4232,AML,7,-5.1477375,-0.6452848
ACGGAGATCTACTCAT-1-24,AML4232,AML,5,-0.49662665,-0.058859017
CTACATTGTCAGAGGT-1-24,AML4232,AML,7,-5.1405077,-1.1320599
CTCGTACTCGTTGACA-1-24,AML4232,AML,9,5.8783946,0.002937958
CCACCTACACCGAAAG-1-24,AML4232,AML,9,3.516791,1.6513932
GAACATCCAGTTAACC-1-24,AML4232,AML,8,-2.3851144,0.82933426
CTACACCAGAGCTGCA-1-24,AML4232,AML,5,-0.6034135,-0.9495098
CACAGGCGTTCCGTCT-1-24,AML4232,AML,7,-4.645846,-1.9317371
GCTGCTTGTGGACGAT-1-24,AML4232,AML,5,-0.02441822,0.13976118
CTGCCTAGTACTCAAC-1-24,AML4232,AML,9,3.4242854,2.0701268
TAGAGCTAGCAGGTCA-1-24,AML4232,AML,7,-4.6421328,-2.2891412
TAAGAGAAGGTTACCT-1-24,AML4232,AML,10,8.365391,3.0354702
TCAGCAAAGGCATGTG-1-24,AML4232,AML,5,-1.3136164,-0.75385445
CTTAACTTCGACCAGC-1-24,AML4232,AML,5,-0.9598939,-1.2533994
GTTTCTACACGAGGTA-1-24,AML4232,AML,7,-5.341984,-1.4439954
GGGACCTGTGAAGGCT-1-24,AML4232,AML,7,-5.616275,-1.3269912
GACGTGCCATGAAGTA-1-24,AML4232,AML,7,-5.87511,0.7188044
CACACCTTCACGGTTA-1-24,AML4232,AML,7,-5.216764,-1.757796
ATCTGCCCAGCTATTG-1-24,AML4232,AML,7,-5.7633047,-0.6292931
AGAGTGGCATGATCCA-1-24,AML4232,AML,5,-1.6044563,-0.60058933
CGTCCATAGGCAAAGA-1-24,AML4232,AML,7,-4.4380493,-1.6045694
GGACATTTCTCTTATG-1-24,AML4232,AML,7,-5.06486,-0.60864735
GCGAGAAAGGAGTCTG-1-24,AML4232,AML,5,-0.59917927,-1.2254008
TACCTATGTTAAGATG-1-24,AML4232,AML,5,-1.3740476,0.9792518
TTAGTTCCAATGAAAC-1-24,AML4232,AML,8,-2.0449991,-1.2358046
CGATGTACAACCGCCA-1-24,AML4232,AML,7,-5.27637,-1.9193178
GCTGCAGTCACCATAG-1-24,AML4232,AML,7,-5.6424727,-1.5757948
CAGCTGGCAGCTCCGA-1-24,AML4232,AML,3,-1.9006206,2.075063
TTCGGTCAGTCGATAA-1-24,AML4232,AML,7,-5.5135736,0.17424102
AAGGCAGAGTGAAGTT-1-24,AML4232,AML,5,-2.2408712,0.13682653
CGTGAGCTCTGAGTGT-1-24,AML4232,AML,7,-5.4316697,0.09640135
GTGCATAAGCCAGTAG-1-24,AML4232,AML,7,-5.100913,-1.697272
CGTTAGAGTCCAAGTT-1-24,AML4232,AML,7,-5.5723643,0.21939735
GCATACAAGGCCGAAT-1-24,AML4232,AML,7,-4.6464987,-1.6131797
GTGTTAGGTTCACGGC-1-24,AML4232,AML,5,-1.7910495,0.082502834
TAGTTGGGTCCCTTGT-1-24,AML4232,AML,9,1.2996998,1.6148032
AACTGGTGTAGGGTAC-1-24,AML4232,AML,3,-1.1747077,2.6217902
GTGCATATCAAACCGT-1-24,AML4232,AML,7,-5.571143,-0.26060134
CGTTCTGGTTCAGACT-1-24,AML4232,AML,5,-1.7862202,0.3879333
GGCTCGATCTCTAAGG-1-24,AML4232,AML,3,-2.3233888,1.2643025
TGCTACCGTGGTACAG-1-24,AML4232,AML,7,-4.815477,-1.2010571
ATCCACCAGCCGCCTA-1-24,AML4232,AML,7,-4.63504,-1.2234335
CTTGGCTTCTTGCCGT-1-24,AML4232,AML,3,-3.0288098,2.835044
CCGTGGACAGATCTGT-1-24,AML4232,AML,6,2.4612672,0.5432925
GTGGGTCTCACCATAG-1-24,AML4232,AML,5,-1.1253436,-0.16952702
GCAGCCAAGCTAACAA-1-24,AML4232,AML,6,2.392014,-2.5287633
CAACCAAAGCTCCTCT-1-24,AML4232,AML,7,-4.589412,-0.9108385
AGCTCTCGTCTTCGTC-1-24,AML4232,AML,9,5.326713,-1.2595395
CTGCGGATCTTAGCCC-1-24,AML4232,AML,7,-4.66919,-2.3326874
TCTTCGGAGCACGCCT-1-24,AML4232,AML,7,-5.647143,-1.2578887
GCACATAAGAGCAATT-1-24,AML4232,AML,8,-2.5207465,1.1542993
TACTCGCGTCGGCACT-1-24,AML4232,AML,7,-4.2165227,0.8932226
TGAGCATCAGCAGTTT-1-24,AML4232,AML,3,-2.5580075,1.4801629
TAGTTGGAGGCCGAAT-1-24,AML4232,AML,13,1.5899857,6.1042852
CATATGGTCTTAGCCC-1-24,AML4232,AML,5,-0.45424226,-0.2349804
GTACTTTCAGTAGAGC-1-24,AML4232,AML,5,-2.2050788,0.18022664
AGGCCACGTGTTTGTG-1-24,AML4232,AML,7,-5.770112,-0.70424694
TGGTTAGTCGCAGGCT-1-24,AML4232,AML,7,-5.2521167,-1.7661867
CAAGTTGAGGGATACC-1-24,AML4232,AML,7,-5.463336,-0.44597557
ACGGAGAAGTGTACTC-1-24,AML4232,AML,7,-5.0087094,0.41541538
GGCGTGTGTGAAAGAG-1-24,AML4232,AML,7,-5.753334,-0.46658927
GACTACAGTATTCGTG-1-24,AML4232,AML,5,-0.69174314,-0.8229705
GCAGCCAGTTACAGAA-1-24,AML4232,AML,7,-4.912212,-1.4492232
CCTTACGGTGTTGAGG-1-24,AML4232,AML,7,-5.496249,-0.06757035
CGGTTAATCCAAACAC-1-24,AML4232,AML,5,0.37507713,0.22887988
TACCTTACACATCCGG-1-24,AML4232,AML,3,-3.6702456,2.4612703
GGCCGATGTCATACTG-1-24,AML4232,AML,5,-1.0647742,-0.9047507
GACAGAGAGCCATCGC-1-24,AML4232,AML,7,-4.1734548,-1.1089442
CTAACTTTCAGAGGTG-1-24,AML4232,AML,3,-3.3108706,1.858351
CTACCCATCGGTCTAA-1-24,AML4232,AML,7,-5.5611176,0.034237396
CGTGTCTCAGACAGGT-1-24,AML4232,AML,7,-4.5084305,-1.2534974
CGTAGCGAGCACACAG-1-24,AML4232,AML,3,-1.916477,0.52831817
TTTACTGCATTACGAC-1-24,AML4232,AML,5,-0.26374844,-1.0504961
ACGCCGACATAGAAAC-1-24,AML4232,AML,5,-1.692761,0.04353331
TACTCGCTCGTTGACA-1-24,AML4232,AML,3,-2.426485,3.0528514
GTAACGTAGGTCGGAT-1-24,AML4232,AML,14,6.872162,-3.5841067
ACCCACTAGGCCCTTG-1-24,AML4232,AML,3,-2.4099462,0.94994074
ACGAGGAGTCTCTCTG-1-24,AML4232,AML,5,-0.21694353,-1.403769
GAAGCAGAGAGCTATA-1-24,AML4232,AML,7,-3.4381611,0.9542905
CTCGAGGGTGGCTCCA-1-24,AML4232,AML,5,0.078304455,-0.9862985
TTCTCCTTCTGGCGAC-1-24,AML4232,AML,7,-4.262431,-1.8205217
CGCTTCATCAAACGGG-1-24,AML4232,AML,5,-0.8481341,-0.24856652
AAAGCAAAGCTGAACG-1-24,AML4232,AML,6,1.9989156,-2.6415842
CATGGCGCACTGAAGG-1-24,AML4232,AML,7,-4.8126693,1.5574753
CTAATGGAGTATTGGA-1-24,AML4232,AML,5,-0.76483744,-1.2144578
CAAGGCCAGCTGGAAC-1-24,AML4232,AML,5,-2.597443,-0.3556608
TCATTTGGTGCAACGA-1-24,AML4232,AML,7,-5.763094,-1.9084803
TTCTTAGCAGATCTGT-1-24,AML4232,AML,7,-4.2457895,-2.4830644
CATGACAGTTACCAGT-1-24,AML4232,AML,3,0.0011054482,1.6222066
GGACAAGAGCAATCTC-1-24,AML4232,AML,3,-1.4462159,0.99736327
AGGGAGTAGGATCGCA-1-24,AML4232,AML,7,-4.3894978,-2.2996988
CGAGCACTCGAGCCCA-1-24,AML4232,AML,7,-5.425205,-1.830803
AGCTCTCCAAGGCTCC-1-24,AML4232,AML,5,-0.95071864,-1.264135
CCTACCAAGAGTACAT-1-24,AML4232,AML,7,-6.141707,-1.014986
GAACGGAGTATCTGCA-1-24,AML4232,AML,7,-4.73339,1.4158498
ACCAGTACAGTCAGCC-1-24,AML4232,AML,11,4.4548483,-3.869234
TCATTTGGTGCACCAC-1-24,AML4232,AML,5,-1.7979705,-0.1199733
AGCATACAGTTAAGTG-1-24,AML4232,AML,7,-4.45061,-1.8826101
GCATGCGTCACATGCA-1-24,AML4232,AML,9,3.1424577,-0.16848148
CACATAGAGCGGATCA-1-24,AML4232,AML,5,-1.8024701,-0.3941552
CAGCTGGTCCCGACTT-1-24,AML4232,AML,6,1.3496103,-2.1857853
GTGTTAGTCTGGTATG-1-24,AML4232,AML,7,-5.9007363,-1.4011389
CCACTACCATCAGTCA-1-24,AML4232,AML,7,-5.2057877,-2.2282028
AACTGGTAGAGGTTGC-1-24,AML4232,AML,9,3.9626324,-0.87477636
TTCCCAGCATTACGAC-1-24,AML4232,AML,5,-0.6630114,-0.039774776
CTAACTTGTAGGGACT-1-24,AML4232,AML,7,-5.115259,-0.24431881
ACGGGTCTCTACCAGA-1-24,AML4232,AML,9,-4.202542,-1.9028629
TGACAACCAAGTAGTA-1-24,AML4232,AML,3,-0.7950799,0.9717722
TTCCCAGTCGATCCCT-1-24,AML4232,AML,3,-3.4245324,3.6125298
CACAAACTCGTAGATC-1-24,AML4232,AML,7,-3.6361604,-0.8537218
CACATTTAGTCCTCCT-1-24,AML4232,AML,7,-5.059778,-1.6143578
TATCTCACATAGAAAC-1-24,AML4232,AML,7,-6.0189157,-0.21362294
GTTAAGCCATACTCTT-1-24,AML4232,AML,7,-5.8503623,-0.6512539
TGGTTCCTCTAGCACA-1-24,AML4232,AML,5,-0.7853112,-0.9768349
TTTGTCACAATGAAAC-1-24,AML4232,AML,9,3.4371102,2.04731
GCTGGGTAGGTGCACA-1-24,AML4232,AML,5,-0.6763663,-0.7809311
TCGTACCGTGCGATAG-1-24,AML4232,AML,7,-3.3950315,1.4164497
GCGCCAACAATAGCGG-1-24,AML4232,AML,7,-5.98639,-1.2791356
CGCGTTTAGTGCGTGA-1-24,AML4232,AML,7,-4.7493467,1.9217142
CGGAGCTTCTCTGAGA-1-24,AML4232,AML,9,4.0824404,0.39956132
TACAGTGAGGAGCGAG-1-24,AML4232,AML,7,-4.8076053,-2.0468621
GTAACGTCATCACGAT-1-24,AML4232,AML,3,-1.7542639,1.9855453
ACTATCTAGAGCTTCT-1-24,AML4232,AML,9,3.7891073,2.0480378
CTAGTGACAAGCCGCT-1-24,AML4232,AML,3,-2.9621837,3.097019
GGCGACTAGGGTGTTG-1-24,AML4232,AML,7,-5.0977674,0.11454366
GCAGCCATCCTAGAAC-1-24,AML4232,AML,5,1.1282275,1.1732267
CGCTGGAGTGGTGTAG-1-24,AML4232,AML,3,-0.4016723,2.1628065
CCGTACTAGTGTCCCG-1-24,AML4232,AML,5,-1.8966947,-0.10635009
CATGGCGTCGGCTTGG-1-24,AML4232,AML,7,-4.8834515,-2.3710172
GTTCATTGTGTGCCTG-1-24,AML4232,AML,5,-0.76179653,1.6968241
CATCAGATCCTGCTTG-1-24,AML4232,AML,7,-4.3619876,-1.6866562
TACGGATAGGCTAGCA-1-24,AML4232,AML,3,-2.4705694,0.37822336
CAACTAGGTCGAATCT-1-24,AML4232,AML,5,-0.30690256,1.4579077
ATTATCCGTCTCTTTA-1-24,AML4232,AML,7,-4.753519,-0.30116212
GGCTCGAGTCTCAACA-1-24,AML4232,AML,3,-2.3720767,1.5344456
TGTGTTTCAGCCAGAA-1-24,AML4232,AML,5,0.10146787,-1.2839406
CACCAGGTCGGCGCAT-1-24,AML4232,AML,6,1.8728992,-2.8120975
CTGCTGTGTGCAACGA-1-24,AML4232,AML,7,-4.1900206,-1.1980362
CTCTAATAGAATAGGG-1-24,AML4232,AML,5,-0.72389984,-0.6127184
AAGGCAGTCGGCGCAT-1-24,AML4232,AML,3,-0.86098,-0.34354314
CTCAGAACAATAACGA-1-24,AML4232,AML,5,-0.81636447,-0.70096534
CACAGTAGTAAATACG-1-24,AML4232,AML,3,-2.6501913,3.1091182
TGGGAAGGTCGCGAAA-1-24,AML4232,AML,7,-5.229412,-0.7127776
CTGCGGACATTTCACT-1-24,AML4232,AML,7,-5.5737596,-1.5666367
CGCTATCAGCGTCAAG-1-24,AML4232,AML,6,1.844652,-2.6424334
AAGGAGCAGGTAGCCA-1-24,AML4232,AML,7,-3.8132095,1.2838647
TCAGGATGTTCGCGAC-1-24,AML4232,AML,7,-4.1848197,1.0555686
ACTGTCCTCCCATTTA-1-24,AML4232,AML,7,-5.291657,-1.4549973
GTAACGTAGGTGATTA-1-24,AML4232,AML,7,-5.247615,-1.1808171
GTGTTAGAGGTGATAT-1-24,AML4232,AML,9,4.257032,-0.6469518
CTAGCCTTCGGCTTGG-1-24,AML4232,AML,0,10.047174,2.4511447
GAACGGACACATGTGT-1-24,AML4232,AML,3,-2.601728,1.8333726
CATGACAAGGCTACGA-1-24,AML4232,AML,7,-5.1860757,-0.06875715
ACGAGCCCAGCTCCGA-1-24,AML4232,AML,6,2.296911,-2.2294967
GACTACAGTAGGACAC-1-24,AML4232,AML,5,-1.3306326,1.5572531
GCATACACACGAAGCA-1-24,AML4232,AML,5,0.21274282,-1.0903299
ACGCCAGAGGCTAGGT-1-24,AML4232,AML,7,-5.5195765,-0.6471128
GAAGCAGTCTTCGGTC-1-24,AML4232,AML,9,3.4069426,1.6065285
CTCAGAAAGTTGTCGT-1-24,AML4232,AML,6,2.3872619,0.43838948
CCATTCGAGGATCGCA-1-24,AML4232,AML,3,-2.09411,0.6132397
GATCGATAGTACGTAA-1-24,AML4232,AML,5,-2.784452,0.33088398
AAAGATGAGGTGCTTT-1-24,AML4232,AML,7,-5.333503,-0.38534415
CTGGTCTAGGGAAACA-1-24,AML4232,AML,7,-5.367057,-0.148304
CCCTCCTGTCATATGC-1-24,AML4232,AML,7,-5.249484,-1.774733
CTGAAACGTTATGTGC-1-24,AML4232,AML,7,-4.3580465,1.4046217
GACACGCCAATTGCTG-1-24,AML4232,AML,3,-2.4475155,2.4582133
TGAAAGAGTGGTTTCA-1-24,AML4232,AML,7,-5.125465,-0.8803458
CTTTGCGGTCGCGTGT-1-24,AML4232,AML,5,-1.0220348,-1.1050235
GGGCATCAGACAATAC-1-24,AML4232,AML,7,-4.853529,-1.5496612
GCACTCTGTAGCCTCG-1-24,AML4232,AML,7,-3.9591403,-1.2149003
CCTTCGAGTCTACCTC-1-24,AML4232,AML,9,1.9062929,1.8434315
CGAGAAGAGTCAAGGC-1-24,AML4232,AML,8,-2.9431896,-0.58471566
CCCTCCTGTAGCTCCG-1-24,AML4232,AML,7,-5.6552744,-1.4017951
CATCAAGGTCGCATCG-1-24,AML4232,AML,7,-5.520587,-1.3242313
GGGTCTGGTAGCAAAT-1-24,AML4232,AML,7,-4.6779103,0.9679625
CTGATCCAGGCCCTCA-1-24,AML4232,AML,14,8.031859,-3.8584676
AGGGTGAGTCCGACGT-1-24,AML4232,AML,12,-1.1083407,5.8128605
GTGCGGTTCCGTAGGC-1-24,AML4232,AML,5,-1.9364847,-0.077793494
CACATTTAGTCAAGCG-1-24,AML4232,AML,3,-2.4968297,2.5256243
GAATGAAAGGGTGTGT-1-24,AML4232,AML,6,2.3658075,-1.1282312
ACGCAGCAGCAGCGTA-1-24,AML4232,AML,7,-5.200887,-1.3818858
TGAGGGAAGGCATGGT-1-24,AML4232,AML,7,-5.7683454,-1.1774249
GTTCTCGCACTTACGA-1-24,AML4232,AML,7,-4.8803763,-2.1972988
ACGGAGATCGGAGGTA-1-24,AML4232,AML,10,8.900884,2.1411927
AGCGGTCAGAGAGCTC-1-24,AML4232,AML,5,-1.2014513,1.1887374
TTTACTGGTACCGGCT-1-24,AML4232,AML,6,1.7905413,-3.3455386
CATCGAAGTGCTAGCC-1-24,AML4232,AML,5,-0.46725544,-0.6518779
GAACCTAGTACATGTC-1-24,AML4232,AML,5,-1.1000824,-1.1389091
GCATGCGAGGGAGTAA-1-24,AML4232,AML,9,4.395186,-0.12363526
AGGGATGAGCACAGGT-1-24,AML4232,AML,6,2.4059827,0.6646167
CTCGTACGTGCTGTAT-1-24,AML4232,AML,3,1.0013437,1.2010113
CACACCTAGTGGCACA-1-24,AML4232,AML,10,8.962217,3.7805574
CCAGCGACATCGGACC-1-24,AML4232,AML,5,-1.2618167,-1.3843626
GTCTTCGTCGTCACGG-1-24,AML4232,AML,3,-3.3280451,2.2230978
CTCGAAACACGGTAAG-1-24,AML4232,AML,3,0.044878926,2.4817553
CTCCTAGAGCCACGCT-1-24,AML4232,AML,7,-5.7814145,-1.9747702
CTGATCCAGTCGTTTG-1-24,AML4232,AML,3,-1.5568507,1.6327475
TACGGGCCACAGGCCT-1-24,AML4232,AML,6,1.6070508,-2.2722545
TGAGGGAGTCTGGTCG-1-24,AML4232,AML,7,-5.2423887,-1.5108465
CTGAAACAGTACTTGC-1-24,AML4232,AML,3,-3.173195,2.8130913
GTAGGCCCATCGGACC-1-24,AML4232,AML,3,-1.0972637,3.213094
ACCCACTCATGGGACA-1-24,AML4232,AML,9,2.7464645,1.878333
TATCAGGTCTTGAGGT-1-24,AML4232,AML,7,-4.8901706,0.2600651
GGTGAAGTCGGTTCGG-1-24,AML4232,AML,7,-5.4629693,-1.0663071
TTGACTTGTCACAAGG-1-24,AML4232,AML,7,-5.2203603,-0.13955092
CCGGGATTCGGATGTT-1-24,AML4232,AML,5,-1.1662427,-1.5705432
TGGGAAGCAGCGTAAG-1-24,AML4232,AML,14,7.31002,-3.4638875
GCATGCGGTCAAGCGA-1-24,AML4232,AML,7,-4.4184566,-1.7494707
CGAACATCAGTGACAG-1-24,AML4232,AML,5,-0.8709132,0.23652445
GGATTACCAGTCAGCC-1-24,AML4232,AML,5,-0.5188929,-0.87475806
CAAGGCCCACAGAGGT-1-24,AML4232,AML,3,-1.4398105,2.3203971
TGGCGCAAGTCACGCC-1-24,AML4232,AML,7,-5.9621954,-0.63790226
AACCATGGTAGGGTAC-1-24,AML4232,AML,10,9.145705,3.8812819
TGCGTGGCATCGGGTC-1-24,AML4232,AML,9,3.5688598,1.5253285
GTCGGGTGTTCAGCGC-1-24,AML4232,AML,5,-0.5351176,1.0647187
GGCTGGTCATGGTAGG-1-24,AML4232,AML,7,-5.0257215,-2.1572123
GTCGGGTCATTCGACA-1-24,AML4232,AML,5,-0.6414686,-0.5823423
AGAGCTTTCCCTAACC-1-24,AML4232,AML,9,8.413128,1.1144769
ATCACGAGTCCGCTGA-1-24,AML4232,AML,7,-4.129711,-1.3286605
GGACAGAGTCATGCAT-1-24,AML4232,AML,3,-2.897189,2.5357945
CGCGTTTGTATAATGG-1-24,AML4232,AML,7,-4.925658,0.7166255
GTATCTTAGTGTACGG-1-24,AML4232,AML,6,0.55196404,-1.1728737
TACGGATAGGTACTCT-1-24,AML4232,AML,6,0.8949244,-1.2586476
CATGGCGCACGAAAGC-1-24,AML4232,AML,6,2.2374575,-1.6683105
CCTACCAGTGGCGAAT-1-24,AML4232,AML,7,-5.61411,-1.0242193
ATTGGTGAGCGATCCC-1-24,AML4232,AML,7,-3.6982808,0.8853781
AGTTGGTTCTTCGAGA-1-24,AML4232,AML,3,-2.263985,2.551268
TTGGAACCATTCCTGC-1-24,AML4232,AML,7,-5.97086,-0.88722324
TAGTTGGGTTGTACAC-1-24,AML4232,AML,7,-5.697761,-1.5776274
CATCGAAGTGTAACGG-1-24,AML4232,AML,6,1.7719316,-0.7392675
AAGACCTCAAGCTGAG-1-24,AML4232,AML,6,2.4007885,0.54924774
CACACCTCACGACTCG-1-24,AML4232,AML,7,-5.051519,0.2297151
GCAATCAAGCTGTCTA-1-24,AML4232,AML,7,-4.1599927,-1.5346233
CAGCTGGAGACCTAGG-1-24,AML4232,AML,9,1.9229076,1.5676587
CTGGTCTTCTTGTTTG-1-24,AML4232,AML,5,-0.60764205,1.0880182
CGATGGCAGTGGTAAT-1-24,AML4232,AML,9,4.0120482,-0.3152858
TGGTTAGCACTGTGTA-1-24,AML4232,AML,5,-0.80981404,-0.35253128
GCGACCACATAAGACA-1-24,AML4232,AML,5,-1.4649698,1.3111165
CGATTGATCGGCGGTT-1-24,AML4232,AML,3,-0.9697458,1.6277399
CCACCTATCTAACGGT-1-24,AML4232,AML,7,-5.280635,-0.53767467
TACGGTAGTGATGATA-1-24,AML4232,AML,7,-6.154616,-0.90062135
TTCTCAAGTTTAAGCC-1-24,AML4232,AML,5,-1.4343702,-0.72099686
TTGTAGGCAGATAATG-1-24,AML4232,AML,5,-0.84173673,0.6830948
GAAACTCTCGGAGGTA-1-24,AML4232,AML,7,-5.7817483,-1.5309582
GATCGCGCAGCGTCCA-1-24,AML4232,AML,5,0.5811175,0.98941976
TACCTTAAGGTAAACT-1-24,AML4232,AML,5,-0.50748885,0.38301605
CACATTTTCACTTATC-1-24,AML4232,AML,0,9.865528,2.34762
CTAACTTAGTACACCT-1-24,AML4232,AML,12,-0.016723992,6.7577467
GTCATTTCAGTTTACG-1-24,AML4232,AML,5,-1.1446859,-0.76342505
AGAATAGTCAGCACAT-1-24,AML4232,AML,3,-2.555552,1.5126537
TGGACGCTCATCTGCC-1-24,AML4232,AML,5,-1.4329096,-0.47646633
GAGGTGACAGCGTCCA-1-24,AML4232,AML,7,-5.1767945,-2.3762634
ATTACTCCACACGCTG-1-24,AML4232,AML,5,-1.8423772,0.81381685
CACCTTGCACACATGT-1-24,AML4232,AML,7,-5.399659,0.44036683
AGCTTGAAGATAGCAT-1-24,AML4232,AML,7,-5.516974,-1.9551218
GTTCATTGTCATATGC-1-24,AML4232,AML,14,7.3792267,-3.162989
TTCTTAGGTTAGTGGG-1-24,AML4232,AML,7,-4.800906,-2.1989462
ACTGATGCAGATCTGT-1-24,AML4232,AML,5,-0.09254026,1.6213533
CACACTCTCCCATTAT-1-24,AML4232,AML,3,-3.10771,1.9003955
GTTCTCGAGGCTCATT-1-24,AML4232,AML,7,-5.089858,-1.2555431
TGCGTGGTCGGTTAAC-1-24,AML4232,AML,5,0.027183848,-1.1771041
CGCTATCTCATGTAGC-1-24,AML4232,AML,7,-4.2651525,0.48037198
TGGCGCATCGCCGTGA-1-24,AML4232,AML,7,-5.4020348,-1.6724296
GCACTCTCAATGTAAG-1-24,AML4232,AML,7,-5.9665184,-1.2289386
CAGCTGGCATGTAAGA-1-24,AML4232,AML,5,-0.23126596,-0.040681984
AGACGTTGTTACTGAC-1-24,AML4232,AML,7,-5.016964,-0.601856
ACACCCTAGAGGTAGA-1-24,AML4232,AML,5,-2.999835,-0.72942084
GTGAAGGTCGTATCAG-1-24,AML4232,AML,7,-5.3093643,-0.32368886
AGGTCATCATGCATGT-1-24,AML4232,AML,5,-0.10791834,-1.204569
GTAGTCATCTCGGACG-1-24,AML4232,AML,6,1.661326,-3.0339818
GCTGCGAAGTGATCGG-1-24,AML4232,AML,6,2.1337817,-1.3891059
TCTTTCCGTGGTACAG-1-24,AML4232,AML,5,-2.5986164,-0.8979999
GAACGGACACCGAATT-1-24,AML4232,AML,7,-3.6024928,0.23945516
GGGCATCAGAAGATTC-1-24,AML4232,AML,7,-4.0038176,-0.70206237
ACTGATGAGAGGTAGA-1-24,AML4232,AML,8,-2.7307863,1.4509193
TTGAACGGTAAGTGGC-1-24,AML4232,AML,3,-2.9824789,2.006026
CTTCTCTCATGAACCT-1-24,AML4232,AML,5,-0.31185505,0.41981116
ACACCGGTCCGGCACA-1-24,AML4232,AML,5,-1.0226955,-0.43990624
CAGCTAATCTTATCTG-1-24,AML4232,AML,5,-0.4890901,-0.75927174
TTAGGCACACGTAAGG-1-24,AML4232,AML,7,-4.447483,-1.9508965
ATGCGATTCATCTGTT-1-24,AML4232,AML,5,-0.8204849,0.28523096
AAGGCAGGTTGGTAAA-1-24,AML4232,AML,5,-0.80955076,-0.61368483
CAGAGAGGTTAGGGTG-1-24,AML4232,AML,5,-1.9645013,0.22958735
GATCGCGCAGTTCATG-1-24,AML4232,AML,7,-5.6236653,1.7737215
AGTAGTCCACGTCAGC-1-24,AML4232,AML,3,-1.1015381,-0.4346338
CGATGTACAATGGAGC-1-24,AML4232,AML,7,-4.549811,2.3164592
GGGAGATAGCTAGCCC-1-24,AML4232,AML,7,-5.210948,-1.3344821
ACACCCTAGAAACGAG-1-24,AML4232,AML,6,2.3184676,0.4840449
GTACGTATCTATCCTA-1-24,AML4232,AML,5,-2.5413373,-0.15800022
CGATGTAGTCAACTGT-1-24,AML4232,AML,7,-4.873174,-0.7928794
TACGGTAAGGACAGAA-1-24,AML4232,AML,5,-0.7012145,-1.1079872
CTCTGGTTCCAAACAC-1-24,AML4232,AML,7,-5.6308193,-0.8222587
AATCGGTTCGAATCCA-1-24,AML4232,AML,0,9.263971,1.135214
CGCTATCAGCTGATAA-1-24,AML4232,AML,9,3.7158828,1.7745228
CATATGGCAGCTTCGG-1-24,AML4232,AML,7,-5.0674624,-2.3045616
AACCGCGCATCTGGTA-1-24,AML4232,AML,3,-1.9861158,2.2644255
AACTGGTTCGTGACAT-1-24,AML4232,AML,7,-5.057667,-1.0577409
GACAGAGTCGCATGAT-1-24,AML4232,AML,3,-1.5143701,2.4494255
TACCTTAAGGTGATAT-1-24,AML4232,AML,3,-0.663355,2.4656549
ATTGGTGAGCAGGTCA-1-24,AML4232,AML,3,-2.0665731,2.9075756
TTTGGTTGTCAGAGGT-1-24,AML4232,AML,5,-0.8295046,-0.58592427
ATCCACCTCATCGATG-1-24,AML4232,AML,7,-4.8098726,-1.6007305
TCAACGAGTCTGATTG-1-24,AML4232,AML,7,-5.4565167,-0.15755938
CGCTGGACAGGCTCAC-1-24,AML4232,AML,7,-5.1007414,-1.437047
TCACGAACATCAGTCA-1-24,AML4232,AML,3,-2.257683,1.553541
ACATGGTGTCGAACAG-1-24,AML4232,AML,7,-5.4335313,-0.9727354
AAACCTGGTCTTTCAT-1-24,AML4232,AML,7,-4.3155794,-2.2563639
GTCAAGTAGCGATAGC-1-24,AML4232,AML,7,-5.8718505,-1.2776942
GTTTCTAGTCATTAGC-1-24,AML4232,AML,3,-0.519195,1.8549129
TCTGGAAAGACCGGAT-1-24,AML4232,AML,7,-5.6295247,-1.9145066
CCTAAAGGTTGGACCC-1-24,AML4232,AML,5,-0.945051,1.5221081
GCACTCTCAATGTTGC-1-24,AML4232,AML,7,-5.137896,0.8495317
TACTCGCTCTGGTTCC-1-24,AML4232,AML,5,-2.156096,0.9256096
CTAACTTCATGGTCAT-1-24,AML4232,AML,5,0.62881273,-1.0000129
TACCTTACACCAGATT-1-24,AML4232,AML,3,-3.001279,3.0125492
TCAGATGTCTCGCATC-1-24,AML4232,AML,3,-1.3167338,2.003088
GTTACAGGTTATCCGA-1-24,AML4232,AML,7,-4.7320127,2.0292869
GTAGTCATCTTGACGA-1-24,AML4232,AML,5,-0.50391537,-0.79231864
CGGTTAACAGATGGCA-1-24,AML4232,AML,6,2.400004,-1.836135
TACTCATGTAGATTAG-1-24,AML4232,AML,3,-1.6283902,2.2343786
ACACCCTAGCACGCCT-1-24,AML4232,AML,5,0.48679966,-0.15049432
GGGTTGCAGGTGTTAA-1-24,AML4232,AML,7,-5.7748623,0.11356057
CATCGGGAGGCTATCT-1-24,AML4232,AML,3,-2.720275,3.530136
TACTCGCCAAACTGTC-1-24,AML4232,AML,7,-4.7905784,-1.3008299
AGATTGCGTTGTACAC-1-24,AML4232,AML,7,-5.855745,-0.50147766
ACTTACTGTCGATTGT-1-24,AML4232,AML,7,-6.159575,-0.63713676
AGATCTGGTATATGGA-1-24,AML4232,AML,3,-0.6868783,2.0450897
TGTGTTTAGGCGATAC-1-24,AML4232,AML,7,-3.311426,0.6162414
GCAGTTATCTTGTATC-1-24,AML4232,AML,6,2.035734,-1.9922229
GGACAGAGTCATTAGC-1-24,AML4232,AML,3,-2.2989032,1.8040863
GACACGCAGATGTTAG-1-24,AML4232,AML,3,0.41194952,1.2207278
TGCCAAACAGTCCTTC-1-24,AML4232,AML,7,-1.0964406,-1.5905849
GGCTCGACACTGTCGG-1-24,AML4232,AML,7,-4.932006,0.61804026
TCAGCTCGTCCAAGTT-1-24,AML4232,AML,3,-2.1259172,2.1113398
CTCGGAGAGGTTACCT-1-24,AML4232,AML,3,-1.6040105,0.8399164
CCTTTCTAGCTGCGAA-1-24,AML4232,AML,7,-4.163228,2.025209
GGTGAAGGTACCGTTA-1-24,AML4232,AML,3,-1.8583038,1.9106128
TTGGAACTCTGGGCCA-1-24,AML4232,AML,6,2.193424,-1.235977
GTTCTCGGTCGTTGTA-1-24,AML4232,AML,8,-2.1095204,-0.407792
GTGTTAGTCTGCTGCT-1-24,AML4232,AML,3,-2.2557023,2.164993
CTCATTAGTTTGTTGG-1-24,AML4232,AML,7,-4.659523,-2.4229712
TTCTCAATCCGAACGC-1-24,AML4232,AML,7,-5.892663,-0.3522248
TTAACTCCAAGCGAGT-1-24,AML4232,AML,6,2.3377156,0.5357364
GCGAGAACACCGCTAG-1-24,AML4232,AML,3,-1.8638922,2.6928105
CAGCAGCCAGCAGTTT-1-24,AML4232,AML,5,-1.5421624,0.5659767
CAAGGCCTCAAAGACA-1-24,AML4232,AML,5,-1.7128258,-0.31898135
AACACGTAGGCATTGG-1-24,AML4232,AML,3,-1.112096,2.7004075
CAACTAGTCGAGAGCA-1-24,AML4232,AML,3,-1.6625897,1.8412864
GCATACAGTCAACATC-1-24,AML4232,AML,7,-5.738709,0.53588355
GAACCTATCAAACAAG-1-24,AML4232,AML,3,0.60601264,1.7321029
ATCATGGAGTTGAGAT-1-24,AML4232,AML,7,-4.760032,-1.5655422
CTCTACGGTGATAAGT-1-24,AML4232,AML,7,-4.851636,1.5416138
ACACCGGGTGTTGAGG-1-24,AML4232,AML,7,-5.2377214,-0.3155084
GCACATACAATGGACG-1-24,AML4232,AML,5,-0.3735356,-0.7425454
AACTCCCAGTAGTGCG-1-24,AML4232,AML,7,-5.555161,0.9590492
CATCGAAAGACCACGA-1-24,AML4232,AML,7,-5.729943,-0.90174824
ACACCCTGTAGTACCT-1-24,AML4232,AML,5,-0.18687375,0.7642115
ATCACGAAGTAAGTAC-1-24,AML4232,AML,5,-1.5431279,-0.937943
CCGTTCATCTCGAGTA-1-24,AML4232,AML,5,-0.22900079,-1.2110028
TCAGGTAGTGAGTATA-1-24,AML4232,AML,6,1.9244058,-1.742023
TGATTTCGTAGGGACT-1-24,AML4232,AML,3,-1.7843405,1.4874796
CGAGAAGTCGGCTACG-1-24,AML4232,AML,7,-3.5939405,2.2183087
AGAGCGACAGCGATCC-1-24,AML4232,AML,5,-0.4629864,1.1729242
ATCCGAACATTGTGCA-1-24,AML4232,AML,3,0.21452294,2.023503
GACGTTAGTGAGTGAC-1-24,AML4232,AML,7,-5.2724805,0.09427395
CTGAAGTGTGTGTGCC-1-24,AML4232,AML,11,4.439272,-3.8184447
TATTACCTCAAGATCC-1-24,AML4232,AML,8,-2.049301,-0.9938591
AGAGCTTAGGAATTAC-1-24,AML4232,AML,7,-5.413125,0.270899
GCGACCACACGGACAA-1-24,AML4232,AML,3,-2.4914207,1.0869964
ATCATCTCACTACAGT-1-24,AML4232,AML,7,-5.821611,-1.240429
ATCCGAATCTGGTGTA-1-24,AML4232,AML,7,-4.208936,-0.82711047
GCATACAGTCTCTCGT-1-24,AML4232,AML,7,-5.174899,-1.405037
ACATACGAGGTAGCTG-1-24,AML4232,AML,5,-1.2820894,-0.7691588
TTTGTCAAGGACACCA-1-24,AML4232,AML,5,-1.7870431,0.46256456
AGAATAGGTCCATCCT-1-24,AML4232,AML,5,0.017558638,1.8580018
GCTCTGTTCAAGGTAA-1-24,AML4232,AML,6,1.8548449,0.39008197
TGGACGCGTGTTCGAT-1-24,AML4232,AML,5,-0.20539615,-1.2845846
ACGCCAGTCAATAAGG-1-24,AML4232,AML,3,-2.5627375,2.7304285
CTGATAGTCTGGAGCC-1-24,AML4232,AML,7,-3.9539354,-0.032805108
AGTCTTTAGAGCTGCA-1-24,AML4232,AML,5,-0.16939184,1.0538684
AGAGCTTGTGGGTATG-1-24,AML4232,AML,5,-1.8851458,-0.6205442
TTGGAACCAGGCAGTA-1-24,AML4232,AML,7,-5.1434565,-1.4496368
CATTCGCCAGGCAGTA-1-24,AML4232,AML,7,-3.9467807,0.5598754
CAGCAGCAGGTGCAAC-1-24,AML4232,AML,7,-5.262703,-0.3883756
CATATTCAGTTCCACA-1-24,AML4232,AML,5,-1.3628674,-1.057065
TCTTCGGTCATCTGCC-1-24,AML4232,AML,3,-0.29859447,2.4944127
TTCTCCTGTCGGCTCA-1-24,AML4232,AML,3,-1.5682912,0.7307707
CAACCAAGTCTACCTC-1-24,AML4232,AML,9,-1.5669664,0.9033955
ACGCAGCTCAGTTAGC-1-24,AML4232,AML,5,-0.8114978,-1.4773383
CAACCTCCAATGGAAT-1-24,AML4232,AML,9,3.3157794,1.7481942
CAGCGACGTGTAACGG-1-24,AML4232,AML,12,-0.14796706,6.982466
CGGCTAGTCGGGAGTA-1-24,AML4232,AML,3,-2.7206354,2.5615103
ATTCTACCAGGGCATA-1-24,AML4232,AML,5,-0.47794747,-0.4923817
GGGAATGGTTGCCTCT-1-24,AML4232,AML,5,-1.1041105,1.1582311
AGCAGCCAGTGTTTGC-1-24,AML4232,AML,3,-2.4229228,2.3223858
ACTTTCAGTCATATGC-1-24,AML4232,AML,5,-3.431122,1.073142
CTCGAGGGTCAAGCGA-1-24,AML4232,AML,6,2.3071132,-1.4523582
ACCTTTAGTAAGGATT-1-24,AML4232,AML,7,-5.937816,-1.2871622
GGGACCTCACCAGGCT-1-24,AML4232,AML,7,-5.425403,0.9397771
ACATACGCAATGTAAG-1-24,AML4232,AML,3,-3.0646348,3.3479877
AATCCAGGTCGCATCG-1-24,AML4232,AML,5,-1.4727548,-0.82560384
CTGGTCTCATCGGACC-1-24,AML4232,AML,5,-0.61537373,-0.607094
CTGAAGTCACTGAAGG-1-24,AML4232,AML,5,-0.8697905,-0.8285345
AATCGGTGTAAGTGGC-1-24,AML4232,AML,8,-1.9264028,1.3004241
AGAGCGAAGGAGTCTG-1-24,AML4232,AML,7,-4.08712,1.1537296
ATCTACTAGCGAGAAA-1-24,AML4232,AML,5,0.09017057,0.62716043
CGCTTCATCACCCGAG-1-24,AML4232,AML,3,-0.8823346,1.0131959
AGTTGGTTCCTAGTGA-1-24,AML4232,AML,7,-5.699762,0.036184154
GTTCATTTCTAACGGT-1-24,AML4232,AML,7,-5.3980412,-1.765796
CTGATAGCAATGCCAT-1-24,AML4232,AML,7,-5.3684382,-1.1496931
AGTCTTTGTGTAATGA-1-24,AML4232,AML,5,0.45214072,1.7320553
GCTGGGTAGCGGCTTC-1-24,AML4232,AML,7,-4.536144,2.0500548
GGGAGATAGCACCGTC-1-24,AML4232,AML,6,1.2663172,-1.8683299
CTAGTGACAATGTTGC-1-24,AML4232,AML,7,-4.9323874,-1.867336
AGTGTCAAGCGTGTCC-1-24,AML4232,AML,9,3.1962147,1.5737387
ACGCAGCGTACCCAAT-1-24,AML4232,AML,7,-5.6880774,-1.5934956
TGGTTCCCAGGCGATA-1-24,AML4232,AML,7,-4.921775,-0.561245
CCGTTCAAGATGTTAG-1-24,AML4232,AML,5,-0.6844621,-0.7749797
TGATTTCTCGGATGGA-1-24,AML4232,AML,5,-2.1673594,0.37375024
TTCTACACACCGCTAG-1-24,AML4232,AML,10,8.24225,3.3406062
TCATTTGTCGCTAGCG-1-24,AML4232,AML,7,-4.66128,-2.2459443
ATGTGTGTCGGCGCTA-1-24,AML4232,AML,5,-2.817305,-0.15110382
CTAGCCTCACCTTGTC-1-24,AML4232,AML,7,-6.198221,-0.48227045
GAATGAATCTGCCAGG-1-24,AML4232,AML,9,3.9391527,1.210863
GCATGTAGTCGCATAT-1-24,AML4232,AML,5,-0.6336295,-0.40248522
TAGACCACAATCTGCA-1-24,AML4232,AML,7,-4.867178,1.029637
TCTATTGAGGGAAACA-1-24,AML4232,AML,3,-2.2252483,2.7915888
TACCTTAGTACCGCTG-1-24,AML4232,AML,6,1.8901473,-3.4141853
GAGTCCGAGGGATGGG-1-24,AML4232,AML,5,-0.22446664,-0.766909
CTCGTACCAGCATGAG-1-24,AML4232,AML,7,-4.3274207,1.2972064
TATCTCAAGGCAGGTT-1-24,AML4232,AML,7,-4.007032,3.0851445
TTGACTTCACCAACCG-1-24,AML4232,AML,7,-5.81875,-1.0322423
AGCTCTCAGCGTGTCC-1-24,AML4232,AML,7,-4.916579,-2.239854
CTCATTATCTCCTATA-1-24,AML4232,AML,3,-2.2880757,2.5748394
GTGAAGGCAATCACAC-1-24,AML4232,AML,1,7.3019013,-1.2371229
CGTCTACCACGCTTTC-1-24,AML4232,AML,9,4.197241,1.3068049
CTAGCCTTCTGCGACG-1-24,AML4232,AML,7,-5.117277,-0.4390366
CATCAAGCAAAGGAAG-1-24,AML4232,AML,7,-5.4246817,-2.0244215
AGGCCACTCCGCATAA-1-24,AML4232,AML,5,-0.4602081,0.6412743
GAGTCCGGTGTAATGA-1-24,AML4232,AML,5,-0.3150956,-1.428819
TGTGTTTCACGAAACG-1-24,AML4232,AML,5,-0.8319782,-1.1055309
GATTCAGGTAAGGGAA-1-24,AML4232,AML,5,-0.67738414,0.036705654
GTAACGTGTATATCCG-1-24,AML4232,AML,3,-2.227155,2.5669703
CGGACACTCCTTGACC-1-24,AML4232,AML,0,11.677311,1.3960668
CCACGGATCCATGAGT-1-24,AML4232,AML,5,-2.1015513,0.54179424
AGCTCTCTCACTTCAT-1-24,AML4232,AML,7,-5.640586,-1.312113
ATAGACCAGCGCTTAT-1-24,AML4232,AML,7,-5.3532476,-1.7272484
CATCAGAGTAGGGTAC-1-24,AML4232,AML,8,-2.4657476,1.1086599
CCGTGGATCGTGGACC-1-24,AML4232,AML,10,9.10547,3.794954
CGAACATGTTCACCTC-1-24,AML4232,AML,7,-5.683912,-0.96919775
ACAGCTAAGCGATATA-1-24,AML4232,AML,7,-3.3985915,-0.078075945
CATCGAACAATCACAC-1-24,AML4232,AML,7,-3.768946,1.9009032
TACCTATTCGGAATCT-1-24,AML4232,AML,3,-2.915738,1.8725225
AGCTTGAGTCGCGAAA-1-24,AML4232,AML,3,-2.3987746,2.1497538
CCAGCGACAGACACTT-1-24,AML4232,AML,5,0.25330055,-0.22395532
CAGAGAGAGTCGTACT-1-24,AML4232,AML,8,-3.1584492,-0.38622352
GACTACAAGCGTGAGT-1-24,AML4232,AML,7,-5.232515,-0.43619353
ACCCACTGTCGGCTCA-1-24,AML4232,AML,7,-5.343004,-0.749312
GATCGCGCATTGGTAC-1-24,AML4232,AML,5,0.20287155,-1.7666934
AGCGGTCAGACAAAGG-1-24,AML4232,AML,0,11.452281,-0.34419176
CAACCTCGTCGCATAT-1-24,AML4232,AML,6,2.1858578,-0.70854414
CGGTTAAAGCCATCGC-1-24,AML4232,AML,5,-2.0076172,0.45685068
ACTTGTTAGACGCACA-1-24,AML4232,AML,7,-2.9776704,0.51631355
TACAGTGCACTGTCGG-1-24,AML4232,AML,5,0.4751709,0.81408614
TCTATTGGTGTAATGA-1-24,AML4232,AML,7,-4.4768863,2.2494452
ATAAGAGAGGATGGTC-1-24,AML4232,AML,7,-4.433673,-1.1104622
TCAGGATCAGACACTT-1-24,AML4232,AML,6,1.0249181,-1.8570427
CATGGCGAGAGCTATA-1-24,AML4232,AML,8,-3.1126523,-0.6860787
TTTGCGCAGACGACGT-1-24,AML4232,AML,5,-2.130305,0.7537051
GATGAAATCCGTTGCT-1-24,AML4232,AML,5,-1.5255631,-0.7095122
CGGGTCACACCTCGTT-1-24,AML4232,AML,7,-4.350497,-0.395943
GATCTAGGTCAAAGAT-1-24,AML4232,AML,6,1.5176191,-2.505183
CTCTGGTGTCGATTGT-1-24,AML4232,AML,5,0.27210972,-1.1118914
TCGCGTTCACTTAAGC-1-24,AML4232,AML,9,5.760434,-0.23141463
CACAAACGTTTCGCTC-1-24,AML4232,AML,5,-0.37685084,-0.82669675
ATCCACCCAATAGAGT-1-24,AML4232,AML,3,-3.3327641,3.0338562
ACTTACTCATGATCCA-1-24,AML4232,AML,9,3.8206885,2.0684419
CAGCATACAGCCACCA-1-24,AML4232,AML,8,-1.9703279,1.1784953
CTTGGCTGTCTGGTCG-1-24,AML4232,AML,7,-5.1548586,-1.0410323
CTACGTCAGGATGGTC-1-24,AML4232,AML,7,-5.9462833,-0.11654149
CAAGTTGGTTCAGTAC-1-24,AML4232,AML,7,-5.9355454,-1.6681169
AGGTCATGTCCGTTAA-1-24,AML4232,AML,7,-4.351831,-2.0051603
AGATTGCCACCTCGTT-1-24,AML4232,AML,7,-4.984228,-0.33594546
CAGCGACTCTCCGGTT-1-24,AML4232,AML,3,-1.6811529,2.8080392
AACTTTCCACTGTGTA-1-24,AML4232,AML,7,-6.271007,-0.9808325
ACGGGTCCAAAGTGCG-1-24,AML4232,AML,3,-0.86167616,2.0705109
TTATGCTTCACATACG-1-24,AML4232,AML,5,-1.0525779,-0.22363175
GCATGCGAGTTGCAGG-1-24,AML4232,AML,5,-0.93599665,0.910175
GCGAGAAGTATAGGTA-1-24,AML4232,AML,3,1.1370119,0.82334495
GTACGTACATGCCTTC-1-24,AML4232,AML,3,-1.7740571,2.3322165
TCGTAGATCTTGTATC-1-24,AML4232,AML,7,-5.0159707,-1.1258134
GAGTCCGAGAGTACAT-1-24,AML4232,AML,5,-0.636334,-1.0693108
CCATTCGGTCATATCG-1-24,AML4232,AML,7,-5.7837596,-1.5071552
TCATTACTCACATACG-1-24,AML4232,AML,5,-0.49604395,0.47857076
CGTCAGGCAGCCACCA-1-24,AML4232,AML,5,-2.2212193,0.49549815
ATAAGAGAGTCTCCTC-1-24,AML4232,AML,3,-1.6307923,2.66719
ATTGGTGAGATCCGAG-1-24,AML4232,AML,3,-1.9306337,1.7841294
CACACAAGTTCCTCCA-1-24,AML4232,AML,7,-5.4988303,-1.2586327
GATGCTAAGTCAATAG-1-24,AML4232,AML,5,-0.93906915,1.2972571
AGATCTGGTTTGGGCC-1-24,AML4232,AML,7,-5.269777,0.07657259
ATCTGCCTCTCGGACG-1-24,AML4232,AML,8,-3.573545,1.5915543
CACACCTGTACGCTGC-1-24,AML4232,AML,7,-5.099106,-1.5526586
GACGTTAAGACATAAC-1-24,AML4232,AML,5,-1.2495174,0.4012324
GCGGGTTAGGACTGGT-1-24,AML4232,AML,7,-4.306377,1.58351
CTCGAAACACCACCAG-1-24,AML4232,AML,7,-5.1680117,0.7438862
TCAATCTAGTAACCCT-1-24,AML4232,AML,7,-3.7323868,-0.093732275
CTTAACTTCGTACGGC-1-24,AML4232,AML,0,10.603051,1.8151214
CCTAGCTCAGCTGTTA-1-24,AML4232,AML,7,-5.846515,-1.5320753
CCACCTAAGATGCCAG-1-24,AML4232,AML,7,-4.9573007,1.5039968
CAACCTCGTCTAAAGA-1-24,AML4232,AML,5,-1.8775833,-0.44829294
ATCACGAAGAAGGGTA-1-24,AML4232,AML,7,-5.9931903,0.16927065
ACGCCGACATTGGGCC-1-24,AML4232,AML,5,-0.70479196,-0.705658
ATGGGAGAGGTGTTAA-1-24,AML4232,AML,0,9.337431,2.7339797
GGGCATCTCTTGTATC-1-24,AML4232,AML,5,-1.0174519,-1.1876575
TGGCTGGAGGGATCTG-1-24,AML4232,AML,7,-4.863392,-0.68444455
CATCAAGGTGCCTGGT-1-24,AML4232,AML,7,-4.377538,0.74510705
TTGAACGGTCCGTCAG-1-24,AML4232,AML,7,-5.7256308,-1.3764726
CGCTATCGTAGCAAAT-1-24,AML4232,AML,7,-5.782333,-0.032757387
CGAACATGTCCAGTAT-1-24,AML4232,AML,9,2.9740696,1.3509256
CATGACATCTCCTATA-1-24,AML4232,AML,5,-1.6925416,-0.55185026
GGACAAGGTGCGGTAA-1-24,AML4232,AML,3,-2.1815135,0.8055945
ACATGGTTCAACGGGA-1-24,AML4232,AML,8,-2.1301708,-0.58293587
AACGTTGCACTCAGGC-1-24,AML4232,AML,5,-0.92183244,-1.4213542
CCACCTACATACGCTA-1-24,AML4232,AML,7,-5.5218596,-1.8358326
CGAATGTTCCACTCCA-1-24,AML4232,AML,7,-5.1484103,-0.14167345
ATCGAGTAGAGGTAGA-1-24,AML4232,AML,3,-1.7498479,1.1920902
GGCTGGTCAGTCAGAG-1-24,AML4232,AML,7,-5.931686,-0.8328011
CGTAGCGCAGCATGAG-1-24,AML4232,AML,5,-0.9489767,0.9483636
CGCTATCGTCTGGAGA-1-24,AML4232,AML,5,-1.758505,-0.37833458
AACTCAGAGACGACGT-1-24,AML4232,AML,5,-1.226187,-0.38832575
TGGCGCATCAACCATG-1-24,AML4232,AML,7,-5.8687196,-1.1098148
TGACTAGAGAAGATTC-1-24,AML4232,AML,7,-5.4095674,-0.29803258
ACATGGTGTTGGGACA-1-24,AML4232,AML,5,0.45415857,0.36101413
AAAGATGGTACTTCTT-1-24,AML4232,AML,5,-0.90149105,-0.29144266
GCACTCTAGAACAACT-1-24,AML4232,AML,5,-0.6592927,-1.2497998
CATGACACAGCTCGAC-1-24,AML4232,AML,5,-0.98516035,-0.38872674
GCATGTACACAGAGGT-1-24,AML4232,AML,5,-0.7376522,-0.07231379
TGCTGCTTCTCTGTCG-1-24,AML4232,AML,7,-4.6663914,-1.778378
TGTGTTTTCCTCAACC-1-24,AML4232,AML,7,-5.148268,1.5943207
TCCACACGTAGGACAC-1-24,AML4232,AML,6,1.5777515,-3.2888362
CAGATCAAGCTAAACA-1-24,AML4232,AML,10,9.194971,3.7260613
CTACACCTCGTAGGTT-1-24,AML4232,AML,7,-5.2932343,-1.6212345
TAGACCAAGGGTTTCT-1-24,AML4232,AML,6,1.8845718,-3.1611605
TGGCGCACATCACAAC-1-24,AML4232,AML,9,3.463929,1.1806124
AGTCTTTTCGCGATCG-1-24,AML4232,AML,5,0.085637435,-1.0710185
AGGGATGTCACGAAGG-1-24,AML4232,AML,7,-3.7846792,2.410274
CTCGGAGTCAACCAAC-1-24,AML4232,AML,7,-5.6549497,-1.7204554
TACGGTAGTCGACTGC-1-24,AML4232,AML,7,-5.3069906,-2.1002557
AGAGCTTTCCAGTAGT-1-24,AML4232,AML,7,-5.1085615,1.5556196
CCTCTGACATGGGAAC-1-24,AML4232,AML,7,-6.243123,-0.23770028
GGCTGGTGTTACAGAA-1-24,AML4232,AML,7,-3.7012224,-0.31826115
CCTCTGACAAACCTAC-1-24,AML4232,AML,7,-5.545271,-0.25310177
CACAGGCGTAAGCACG-1-24,AML4232,AML,10,8.665235,3.1217597
ACACCGGTCACTCTTA-1-24,AML4232,AML,3,-0.6015299,-0.59572107
CCATTCGTCATGTCCC-1-24,AML4232,AML,7,-5.6923423,1.4486314
TACTCGCAGCGACGTA-1-24,AML4232,AML,8,-2.5689802,1.5516697
TTGGAACTCGTCTGCT-1-24,AML4232,AML,7,-3.7555115,0.041230712
GACAGAGCAGATCTGT-1-24,AML4232,AML,7,-5.7780423,-0.35110965
TTGGCAAGTGACTCAT-1-24,AML4232,AML,7,-4.4996343,-0.4800322
GTGGGTCTCTCTGTCG-1-24,AML4232,AML,7,-5.662984,-0.09643486
ATGTGTGCACATTCGA-1-24,AML4232,AML,3,-2.5347161,2.633327
CGGACTGGTCACTGGC-1-24,AML4232,AML,3,-2.5785127,2.9706748
TACTTACAGATACACA-1-24,AML4232,AML,7,-5.741012,-1.535782
ACGATGTGTCAGTGGA-1-24,AML4232,AML,5,0.2939693,1.6227406
AATCGGTGTTCCACTC-1-24,AML4232,AML,5,-1.1740898,-0.10777714
ATCACGAAGGCCGAAT-1-25,AML4239,AML,6,1.7297609,-1.646974
GCGACCAAGTACTTGC-1-25,AML4239,AML,0,11.038047,-0.14052568
AGAGCGATCGTTACAG-1-25,AML4239,AML,3,-3.0872788,3.917965
CTAGAGTTCCGTTGTC-1-25,AML4239,AML,12,0.08875412,8.0775585
GCAATCATCTGCCCTA-1-25,AML4239,AML,12,3.0822575,6.881986
AACTCCCCATCGGAAG-1-25,AML4239,AML,6,0.7609523,-2.312267
ACACTGATCGGCTTGG-1-25,AML4239,AML,3,-0.549642,2.756495
CATCGGGTCATACGGT-1-25,AML4239,AML,6,1.3272119,-1.3636308
ACAGCTACACAAGTAA-1-25,AML4239,AML,7,-5.230016,2.537448
CAGTCCTAGAGGGATA-1-25,AML4239,AML,5,-0.05704473,1.3154588
GCTCTGTCAGGGCATA-1-25,AML4239,AML,1,5.5432277,-1.2355734
CGTAGCGTCATGCTCC-1-25,AML4239,AML,12,2.0391018,6.379326
GCGACCACACGGACAA-1-25,AML4239,AML,3,-3.082003,3.3909
CCACGGAAGCGTTTAC-1-25,AML4239,AML,3,-1.6033767,3.8678951
GACCTGGCATGGTCAT-1-25,AML4239,AML,6,0.60700756,-2.1820104
TACTCATTCCGCGTTT-1-25,AML4239,AML,12,-0.22985205,6.342762
CTCACACAGTGGGATC-1-25,AML4239,AML,3,-0.8872656,3.5742424
TACACGACACATGGGA-1-25,AML4239,AML,3,-0.40954414,2.8039148
GCACTCTCAGCTCGAC-1-25,AML4239,AML,6,1.3861177,-1.7829777
GAATGAAAGGCATGTG-1-25,AML4239,AML,1,6.6997323,-0.8431152
TACGGGCAGCTAGCCC-1-25,AML4239,AML,10,8.106697,2.2282307
CGATGTACACAAGTAA-1-25,AML4239,AML,2,6.831072,3.7082143
CCGTGGACATAGAAAC-1-25,AML4239,AML,6,1.6530843,0.07680015
CATCGAAGTAGCTTGT-1-25,AML4239,AML,3,-0.48389888,2.6489055
TGACGGCGTCCGACGT-1-25,AML4239,AML,7,-3.283068,0.1254828
CTTCTCTTCATAGCAC-1-25,AML4239,AML,6,0.97182107,0.05730736
CAGCGACGTCTACCTC-1-25,AML4239,AML,3,-2.3977435,3.1541288
GCAGCCAAGTCGAGTG-1-25,AML4239,AML,12,2.6203325,6.2141304
TCAGCTCAGTCATGCT-1-25,AML4239,AML,3,0.4539151,2.1220517
ATCTACTCACAGACAG-1-25,AML4239,AML,3,-0.76274663,3.5918725
TCGAGGCAGTAGTGCG-1-25,AML4239,AML,7,-4.9967117,1.6651062
AACCGCGAGTCTCCTC-1-25,AML4239,AML,9,2.8831205,0.52726597
ACGGCCACATTCCTCG-1-25,AML4239,AML,9,5.5820594,0.05789876
AGTGAGGAGCTAGGCA-1-25,AML4239,AML,3,0.47180295,1.487821
CAGTCCTAGTTCGCGC-1-25,AML4239,AML,12,-0.09961182,7.4493403
TCCCGATCAGGCGATA-1-25,AML4239,AML,10,8.043187,2.1130369
TGGCGCACAGCAGTTT-1-25,AML4239,AML,3,-1.185277,3.4467862
AATCCAGGTGCGCTTG-1-25,AML4239,AML,3,-2.8697932,2.5313535
CTCAGAAAGCGATCCC-1-25,AML4239,AML,1,6.358177,-0.81362844
CCATGTCGTTACGTCA-1-25,AML4239,AML,6,0.9358386,-2.2851985
AGCGTATCAAGGACAC-1-25,AML4239,AML,3,0.7397274,1.868842
GCTGCGACAGGGTACA-1-25,AML4239,AML,9,6.1622896,0.7490101
TGCGCAGCACACATGT-1-25,AML4239,AML,0,10.367532,0.7885003
CAACCAAGTTACTGAC-1-25,AML4239,AML,7,-5.9474406,1.2319541
AGCATACGTCTCCACT-1-25,AML4239,AML,7,-5.9406695,2.245454
CTACCCAAGTGTCCAT-1-25,AML4239,AML,7,-5.492113,1.7475903
TAGGCATTCATCACCC-1-25,AML4239,AML,6,0.9373082,-1.7406503
CTCTACGGTCAAAGCG-1-25,AML4239,AML,6,1.9906142,-1.941627
CCGGTAGAGTGTTGAA-1-25,AML4239,AML,7,-5.4164143,1.8064352
ACCAGTAGTCTGCCAG-1-25,AML4239,AML,12,2.282423,6.109972
TAGAGCTAGAGGGCTT-1-25,AML4239,AML,6,0.83060265,-2.608301
CTCAGAAGTCAACATC-1-25,AML4239,AML,6,0.72770524,-0.27458507
ACGAGCCTCCTTGCCA-1-25,AML4239,AML,6,1.212212,-0.9833331
GGCGACTTCATTGCGA-1-25,AML4239,AML,3,0.7459417,0.40252244
GAAATGATCTGCCAGG-1-25,AML4239,AML,7,-4.4333344,-0.39141333
CTAACTTCATTACGAC-1-25,AML4239,AML,3,-0.7054282,1.8829786
TAAACCGCAGACGCAA-1-25,AML4239,AML,7,-4.8881984,0.5104154
GGACAGAGTATAGGTA-1-25,AML4239,AML,12,0.1882016,7.1188273
GGGAATGGTTCAGACT-1-25,AML4239,AML,9,4.3717566,1.2953484
CCATTCGGTTACCAGT-1-25,AML4239,AML,11,5.29821,-3.2644317
AACGTTGAGATCCTGT-1-25,AML4239,AML,6,4.1429276,-1.4023103
CCAATCCTCGTCTGCT-1-25,AML4239,AML,12,0.015128027,7.4085784
AGCGTATCATCTCGCT-1-25,AML4239,AML,3,-0.7113483,1.5281599
TGCCAAAGTGAAGGCT-1-25,AML4239,AML,12,-0.019542715,7.3913407
CGTTCTGAGACTTTCG-1-25,AML4239,AML,6,1.961456,-1.0653292
GCTGGGTGTGATAAGT-1-25,AML4239,AML,12,2.4379938,6.3606324
GGGACCTAGGCGATAC-1-25,AML4239,AML,6,1.0390322,-2.4666374
CGCTTCACAGGGTACA-1-25,AML4239,AML,7,-5.556178,1.1737045
CTTCTCTTCGACGGAA-1-25,AML4239,AML,3,0.13689867,3.1507132
TTAGGACAGCCAGAAC-1-25,AML4239,AML,6,1.0603641,-0.6296925
GCAGTTACAAAGGTGC-1-25,AML4239,AML,7,-5.9548516,1.9830099
TACGGTATCCCTAACC-1-25,AML4239,AML,3,-1.112744,2.1259942
GTATTCTGTCTGCGGT-1-25,AML4239,AML,1,8.840267,-0.8136858
GGACGTCTCAACTCTT-1-25,AML4239,AML,7,-6.1583314,2.2049906
ACACCAATCCCTGACT-1-25,AML4239,AML,9,3.1982,1.242502
CCCAATCGTCGAGATG-1-25,AML4239,AML,12,-0.13277924,7.439664
GCTGGGTAGTAGTGCG-1-25,AML4239,AML,3,-0.03674969,3.115262
CTCGAAAGTTAAAGTG-1-25,AML4239,AML,12,0.011947756,6.17396
TATGCCCTCCAAAGTC-1-25,AML4239,AML,3,0.90056247,0.48907793
GGCAATTAGACTTGAA-1-25,AML4239,AML,11,5.576146,-3.5463533
CCACGGAAGAGCAATT-1-25,AML4239,AML,14,6.610767,-3.0171824
AGAATAGCACGGCCAT-1-25,AML4239,AML,1,6.919546,0.020077541
TGCTACCCATCGGTTA-1-25,AML4239,AML,12,3.3949058,6.997367
CGTCACTGTACAAGTA-1-25,AML4239,AML,6,2.042287,-1.9279681
AGCTCTCGTGGTACAG-1-25,AML4239,AML,3,-1.128507,2.6078863
ACTATCTAGTCGTTTG-1-25,AML4239,AML,8,-3.224903,0.02060945
CAAGTTGAGTCGTACT-1-25,AML4239,AML,6,1.0306625,-1.1786044
AATCCAGGTCTCACCT-1-25,AML4239,AML,6,0.867881,-1.8588996
GATTCAGCATCGACGC-1-25,AML4239,AML,7,-5.135883,2.2939355
CGGAGCTCAGCTCCGA-1-25,AML4239,AML,3,-0.04541196,1.7490621
CATGGCGTCGTCTGCT-1-25,AML4239,AML,3,-0.13560224,2.4628718
ACTTGTTCATGACATC-1-25,AML4239,AML,3,1.2461957,0.49848378
CGATGTAAGTAGATGT-1-25,AML4239,AML,3,-1.0955378,3.7468688
CTTGGCTAGGTGCTTT-1-25,AML4239,AML,10,7.5033846,2.1181426
CATTATCGTTACGGAG-1-25,AML4239,AML,3,-0.81013566,3.8191226
TACAGTGAGGACGAAA-1-25,AML4239,AML,6,0.97220886,-0.51790303
ATGTGTGAGTCGATAA-1-25,AML4239,AML,3,0.011499829,-0.18876001
TCAGGATTCCGAAGAG-1-25,AML4239,AML,7,-6.394496,1.8737506
CCCAATCAGAGCTTCT-1-25,AML4239,AML,8,-2.5740807,2.2976408
TGTGGTACACCACGTG-1-25,AML4239,AML,0,11.743409,2.1371534
TACGGGCTCATCGGAT-1-25,AML4239,AML,3,0.081702866,0.56619596
ACGTCAACAGAGCCAA-1-25,AML4239,AML,12,-1.4494126,5.1647997
ACGATACTCTGGTATG-1-25,AML4239,AML,6,1.186697,-1.60418
TCAGATGGTCGGCTCA-1-25,AML4239,AML,6,0.8720583,-1.2190174
AGTCTTTGTTTGCATG-1-25,AML4239,AML,10,8.173707,2.6546073
GTTACAGTCACCAGGC-1-25,AML4239,AML,12,0.11706064,7.4563894
ATCATCTAGTCTCCTC-1-25,AML4239,AML,9,5.523003,-0.658352
GCGCAACGTGTTCTTT-1-25,AML4239,AML,12,-0.48936597,6.634885
GATTCAGCAATCTGCA-1-25,AML4239,AML,6,1.9645414,-0.71626467
TTTGGTTGTAAGTGTA-1-25,AML4239,AML,3,2.3003604,-0.41865534
GACCAATTCCTTGACC-1-25,AML4239,AML,0,10.148798,0.8715436
TTAGGACCAGTACACT-1-25,AML4239,AML,3,0.023082152,0.9756156
TGGTTAGCAAGCCGTC-1-25,AML4239,AML,3,-1.8978838,3.33201
GCACTCTGTCCAGTAT-1-25,AML4239,AML,3,-0.14695053,1.6455346
CAGAATCGTAGCCTCG-1-25,AML4239,AML,3,-1.2043166,2.482618
ACGAGGAGTCAACTGT-1-25,AML4239,AML,3,-1.4222571,1.6951113
CGTCCATTCTGATACG-1-25,AML4239,AML,12,2.1973364,6.452757
TAGGCATAGCATCATC-1-25,AML4239,AML,7,-6.3501997,0.86527586
GACAGAGGTAAATACG-1-25,AML4239,AML,8,-2.9454522,1.5665225
AGCAGCCCATAGTAAG-1-25,AML4239,AML,12,-0.032086447,7.592189
ACCGTAATCACCTTAT-1-25,AML4239,AML,6,0.991466,-0.6328607
TCGAGGCGTATGAATG-1-25,AML4239,AML,1,6.858046,-0.73861027
TCGCGTTTCATGCAAC-1-25,AML4239,AML,3,0.14109711,2.2945714
CGATCGGAGTTTCCTT-1-25,AML4239,AML,3,-0.7954514,3.0373702
TAAGCGTTCAGTACGT-1-25,AML4239,AML,12,-0.72679865,5.8048773
CTTCTCTGTCCGAACC-1-25,AML4239,AML,9,4.9133406,-0.76270044
ATCATGGAGTGAACAT-1-25,AML4239,AML,9,2.8526354,-0.59943175
AAGCCGCCACATCCGG-1-25,AML4239,AML,9,1.7257662,1.9180025
GACCTGGGTTCTGTTT-1-25,AML4239,AML,6,2.344965,-0.520155
TGGGAAGGTATATGAG-1-25,AML4239,AML,12,0.1024057,7.7234135
CTTCTCTGTATATGAG-1-25,AML4239,AML,7,-5.03601,0.3292001
AATCCAGCACGTCTCT-1-25,AML4239,AML,3,0.8545886,1.2644848
CTAGTGACATGAAGTA-1-25,AML4239,AML,0,12.3825445,1.2116349
TCGAGGCCAAACCCAT-1-25,AML4239,AML,12,0.030660572,7.446847
GATCAGTAGAATCTCC-1-25,AML4239,AML,3,-0.69473433,2.008724
GTCATTTCAATCTACG-1-25,AML4239,AML,3,-0.49029928,3.7077806
TACACGATCTCTTATG-1-25,AML4239,AML,12,2.7898679,6.261752
AGTTGGTTCGCTTAGA-1-25,AML4239,AML,11,4.665358,-3.616968
ACATCAGGTACTCTCC-1-25,AML4239,AML,10,7.683958,2.1340966
GTCTCGTAGTACGACG-1-25,AML4239,AML,7,-5.4501295,2.2084987
TACAGTGAGTCGTTTG-1-25,AML4239,AML,12,-0.6431084,5.798457
GTTCTCGAGCAATATG-1-25,AML4239,AML,9,3.2402043,0.7333835
ATAAGAGCATGGTTGT-1-25,AML4239,AML,12,0.2743187,5.951529
TCAACGAAGTGTGAAT-1-25,AML4239,AML,6,0.90385455,-2.2840285
TGGTTCCCAGGGTACA-1-25,AML4239,AML,3,-1.3623564,3.2907004
CATCGAAGTTATGCGT-1-25,AML4239,AML,6,2.159268,0.5064021
CGGAGTCCACCAACCG-1-25,AML4239,AML,0,9.42843,2.1087134
GACGCGTCACCAACCG-1-26,AML4264,AML,0,10.782757,1.6054419
CGTCAGGCAGAGTGTG-1-26,AML4264,AML,6,1.9065462,0.057163786
AAGGCAGAGTGGTAGC-1-26,AML4264,AML,3,-3.589431,3.4669616
TCGGGACAGTAGCCGA-1-26,AML4264,AML,3,0.65691376,0.99394006
TAGCCGGCACCAACCG-1-26,AML4264,AML,3,-4.0189724,3.0945385
TTTGCGCCATTGGTAC-1-26,AML4264,AML,3,-2.525522,2.5894182
GCTTCCATCATTCACT-1-26,AML4264,AML,6,0.88836646,-2.6029673
ATTGGTGGTTTAGCTG-1-26,AML4264,AML,10,8.410721,3.1287746
TCAGATGAGCTAAGAT-1-26,AML4264,AML,6,1.298535,-2.4307384
GGGATGAGTCAAAGAT-1-26,AML4264,AML,9,5.3517895,0.18737598
GCACTCTGTTGGGACA-1-26,AML4264,AML,12,-1.2798071,7.9631953
CACCAGGCACAGATTC-1-26,AML4264,AML,3,-3.0847983,3.067626
GCGCAGTCATTTGCCC-1-26,AML4264,AML,7,-4.6310463,2.3932967
GGGTCTGGTAGGGACT-1-26,AML4264,AML,9,3.4992032,1.034775
TGGCTGGGTAAGAGAG-1-26,AML4264,AML,7,-4.8636394,2.3613164
TTTGGTTGTAATTGGA-1-26,AML4264,AML,0,11.443384,0.65714836
ACTTTCAGTAGCACGA-1-26,AML4264,AML,3,-1.8723094,4.1275754
TCGTAGAGTCAAACTC-1-26,AML4264,AML,3,-3.6226504,2.9717472
AGTCTTTAGCAATCTC-1-26,AML4264,AML,12,-1.1603639,7.3185954
CAAGAAATCAACTCTT-1-26,AML4264,AML,0,11.471474,0.88888943
TCAGCTCAGTGTGAAT-1-26,AML4264,AML,3,-1.835944,3.1527216
AGAATAGTCTTCCTTC-1-26,AML4264,AML,7,-4.5661206,3.2105198
TACTTACGTGTGACCC-1-26,AML4264,AML,9,5.378583,0.5919175
GGGAATGTCTACCAGA-1-26,AML4264,AML,9,4.860916,-0.4028762
CAGCATACACTCGACG-1-26,AML4264,AML,9,5.0908546,-0.45642412
ACGAGGATCTCCCTGA-1-26,AML4264,AML,3,-3.0098715,3.7883575
CTCGAAACATACTACG-1-26,AML4264,AML,3,-1.2733245,3.046746
TGGTTCCAGTGTCTCA-1-26,AML4264,AML,9,6.706927,0.40788987
GACGGCTTCACTCCTG-1-26,AML4264,AML,14,7.233667,-3.8547645
CAGCAGCCAGATCTGT-1-26,AML4264,AML,12,0.33729124,7.0809827
GCATGCGGTGTAACGG-1-26,AML4264,AML,6,0.81652445,-2.0674076
TACTCATGTTCTGGTA-1-26,AML4264,AML,3,-0.8436231,2.7317014
ACACCCTCAATGTAAG-1-26,AML4264,AML,7,-6.076429,1.3804876
AGCGGTCCATTGTGCA-1-26,AML4264,AML,14,8.099133,-4.1588545
TCATTTGAGTCCATAC-1-26,AML4264,AML,12,-3.6447701,4.022718
CCGTTCAAGACTAGGC-1-26,AML4264,AML,7,-5.279373,1.4407605
ACACCAACAGCATGAG-1-26,AML4264,AML,9,1.8242861,1.1583482
CCGTTCAAGGCTAGGT-1-26,AML4264,AML,7,-5.511164,2.8309345
ACAGCCGTCCCAAGAT-1-26,AML4264,AML,9,1.7499439,-0.19775766
CCACCTATCCGTAGGC-1-26,AML4264,AML,7,-5.6646943,1.8257872
AGTTGGTCATAACCTG-1-26,AML4264,AML,12,-1.2506912,8.015349
AGATCTGTCTCGAGTA-1-26,AML4264,AML,14,7.6009283,-3.6841254
GTGCTTCTCTCTTATG-1-26,AML4264,AML,9,4.2027664,1.7127278
CTACCCAAGTTGTAGA-1-26,AML4264,AML,3,-1.7418625,3.372184
GTAACGTTCTGCTGTC-1-26,AML4264,AML,3,-2.7580826,3.7303522
CTACACCAGCGTCAAG-1-26,AML4264,AML,14,8.05639,-3.9422193
ATTTCTGTCAATCACG-1-26,AML4264,AML,3,-2.9975514,3.9590323
TTGCCGTCACCTGGTG-1-26,AML4264,AML,3,-0.53064096,2.4130445
CCGGTAGCATTGCGGC-1-26,AML4264,AML,9,4.062346,1.6375974
CTAGCCTAGTTCGCGC-1-26,AML4264,AML,7,-5.5115194,1.1595789
AGTGAGGGTCTAGCGC-1-26,AML4264,AML,11,4.7377305,-2.4230828
AGGTCCGTCACCATAG-1-26,AML4264,AML,9,5.162059,0.13998237
AGATCTGAGCTAACAA-1-26,AML4264,AML,3,-0.6640275,3.285289
CTAGTGAGTGGTTTCA-1-26,AML4264,AML,0,10.47061,1.7342257
AAACCTGAGTAGGCCA-1-26,AML4264,AML,9,5.536477,0.7746074
CTCACACGTCTGGAGA-1-26,AML4264,AML,0,12.790314,1.2689247
CACACAATCCAAACTG-1-26,AML4264,AML,6,1.8381284,-3.2310803
TGAGAGGAGTGACTCT-1-26,AML4264,AML,9,2.0901659,1.8833077
CTGGTCTGTTGCTCCT-1-26,AML4264,AML,6,2.1647785,0.94739676
TGACTTTGTTTGTGTG-1-26,AML4264,AML,3,0.77370244,0.8722092
GAAATGACAGCATACT-1-26,AML4264,AML,7,-5.8010697,2.088414
GGACGTCGTTACGCGC-1-26,AML4264,AML,3,-3.128203,3.9209793
ATGGGAGAGCATCATC-1-26,AML4264,AML,12,-1.1821831,7.9172444
AGGGTGAAGCGATTCT-1-26,AML4264,AML,3,0.48227513,2.0656812
TAGAGCTGTTTGTTGG-1-26,AML4264,AML,9,3.6697826,-0.17062609
GTAGGCCAGTCGAGTG-1-26,AML4264,AML,7,-4.7362523,2.1149204
CGCGTTTTCCAACCAA-1-26,AML4264,AML,7,-4.699331,0.82858396
CTGTTTAAGTAAGTAC-1-26,AML4264,AML,0,10.392697,0.61377084
GCTCCTAAGATCTGCT-1-26,AML4264,AML,0,13.086212,1.8040013
ACGGAGAAGCTAGTGG-1-26,AML4264,AML,7,-5.8000646,2.458214
CAGGTGCGTCATGCAT-1-26,AML4264,AML,1,8.610741,-1.3293611
GTAACTGAGATCCCGC-1-26,AML4264,AML,12,-1.2169228,7.898515
GATCGATGTTTCCACC-1-26,AML4264,AML,12,-1.1212486,7.6060643
CCTAGCTAGTGGGTTG-1-26,AML4264,AML,3,-2.8934867,3.2084696
ACGAGCCAGCCGCCTA-1-26,AML4264,AML,3,-0.5417294,3.6100967
CACACAAGTCATCGGC-1-26,AML4264,AML,8,-0.8109546,0.55352527
GTGCGGTTCAGGATCT-1-26,AML4264,AML,0,9.927655,0.9510069
GACTAACTCCTTGGTC-1-26,AML4264,AML,9,3.1195052,1.766661
GTATTCTAGTTAACGA-1-26,AML4264,AML,14,8.089371,-4.137199
CAGCTGGGTCTTCGTC-1-26,AML4264,AML,9,5.457356,-0.18671764
AAAGCAATCCGCGTTT-1-26,AML4264,AML,6,2.5333211,-0.16503772
GGCTCGATCTTTACGT-1-26,AML4264,AML,3,-3.0051503,3.5229309
ATCCACCAGAAAGTGG-1-26,AML4264,AML,3,-0.3762465,3.3099978
ACCAGTAGTATAATGG-1-26,AML4264,AML,3,-3.0965438,3.2929711
AAACCTGAGCTAACTC-1-26,AML4264,AML,3,-0.8381061,3.5131178
TTTGGTTCACGGCCAT-1-26,AML4264,AML,9,1.9056134,1.9565463
GAGGTGAGTTCGGCAC-1-26,AML4264,AML,14,7.2311697,-3.9374585
AATCGGTCATCTACGA-1-26,AML4264,AML,6,1.4742653,-1.2233644
CTCGTCACAGCTGCTG-1-26,AML4264,AML,0,11.751162,1.7566041
CAGTCCTTCCAATGGT-1-26,AML4264,AML,14,7.90624,-4.238108
TATTACCGTACCGCTG-1-26,AML4264,AML,12,-2.1884177,4.5980077
TGACTAGTCAGTTGAC-1-26,AML4264,AML,9,4.1318293,1.5231774
CTTACCGAGGACTGGT-1-26,AML4264,AML,7,-5.90305,2.4178922
GATGAAATCAAACAAG-1-26,AML4264,AML,9,4.8229194,0.18795976
CTACGTCGTCTTGATG-1-26,AML4264,AML,3,-0.66077,3.2647421
ACAGCCGTCTGGCGTG-1-26,AML4264,AML,11,4.7917438,-3.7193458
TTGACTTAGTGGGTTG-1-26,AML4264,AML,0,9.544912,0.9833348
TGAGCCGGTTGGTGGA-1-26,AML4264,AML,14,7.638338,-3.8975198
TGCTACCCAGTCAGAG-1-26,AML4264,AML,9,2.101429,1.7127477
AGATCTGAGTGTCTCA-1-26,AML4264,AML,9,3.3158593,1.6806859
GTCCTCAAGGCACATG-1-26,AML4264,AML,0,9.950483,2.2986877
CGATCGGAGTGTACGG-1-26,AML4264,AML,14,7.8139453,-3.8476436
ACTGATGGTCTTGATG-1-26,AML4264,AML,9,4.9712586,-1.4501356
ACTGATGAGCCACTAT-1-26,AML4264,AML,12,-1.0181478,7.942077
GCTGCTTGTTCGTCTC-1-26,AML4264,AML,7,-5.724779,2.0503693
GTCATTTTCAGTTTGG-1-26,AML4264,AML,7,-6.2765255,1.9372578
AACTCAGAGCGCCTCA-1-26,AML4264,AML,10,9.037718,2.3404849
GACTAACCAGCGTAAG-1-26,AML4264,AML,3,-3.322592,3.5157032
AGATCTGCATGTTGAC-1-26,AML4264,AML,11,4.601991,-3.9579237
TGCCCATTCTCTTATG-1-26,AML4264,AML,14,8.210075,-4.2202907
TAGTTGGCACATTAGC-1-26,AML4264,AML,9,4.116321,-0.83275104
CTCGGGATCTCGTTTA-1-26,AML4264,AML,9,3.4863303,1.0306545
CCTTCGAAGACTAGAT-1-26,AML4264,AML,9,5.2605987,-0.06257708
ACTTTCAGTTGTGGAG-1-26,AML4264,AML,3,-0.72332233,3.9705653
GTGCATATCACATACG-1-26,AML4264,AML,6,0.49358794,0.4250102
TCGCGAGAGACTTTCG-1-26,AML4264,AML,0,12.390367,-0.4440617
ATGTGTGAGGTGGGTT-1-26,AML4264,AML,6,1.6335535,-1.5758433
GGGATGACACTGTGTA-1-26,AML4264,AML,14,7.5129914,-4.0361032
AAGACCTTCATGTCCC-1-26,AML4264,AML,14,7.221641,-3.7766726
GACGCGTAGAAGAAGC-1-26,AML4264,AML,12,-0.80459493,7.936505
TGCACCTGTAGGCATG-1-26,AML4264,AML,9,2.555109,0.6009118
CGGACACGTAGCACGA-1-26,AML4264,AML,6,1.6498669,-1.2867234
CATCGAATCCTTAATC-1-26,AML4264,AML,7,-6.4070582,1.3160573
TAAACCGCACTTAAGC-1-26,AML4264,AML,0,10.437682,1.4571025
ACCGTAAAGGAGCGAG-1-26,AML4264,AML,12,-1.1429428,8.026467
TTTCCTCCAGGAATGC-1-26,AML4264,AML,1,8.378127,-0.9944215
CGTTCTGCATGAAGTA-1-26,AML4264,AML,14,7.0161953,-3.7885444
GGTGCGTTCGTCCAGG-1-26,AML4264,AML,3,-3.3808203,3.7292268
TTAGTTCGTGCTAGCC-1-26,AML4264,AML,12,-2.2335627,4.2143874
GTCGGGTTCGTCCGTT-1-26,AML4264,AML,3,-1.3816829,3.658607
TTAACTCAGAGTAAGG-1-26,AML4264,AML,3,-1.3839704,3.33564
AGGCCACGTGATGTCT-1-26,AML4264,AML,14,7.995823,-4.198463
ATCGAGTGTACCGTTA-1-26,AML4264,AML,7,-5.000424,1.8878781
CTGATCCAGCCACGCT-1-26,AML4264,AML,6,1.2619721,-0.5492896
GAAACTCTCGGCGGTT-1-26,AML4264,AML,0,10.947614,1.8946643
GGAACTTTCAAACGGG-1-26,AML4264,AML,10,8.838944,2.236901
TTCTTAGAGGCGATAC-1-26,AML4264,AML,7,-4.565491,1.0535736
AACCATGAGACAGGCT-1-26,AML4264,AML,3,-3.0699818,3.9180734
TCGCGAGTCGTACCGG-1-26,AML4264,AML,3,-3.3843617,3.7423797
ATAACGCAGAGCCTAG-1-26,AML4264,AML,6,1.8042425,-1.8418998
CACTCCATCATGTAGC-1-26,AML4264,AML,7,-5.9191113,1.4700923
TTGAACGAGACAGAGA-1-26,AML4264,AML,14,8.485437,-4.2325315
AACACGTGTCCTGCTT-1-26,AML4264,AML,1,6.8810134,-0.2898622
TGCCCTACACCAGATT-1-26,AML4264,AML,12,-1.2244234,8.045048
CCACCTAAGGTGCTAG-1-26,AML4264,AML,14,7.261777,-3.9167707
CTAATGGTCTCGTATT-1-26,AML4264,AML,9,2.7824287,1.3044773
ACGGGCTAGGTCATCT-1-26,AML4264,AML,6,1.4807156,-0.33706534
AGTGGGAAGCGTTCCG-1-26,AML4264,AML,8,-1.7729065,2.555071
CATCAGAAGTATGACA-1-26,AML4264,AML,3,-1.9241618,3.9135857
GGCTGGTAGTAGATGT-1-26,AML4264,AML,3,-1.353191,3.8203127
TTAGGCACAAGACACG-1-26,AML4264,AML,14,6.4938703,-3.8559396
CACCAGGAGCCTATGT-1-26,AML4264,AML,3,-3.3275216,2.4578104
GGCAATTTCTTTAGGG-1-26,AML4264,AML,11,4.5049906,-3.9373095
CCGTTCACATGGATGG-1-26,AML4264,AML,3,-3.3176248,3.7250867
CTCCTAGGTTAAAGTG-1-26,AML4264,AML,12,-1.2251542,7.9993258
CGTCAGGGTCATGCCG-1-26,AML4264,AML,3,-2.4854488,3.593476
CTCGAGGAGGCGCTCT-1-26,AML4264,AML,3,-3.2949033,3.275467
GTTACAGCAAACTGTC-1-26,AML4264,AML,7,-3.9004648,-0.6116179
GATGCTACAAGCGCTC-1-26,AML4264,AML,3,-0.92853045,3.5521681
CTTACCGAGCATCATC-1-26,AML4264,AML,7,-5.6348333,2.7777174
AGCATACAGGTACTCT-1-26,AML4264,AML,9,5.2417045,-0.31744388
ATGAGGGGTATCAGTC-1-26,AML4264,AML,9,4.8647594,-0.2818542
ATGCGATAGGGCATGT-1-26,AML4264,AML,6,1.0826312,-3.0789466
TGACTTTTCATACGGT-1-26,AML4264,AML,12,3.589538,7.037947
TGGACGCGTACCGAGA-1-26,AML4264,AML,1,7.8364015,-0.870744
CGCTATCCATCGGACC-1-26,AML4264,AML,14,7.142674,-3.8157752
CTACACCCACGCGAAA-1-26,AML4264,AML,11,4.622434,-3.7527776
TACCTTATCGTTGCCT-1-26,AML4264,AML,3,-2.5150044,3.169217
AACGTTGAGGCAATTA-1-26,AML4264,AML,14,7.7523136,-4.1223927
ACCCACTGTAGGACAC-1-26,AML4264,AML,12,-0.55428463,7.479698
TCGGGACTCAACCAAC-1-26,AML4264,AML,9,2.762884,-0.32931918
TTCGAAGCAGGTCTCG-1-26,AML4264,AML,7,-3.7660558,2.5739505
GTCGGGTCACTGTGTA-1-26,AML4264,AML,7,2.4415069,-0.017565388
GATCGTAGTCGCATAT-1-26,AML4264,AML,12,-0.22254719,6.006538
GGATGTTGTGTTAAGA-1-26,AML4264,AML,3,-2.142177,3.9853032
AAGGTTCCAAGTAATG-1-26,AML4264,AML,3,-1.4630888,2.6402693
CACATTTAGCTGCAAG-1-26,AML4264,AML,9,5.7220855,0.600057
AGCGTCGCACACTGCG-1-26,AML4264,AML,9,5.140126,0.118461564
ACACCGGAGATGTGGC-1-26,AML4264,AML,9,3.2768676,0.24075927
CGGACACTCGGAGCAA-1-26,AML4264,AML,6,0.57843816,-2.387087
GATCAGTGTCGGATCC-1-26,AML4264,AML,12,-1.1471237,7.6197824
ACGGAGAAGGAACTGC-1-26,AML4264,AML,14,7.490799,-3.8344665
ACGAGCCCACAGACTT-1-26,AML4264,AML,7,-4.459094,2.2558997
CGTCTACGTAAGTGTA-1-26,AML4264,AML,7,-4.6490316,2.354354
GATGCTACACGTAAGG-1-26,AML4264,AML,3,0.22816987,2.6997163
CTTGGCTTCCTTGACC-1-26,AML4264,AML,7,-4.225381,3.395055
CTCGGAGGTCCGAACC-1-26,AML4264,AML,3,-3.7280176,3.5212805
AATCCAGAGGCTAGGT-1-26,AML4264,AML,0,11.891728,-0.29357406
ACGGGCTGTATAATGG-1-26,AML4264,AML,9,3.6249568,1.2158492
AGAGTGGGTCTCTCGT-1-26,AML4264,AML,11,4.6649885,-3.792455
TACTCGCCATTAGGCT-1-26,AML4264,AML,3,-3.7649999,3.239643
CGGAGTCAGGGTATCG-1-26,AML4264,AML,12,-1.1689805,8.001075
CATCCACCATAGTAAG-1-26,AML4264,AML,3,-0.29906762,3.0269525
TCGGTAATCTTTACAC-1-26,AML4264,AML,7,-5.72121,1.3071041
GAATAAGCACGCCAGT-1-26,AML4264,AML,3,-1.6265324,3.3198755
ACTGTCCTCGCTGATA-1-26,AML4264,AML,7,-5.069796,2.2273705
CCTCTGAGTGTCGCTG-1-26,AML4264,AML,1,7.864015,-1.3898468
CATCAAGGTGAGGCTA-1-26,AML4264,AML,7,-6.0446277,2.1076143
GGGTTGCCATCATCCC-1-26,AML4264,AML,9,1.9830626,1.7250727
CGTCCATGTCTGATTG-1-26,AML4264,AML,7,-6.5492268,1.4637905
GGATTACTCGCATGGC-1-26,AML4264,AML,12,-3.8889458,3.6398635
AGGGTGACATTGGTAC-1-26,AML4264,AML,3,-1.8999759,3.9377542
TTGCGTCCACAGCGTC-1-26,AML4264,AML,7,-4.0458164,3.3677137
TACGGGCCATGCCCGA-1-26,AML4264,AML,3,-1.093855,2.6859639
GCGGGTTGTCGCGGTT-1-26,AML4264,AML,3,-1.9278086,3.0297472
CAGAATCAGTGGTAAT-1-26,AML4264,AML,5,-0.29380432,-0.66115314
TTCGGTCCACATAACC-1-26,AML4264,AML,7,-4.354359,3.108903
GACGGCTTCTGCAAGT-1-26,AML4264,AML,0,11.505983,0.94974583
CGTCTACCAGCTGCAC-1-26,AML4264,AML,9,6.240801,0.6363041
GATGCTAAGTGTACTC-1-26,AML4264,AML,3,-1.9099565,3.9966614
CGACTTCGTGCCTGGT-1-26,AML4264,AML,9,5.5610332,0.41695675
CGATTGATCCCTGACT-1-26,AML4264,AML,12,-1.2667918,8.025437
CGAGAAGAGAAACCGC-1-26,AML4264,AML,12,-1.1719872,7.9786735
AAGACCTTCAATAAGG-1-26,AML4264,AML,1,7.062422,-0.6526886
ACTTACTGTTACAGAA-1-26,AML4264,AML,3,-3.157132,3.9884562
TCGCGTTGTACTCAAC-1-26,AML4264,AML,7,-4.336239,1.1479175
GGCGTGTCAGCTCCGA-1-26,AML4264,AML,1,8.014519,-0.76799697
GGGTTGCAGGCGCTCT-1-26,AML4264,AML,9,4.298118,-0.81622064
CTCGTCACATTGGGCC-1-26,AML4264,AML,9,1.7947625,-0.67265064
AACACGTGTCAGGACA-1-26,AML4264,AML,14,8.172563,-4.219702
GCGCAGTGTTCTCATT-1-26,AML4264,AML,11,4.755609,-2.4055254
TGCACCTTCCTATTCA-1-26,AML4264,AML,7,-6.266007,0.65895426
TTTGCGCTCTGACCTC-1-26,AML4264,AML,6,1.7807311,-2.971707
TACGGTACAGCTCGAC-1-26,AML4264,AML,14,6.8921614,-3.9168317
TATGCCCTCGGCTTGG-1-26,AML4264,AML,12,1.241314,-1.085735
TGCTACCAGGCTCAGA-1-26,AML4264,AML,12,-1.2511082,8.029793
ATCTACTCAAACTGTC-1-26,AML4264,AML,3,0.7838617,-0.43135518
TGTATTCAGTGTCCAT-1-26,AML4264,AML,9,3.9008992,1.6181027
GATCGATTCTGTACGA-1-26,AML4264,AML,9,5.4738812,1.7456661
CGTAGCGAGCGGCTTC-1-26,AML4264,AML,7,-6.353368,1.214745
GCTTCCATCTAACCGA-1-26,AML4264,AML,12,3.484746,6.933219
AACTCTTAGAAACCAT-1-26,AML4264,AML,3,-0.5566909,2.4895718
ACAGCCGTCAGGATCT-1-26,AML4264,AML,3,-0.77977985,3.3985791
GAACGGAGTCAAACTC-1-26,AML4264,AML,8,-3.167492,-0.23681805
GCTCCTACATCACGTA-1-26,AML4264,AML,9,3.307586,1.989333
CGTCAGGGTGGACGAT-1-26,AML4264,AML,0,11.5350065,-0.61509734
TTGTAGGGTCCAAGTT-1-26,AML4264,AML,3,0.6236282,1.1748575
AGAATAGGTTGTACAC-1-26,AML4264,AML,3,-3.2255464,3.152311
CTGATCCAGACTTGAA-1-26,AML4264,AML,3,-1.1555742,2.6297596
ACTTTCACAGTATCTG-1-26,AML4264,AML,12,-0.6097068,7.7668185
CCTTTCTTCCTTGGTC-1-26,AML4264,AML,3,-3.4845614,3.532984
CACCAGGTCCTTTCGG-1-26,AML4264,AML,11,4.7387614,-3.9635417
CGAGCCAGTAGGACAC-1-26,AML4264,AML,7,-6.038499,2.0547948
TAAGAGATCTATCGCC-1-26,AML4264,AML,7,-5.7720304,2.0439878
GCGCCAATCTGCGGCA-1-26,AML4264,AML,9,5.71835,0.34577703
CTACATTTCTCGCTTG-1-26,AML4264,AML,3,-0.53752345,2.42272
GATGAAATCAGCACAT-1-26,AML4264,AML,12,-1.2106111,7.9992037
GTCGGGTTCGCGGATC-1-26,AML4264,AML,14,7.030116,-3.4197402
TAGTTGGTCCGCGCAA-1-26,AML4264,AML,3,-1.7216214,4.0882883
GCTGCAGAGTGCTGCC-1-26,AML4264,AML,1,8.2953825,-1.0032918
GGCGACTTCTTCATGT-1-26,AML4264,AML,9,3.3656445,1.9977233
TCGCGTTCACAAGTAA-1-26,AML4264,AML,3,-3.2271569,2.8381166
ACTTTCAAGTGAACGC-1-26,AML4264,AML,7,-4.757196,3.1201656
GTATCTTAGTCGAGTG-1-26,AML4264,AML,3,-3.0648775,2.982082
ACTTACTGTCTAACGT-1-26,AML4264,AML,9,3.1275153,1.6600034
CAAGAAACACTAAGTC-1-27,AML4271,AML,7,-4.7442427,0.8897931
AGCGGTCTCGGACAAG-1-27,AML4271,AML,5,0.49507397,-0.08461
GGCCGATGTCTAACGT-1-27,AML4271,AML,5,0.014205482,0.14756197
GGAATAATCTTCGAGA-1-27,AML4271,AML,0,11.935201,1.9503433
TATCAGGGTAAACCTC-1-27,AML4271,AML,3,-0.5291056,2.1048467
TTTATGCCATCGGTTA-1-27,AML4271,AML,5,0.009236391,1.7099541
AACTCTTCACCTATCC-1-27,AML4271,AML,9,3.5756814,-0.63180524
ACATGGTAGTCAAGCG-1-27,AML4271,AML,1,8.046498,-1.4021953
GGATTACTCCTATTCA-1-27,AML4271,AML,9,4.3087034,-1.3458345
TGTATTCCAAATCCGT-1-27,AML4271,AML,3,-0.81804687,3.251445
TTAACTCGTTTAGCTG-1-27,AML4271,AML,3,-0.2741714,2.5913954
TTCTCAATCCACTGGG-1-27,AML4271,AML,7,-5.4354267,1.687371
CACCACTTCTTGTATC-1-27,AML4271,AML,2,6.7269945,3.655882
AACTGGTGTCTTGATG-1-27,AML4271,AML,6,2.114267,-3.1383276
TACGGATGTGGTGTAG-1-27,AML4271,AML,3,-1.3397734,2.321073
TAGTGGTAGTGTACGG-1-27,AML4271,AML,7,-5.4929943,0.32191136
ATCTACTTCAAGATCC-1-27,AML4271,AML,9,0.90239245,0.6993985
CTCAGAACACCACCAG-1-27,AML4271,AML,5,0.28256482,1.5981661
TCTCTAACAACGATGG-1-27,AML4271,AML,1,6.9073014,-1.1829786
TGGTTAGCAAGTACCT-1-27,AML4271,AML,6,2.9375234,-2.420117
GGCAATTAGCAACGGT-1-27,AML4271,AML,11,4.420573,-3.2801435
TATCTCAGTAGTACCT-1-27,AML4271,AML,14,7.529663,-3.7694123
CAGGTGCAGGACATTA-1-27,AML4271,AML,6,1.7681638,-3.179526
ATGGGAGAGAGACTAT-1-27,AML4271,AML,1,8.060319,-0.50739014
CTTTGCGCAGACTCGC-1-27,AML4271,AML,0,10.672245,2.2622612
CCTACACAGCTGCAAG-1-27,AML4271,AML,9,2.969125,-0.8249998
CTCGGGAAGGACAGAA-1-27,AML4271,AML,6,1.9538268,-1.9146825
CATATTCGTGCACGAA-1-27,AML4271,AML,7,-5.003326,2.2140546
AGGTCATGTATATGGA-1-27,AML4271,AML,6,3.2178216,-0.42768934
CATCAAGTCTTGTATC-1-27,AML4271,AML,6,2.128822,-0.2785691
CACACAAAGAAAGTGG-1-27,AML4271,AML,3,-0.9273335,4.0482078
GATCAGTAGCGGATCA-1-27,AML4271,AML,6,2.238981,-2.6942139
GTGCATAGTGATGATA-1-27,AML4271,AML,3,-0.39635107,2.9482493
AAAGCAAAGGCTATCT-1-27,AML4271,AML,0,10.35883,2.0178897
CACAGGCGTTCGTCTC-1-27,AML4271,AML,9,4.7662086,-0.796384
CACACAACAAACCCAT-1-27,AML4271,AML,14,6.3381276,-3.794855
CCTAGCTAGAAGGTTT-1-27,AML4271,AML,8,-2.1091373,1.6118101
CATCAGACACCAGTTA-1-27,AML4271,AML,7,-5.233077,1.1484424
AGCAGCCTCCCGGATG-1-27,AML4271,AML,3,-0.8872552,2.6864457
CAGCGACGTGACAAAT-1-27,AML4271,AML,6,1.5621731,-1.9473
CCTACCAAGACCACGA-1-27,AML4271,AML,12,0.017195616,8.048613
TGGTTCCAGTTACCCA-1-27,AML4271,AML,0,13.157176,1.9986416
ATGAGGGAGGATCGCA-1-27,AML4271,AML,3,-1.0672421,3.07552
AGTGTCATCCAATGGT-1-27,AML4271,AML,9,4.5207686,-0.69727373
GTCAAGTAGCACACAG-1-27,AML4271,AML,6,2.495554,-2.2668357
CTCTGGTCAGATCGGA-1-27,AML4271,AML,6,1.6187768,-2.7009504
ACTTTCACATCGGGTC-1-27,AML4271,AML,0,12.135609,-0.19353995
GTGGGTCTCCTTGACC-1-27,AML4271,AML,7,-5.9842257,1.2146363
ACATACGGTAATTGGA-1-27,AML4271,AML,3,-0.33253932,0.968669
AGATTGCAGCTGCCCA-1-27,AML4271,AML,7,-4.2270494,2.0180094
CAGATCACAGCTGCAC-1-27,AML4271,AML,9,4.5278096,-1.651997
TGTTCCGAGAGTTGGC-1-27,AML4271,AML,6,2.0145316,-3.1993852
GGCAATTAGCTCTCGG-1-27,AML4271,AML,6,2.616631,-2.253802
CATCCACCAGACGCTC-1-27,AML4271,AML,6,1.5855978,-2.288102
GCGCAGTGTTGAGGTG-1-27,AML4271,AML,12,-0.10113079,7.388147
TGGCGCAAGGCGTACA-1-27,AML4271,AML,9,4.6247816,-1.1993771
TCAGCAAAGCTAACAA-1-27,AML4271,AML,9,4.476686,-1.0130874
ACGATGTGTACAGTTC-1-27,AML4271,AML,12,-0.9258273,5.4990315
GCGCAGTCAAACTGTC-1-27,AML4271,AML,6,2.2679188,-2.8408654
TGGACGCTCGAATCCA-1-27,AML4271,AML,3,-0.4220854,2.9193418
TGTTCCGTCTAGAGTC-1-27,AML4271,AML,6,2.5566232,-0.7555147
TCAGGATTCATGTGGT-1-27,AML4271,AML,14,6.7761827,-3.904682
CGTGAGCCAATAGCAA-1-27,AML4271,AML,3,-0.80588764,2.0516307
CGAGCACCACCTATCC-1-27,AML4271,AML,6,2.0790763,-3.0727181
CGGGTCAAGAAACCGC-1-27,AML4271,AML,3,-0.40478298,2.5929537
TTATGCTGTGTTGAGG-1-27,AML4271,AML,12,-0.2811049,7.0206137
CTCTAATAGCTGATAA-1-27,AML4271,AML,9,3.9237497,-0.87385225
CAGCGACTCATCTGCC-1-27,AML4271,AML,1,7.105453,-1.312627
GTTAAGCGTGGTTTCA-1-27,AML4271,AML,5,-1.1463442,0.02017805
CTAAGACGTCTAGGTT-1-27,AML4271,AML,7,-4.8398104,3.0936656
GCAGTTACAGGACGTA-1-27,AML4271,AML,3,-0.9741478,3.4235995
CATCGAATCTCCAACC-1-27,AML4271,AML,9,3.5625043,-0.52192
AAGGCAGGTGAGGGTT-1-27,AML4271,AML,3,-3.069854,2.6904151
CGTCCATCAAGCCTAT-1-27,AML4271,AML,7,-5.02909,1.7976619
ACTGAACCATTGGTAC-1-27,AML4271,AML,8,-2.5752952,0.17571755
GGCTGGTTCCTAGAAC-1-27,AML4271,AML,9,3.4776955,1.5290723
GGGAATGGTCCGAATT-1-27,AML4271,AML,0,11.160007,2.1985972
CGATTGAGTGCACTTA-1-27,AML4271,AML,12,0.041089136,8.036555
TACTTGTGTCTCCATC-1-27,AML4271,AML,12,0.025687808,7.9106126
GGACGTCGTATGCTTG-1-27,AML4271,AML,7,-4.697968,1.7252719
CAGCTAATCTTGCCGT-1-27,AML4271,AML,3,-1.0850291,2.7706878
CCTAAAGGTCTGCGGT-1-27,AML4271,AML,3,-0.97233766,2.4906764
AGGGAGTTCGTACGGC-1-27,AML4271,AML,9,4.7021794,-0.6375758
GCACTCTTCGGCATCG-1-27,AML4271,AML,5,0.31067392,0.65149266
CCTTCGACATTTCAGG-1-27,AML4271,AML,6,2.1261218,-1.2416614
ACACTGACAAAGGAAG-1-27,AML4271,AML,7,-5.851612,2.3464732
CGTTGGGCATTTGCCC-1-27,AML4271,AML,14,6.7157407,-0.94847596
AGTTGGTTCAGAGGTG-1-27,AML4271,AML,3,-1.4742122,1.955683
GGACGTCTCCTGCCAT-1-27,AML4271,AML,8,-2.923493,0.2880809
GATCTAGCACATTAGC-1-27,AML4271,AML,6,1.8014486,-2.1398423
TGACAACAGTGTGAAT-1-27,AML4271,AML,9,5.124778,-0.6228947
GTGGGTCAGGTGGGTT-1-27,AML4271,AML,7,-4.4914303,-0.66587365
TTCTACAGTAGGAGTC-1-27,AML4271,AML,3,-1.394986,2.9068935
CGATGTACATCGGAAG-1-27,AML4271,AML,7,-5.5232058,1.7477112
GCAGCCAAGATCCGAG-1-27,AML4271,AML,9,4.7348332,-0.23334676
CTCGTCATCATGCATG-1-27,AML4271,AML,6,1.6796341,-3.4081178
CTGCGGAGTTTAGGAA-1-27,AML4271,AML,6,2.2356958,-2.6629918
GACGGCTGTGCGAAAC-1-27,AML4271,AML,1,8.599184,1.2399812
TTCTACAGTGGGTCAA-1-27,AML4271,AML,9,4.2931013,-0.8501286
CGAACATGTCAAAGAT-1-27,AML4271,AML,6,0.67455214,-0.35048935
AGCTTGATCTGTTGAG-1-27,AML4271,AML,6,1.293019,-2.3814156
TTTGTCATCCCACTTG-1-27,AML4271,AML,3,-2.8057296,3.5029273
GGATTACGTATTAGCC-1-27,AML4271,AML,12,0.100808896,7.2775583
AGAGTGGAGTCCGTAT-1-27,AML4271,AML,12,-0.031934813,7.8448186
TTCTCAAGTCTGATCA-1-27,AML4271,AML,6,2.2482595,-3.05562
TTGGCAAAGAAACCAT-1-27,AML4271,AML,3,-0.27401912,2.1635714
CAGGTGCAGAGTCGGT-1-27,AML4271,AML,7,-6.061826,1.3518887
ACTATCTCAGCCAATT-1-27,AML4271,AML,6,1.9786092,-1.1808596
CATATTCTCCTATTCA-1-27,AML4271,AML,14,7.184283,-4.125119
CCATTCGGTTTGGGCC-1-27,AML4271,AML,1,7.605476,-1.1175269
TTAGTTCGTTACAGAA-1-27,AML4271,AML,1,6.4399467,-1.4446578
TGGGCGTTCAAGATCC-1-27,AML4271,AML,3,-0.96503836,1.7208552
GGAATAAAGCCAGGAT-1-27,AML4271,AML,7,-4.9096293,-0.7991399
TAGTGGTTCTTTACGT-1-27,AML4271,AML,7,-5.360422,0.13665494
AGAATAGCACAGGTTT-1-27,AML4271,AML,3,-2.0386508,2.9987996
CCGTGGACATTGGGCC-1-27,AML4271,AML,8,-2.9040208,1.5542034
TCAATCTAGCTGCGAA-1-27,AML4271,AML,7,-4.286635,-0.16475347
CGCTGGAAGCTGGAAC-1-27,AML4271,AML,6,1.990139,-2.9186845
TTGGCAATCCTGCTTG-1-27,AML4271,AML,0,10.560461,2.2557395
GCTGCGAAGCTCAACT-1-27,AML4271,AML,7,-3.676479,-1.4295348
CGATCGGAGTGTCCCG-1-27,AML4271,AML,9,3.1045392,0.16660312
GTGCATACACCCTATC-1-27,AML4271,AML,12,-0.0029000028,7.1327734
CTAAGACGTTACGCGC-1-27,AML4271,AML,6,2.2285054,-2.4928403
CGATGTAAGATGGGTC-1-27,AML4271,AML,3,-1.4922689,2.8935661
CTGCCTACACGGATAG-1-27,AML4271,AML,9,5.1135054,1.0307024
TTGCCGTTCAGCGACC-1-27,AML4271,AML,3,-0.6310407,3.0983472
CGTGTAAGTTACTGAC-1-27,AML4271,AML,12,0.15406017,8.134169
CTAACTTAGATAGCAT-1-27,AML4271,AML,5,-0.100931816,2.345184
CACAGGCCATTAGGCT-1-27,AML4271,AML,6,1.2336563,-0.6874408
GCGCAGTAGTCCGTAT-1-27,AML4271,AML,9,5.032839,-0.34783843
AAACCTGGTCTAGCGC-1-27,AML4271,AML,3,-2.490723,1.725354
AGCTCTCAGCCACGTC-1-27,AML4271,AML,7,-5.2101836,1.7871295
TGGCTGGGTCATATGC-1-27,AML4271,AML,9,3.9114237,-1.3706795
TCGGGACAGAGCCTAG-1-27,AML4271,AML,7,-4.2538185,-0.6479225
CGGGTCACATACTCTT-1-27,AML4271,AML,6,2.415049,-1.9759287
CCTCTGATCATGCAAC-1-27,AML4271,AML,9,4.6698127,-0.9779864
TTTGCGCCATGGATGG-1-27,AML4271,AML,3,-2.0134306,1.5530822
AGCCTAAGTGCCTTGG-1-27,AML4271,AML,6,2.0857618,-2.9808114
GACTACAAGATAGTCA-1-27,AML4271,AML,9,5.6203847,-0.3304174
TACGGTACAGTGAGTG-1-27,AML4271,AML,7,-5.7398024,2.0679014
TATGCCCCAGAGTGTG-1-27,AML4271,AML,6,0.6278235,-0.00495562
GGAAAGCGTAGTACCT-1-27,AML4271,AML,6,1.9110876,-1.6653748
CGTGTCTTCATAAAGG-1-27,AML4271,AML,6,2.0696316,-1.1839694
GCGGGTTCACTGCCAG-1-27,AML4271,AML,6,1.8470551,-2.9492664
AAGTCTGTCCGCGGTA-1-27,AML4271,AML,6,1.5962616,-0.522861
TTCTCCTGTGCGGTAA-1-27,AML4271,AML,3,-1.434894,3.204953
GTCATTTTCTAGAGTC-1-27,AML4271,AML,3,-0.1590115,2.2288272
GCTGCGAGTTACGCGC-1-27,AML4271,AML,6,1.4345446,-2.3860676
GGGCATCTCACAACGT-1-27,AML4271,AML,5,1.1499174,0.46356806
CATTATCTCGGTGTTA-1-27,AML4271,AML,3,-1.6178848,2.401409
ATTGGACAGGAATGGA-1-27,AML4271,AML,6,2.2579994,0.06673028
TTAACTCAGGTGCTAG-1-27,AML4271,AML,6,2.5922992,-2.0257394
CGCGGTACACTGCCAG-1-27,AML4271,AML,7,-4.0703363,0.6683407
GATCTAGTCACAACGT-1-27,AML4271,AML,5,0.31678128,0.93019146
CGTCCATCAAGCGTAG-1-27,AML4271,AML,14,7.5906544,-3.2496552
TGAGAGGGTGCCTGCA-1-27,AML4271,AML,6,1.9724997,-1.28851
CCAGCGACACCAGGCT-1-27,AML4271,AML,3,-3.0876746,3.8903155
TTTACTGAGGCGCTCT-1-27,AML4271,AML,6,2.34076,-2.9106157
TACTCATCAAGAAGAG-1-27,AML4271,AML,10,9.307022,3.6260104
GCCAAATAGATTACCC-1-27,AML4271,AML,9,5.4354496,-1.0821222
GCGACCAGTTAAGTAG-1-27,AML4271,AML,5,0.26872495,-0.78582126
CTGGTCTCATAGAAAC-1-27,AML4271,AML,9,3.3650274,-0.6799786
TACAGTGCAAACTGTC-1-27,AML4271,AML,9,4.5045094,-1.2252206
TCAGGTAAGCTAGCCC-1-27,AML4271,AML,6,2.5785167,-2.2570589
TCGTAGAAGCCACTAT-1-27,AML4271,AML,3,-1.8839514,3.0794084
GTACTTTGTCTAACGT-1-27,AML4271,AML,1,7.0688295,-1.5033197
CCTTACGAGCCACTAT-1-27,AML4271,AML,14,7.4846835,-4.012936
GTACTCCTCAGTACGT-1-27,AML4271,AML,11,4.238815,-3.846728
CGTGAGCTCAGGATCT-1-27,AML4271,AML,7,-5.3297515,-0.14643559
AAGGCAGGTCAATACC-1-27,AML4271,AML,5,1.2233201,-0.11679068
ATCCACCAGTGTCCCG-1-27,AML4271,AML,0,10.020804,2.378401
CCCAGTTAGTGTGAAT-1-27,AML4271,AML,6,1.6688033,-2.3463943
CCTACACCATGAAGTA-1-27,AML4271,AML,6,0.9118968,-0.96439654
TACCTTAAGGCAGGTT-1-27,AML4271,AML,5,-0.073517576,0.41959018
GGCAATTTCGCATGAT-1-27,AML4271,AML,12,-1.0628953,4.93012
GCGCCAACAGTCTTCC-1-27,AML4271,AML,9,4.967181,-1.0157031
GGACATTCACAGACTT-1-27,AML4271,AML,1,6.9294505,-1.6854154
GGCTCGACAGATGGGT-1-27,AML4271,AML,3,-1.1076833,4.126202
AAAGCAATCTGCTTGC-1-27,AML4271,AML,3,-2.6241226,3.138285
TACCTTAAGGCATGGT-1-27,AML4271,AML,0,10.489975,0.66697055
AGACGTTCAAGTCTAC-1-27,AML4271,AML,6,1.9430352,-3.2724192
GATTCAGAGCGTAGTG-1-27,AML4271,AML,7,-4.586045,-0.31887528
TGACTTTAGATGTGTA-1-27,AML4271,AML,3,-2.723645,3.4184296
CGGACGTCAGTGGAGT-1-27,AML4271,AML,6,2.695693,-0.30923146
TAGAGCTTCCAAATGC-1-27,AML4271,AML,5,0.09267156,0.5873279
TCTTTCCAGCAGCCTC-1-27,AML4271,AML,9,4.367281,1.8567209
TGCCCATGTGTTCTTT-1-27,AML4271,AML,7,-4.7808104,0.7329444
GTACTCCTCACTTACT-1-27,AML4271,AML,6,1.4590676,-0.72280025
TATCAGGGTAAGGGCT-1-27,AML4271,AML,3,-1.1036866,3.2728386
CGTCAGGTCTTACCGC-1-27,AML4271,AML,3,-0.0047729686,1.7168269
GGACATTAGCAGATCG-1-27,AML4271,AML,12,-0.19005898,7.40928
GCGCGATGTCAAACTC-1-27,AML4271,AML,12,-0.07974034,7.394154
GATGCTATCGCCTGTT-1-27,AML4271,AML,6,0.51246125,-2.2301316
ACATACGAGGTGTTAA-1-27,AML4271,AML,12,-0.010841399,7.9111166
CGGACACCATCGGACC-1-27,AML4271,AML,6,2.076807,-1.8999921
TCACGAATCCGTACAA-1-27,AML4271,AML,9,4.9955373,-1.0082228
TCACAAGAGTCCGTAT-1-27,AML4271,AML,3,-0.4877131,3.6938875
GTCGTAAGTCCGTGAC-1-27,AML4271,AML,14,7.2415833,-4.0578575
GACTACATCATGTCCC-1-27,AML4271,AML,3,-0.7681264,2.5775776
TGGCCAGGTCCAACTA-1-27,AML4271,AML,7,-4.522191,1.225201
TCGGTAAGTCTGATTG-1-27,AML4271,AML,7,-5.153195,2.020824
AAGGAGCGTGCACGAA-1-27,AML4271,AML,3,-3.0885239,3.3445368
CGAACATAGCAGCCTC-1-27,AML4271,AML,3,-2.701103,3.8905187
ACACCAAAGGCTAGCA-1-27,AML4271,AML,6,2.6230536,-1.6019388
GCAGCCAGTCTCAACA-1-27,AML4271,AML,1,7.600754,-1.4586116
GACGTTATCCTGCCAT-1-27,AML4271,AML,1,5.08825,-1.2615944
CTGCCTACAGTGGGAT-1-27,AML4271,AML,3,-1.5331026,3.621205
CACACCTAGTGTACTC-1-27,AML4271,AML,6,1.5518444,0.73628896
ACATCAGTCTGGCGAC-1-27,AML4271,AML,6,2.356721,0.74965256
TGACTAGTCTCAACTT-1-27,AML4271,AML,5,-1.6510408,-0.50437635
AAAGATGAGGTGTGGT-1-27,AML4271,AML,6,2.3755343,-2.7012596
AGCTTGACAAGAGTCG-1-27,AML4271,AML,3,-2.1704552,2.749059
CGATGGCAGACTTGAA-1-27,AML4271,AML,6,1.5191565,-3.2336366
AGCGGTCTCCTGTAGA-1-27,AML4271,AML,6,2.1787705,0.049837258
TGAGCCGTCAGAGACG-1-27,AML4271,AML,3,-0.9448409,3.0034447
CGTTGGGTCTGCGACG-1-27,AML4271,AML,7,-4.815911,1.0721955
TTGACTTCAAGCCGTC-1-27,AML4271,AML,0,11.2477255,1.2820054
GTGGGTCCACGACGAA-1-27,AML4271,AML,3,-0.10444421,2.2530084
TGCTACCCACCATCCT-1-27,AML4271,AML,6,1.1826786,-2.0319636
CCTAGCTGTACCGAGA-1-27,AML4271,AML,7,-5.1819363,1.5826676
TGCGGGTCAAGGGTCA-1-27,AML4271,AML,3,-2.8712723,3.5969105
CGTTAGATCACTCTTA-1-27,AML4271,AML,6,1.8624226,-3.4266875
GGTGTTAGTAGAGGAA-1-27,AML4271,AML,0,9.848199,1.8984493
GTCTTCGCAGCATGAG-1-27,AML4271,AML,9,5.3959036,0.43263483
TTCCCAGTCAGCTTAG-1-27,AML4271,AML,0,10.154116,2.500664
AGATTGCAGAGATGAG-1-27,AML4271,AML,7,-6.187119,1.5363716
AAAGCAAGTCACTTCC-1-27,AML4271,AML,3,-1.541111,3.543033
AGCAGCCTCGGAAATA-1-27,AML4271,AML,6,1.1565439,-0.008930482
AGCTTGATCACCGGGT-1-27,AML4271,AML,7,-5.2734866,0.44444898
GAGTCCGTCTGTACGA-1-27,AML4271,AML,5,-1.2025739,1.5317466
CCTAAAGGTGCAACGA-1-27,AML4271,AML,7,-5.5906463,2.0996447
TCAGGTAGTCATATCG-1-27,AML4271,AML,3,-1.9697573,2.859059
AGGCCGTGTCTCATCC-1-27,AML4271,AML,6,2.0341444,-2.0748022
TCGCGTTTCTCACATT-1-27,AML4271,AML,9,-2.5602965,-0.17061949
CCCAGTTTCGACAGCC-1-27,AML4271,AML,3,1.363053,-0.12534992
TACTTACGTCTAGCGC-1-27,AML4271,AML,9,3.6405518,-1.0180714
TTGAACGGTGATAAGT-1-27,AML4271,AML,7,-4.459386,-0.98044556
GCTGCGATCGAACTGT-1-27,AML4271,AML,3,-1.0074794,3.2898343
AGGGAGTGTGTTGGGA-1-27,AML4271,AML,9,4.0248647,-1.2226725
CAGCTGGTCTCGAGTA-1-27,AML4271,AML,12,0.05558278,7.527966
TGGGCGTAGTGCCATT-1-27,AML4271,AML,3,-0.4903471,2.856345
GGCGTGTTCTGGTATG-1-27,AML4271,AML,14,7.5875273,-4.115323
CTACCCAAGCTAACTC-1-27,AML4271,AML,6,2.304683,-1.0778112
TCTGAGAAGGAGCGAG-1-27,AML4271,AML,6,1.5933193,-1.2531598
TCAACGAAGTCCTCCT-1-27,AML4271,AML,7,-5.218271,-0.7650428
TACACGACAGATTGCT-1-27,AML4271,AML,0,10.118644,2.6769395
ACATCAGCACATCCGG-1-27,AML4271,AML,6,1.1859426,-2.807175
CAAGGCCTCTGCTGCT-1-27,AML4271,AML,7,-4.0783744,-1.2142265
ACTGCTCTCAAACCGT-1-27,AML4271,AML,3,-2.5907266,1.3941705
ATCTACTAGAGTAATC-1-27,AML4271,AML,6,1.9347275,-2.9729846
CCGTTCAAGTTTAGGA-1-27,AML4271,AML,9,5.616118,-0.63615435
TAAGTGCTCGCCAGCA-1-27,AML4271,AML,3,0.20860192,2.3848317
ATAAGAGAGAACTCGG-1-27,AML4271,AML,3,-1.4530231,2.7265184
CGAACATAGGAGCGAG-1-27,AML4271,AML,7,-5.3307734,-0.69996655
CGAGCCACAAAGAATC-1-27,AML4271,AML,3,-0.6908632,3.0184026
AGGGAGTCAGGTCCAC-1-27,AML4271,AML,6,2.2976713,-3.008742
ATCCGAATCAGATAAG-1-27,AML4271,AML,12,-0.0052796104,7.624599
CATCAAGAGCAGGCTA-1-27,AML4271,AML,0,10.628583,1.1902015
AACTGGTGTGTTCGAT-1-27,AML4271,AML,11,4.3405676,-4.0980124
CTACGTCCATCCGCGA-1-27,AML4271,AML,3,-1.2361006,1.9809126
CAAGAAATCTGTCTAT-1-27,AML4271,AML,6,1.5846398,-0.5644952
TACACGACAGCTATTG-1-27,AML4271,AML,6,1.2176286,-0.7010944
AGGCCACGTAAGAGAG-1-27,AML4271,AML,3,-0.54753804,0.7867029
TCTCTAAAGATGCCAG-1-27,AML4271,AML,12,0.013049118,7.620106
CGATTGAAGTTACGGG-1-27,AML4271,AML,12,-0.9374079,5.89711
ATCCACCAGGTGCTTT-1-27,AML4271,AML,0,10.333391,1.9748303
GTAACTGAGATGTCGG-1-27,AML4271,AML,6,2.0901842,-3.1979153
AGTGAGGTCAGTTCGA-1-27,AML4271,AML,6,0.7564976,0.28849202
CATTATCCAGCGTTCG-1-27,AML4271,AML,8,-1.3139038,1.3897738
AGCTTGAAGCGTGTCC-1-27,AML4271,AML,6,1.5047691,-2.1677923
CCTACACTCCGTAGGC-1-27,AML4271,AML,6,0.57528585,-1.0902652
CAAGAAACATTTGCCC-1-27,AML4271,AML,7,-5.1533027,2.098491
CCTCAGTCACATTTCT-1-27,AML4271,AML,7,-5.5192432,1.8199502
ACCAGTAAGCCGCCTA-1-27,AML4271,AML,3,-0.86344576,2.4879987
ATTTCTGGTACAAGTA-1-27,AML4271,AML,3,-1.2933031,3.563807
GCTGCTTTCGTGGGAA-1-27,AML4271,AML,9,4.3249946,-1.4581898
TGTCCCAAGTAGCGGT-1-27,AML4271,AML,9,3.8543048,-0.56379765
CCTCTGAGTCAAGCGA-1-27,AML4271,AML,5,-0.4344179,2.2135868
AGAGCTTCAACTTGAC-1-27,AML4271,AML,6,2.7445912,-1.85032
TATCTCAAGAATGTGT-1-27,AML4271,AML,6,2.0250921,-1.2109507
TGATTTCTCTTGTACT-1-27,AML4271,AML,7,-4.1753845,-1.4134954
CAGAATCAGCTAAGAT-1-27,AML4271,AML,12,-0.44314992,6.566261
AGGTCCGGTCATGCCG-1-27,AML4271,AML,7,-5.5043573,1.7160926
ACGCAGCAGAAACCAT-1-27,AML4271,AML,3,-0.6499838,2.9251068
GAATAAGAGTCAAGCG-1-27,AML4271,AML,6,0.7931984,1.1423708
AGTAGTCCACGAAAGC-1-27,AML4271,AML,7,-6.0589128,-0.7266153
CTAGTGACACACGCTG-1-27,AML4271,AML,6,1.8291247,-2.7913706
CGTCAGGTCGTAGATC-1-27,AML4271,AML,6,1.9558569,-3.2262278
TACCTATAGAGGACGG-1-27,AML4271,AML,1,5.8231745,-1.4665239
TAAGCGTCAATAGCAA-1-27,AML4271,AML,6,0.79937774,-1.6139169
AAAGCAACAGGTGCCT-1-27,AML4271,AML,9,5.4389935,-0.17615353
CAACCAAGTCTTTCAT-1-27,AML4271,AML,7,-5.858621,1.0248953
GAACCTAGTATGAAAC-1-27,AML4271,AML,7,-5.558592,2.5017552
ACGATACTCGCCAAAT-1-27,AML4271,AML,6,2.0534182,-1.7221738
CTCGGGAGTTCAGCGC-1-27,AML4271,AML,7,-4.124072,1.7599466
GAACCTAGTCCCTACT-1-27,AML4271,AML,1,7.4377494,-1.2894368
GATGAAAGTCAGGACA-1-27,AML4271,AML,6,1.612442,-3.212333
GGAGCAAAGGACCACA-1-27,AML4271,AML,6,2.9438252,-2.0297916
CTACACCGTTGTGGAG-1-27,AML4271,AML,5,0.39154106,1.0980135
GCAATCAGTACCATCA-1-27,AML4271,AML,10,7.944963,2.551135
TACGGATCAAGCCTAT-1-27,AML4271,AML,6,3.1458805,-1.8657326
TGGTTAGGTTCAGGCC-1-27,AML4271,AML,5,-0.330567,2.354651
AGTGAGGAGGGTGTGT-1-27,AML4271,AML,9,4.7461944,-0.25866687
CTACATTCAGGCGATA-1-27,AML4271,AML,6,1.5853531,-3.3224902
CCTACACAGTCAAGGC-1-27,AML4271,AML,7,-4.3917446,2.9435148
CCTCTGAAGCAGCGTA-1-27,AML4271,AML,14,7.345538,-3.9821937
CGAATGTAGATGCCAG-1-27,AML4271,AML,5,-0.70985174,1.7119839
GCACATACACGTCTCT-1-27,AML4271,AML,6,1.5195068,-3.3620815
GGAATAAGTAAAGTCA-1-27,AML4271,AML,6,1.7646339,-2.8525858
TTTACTGCAGATGAGC-1-27,AML4271,AML,0,10.479432,2.4955146
GTACGTATCAACACAC-1-27,AML4271,AML,8,-1.7067263,1.3426423
TGTATTCAGGAGTAGA-1-27,AML4271,AML,3,0.10499799,1.9647757
CGGGTCAAGCTGAACG-1-27,AML4271,AML,12,-0.02222853,7.6138883
GGAGCAACACAGTCGC-1-27,AML4271,AML,8,-2.8072135,1.6317961
GGACGTCGTTCAACCA-1-27,AML4271,AML,6,2.573822,-1.5954726
GACGGCTAGAAACGAG-1-27,AML4271,AML,6,2.1155882,0.029449236
ACCCACTAGCTTCGCG-1-27,AML4271,AML,6,1.5231425,-2.3404188
AGATTGCGTGTGAATA-1-27,AML4271,AML,1,5.771244,-1.489337
CGTAGCGGTTAAAGTG-1-27,AML4271,AML,6,1.7969152,-3.1470044
ACACCGGCATTCCTGC-1-27,AML4271,AML,6,2.4939978,-2.5614278
GAAACTCGTCTGCAAT-1-27,AML4271,AML,6,2.091419,-2.6250157
ACGATGTTCAAAGTAG-1-27,AML4271,AML,6,1.9570764,-0.6936973
TCACAAGCAAGCTGAG-1-27,AML4271,AML,12,-0.45685437,6.6225495
CTCGGAGAGCGGCTTC-1-27,AML4271,AML,14,7.761415,-3.9306033
AGATCTGGTCCGTGAC-1-27,AML4271,AML,6,1.5139151,-1.7942042
TGGACGCTCGCGTAGC-1-27,AML4271,AML,5,-0.006232835,1.0248746
GATGAGGCACAGACAG-1-27,AML4271,AML,14,7.559623,-3.937614
GCAATCAAGACAAAGG-1-27,AML4271,AML,14,6.621353,-3.7417748
CATCCACAGCTCCCAG-1-27,AML4271,AML,8,-2.2850282,0.58484226
GACCTGGAGTTAGCGG-1-27,AML4271,AML,11,4.3230023,-2.8724086
CCGGGATGTTCTGAAC-1-27,AML4271,AML,7,-5.8679156,1.8298558
ACTGTCCCATGTCCTC-1-27,AML4271,AML,7,-5.8591146,1.6149873
TCAGCAAGTGTCCTCT-1-27,AML4271,AML,3,-1.1777157,3.4865549
TACACGACAGGACCCT-1-27,AML4271,AML,14,7.5557218,-4.1533194
TTGACTTAGAAGCCCA-1-27,AML4271,AML,13,0.87625176,4.5698223
CTAACTTGTCTCTCTG-1-27,AML4271,AML,3,-0.086582795,2.512459
ATCCGAAGTAAGTTCC-1-27,AML4271,AML,3,-0.81824553,3.3308883
TACTTGTGTGTAACGG-1-27,AML4271,AML,14,6.5877194,-3.8328545
GATCAGTAGCCAACAG-1-27,AML4271,AML,9,5.1695814,-1.2192101
TGGCCAGCAGTCCTTC-1-27,AML4271,AML,6,0.8755728,-0.0968124
TCAATCTAGACTACAA-1-27,AML4271,AML,6,1.6350833,-3.3093126
TTGGCAATCCGCAAGC-1-27,AML4271,AML,6,0.15139498,-0.15244912
TCGGGACCAATGACCT-1-27,AML4271,AML,0,10.493379,2.2758906
TATCAGGCACAGCGTC-1-27,AML4271,AML,9,5.4442263,-0.94573855
TAGTTGGGTGATGTCT-1-27,AML4271,AML,1,7.8206544,-1.3974061
GGAAAGCCACAACGTT-1-27,AML4271,AML,9,3.7248187,-0.9365108
ACATGGTTCTCACATT-1-27,AML4271,AML,12,0.0061405227,8.162276
GTACGTACAGCGTAAG-1-27,AML4271,AML,7,-4.9188623,1.428082
TTCTACAAGCGGCTTC-1-27,AML4271,AML,6,2.438435,0.28000498
TTAGGACGTCTCACCT-1-27,AML4271,AML,6,1.9039276,-0.6672754
CTCGGAGGTTCGTTGA-1-27,AML4271,AML,3,-2.1021264,1.6523633
GTTCATTCACACATGT-1-27,AML4271,AML,6,3.8254275,-1.4455441
ATCATGGAGCTAGCCC-1-28,AML4304,AML,13,2.2740767,5.4257126
ACACCAAGTCATATGC-1-28,AML4304,AML,6,1.3661112,-1.6941111
CGTCCATAGCAGACTG-1-28,AML4304,AML,6,1.2263895,-3.0637228
TCTGGAAAGAGGACGG-1-28,AML4304,AML,9,4.056774,-1.0432694
TTAGGACAGTACTTGC-1-28,AML4304,AML,6,1.7446119,-3.389261
CGTTCTGCACAGGTTT-1-28,AML4304,AML,1,9.647047,0.029194541
CGACCTTGTGTCAATC-1-28,AML4304,AML,9,4.9931297,-0.53225625
GCTTGAATCCTGCTTG-1-28,AML4304,AML,13,2.5133183,5.3068094
GTAGGCCGTACACCGC-1-28,AML4304,AML,1,9.620239,1.231405
GCATGATTCTATCCCG-1-28,AML4304,AML,13,2.2022655,5.32447
CAACCAAGTTCCCTTG-1-28,AML4304,AML,1,10.2592535,-0.22685371
GTTCATTTCATCATTC-1-28,AML4304,AML,9,5.5683284,-1.0906101
CGCCAAGAGCTGCGAA-1-28,AML4304,AML,0,12.341175,2.1167243
GATCGATGTTCCACAA-1-28,AML4304,AML,13,2.390756,5.365499
AGGGAGTTCACTTCAT-1-28,AML4304,AML,1,9.6617565,-0.013324023
CTTACCGGTCATTAGC-1-28,AML4304,AML,1,9.683377,-0.10170399
CACATTTCAGTATCTG-1-28,AML4304,AML,13,1.9364605,5.4582033
TACGGTAGTCAACATC-1-28,AML4304,AML,1,9.546482,-0.407159
GCTCTGTAGACTACAA-1-28,AML4304,AML,1,8.282012,1.291137
ATTCTACAGTAGGCCA-1-28,AML4304,AML,1,5.1951885,-1.5091306
TTTGGTTTCTGATTCT-1-28,AML4304,AML,9,5.861865,-0.95583516
TTATGCTTCGAGCCCA-1-28,AML4304,AML,13,2.4800541,5.3244205
CTGCCTAAGCAAATCA-1-28,AML4304,AML,13,2.1420257,5.465306
GTCGTAATCTTGTATC-1-28,AML4304,AML,6,1.7758691,-1.2885268
TCTGAGAGTCCTAGCG-1-28,AML4304,AML,13,2.4109077,5.4058385
TACTCATTCTCCAACC-1-28,AML4304,AML,9,6.025303,-0.6441515
ACACCAATCAACGGGA-1-28,AML4304,AML,9,5.264923,0.3306023
CACCACTCACCGGAAA-1-28,AML4304,AML,9,1.919256,1.9567581
TTAGGCACATTGAGCT-1-28,AML4304,AML,6,1.6042864,-3.3655474
ATCATCTAGTACGCCC-1-28,AML4304,AML,6,1.4513197,-3.4188843
GTGAAGGAGGAGTCTG-1-28,AML4304,AML,6,1.4193227,-2.217617
AAGGTTCCACGGACAA-1-28,AML4304,AML,1,9.511619,0.091017686
TATCAGGAGCTGTTCA-1-28,AML4304,AML,6,1.5468773,-3.520878
CACTCCAGTTGGTTTG-1-28,AML4304,AML,13,2.305444,5.4161406
TGCTACCAGTGCGATG-1-28,AML4304,AML,1,9.761431,0.3686992
TCGTACCTCTAACCGA-1-28,AML4304,AML,0,10.021498,1.1530159
CGCCAAGGTAAAGTCA-1-28,AML4304,AML,13,1.9512445,5.212456
CACACAAAGTGGACGT-1-28,AML4304,AML,1,9.512375,-0.2089534
CAGCTAAGTCTAGAGG-1-28,AML4304,AML,1,9.82598,0.104715504
TGCTGCTGTAATAGCA-1-28,AML4304,AML,1,9.301886,0.5079465
GAATAAGGTTAAGGGC-1-28,AML4304,AML,5,0.6665476,1.939776
CTTGGCTAGTTAGCGG-1-28,AML4304,AML,1,7.304209,-1.4297072
GTCTTCGAGTGTGGCA-1-28,AML4304,AML,13,2.2615664,5.385477
CTGTGCTCAGTCCTTC-1-28,AML4304,AML,1,9.558819,0.30803782
ACACCCTGTAGCTAAA-1-28,AML4304,AML,1,6.547401,-0.6406286
CATGACACACGAGGTA-1-28,AML4304,AML,10,8.240123,2.432047
CGATGTATCATATCGG-1-28,AML4304,AML,1,9.40282,-0.13090383
ACGATACCAATCAGAA-1-28,AML4304,AML,0,10.387825,2.4747026
TGAGAGGTCACAATGC-1-28,AML4304,AML,6,1.5093052,-3.3714612
GATCGTAGTCGAATCT-1-28,AML4304,AML,10,9.045702,2.5300088
CATCCACTCTCGCATC-1-28,AML4304,AML,1,10.001944,0.24484678
ATCATGGGTTAGAACA-1-28,AML4304,AML,1,9.812119,-0.09449609
ACGGCCACAGGCTGAA-1-28,AML4304,AML,1,10.3152895,-0.1696076
TCGGTAATCTCTAGGA-1-28,AML4304,AML,1,9.352207,0.16517404
GTTCATTAGTAAGTAC-1-28,AML4304,AML,6,1.5647389,-3.4038694
CTGAAACTCAACACAC-1-28,AML4304,AML,13,1.277169,4.888871
AGTGAGGGTTTGCATG-1-28,AML4304,AML,13,2.3372436,5.4057474
ACAGCTATCCGTTGCT-1-28,AML4304,AML,13,2.3648396,5.3009577
CATTCGCCACTAAGTC-1-28,AML4304,AML,13,2.305606,5.4744115
CTCTAATAGACTCGGA-1-28,AML4304,AML,6,1.5338862,-1.0917872
AGCAGCCGTGCCTTGG-1-28,AML4304,AML,1,9.423301,-0.028035093
CCTCAGTCAGGAACGT-1-28,AML4304,AML,13,2.224284,5.6150484
TGTTCCGCAAAGGTGC-1-28,AML4304,AML,1,9.444799,-0.03812031
CGAGAAGTCAGCGATT-1-28,AML4304,AML,13,2.3841443,5.293169
ATAAGAGAGGCGCTCT-1-28,AML4304,AML,1,9.420399,0.56951725
GGGTCTGCATCAGTAC-1-28,AML4304,AML,9,5.236446,-0.79259396
AACTGGTTCCAGTATG-1-28,AML4304,AML,1,9.688206,-0.07656207
TATGCCCTCGCTGATA-1-28,AML4304,AML,1,7.550722,-1.220889
GCATACACACCAGCAC-1-28,AML4304,AML,13,2.2265177,5.5040298
CGACTTCTCGACGGAA-1-28,AML4304,AML,6,0.92641586,0.41766292
CCGTTCACACTTGGAT-1-28,AML4304,AML,9,5.633653,-0.19691779
CATCAGAAGCTGTCTA-1-28,AML4304,AML,9,5.149016,0.11774942
CGGAGCTGTTGGAGGT-1-28,AML4304,AML,13,2.283506,5.2999754
GATGAGGCACGTGAGA-1-28,AML4304,AML,13,2.35827,5.353192
CTTACCGAGATCCCAT-1-28,AML4304,AML,6,1.5289723,-0.9497483
CATCCACTCAGTTGAC-1-28,AML4304,AML,9,5.4037104,1.2027534
GTGAAGGGTTGAGGTG-1-28,AML4304,AML,0,9.972736,0.90963304
TCAGGATGTTCGAATC-1-28,AML4304,AML,1,8.0255,-1.6414741
GGTGTTAAGTCTCCTC-1-28,AML4304,AML,12,0.6386661,3.2344847
ATCTGCCTCAGCATGT-1-28,AML4304,AML,10,8.732719,2.885721
GTACGTAAGACTCGGA-1-28,AML4304,AML,13,2.5733306,5.3796353
CATCAGACACCCATGG-1-28,AML4304,AML,9,5.0267415,-0.6143416
TTCTTAGAGTTGTCGT-1-28,AML4304,AML,6,1.3983124,-2.8879848
GTCACGGTCGCCTGTT-1-28,AML4304,AML,9,6.2883134,-0.1446116
ACGTCAAGTGATAAAC-1-28,AML4304,AML,2,6.988271,3.8377142
TCAGGATAGAAGCCCA-1-28,AML4304,AML,3,-0.1896062,3.0553975
GTACTCCGTCTTCGTC-1-28,AML4304,AML,1,9.639786,0.39033493
GCGCAACGTTGCCTCT-1-28,AML4304,AML,9,6.055669,0.356139
TTCGGTCGTGTGTGCC-1-28,AML4304,AML,0,9.921497,1.7398186
GTGAAGGCACAGTCGC-1-28,AML4304,AML,1,9.722774,-0.1221268
GAGGTGAGTTTGTGTG-1-28,AML4304,AML,6,1.711052,-3.437431
CGGAGCTTCACAGGCC-1-28,AML4304,AML,13,2.1936352,5.41514
CAAGGCCTCAGCAACT-1-28,AML4304,AML,9,5.3202496,-0.8837714
CCGGTAGCACGGCTAC-1-28,AML4304,AML,13,2.541206,5.266206
CGTCACTCAATCGAAA-1-28,AML4304,AML,13,2.344287,5.4158926
CTCGTCAGTCGCGTGT-1-28,AML4304,AML,13,1.8100207,5.2178316
CTAATGGGTCTAGCCG-1-28,AML4304,AML,13,3.6895897,-0.8955738
CTCAGAATCTATCCTA-1-28,AML4304,AML,13,2.5681808,5.323296
CCTCTGATCGAACTGT-1-28,AML4304,AML,10,8.742703,2.0854921
AACCATGGTATAGTAG-1-28,AML4304,AML,9,1.3865376,1.5762424
CCAGCGACAAGAGTCG-1-28,AML4304,AML,6,1.9230664,-2.445741
CCGGGATGTGTTAAGA-1-28,AML4304,AML,3,0.53090775,2.643557
GACACGCAGAGCTGCA-1-28,AML4304,AML,0,12.214143,2.204236
AGCGTATCAAAGCAAT-1-28,AML4304,AML,1,9.4881,-0.12541492
TGGTTAGCAACACGCC-1-28,AML4304,AML,1,9.705885,-0.022785382
ACTATCTAGAAGGTGA-1-29,AML4363,AML,9,5.405802,-1.5140358
TGGTTCCGTAAGGGAA-1-29,AML4363,AML,9,2.480739,1.6946778
GATCAGTCAGCTCCGA-1-29,AML4363,AML,12,0.09144714,6.9575877
AAACGGGTCCATGCTC-1-29,AML4363,AML,6,0.60022306,-2.47246
CAGCTGGTCCTAGTGA-1-29,AML4363,AML,12,-0.8026863,5.376071
TGCACCTTCCATGCTC-1-29,AML4363,AML,3,-1.4832722,2.7691703
TTCCCAGGTGCGAAAC-1-29,AML4363,AML,6,0.8953186,-0.080200925
ACGCCGATCCCTCAGT-1-29,AML4363,AML,3,-0.7510289,1.1377083
CGTTGGGAGTAGGCCA-1-29,AML4363,AML,9,5.161292,-1.4123484
AAGACCTAGCCTATGT-1-29,AML4363,AML,14,7.436417,-3.6783714
CGCTTCACAGGGAGAG-1-29,AML4363,AML,12,-0.22628322,6.0774384
GATGCTATCGTCTGAA-1-29,AML4363,AML,1,9.675574,1.0826305
TATGCCCGTTTGACTG-1-29,AML4363,AML,12,0.01516769,7.021526
CCGGGATTCGGTCTAA-1-29,AML4363,AML,0,9.863172,1.3578553
CACAGGCGTTCGTTGA-1-29,AML4363,AML,12,3.312283,7.0750055
GCGAGAATCGAATGGG-1-29,AML4363,AML,1,9.8212185,0.94417596
GTCCTCAGTTTGTGTG-1-29,AML4363,AML,3,-0.1773643,1.5457358
ATTTCTGGTGAGGCTA-1-29,AML4363,AML,12,-0.6124168,5.4391117
AAACGGGAGTTCGATC-1-29,AML4363,AML,1,7.8977003,0.26102784
GCGCAGTAGGGAAACA-1-29,AML4363,AML,2,6.2548447,3.3742533
TGTGGTATCCAGAAGG-1-29,AML4363,AML,7,-6.195426,1.4602314
TGCTGCTAGATCACGG-1-29,AML4363,AML,6,0.9836798,-1.5216986
TAGGCATGTCTTGCGG-1-29,AML4363,AML,12,-0.681862,5.9009404
GCGCAGTGTACAGCAG-1-29,AML4363,AML,1,9.220085,0.42618403
CAGCGACAGCGTGAGT-1-29,AML4363,AML,11,4.4013634,-2.4764576
ACTATCTTCACATAGC-1-29,AML4363,AML,3,-3.3491273,3.2281504
TAGGCATTCTAACCGA-1-29,AML4363,AML,1,6.062002,-0.9681536
ACTTTCAGTACATGTC-1-29,AML4363,AML,1,6.4498267,-0.73338926
TGACTAGAGAAGGTTT-1-29,AML4363,AML,7,-5.5391297,1.8051817
CACTCCACAAGCCGCT-1-29,AML4363,AML,3,-2.4265468,3.6604874
TGCGGGTAGAGAGCTC-1-29,AML4363,AML,9,4.473759,-0.94020844
AATCGGTGTAGAAGGA-1-29,AML4363,AML,1,9.689518,0.51762456
TGAGGGAAGACAGGCT-1-29,AML4363,AML,1,9.219224,1.183817
AGTGGGACACAAGTAA-1-29,AML4363,AML,9,5.130367,0.4313364
CACAGGCCACTGTTAG-1-29,AML4363,AML,1,7.746905,0.658959
CATTATCAGAGTACAT-1-29,AML4363,AML,1,9.866849,0.42339537
CGGGTCAAGGCGACAT-1-29,AML4363,AML,11,5.097815,-2.1297762
GGTGAAGTCGTACCGG-1-29,AML4363,AML,3,-1.7652104,2.7317977
TGACTTTCAGGGTATG-1-29,AML4363,AML,12,0.086833656,7.0686216
TCTGGAAGTACTTAGC-1-29,AML4363,AML,14,6.1813707,-3.3616862
ACGGGTCCAGTTCCCT-1-29,AML4363,AML,1,9.731939,0.48388672
CCTCTGAAGTCGTACT-1-29,AML4363,AML,14,6.8549213,-3.7088323
TCTTTCCAGCTTCGCG-1-29,AML4363,AML,1,9.83781,0.5062765
CATTATCAGAAGATTC-1-29,AML4363,AML,14,6.536284,-3.5697541
